0.860184546897495,1.80387278724577,-0.617208241173338,-0.545851663410268,1.23884757328217,-1.03814132029158,1.21268988476777,0.654652940931621,0.26156555786573,-0.343087533267878
1.54724836675627,-1.31102363977815,-0.536672920762557,-0.894920033631241,0.381563637748673,-1.72290761392675,0.168632164012434,1.46887520779134,0.289118892758888,-0.908458921507268
0.160692450353685,-0.305141096942389,-1.99026535912143,-0.00747644011826843,-1.40805628278031,-0.327901055767283,0.216325762634107,0.400627551095472,-0.428122197879432,-0.207725284045833
0.0331049433832379,0.680179649590858,-0.143103752555638,0.351751846583967,2.90264177356928,1.19299414852113,-0.0507600436520787,-0.796757687509073,-0.70786406354955,1.47151684011892
-2.4910400259886,0.551561055888478,-0.15015568229988,0.0755594826407812,-0.524167052356077,-0.620854563165983,-0.525752739017675,0.387364216028417,2.06498086370911,1.03156669132415
-0.436493858292697,-1.02476471686956,-0.880499041507733,1.36601468029855,-0.534673869463274,0.562914009970868,0.840659040382038,0.937300977356714,0.721943311461866,0.110343373668716
0.695939947867633,-1.00500872884518,-1.54396840715966,0.838441053668814,-0.641982313843047,-0.405507047695229,0.984650132379299,-0.639453352609875,-0.475515077401039,0.90362466887101
2.48110791794659,-1.02728783609644,-0.12974155566744,0.607189304823448,-0.610372548361078,-1.44489797091197,0.389835922489208,0.42097187550319,0.0662599877729301,1.13108184146342
-1.48675475953354,-0.865072254851496,1.18365355705969,-0.389991541947449,1.25359936165264,0.66612446186814,-0.247717926309128,1.0984939118181,-0.512608964228516,0.638275279371082
-0.820187721592214,-1.78406958283933,-0.556337036521685,0.43288036137367,0.0627833805119733,0.03945887559067,-2.02528797860268,-0.669034046436698,0.0920047593254982,-0.964617083729369
-2.03896614434181,0.951477599081528,0.309278701599386,0.208376377636517,1.11872399036892,-0.117117904754889,-0.84438983661478,0.793370528907386,-0.735256454030986,-1.26152715278472
-1.84053998253131,0.572114034716613,0.178951026959046,0.957085651444128,0.993020761607258,-0.493730225929421,0.105220614802127,0.631918850107228,-0.124234961418145,0.427231720459062
-1.84424728755634,2.36096261871207,1.84834240514935,-0.284011184594985,2.1682366836218,-0.684607497068014,0.275958866442928,-0.399835581819933,-0.00210760434718193,0.274079983035528
-2.25254561019468,0.149956900378799,1.04304643465773,-0.00489109012912011,0.777433529775086,-0.907485440278286,0.604578030098541,-0.287450895666298,2.60812654796269,-1.64061226568836
1.17263331760073,0.639461725256931,0.304119971926332,-1.61673707333684,0.37544768453698,-0.568190400996402,1.19107059542257,0.0352516908236899,-0.256377149990667,0.508211248926386
0.214622443156368,-0.718447058885427,-1.76683744400196,0.123789210802939,0.242493494807982,-1.77580657503877,2.12745971935914,-0.708108757192893,0.780270832505028,1.85141075713015
-0.507927911657431,0.885777344504581,0.333916117532004,-1.41519075457809,0.191383983961014,0.372360967554326,-0.656266806933936,-0.0126118175793498,-1.3050597525576,-1.18237220236983
0.807193647461544,-1.84617226671311,-0.653055383546763,1.29982442130353,1.60799932307774,-1.04020154448375,1.20055866771096,-0.24792289206118,-0.0239143443323362,-0.478618382832415
0.273184024380574,0.897989236877912,-0.33069941075941,-0.259883523212502,-1.1869454256599,1.08007259489768,-1.35176718996903,-0.348860028182227,-0.219753007895967,-1.00991385047932
-1.63785924546425,0.832932138802913,0.542268475427493,-0.206258809174589,0.0256804304444983,-1.31263152852478,-1.03562948834193,-0.641824614707415,-0.507712227314719,-1.40253335196296
-0.253526879031731,1.05425603718757,-0.735622780354532,0.78026236215556,0.81774334368807,-1.13309002950174,0.354232382876701,1.43169911439891,1.41725972963769,-0.535658213752232
-0.567014752177672,1.46035339073375,-1.64087161076563,-0.780521769300071,0.138342861518431,-0.87651498351345,-0.17385035090165,-1.10415174088396,0.11893356378186,0.192848127226371
0.715842051626477,0.826812198052822,-0.6442047617664,1.06637841003403,-0.280537789925203,-0.22112555451981,0.0840849304857134,-1.87029242292519,1.52233181606143,-0.0707136136850275
0.0877264696179379,0.737116737271192,0.210464676413886,1.25562273075075,0.479836479459083,-1.86201136078002,-0.338789275811006,-1.39147338253933,-1.69684886242914,0.573826778622891
1.59803405816153,-1.10971579789784,-0.215297325869875,2.35415155165104,-1.03613343068989,-1.35166774677622,0.0135833783245109,-1.07667398012341,-1.7914488558859,1.61942510709169
0.751827940273912,0.21124939600511,-1.01186837770814,0.737704877759359,0.711011104662367,-0.11107662230051,1.74778154334637,-0.284374932087054,-0.556515066981195,0.868905467808093
0.224210502891277,0.0609657464717308,-0.480154364928484,0.943588617774249,0.42755044862198,0.874637380269058,-0.88806481549314,1.17860079343276,0.960597132387909,-0.039031401976615
-0.604962391445534,2.0943989193599,0.198130732489621,0.439116113166882,-1.34084745024211,0.856336456752981,1.29943999664423,0.443620259442711,0.865384113139996,-0.316950300706255
0.444696550375303,0.633530922654245,0.342617249376079,-1.91647142391498,0.416462182124146,1.58805428764617,0.65260157640937,0.294073128083449,0.267319224096695,0.282014490669226
-0.0663797332168368,1.53222443837053,-2.44965453561878,-1.24045084544671,-0.569843451667791,-1.33492510686911,0.943002547828583,1.30906682611328,-0.486729355386442,-0.952493802780103
0.543702129899554,0.336230119314016,0.979585139146981,-0.242129661202334,-0.40738262376672,0.844081162861077,-0.281915811677912,-1.09807881348203,0.767384968862878,0.551818587154233
0.704915400289408,0.313237381447365,-0.49387416238721,-0.242845136549319,-0.379042421466636,-1.30001353457976,0.954669313969256,-0.471120000435466,-0.285692604601891,1.38384989930442
-0.0632498918672061,0.509921098369265,-0.081176639424966,-0.753432264508528,0.016168287682398,-0.656831149638909,-0.109243389471275,0.53184152834462,0.00780731051402225,1.53600114829452
1.64053955789011,-1.63083284346832,0.0420327871357992,0.920181390528644,-0.31350937887959,-1.98452260322307,-2.54144707718946,-0.603491339613378,-1.34911179988954,1.30871339270134
-0.60889010940294,1.68474077396662,0.171934124732842,0.235133471919973,0.715236050734557,1.17046353495419,-0.0715309414166581,-0.213818865210422,1.974295541565,-0.59312977143569
-2.34600584484437,0.443222450663421,2.38434082148492,2.04635184310246,0.0747791393912573,2.16907279231849,-1.19018570755077,-1.04312378293175,-1.30000341617654,-1.46031123140416
-1.1361701253079,0.156366447974277,-1.37481406920617,0.679973430615517,1.18164278192231,-0.767902390518607,-0.915071254210514,-0.652585868753085,-0.0938414793652628,1.41034003531628
-0.584455150691819,1.56538439587435,-1.1008910620096,0.0352456192366096,0.779375975209287,-0.585552519887966,0.80477432048671,-0.568789998119657,0.241934780652196,-2.31335018383397
0.463560918587078,0.0909693909961664,0.0606399082153826,1.50513057065935,-1.43628186278061,0.302079136853738,0.958403460890307,0.23917811261883,0.570155314497387,-0.296948608465292
-1.53572083903404,-0.512789528457504,2.17167544605722,0.341817554210418,1.98343226237497,0.574691087243787,0.779170834574169,-1.0934380363134,-0.381148791474816,0.0154006212776911
-0.00758044878785263,0.823272904535184,1.47397858387456,0.72942685864587,0.758601320728769,-0.458509920236413,-0.165491010378783,2.03748086735385,-0.0817926385761935,0.314037605009509
-0.166671407881405,1.9515025595127,-0.116520809934172,-0.988831909135887,-0.646415656837462,0.558292387374583,0.924760566656581,2.02359202715338,-1.15581260637769,-0.374779855997252
-0.554142514263346,1.10073343997177,-0.837995957925933,0.115171738539712,0.33511845649796,0.333831832865179,0.21853117998146,2.00473459697868,-1.26282582266307,0.130626187031424
-1.02189578678728,-1.2577581870449,-0.219018689491791,0.649236013753486,-0.184276297510962,-0.538614507795423,0.205667745630495,0.638242320018915,1.77236419491735,0.982818008267456
0.951036595461396,-0.187661871409026,-0.524550161832597,1.53562932803455,-1.19493433616356,-0.930904553313616,0.939854144947066,1.58817866599862,-0.955552543538714,-0.715518857940327
0.854785767196798,1.07660002539948,-1.10701312150214,1.35503390497201,-0.317170333497127,-0.557107449126214,0.169579569056114,1.15139564066859,1.94360908988664,-2.45405737320286
1.28705463730318,-0.278957275361681,-0.388325804256684,-0.0558630495434889,1.0137424114933,-0.635343508787132,2.45787787742859,0.108299957300445,1.68220299280907,0.0782617117183101
0.250615207523196,-0.373075803980037,1.25575984407438,-0.74031126519024,-1.92339339028242,-0.179126724964323,0.475558258042363,-0.400166672594298,0.895594377686145,0.789570792423463
1.29570294352241,-0.986707682798025,0.869433009345226,0.79163436685182,1.45997444664459,0.225498255900803,-0.665000078398798,-0.956710788450739,-0.103021769327451,-0.475993918714418
-0.0903672084009177,0.47167547761607,-0.821992066213818,3.20829903877933,0.311549092534346,1.32286319628868,3.12795581374606,3.36233110277313,-1.05793113613542,-0.967646076778868
1.41868727122628,-0.691073484100487,-1.05018653126121,0.36372881514243,-1.08620710537376,-0.76587823688674,-1.25543324136608,-0.941804000812918,0.0207964275347713,2.24134453751699
1.23154214990112,0.269399006810681,0.985359506459125,0.648280729027545,-0.866208345003013,0.907440976192116,-0.0254635078024379,-1.07035265951523,0.652135341879695,0.331438177969975
-0.39661828171093,0.170196164798333,-0.575657895061674,0.657541394713068,-0.832246369374333,0.202565726760024,1.84748945050277,0.39065262800917,1.5874722222188,1.14029099752287
0.0841042929507555,0.11304811530209,-2.05551641060491,0.249090373062396,-0.252353013441376,-0.265284323204046,0.215899182710681,0.318819100841805,-0.11696517709081,-0.113868640829967
1.02376916526914,0.527714111123808,1.52108048922345,0.454603722054124,-1.25373008212035,-0.0922580870571503,-0.301135840499381,-0.14239449325154,0.563986170740655,-0.342221192430712
0.00441584867655131,0.357452658472312,-1.02231878208738,0.615466003302676,-0.70178729773299,0.728022656165092,0.255365848979454,0.345648192669314,-0.943802436587889,-0.00372571156016715
0.0938471179716223,-0.758020432311919,-0.110011204422706,0.606166710043224,-1.10800273252231,0.992826622730199,2.27012674591306,0.179619711826044,-0.155417590430283,0.0248428876292254
-0.45177702568775,-0.249615654103764,0.4756169880485,0.471983825700522,1.41481545345411,0.611451111816558,-1.74268419797984,-0.820236833748748,-0.750551223666566,-0.505772418035523
0.233580188098696,-1.36852994305854,0.217916849664712,-0.246079118197521,-1.16463639100858,-0.760575710036927,0.73601634372852,0.0017424080741352,-0.833637413851005,0.327367824905222
-0.617943516704144,0.381268654556171,-0.204612650383898,0.950976983860533,0.326473371047613,2.00791298634566,0.896561430720087,-2.63886151998362,1.07981564692545,-0.685909724410257
-1.56008596354063,1.1190846105311,-0.0531708493547966,-0.685873793024231,-1.13236472457028,-0.734844039896111,0.454734464080534,2.5024040374298,0.259917459267536,0.397047504317525
0.497838426194133,0.370923708178991,0.0207031879819176,0.788523556798684,-0.343204677150088,1.50764800573777,-1.81502535038574,-0.423929917713368,0.280938016533339,-0.768458479452163
-0.95930098969765,-1.50780512139182,-0.585675668652324,-0.931680511381824,-2.72539102147651,-0.768134536796862,-0.510252977035067,-0.0212228875500272,-0.965765390870444,1.38191849109711
-0.0718159960413199,0.336021539467173,0.707416869081472,2.19850046317426,0.97971790620919,-0.0393777014735904,-1.67882805086222,-1.5481575928126,1.48739420172357,0.188936326813851
0.311423353946123,-0.18382463315171,1.2511270304614,-0.894933599292162,0.868310378011995,0.365125472859992,0.546464774605349,0.349953532661333,0.166097220281725,0.437682897761308
0.305435523860415,-2.56642236212144,0.104500629566745,1.15096171695442,0.176895986344524,0.6312888830382,1.07535402667383,1.3574895000448,-0.386011927978911,-0.164831700873317
0.586681771692071,0.449955584862275,-0.23899071470579,-1.22819021610428,-1.0594463174283,-0.477165936355632,-0.667355198625943,0.111092138780738,-0.0609309009278479,2.51341254382003
-1.29354570290325,0.0695780875825495,-0.173950017673585,-1.17768829588424,1.2036979644665,0.135763570004793,0.989504495499773,0.876151293806181,0.836103036713721,-2.20932906561051
-1.28180466619505,1.49935937219687,0.258874473040684,1.34535595377834,-1.45947634358965,0.523443237049067,0.0172115536407318,-0.753095339144133,-1.07900320126726,-1.05972749353261
-0.292108942927949,-0.335686711865342,0.60343894522517,0.0112532663077119,-0.145667169276787,-0.214065095229211,-0.610504551580139,1.86988946764858,-0.836077745628375,-0.695969224302854
-0.245470850814262,-1.68577607065102,-1.48496254872754,0.0124906198250545,1.70031314458008,-0.904988160267176,0.933369732770973,2.27053414265223,-0.915132313121868,0.811436344513493
0.5451447454468,-0.909665086134392,1.80884657942226,0.845386510306263,1.03944903416792,0.567659248356343,0.00224291271715481,-0.992557427441329,0.647781692224773,0.381863341382834
-0.344026831019435,0.170387347845782,0.131911297208727,0.919178348808949,-0.381022127463971,-0.810773589657781,-1.10706396711772,-2.4154155735601,1.26198931003987,0.706802729534721
1.23520091222478,1.20557451070312,0.480446279751717,-0.476075856222367,0.199366742267341,-0.559853994988018,0.248129630654215,-0.372108750643213,-1.11400565594316,0.428443136298442
0.148574083921284,-0.246508671409722,-0.596273792044082,0.700113178909595,0.717820558468638,2.02669376737196,-0.0825487791271539,2.28031341914828,-1.81734041751437,-0.902451268776772
-0.206707562560708,0.464475762811447,-0.157920723705683,0.77255378417995,0.633151264723451,-0.0466395079882653,-0.228251104812987,-1.07532675026852,-1.3142371498905,-0.0764357969953097
-0.855943974773983,0.0299500636423372,1.07623974343345,-0.240801675883808,0.241558433171483,1.19224765644288,-0.243616213135087,1.08721366430573,-0.306130627936633,0.105795970211939
1.82732217227482,-0.732288990491684,-0.569152867635285,1.03001340390421,-0.362025089011011,-0.277177143057319,-1.1272707885294,-1.29273807463253,-0.977903547019649,-1.78671584904732
0.368979559229665,0.653317919006457,-1.60210865944606,-2.20386209774404,-0.762354286461648,1.18159292975646,0.641969635935116,-0.79758895006611,-0.492930612004836,0.971261445566298
-1.4486170507439,0.805341608041468,0.559217521054732,-0.36780261679253,1.51582173845793,0.539745109655374,0.998357280850331,0.458540522116979,2.31389842280048,0.172585275182085
-0.457606237213795,-0.818322895220385,-0.00325265190097603,0.29257198427148,0.0141253979265876,-1.95670421945118,-0.945864723763416,0.0734661040280271,0.763289901083822,-0.41565444015605
-0.569750915607371,0.0142991391574572,0.885739343543348,-0.47834621139849,-0.697385329691302,2.85901545645687,0.996008882913683,0.540183350596393,-0.0399757312003146,-0.740530905004851
-1.08576418317403,-0.53305589187104,-1.53691770133469,-0.429970826856574,-1.91299704074741,-0.40065643043655,-0.490569509596388,2.30502215711102,-0.645951781552662,-0.413585561248126
1.53495171498639,-1.68539822045743,-0.524752165919809,-0.406410352341184,-0.103013566314741,-1.72636673623024,0.610445022313139,0.593320352688579,-1.38580390191257,1.28280031286843
1.01548674615384,0.063110001328984,-2.26126898220281,0.92670213695215,-1.29728786259144,0.966552494580327,2.23553457058983,1.22783566755817,0.050885661479606,-0.941408607626786
0.889859109517552,0.619471869665444,-0.228876007095033,-1.0379330963849,1.04135084575165,-1.18976035930713,1.48587062245313,-0.456807269712597,-0.366245935375668,-0.0137444173666861
0.487295341517315,-0.365732942530757,1.60494774809689,-2.56517505776862,0.255238444013571,-1.96804528174527,-1.88862160079243,1.03499639154038,-0.0439340965856768,-2.92984096490036
-1.96721924477568,0.222225275381327,1.79869592547982,0.433987201888675,-0.0128338509497524,-0.483823013333665,-2.1246878678289,-0.214436624907455,-0.0998946236143013,0.243591717508831
-1.12987175504598,0.405387309398322,0.154893659266455,0.0359052898000773,-0.524612121859434,0.274572971655281,-0.995381588808846,-0.36143333572573,-1.89963021879846,-1.25818277397711
-0.4217896522924,-1.58601389164716,-0.689835197425796,-0.303891056640176,0.0302775896210738,-0.994734742689896,-0.849879843076758,0.15848887169417,0.611460473925163,-1.84261651293107
-1.50483373864116,-0.308799715303458,1.64062070494962,0.382060309560128,-0.521269128891519,0.209697904478213,-1.00025603041285,-0.206381925278322,1.10253147666366,1.31407779392269
-0.61285732545497,0.623588915483818,-1.57187690931553,0.105044652973987,0.643819752517475,-0.0589341239739381,1.23973644585542,-0.332072941991677,0.72642538905475,-0.404669765329457
-0.798751302878161,0.106115080458013,1.31652053961156,-0.594201803786407,-1.06103572221438,-0.115242092432955,1.03923442121582,-0.264758405810494,-0.266150262688356,-0.266464079580606
0.99413451308549,1.31841362579156,-0.209487927783315,-1.18477154303159,-0.60199667427597,0.465119538756796,0.179243844885756,0.470584826194737,-0.96964633144214,-0.364051027717915
0.636328880983108,0.627036595509961,0.303399320888055,-0.560485805858062,0.911595697540598,0.128625555899677,0.993334775208404,-2.64288508570249,0.668619519784265,-1.00312331454362
-0.542454096192457,-0.1225318892446,-0.176531349394898,-0.782717583466466,0.6306234853017,0.214491352545746,-0.0868519988389831,1.58558831513997,-0.70507137814729,0.241120764107651
0.517865844129618,1.37091369443615,0.133060569418503,-1.91809238610608,-0.317147666408882,-1.18197904646757,1.34681617580865,-0.0868889206871479,0.170816592559912,-0.119117965784913
0.16429939255144,0.401551548543661,-1.44079046264278,0.300132935253378,0.708876033699603,0.252036135119645,-1.41015397417729,-0.18440087168796,0.149985829280689,0.26454328958969
0.768442898860627,0.207300484220549,-0.495440678055246,0.299437062972807,0.61461849865889,0.00201489839992883,0.0817038660686154,-1.54410253390457,0.437585756084992,-0.67689399990942
1.75079910829252,0.40199366048226,-1.79065506243083,-1.79801427748211,-0.782131328793244,0.65345813078085,0.707456237276135,-0.502730826949661,0.895249829462961,-0.294974870048838
-0.714102579907628,-2.07103762787674,-1.24236317228248,1.6994404675327,1.31936641339371,-0.864103120028812,1.30591848798673,-0.633337524870609,1.22824835267587,-0.571118886783359
-0.0676443134737211,-0.581856760332503,-0.349246697270948,-1.48650400256246,-2.72715351369628,1.93077455506532,0.559752937231667,-1.11962919158875,0.210380769820184,-0.517014565033135
-0.159289280412196,0.675323809667458,0.100282522788031,-0.38791845421699,-0.0736151423962066,-0.701239261318031,-1.19495840248542,-1.21851825835698,1.77921251276059,0.453536936280181
-0.0517499015042313,-0.78802982638729,-0.873393056128028,0.47821623322551,-0.151610847002097,1.82445972051179,0.42316650127789,-0.217634739468583,0.789283808533693,1.0863302097022
-1.38356508131783,1.64578852786309,0.259353248212855,-0.788894548987936,0.998782889206412,0.234839214173682,-0.374248959327065,0.653068176704039,-0.399457704934573,0.223584499690578
-0.543962630981878,0.797440362561025,-1.12328849351132,1.66999150660265,0.355176014470244,0.332963944222735,0.0442699860793883,1.5338844421105,-0.242204980232663,-0.454881832124257
-1.04608988972412,0.362227869467283,0.146391686377109,-1.5086869455206,0.276669054061847,-0.71016653017848,0.276306118437274,-0.196434513294101,1.2555482143013,-0.0101489422945073
-0.0442091354643457,0.754699421920168,0.890579206939309,-0.388927323319793,-0.491781103835748,0.379807778525185,-0.345799941927232,0.174780304805159,-0.204527823636482,1.28818620192626
-0.327590104875805,-0.376671996094638,0.639589688531525,0.0359031593495927,-1.45429449700442,0.485026825615037,0.675193033969209,0.31916366458513,1.10364900663002,-0.642271708637686
-0.26048858656051,1.00223893655011,-1.06777205833464,0.259230801797179,-1.39852850904776,-1.07744610081444,-1.01270341609501,0.571156116359645,-0.398804274962281,-1.39477165119696
-0.821306545230382,0.836690622390131,0.182578695033069,-0.5440944450753,-0.797756527175504,0.664275020967274,-0.797576358067799,-0.213346231616434,-0.222679596143921,-0.690181422506835
0.238686842563536,-0.255020312940442,-1.2114912403404,0.220968256202324,-0.255157501402422,-1.58599047144253,-0.830118959058576,-1.83862380983848,-0.203585483727819,-0.262084927057562
-1.05333597471986,0.35292470258675,-0.382672742946135,-0.2776158661493,-0.237074700082949,0.0310604042544254,0.520756141374698,1.03554179618383,-0.357093402686808,-1.89744034828767
1.05560916278749,-0.825081195501545,2.09044765280669,0.477890027907534,-0.368604609461974,-1.42086905819886,-0.416268974331611,-2.35414892079701,-0.196759093503164,0.122969517013184
0.867389337519287,-1.0183825952136,-0.0584246209756205,1.39312948191194,-1.69245008720872,0.274767313699242,-0.358275075193999,-0.0610371535917305,-2.05712795120997,0.160746798737759
2.16461848062079,0.553849655659064,-1.1884011869993,0.143933483634553,-0.0969131991375592,-0.770467542390827,-0.0522000667016632,1.2450304855955,-0.256139898169581,0.626975837810593
0.702269523419262,1.10288599843384,0.990346610415423,0.656619608234481,1.1540179205495,-1.05256132624493,-0.47331369877673,0.138076222646934,-1.38426871293609,0.131947493463797
-0.408335933353816,0.30103450577452,1.49637966407084,-0.523195845605255,1.19855147844975,-0.413365019869771,-1.02940035723777,-1.55369201242357,0.927186723218551,-0.639954588054043
-0.251431788022543,0.723847931455121,1.69376237380846,-1.42206402164902,-1.19470816376812,-1.36283420718875,-0.308457119227007,1.15762651221809,-0.637504520759558,-0.39761526757025
1.07776398992568,2.25245225126525,-0.29536921139424,-1.36802375769824,-0.638548831588485,-1.43150581847173,0.00556588937829181,0.260402148314016,-0.297614116555391,0.850832064051339
0.559816994607229,-0.765841579920822,-1.324695288708,-0.0806707169112602,-2.2132281703604,0.232534805800585,-0.333538142158676,-0.284231516116584,0.941691597387819,-0.889236086314842
-0.564241110689216,-0.776181809862723,0.181794212130833,0.804507855827513,-0.00183713891185115,0.649605620079199,-0.869323237172918,0.0159353430747862,-1.31860381255712,0.939130376736545
0.419858746028788,-1.14017195394021,0.498774422788868,1.03162977888163,-0.488774177090774,1.89079767545221,1.53242464725863,-0.99145004028402,0.0447749979659976,-0.542128508131979
-0.260994985568555,-1.80065503917276,0.628448678845019,0.530926109782692,0.31893655136737,-0.491582655314536,1.45825913284204,-0.345103241912457,-0.0729828186340708,-1.37627752958245
0.727325110140348,-0.335519577089357,-0.415768531289434,0.148364623464184,-0.921383584637119,0.271256275740852,-1.55639209494555,1.23978526798406,-1.75318833936791,-1.08072926564337
0.119032440921862,-0.740482860538419,-0.0493969556386818,-1.18482997398199,-0.601796363541971,0.656549768475888,0.241556360251471,0.00505204905533401,-0.845768477314307,-0.417498269218838
0.435097152691256,-1.32067131598548,-0.489268423908213,-1.4323437777642,1.56677715262949,0.964083139659699,-0.590874902058084,0.374471801614644,1.8412383574182,-0.242736293763992
-1.27505032109344,-0.0254650972857413,-1.2751701794223,1.15904862801173,0.0140778508259045,0.229200354347263,0.675414965950861,-0.573927570822099,1.65981144427893,0.678977067406852
2.08174481987204,-0.953526901862818,0.564557199270151,-0.0602343412381457,-1.57062336645222,1.34698022759099,0.649721496348281,1.33240698013991,0.188088733350727,0.236641135987894
1.04464305484733,1.32740231602504,-0.392056256401353,0.441478519746192,-0.267888816980165,0.304310905036508,-0.533023178333511,0.598304507473054,1.71803295827256,0.743919932191304
0.190383160740628,0.883911972199601,-0.403045059196309,-1.93145743230618,0.746768203234019,0.441007664727563,0.646677263929268,-0.304174977735964,-0.411279839613946,-0.791571602081529
-1.83216291980505,0.905653969173468,1.97944189498421,-0.207586667093981,1.98675159636539,-0.53635043053303,-0.0681218312976127,1.01073339072073,0.247117553252683,-0.679543210892698
-0.584705104016102,2.00934260824583,0.164303760974723,-0.45346811237145,0.383775838777512,0.148259627128873,-1.2836906961672,-1.45750778895113,1.62961574979955,0.453060834719084
1.81551086640051,-0.8620493183627,-0.45859484355837,0.356619097538135,1.0525232168929,-0.429883876115941,-0.0676606803945087,-0.695732465173737,0.715978320209264,-0.192078140767283
0.774722962905468,-0.361561913435271,-0.522482770202467,0.79577060330661,0.573287946816113,-0.629359632999581,-0.479075225242363,-1.01879117435424,0.764220781648944,0.557984099595072
0.0319649077787597,-1.36942227090013,0.725483378045056,0.199223636786244,-1.88210380951783,0.911147559169666,-1.41237712112737,-0.553756013860001,0.364575150518729,0.720934045655342
-0.387906460268308,0.626005099597254,2.11405548222103,-1.45873899284484,-0.737878655583818,0.539616330278162,-1.0102357636636,-2.78451111991709,0.183300010378895,0.40865945382347
-0.71149650620337,1.37518000313156,1.48018228513126,-1.53681665267165,0.70272084783007,-0.23345759527151,0.23942672824562,-0.125456975459003,0.479345382879441,-0.326399071391372
-1.01280527307111,0.607398199311965,0.164799430685111,0.404225968051702,0.871319315717995,1.73133084670242,0.116960126566889,-0.0782518541595814,-1.66300974491884,-0.273336219349487
0.354656535370747,-0.211211476490544,-0.0190123077128194,-0.592987071351539,-1.15011366264872,-0.0231239208739634,-0.97706400865719,-0.867817361065645,0.701891686139259,-0.604609838944288
1.00940579632525,-0.441648237493941,-1.19189106518028,0.692270163680266,-1.19772841740196,-1.04044673025115,1.53961607981929,-0.505641689911634,0.691885681865591,1.3552652404789
-1.79974565873583,1.17422335840019,0.193558742688283,0.374484091115512,1.19243618701836,1.36143699291398,-0.545698389642597,-1.06849014614953,1.66256388284302,-0.643413328870432
2.58521284711973,0.0323238652317607,-1.65646406223237,-1.30565348572082,0.808238393725803,0.628914475835874,-0.0432435499811425,0.19311903076907,0.679094538170306,0.476531171241077
1.08342055241141,0.0338425009014756,-0.461692204107963,1.48333481975806,0.283935595934771,-0.638050202345233,1.32463062819526,-0.254160907968427,1.73022878206552,-1.88823047902947
-0.29726959307774,-1.30745334016487,0.433488412841918,0.71521836744015,0.655048686877126,0.36663725526337,0.884324314606675,0.419435264311018,-0.285072913676583,0.735425651528005
-0.679561269636129,0.168864588961138,-0.66119265525843,-0.776884214927437,-0.204397175608137,0.279522517690546,0.982933937206317,1.07730114814601,0.268162513024354,-0.188456238864362
1.38742485087347,-2.0009811663732,-1.90494296231321,1.13832675086813,-1.03364251977205,0.267791381714153,1.67300403167823,1.7963583567521,1.64357174790557,-0.17966008859037
0.219959528089643,0.128433582862892,-0.20670021405531,-1.54735430924838,1.83875843258967,-1.35794191385132,-0.597805625348892,-0.622903607556172,0.217302645236958,-0.437885150859024
0.373382830046664,0.118528071178172,-1.44696796751142,0.569139149898746,-1.97509025258209,0.164067331092345,-0.230609176340913,0.68911793255487,-0.798919777897359,2.27878040962297
1.83958758480672,0.826971278870165,-0.379746194122705,1.04379554427029,-0.55890715684124,-0.535265509564284,-0.678263287175171,-0.626528014241205,-1.00508821435029,0.842030448944442
-1.08726127756196,0.763972921070878,-0.451053338245692,-0.592126265851923,-0.153910011779386,-0.023257447128536,-0.0497980571354451,0.256520840690046,-0.113203128704753,-0.115071939923588
-0.383509392824938,-0.763889227968277,0.985885574422369,-1.20599469806439,1.68469915846893,0.0182155140687504,-0.971206695215485,-1.20094090768389,0.471908252559142,-0.0711505163413021
0.517937307684373,1.04816444131404,0.364793046777609,-0.235094640467708,0.924614766725634,-1.66993763885497,1.12091387042268,-0.590637634032736,0.645556357840334,-0.280755509029829
-0.488190795472668,-0.0616518771519698,1.89983695780009,0.733025220633896,-2.51712865101273,-0.201969916434666,-0.615608530306288,-0.968509952224686,0.616030757292246,-0.697900332723862
1.17481521611106,-0.0292161973902565,0.0256911970898022,1.37749316281707,-2.00578089161862,-1.80205049685266,-2.27179698009744,0.745204891729822,0.652963955739683,-0.138259550845837
-0.188881007667361,0.666763197467304,0.284567430850752,0.309999077505117,-0.368283635418885,2.36839502849691,-0.168280864402633,-3.12196515519911,0.271188765810581,0.00974202239183429
-0.0526512707971552,0.231472625974436,-0.284528847274158,-0.106234248004039,-0.128563681141414,1.06332360660845,-1.5736240739964,-0.726519623041767,1.10225342494138,0.402373044172601
-0.400508729390677,-0.571805686444641,1.94934119401059,1.1312649665306,1.51639196455901,0.286145406732632,1.01316363310028,-1.97624841343139,-0.0500956801321624,-0.00460706190640496
-0.668041367702673,0.507932100887111,-1.27804883642132,-0.519718120074408,-1.65766858472847,-1.75946157469445,-0.794274720482222,0.530402847056203,-0.802651310989836,-0.527076661635597
-1.35244933903426,0.551568568428964,-0.636205656645965,-0.530371509203342,-0.331014944454825,0.528857257339832,0.326260703837896,-0.237674843194251,1.7472424557253,-2.03937864770406
0.322841777857343,0.00797954968131498,-1.09290753053794,-0.253249049521949,1.72965575534715,1.14015872157734,1.06408316682835,-0.0891166345884746,0.971844708459552,0.0418420534763279
-0.240828625302007,0.932214867090751,0.403519223475331,-1.31132740458992,0.282459741903142,-0.303789298566273,0.787385181411826,-0.308055036451996,0.816960772593478,0.059035184424827
-0.149266604265825,-1.14753817757628,0.229097321066875,0.0672011339062829,1.7024218508725,1.29570009546143,0.204732671092934,0.887941106952705,0.781384598680861,-0.430504973416059
-0.649983181948013,1.24647501452832,-0.970450418394081,0.174444877184319,1.75769276721449,0.425516274267309,-1.1223542056774,0.782301848355647,0.299262619379783,-1.01435866079963
-0.213771071480726,0.641289665401421,0.428554054413904,0.798004404283841,-0.906515169088275,-1.25794932099298,-1.9226066059433,-0.252594402166688,-0.750059977778326,-0.162715304133285
0.307307916778588,1.24631195067648,1.98205494887922,-1.31748921413643,-0.276553223415002,2.74915853851879,1.11535210882562,-1.5757131876175,0.0942498350621854,-1.94665343675284
1.46667555904705,0.619768600968788,0.498276086374359,-1.97166840009034,0.360027523767569,-0.595035885055836,-0.247875678115493,-0.893448475970634,0.429476752369597,-0.462912142277653
0.597958830077048,-0.879136438647672,-1.59384927937063,-0.648141202751586,0.453755830750631,0.107102479133612,2.54896763026944,0.568615656170964,-0.471440345692232,1.54874314926562
-0.102631206309093,-0.991176485593183,-0.34901000880823,-0.33313307512486,-0.006087106622578,-3.24293276335078,-1.48483826299371,0.0204881458051964,1.33542136587169,-1.58447188956197
-1.218628329311,-1.1627893604638,0.943179490454084,-0.94621366291305,0.41553992381461,-0.125849833890283,1.00179169874538,0.46242287965201,1.04250835361192,-0.409704747307903
-0.0118819593036519,0.535271291086417,-1.67630244252957,0.702920442276742,0.353928809238883,-0.24692831314633,-0.482530676880724,-0.454488445222826,2.35346707932509,0.415148735162725
0.0263369609847951,0.59531126492259,-1.03829498226342,0.151840434362254,0.408999681581224,-0.498235592170377,-0.126747844287954,0.866213727573938,-0.118822348027587,-0.3665067410393
0.393997689446801,-0.238861966292266,-0.0461073917021419,-0.315935328814732,1.106141171409,0.164927662315169,1.643112814494,0.910450416974446,0.11339737789524,0.769164267213307
0.0120196386020915,-1.2976113711987,-0.528523387863533,-1.17011788771819,-0.774910119407146,-1.07099021265334,0.975606158727626,0.896871967808368,1.07324664961557,1.83912912588134
-0.611965979536503,0.898914209533212,-0.0987987784234369,0.0319428858587251,0.35572081113731,1.73550747911659,-0.316420556245878,-0.475509516231319,-0.366380136939095,-0.11778565720005
0.624000896925475,-0.0767669277436772,-0.717508010903981,0.677818618491743,-0.691156201039905,-1.1255428689627,0.62913845017147,-0.0282200563829498,-0.78091984640667,0.087314513096515
-0.39957882679552,1.27732812301805,0.9230948108677,-0.956184626885688,0.133241906528421,-0.608421611725236,1.18751912114903,-1.28447506050363,0.346138434520584,-0.752236930608428
1.18418596244523,-0.461034125409952,-0.704516859512033,1.16627425623742,0.347305794669393,0.387225902631198,-0.548430235526971,-0.376778358326659,0.825367606243527,-0.680739283307952
1.43791671716719,-1.0924329797851,-0.396510326201533,2.70063277188839,-0.00303702791396239,0.858847236408747,-0.00791570011891542,0.0609989267734028,-0.669636259402216,0.221934005455716
-0.38394737675231,-0.29844485890113,-0.436476512724936,0.690560774446708,0.125970027516229,-1.96137594434572,-1.36403222218502,0.508306441563845,-0.0906150357139027,-1.22279849516664
1.37038029672614,-1.47820222631383,0.526782970480119,1.71296828101595,-0.768040319977941,2.42125274962626,0.476921425849419,-1.94902455631782,0.424443574527435,1.34576071221722
0.134097013506457,-1.54409283472733,1.24318016735169,1.17570482268486,1.10790132766895,1.19910900541442,-0.306060979280461,-0.403250002537602,1.1256878219366,1.83382814396687
0.078634730438093,0.8757240228735,0.741266850050183,0.0447718756323094,0.148632864965449,-0.167336600969011,-2.00018874170408,1.00788913276789,0.651452130769102,0.419418327761047
1.85662707631639,0.728474522086399,-1.31953569557763,-0.884196253774598,0.435613377854653,-1.42236478228821,-0.0164536203752927,1.13889053466366,0.794799898221248,-1.69860234430135
0.673394464666461,-1.83545092659536,-1.21781458199073,1.36944942121079,0.725576734400689,-1.12893786525345,0.0174865103672412,0.80022065806963,-0.741061629251382,0.233375147812109
1.66998980689666,-0.433647988403945,-1.7770350243995,-0.355146511773309,0.500788632299918,-0.550798380317338,-0.201889889487615,0.137978707463672,-0.0153695565308206,-0.380420684435912
-1.13110879277552,-0.15254728448406,-0.13762188516228,-0.880768944208175,1.04591810651916,0.958224677736325,-0.336739306558162,-0.224108112344357,0.710024967808267,1.16806729744469
0.493610407012009,1.50803562452461,0.94069076226735,-0.169929251870565,1.06141029402846,-0.554938312247774,0.928070379684034,-0.0138111148888424,-0.848133285859017,0.777903459391799
-0.453252087231894,0.484042803213848,-0.168500943717847,-0.414138085672597,-0.91934992120603,0.0651635419243492,1.31648335804675,0.378954222765377,-0.42113810195332,0.101219892586097
-2.659186276804,1.65913810566515,-1.0772585484335,-1.19381475233906,2.58501363847816,0.797016124109665,-0.575779969685525,-0.402181533052655,-0.985805502355532,-0.982007512742039
1.95534912647878,-0.65121562351254,0.915807367349509,-1.37906965942211,-0.412433457580737,-2.07996392271013,-0.612200660534018,-0.316563032653818,0.530477993591902,0.456700836631219
2.03966949295364,-1.23779680676173,-0.101597323060553,1.12430115162003,-2.18107838567798,-0.037684130722402,-0.161076215904029,-1.62562272316464,-0.788637404821825,-1.63552195337009
-1.26233394052193,0.341467975586744,-1.05692804276365,-0.890794285437357,0.740727686414789,-0.718285980685651,0.0181330555360958,-1.10162451470006,-0.0188733104561903,0.476078003484694
0.410331677704657,0.0367794358269629,2.49063739857553,-0.272489830811805,1.28307196552496,-0.244128124397102,-0.607005128675633,1.46593101216828,-0.721616431976772,-0.265549042525684
-1.25203822850736,0.181963488221338,-0.0212101759488738,0.0973622967371635,-0.121718350307452,1.01218448335131,0.645393222096453,-0.00431743687269952,0.25699744444046,0.109644364962371
0.431550217639422,0.55133389446979,1.04291852409363,-0.805781032603164,-0.302028325356651,0.555542907519379,1.51327386336088,-0.980402191951266,-1.99839171272038,-0.628276588691989
1.18885752181601,-0.107787415967639,-0.0260328012930369,0.0685273751910788,-1.87350183712093,-0.950101901307637,1.11864393705565,2.1848450795642,-0.305332105814773,-1.0793652497007
-0.806286562204723,-1.38321191258063,1.12866057536594,-1.10298692380121,1.77909397050971,1.49442078934483,0.722264637171701,0.582008641804092,0.737609876660981,0.850038024028204
0.434573963887198,1.74603330318128,-0.471806793445422,-0.19340694307731,-0.608947929643429,0.96897113098566,-0.0302501290176126,-2.19112505358847,-0.517733850616712,-0.278082748326829
0.302692977549279,-1.20366610995651,-1.22181577985923,0.299302103098149,1.04576682938063,1.34152650024473,0.0673821763304139,1.22533002609671,0.48331621122801,-1.93377939017443
-0.639900142366182,0.201747451971019,-0.611917064322365,-0.631189531855951,0.324486399334101,-0.0417564097549756,0.104336465296271,1.34574522508442,0.173878734885847,-1.81157338137093
1.39349979265614,-1.754494380852,-1.19749085074381,0.677037884617208,-0.953402218899523,-0.534705649912361,0.227972927075064,1.54340878618499,-0.87738436076295,1.38981943324428
1.27013226837712,-1.10843391063017,-1.76716206781936,-1.25435747899141,-0.284698268996182,1.3300089347286,0.485579081894515,0.239080118136589,0.155348881600155,0.737138953046092
0.369132157196014,-1.96198989900387,0.338646183099491,1.14790338757198,0.205501899172454,0.0824250283370532,2.302755741637,-0.575807261094905,-1.04928241952458,1.27019956548774
1.08406327236425,1.82967433752843,-0.280669303312188,-0.147922790257219,1.5063885894127,-0.726458034452862,-0.73845894517344,0.228993449819108,0.808690435997531,0.343304672463897
1.28453587040894,-0.927935831632902,0.510907987835056,-0.315937582570489,-0.330513226478055,0.568367102495844,0.839123163919829,1.00653389459842,-0.933265259536815,1.32695908821556
0.148202312282234,1.34728122578887,-2.01093538052155,-0.150837519569109,-0.0486759542080875,1.02607853449722,0.149352338796959,0.298892910062052,0.297392499525665,-0.0863393028624926
2.02611292783256,-0.264869824904811,-1.46012968794964,0.345701865812441,-0.628184167974626,-0.4513948071205,-1.44121611487897,-0.209820481038545,-0.226103319219006,-0.197788686544422
-1.97222450245243,1.50057615429637,0.031371641273342,-0.786963897155706,0.0487431060927909,0.639526997909908,-0.140720636867659,-1.6794506139675,-1.02745811037661,-0.159445416558473
0.0089912708413192,0.782321455007994,-1.73260540134697,0.497537694364886,-1.03330690858832,1.16530791089851,0.917394394922357,0.668445518551346,0.601811950499003,-0.0402151864646964
-0.330099088561591,0.485108569355987,1.53707967685805,-0.419084659139168,0.0799073068086265,-0.0951394378632924,0.618006576933076,-0.537753660833061,0.481712977037446,-1.48442575706912
0.477465632779582,1.51287975655385,0.648960771688401,-1.94795324675863,-1.14906197025312,-1.94674175614066,0.930727103122242,0.886642885211778,0.744933144148413,1.97168303397223
-0.438673407778223,-0.601238220543648,-0.0260363280155077,0.863924312140022,-0.390605900814117,0.691336854740475,-0.440868007117507,-0.288720556817792,-0.446418670577693,0.757544957911859
-1.74724960921645,-0.526816957254711,-0.447104386998452,1.34204305879482,-1.34768810332185,2.35578231979114,-1.84848932942753,-0.168127130230402,0.984890807971679,0.528580657413452
-0.179991873830318,1.31712102008701,0.581956996898183,-3.34980857676492,2.27338993533947,1.32389887263764,0.954604906173134,-2.38411929747829,-0.180099644383826,0.714091656723696
0.111777983724039,-1.76340947210649,0.636044759755434,-0.360474015041682,0.562915252037557,0.0353144765928471,-0.272626520295615,-0.774996274970484,2.11222697848195,-0.656778461622735
0.201883355491647,0.473891792537742,0.748224314116389,0.799645999387465,-0.956729521278271,-0.115842059769819,0.19160618208996,0.116060554798427,-0.708983253189474,-1.06982214390944
1.41167285520548,0.584101302147507,-0.65421734803963,-1.30467921971396,0.278016917148877,-1.42962259965287,-0.283816287767034,1.52442561387782,0.378757699083085,-1.02860284110055
-0.522642507547287,0.0481734774672954,0.66599184200858,1.0312787836589,-0.10770752987152,0.936436711261314,0.631330400403632,1.30177546408084,-1.7333834878744,0.543609758147762
-0.951372897716951,-0.272026115548359,-0.487346436975893,-0.616757101534306,1.49752135533373,1.13607347254327,-0.737488759631979,-1.61588071495326,1.11457403167368,0.0453322586782323
0.0290400961719853,-0.919092138637124,-1.20323660439781,-0.810980589749791,1.28903333737795,0.361572335421197,0.209489963490769,0.619706703240683,-0.905637157311084,1.51007256737255
-1.7336995741857,-0.10651892741811,0.378706544046624,0.970040528184326,1.82344949021251,-0.984294468198467,0.491324291372529,-1.40129546396658,-0.577935063076405,0.143228061829803
1.82581403838662,1.3191296491721,-2.22587720287354,1.16431462703805,-1.87030943956764,-0.576072549025151,-0.320194497559138,-0.566960083462495,0.628146976451772,1.7647802728838
0.503170125580093,-0.756851467167499,-1.20354126178304,-0.515254432834043,0.405771313971074,-0.983399886630974,-0.23350210162474,0.108705629659794,-3.32480021996836,2.15237246110904
-0.567181486158773,0.430354376969932,0.360924275341689,-0.11650086889733,-0.00598727141450955,1.45827873161749,-0.446255574714972,-0.991289157555935,0.0523238400700736,0.367646406162649
0.173423130190381,-1.40628465157792,-0.787596197555961,-0.428084125114505,0.132134793241454,0.841907668048378,1.60761684504908,1.9429070803938,0.271463139294253,-0.785765555193637
1.23327947481229,0.1786537673884,-0.468355571974357,0.82364560310203,-0.563997022961279,-0.450422893729753,0.318708745880427,1.88548001181455,0.490598027789266,0.163097729561407
1.55784410548559,1.37946564357474,-0.918028169458903,-0.140662433281752,-0.894264729667062,0.703009979384284,0.079777761008224,-0.312467095766041,0.207635714448667,-0.917411182743653
-1.81338231922122,1.89979603565529,2.35032611184496,-0.37238879432374,2.4515805714088,0.171155490549998,0.876039385232312,-0.309558896936938,-1.05471345230923,-0.443480072985159
-0.332322868263716,-0.334052381656762,1.11412733900438,1.16752386317104,0.341723067381993,-0.442270397295439,-0.148343373660535,-2.51257119348539,1.91145029195846,-0.182424155038034
-0.0483958916495656,0.757355322804493,-0.67100926821108,-1.36371484396551,-1.41428090798583,-0.487305445665195,-1.27426733856794,-0.512389892970538,-2.14990777337579,-1.00703647177799
-1.32270054630409,-0.315100225620304,-0.506766904289543,1.60414209025421,0.60566727198216,0.594152984112847,0.565208582824758,0.654921453173449,1.28893722065234,0.362164385021638
-0.577943582682704,-2.22031323287577,-0.32729821496563,0.849642152795213,-0.283083787287635,-0.539740097258955,-0.0470338937445786,-0.265774538753379,1.36357610576062,1.52896727139706
0.30258381099725,0.204449110056621,-0.123950150149295,-1.25441683419652,-1.76010043888832,0.276919430658716,-0.307529228125267,0.53903882371508,-0.0164200186633225,-2.09432286932272
1.35635621823288,-1.20481304729,-0.169089789486585,-1.58499196187342,-1.56474110069525,-0.911333396965564,0.18904918504913,1.76116230645059,-0.293489397694667,-0.555831787358694
0.108592736975497,0.88153118566456,0.512333604092375,-1.15144101363887,0.823739732540619,0.35307384939542,0.477395974039986,0.231371844168969,-0.182925489672546,-0.0468527117927736
0.62205468110638,1.74988742591725,-0.856110047963125,-0.160866376243585,-1.69008141350274,-0.492289130382975,-1.0752804150992,-0.156803863107321,1.30967596424926,0.946416948220378
0.123162044111007,-0.446490169011502,0.0565601203866342,0.133457206385643,0.236694217891234,-1.17152775308269,-0.692176165189725,1.14973716173943,-2.53005273343202,0.660433466263502
1.33944856837565,0.856806576565255,0.891031085513398,-1.65075148753241,1.85538049527719,-0.284065708544054,-0.803991968360442,0.767884113136207,-0.270546334683261,0.929607670036057
1.14089435075939,-1.42235048327645,0.1691853572973,0.0300527016311929,-0.246192470181493,1.67680610569884,-1.58125285814297,-1.65919218351328,-0.604490614018074,1.16108508505528
0.879986079389572,-1.18405700153443,-0.193529402919124,-0.297730544862763,-0.419893227271284,-1.12521087800703,-0.703642731887701,-1.09615488773714,0.217595047783983,0.101974613804362
1.28976956236078,0.514439009243739,-0.3668096358065,0.696149748948395,-1.71377083692115,-0.287021873180322,-0.131056853405075,-0.521231086319105,2.00325917314476,0.204218224450788
1.1719616261464,0.111664253428706,0.53817826065834,-0.142973322509861,1.81065077318753,-0.97288616334528,-0.345373736331087,0.919011066894241,-0.387159679881576,1.22179743321934
0.738432624775524,0.0231382351723125,-1.87745864232796,-0.13027661656139,-1.59343242662074,-0.836315453765873,1.30006662923129,-0.91842467949483,-0.156015999755969,-1.50223889505697
0.751298159326078,-0.466322764429857,0.119959845747442,0.879276557443544,0.209081799414881,-0.520297065423925,-0.36731876503199,-0.417692055183172,-0.865220850838167,1.64203778509748
0.0491195289617592,0.174634685441199,-1.08328310752249,-0.237268995574965,-0.791025103742288,0.903144549297195,0.390499855197834,0.605257335933748,-0.687899200508444,0.584864242260759
0.448404744709118,-0.476408024198239,-0.881235303915862,0.2786040759704,1.58112440344188,-0.0943257038794575,0.661199479395233,-0.786308780282257,0.0472517010443955,-0.0804584813395288
-2.09228153053554,1.0680468420578,-0.264149614294173,-1.30625999310964,0.815049455521385,1.13545168778526,0.942422615606813,-1.11381942603799,0.417347013347212,0.239785919378411
1.17255376172499,-0.824099187578299,-0.423565417720861,0.567790316782156,-0.641435244811512,1.39539509869979,0.23218235877887,-0.298129655373836,-0.365981687964567,-1.33529868826839
-0.20488715767548,-0.00777150103441045,0.0234374591652304,-1.07733315190186,-1.17305137229463,-0.519240218426562,0.330208514046965,-0.804025259716483,-0.354288275873252,1.16361148486462
0.867597396073549,-0.940561615224238,-0.085853239441183,-0.388758508655255,0.469611213483494,-1.02682138466968,-0.0868126851458726,0.221326411086409,-0.0822328547536868,1.75497329356105
0.525161271315812,-0.362465148596885,1.03124584204182,2.15176873198475,0.718126243431573,0.705887246726091,-0.0571029545699651,-0.324846530429908,-1.0466615414505,-0.891779468294561
0.944754784638893,-0.32152554296876,0.723608046931604,0.277956903815015,-1.32925083730726,-0.851259878219916,2.14758143823102,0.0294635538932346,-0.347417632025422,-0.808747064901253
2.00960272101216,-0.216972650245651,-1.36703168643096,1.36997117539555,1.39548724174644,-0.431870225660098,0.420748953780934,0.762392388036382,1.41384954678181,-0.770394479125345
0.806356159240432,-0.894257888829899,0.717496533982808,0.414447101097068,-0.523430233192968,2.184252369982,-1.84162728834757,-0.900790441469488,0.420359345951485,0.579697745247338
-0.398845841370237,0.378508456593512,-1.89166964188143,-0.653953098836446,-1.53686935462528,-0.602108342117877,1.15703926309583,1.73791522938632,-1.10728325107623,-1.46201679928013
-0.651394167174415,1.31772926177316,0.202107924300011,-0.910181842452571,-1.03055366737317,-0.396850602625431,0.301968190546136,-0.759720048522151,-0.337956070624171,-0.0523879938756598
0.2935166469138,0.838226964304819,0.300409854894446,-1.05583846499035,-1.39725936020259,-0.687809094790802,0.586709751103743,-0.969399460406464,1.02865257291686,1.29025802876297
1.10387958341158,0.919065019294832,-1.27819156206215,0.627674586160565,-0.942904177322202,-0.904852227263537,1.7430408461326,1.84415839154608,0.378444990206878,0.806441633952437
-0.402905908424078,0.789960286826462,-0.0897127823669593,-1.89470692893163,-0.861933545721887,-0.185048188248399,0.247907631701059,-0.592572933413934,1.12634810148031,-1.0651028502934
0.320402108677967,1.61824885046754,0.473493723380974,-0.681240624103727,0.383709517481997,-0.395353385952823,0.401150823825956,0.940669239769235,0.775010634159346,0.788737940045256
-0.557602250181153,-0.816625962108645,-1.04601916645617,-0.0137064021793878,0.396734578762651,-1.33823999248546,-1.26489683730687,0.035950782543017,0.148886714852819,0.398090364820774
1.2830450849068,1.82862993352242,-0.0847002517011839,-1.11778465112689,-0.748385595839044,1.27083354837883,-0.978672063918754,0.337129478511898,-0.913289993431157,-2.20789913425643
0.27938893315042,1.58571432506843,0.485262627259435,1.6879956657667,-0.251041266259444,-0.0959625542422686,-0.786467454614738,-0.624388633640739,1.96499167047831,1.51280379887587
0.519487032266897,0.993509864070264,3.00115067766294,0.0902706901552262,2.06880353171016,0.367210608144442,-1.78912690275959,-2.61602892050417,1.75555290248729,-0.843653472755991
-0.302721402891902,0.821545301523005,-0.968135933199728,0.154305464966139,0.272803533646813,-0.69691718324,-0.443945110225676,1.32427371956082,1.06436188774435,-1.54871467640596
-0.274717863974677,-2.98639847315484,0.336355532382147,-0.135131212360511,0.597772688824911,-0.422648308166662,-0.793335039853512,-0.711084559637532,-0.379455833476896,2.19737107685613
0.390926167595859,-0.0797722687491084,1.44412044524871,1.73785855471649,-1.78552257318499,-0.336732295782693,-0.853932125775654,-1.39381510072416,1.41907413577652,-1.42519076827917
-0.891608337070561,-0.76459317723658,1.03895370169347,0.76831915038577,-0.0653582132044281,1.9386615339636,-0.857013781123273,-0.0403637252154058,-1.04486076891378,-1.26886265008607
-1.65159466803912,-1.22800856208625,0.67852994832239,-1.52769271054095,0.536429966961584,1.26086287182274,2.39018483376207,-0.620645438639769,0.571763775113247,-0.718431813659153
-0.177079159946467,-0.139906677326166,0.457450459707493,-1.52013256705589,0.14278528830418,-0.941455338605329,-1.97095546626006,-1.79794719840241,-0.319814953399308,0.548965182591516
0.247728281897051,1.44325166999086,0.0158053700063882,0.246350415309497,0.439208221254832,1.47852457838058,-1.92586802150295,-1.09725797631071,3.89238810831082,-0.0726309693631227
0.662001608493679,-1.12604493216824,1.16508374006882,-1.75571219405616,0.258567404170906,-0.078043579221585,-1.20493692738625,-0.763262328347206,-0.833799105138261,0.914165529614078
2.26621394620368,1.09522200427091,-0.991219326488419,-0.753868544280285,-0.8353576448732,1.70116023680313,1.49489741166055,-0.217402522136068,0.328271742554263,0.441578408231613
-0.456097924722316,2.08210211388562,1.99793834179088,-0.551151803391707,-1.50758924590941,-0.579141968767841,-0.584270143576695,-2.25636267389054,0.594068589209094,-0.30111789954129
0.357846578039402,1.08723665688452,0.620256497547283,-0.871226646088472,-2.47856345515287,0.0244707584445868,-1.82371633645802,-0.848629431489202,1.18373281249079,0.00985229949775682
2.34888136915858,-1.61623055950567,0.00843045797846001,1.05475031206397,0.156667347273238,-0.442405444103587,1.58771980608675,-0.838354170484295,0.0570947606231078,3.96417794367862
-0.417895904506665,1.38090387457868,0.0115098968253776,0.56639962798849,0.270422181044907,0.415158301871605,0.398466127362654,-1.67880095164287,-0.152268349212535,0.25014745204462
1.9391317633269,0.768059033522804,-0.280611914601517,0.545259950456844,0.311935876184221,-0.466222594778702,-0.456577703208012,-0.72983236837519,-1.12771537072769,-0.65712287722676
-0.0403943536454671,0.908904225750627,-0.148454076132908,-0.796401199160467,0.0484019957116737,-1.25962160417366,-0.382552237764702,-0.23922117931011,1.22275633402482,1.08748321812708
-0.773315754432132,-0.630286334132156,2.00197673392623,1.82053738916271,0.248721716345825,0.13409368275991,0.408334034928678,0.466766183592515,0.557072940831114,1.38961575192678
-1.62545240339565,0.798123585118402,0.0912239066254188,1.66389393133718,-0.573104861456044,-0.692962714113586,0.0243109869177286,1.14545166032879,0.871913868302478,1.12191312532053
-2.31168469170864,-0.781156496680467,0.906273853555867,-0.528741137599416,-0.188798113655364,1.43894839078527,1.66507612324629,-1.54531370847574,0.337315077261945,0.119492401099927
1.7209291534691,3.35269949050668,-0.564387168160968,0.0188296539091634,-0.652864099770775,-0.608753606549319,2.24078871953444,-0.281257294111268,1.13378357782963,0.254314171572749
0.735161846196354,-0.209462366255028,0.771689352995689,-2.24186600815326,0.205439610947042,-0.650685816528232,-0.544901567070422,0.0467524158596605,0.413347826713478,-1.26055418493089
-0.778115507910076,-0.963861129917952,2.2601411086411,-1.11170668451747,1.22078093193545,0.186974896907487,-0.526830922299602,0.208427909991636,-0.141199550494795,0.777602657826253
-0.207211774632439,-2.06201494941024,1.21708632561535,0.536227690444191,0.528228192876322,-0.379379652857178,-0.911754434504124,-0.0854026662494159,0.027972705649503,-0.455438583206996
0.0452410059814415,-0.151930751087749,0.0410457120843694,0.0731546929936999,-1.64643732069768,0.119293702155291,0.0389844475617206,-0.547056064488055,1.12333915282122,-0.280260270883557
1.01037364897031,-0.542265786251824,-1.09238044148909,0.582000186446811,-0.923608759136099,-1.29591869335198,2.61611327752119,-0.328820889742311,1.43748603026547,-0.519305722685716
1.3915579604432,-0.717019325594906,0.0237962144217985,-1.15686534658024,-0.902979939501324,-0.3855360609443,1.25355437786606,-1.32133907314377,0.21180767012288,0.0339194719455896
-0.300560064416829,-0.335414630354994,-0.269958850593506,-0.0599300228317383,-0.53375730929165,0.24544487785225,-1.41025476018333,-0.475604852419423,-0.287330217369283,0.292543399200556
0.864422918113759,-0.10845328059756,0.525591688049505,1.28970077660146,-0.54717676099956,1.6763844116312,0.277887241130148,-0.168962434148545,-0.948239322793398,1.0728435675555
-1.28181781018587,2.11983769042874,0.632892540590895,-0.0692855720125495,0.125176906049921,0.385568758344773,0.385455469117717,0.490483409080356,-0.998515164291683,-1.05120557604445
-0.34712239933972,1.19660786312619,-1.11965315625507,0.344730029782868,0.42891496366749,-0.118510094871644,0.518694718089021,-0.543913257909934,0.181356552930656,0.491251999457876
-1.62726162376972,1.11715178284414,-0.568729173721435,-0.192243451309437,1.21434848592451,-0.95807582777499,-1.55005553852243,0.128704394448686,0.170094588327287,0.148648815121884
-1.27095366564608,-0.00597507267912446,1.19722579183598,0.121478530326802,-0.487086367156596,0.715904022634994,0.462174612310038,0.73249016375004,0.635748025725842,0.678391235694694
0.0946493854304915,-0.964377885029141,-0.155084744337036,-0.784227502357316,0.775040688331146,0.231360225551064,-0.464073936922183,2.18878124664068,-1.04910768594486,1.42706159650556
-2.57483640333599,-0.0923030895155067,-0.516097355044352,2.27040039052375,1.09707821432968,0.965170190478749,-1.8038105379707,1.18036996302697,0.00921328565316765,-0.00972323696835909
0.521832985551854,0.871824418227788,-0.0768820132536932,-0.155359598854361,-0.847142473237487,0.457838323347871,0.792379771012379,-0.302514946764649,0.628804864386519,-1.0393336855011
-1.49439504097499,-0.0905395832474575,-0.0460942734535634,0.260981313124437,0.943466401011704,1.82175509348219,1.37271539472554,-0.217113793427798,1.09660542612918,0.0885379251120525
0.947782423635363,-0.378777734470451,0.468836603926784,0.222214007391486,-0.51719468058089,-0.765211380519982,0.214714279734113,0.537088397677955,0.367373023392248,0.492605687783232
0.230228869604334,-1.12519950498131,1.12861532796499,1.02321146636632,1.27648551377291,-0.54392303206397,0.324542437795952,1.06487992768678,-1.56577022533822,-1.03437689358497
-1.19749759896252,-0.356351365436784,-0.302584828502373,-0.361245850156945,0.233252373336139,-0.80899785014154,0.305004797604065,0.357712737924712,-0.08786669390868,-1.02681449469432
0.418354683570476,-0.542401219849025,1.74906102183387,1.05588045082378,0.178056376345176,0.494031499306344,-0.436928068095701,-0.408171816270159,0.437395286795889,-0.61829110373602
0.108798022107323,-0.647963009609737,0.502734903138431,-0.57493112405148,-1.24667934837374,-0.506397065176946,-0.153176552638807,-0.708703384609566,0.185625307867397,-1.10360159261336
1.3033200246146,-0.774633237062543,-0.880716946171123,0.750345202136035,-1.00637534700293,-1.36126265063932,-0.684590686487059,-0.0675897262905338,-0.577219013779796,1.11888906305389
-2.52424702886604,0.536684033539479,0.773750039933714,1.68189662703643,1.05346317657565,-1.84666653690953,-0.426871835292516,-1.09753782738883,0.162226714269381,0.527508623621144
-1.23483393551939,0.548866356357014,0.0754317206628773,1.11173720138824,0.0288282090629482,0.429902091135956,-0.416645701752794,0.250298392790432,-0.805597751606776,-1.69438518632271
-1.06059313307426,0.635270037977287,-1.99849721576067,-0.254682536231598,1.31159231021883,-0.362232811435764,-1.38039245487308,0.502354188169301,-1.37215424034122,-1.9935943400482
0.547876114693013,-0.752815313041343,1.85831739456635,-0.291392894159066,-0.143572827259,1.01400911502184,-1.53784006018605,-0.223050921531726,0.423306999177945,-1.12941444660251
-1.43256700756406,0.0108904252184258,-0.750078592805317,0.84535127263739,-0.617276781197249,0.651018353243155,-1.04171928349788,-1.12475021282293,1.48189585129141,-1.08599752785084
2.96925739874476,-1.05398356915317,3.0964657712513,-0.839733958636523,-0.106347435099481,0.296591403866201,-1.0760185987969,-1.58180800534149,0.141180889559016,0.80623503637312
-0.534369000395028,-1.58924545529106,-0.567003267769358,-0.627782019577787,-1.30836202592232,-0.857702500070622,-0.0730772856717434,1.42847702775748,1.04042999485891,0.979226137669476
0.361167591605931,0.0674796261585046,1.39448884258465,0.0114471378035836,0.311339267019458,-1.09997242444824,1.07736083827096,-2.10894087341256,-0.571064629603992,-0.359258855492155
0.471628624455153,2.52277074822892,0.207318314294818,-0.634069014317783,-2.06262564879535,0.950359908183108,0.901006522815301,-0.829749511853121,0.959860962669247,-1.57691159512032
1.8197791165514,-0.792881598547302,0.260615089458117,-0.370548553452811,0.281449134904034,-0.854065187747758,-0.0984327081794976,0.232409772146688,1.71332762264912,-0.598506275654663
0.958937215309185,0.244505013551276,-0.73194280195064,-0.485953821835066,-0.48454073095035,-0.0491947782004703,1.02919542155562,0.00551752932858318,-1.18778807967786,1.11674552036672
0.729786801402334,-0.0308955214964946,0.741173946407587,-0.321063679027204,0.409387040836606,1.36309821289409,0.652994097353747,1.75243401728867,0.655309758424154,0.854650860785256
-0.965536707938281,-1.11209801683334,1.206047216403,-0.357074596715094,0.264001173300248,0.131174659107902,0.39624339277659,0.0886508745607266,-0.365310441751251,-1.5491660118297
0.117430879874954,0.617108897694701,0.258789544480818,0.322492464216166,0.0889595162433158,1.22359840318987,-1.03258971713348,-1.16532802453225,-0.322924578976938,-1.31586882904278
-0.175940537906788,-0.374694022333506,0.311187189899924,0.817085692633611,1.21296768760249,0.322680518481757,0.707547008876952,2.21075917979882,-0.99222130088837,0.769498877354766
0.292844464639536,1.63115650821888,-1.77576583638476,0.400523953556987,-0.190912867942071,-2.36592806293881,-1.13099129454041,0.0409143236072453,0.00410483988641563,1.85681464099924
-0.331378834358495,0.34774328153315,-1.04167990311474,0.797965865326553,0.105122458013566,0.559189117891705,0.410079440686547,1.1435730204825,-0.334172165465009,-0.770155796387973
2.07886593586352,-3.56879007881454,-0.774352403322334,0.972912283556742,-3.57240037417585,0.741390827888665,1.60920080137336,0.535620131709789,-0.626133182264468,-1.28817177389529
-1.54967564334609,2.37797342625216,-0.0410238100880331,0.438743703583037,-0.437638150831964,-1.82989880261726,0.299916349965488,-0.912494772990708,0.000503940732067378,-0.330669165310518
-0.457399472217255,0.360938639918277,-0.21856204473599,-0.0920402178428175,-0.909348494267988,0.689807970840945,-1.39793023873916,-0.508549095940955,-0.324853621636022,-0.62185475664248
1.56059938042424,1.27489108367883,-1.38826956484532,-0.866696308083198,-3.18228682327519,0.0682059254223134,-0.630056111913221,-1.07196756083865,1.94883399018869,-0.80190865093838
0.720302292514811,-1.96944103267546,0.793503461410175,-1.61376665976298,-0.680783970134777,-0.0209326958087079,-0.832919730466954,1.81547854967314,-0.563354735410042,1.31675622766715
-0.218690900481416,1.59317513734825,-1.21138092367071,-1.74759915762149,-0.391131462342779,-0.585343347041197,0.206089374901735,-0.393383035480157,1.16484772748836,0.777790508201034
0.535820696074065,-0.106783190327376,-0.463864188821661,-1.41769930716052,0.473632113225023,-0.478882972590167,0.53014642261186,-0.0692279226481363,0.0540332293334816,1.29206072816201
1.39818069985876,1.48246271922161,2.02528151224694,0.791874892276727,0.0233996646919686,-0.546427098971257,-0.892448913336215,0.280493713417516,-0.400377417039289,-0.817967627450198
0.275211194860404,-0.0903639744508308,0.219098828809052,0.22621397219638,0.433070305936246,0.438731670017045,0.127689072064495,-0.793224684844735,0.158992439254024,0.730785686851135
-1.02566818702756,1.50786172049572,-0.520863556391298,-0.351258240940759,-0.486882132689267,2.19093059973013,1.37348926274348,-1.73275694591104,0.537812155764549,2.32778908451835
-1.39553901977801,1.5501682040199,2.43729178696627,-0.370986557125945,1.48710716096284,-0.837864004477864,0.289931272163422,-1.06135123853161,-1.35559795637288,0.971230131669541
-0.182177306205502,0.615047377150848,-0.950432285546857,-1.83053021123384,-1.03824471659649,0.296345882175723,-1.19225155876392,-0.0636476688796146,2.24217760797671,-1.17583444699679
-1.57906184960095,0.579022386300984,0.333687221999198,-0.681437585065576,0.162642450168571,2.13796843706731,0.299078105820517,0.263763310574734,1.73811155364871,0.199710220155836
0.267944643102675,1.05153495947914,-1.36648767611573,0.971614257207635,0.226119574552909,-0.174920209382056,2.21585083771147,0.258307120515508,0.671484533638052,-1.83871482312569
-0.428268734374218,-0.668721772048986,-0.42889056620973,-1.26323032789604,2.25399649087787,0.121532822828427,0.334717928123879,1.01510270085967,-0.190528256257954,0.268759497768972
0.666811677850572,-1.22650059741425,-0.460780923329307,0.121779008163689,0.251172844295907,-1.99678515769179,-0.336435847911892,-0.591993692267981,-0.192615303129359,-0.883311196870171
-0.271846107744062,0.749005434949613,-0.162758904890306,-0.096105502049316,-0.769684135353189,-1.04329951587929,0.126817405276253,-2.10770189537362,-1.12557334715393,0.742877699621341
-1.31568850396241,-0.0464403000701668,0.0879304463101655,1.80652099787063,0.273893990609572,-0.164512871949894,-0.437763937486025,0.314161266136744,-0.426439139066354,0.11906572400194
2.01930560989745,-0.832174640765394,0.477361928211289,0.0581546163731631,-0.796554983031977,-1.14130795150309,-0.202481153068666,0.0675278677411275,-0.885921085803817,-0.738917844562656
0.152395697540342,-0.546999781188041,-0.717388580409912,-0.596582902536671,-0.412902012902514,0.774825436119253,-0.553387907232757,-1.44151884957813,0.57669320032733,-0.220124413192788
-0.171873300811049,-0.894468026979097,1.06371760479485,1.08305688747696,-1.01062405563299,-0.984449890231839,0.430027295101179,-0.0719636122467207,1.19466004161121,0.682780920587375
1.80414720199651,-0.559359640245933,-0.389431715928742,0.622116950528294,2.06661906204453,0.516560911927988,-1.02761026298403,-0.591375477711881,0.875244177429775,1.04637760779493
1.34379171676507,1.35361678745094,-0.900538610195935,-0.610647314359034,-0.288113645996848,0.854667038143769,-0.110822137149597,-0.53286004696865,-1.6717498810059,1.39541272503066
1.10911693167401,0.85083463444096,-0.471169798553102,0.104039257061342,-0.00978272123992291,-1.03549952167949,2.46043068425066,-0.0166091418378421,0.219175505307944,0.136450093743216
0.186490989695875,0.305345653573468,-0.628763523674206,1.02659600221277,-0.836545818528043,2.09974056044698,-1.56383869747707,-0.146236662542518,-3.40419672387216,-0.718683186705067
0.129653434096851,0.10056190977706,0.411140753610392,0.518478491420457,-0.791123179147329,-0.297474255940228,-0.867104663163162,-1.00392752395945,-0.0768326665444052,-0.652948198883184
-0.7759180098378,-0.877287300992784,1.43520737559686,-1.02708308505157,-0.109234102480759,-0.493894414856881,-0.0703328811099285,-1.47653999787749,1.68262389591515,0.370671270786349
0.537012753728479,-0.873161699676227,-0.127902594929377,-0.705434024801092,1.19265575052443,-1.16758440853401,1.07534134738255,0.0191619394982037,0.853230382111522,-0.920433126340836
-0.0481599872540826,-0.192243745967821,-0.358841753914093,0.38150615065839,1.0574400470168,0.32985157671826,0.21722939718176,0.405104619119108,0.744236261514685,-0.920356268929921
-0.0832931013102908,0.0847673944906829,1.01997729382519,1.44705746393376,-1.01084137159009,-0.437518278116007,0.0860941854966015,-0.903852223688885,0.492285426172087,2.00561168774115
0.0884842327913491,0.53738081461798,1.08409243337069,2.06486274320277,-1.53762876445407,0.314652939230646,-1.24323055823048,-0.445144737988052,-0.3862491920299,-1.41619877379514
0.813066550977648,0.210784167456842,1.04500807601352,-0.313397649846329,-2.1776030189091,-1.25959504646427,-0.319054902052979,0.0772509362163104,-0.0285669981651365,0.0466031475105172
-0.0492187121521023,0.849938256962379,0.48446298571413,0.216517573530363,-1.53661010487026,0.440476406591835,1.00695666177717,-0.429100809414864,0.591202905957627,-2.12966765361937
-0.481325446299877,0.874982714915522,1.16431296788027,-1.08471258879887,-2.07305318355583,-1.3748304886924,1.35819626489542,0.619835925852446,1.06167564420868,0.343130050261868
0.425459886056788,-1.7263609887402,-0.17535080910261,1.17357605784026,-0.0573214147906204,-0.113339363258076,-0.0314162759489984,-1.04803490311388,-1.44887937388798,0.913173086006186
-0.192400104081147,0.331921643354827,-1.20350688680333,-0.291996719458215,1.62664073135951,0.315001570041508,-0.210573100839112,-0.292054880064599,-0.103904253588983,-0.713926722975508
-0.405975277980667,-0.34585428781981,0.218636805358692,-0.0172863725204296,-0.421039990138943,-0.227304736069851,0.112261730136095,-1.0015636060389,-1.03166499907385,-0.0153524128843797
-0.171799365386888,1.56277728959931,0.979857643755075,0.0107298603694603,-0.172456316747861,-1.50441984629519,-1.83832108009065,-0.617675347414884,-0.682489319019856,-0.946004653382767
-0.207337033404478,2.06267025739043,0.575288698344539,0.731441595488905,-1.43330549158762,0.855098647748144,-0.758997900498836,-2.37701101130237,0.954190665722555,-0.0427633792098251
1.80624745077131,-1.71884886986626,0.553452939202357,0.626633275039201,0.386231264862131,-0.734366068613028,-1.79016976646103,-0.547514467519013,-1.41337436241715,0.575693277569801
1.09375690841857,0.296323038916975,1.77957052451656,0.886469239849109,-1.11827383545334,-2.40794877758884,0.150498149297472,-0.401238829054484,2.49977154321633,-2.66588308199816
-1.5908294596359,1.41471897087965,1.13217473625011,-1.39488578546942,0.303745580197783,0.458359254548923,-0.65502563871343,-0.223629490646771,2.03138328861969,1.16245615603694
-1.58816310989679,0.0944469324289358,0.853667743887914,-0.0556120109746584,-0.311155925300112,0.323348902534006,-1.32819219722673,-0.305943331170646,1.83834893332218,-0.153488733580762
-0.332965509094857,-0.105793447666252,-1.09282241735186,0.102544329328605,-0.713535991136001,1.09317133363598,1.23265923084737,0.254001129477491,0.212367385667954,-0.230890938991821
-0.0966377928300294,-1.38895594303045,0.347474569072633,1.98162232783454,1.14810189880526,-0.669102936662101,0.039294629066297,-1.00037672887235,0.833598616693501,0.705817468241263
-0.31876684191752,1.63139902110768,-0.69769727880228,-1.01204894913316,-0.87547994992113,0.289098267259782,1.335017007471,0.0707457141689998,-0.196361437252197,-1.75708916899955
1.6650072310763,-1.30095964379232,-0.227353428775335,1.03741351964174,-0.236454261341603,-0.925780135271643,-0.357188220961574,1.2388677298543,0.841473315078889,1.81330999600131
-1.28177503899217,0.0485208011686758,1.88569146930563,-0.0791795961947691,-1.13354990959548,-1.70348466727576,-0.85051085549737,0.122704921952397,-1.27385400642033,0.0753624726290311
1.21142148482788,-0.28686134757577,-0.890763744736572,-1.83544566001302,0.209845463916458,0.101282897336947,1.4499668910976,2.22887646223489,-0.360584617064804,-0.710544024791429
-1.46408783216913,0.348217092676987,2.06542865001822,-1.00010062428484,2.01230764384969,1.94227473094139,-1.03765134619663,-1.47435823269249,-1.89757228010527,-0.888059717119517
-1.45721989999017,1.21309873322771,0.489655582648037,-1.74117392901653,-1.06215702366908,0.979177914750639,-1.88913909291632,-0.685303075171887,-1.86721585249248,1.15600695006126
-1.18612689064733,0.194321984770452,-0.969552665035053,2.59916109787062,-0.744295603378965,0.246971208659191,1.09816299591988,2.11399446941145,-0.609074319493567,0.168061992999946
-1.10710423749177,-1.35371672794435,1.42866863488719,1.52096456885913,0.287803029515608,-1.09781050777121,-0.160051147110593,-0.928614179647533,-1.38313231855601,-0.623074045128627
-0.665078105652782,0.219118981668754,-0.339531351321474,-1.13522014230506,-0.545417067760344,1.15861709706417,1.61946053512593,0.537251979109482,0.283913996148661,1.39719278592676
-0.727593767464857,1.00849464240436,-0.321455060736852,-0.942412592086651,-1.16145974548961,0.0959565447179529,0.0811988871877902,0.93395933351261,-0.747998913828297,0.120750581525302
1.51463760003668,-0.132763207070333,-0.315446788319822,-1.31881723656234,-0.730164449133483,-0.741779603182133,-1.84568947656876,0.441556678498532,1.6333705460348,2.08764213085479
-1.08127825348304,-0.558331078184278,-0.817388804344212,-0.377529050925789,-0.683776290543456,0.982508230149464,-0.910409515342593,0.600372179463752,0.0990066077530998,-0.0700332698114229
1.51925405375612,0.797422614128708,-0.463557293196395,-0.639796869187027,-0.270984481569769,-0.4077702455217,-0.182487996430186,0.727585598580512,-0.0787986143819368,0.425377668216763
-0.305162427975735,-0.578602343240336,-0.917302764912903,-0.396811677244284,-2.13242031317769,0.343646899289934,-0.078634214183086,1.46321519059225,-0.283031646758506,0.757275308370381
-0.799087632392107,-1.16691675121492,0.495701552114075,0.033641384166807,-1.83336368954143,0.983896399493958,0.910880380421977,1.47594481330702,-0.807730049581873,-1.09658818406208
0.0142972136132985,-0.483278240751055,-0.878421378267784,0.395022041562676,-0.166780748899424,-0.188626210999584,-0.415495634403275,-0.0699204347272276,0.815233835701075,0.363685556829782
-0.353375962380155,-0.298058707627293,0.258216749121776,0.697995864332522,1.80386556008503,-0.164859053401604,0.251302558263547,-0.715085343269126,1.39425331463426,0.307777665506202
0.36737006639932,0.832977038568757,-1.73257964022838,0.653530168723775,-0.230355892373471,0.62968323990751,3.00771641440835,-0.666838298922804,1.27410461964571,1.19663764602989
1.57173605990387,0.284786785206924,-1.50052646430451,-0.561183130486518,-1.92349581620445,1.81449445006026,1.22464998554429,0.882193589635573,0.693403141104291,-1.64937789832241
-0.675762107730958,-0.401793970335398,-1.38191844802816,-0.298013500032476,1.92527258813742,0.893657275570339,-1.0721264573536,-1.26809608549737,-0.678490727895206,-0.617999795975132
-2.81287868647699,1.77908483151224,1.63502547425429,-0.50509936451636,-0.565593639050704,1.42498638418612,-0.654857217863433,-1.627185497716,2.05150298289245,-0.87512789755047
0.688758298483917,0.285175420845747,-0.0539378168565109,-0.693839670668643,-1.00981997684884,-0.629904250354508,0.191574895995293,-0.885709592047348,-0.706394106589196,0.216402084950074
0.505784450480622,-1.61657873915736,-1.41044259796247,0.409738739644986,-0.577297737223376,-0.358707879803437,-1.4753209531874,-1.55369255932769,0.484319815643989,-0.513571062006655
-0.0289540224651962,0.5406139898615,0.938089529513892,0.78865288868014,-0.720701933588778,-0.110230918645541,0.620254479960002,0.445563500328827,0.961410049259441,1.15234254679958
0.935009364460659,0.602326559117209,1.23755780545363,-0.726628232978096,1.21298278970588,-0.126228208512257,-1.58126912201028,-1.81099526125519,0.321965499987448,-1.49372728581305
-0.579995832866241,1.3403708190083,0.416691451361783,0.666756428362844,1.58062350332767,-0.0789019968538114,0.770194012905892,0.580067453805789,-1.19375424949236,-0.204965861451823
0.540757660095589,-0.8586720348624,-0.260479429162223,0.979791226659229,0.224203405644355,0.398572358499015,0.908967628750053,0.480177339289373,-0.100003250588212,0.202569283463153
1.87183511127169,1.51236469506301,1.44765860950319,-1.47629722959468,0.12442036668042,1.24272871839964,-0.691567302403116,-1.99000958046003,0.289826486493257,0.813753488748986
0.461909878678401,1.0504765528426,-0.205457054437385,-1.53697079578551,0.606817433956515,0.271740414302211,-0.508048258108677,0.816683406193771,0.334350712078051,0.302172482549467
0.289270369034412,0.398158048196191,1.51983972324552,1.93536109980602,-1.08915565886324,0.626826099477875,-0.650673158726961,-0.626387361531293,-0.337297446686827,2.2722597207646
-0.526800729169002,1.01790484978008,0.912208593167855,0.349252392301191,1.23149956789093,1.35344253314113,0.0649128175137779,0.864815843950146,0.0693808267721607,-0.821116579259821
1.10739600028337,-0.429658037501669,0.702116693185845,0.691970036495448,0.291850784863666,1.43196749969849,0.0367693660142281,-1.89875768188297,-0.545246004601564,-0.593483555164607
-1.2962544258846,-1.26890854536915,0.284484032106035,0.720103568248815,0.719748562235119,0.614477213420042,-0.40968095194125,-1.11209092236498,-1.52343244184124,0.575213254131743
0.529887700571261,2.73161355169193,-0.120344244938577,1.51697017339891,-0.209499129408523,2.71053971669283,-0.314919727064324,-0.0369687564421451,0.785739616393764,-1.60776941750593
-0.956256654506162,0.630683118587146,1.23797995279099,1.04472840411901,-0.56087277310131,0.294214409424794,2.30241592707576,-0.0662457176117127,-0.635211244169257,0.228615454524175
1.46137173177932,-0.791039578809015,0.331116955597014,1.01041744366619,-1.05564220545602,-2.2721785222017,-0.13201999674495,1.71636188700911,-0.128724292610948,-1.12263904008804
0.0785282041477126,-0.057426974111387,-0.589996811383766,0.597531219017057,-1.23017009030989,0.484491838092738,-0.0027924933775754,-1.44760875773291,-0.357305265538199,-0.360770328290609
-1.09024355175958,1.05921088648951,-0.209015234627858,-1.44527912594111,0.292123508160836,2.92165218898877,1.42664755965406,0.555812801814502,0.2542278868153,-0.822989318362283
0.334031961298743,0.774665330850937,-0.280450759862273,-1.01978283725805,0.404518824608852,-1.52774149316792,1.88611459210941,0.980549536151306,0.232188065004807,-0.838679182419266
0.498985181528089,0.0484190377919566,-0.472930303937813,-0.917241624864289,0.296168425837625,0.511007131826687,0.212618028381357,0.376576196368875,0.672049005023653,0.163566224460317
0.138317760992785,0.510823684588271,-0.887183847805407,-0.601224800060033,0.00485205716881771,0.664616934808813,-0.417162265745232,0.657696108044661,-0.301098524450044,0.897138505153549
-2.15137213153568,0.58432877801599,2.290439290411,-0.492739417782813,0.00874624995090812,0.383574163466701,1.02722826102361,-0.534220253227328,-0.208145521009721,-0.334807092656684
1.05929112879114,0.26871758667234,-1.54611654933589,0.691672752072822,-1.74272455337986,0.354745185067693,1.08756582289743,1.11027426048648,0.999247839889007,0.265958502031314
1.8818687871836,-0.219971236139212,-0.604191627935425,-0.258805529781479,0.705838515279336,-2.55140066194052,-0.946097864107054,2.81176774037655,-1.30885887405603,1.43600655536468
1.65818577121732,-0.59690734190942,-0.881462506119492,1.70987569829525,-1.12581882177855,-0.234571810729526,-0.695777403656766,0.0318393825493738,0.0893512429693589,-2.0345033664626
1.63381490162154,-0.371922735557343,-0.670876856933716,1.65673225055018,-0.456131423607329,0.259667534458377,-0.0571231761481634,1.86200703010376,-2.77001522745952,-0.37150797499886
-2.29890571784866,-0.101595119096591,-0.814855290210167,1.47119803881184,0.0750739079335962,1.84645412422902,-0.24882216337283,-0.492111551943435,-0.040415156417813,0.864989080003775
0.0353366865586957,-1.78669345377988,0.532006492581206,0.318665670825802,2.29460320324963,-0.301186435955103,-0.403637337085135,0.882916280325211,-0.763791210780091,0.308341267240633
1.61693559135359,-0.2552219866546,-0.78668346177077,0.954694210606153,1.64969294913154,1.03471867436834,-0.760314520703229,2.1456812210228,-1.52680425576528,-1.5224641182552
0.268374695211663,-1.14883274793166,0.217785406831894,1.46768454019071,0.939918968766623,-0.380237242482077,-0.717781607799092,-0.574608229273946,-0.844121339743607,0.213492534599328
-1.35051092517675,0.864066897202251,1.31714710130102,-1.04341763217749,-0.20566782433914,0.172987526943963,-0.0372831983926663,0.366362473786353,0.125634740876627,0.831646519270685
-0.593811156161478,-1.9840503364906,-0.275174093200298,-0.455002960361309,0.913127903308366,1.81418470719183,0.451435210763649,1.61504931595906,-0.30525991333844,1.32848293555035
0.453945645828244,-0.147483506700893,-0.103096617645292,0.514329701375368,-0.606577054279446,0.437254489056653,0.401783815148059,0.52631906345151,0.50771625521619,-1.34026526926985
0.0550648608759264,-0.374190208256095,-0.542211601577449,1.03998902314019,-0.744043805637409,1.22291258352586,-0.0945520829019532,-0.347542196323267,0.0945347657951571,-0.309288359045204
-0.421979044234071,1.17027986262372,1.14619884374056,-0.595030655156259,0.130227912186683,-1.05513246995085,-0.576638483643785,-2.53269650367939,1.04031140826944,1.8587867485256
0.362445427753743,0.143661111023322,-0.698387212565669,0.981903653595712,0.516223472404315,0.606267135350966,-0.0252682352207025,-0.965982670356904,1.85523233493427,0.164551277125741
-0.483113599385784,0.722495276907619,-0.524646496129344,-1.06861378405803,-1.28160958878795,-0.621986564811645,-1.57110436590025,-0.528931290262308,-0.476879793554261,-2.52686644270273
1.38590369240615,-1.6005221754749,0.379415554277597,0.278544351162647,0.0807719015455004,-0.534783030086885,0.197453173981955,1.08353790480763,-0.175457010582478,-0.687185626512168
1.76037774974441,0.30094164910958,0.578166637419021,-0.327947333834901,-1.44523023073436,-0.106477829065248,0.401042790972234,-1.42723784532697,-0.349708496881714,-2.49373383810532
-0.0370691454802168,0.44837106008032,0.986542181232655,0.803194525042046,0.604303209186881,-1.33642541425781,-0.402621884932766,0.567500208850972,0.386489096359628,0.265018543058405
-1.34084731350151,0.3523233834636,1.01654877319002,0.47536716085407,-0.751486984404515,-2.37190215578694,0.414685674045169,0.79856187280442,-0.340648706311997,-0.246444716132644
-0.123366127639058,1.35074790178248,-0.436322670124307,0.560154032627326,-0.304344780373097,-0.305129771584757,0.859143597109873,-0.36313715046742,0.218552316746582,-0.521829912996352
-1.11750646243056,0.499405758752865,-0.210490703249625,-0.0165367950069798,0.783139830998461,0.943616141719599,-1.8730517612839,0.351277829686931,1.86065661140066,-1.36565561910181
-0.86291855503768,0.622240977003355,-1.73911819122113,0.79055343366315,-0.732850093203813,-1.3119662433543,-0.225536606693802,-0.110403956092514,-0.115992855766827,-1.46012738735923
0.41679860666835,1.63999917483879,-0.595598728861958,0.222475397357165,-2.60451769807191,-0.216358908959943,-1.17947261510185,1.80054081919599,1.40150803592871,0.412152219800371
0.88850525645865,-1.25280377537494,0.523606091933741,1.14958261372725,0.0968388510554122,1.31497600041087,0.977138904454691,-0.422917904266215,-1.74173963656583,2.42465769524628
-0.504520356061227,0.751393379955684,2.33481131727333,-1.33680474934871,-0.464212050757226,-1.54326231892969,-0.251132226791405,-0.0729506509017654,1.11678916569522,0.316163042268018
-1.5636652960694,1.2112864451922,-1.45660118721211,-1.30992312111675,0.495647174112517,0.938479885009662,0.197885914431004,0.263625697022922,-0.622860215374252,-0.151210859255286
0.244400393188326,-0.0257903983074729,-0.859078693789617,1.77068588021167,-1.44402877275155,-0.690752588321326,0.665908757043942,-0.477706678214908,-2.09943837662496,0.0017106076899805
-1.11022350048405,-0.759459499554754,1.21048981516486,0.941137120738725,0.653345707608508,-0.69975455686188,-0.688085366189733,-0.697557503225596,0.312915597332985,-0.261701836875314
0.290413537557996,-0.364867531932523,-0.882085095503742,1.27773957698325,0.337585578938003,-1.32316319117972,-0.565082939013101,2.09154751390676,-0.67509130670623,0.595742806192947
-0.239674420185924,-0.678039444704806,-0.263463739019955,-1.0078264906524,0.428653406187421,-0.485617576871271,-1.27080311329892,-0.048664642257924,0.193957694612064,0.861288798942593
0.103705243287955,-1.46356939708234,-0.501607888907957,0.773088489041514,-3.19621567558105,-1.24712743850893,-1.98223179096548,-0.763780856872001,0.385312098183876,-0.925165937225574
-0.677383371355881,-0.901228415079445,-0.188690299487739,3.24386700877258,0.402918128587691,-1.39101119592431,-0.0453038687510228,-0.255532837119811,0.159565062224035,-0.895287772886645
-1.01642544603913,-0.740956610121231,-0.108139485038689,-0.294256019190372,-0.838879575543114,-0.987697493281942,-0.0754180985441202,-1.63879972569764,-0.0605861496691628,0.42971436068682
-0.754505369799969,0.451170705213875,0.902027224454819,-0.0163522037195971,0.144274496859194,0.650242247429002,-0.277415745927326,-0.296647633882529,1.1526740607039,-1.77524814516171
0.503893246238114,0.122929768122678,-2.26967163340166,0.393956539371602,0.486739884860946,-1.82948357218155,-1.07043023703101,0.42728147964915,0.589667011756073,0.380057712938473
0.99771212433319,-1.64802093405805,-1.55580499956728,1.62488474511596,0.350671568134124,-0.881308304701068,-0.230118711161417,0.860652419664867,-0.78363156010916,-0.0895770303963657
-0.691885037267812,0.772341652614569,-0.697087215811534,-0.246801779909122,0.72928767145131,0.357966103252965,1.96508030389644,0.602366265017669,-0.299920250625204,-1.15398445120349
-0.672660446162013,2.07400578156856,-0.295240804467465,-0.650178321845235,1.87761669243627,0.155378714189251,0.727784995871519,-0.822493655506278,-1.2512110392774,-2.8341884291267
-0.816811719945435,-0.305145109972883,0.912618763364302,0.0598334119077608,0.158955346482839,1.26382939009351,0.474879210104346,1.95291829171849,-1.81185002512693,-1.1753403221001
0.392984673581454,0.811092880573722,-0.506329670231892,0.920462373163551,-0.433679914371352,1.63846975734915,-2.33509594310792,-0.435029645383129,-0.246134487807325,-1.0234979946521
-0.913339493343159,-0.704481532238711,-0.411444856791146,1.09907441440812,0.889760936449398,1.64945867100911,1.66682842052086,-0.172599225137668,0.484620929672115,0.744987147296833
-1.35106562687204,0.270648913395748,-0.794016128439052,-0.862804460335385,0.334434795336915,1.77206747048556,-1.08323767024998,-0.714203734960716,1.01722374039071,-0.435861145928858
-0.445080747339109,0.150592704599457,-1.55411257875833,1.10431960007076,1.42813165587116,0.566672765270346,0.927762240801422,1.80048394960073,1.51371368123278,0.921337497212165
0.223146271502738,0.346267449806119,1.72353357007672,0.0806349993379731,-0.396972170675583,0.989839930982271,0.601512363480166,0.369667134920658,1.90873918365275,-0.19184238885241
-0.604717888103354,0.0207158589405705,1.65323380416638,0.757952563280799,0.996763323393931,0.701329292010972,0.354513076084136,0.51861956353512,-0.394342250362037,-0.51248446404652
0.577615307240277,0.909971418331802,0.650752637086122,-2.17797637419293,0.263017465621489,-0.59344657342442,-0.883768364413984,-0.911711216843341,0.331392881653821,-0.206598432548574
-1.88870810440808,-0.718563992805223,-0.56204638156628,0.277482419177043,-1.26081663137213,0.146791105962675,0.754644199057491,-0.0844422477919959,0.367142124819842,-0.173868771885825
0.114094234494148,0.0954178640296606,-0.0948629025695351,-0.851500851281007,-1.34893233996759,-0.573991362269313,-1.06809830165593,1.14942410755055,-1.13844474209639,-0.867109786348119
-0.618251833890544,0.911396419796677,-1.52607558870702,-0.220163096676145,-0.058597393971154,-2.03499899451215,1.42674289926245,1.77695222155685,0.0369609663150609,0.216991298746888
-1.17001352260021,0.931420126589651,0.254341169292001,0.382850796170668,1.46380896073269,1.37800623172305,0.0543724770148442,-1.33576211563973,0.238626302299773,0.771321767360265
0.167598295127205,-1.71298225240045,1.34245218678626,0.704439393354106,-0.857983168649699,0.57676118655863,0.0553725909690102,-0.87314074269418,1.64247075662047,0.675986058941957
-1.00035754339853,0.370186112473037,-1.22281447817023,0.121961870427378,-1.0243421095571,1.65621042075189,0.625240540135844,0.677235080822335,-0.0471681592377335,-0.304852366682276
1.21730586121604,1.77563139102692,0.695552224625583,0.190858192700967,-0.367128134981574,-0.446503004945799,-1.78133690776217,0.525336574563326,2.53987332554779,0.00546515472461859
-0.756887097574292,-0.3237645261549,0.652095297537108,-1.15725296291735,0.416575349887763,2.05944661266902,-0.461525996214931,1.27686847540054,0.772370436985908,-0.121804500469448
-0.0477396046390406,-1.78794275570647,0.428516253285703,-0.152955677375207,-0.352170927546466,-0.0258390771885555,0.289937711306802,0.80112133964203,-0.924231834507191,0.157263003064384
-1.22777097909981,-0.378931418821674,-0.54373158086762,0.940457236816983,1.00586278769263,1.00872021583433,0.27334211485529,0.95999235354934,-1.12230451320886,2.29477869041338
2.04086512632572,-1.41430041785638,-0.782581133815577,-1.7552952504255,0.90905874695357,0.109559508681706,0.663333811584386,2.29608840854227,-1.09285066087959,-0.672423613208474
0.731535525247671,0.787742393847251,-2.02479917633992,0.934790448947143,1.3972243581086,0.194077420826727,0.333989219198192,1.21775793213796,2.01006605061591,-0.145845800486683
-0.102178419112359,1.4400624644314,0.3149306299778,1.06098518111168,-0.907623868268316,0.456248319557083,-0.662882960901611,-0.747477551178539,-1.38251818615161,1.29731339994737
-0.0666426394800087,0.866013151839426,1.06439364700531,0.60622143580163,-1.55968158139069,1.56612120161358,-1.27356506549024,-0.611750629911463,-0.803505797992737,-0.17519967580397
0.0465541863831383,-0.491374260225717,-0.998887015965628,0.532950086711022,-1.09402176453646,1.32358827886417,-0.35628141102483,-0.324766099662537,0.0625446609972378,2.01758351859634
-1.48462338897221,1.02449954709724,1.11802324550502,1.22490257678058,2.41839209804606,0.347229175960613,0.615134061782095,-0.926908473669915,-0.420618088457822,-1.20836103111478
0.445521183681536,-0.965039059614127,-0.209820009678381,0.0770918469609519,-1.46216461667967,0.579647547107177,0.189874124874857,0.667054501422177,0.0100591798854341,-0.348130877385251
-1.42314787181324,-0.630318685938835,-0.105453596712087,0.387302553655009,1.21419547675168,-1.48437371215475,1.53039895511164,-2.04033173002023,1.02193720558701,-0.0722970633065767
-0.34289821758801,-0.444615926633459,-1.19395222585276,-1.17402528015276,-0.0671534167913502,1.03869293297974,0.0896519449333678,1.76225232728304,-0.564803243287291,-1.09967493324819
-0.719746281700814,0.141988134369797,-1.83529656555047,-0.809430304757719,0.34273835397885,0.0513020874638686,-0.727879649035155,-0.0332858207515965,0.482500729327403,0.98682877787793
-0.389238459356874,1.03255113812935,0.588772877536833,-1.85891476057604,-2.37764217965983,-1.11769008367482,-1.88830060930586,-0.652523275346145,1.20829441737604,-0.413918133002815
0.25182569349808,1.0294085982668,-0.489148373104793,-0.907681721269377,-1.37370103179102,-1.59027003974182,-2.13371464948631,0.0262790062100123,1.03115011385873,-0.841354951496567
-0.214144056910164,1.43244507158174,-0.502102626369409,0.641436255090672,1.39045655633128,-0.520105375571942,0.667933541055762,0.176862053243446,0.0020131001502694,1.25469597355226
-1.21884391007266,-0.529672057453231,-0.8941324220674,0.196203584774102,0.393829836456068,0.551751286344959,0.165385489056748,0.417709765071334,-0.308291347030517,-1.60522939238703
0.166857692294107,-0.709598168171857,-0.461256439138065,1.2799628685378,0.338292616968485,1.77837466919683,-1.51141635183561,0.544371003912747,-0.335808190944284,-0.24257518977899
0.0243686508392718,-0.367459842463961,3.55794486111497,-0.929605773358089,0.650371046381351,-0.0197988964806695,-0.114026498468483,-0.716186005148332,-1.55705583316902,0.49105479460887
0.421315292704189,-0.689287045130303,2.21158760334372,-0.933697853082284,0.382233963284159,-0.0240274080544,0.527593546584008,-0.636962254723151,-0.302262719011701,1.09834917951176
-1.21414853576328,-1.8817744051654,-0.0220061269393034,1.14202086294283,0.00359550367578375,-0.381152576115503,0.200561289917783,0.850960055100539,0.201387760526802,-0.317028280486103
0.344231402493057,-1.86855514869137,-1.42711188218592,1.19427474631203,0.420971560520235,1.05012846905999,-0.264024205578279,0.327554331398903,1.33254184289975,-2.25710569643721
0.0532987965575336,0.459432600499332,0.931218875943822,-0.406604312203149,-0.566419645439172,-0.209914771286242,-0.589078886056034,-1.24638000071874,0.229007748808379,0.299780289584208
1.2494800296776,-0.871838522720184,1.39917200732844,0.776851140393823,0.0202248044364389,-1.19234729435879,1.41334549763503,0.491189258170665,-0.306930957269801,-0.264183140844414
0.9034976229325,0.288927705365174,-0.940276397668073,-0.997444407100725,-0.468754677068654,0.646579192046526,0.287620719196892,-0.660198827827907,0.377460538617752,0.469914563588915
-0.293403848137915,-0.807283651188697,0.0943581779493823,0.793938299950009,0.828507779233166,0.0260441085588017,-0.181430186070964,-0.83445363097716,-0.382804147017217,0.464572825863341
-0.420539043818573,-0.635576185650601,0.0670645794422652,1.06743642464397,1.32249291601391,0.50783828117334,-0.353740714101204,-1.12666444921622,-0.300094972284242,0.000867369559109449
-0.0691036959896276,-0.62162162172082,0.62804077461072,-1.30433870458946,1.06808089299076,-0.633969930422688,-0.14043017400668,-0.543128561710823,0.604431637275112,0.13199111852114
-0.260066084423966,0.718818263728054,-1.88758919647894,-0.0854844031565341,0.314601303775063,2.04322941147183,-0.373175800299482,0.310073667422985,0.046620935951237,-0.682949027052415
-2.00854944869543,-0.496792470183854,1.33108551046433,-0.115813306224634,-0.363608973771134,-0.745330159303293,0.172692754978066,1.31867078344657,-1.02536941421851,-0.572348098730778
0.0753909166459744,0.0603728965397758,-0.34067470025654,-0.233941411068184,0.109438290911841,-0.540723380882113,1.32486016430796,-0.445189063959191,-0.258546784046914,1.25275912768841
-0.395798069931228,0.822494604620609,2.11388213117404,0.343689097402997,1.01965382846454,1.37539137668976,-0.76929905234122,0.781986598939734,-0.821803934595681,-0.343928917379334
1.49898120362562,0.218971043436317,1.17490702247243,0.339412062626143,-0.618103970706206,-1.12711187687184,-0.12373229379269,0.851967063262643,-1.30767684462073,-0.553187117824374
1.69438294669718,-0.0592130971740671,-0.597141917369087,0.339003930216987,1.34623330977326,-1.2496799293342,0.0852206566667375,-1.2739439538011,-0.10932558553566,1.58386444510909
0.102008876672869,-0.804126637885438,-0.554026557272852,2.50368148375832,-0.816751524638915,0.0761764901934903,-0.806193690843516,-0.303172786802548,1.81549252818626,0.158149205039509
0.520294186399279,-0.507848892062597,-0.570137107598667,-1.41815187434286,-1.43709967480189,-1.38356612540008,0.444917270195488,1.05933129492821,-0.9008741049317,0.010324917075044
0.787373787092203,0.347542730270691,-0.178973319234854,0.241097946644968,-0.811908608285249,-0.894477546237826,2.02323300703098,0.583532610954116,-0.239690979910786,-1.22197921871439
1.21807982169858,-0.869363522452545,-1.93395227120437,-0.14018354963072,-0.615938858944293,-1.96197303606788,0.666242727897836,-0.329851681651511,0.955914485966576,-0.542093793887917
-0.487063308150761,0.242325091848737,-0.990722323313837,-1.16166960743749,-0.438766108039493,0.454941988511886,-0.353988450286006,-1.14097522719168,1.11394776051341,-0.0879968729775915
-0.385945158570112,0.0288554533913224,0.31238969402883,0.213467920365972,-0.894729086845351,1.9034697581496,-0.596412186741371,0.938182748464986,0.0444306216639379,-0.338778449088137
1.95443245656145,-0.931620322336191,-1.03403493615769,-1.15087645480255,0.0801350223200718,-0.00595199761178598,-0.433919544184322,0.48672971617485,-0.940243537159779,0.664088659500514
2.1474662245608,0.0482650364650011,-0.011087165527533,-0.0734339660280022,-0.734416709609115,-0.317953401418839,-1.58511076795961,-1.32198624302098,-0.157115297342472,0.35564221974189
0.636330486465793,-0.743431506241314,-1.42437615722134,0.864091658167075,-1.35229206765771,-2.99243161235139,-0.351742818175109,-0.59647016769429,0.0403972729976385,-0.688665084328434
1.60348438697357,0.050235217949678,-0.941923120507376,0.93093863673279,-0.768096549302322,-0.912770643914274,-3.02834206892323,1.27476952192911,0.882219025119861,-2.29705283154253
0.231943990247311,-0.114197603273855,1.08459922611415,1.52132521735316,-1.47946085387465,0.478565677657865,-0.342353797201384,-2.49962692129649,-1.95729714482051,-0.315993404017213
-2.13520949642061,0.180126911561417,0.408272106774029,-1.23346240769058,1.28660558060222,0.290498915944787,-0.307289561143533,-0.730509042910188,-1.14000529203853,0.846535956492147
-0.357727002222931,-0.679839641855932,0.668837825942596,2.29565960003959,0.485089837672125,-0.17289205950013,-0.685427224928065,-0.331204434095751,0.141013276861056,-0.227170518957106
-0.565144677486278,-0.430960283078802,0.151422069733577,-2.12698815168097,-0.880296437439187,-1.22302809311335,1.34996247648865,0.603563155637069,0.152777049035834,-0.634310526183731
2.20056427987222,-0.566562686386433,0.337531457183041,0.222980565432085,0.232004974408776,0.550882291851264,-0.0393315046872967,-0.791418345300644,-0.881611797571566,1.639270586013
-1.10318301717708,-1.23357105357689,-1.7140268819698,-0.159483348012596,-1.58747037564073,-2.13774589257286,1.02765738467352,0.295410187267636,0.810042228442838,1.31951689600674
0.1799568161608,-1.66022050421397,-0.919270733292895,1.10891774138483,-0.575106705224303,0.206024294379562,0.903024851933609,1.06377819814121,-1.15072457750918,0.16782762700549
-0.489762044338247,-0.226876818761108,1.26831521351108,-1.31509553687307,-1.22832038056132,-0.834946749658197,-0.00325367931697317,-0.178714834099145,0.93168385652159,-0.70867404360364
0.096707864922585,-1.21021794526915,1.29681741316775,-0.581749963207762,1.24318873082776,-0.406492008417674,-1.16564267042877,-0.628301670131521,-0.207501824316611,1.32932688188171
-0.473300830707931,0.616853628764405,0.273609605072912,1.51139572895068,-1.68584250763908,0.690028435158227,0.189951949500612,-0.772853697648346,0.159617957151626,-0.42977856752606
1.53744421743431,-0.00787357511167415,-0.145603551704237,-1.24101533614731,-0.971036079732786,-0.785468509753055,0.0229534712663594,-0.501697161372264,1.40970217055852,2.03806324231505
-0.842773196115179,0.78032892219775,-1.45782839592187,-0.345782917979153,0.794216716795757,-2.68737939824676,-0.494333774569752,0.843732718528782,1.38516885935751,-0.83999896379725
-0.173711433770573,-1.22634145450114,0.46457089260332,-0.73173341756109,0.551504428656113,1.36863810310548,-1.79903945223609,1.40335373814829,0.0848783168850251,1.0151444082234
-1.80906193110117,1.17497293151313,-0.150777924338234,-0.974159718221195,1.13751414821957,0.63149993254428,-0.949927175236961,-0.246951676897936,-0.352219575602736,0.0444835755996008
0.18348362056003,-0.76536464528034,-0.542896834362943,-0.25579988397094,0.0258780655453083,0.607275883889857,-0.854184282570162,-0.926537611343699,-0.758299037972938,0.73801197095199
1.51328711380691,-0.148950965039332,-1.1208620647446,-1.05095432908821,-1.46590364631915,-1.55422410319407,1.44105843919438,-0.689460623083182,2.34023997329011,0.989022737908731
-1.74448754147762,1.36305417526079,-0.510679091378434,-1.47775374979948,-0.675961561041491,-1.00098804880775,-1.28624834253796,-2.55710779407802,1.1107473495571,-0.252597009404922
0.869477647177386,0.262657275085066,-0.617804722348183,-1.46218704466795,0.412677608166168,1.89370700857956,0.740980045592676,1.89002178267628,0.672431081309617,0.568510036434899
0.808327783910703,-1.99048878412499,1.02675396383801,0.514176561897605,-2.06337913945637,0.729730107217568,0.710953861754254,-0.68790048417381,1.12540877906399,1.82783449888467
1.21966968558899,-1.19193701436656,-0.938955221160779,-0.913007953863368,0.433935763013208,0.402778780984211,1.63135809693819,-0.736257336573173,-0.570451511614679,0.464657591848861
1.05302904322136,1.77569165343017,1.46839058188461,0.549608877977781,-0.00156045867500409,0.105805924440564,-1.29541712059193,-0.845592120027342,0.112382132349139,0.312727932193679
1.43566446633218,-2.05926468244028,-1.47057054495726,0.752247962833718,-0.737001857000762,-0.426988904394874,1.77056205229233,0.106960369087273,0.229553604716623,-0.0833265572760646
-0.920324828047636,-1.4857921765395,1.72115997369835,-1.13400491561562,0.867037269125391,-0.36671101770762,1.37494692420713,-1.67252528864291,0.16822408386144,2.01955611475041
2.02957202729086,-0.799421255404157,-0.835561309555666,1.59871450185723,1.48000473401179,-1.11325175203363,-1.22141943455424,-0.474239918101145,-0.232780861205023,-0.0481814046920941
-1.37881281128111,-0.0696513826461495,1.71400333987811,0.350529467917823,0.967841349190706,0.0665060193282945,-0.622512407394518,-0.267625233673344,2.08278960705776,0.721960375862345
0.858287217791575,-1.4422034966107,0.131223142513524,1.24629395082451,1.15864741363381,0.727851429775152,0.475320251824251,0.982006582243143,-0.307276715761335,0.908720848902514
-0.239527267385892,-1.40402568115505,-0.315111567713132,0.76726039631771,-0.255519744420477,1.28350418042698,1.18732132004079,-0.828365606430966,1.35901895528786,-0.956407882533458
0.872436244490264,-0.550712084545955,0.972757627743264,-0.160564291089013,0.139879545912839,0.736271895494532,1.47622937294201,0.314764473720796,-1.38756807605701,1.11998937595265
0.174645196166424,-0.519993195528458,0.76952557185087,0.791999165644061,-0.51533437812983,-0.449392199863396,0.131599427923787,0.305103852924862,0.470073884315421,-0.59370905796713
1.1555966191706,-0.706417161878122,-0.463916750252701,1.71363796440802,0.455439954473656,-0.167678257296868,0.603765954197295,-2.95642282987082,1.6531422788614,-0.0191662103782665
-1.28982640418649,1.37249510592171,0.935921080654424,-1.37151806528145,1.99048668084002,-0.567118393032158,0.0853888831980791,-0.323499618118853,1.72967445907082,0.874753085637804
0.762410786697276,0.390527404747972,0.21168497615326,1.53918780879691,-1.69582372355603,-0.251663928615727,0.00278365945844894,2.17247992498876,-0.444054560553127,-0.0284048566665752
-0.659372606316623,-0.990341656223111,1.91799837863617,1.22853655863178,1.63904919927104,0.0403179084083847,-1.03121275926009,1.24936831135472,1.01935036833275,1.49872019336389
-0.423463230540503,0.597168085889234,0.821158591285691,1.13741902695649,0.563788523775745,-1.45335723268601,0.651189313644777,-0.673817536122896,-2.26525685684943,-1.06492654028521
0.638997455725707,-0.534869252189223,-0.486976998324202,1.07174112892472,1.24011830116889,1.01966753231619,1.63618649463873,-0.382659834806077,0.920170878182002,0.200500962601337
2.4890866166773,-0.404380250413018,1.1374822691758,-0.29571762717948,-0.682243977085035,-1.56235594194451,-2.52830898705146,0.595799283776681,1.15771214436937,-0.397302361629271
0.66278419609088,-2.88344190757419,0.94331842932166,1.43472742651216,-0.0166733891555052,0.0999943464588709,-0.563444456485908,-0.810646098825756,2.6445348763574,0.528188209227142
0.386103024504751,2.41409256153424,-0.460691365776844,-1.56781364137499,-0.538466552966654,1.18450696746644,-0.491711872522678,1.04146408897106,0.157807888399046,-0.0729193015869531
0.212338301726928,0.900287904432509,-2.24428175915154,1.00936314827697,0.872179061689123,-0.377990322526655,0.503389178686863,0.15023021777756,-0.670882735128842,-1.04129304404065
-0.928759398592893,0.0220146615990956,2.44280711543161,-0.0929785436349797,1.8143735010944,0.634053655289868,-0.297414498622916,-1.75520991499817,-0.468258156162062,0.400438955089901
0.547598006331874,-0.409620410456752,-0.491590110652033,1.94416447213846,0.594143727585483,-1.27297961437423,0.4096598866879,0.32990457921083,1.04932727794774,-3.07182847071208
-0.497560206915688,-1.47427209562489,-1.47053780106016,0.282334869191158,-0.0501423318175371,-0.191728242897251,1.08631343555108,0.0031041727805091,-0.789339747476024,0.410230332520868
-0.408534892315992,-2.10509711232781,-0.0461261630524245,-1.09525065057558,0.738935969839441,0.682905329655986,-0.819945352683896,0.259703310957658,0.195202053567526,-0.866154015249038
-1.37194460546898,0.747316772176445,-0.283557326736893,-0.902042839863231,1.80074315591315,0.255861937989868,1.0039723811655,-0.136870786095949,-1.21370046302332,0.860742616949208
0.721193109232343,1.22419612773926,0.0232970312467696,0.139299542102008,-0.0790675980053211,0.879458128668123,0.457513141068491,-0.376152846372405,-0.306814145282347,-1.17680165081062
0.947541943885888,1.52023995146398,-0.959631078213816,0.786490614267222,-0.663089181112044,-0.754848419023633,-0.214936087005248,0.161139661293368,-1.84649629872318,-1.33341000383625
1.30556315921032,-0.989341491620313,-1.15536023469541,0.069356522310805,0.586844829962773,0.37633753074844,0.852397782394649,1.44968163007877,1.75744877868892,-0.599880560805962
-0.155893506095128,1.88916501982226,-0.420057965726934,-1.73231803927839,2.03090096353026,1.45218256584937,0.965051066963175,-0.204461887020456,0.556523763003297,-0.226211492160539
-0.334788633781163,-0.820485825230833,-0.141086937580013,-1.69028995128753,0.62622802484635,-0.636469933031065,0.745916296714518,1.03792966994045,-0.833891417766317,1.38845500593997
-0.97951238693324,2.41154993722573,1.05885751900641,-0.740719926215365,0.895545757032298,0.236003433932845,1.05775101077654,0.327594990161574,-0.373483558403673,0.789335998839871
0.473740556915167,0.759231423687935,-0.66769606431194,-2.64430100414951,-0.503113838580823,1.75655699661965,0.545461496089457,-0.72092235383786,-1.06876189791334,-0.0177119064157752
0.495452809449045,-0.524896831662281,0.354125727932491,-0.384767107629593,0.14867962994288,0.427444919659029,1.07089352962008,-1.36819786247638,2.24146875087084,0.128747509577863
-0.593504028612539,0.338747412215475,0.84661048681835,0.724301570257762,0.462934019352967,0.0447360080804505,-1.33455417883624,0.847778574231384,-0.18718084353331,0.338975679697438
0.132086197188747,1.36459086974605,-1.59502509834917,0.884508151593961,-0.144851271522298,1.1266779364592,-0.412950446135326,-0.017106180168606,-1.03993302909355,0.675265034825248
1.37970594475439,-0.265332720126839,-0.76496888525115,0.865122403520722,-1.16532944995594,-1.50238386623137,0.486212801922827,-0.926388270711665,1.43286262804789,-0.161820623265417
-1.07002721853657,0.66361429793084,-0.704380614113378,-0.249666010170239,-0.347247420819723,0.0673685273345827,0.317425347293254,-0.802238350345002,-1.81881716933131,-0.45629319513378
0.664165209888982,-0.231003228527184,0.351362056351675,-0.112489967455969,-0.974033656805275,-0.691094358033079,1.8175354240119,1.02608205855352,-0.674869413530201,-2.04050891742072
-0.713840526892358,-0.103581239508406,-0.803289828335847,-0.00343485459681004,-0.137212787495263,0.187377716974815,0.498989508554723,1.3186293605173,-0.320448942057362,-0.756875582917097
1.09892064070487,-0.440113930945745,-1.22725046209672,0.821407734888727,-0.474463642155443,-0.52253781576698,2.1244498911775,-0.00356850728499255,0.27120188934551,-0.503321633206071
2.10708292797548,-0.380109595842286,-1.48241038964317,0.257454683654822,-0.0153876357315203,-0.324006259691315,-0.980123409632325,-0.103785451559373,1.01019706253067,-1.52910620708386
0.783247814646332,-0.35531612677807,1.55691171867449,-1.16087254667227,-1.33310375956995,0.0787843675195073,-0.230839518228278,-1.07412058515691,0.0633331763429738,1.67148540692156
0.950685973277607,-1.73899018942268,-0.830501543073243,-0.00505333506306806,-0.0246646236507571,2.01517839727609,0.233551608933006,0.312046828336484,0.0748422365014924,1.363889404287
-0.705335263427014,0.963027455524011,0.458744299668177,0.301144837977287,2.58008674690527,0.999323985661414,-1.27331063573636,0.0771765503965103,0.428459671238999,0.9567413577772
1.46872575048438,-0.60430777703304,-1.01280541232644,-0.808402436825583,-1.43640232532783,-1.13309092457564,-1.11639134745818,0.691980551308241,-1.0210025315198,-1.15727595717016
-0.570517101358129,-1.0667434510478,1.60818420539509,0.0503945532654438,1.29523718911212,1.29216206862999,-0.399450174213255,-1.8316542084986,0.913785098724943,-0.516822382560929
1.93255663442273,-1.35174339274177,0.20760062598637,-0.718695728989323,-0.496174715487362,1.6091682186512,0.0544520275162082,0.0440546858397962,0.835106401619337,0.36028188952416
0.671049092822866,1.59873446744629,2.01003817804904,0.644060325202607,-0.406697400908415,-0.392701515702129,-1.17650471900942,-1.81394093030406,1.40607111749477,-0.639159643375367
-0.0922051707856948,0.543434320876045,1.25766601811885,-0.799342937160934,1.01327520399633,2.74303446146429,0.287441695747304,-0.605924219968851,-0.222211481695536,1.22701428485474
-1.04445342795707,0.194867142472966,0.644852458028261,-0.70822335948037,1.06128219414475,-1.10981568849772,0.245733857201373,-0.996561985390605,0.0569851587696125,1.74082175283103
0.116493605884839,-1.37252455539376,-0.820952679946575,-0.0683392609022618,-1.07289159511469,0.2615840855414,-0.0199101541805068,-0.633702421772979,-1.18929330524118,0.0616783478490949
1.25417419095327,-1.20037899302624,0.0720843595607286,-0.963244736974933,-0.452609813152571,0.795609180934325,0.26978853570677,1.5931758924967,-0.968266698202433,-0.590612099458101
-0.339000275781577,-0.306569155610134,1.49179590246537,-1.45735845843363,0.747505730673261,2.04360500472409,0.195007036221862,-0.504151826627669,0.548982652559979,0.504728318472321
-1.32088056809037,-0.155308763498389,0.452879287173012,0.916266051346931,0.148972928156483,-2.05606348065804,-1.97184606431678,0.141662894740079,-1.08511846103993,0.532249576207355
-0.994829834582031,0.719759029400531,0.917493017477117,0.164551285760778,1.16090213963447,0.395637914273624,-0.644798580533147,0.439064094849342,0.592993332193048,0.389422689606428
-0.780385739448123,0.358762112554829,1.19374486479616,1.11446650243023,0.367280830566812,0.542328370469308,0.86453724401885,-1.92073779782691,-0.344720090616082,0.000602005287137563
-0.681899967731255,-2.54682187625682,0.539221167277289,1.55595985425438,0.0518626456583347,0.185945251379013,1.11324980188301,2.52254931444408,-1.43766933952806,2.41671067227856
0.789623800196672,1.54957856541506,0.418412633332378,-0.0500243736826142,-1.12770972831898,-0.581229077302233,-1.2089372158536,-1.48968392663685,0.0982509486781907,-1.77798376096318
0.714988682340113,0.157365661210414,-1.62067511583919,-0.338994847576085,1.09824932486098,-0.267954750143721,0.351123286705878,2.27118402645958,-1.06797887134311,1.48101577268607
0.636686318902482,-0.185527176938637,0.31072223338796,-0.757372474880782,-0.210578367540294,1.71902976223835,-1.65641057800243,-1.99004232837561,1.09441653422233,-0.766415897151885
-0.286771479823161,0.559567670384954,0.949049543070564,0.896973687493104,1.11961160129811,0.456064364304092,0.240903711534839,0.551855586276991,-0.739726175617406,-0.305629394560205
-1.14061370431557,-0.793469424538463,0.428108776808518,0.351060766232722,1.38822806287466,-0.418322613434636,0.279318776105203,-1.15006854619406,0.995552494039635,0.752494255552938
0.762836826802643,-0.903908321199852,0.973360268761968,-0.110438315208029,-0.816854386043145,-2.00510689857037,-0.961537834768184,0.157552589773469,0.779331414749242,0.322518874843664
1.64673095105177,-0.617907707622455,-1.20161977752328,-0.177677720176023,-0.000214782197293439,0.307800929616355,1.31380912723736,0.987694278394778,0.175419997987627,-1.05920617533976
-1.05261346767676,1.49037257771268,0.925851226075958,-2.17918746972843,0.74342396244826,-0.234289101551986,-1.18788312737932,0.929861339202241,0.106055387005334,-2.00759720976258
-0.11751670078502,1.94192238244418,0.276530913976127,0.582862125353463,0.141904972583709,0.963928092795437,-1.14142798390468,-0.980302450260467,0.849221147785516,-0.70617673476641
-0.1768244615321,-0.187986649892753,-0.805658949674092,-0.0612837923674865,-0.23583934139191,0.0883777903930925,2.30159880459481,-0.52766583892013,-1.18569333659725,-1.66170024176687
0.546759365532204,0.687672636733827,-0.613870510149041,0.277431019777542,-1.411450069476,0.55211616734438,0.4398482510934,0.3339862430836,1.30334320244328,1.88493893966955
-0.323623183925751,-1.26123507777718,-0.380205273310736,0.128047269508899,0.528137239335481,1.53861831653772,-0.956166954578943,0.349220338041506,-1.31737820298855,-0.207277055590318
1.16254048386256,-0.108270201293066,1.76280957767319,-1.27243621166811,-0.321058567441888,0.315846246942745,-1.39841188993649,-1.58891479160491,-0.0568593841390804,0.678633044641037
1.37013558513641,0.109685910506203,0.237185142170042,0.273727365973347,-1.23918050554202,0.509232747996583,1.25987894862012,1.91783078059856,1.67390778422189,-0.16900998031826
-0.108031656910699,-0.388972146254843,-0.785242083681087,-1.05074346559234,-1.67571071754021,0.236295829745225,0.0726131177898229,-2.01060032836615,-0.192542949453915,-1.89822282544159
1.28560667640886,-0.547660057349218,-1.54262391163779,0.0764140926995843,-0.192857084212862,-0.580495206430766,-0.944569446467303,-0.499767399309667,-1.40807888632506,0.0754734198737543
0.0732687812458575,-0.660408669917526,0.979469477205786,0.297897858347284,1.33468986991354,-2.09854290016884,-1.97885654857356,0.100336297150783,-0.491574955260764,0.53991118463528
-1.3227706343755,1.92918688009128,1.24719790900376,-2.20272604191029,-2.44655162966623,-0.573450515260044,0.331388680795242,0.725162221829699,-1.61749314276948,-1.92078841090172
-1.36968603863175,0.760116403944989,-0.251279177675781,-0.391694492233208,0.877158604153629,1.01023318027848,-0.533992771604856,-0.314459106928219,1.18946196563304,0.61186555580153
-0.339578491216082,-0.428575381271808,0.358868126239499,-1.23514526822634,-0.983419259668446,2.28408559217649,0.60158050721808,0.477237807961868,1.05195145170627,-0.760195906275612
-0.304933421639679,-0.24769969215515,0.0829855191583335,-0.538702046157468,-0.891541559325506,0.175201304347837,0.430866052019534,0.0117064326189476,1.30854571745541,-1.03932409833527
0.196224257659347,0.602623112318676,0.398698650504743,-0.00926052506064421,-0.366811070692343,1.39356337534193,-1.1466462151103,0.074511730878929,-0.233004078396239,-1.33769650218741
0.916198879768052,-2.08442019277145,1.18904917804562,1.72549193021067,-1.03157985702215,2.62000726883973,-1.74862832669878,-1.26730345956249,0.864752588820412,0.239677350144772
-1.16194623774273,-1.89153550663354,-1.44752697212017,1.00123780606843,0.558268783337207,0.0523405058978337,1.12843058419252,-0.777796090238299,0.149056815538982,0.290080253855861
-0.37372649711311,0.51364614208315,-1.08560409704767,0.437364890073544,0.779507834587137,-1.08858468536224,-0.899958374471875,-0.486481836803942,0.854099200625998,-0.715183407912298
-0.523129001653488,1.05861085163704,0.646442446249096,-0.614191261535272,-1.30235467865193,-0.318222799199631,-2.33589170056515,1.40516211480353,-0.24230763334175,0.657184990384778
-0.649658220757556,-1.48473316171758,0.43818233089045,-0.568143778746934,-0.0838942943157663,0.549422343376141,2.6085229828718,1.37713632917078,1.03251391151764,-0.441136792839972
1.12798945863391,-0.838848173177431,0.405087091735055,1.41626248637254,-0.952611456825084,-0.238819673503428,0.663106618345892,-0.353518904295644,-1.46743414672004,0.296076875547811
-1.32555590566789,-0.359676711200384,-0.302922397523484,-0.957049315958802,-0.0699787731297458,0.0523465027599476,-0.444309406306017,-0.241161411918969,-3.30218644971903,0.585461744622311
0.810518131156713,-1.15905583189624,-0.543068579710969,-0.97889728154438,-0.0477091625657308,-1.34228866429328,-1.38512872699102,-0.346971876813145,-1.55034829474838,0.57782078388861
0.647681381337589,0.421148377168712,0.884970569390778,1.88506534300834,-0.215095869187157,0.239128158488805,1.16537437079333,-0.522205857670342,-0.191002452607263,0.138850406549546
-0.317610130954511,1.49139136098318,-1.62297466246922,-0.988322959541466,-3.04358458403793,0.654475661592595,0.355098839433256,0.0366972726617238,0.335013421822434,-1.75592222450466
-0.568455384206793,2.92367233892981,0.894633773286383,0.192831730655595,-0.630812883027168,0.626376995612446,-0.630467863793884,1.19326694823037,0.524122458788476,-0.840637906893991
0.764197177521479,1.15645690581737,-2.2171653359852,0.67405773071781,0.655715247102394,1.47264172820297,0.68424237443161,-0.675006381831108,0.631002127687453,0.0695140206450666
1.15676084879492,-1.9331469196028,0.570416679483738,0.407024028793446,-1.04883027761807,0.583942472026213,-0.326822996248587,0.43215508983571,0.430602480068547,3.65375536376708
-0.168866606611023,-1.37711800055574,1.37363298923735,0.297777668530389,1.22244506342167,1.1363620363085,-1.41635913833024,0.596801806261724,0.641866633739812,1.1031492943464
0.132525309798674,0.261242545656387,1.03517610443284,0.486652773161894,-0.502702875468973,0.635447232950585,0.590355994904202,0.317887464893849,-1.93392985867819,0.895942763320003
-2.7126178311567,-0.835181319513154,-0.281977212481449,-0.934432132455383,1.64214393988386,0.312062548453709,0.445259549006466,-1.13411320445915,1.1408237388561,0.299368747961972
2.22773482802336,-1.39222007336887,0.260486638140367,-0.882529873714751,0.95983904325214,-0.104251520001488,-0.344624985333955,0.317388932559522,3.18487207345873,-1.11100960739138
1.16202085086691,0.728662558493496,0.360607667125015,-0.804856609414562,0.504811221647613,-0.497500687916787,0.435222637203065,0.216049605876831,-0.437342175922178,-1.13933738191633
0.24835196959194,-0.481074403966926,-0.622455564315774,-1.05541706792147,0.344483732570118,-0.318484171296837,-1.52380908602576,-0.885063136642862,0.603726127025253,0.854840859311014
-0.757511143935878,0.825033551312721,-0.4812924291768,-1.70284682295103,0.598627823252399,1.32740490827693,-1.11560325964952,-1.20604886412407,-0.694571691149422,-1.33684692169582
0.292733689262444,-1.75406322644848,-0.952157402577865,0.810596204183433,0.227958324268843,0.438853421496467,-0.109303572927401,-0.457592661775306,0.300772610301606,1.84133999663338
-0.23644841659216,-3.04885906441709,-0.375242212909751,0.943408944351297,0.450881641588008,0.823935815116767,-0.11336218198732,1.30244378484302,0.108337080964707,-1.96036504897955
0.273130975253593,0.0240065034044673,-0.144153507146012,-0.0679965408214056,1.19709143016675,0.303411276567594,-1.16987314149322,-0.971428389946049,0.726481124881517,1.42023889575179
0.775996961399016,0.0579288584979216,-0.530031763749495,-1.80084565901325,-0.326502731742178,1.70186400568393,0.513044255114545,1.31172429159039,-1.00728457937367,1.20767936461538
-0.641613613567671,-1.23167779163154,0.901829961111534,0.542863872578737,-1.59207139580268,0.170239759840924,-0.511309824922098,-0.947280032436917,1.28650218900607,0.817595368129602
-0.933313190831707,0.522395906993701,-0.431309409428906,1.44181388910904,0.481990184454106,-0.64027204335049,1.44935192294967,-0.869424787744526,-0.60034981636647,2.29503045498047
-0.397943054490392,-0.410579750570254,-0.937856965409888,-0.734509557675848,0.351235269109208,-0.926657024708507,-0.497758969551484,-2.9218507546604,0.498890850013855,1.39758539242496
0.176084195832477,-0.0120438618824151,-0.757405092746029,0.211483910281442,-1.12215648000955,-0.788059440459442,1.32618754694298,-1.1023705124368,0.414668982014866,0.842259242280931
-0.265927115602455,0.391752970484678,-1.18762878210422,-0.420271321554107,0.344396630637671,0.767037777682208,-1.01638843354625,-0.942469540838671,-1.02932524881118,0.202009026129066
0.473073874449619,0.611344303272179,0.737760488794936,-0.976460434193464,-0.898047779364293,0.831355098988868,-0.268798842879881,0.51028394081243,0.155002648874413,-1.08527248108187
0.412926876240732,-0.747033730260619,0.0330971947039083,0.333608424772066,0.240375251300947,-1.62145982443979,2.50350191246588,0.216698571441793,1.28330797974524,-0.75892856139358
1.22230683602172,-1.94926091223367,-1.07510530997361,1.02054673274088,-0.89926522499118,1.43872473270274,-0.461289549165597,-0.494393664897146,-0.742668751955151,2.1994014881114
0.674803704875659,-0.423128792973569,-1.16774880117843,-0.140776074818375,-0.0248484760224547,1.18787587755402,1.96543171111603,-0.102394108369284,2.30726598947113,-0.0338327960147262
-0.186208308842045,0.0400980835434921,-1.34894456420025,-0.184827133460707,-0.476226948192852,-0.600954380595314,1.09480807866157,1.27138131181212,0.317557403341625,1.04521185147672
0.0563702946273453,-0.0846385295175726,-0.313269412164585,1.25554605718346,-0.611339547404636,1.32767943717463,1.6196357304357,0.911114229131755,0.292005256295795,-1.05339462542734
-1.30424262589343,1.15911164873263,-0.437069452615259,0.283029571734711,1.99738479746796,1.73425285379528,1.63488231471307,-1.39492548296975,-1.88127569913602,0.437378434197223
-0.907670314093776,-0.0206269369406781,0.180550581862485,0.20385304904746,0.127975572085604,-0.0511132115167982,-1.56427790464023,-0.229323989021743,0.705893811329484,-2.88306861719786
0.147470456072604,-0.934907736322768,-0.851916126215901,0.935312816778358,-0.213519915460801,-0.605091078343617,1.30383906856598,-0.838075449697883,-0.332003435765117,-1.50818616652941
0.968353625324114,-0.217789714348399,-0.730811742726407,1.45675394964442,0.345826630617542,0.649293659151851,-0.052661355598984,0.44092417647642,0.580593071634826,0.638826905597229
0.832859650618283,-0.713438019132483,-0.782092278960667,0.243507764643887,2.07936178395839,1.12896709611839,0.3055598386033,1.80770149527588,1.03471257971121,0.572718890470747
-1.44349511120879,0.91548027202895,0.192681366620722,1.66508917364376,-1.0163890224145,-0.500408731501401,0.659771802529585,-0.507647292307486,0.244930786162192,0.0903332757537081
-0.864050415742977,-0.420953034463444,1.11989479882165,-0.267553534913481,-0.66152479187355,-0.0454605829630287,1.03994746534005,-1.68743552346479,0.645518495300514,0.696936047193387
-0.983837486010868,-1.59720646422812,0.487831563430229,-0.0103664769239742,-1.61591883943131,1.65643480247277,0.779691507440873,-1.02924783555291,-0.969080449943294,-0.0145237041370021
1.29130580553563,0.578593048723385,-0.864504804012333,0.237156366639671,-0.684650191682749,2.00365547886081,-0.319617139747495,-0.604223102918659,-1.35751720440216,0.851461008592406
-0.119210682273806,-0.541702195690948,0.887068235340945,1.55021058784403,0.797700281226317,0.561642126875568,-2.04290574643759,0.899152649261173,-0.753353280283992,-0.201070692478329
0.227580505902457,-1.99699742629803,0.941893785608812,-0.449043304784554,-1.68928400769941,-2.10005257970972,0.859601619377823,-0.198705695919442,-0.602579542463241,0.356970326595076
0.667679593465671,-0.313871663798504,0.223970902309409,0.479064820138414,0.553543320749054,1.76881355467333,0.121851415038039,-1.10582786368016,1.17643996799896,-0.393111357399533
1.24646045582415,-0.327598048611323,-1.74963970058587,1.31441180878592,1.94465479628916,0.121509235059222,0.56708223573902,3.08735587455061,0.765669276260988,0.702307608777945
0.0901013030446611,0.73909791528728,-0.0655545596427408,1.02596841225613,-2.80144322905159,0.757412232513674,0.853766681644529,-0.984178338613909,1.84434378654935,1.26582185261046
-0.481129880901533,0.0368579579829613,-0.815139837074919,-0.5265834339749,-0.251694489400782,1.9090801488885,0.668354512789513,-0.143198286455373,0.801295277493823,0.90227604657471
-1.29505421808595,-0.243237038138338,-1.35000865581705,-0.722078648088639,-0.361714774581502,-0.768171071024638,0.624305500614229,-0.230877676456688,1.5420254707129,0.882042664654346
1.27710013340025,0.213896226841174,0.540814546087581,-1.76314120849623,-0.193066793121465,-0.642309690778754,-1.38190324965324,0.885009518525392,1.29352880353712,-1.77598506928546
-0.681061962022445,-1.94067695610365,-1.05810725770855,2.43816841213525,-0.060967948627071,-0.00368082869190336,-0.318779878432065,-0.189901715060698,-1.07462567723922,-0.695264864825812
-2.36546263991976,-0.335919072860651,0.939105430189314,0.693181999632525,0.0397237099374264,1.35054772891171,-0.248180306504934,0.541198928229452,1.22897880664621,-1.11204100052921
-1.33558355742233,-0.149261349277911,-0.843652817286435,-0.313238327803634,0.182538571399155,-1.10320251738388,-0.813183502668814,0.992946950137131,-0.960597455780006,-0.0443630962503256
1.03829932279703,2.33678862942122,1.38756948405213,0.221447643670106,-0.49789487875092,-1.46778750349727,-0.375156163854637,-1.47762569681676,-0.728983737028527,-0.896845012943362
1.20023734680475,-0.200318622101492,1.20497522933036,-0.0801261050297067,-0.382872939606147,-1.01959053701324,0.262414820130363,0.0376823224247187,0.551870521588938,1.21978387576597
-0.616415744975235,-1.45916929780499,0.287438441424058,1.46118278128314,0.0142368102371424,-0.241021851624621,1.42208202364915,0.0177356682657514,0.035270568852483,-0.71279166379035
-1.14943077200644,-1.20220427297512,0.602820164276576,1.27780755371635,0.948646403967346,-0.838056658955818,-0.0402926978382631,0.773031050839974,-0.394181395250988,0.261461878311146
0.0478136774630521,-0.193856927921554,1.56126552739911,-0.0755050819008451,0.257442666663652,0.823287728077986,0.401438501105329,0.207085402479685,-0.91996791669096,-0.474982509216231
0.0445775645679037,0.380525980585354,-0.545373360003603,-0.419428393698205,-0.16457672316699,-0.120409766541271,1.61943715281617,0.849088776027547,0.786914299852304,-1.02511833553144
1.03531665988631,-1.68082391776352,-1.16752564638953,1.07741386171272,-1.62893674480754,-0.18288028642581,-0.0111569148801235,0.411196881090561,0.3205297710837,0.295300372192843
0.304024539415066,0.994900009909848,-0.547391762191774,-0.906867404649095,-0.373262674387649,-1.42968880537328,-0.2857159610749,-0.278777517440948,0.068014159683994,-0.0609189721154568
0.0247691748363446,-1.47848253855097,0.462884063349309,0.639316523387216,1.05807449306815,-2.01181288245121,0.0308670011009192,-0.471621218683756,0.778810733483343,1.47581083672682
-0.139486877911319,0.835524075864686,-0.407478151665058,-0.978298070923056,-1.23704580231074,0.790893025167539,1.03099567865948,0.922717589447019,0.48714666373881,0.0098618425487612
0.537516262670448,-0.68234938690138,0.0853187467405465,0.307656451562304,-0.832747174783388,0.340978998635897,1.89301542168308,2.45738626984808,1.21481115612735,1.32844281586608
0.111471810325378,0.802806753796624,1.68574765894437,0.0582908118002251,-0.251768528040784,0.261499395814121,-0.289276443383524,-0.929865336804522,-1.27900746413942,0.469001215544676
0.746503998907427,-0.120306112900546,-0.767643862405592,-1.00836599399805,-0.410449626085856,-0.994110223518989,0.124509610249666,0.693216403833113,1.12765470138552,-0.411087005418591
0.514517992587396,-0.752837059333135,0.151351031208974,-2.13922467975442,0.109819503473944,-0.31314098333874,0.536380328661345,-1.68145543738437,2.10321180079211,-0.65504909347288
1.33209053407017,1.31889416323136,0.0813323909860263,1.0556502230565,-1.03150214769984,-0.427634350287366,-0.759811378270642,2.3351132974565,0.674989889037115,-1.35727366434382
-0.389753174359394,0.426612979502403,-0.117195041352988,0.356172069141189,1.21817977389372,-0.625739313082687,0.129349704413319,-1.49117324973148,-1.03271713257372,0.0281192019095128
1.02723787343594,-0.535318969113463,1.73153542408461,-0.79164477313343,1.34215862403424,0.154760804660965,0.935638391653826,0.199237463640021,-1.63069872152927,-0.666115786549775
2.83981772755474,0.837315137160873,-1.71842582581166,-0.729384252257665,0.83263464273365,-0.762777158120213,1.21329451168262,-0.389251990109379,1.39231288267121,0.170828665915817
-0.361177737394072,2.24438745907051,-1.8900110838173,1.0754800299545,1.31409653354999,-0.917054306244061,0.844354856488584,-0.956689909105586,0.824906116949683,-1.5874436803985
1.27612288553339,-0.0358188819535265,0.475318919723041,1.40016574553001,-0.480075372318666,-0.677800613219906,-0.149374698305612,-0.379692320418029,0.00776278655724562,-0.106969901062045
-0.0168176079819209,-0.682231104250449,-0.375133042413358,-2.5288765561532,0.138508682516064,0.519423256840461,0.994324060423757,0.379947102232643,0.108421434009568,0.263836269486045
0.0924858750302925,-0.993295706052071,-0.0678046378978923,1.5875519610601,-0.551862264198178,-0.170546400803167,0.535595423666078,-0.680329781848205,-0.791849332043003,-0.937936338589812
0.468143936690164,-0.739790181271699,0.844689713403617,2.51658116593639,0.160825618678482,0.376688745152025,-1.01756318973374,-0.365871256506668,0.315976357723201,1.71611707780163
-0.753798608041787,-0.11297227216946,0.671315655276131,0.525260909144391,-0.676521100323501,-1.67162370529835,-0.378894658986749,0.96260108886381,0.795797196365348,-1.93704062721136
0.738299386224101,-0.521676577191836,0.0363979370827495,0.570994460899902,0.712745065287736,-0.0120319752625466,0.0624094915619718,0.752232987911236,-0.165391659269281,-0.175682105722426
1.48178315362888,-0.604626886314649,-0.597439305915524,-1.19123955052539,-1.04588263740639,0.184343865627995,-0.374221362761361,0.242061096908697,1.33377431548539,-1.33214507074179
1.00145293769805,-0.0135158823196991,-0.530285186487764,-0.0470620627288456,-0.00746203329052598,0.273617203643344,-0.00808928826544799,1.6936720075277,-1.14685989455468,-0.53104761129135
-0.145768349550036,-1.58697325625827,-1.53674935493116,1.22094278537762,0.812411068686508,-0.790055078975728,-1.5885534413265,0.44921947766872,-0.261045841506766,1.3868582272813
-0.372424282901445,0.814647828999953,0.200782109334487,1.15452430966963,2.10500042626536,-0.0488391527369958,0.100948190252826,0.890078576887727,0.791168978275867,-1.00523039454948
0.5296600722113,-1.31954368892821,0.31748434421962,1.38210237489566,-0.591634174906093,1.10330282861326,-0.0961141842062659,-0.218541293368604,-1.04804228714542,0.110000303210764
0.979294179605532,-0.812210923099397,0.773393324220692,-0.596192641389183,-1.06689392518899,0.956772258884615,1.18388154766548,0.261909550413365,-0.2719458440027,-0.380955087060144
-0.564457177932035,-0.733722245149337,1.14321535589426,-0.840103839566444,0.541419427344347,-0.582762410093243,-0.033393336234437,-1.21521709936472,-1.73914411702358,-0.826010911313929
-1.19730006220143,0.771690300419516,2.91836856052707,1.28938290397608,-0.642957022068474,0.481714274303108,-0.412738219531173,-1.92675881317151,0.0224833287869768,1.8239476296987
-1.07828662400216,-1.06035018538488,0.216017497901146,0.317960586445809,0.768622792746599,-0.535073528945603,0.163352557819204,0.014917599661364,1.05274847403323,-0.664749226870987
0.0346093019556915,-0.620884925700843,-0.251441701586674,-0.243369686294765,1.63630612575203,-0.909044923838689,0.65385885347553,1.02588392835792,1.25407158848239,-1.39413430326465
1.1498211301853,0.750207131405561,-0.898079706109047,-1.3798644321157,0.678015496058734,-1.51700860450441,0.844552688656545,1.07707558702869,0.413372733319142,-0.687315666910787
-0.31928377860818,-1.17124763292883,-0.271605944729001,-0.0686697425232122,1.59223475733212,1.45287284639997,-0.114837978818316,0.231029348675223,0.354414920777086,1.03625916325319
1.27094681409401,0.558281398578152,-0.812382114183894,0.341950341124052,-0.202022526389159,-0.351214876618758,-1.30611293228023,-0.438566435338621,-0.710021836268158,-0.983067859548354
-0.234711236976927,-1.82614918786734,0.952929265076341,-0.0346064017910628,0.897759169031477,1.37788949072318,1.76747005879584,0.111219686201461,0.450181054100003,0.648209988376151
-2.19551937832965,-0.868620505782178,0.845338037129948,1.50008321556343,-0.889058249477216,0.191140588894002,-0.519294800979452,-0.721875157243938,1.04799650275433,0.120024925796901
-1.82180011230911,0.503626783482766,-0.300416613907687,-0.770933142686035,-1.26731379645426,0.386679694591275,-1.147726410888,1.91852790819045,0.289409685286767,-0.246328346339423
1.58034574590121,-2.11630032151247,0.300991345577485,1.19452164580037,0.0225127273713633,-0.0434814453309971,0.445883841726443,-1.68464668979812,0.830608189524832,0.485966107906115
0.660955803133968,0.438490735012946,-0.451308013781526,1.00524002802955,-0.124818200852267,0.0219158700412306,0.312750612836467,-1.54723902336344,2.30198074406531,0.154861794952203
-2.37336462636467,1.0255628636493,1.09846053063005,-0.627734953860107,1.26025049387574,-1.19781864918092,-1.37307235227483,2.14534418831723,0.539904292972463,1.0446383235446
-0.284065938923529,-0.116924670130843,-1.0455788499103,0.0678007101911538,-1.807067822134,1.64106291549479,0.954898385076401,-0.525703569059093,-0.931244879922757,0.708243990040838
0.583187055789998,0.619988790979755,-1.421638691212,-1.76100511192692,1.84104842696972,-1.20338723862836,-0.138292509309857,0.905000849227636,1.23490497629784,1.40076708390163
-0.457634023003637,0.40880051309475,1.85779440163459,-0.0942827895489921,0.0742059570769126,0.881492438666665,0.70314104728056,-0.827344743709168,2.14627952305218,0.706005035882288
-1.90659478681372,1.5843023523805,1.84035846075855,1.05409020895386,-0.0497799480569129,0.211746398548995,-0.373969609968894,-0.904470224319179,-1.2334258846418,-1.35046671559252
1.05644572733883,-1.9744114736509,0.689795916731265,-0.690554304553206,-1.89086562392343,-0.0523427203348447,-0.880775300235006,0.877496076610262,-1.91751313585393,1.09890179063178
0.238408183583179,-0.774723578782991,0.67865224252149,-1.41623050829626,0.305266796358719,-0.839571668202371,-1.44009750321951,-0.554407880002833,-0.361965127554627,-0.582603779858856
0.205422651667224,0.310037882900612,-0.0215795830548991,0.12896051352527,-0.377293042332828,1.57705370968073,-0.804155476477092,1.04304126469111,-0.412074026692554,-0.147600257739132
1.94158308612256,-0.809136798262151,-1.14153341192925,-0.339819672593908,-0.342687976428448,-2.43963491627924,0.557668376787927,-0.137531075291812,-0.492862139843086,1.22927790177058
-1.0779243820973,-1.28664391953899,0.405360850018339,-0.133929212916302,-0.783283733334724,-0.570817744467027,0.652405085935616,2.93320619238698,0.254077532533354,1.21630819197993
-0.522007083347854,-0.900331446783147,-0.565810086620861,0.342188388767657,-1.496144341001,-0.806453392047492,0.49825738864246,-0.443883761788204,-0.159244651918784,0.365359288781265
0.767010819445681,0.598770268363988,0.812325757107593,0.612486355342362,-0.787128636878741,1.55430417601103,0.639207771454718,-1.58050948126115,-2.00660570370921,-0.273263586056946
0.103083410857419,0.375146120929174,-0.548571663042552,-0.619919057898987,-1.10601178399191,-2.36024665370549,-1.35446433482742,-3.1154335635362,1.0446106014727,-0.720712421626617
0.184568673074261,0.102552088348933,-0.742130252607353,-0.0970007460636533,-0.655764922477986,-0.615054536011528,1.06780050134893,-0.0153710646097371,-0.0948699770921936,-0.127208011737102
-0.422297134716039,0.345686851141488,0.845008956801009,-0.134827915535567,-1.04066431895382,-1.0403373150342,1.42425224734624,0.682119786507815,-1.52808647307202,1.80701144631648
-1.10737955983615,-0.782265755762369,0.646478167398966,-0.811051909521655,1.9294142588704,-0.203522197215404,1.32448863746058,-0.77740721823356,0.921022083051434,-0.301742928899167
1.46135930993588,-0.738636902170973,0.542399088595191,0.166142010082096,-0.0372462109934862,-1.45205397900368,0.402617269757874,-1.39727496882142,1.01250496696453,0.906513240442565
-0.303682505287933,-1.40944522227909,0.958515484522643,1.50114672248414,0.53969298571954,-0.612694200731322,0.10828571695795,0.214756518214168,0.336971287176807,0.75743034636992
1.05254274339517,-0.999877050773162,0.555279585099637,0.472900536125942,-0.417201151911468,-0.0376928025388244,0.722164335901012,0.721629568784863,1.12790187497188,-0.895954778892544
0.299393242335029,0.000104573907013427,-1.41736654438245,-1.55564137289371,-0.701645965367041,0.0261841852887388,0.496244577407296,1.91496220078236,0.0748013610395186,-0.167072190065056
2.11044819295553,-0.431487773772255,0.637214879814767,-0.998659431255446,-1.40697358900969,-0.387439055268496,1.05214151368992,0.846596348064102,-1.29333620912245,0.746791084075255
-0.0686778192020037,0.0956706514395967,1.15030078526682,0.395073928015649,-0.267384814889169,0.172660937413208,-0.849074550405152,-1.16217999958774,0.212694460165343,0.0862513436913541
0.732131684466792,0.637695219465914,0.50899386562226,0.517498711145811,-1.42024965374579,-1.20508204834376,0.665432255826849,-1.01498440448064,-0.187562446224159,-0.811193767390659
-0.880662733377334,1.86688055474828,-0.355205593810381,-0.426322655799065,-0.0711549605594415,-0.440921847055084,-0.450061556461054,-2.15992243759621,-0.915821763782671,-0.318502752053981
-0.736964861975507,-0.332497175409148,0.511295885930203,1.19646226761108,1.96247360213071,-2.33464786921827,0.277619625399992,1.07496525160749,0.0625071195706691,-1.57123423753692
0.340823635923598,0.435317558056336,0.573959300792219,-0.0890465687270781,0.608947198777028,0.131358198299329,0.714364931893572,-2.9168469422634,1.02200284772281,0.222029865568689
1.30439424663566,-0.602796640709213,0.539929394346207,0.108445085537085,-2.79836508825939,-0.723418731637754,0.37869002058592,0.248145578183231,0.699503746927587,-1.0735516873741
-0.243758147655914,1.25580716234182,0.448067925139891,-1.92833493376491,-0.49909966033218,0.737576788858228,-0.665007020380524,1.03691953630578,0.40406922216304,-0.20707142202313
0.543698343940848,0.34874748505667,1.04669976943241,-0.190773681728144,-0.731168216630293,0.303468033996821,0.338540289549178,-0.274779095492309,-1.70552682941014,-0.254535791626204
-1.60989002741867,0.685657238289487,1.23565631849295,-0.911204165917879,-0.0742009826379698,0.444122293610048,-0.745191244921945,-0.666462840184786,-0.590947771727586,-0.076970375265747
-0.595537519903266,0.925615705621382,0.319870757678768,-0.690344634161508,0.993903710476646,-0.766986525519248,0.380848293576018,0.958599377037339,1.92753221051159,-0.563110007439725
0.0056143704514417,1.14088903033811,0.944725653904241,-0.0712338767518472,-0.440925331657553,-1.24064590082628,-1.31935758197578,1.57734780560209,0.801215401747779,-0.0324600456817997
-2.25231697528895,2.00783393159838,-0.22120037643931,-0.580224165867795,0.619972638924852,0.158197226250814,-0.18431884889694,-1.36975972539516,-1.23751722275939,0.0210330472391809
-0.359741613973654,-0.647856029157157,0.38125108729816,1.35543772261448,-0.63127059275552,1.11830644160386,-1.09056684851677,0.370895837237832,0.465011285461909,-0.515196748639414
0.117081112471554,0.198429027319493,-0.452633025223855,0.572038729709099,-1.04164994122801,1.00740836501719,-0.290496602786736,-0.123657179769214,0.760513921613577,0.541233795691406
0.778567677065404,-0.543453719034274,0.62401643574765,0.40286925844146,0.36303253464929,0.2860883754859,0.0254956827513885,-2.49280098283652,-0.114217979013652,-0.22054102607739
0.334143251886724,0.367899416005129,-0.000980762558956554,-0.941937423783042,-0.535359280942414,0.526551807865809,1.2496875629593,0.162509574180597,-0.36943167653641,0.874945479132035
-0.434985522455126,0.22346404803784,0.381548550175242,0.421629264752298,0.0844890095310709,-0.627614932103903,-0.314904779801206,-0.192220464109562,-0.011735647302209,0.288870182037784
0.755404494931162,0.0382113891107283,-0.5461314272123,-0.176326613826012,-0.186427944188207,0.928156808928392,3.99838357374002,-0.855222882518563,-0.846405744585127,0.0972223551894287
-0.586063130183077,-0.313260952951968,-0.325851050680884,-1.97693310943558,1.06214082635651,1.00863381563872,0.150266523196283,0.407548179491552,0.158313490931369,1.64467863799391
-1.04568703804181,-0.414867005367366,0.269592658413352,0.89693074176698,0.134548205920775,0.471659635264719,-0.11821011877771,-0.528198742714986,-1.73574132561954,0.696913383850808
0.624316573751549,-2.04020066591523,-0.187225862942036,1.69652780950117,-0.80057119409731,0.281413787665186,0.681490618605349,-0.0914966256705572,-0.91545962852152,-0.0404940026157584
0.127317757913124,-0.032485053952219,0.978287964289433,-1.03712724992531,1.40234796774523,-0.162458174693078,0.569351487761772,-0.309227944655605,1.10545181664085,-1.3526450459665
-0.0449484784973352,1.36882459709357,2.13259339069844,0.479236755221005,0.603771136557375,0.643961529696089,-0.991318180171919,-1.29261821957577,0.497861373451443,-0.548054088671919
0.514251922689982,-0.939367072773599,1.67072026708904,0.0265612468843537,0.93457774269223,-2.37794614827697,0.0334317286956966,-0.961641763951713,-0.223843115489331,0.728366672392309
0.668192005278015,-0.715831622502191,-1.13448587427624,0.963127664756857,-1.28308409502011,0.101670993789157,0.137708484565843,1.55550876984432,-0.938531765212437,-0.305117782496563
0.566742362397833,1.40719410963394,0.268127577006657,0.115871735226811,0.778638818210948,0.423655454747109,0.0105371536053624,0.34354942202513,0.159205666650719,-0.474333496715871
1.06500723856546,-0.472796624671206,-0.220142028278858,0.845746446102101,-0.0591971464342912,-1.46741144419564,-0.488702464687559,0.28675939936908,1.84635583268557,1.72759305667681
-0.0298701668002772,0.965115583712349,-0.362718129523938,-1.83883877124609,0.0394263201200149,0.160744841141463,0.680254644733855,-2.24980041532007,0.179714744759948,-0.494688325419264
0.485188443758004,-1.65106737956569,1.29224152491646,-0.430839553465117,1.11000922892078,-0.82562630543219,0.348803857828619,-0.062413008232073,0.0979112952021732,0.670568189082977
1.14349503907081,-1.39727700132915,-1.44404608195523,0.256265506790299,-0.363914853406172,-0.671128609254746,-1.00260278111519,0.873132982781979,0.00204937602169556,0.330542333559207
0.300606228123872,0.378848212115625,1.20470407886771,0.0248039686611178,-0.561479379258501,-0.161948143965024,-0.359073379732963,0.251406407081391,0.48326288962729,-0.0418896232173113
0.427656322427617,-0.252944359091788,0.302778443907053,0.120752228901352,0.27190460989433,-0.346607153883845,-1.68876561364284,0.16463513369834,0.218879433941414,-0.301119805903326
-0.257639581735668,-0.8086345204004,0.464501369333232,0.929446038587098,-0.966371450278825,-0.263999748843182,-1.61789435613414,-1.86757517436002,-0.385026681359396,0.61951657597762
0.992573728702459,-1.18973475915679,0.406452305943702,1.25448726970252,1.27825761933394,-0.161334353091133,-0.0890311256658127,1.34960213404297,-0.171796313807059,0.942419582243065
0.164392003991323,0.650979633137882,1.03919050181234,0.708566454544809,0.445110950664076,1.1246978971908,1.26734705454146,-1.34078537063846,2.89904959599613,0.126850703793865
-0.0416174594602277,0.585852172163831,-0.310233205235712,-0.335503571928267,1.95839538368449,0.524802994223436,-1.1271407279442,-0.965027538274966,1.60574495823681,-0.715094464795696
0.558243977433229,0.8805326017688,-0.65905936047918,-1.43515684496963,0.115196409022699,-0.117686717613183,-0.720772017070146,-0.387279461481455,-1.96218346009152,0.638836724564846
0.291453462170616,-0.973566383260554,0.156665101734082,-0.0206364503752825,-1.33495514976223,-0.56272764872172,-0.83077659906813,0.479425970021725,-1.48792046150428,0.579758987891669
-0.956028247934873,-1.9399836175019,-0.407234095251367,0.836328240637597,-1.34309686727827,-0.111971852075368,-1.87657301910355,0.263143317465884,-0.0665366943268585,1.03534912083023
-1.49330933404229,0.941086370064038,-0.641520807419588,-0.335384955255293,0.500951183025525,-0.355301968013409,3.21346032140008,-0.0801874097171337,-0.477858074948296,0.350962683542498
0.714223471278982,0.608070078901157,-0.31424853009294,-1.74303319187614,0.00764406194629951,-0.413913313573839,0.139630098119952,-1.06459934701786,-1.0731810376472,-0.251308458241901
-0.222763415787691,-0.852029083210427,0.232931636801718,0.997983653340646,-0.719906635429072,-0.8205389218766,-1.55979105020859,1.95999936707264,-1.07911002815573,0.968596192127231
-1.13169739654316,-1.36469232846956,0.472141198019642,1.26938711062195,-0.0351956101328093,-1.6273890383566,-0.113527675910376,-1.44975821442857,-0.2641442103881,0.381295412396285
-0.565381632648705,0.529249258333909,0.947559976303171,-1.26242398187563,0.140603474757094,0.0894212603838822,-1.06606697490781,-1.26638001057043,-0.0577557445805098,-0.957775607007165
0.618007509231046,0.692220784858802,-0.89846240708224,0.1458914271917,-0.456016761522067,1.54420666723277,-0.550098567000913,-0.548218015635861,-1.30089499129276,-0.542075346543398
1.8711919332072,0.08904992500304,-0.425753903166739,1.12627744616239,1.48734256589192,-1.4321393458828,-0.853089465324518,-0.624145402220593,0.2642550059828,-0.376425162433784
0.292647502692879,-0.902392795034336,0.110311091755661,0.53952839806392,-1.31201012570716,-0.147549050534653,-1.0207337723768,-0.527909929669152,-0.31724081137079,0.595013093670532
-0.490523991888275,-0.44009152855637,0.194338085334156,0.574616814843302,0.43699205703874,0.502295192495689,-0.555431102181703,-1.14052362730177,-2.42652612928675,0.65137523070905
1.7966572528272,0.403313127631191,0.294213180725415,2.10707620575192,0.00995989357098745,-0.874710608594119,-0.656351873108879,0.0664546735944688,-0.262860501181095,-0.488540047867189
1.54597224954082,-0.48165019493103,0.417001470995467,1.02568563477785,-1.93437380121738,0.855902126156514,-0.518179742392116,-0.0988787741188256,-0.26161746999896,0.0846977281985338
-2.27463662129096,-0.700939430053444,-0.22253288593687,1.12938539945634,0.522809398822947,1.08400733842044,-0.147430552049224,-1.12509161354044,0.0729402321995286,-0.11254583279261
0.220264851493505,-1.95353549054808,0.22579153031259,0.313659088916698,0.135335099656662,0.510924289788854,0.373294298219537,-0.537208072863712,0.258913653746526,-0.0915438579006355
-0.760646425553772,0.0946414043108648,-0.787464693142186,-1.06660413118706,1.28142327542493,-0.929699666148483,0.233047955115784,0.706341222032039,-1.18189400000875,0.486652151398079
-0.78531554199847,-0.365064314501097,1.0409104296761,-0.960076417880783,0.376927870183857,0.600572596345227,1.10547449331485,0.389289251279232,-0.44959862978525,-0.132569634731514
-0.0022520131183605,-1.77110748328011,-0.741855110253564,1.5419319427455,-0.620735871686367,0.115653808287278,0.523909192535658,1.20331525934514,1.62496910324242,3.14383939639493
-1.07816319849389,-1.25453788426751,0.895966864894666,-1.03174948194769,0.930062789539241,0.121077008142155,-1.48953690346159,0.0115261965450933,0.673611149050922,-0.886261774138499
0.306580125490589,-0.478125339332634,-0.282894978298779,-1.64231058620995,0.162710944740432,-0.88463604154292,0.14379767270358,0.120195055418381,0.338568975435636,-0.22291481428539
0.575292311841256,1.6432017660442,0.150732770789078,-0.525385289800758,-1.91596275809476,-2.01904956870879,-0.671047825136949,1.69766995056888,-1.2948150013608,-0.937487208751484
-0.575293036031927,0.884714840597183,-1.46363201952943,-1.11479060968364,1.26846828905545,-0.00836036554847014,-0.679896881092423,1.48706705483716,-0.0102317405825741,1.39225428486076
-0.610669343545455,0.131476445351464,3.10528470551493,-0.643671295966492,0.0799497876995098,0.0408945180263815,-0.417152053033864,-1.35275630734279,0.696298247458507,0.398942676705627
0.355424758249956,0.895331230295115,-0.734113757533045,-0.839533174729363,-0.405117775894628,1.27407607687104,0.787998036894865,-0.313232133512623,0.505212943811703,-1.09817599672965
0.691174764291868,-1.10887862608301,-1.49036149029999,1.48901935879177,-1.45731584110364,-1.21426629336894,-0.164372702567866,0.736127208707946,-0.955953023780632,0.484808941187452
0.681330615325123,-2.01631920503305,0.429384865667483,0.79692321030113,0.741704325040702,0.432530328247357,0.578648931331467,1.38648770551965,-0.601252593519988,-0.878280839648949
-1.35523558364158,1.8244134204508,-0.583190665041721,0.984277261129019,0.520168473965425,0.53883178343234,-0.507199750938778,-1.1429878794482,-0.31856161611234,-0.839665106479373
0.126476018280026,0.191478709513011,-0.104443815946288,0.958159369287659,4.37983372080118,0.170828952521473,0.966196752088821,-0.988866952535992,0.243946068516351,0.784963906783869
3.22837140155169,-0.270856140300695,0.163545147679986,0.309309000821743,0.812278149473052,-2.62371318936488,0.940881052138561,0.255491966206133,2.43811682030011,-0.978849463851721
-0.754756488897271,-1.30576168381919,-1.43770865185801,-0.265172506019897,-0.975691612921327,0.78266912878119,-0.567337981926013,-0.588257296619993,0.130088972918091,1.2866063107259
-0.82825536538582,0.970540861604377,0.0536761654207264,1.10152283096446,1.45970943587718,0.409039391170124,1.70967188312899,0.00875773755530546,-1.16856170136544,0.141486451658906
2.5137713688997,-1.06117910506683,0.872718879722865,1.94083685254613,-1.01512712396867,-0.339125446729986,-1.48935418657071,-0.750953229825101,0.190943108310015,-0.373036757788381
0.136500055072095,-0.0280382147631462,1.32036257973167,0.522440541217163,1.46537329088568,0.546839246266643,0.261397418489201,0.466546914317963,-0.0981506173646664,0.155727478311886
-0.176975302019254,0.217267234516365,0.217451019488535,-0.902118613663498,0.19745563724945,2.12487363778094,-0.72709735441703,1.68090053434235,0.954634065137392,1.40823245205966
0.517139246171059,-1.2703852640057,-1.50850163973236,-0.452043802327411,-0.951697123731176,0.0389071406735971,1.00395195928809,1.05941558078406,-0.200516695731518,-0.665360225518045
-1.69805322680405,-0.944519979648517,0.458005433122228,1.01610325057703,0.323879332111338,0.0377399887648522,0.226785882140409,0.085968552706638,1.97019230028068,-1.22636468788027
0.557919947495322,0.577117388626898,1.12852036323962,0.341897420567656,-0.526169097424525,0.647598676331519,0.187666434120731,0.669360199358755,0.54829272047756,0.945132267063134
0.000805019303107001,1.13172985997366,-0.147218014950866,0.5151707319084,0.133338924934308,1.15820784084528,-0.0231968530465125,0.41146591698832,-0.74294669224276,-1.07017460540093
-0.722669558352894,1.96109497036544,2.63021418239589,-1.90303890473656,0.0629473540918169,0.322798144600581,-0.772573127578377,-0.0893948516123377,-0.875263353333798,-1.05724744130658
-1.24192745932827,0.556108128762314,-0.41965047884632,0.453057778877888,-1.29982691582544,-0.599628706781412,-0.0360325496262096,0.525453307678527,-1.02735797850825,1.09354856965562
-0.914341288856914,-1.20653198236105,0.253658437461554,2.02923888750274,0.80372354529201,-2.62082976482497,-0.995369813612927,0.318041661259759,-0.732328841634684,-0.108697709626642
-0.733310915019207,1.1597967199406,0.217114237174644,0.708422656309827,-1.00908812928732,-0.539672248726066,-1.68683423591955,0.0527986613027206,-0.927123356153013,-0.159114006337311
1.07684371767208,-0.059127642374212,2.23329447571495,0.538940149174164,0.776511087584672,-0.120872964744761,1.66347247536909,-0.185270609741709,1.83311055513423,1.15305569748368
0.114489429634895,0.539891193925044,0.255710134456971,0.446863969605912,0.0735731966099107,-0.122619323947559,-0.377553905251366,-1.71941096272638,0.107397543595587,-0.617612938226776
-1.48366748307205,-0.179004327427712,0.623121307342115,-1.05818292119009,1.93930371798549,1.9567181989613,-0.285164724834802,0.164054464366771,-0.764166811536647,-0.660502331557248
0.340489329813978,0.419386590257091,1.34308887369116,-0.149901769939539,1.52686696551002,1.84153149602483,-2.16850687491197,-0.611056669159671,2.27942562469235,0.673417650776244
-0.703867848203657,-0.823624007625014,1.48078574229162,-1.43378648333169,-0.736248702412559,1.77731795165669,1.38061548002515,0.297322380541034,0.216274725971103,-1.47904015625356
-0.663299480479795,0.162270271957585,-1.81291229856471,0.820708395917708,0.147434962605834,2.03917014006517,-0.118513272009131,2.32695296918292,-0.011486453334923,-1.70009706144744
0.755039054944985,-0.531439803588779,-0.738374758289077,1.63757314850621,-0.378435415912287,-1.36236201802969,2.66591328628341,0.259730169494467,2.06482366419891,0.960739405743023
-0.383579797445371,-0.354708867159491,-0.296230743063125,-0.92845152694211,0.304133306067442,-0.587385123406749,-2.41542263174482,-0.76268598504899,-0.171321637142026,-1.21757156911778
0.601124796519489,-0.00562415180733939,0.0881495722708596,0.426195048254117,-1.6007413933851,0.499294552843225,0.0744676059567599,0.883874484985155,0.810049425327349,0.907495679871226
-2.13900134044737,1.50116165152532,-0.389175831166667,-0.387385843514238,0.379692836281462,0.234561243612481,-1.49601959484976,0.133491414553068,-0.25629715920599,-1.19104797537609
0.532915957277218,-0.791208789461286,-1.55849427199573,-0.659578894578475,-1.7815109875539,-0.617135461916119,0.487476866352866,-1.8536600793303,-0.681967796177393,1.86096649208236
0.777735255366703,-0.451260637626176,-0.659887671441011,1.03305950131969,0.0449474264279086,1.1837255036079,1.5440907331537,2.34945999177523,-1.49886356584387,0.515099556113848
1.37018212250953,-0.219440134363878,0.526795780022543,-1.82691885127724,-0.626340489463643,-0.48640563040284,0.582747157723384,-0.789960446898615,1.04137265852839,-1.04157826739576
-0.400019308138793,-1.15137595295013,1.71099957152953,1.93036200935541,-0.718212489405709,0.407823508030511,-1.74084181765004,-0.121942991794055,0.687686186961213,-1.08505266725157
0.0149943092517238,-0.112623370609818,1.06682051421696,-0.76787301764581,-1.62096389140363,-0.254314076448898,0.492560236910317,-0.834416937332759,1.92823430393569,-0.701375945179067
-0.534132606035962,0.541299763213082,0.566317163384703,-0.347983708765951,-0.867858247916652,1.02168226537191,0.372603881859566,-0.446345945955461,-0.466173700001557,0.920174109395538
-1.24792335625438,0.048377596174328,0.492061782707485,0.891413938122255,0.618797263475257,-0.79002683519939,0.230665390372368,-1.97675606809666,-0.642381258534978,0.860586707602977
-1.34656813937803,1.57251519309409,-0.632238296573593,0.217503761446784,1.11762401763386,-1.03266467558559,1.40174641665709,-0.580365844855284,-0.383316315871708,-1.26797608500642
0.754784103343281,-0.123277783841315,0.0447162746939881,0.309890192742214,-0.839458352662887,-0.735895111774411,0.674603833668666,0.544003377948567,-0.730450414419964,-0.672450201695248
-0.251825505391997,-0.157018294986513,-1.47624989763098,-1.67380145194445,0.96610964328677,0.580557393755403,0.378611137241835,-1.42887611244535,0.768196819478031,0.123816965686773
0.77702108128041,-0.153171470988076,0.157726828779472,1.59787870460298,0.0859888030423539,-1.14552473027283,-1.1249244741204,-0.542040956005899,-0.897520970637772,0.538968492968431
-0.172638829963713,-0.76387884975128,1.38773192793031,0.286870834859129,-1.40016664860235,0.0594682013510884,0.300191253741939,-0.753617066298065,-0.863420107077645,-1.2572058269578
-0.207102046623368,-0.343053613746581,-0.86699583373436,-0.248380105875537,-0.326304001595375,-0.984797406617354,0.244163749411209,1.7234616202447,-1.37490207542775,0.00964135179290354
-0.483513174741038,-0.943333678088749,0.631528200572859,0.979621315049984,0.537496125748681,-0.0515342746453208,0.987866356450615,-0.342380413793144,0.501577736084962,-0.852997512860105
-0.996568511454273,-0.228595870546016,-0.546573240056734,-0.926210864518268,0.53388544888005,1.68101636934382,0.599809640911894,-0.767074578420129,0.452412680762485,-2.59983784909724
0.652201576308023,0.0791829205866799,-0.449881021280465,-0.787956342733763,1.06968916752139,-1.37265801134103,1.25444126046136,0.0769685909914768,0.948370019506306,-0.094059597625469
0.911472412541926,-0.758111315432708,-0.906043303322333,-2.00270892061887,0.881177957921133,-0.989731021639919,1.58685662013756,-0.189286227237597,-0.495240628146444,1.06500425180153
-2.24646831200191,-0.663871647322942,2.2960782350199,0.363376099595569,-0.305182231782937,1.15980644194063,0.313980668888388,1.15461905880455,1.30359634674705,-0.254099380364718
-0.354981872283896,0.951257119987327,0.019002126570235,-1.15196801530412,0.685937522279859,0.92989090867094,0.514890596985242,0.978880336081718,0.732311175493397,-0.880381390469716
-0.195117364711712,0.312435555184556,-1.73086938958766,0.0426114154698457,0.102602248245957,-0.172559967064284,-0.231582925290198,-0.870321462953501,-1.60123937573815,1.26998151492213
0.263111462487155,0.0765378546707868,-0.187245998775499,1.01823697508322,-0.78486392653245,-1.49377681200978,0.443662234973938,-0.314602162575217,-1.2901295348044,1.02580406552974
1.09035969818041,-0.29471505542546,-0.988481133284146,1.07485137528913,0.0938397859794534,-1.24664826148862,0.767050517993699,-1.03508340933476,0.976503200768501,-0.368953488325169
0.112407637070763,2.02324941306252,-0.973780005153883,-0.193607229569876,-0.735714809304783,1.3420690456665,1.11945630228376,-0.31378298497992,-0.86275750610359,0.265317756182591
0.82257543255648,-0.231449913246263,0.955464478624467,-0.829616936014824,-0.889927811176221,-1.34106771275452,-2.7849769597346,-0.411187377658739,1.05006191053887,0.886992472247003
-1.91248469707715,1.06978262451225,1.13302069679688,-0.671485447243602,0.694885246827067,-1.12701995873808,0.637940395891652,0.016327754238477,0.914307633263569,0.262612673486898
-0.0153800598345842,0.0323084379116012,0.995438349185235,-2.80829589247323,0.252791095550274,0.213471110454436,0.921118702053978,0.857643740942356,-1.89773983301074,1.46255571873738
0.0814746900046102,-0.543271769236007,0.991322053477679,0.0586920352338958,1.27462315847491,1.05821862790297,-0.124785395478842,0.137934645093739,1.32596018044944,0.841676479804964
-1.01731359505088,0.557156314747233,-0.0857692263287378,-1.07234520982506,0.213006169274384,0.623271346140561,0.417487362948288,-2.89921090867171,-1.33255748970077,0.723312376789813
0.55946931771943,0.71809798099727,-0.182021069824974,-0.427539342011591,-0.186065614327974,-0.117140605923061,-0.434409262162512,-0.0456959090039565,-0.177077381229895,-0.808678454510024
-0.0685897404652853,1.30205486159779,-0.0817262302959064,-0.230936702601142,0.790851323703921,-0.399027465063483,1.56334520116273,-0.546455725031036,1.80187580109225,-0.687934649525379
-0.428528496274601,-0.0409892559960235,2.00891453735006,0.30400067463043,0.66856167836963,-0.193374488550085,0.146880753828583,-0.334965778089262,-0.355719660620281,0.823396875743343
0.436487574039436,-0.652779612338482,1.24826904936303,0.0200347053220923,-0.964188600015506,-0.920869168918424,0.878118504705531,0.250177354511284,0.294109050005179,-0.825089981851993
1.73199133638685,-0.513577035886308,-0.0714642848796484,0.960231367490882,1.14652418662894,-0.753967167845146,0.123601258263664,0.839890863579022,-1.19442515627613,-0.650523900467356
1.31518133830966,0.130701398477431,-1.07518268926526,-1.41849423468266,1.45273283423629,1.25106082548531,-0.836185370393191,-0.780207228103202,0.942619259825594,1.66472739869635
-0.680329523439674,2.04179379983435,-0.564035249273743,-0.685675619122138,-0.257425953474647,0.13541557318774,-0.728211944823672,-1.77792801562537,-1.11929875382068,-0.138057685536631
-0.465930295507832,0.423445409293032,0.316557704049116,0.81782488897316,0.089873711219255,2.75078959078177,-0.590172861189313,-0.614934458049771,0.645941726141015,-1.17618445427146
1.81720099099715,0.67477495561817,-0.257622460868619,0.603150348742136,-0.689600815186284,0.0769468432295578,3.05625430422579,0.786612386125881,-1.53063484742908,-1.55354052911432
-0.612273004553984,0.152922796702046,-0.162464083062594,1.24306280405074,-1.65090217269079,-1.21508238818021,-0.746381741525019,1.50924282967077,0.315777055293319,0.404417519250277
-1.29654415583936,0.48291054858987,0.723044823800484,0.679701025673555,-0.566344668645684,1.00661148250619,1.08111479750992,-0.182141332330156,0.204877730238117,-0.0561754907026289
0.737384002991962,0.516786399162354,-0.261757687045717,1.01003015256516,-0.126440881850759,0.377792573787609,1.94745353546001,0.187277200785928,0.536386565665712,0.102563611994622
0.0423186740848839,-0.925644590023013,0.879946013621338,-0.255247992449745,-0.0463267299126878,1.59225105536747,-1.40666377126748,-0.541543960929246,0.887635485433647,0.0974691049332863
-0.335915909752309,0.928293110097884,0.442010000505623,-1.11396961376406,-0.746975350290482,-0.441311845593955,-0.677018179301788,0.191440227507477,-0.791009423141622,-1.72460000529034
0.649996402277784,1.60405027711884,0.408523224020163,0.867713526639335,2.45823174027386,-1.65236618325298,0.474671618038909,-2.11473619804288,1.50283163033474,-1.21941410645451
0.0341150214036124,-0.664293673784037,-0.780458518397593,-0.586141432669399,0.244195712427048,-1.58891840925186,0.207159453765011,1.1154847787087,-0.556920709497503,-0.00442523077035924
2.58220527747799,0.197934973656089,-1.12267417630786,0.31455987202179,-0.482242984452428,0.303406978023674,-0.244765554396375,1.37585445582964,0.981971851281002,-0.620195354387932
0.500236231923446,0.784130368790071,-2.03640490613809,-0.668474927378227,0.447938485920042,0.581580059850779,0.359137031313318,1.08032140779743,1.29860390054258,0.66295715012774
0.386031684469301,0.377845414218374,-0.1281788660103,-0.973557826011349,0.834940042751185,0.0176636749388631,-0.564340621263998,-1.44112691348174,0.829652365489363,1.15596713507879
0.210418638469055,-0.649298424158846,0.26856715106623,-0.581070507514852,2.00557626968563,0.397160505833871,1.81415506509074,-0.141650587850595,1.19496456808551,-0.751466795171704
-0.229051502933188,0.345653598377978,-0.328432547956876,-0.939053276957449,0.348229746404272,-0.613806021444168,-0.906420609988079,-0.172669930854637,-0.791195919701705,-0.919669977938189
0.777347500799661,-1.09578963120174,0.833421649998496,1.30777544185705,1.01853259002117,-0.380505336409146,-0.283261594086604,0.0906285952250876,0.444442227201245,-1.10245355734032
0.651116558937529,-0.757760867273365,-1.06479347792265,0.93635702754633,1.03984867669702,0.0428245145602347,-1.05151656947166,-1.15839578754831,-0.36839624157733,-0.106395460928346
1.11734896893346,-0.800021160165354,-0.707635439822979,0.320211480144424,0.416542761357647,-0.0257694093058144,1.17042976473283,0.125837736840872,0.433910386136796,1.87153108185719
0.132041723228978,1.59343019752267,-1.17472462169189,0.937748539432962,0.212889471357094,0.633579697533353,0.553624619988695,0.0954430217301923,-0.448194863652731,0.368194305380127
0.0513305929364813,-0.664071167565421,-0.726938780985893,-1.73651422517892,-0.360760241343537,-1.33483029273778,0.0636776528218501,1.38809880161665,-0.148014510055851,-0.350103834002748
-0.620501838539695,1.91209954465816,1.47760901314452,-1.4214187929401,0.107400211568166,-0.672952954911622,2.29667517037839,0.291969087689259,-0.489274084640464,-0.276943085555982
1.07096334672859,-2.2364179954008,0.644628651900872,0.80199630947936,-1.10383716663775,0.870529923082056,0.320827441402564,-1.2576537579645,1.55697335185399,-0.836166397057638
-0.106999016279358,-0.784184125083007,-0.778489707445261,-1.16348067258946,0.761923841527228,-1.3347687425901,-0.228314858078298,-1.46460903931388,-1.01690608964902,-0.321178080553984
-1.24290891161673,-1.1131542281883,-0.768444380510256,0.436209311750622,-0.0075883791083917,1.5680712093135,0.105468167021528,-0.823535662378427,0.249487560638381,1.19123475984706
-1.60614388960675,0.976568735158003,1.74091905909334,0.743372487996757,2.82386883432832,0.0308499291951117,0.127174156839514,1.05296890420587,-0.427212265475,-0.123965914666321
1.34822691580297,-0.0765519624561332,0.42236176428818,0.679244290890586,0.0694168820840489,-0.926581699152573,0.0873468523954985,0.971195476612457,0.720406736689192,0.543983717323243
-1.86192832618704,-0.465800562670909,-1.18584419740033,-0.927506835003887,-0.372298190353192,-0.157339443158507,0.48968080532111,0.815045770578576,-1.32179368135377,-0.820950676525468
1.87141454789521,-1.82479234973295,1.05767914699651,0.358208355673227,-0.74141972983981,0.949277261399085,1.37636673478823,0.0446245875092972,-1.29619817877187,1.62034245904106
-0.027058376010689,1.06471672823764,-0.832827737900132,0.615072499300332,-0.803557571407139,0.89485912904348,0.499708750653805,0.860685576992704,-0.108976912590937,-0.36699506301017
0.563963778408095,-0.388848600264662,0.196132329869219,2.34444653110851,-0.300717401225656,-2.2031063676112,-0.705326179435556,1.4521481284674,1.11552063173743,0.53988222312228
-1.43677127505592,-1.24834993713547,-0.758171001761248,1.01195091797238,1.21184957138273,-0.381151087296662,-0.915624611282602,-0.970934149360861,1.81999911529669,-0.365713698957738
-1.03892366797228,1.35007749440583,-0.193142077044795,0.763836447351349,-0.686202391452495,-0.309257742527347,-0.460173168080009,2.26397703039475,0.331337645882311,-0.586099720535091
1.3272380972484,-1.69478831557536,-1.17837578502486,-0.82506394247526,-0.751577121909501,0.107869154816416,-0.33301667479422,-0.0281741859523596,0.255064634917908,0.000238400113799956
0.449983862358327,-0.757854329155979,-0.247444479217196,0.164330067349228,-1.13602780091052,-0.39515264108006,-1.13846062602077,0.312454384521164,1.89131514509341,0.48433123577867
-0.250555761122493,-0.301937818063344,1.09549411989379,1.84924421745874,0.375984321861215,2.11437884655855,-1.01839920670748,-2.2575364571798,0.795254042696507,0.0530366905469373
1.68009445632892,-0.282225646915919,0.2024631293749,-0.457017939652378,0.32750017274745,-0.633750335267238,-0.0687448285692339,1.58887677822145,-0.680874179310867,0.29620887420009
0.0246428758107985,-0.486669219295821,-1.28004689454441,0.329075308740897,1.04930606902926,1.77050174619862,-0.612009912534994,-0.650272675412804,0.168758710397567,-0.504435357691481
0.0750445318045293,0.547769518561045,0.274297402649788,0.717122365144008,-0.00603845819917081,0.0563754873727902,-2.63390129598056,-2.27373651920009,-1.49766930963559,0.316563599197396
0.201905814772402,-0.219610449452998,-0.281698020215716,0.896257547336464,-0.439232081172849,-1.29129488809714,-1.08142533533993,1.50011439818001,-1.80119246548441,-0.422202461454829
-0.0655473221919315,-0.290194785271951,1.02788873607184,0.0142323911483584,0.762691861504453,0.380551727570781,1.68125333443048,-0.786421665729511,0.342487867968993,0.429335003766378
-1.26524257928982,0.468953183134298,0.793797122967753,1.63896370222223,-0.818243867210768,-0.845601699631644,-0.307927377005266,0.423485434754356,0.425504822236748,-1.20076241468806
-0.124547124235941,0.64036030442639,-0.587898103264978,0.263185704867818,0.584750053555092,0.638273850631585,-0.180821363969686,-0.441963625758935,0.480088555076321,0.0695478852192899
0.0992885460529227,-0.475701525071916,1.88643417466499,-1.08068464082361,0.982861886699058,1.33746027873912,0.492208322116915,0.880653845340473,-1.97439727289695,0.728592139622979
-0.566200236338057,1.97283820176157,0.93621859632447,-0.0835634027302362,0.0483579201866645,-1.28506698321089,-0.137240260691425,-0.658266678303691,0.247775899625758,-0.168980498528582
0.991416126242351,-0.595679242030639,-0.635721643884175,0.639017802638214,-0.105837794617853,-1.60559701137164,-0.535681630568298,1.29897567111069,0.358177737535234,0.914565521101505
-0.0655883301071377,-0.777154455504604,1.25601848118524,-1.01109534689258,-0.0336676603619286,-0.432237650754594,-0.545812449851283,-0.50033222824313,-0.502213464612506,0.191881766332698
-0.606807209541108,0.840419280268672,-1.78380050508783,-0.129153476641993,0.53827485674827,-0.235603874369781,0.258966801961978,0.316064205038876,-0.622640928933613,-0.972038343648582
0.00134672962619809,1.25018015278571,-0.119465575179272,-0.830362533216311,-0.784443566039262,0.878519090475429,1.39159801684813,0.818146676211593,-1.55352565619828,0.246676927402802
0.505843538135559,0.713347420771267,-1.16790448730276,0.0228621466726228,-0.780746883913454,-0.312676252127449,0.231479371141686,1.26933350221648,0.765646714801606,-0.098362495931374
-1.24552793289697,0.254809036780336,1.80666984724988,-0.335021327145559,-0.065905240751517,1.09486201225009,-0.902825778717047,0.55900678591865,1.19872082934718,-0.00900529589200426
-1.82499396390337,0.732473658960168,-0.1321131916165,0.177025421895768,2.63608279355467,0.590121848875988,0.992925438733116,0.417952737720797,-0.646693041856356,0.12345817127653
-0.228186031846317,-0.689316636287218,-1.2682573288158,0.16470324161463,-1.05006480136672,-0.282836681677781,2.58802461166142,0.186271269105289,-0.22864880754597,1.68594099315319
-0.00623037017378702,-0.287101531099736,0.111807338542123,-0.146083133318684,-0.654868064435286,0.197606815111809,0.58112896754912,-0.24902413180955,-0.202847524173314,-0.779688781457253
0.957142770571096,0.0229625714435506,-0.584405481144479,1.86872681787879,-0.913983566200898,0.482570527076175,-0.0153286487643054,-0.793488293196161,0.868283878045496,1.37037674201099
0.932695016449203,-2.73424534630227,-0.999751169966972,-0.283433599067194,-1.12375920455638,0.522772667395742,0.0175534664735924,0.0342942504106591,-0.444144579838691,1.78737958993
0.733317107158015,-1.04314684768313,-0.472925236670617,-1.34889397705107,-0.430898072170294,0.565132080363198,-1.37760742926619,-1.94415675587387,1.67273208380109,0.812455516191613
0.59625625730986,-0.511538122020855,-0.959090243902329,2.02147639059858,-0.183003907519826,0.314613955971939,-0.517765770263592,-0.0155209255543951,-0.0268620422042657,0.790621908153244
0.0420968284710855,-1.47412082008112,-1.22625568495001,1.3964902339969,0.949742635291003,-0.418284184002028,-0.343010780010162,0.20464984824854,1.0561126224834,-0.315064395949472
1.38522604340548,0.313421988852077,0.768756123138888,-1.95867787245091,0.212304744276226,0.512191713463896,0.0800288088797002,0.0289406689689625,-0.181894532871474,-0.764593587354362
-1.77786881181719,1.02252191327453,-0.62935177680412,1.46828928208194,0.480737917907498,-1.30322343904969,0.842315087654193,-1.03005384594899,0.090906659624002,-0.805083233240388
-0.425278418559021,-0.0296694426195107,0.935469065408074,0.724466773466694,-0.413848238861636,1.44880186012391,-1.36044550630912,-3.07059492632184,-1.55512063544043,0.976848002931025
-0.638009631883813,0.14278796121142,1.11678054554844,-0.753979993718777,-0.192720623288833,-0.0926023833669266,-0.244493191656196,-0.451861996805947,-0.573547705987762,0.514717728938847
0.77911245204019,0.43881354526785,0.242709676827809,0.313321392919188,0.191880595765658,-0.0369524665414909,1.62181456449447,-1.06764750152355,-0.323977750239936,-1.05253217412771
0.46844459145441,-0.672780522035774,0.221671747518165,0.139311341541278,0.145017593550599,-1.655706685877,-1.2977871306192,0.552352813987676,0.0346631188419942,1.23971928006167
-0.52289080101833,0.312686194724193,0.246150807310975,-0.348917669022447,-0.378411292749801,1.77514246400325,-1.3156550939286,-0.563010401641108,0.0303072935922916,1.5279392253009
-0.701735308005492,0.0537132143147425,0.500001706970858,0.456622423417578,-0.142156339209802,1.39731496275465,-0.936778858388548,0.576217094479069,-2.5228771949538,1.21425211530769
-0.502106715102965,-1.67360122051902,0.67585866542417,0.760397990021051,0.272140667468204,0.0583131986183406,-0.19344495176969,0.538814862484115,-0.752642494650221,-0.0364012550413851
1.33424906566702,0.443430289968022,-0.19361153800893,-0.0143092938103505,0.657986398288046,-0.474937331194644,-0.150504369653526,-0.750813215483925,0.0154740113316314,-1.11175976849071
-1.03460469434718,-0.173529516354265,0.923691465963163,0.639328232952404,-0.375634834141345,0.556620945472954,-0.66797333899551,-0.318162658804891,0.231264557125056,1.03002277808513
-1.37524108860003,0.0774091332751683,-0.691097231710925,0.61564570213858,0.896190533190212,1.86332179371789,1.75822670661853,0.942700268044254,-1.3484977381376,0.0881728317603111
-1.13079008413865,0.853156679440542,-0.0966576152261576,-0.493679176390425,0.579566514542003,-0.893763156624419,-0.689800536219424,-0.699261506568242,-1.29444269733038,0.367252813972774
-0.812042595409695,-1.20249900139342,-0.151232904921527,0.115790215388906,0.935065642876614,0.713678562917324,0.253751982399961,0.613326711483713,0.249741332836675,-0.132476716997536
1.22988941601348,0.532426419304637,0.31547261855138,-0.858782046298442,0.543016390242212,0.167374137735862,-1.53915200946692,0.848458278088741,-0.833621686213776,0.332469444403838
-2.15224210500227,0.273867815272886,0.61892069864894,0.657801378054415,0.412800744659029,-0.0454467993129267,0.0779576361368361,-0.323675184251855,-0.423157431960074,-0.0745873518273575
0.488460720254395,0.324223219792176,-0.902048408717217,0.436573583050306,1.01998941396756,-0.208158209899353,1.02077451042174,-1.13196798797871,1.09185350486271,-0.118085049775548
3.10329468902104,-0.0841290176019374,-0.317948691914792,0.370505612762763,-0.525213132503806,-0.588063404955237,-2.36902518504876,1.09179646777057,-0.515759099870633,0.913915033378018
0.497709601701273,-1.277664672663,0.264516083837475,-0.849474464457914,-0.126794933274595,-0.582666060596797,-0.898277721910455,-0.609208237975031,-0.858681289621319,-1.35466484635967
0.390751452758512,-0.651437437378867,-0.0948165350623627,-0.0772518033235526,-1.66110441576222,0.372583677588438,0.110816631032894,-1.53251331620491,0.357643635348306,-0.58996177613694
-0.541883821755134,1.198328050778,-0.113117344382643,-0.881466239681331,-0.280955880011655,-1.52266365944579,0.217327440945944,1.6479227657643,-1.89959626627801,1.43297451199511
1.74087275062806,0.977622676192926,-1.43850987812622,-0.846794968489472,1.22541263708297,-1.26789230198926,0.522036505049291,-0.517479539278808,0.0297534164971046,0.5944379896059
0.134935239009506,-0.36105196188653,0.38118855957452,-1.02029946664268,-0.14705160419402,0.00946774802399061,1.28363765729867,0.317242672547464,0.277246865536819,0.45445191992257
0.53013488416964,0.178545274091251,-0.805671524908427,0.981029805471246,0.501843317416693,1.53991764736913,-1.34489872080175,-0.65799584162741,-0.950424113368657,-1.15656160468039
0.961436402589,-0.526497401267567,-1.16018271344646,-0.498352483640426,0.250289419065001,-0.473211104549389,-0.26130830386968,0.717604882290302,-0.201707262143145,0.756509301832943
-0.651210064552757,-0.388360296276186,0.956165035162419,0.358530791166804,-0.405949701728554,0.0873977448518232,-0.491015139734192,-0.752021479297817,1.28035789799407,-0.732868777225658
-0.0629390694627866,1.53920063942361,0.254553294398815,0.998500562374552,-0.434801610926005,0.636447612556241,-0.11391032682659,0.271787198377683,0.580075581547115,-2.0522547196476
0.296448993844006,-0.177931358449635,0.660779197023569,-0.0430660193976656,0.215910809963601,-0.834200124657416,0.790290931873435,-0.681398116514895,-1.47497793558283,0.511696316155632
0.279822063469671,0.539109666604785,2.32450973194887,0.404129742834868,-0.218262600631618,-0.0833170396875519,-0.298488870744238,-0.0642419634172172,-0.0901709169444272,-0.916654274248248
1.78608991921814,-1.35084988655126,-0.808562549471688,3.5590872564544,0.145260830883836,0.848706760826404,1.1925927425085,-0.41660417459476,-1.37467061398799,1.76205537759276
-0.952004639045254,0.670888387321462,0.0273020900504674,-0.241113475832154,0.373479141416622,-0.762293259171524,0.94136248155446,-0.644214555202499,1.17484783157884,1.2817850871374
0.57605243418258,-0.51525362331154,-1.17733537248559,1.21614102181412,0.283219162261481,-0.479994557869742,0.263165937567895,0.672367556139398,2.09167886566803,0.0791172522398263
-0.245296724338801,-0.451247488357671,0.342531441054197,-2.1066431678534,-0.414016725041671,-0.984004546245477,0.681455283306479,0.316159454495929,0.071627066101785,1.15315008953786
-1.63402411786499,-1.4633160473318,1.58507018426969,1.12766754403705,-0.00623182689177062,0.740371848656236,-0.4328067653309,-0.952825873242107,0.0413965654578883,-1.15221489059627
0.164294457764082,-1.31328473770865,0.0664140397470932,0.049816188447593,-1.04970537031108,-1.2346198384713,0.226560584575623,0.64286527061291,1.56055357334636,-0.141394448956598
-1.05152551148997,-0.576482489683383,0.22142085811536,0.444501193597412,0.840459892386527,-1.46447649181058,-1.52717617658369,0.869627332658938,-1.00192738342754,-0.174253105657214
0.1833634377339,-2.11945043125522,0.00327525607744092,-1.06256142676176,1.14534511190938,0.260810633854416,-0.577395942857355,0.576084030517655,-0.373558688209031,0.195469440605137
0.300692456191402,1.04584627369545,-0.560605668274572,-0.286936766267527,0.426630751255917,-0.780852771039788,-0.276874349276623,-0.89417183234862,1.15919838343163,0.0446032295957069
0.826425723320957,0.823963040550997,0.101984024618376,-0.175812773753032,1.01848779170207,1.2612307322907,-0.455014497847208,1.88197510716494,0.597561327716874,1.32759856760426
-1.69910771872076,0.561249294626795,-0.238123311792982,-0.373037254280796,1.31515361776343,0.00395691469408537,0.598392816583873,-0.283467373561672,-0.147661672055812,-0.547052853050864
-0.897126971868911,0.808465484367829,1.19306485543334,0.60655960251912,-0.797755171761253,-0.397005936585207,-0.134829246935899,-0.393354609447576,-0.509061094021988,0.176497162371204
-0.969574456254215,0.537619573267258,-0.642875019320981,0.714731616831524,-0.929394573923854,0.902805077527345,-0.577333739009439,1.11610519719021,-1.08152823588817,2.00089253984721
0.887224715919183,0.462655019852842,-0.909565473627994,-0.00741805955725294,0.292160204173973,-0.193346359145228,1.38222773665936,-0.0244292731567923,0.820599008483817,-0.294449213341475
2.81881758454064,-0.415536651531389,2.11266539483822,1.31803252812373,-0.831129978884285,0.54807327359524,-0.278271313947803,0.0708138840632286,-0.53134265219785,-1.09074734099449
0.0887780443546639,1.50640585463912,0.47286810027425,-0.0428663949261747,0.0231015240617841,-0.351596601706657,-0.805246650993595,1.39678117845421,-0.323997567651482,0.138029242698219
0.565526840422728,0.401900725024338,-0.681200881102745,-0.529950250305683,-0.513659389490296,-0.237084302145817,1.56245378682175,1.3036593486773,-0.320659183864889,-0.85575544895555
1.00091923249365,-0.77433179628359,0.184177255435245,-0.258400079627687,-1.29647642575813,-1.94853077511828,-1.06483173866157,-0.899960630817464,-0.592133773078524,-1.0886902644436
1.57269223656195,0.468396501914338,0.311469825498467,-1.26678244849858,-1.96807230773555,0.557894293191519,0.975532281731043,-1.04852914423353,-0.0586838160936903,-0.546867553357585
-0.511022097360562,0.117966398288619,-1.41996087068689,1.00207214992779,-1.61707145732049,-0.76504241541983,-0.634674106524237,2.62831953048907,-0.347107663216624,2.43972730493578
-1.10390033547106,1.14492041102356,-1.03420573346423,-1.60360063859105,0.880209365388333,0.508475455479183,-1.27281059261153,1.14193264948768,0.720195844397555,0.282928507500036
-1.32257077660577,-0.0686078616322041,0.385592218604749,-0.497705462055194,-0.547477887101505,0.563150151582315,1.21515909642045,0.093358721411223,-0.225959095976314,-0.656395248962196
-0.559319672866417,0.987718196904997,0.122845472286056,-0.0393817500795525,0.888577699306839,-0.323799894053645,-2.1856735014805,-0.402587705882562,1.10439749113397,0.645237078704797
0.731832004816875,-0.343024774957215,0.464036077244358,2.44225802432152,-0.782403692286553,0.286218667721986,0.851473807106893,-2.1820929350115,-0.624703230842523,1.16290286860758
0.276990732525277,-1.08919157625919,-0.686211974798549,-1.28045245135218,0.290032685900736,0.212851517618351,-1.05736164163243,0.49014537751676,-0.457040828817414,-1.11954567311115
1.42692161017973,1.05493971378502,-0.804323018183019,2.13740900795224,-1.3822188602699,-0.428371621079477,1.64112595644234,-0.041639448057271,1.08282333778358,-0.133374456964456
-1.82534086139376,1.42648977740443,0.410898907053058,1.30606458088945,0.665788021352346,1.2573801963353,1.23778118984539,1.43083380460228,-1.85091542591946,1.88067764014608
-1.21606998794772,0.686614278109391,0.289287177452357,0.440130275606954,-1.6261864618805,-0.828870725934179,0.100228991433922,-0.240059620426477,-0.197131714334729,-0.482280840153485
-0.895341010499021,0.734765925251523,0.655656017773504,1.48475279799949,-0.241887585951632,-0.530199252799849,-0.487161343364099,1.11724448946428,0.0498012595438211,0.840795039254133
-1.01764292516542,-1.06087467017774,0.369745813245534,0.276668599300114,0.880023783499273,2.30755167286413,-0.888104965273614,0.773894126897557,-0.240093154757813,-0.536775424597385
-0.690486699506248,0.62280809868096,-0.209759067433814,-0.983268298455717,-1.15821589093292,0.844299892515645,-0.305431283098917,-1.01985811549396,-0.272654247615536,-1.26912456776833
-0.129297018794093,0.52564961264597,-0.593204842621334,1.04063800984937,0.113005587664928,-0.780870567763779,-1.40044147952259,1.12328055972727,-1.61550612914627,0.0223824228490126
-2.02850855571658,1.74565211159844,-1.53656821803793,0.245667207490529,-1.92390370581906,1.25637099709191,-0.723088122437402,-0.0166186521973741,2.08328853642371,-2.56082697762209
-0.768801200781761,0.778898787268913,-0.399995822082137,-1.039078497006,-1.8500956844532,-0.553840566119274,1.46492818557207,1.40966584091556,1.15165330255044,2.14036023597165
-0.761574692621111,-0.954142133929319,-0.0607433777799801,-0.0688933631691735,-0.296965055164121,0.558609283336621,0.350162322143952,-1.4683975315556,-0.0129099904471667,-0.860876307995785
-1.36687712262501,-0.527731393728119,0.723933471781681,0.546639318242841,-0.518784725233728,-0.246295903585371,-1.50508891166898,-0.484139219718622,-0.390617086010745,0.176639253275981
-0.429889975827829,1.76749812276641,-0.313380692183978,1.18750934214623,0.745017953406008,-0.817655957762637,0.305058690089419,-1.94878857446756,-1.25849087398226,-0.277250124822047
1.05744979727025,0.468925499212618,1.90864922120835,-0.408321728419552,-0.243671933744932,-1.60644945410704,-0.0559882933662978,0.705461192438503,0.0989833351554949,0.923603716835049
-0.649719612804147,-0.308863444992911,-0.9262632451935,-0.109490966802577,0.17276007158522,-0.487056981015712,-1.29486416370993,-0.0557473437489699,-0.733255929014696,-0.595664410925527
-0.08589510145241,0.794154552839542,-0.406623486354238,0.854974028307438,1.18224633784418,2.16234619270313,-0.585851372390798,0.453715957890623,-0.0617897764528373,1.09945994151198
0.569245072083194,0.0193220023335175,1.34997605830581,-1.10571938781513,-0.0142735391521285,0.235312133597582,2.39850074602708,-0.304468116808055,-0.803004304730142,-1.05225353493594
-0.378703573848144,-0.263795093651058,0.408245481856851,0.919794957185876,-0.328396253074833,-0.946829804493925,-0.83367247072519,-1.34841272380035,0.358027715325147,-0.168231083861289
1.30299761939184,0.663641999754415,-0.0855997929297022,0.108675622982525,-0.393453775101164,-1.17060161121018,0.534765804380209,-0.151908112930543,1.28265600302748,0.91951644469981
-0.147559577464158,0.884906386933121,1.15736732206431,-0.0327932522792964,-2.01529812420739,0.125566560399203,0.394528459789019,-0.750649149079607,0.710213545572274,-0.215393073634041
-1.06760706510772,-0.859236398253777,-1.00027177448011,-0.182047667494885,-0.852347640142288,0.814388312161737,0.28429511048596,2.04153338528122,0.567781689543177,1.35858293537709
0.72661791224436,0.603514857688106,-0.950624858079543,-1.29311695464293,-0.156102907755914,-0.0139534340079419,-1.16583269159743,0.224765948989392,1.32848028183909,0.357589625080711
0.501891934060792,1.37614385784721,-0.0266201815012525,-0.962781571118433,-0.156167489088985,-0.56689941554448,2.54887401933031,-0.216483719130505,0.14143254023785,0.5168665291742
-1.18939691231731,-0.319606183113179,0.68174730068045,-0.459705749634051,-1.1018252643507,0.283155989146186,0.0705117260081285,-0.46981651810285,-0.386390024134643,0.978836440542283
-0.496276080121017,1.22458475279144,0.518958369963654,0.096073432520038,-1.41165818209657,0.740903765598701,0.850347184666054,1.28670338868451,-1.02920623110425,0.525456548476731
0.757850865649465,0.790628150528117,1.25539893342586,1.92120635497368,0.831708976981125,0.703493079884312,-1.41552676439746,0.574606993502937,0.0897131558439516,0.13045463057029
0.794431632922148,-1.35296722003788,0.0452795106512554,-0.304642969981519,-0.698554543173595,0.149296573765907,-1.22339105691626,-0.647238925035605,1.19674475099465,1.68454207516592
0.599989016411614,0.407547159539772,-1.20135956842913,0.492431344715501,0.992037501765851,-0.61263503235921,-0.06640045978782,0.0838356326139532,0.980455504727884,0.0361496444647336
-0.0404994278219436,-1.29091072711517,0.234652000553314,0.980153791680665,0.924999658380508,-0.296266469139656,0.028491613590687,0.87032472248095,1.13173892241008,1.84159334100638
-0.682671502053291,-1.84251682461937,0.641268793373386,-2.33981122332724,-0.261094333911582,0.209705717384765,1.05986391176382,0.358870527212429,0.215488557101793,0.108338585919784
0.865446343018512,-1.73244901071123,0.347706785586118,-0.00140843790075132,-1.82241422611103,0.203181893547554,-0.784379594189991,0.0718194280702376,-1.54870244256512,0.0424541338261689
-0.441491919373848,0.417962961422167,-1.3288466122414,0.219390961705026,1.85509262110995,-1.087956620309,-0.00449058706268129,0.866579425573554,-0.80861898762437,0.956925735223743
-0.978067873703645,1.12364703556422,0.0147626944264968,-0.992463586308562,-0.945561312824338,0.283666770766653,0.644002138980985,0.036727588446568,0.120968325748279,-0.344874799117559
-0.100777420695114,-0.261150452550408,-0.953465543886898,0.207892247100327,1.3525373898495,1.32452979909609,-0.306325920019369,-0.790620262895297,-0.799452180797196,0.342458144875698
-1.31432415337568,-0.59628906666483,-0.770680743765047,-0.165736273044079,1.21913919174454,1.33850273861165,-1.15993116624641,1.98017421098767,-0.480178871037367,-0.26456091955447
-0.724576567275625,0.538880257501026,-1.15626452608722,0.277680508116507,-0.828322481673773,0.3089053144025,0.281425617679393,-1.47544307206982,0.00797209714030708,-0.396880758473842
1.30331684531288,0.64635751410752,0.624307406750774,-1.24971650000877,-0.563480711993634,0.756399894775832,0.429045913042731,-0.830881370599376,1.44370702076716,0.309950599387325
-0.0535254707085123,-0.413546783903323,-0.451819928703913,-0.142679635525587,0.0837430018601407,-0.0145816469471827,0.142289452304433,0.551164488381997,-0.988902939657872,1.47613460536075
1.51986711784464,-1.72885084652919,-1.04462057906521,2.00107372404518,-0.297684918916885,0.705527633734268,1.15456838962188,-0.965701206845122,0.923625494222695,-0.0238700971463897
-0.493935740323644,-1.58431879039426,-0.657061143877955,-0.0820205263374035,1.20804803249036,-0.80536102588646,-0.522206300704469,1.2734645578686,0.660882964641332,1.35391498932156
0.559672332031518,-0.621785301541869,-0.758402857749573,-1.16635861470421,-0.860917597534851,-0.823634979666281,0.126528874295242,-0.221718957785311,1.39142024722811,-0.899275082105976
-0.297047452283651,-1.04721266209147,0.545763566873318,-0.0215779511479768,1.38050605729659,1.22560231985824,-0.149057792359493,-0.830989400076665,-0.884466983298795,-0.288109353320485
