-0.365104124807042,-0.533557390071483,0.915678422602713,0.616282998618703,1.04269401775707,-0.527961228057796,-0.48213969284497,0.48236830295449,0.358959741618398,1.2613937975431
-1.45689603066834,-1.3234785359154,0.0620631465770599,0.957024025675615,0.622630048539373,0.756255346410853,1.03294646940628,1.0329555162429,0.046643290443141,0.0906875283299454
-1.38971778789169,0.919680537216095,-0.765850968027047,-0.479941166628138,0.598753986008854,-1.56931532097498,-2.0213960832977,-0.96179331155204,-0.78982615519322,-1.33617288104692
-1.70397887582432,-0.814920186533797,0.132250918348572,-0.718973101163941,-0.254191554556106,0.245597163659263,1.10050432594076,-0.892365493545894,-0.858832400367069,-0.880651767618748
0.721348169351631,0.56464613735612,-0.819544477240242,-0.0206276601367972,0.174917979140905,0.421070517607119,-0.0347237301021077,-0.158319850856483,1.26579161542649,-0.933955615825644
-0.472393413304641,-0.499751005216043,-1.74490103724918,-0.283416359546485,-0.878620030396516,-0.322245795886084,-1.79788219520575,0.445695849854809,2.39453542129187,-0.00874432662004098
-0.0521470431932414,-3.06312404419218,-0.357694155819503,-0.0391269813304903,-0.013741515575269,0.433041599155993,1.41284070135379,-0.338863614822245,0.0932861713977915,-0.0307165910920111
-0.848629289066197,-0.140400388440787,-1.37620109000171,1.40863669305292,0.0295093457088064,0.995471993411216,-1.30030200045905,-0.0956186472470925,-0.440158785485332,-0.115619543835237
-0.399038958597559,-0.0933477737823031,0.0343226899686954,0.01563630039039,-0.418562076599772,1.04061836022534,2.21658420198425,-0.393574656817973,-0.566644640603776,0.532671441094122
-0.482623043626548,-0.0653452753251545,-0.735870041004093,0.0887904572505061,-0.769600930816999,1.50138018426684,1.18247911156783,1.74919238419608,-1.5480842317967,0.283896696162355
-0.22178505620722,0.523719969167353,0.0779000620325291,0.592821049707869,1.15350760813107,0.154052674352706,-1.05635206290097,1.31433737368724,-0.133310394724837,-0.485473622839036
1.27803906534669,0.633133409130634,0.974832467696891,-1.12660715340913,-2.33838735698567,-1.82154117716075,0.556893002130048,-0.754502539740872,-0.368825875176756,-0.194501082596935
-0.323782868358805,-3.3274131878071,-0.517405496241011,-0.283390160462451,-0.106551848060152,1.82977302263626,0.636446913504867,0.833201037142427,0.818226683132147,0.124435409406841
-0.705266283081633,1.37799939283835,0.167881565533534,-0.138870749394343,-0.50533923682411,0.884740374808067,-0.801919221445819,0.959121547551383,-0.602354376855746,0.630292183029097
-0.367698827559453,1.04411594074721,0.31182275695316,0.75057889730211,0.182899067041376,-1.53906902272859,0.842019831015256,-1.60269263597009,1.72542630039789,0.159969900247579
1.16393176477959,-0.548597930590074,2.28113820530903,-1.88667201070026,0.811506885508317,0.270806815353413,1.1185622855126,1.50903439367258,0.954706521895886,0.195475496299888
0.808055768434672,-0.303705142807368,0.634963848729044,0.415590948345105,1.54229229142752,0.0438676858056732,-0.416356887374833,0.717774494389686,-0.0255416829970956,-0.0229320749919333
-0.0572277870116152,1.23272760750518,1.79436448233103,0.642472727670125,-1.00759650133774,0.3264600561374,-1.95023834753617,2.33645691240725,-1.3174698316694,0.525802856065174
1.21015395714994,-0.329015978428067,1.66509558276834,-2.31689922233057,-0.150362745219458,-0.702911972279121,0.904245476760897,-1.2402554681117,0.671091142716166,0.160769903361078
-0.304844004189549,0.233074471977635,-1.28756930926323,0.14309282867335,-1.06781532834515,0.549364964508112,-1.01255106894322,0.198373558083198,-1.61232075163264,-0.37793455408116
-0.488767790889827,-0.224143699248652,0.735631559991397,1.04440687532395,0.897158351146685,-0.0894150532037302,-0.631408951357705,-0.453857558617061,0.389381639510481,-0.967510254540143
-0.829384058692473,0.906847135159635,-1.14362418326361,0.840533328077156,-0.401725328887796,1.25633815182834,-0.225092343290681,-0.164270387109401,1.44255878126167,1.62285114513834
1.11470317217968,-0.077309613007356,0.593064193348763,0.131340752280802,0.133582455433112,-0.297868504298852,-1.41380513396815,0.120649689798584,-0.74433543924425,-0.210909061673936
-0.36262661381095,-0.482091468265258,2.16259430973795,-0.965357587636213,1.77746270749834,2.26428483859092,0.407151735758969,-1.23503814358156,1.10015778721328,1.09084389033515
0.286400241069358,-1.80216896512126,0.111949618872959,0.334293700056949,2.24361292453419,0.445523820369052,0.427544514188616,1.06936849646221,-0.562153841307377,-1.04541543145772
-0.182133785100096,1.02205774118325,-1.13757116232635,1.06659988705409,1.33641758815228,0.730508506361899,1.17954769230982,0.336857026114389,-0.293710863025135,0.473974816912177
-1.56777504158695,0.585743780091159,-0.883049523319681,-0.387920846674044,1.42615566735532,-0.862645603760217,0.232678593769838,0.142225153295563,0.278685825089736,0.491306036295886
2.05131179060467,0.43629928602795,-0.219877548713019,0.625692983770646,1.62180229586803,0.591958118683959,1.04426582785901,0.18312619097029,-2.51045614708459,0.260952922327341
-0.950917446178317,0.214625773810757,-1.86054822477716,0.0240340913255283,-0.756306636671344,0.963996410665267,-0.681270394938873,0.111568025931904,-0.457160082085255,0.071068710687496
-0.217500521010459,1.7397263862807,-1.22202622001774,-0.218971436246224,-0.288960752538727,-1.116479366938,0.276795249336521,-0.611736951543043,-0.620602653803991,-1.88312063956577
1.81892719811726,-0.267931721940885,0.966763365182654,-0.918355951040927,-0.604575646994769,1.34529364767324,-1.21497026706679,-0.972307677664774,0.329227717584745,0.214348361120922
-0.098477722111909,-0.76569359081789,-0.367937970604254,-0.395811728356423,0.699306241790509,-1.33057382083416,0.686362672911617,0.651163951887437,-1.22716702212467,1.87887975879832
0.132647896329909,0.196621163764168,0.766162027834986,-0.748082205493748,0.570846233655439,-0.450775213947766,-0.27417297888338,-1.03057420570144,0.563828962117385,-0.0164874396722902
1.48970873329053,-2.36229841498178,0.457706607758692,1.08459796174031,3.15257565157705,-0.830188078706381,0.113449192880258,-0.97920537967585,-0.685319222080427,1.44234401796792
1.08052399505493,0.289492000704405,-0.667670589967932,-0.0488503070278622,0.0594728336701544,-0.484158924355865,0.11821730364508,-1.03083474230095,-0.906657270552444,0.904562735946434
1.11358202321461,0.462748773837339,-1.65655632046536,2.43559940012926,0.650213209488173,-1.65687085297116,-0.343102926491021,-1.1458794939832,0.539716270612795,1.90211183083546
0.750445354021946,1.405088926365,-1.7171951071571,2.93206660006273,3.56774764939712,0.150858922853081,0.898392640841226,0.586207515222541,0.701253678518041,0.0765119701774652
1.8358888521183,-0.0761500890555543,-0.607623997581582,0.612212131779013,-0.76069252209996,-0.276194001939755,-0.160396870763411,0.709116879785556,-0.742233008360773,0.0383025548224784
0.298311804243033,0.560365350987347,-0.0601825663808096,0.0927993665977473,-0.39505102553923,0.326699289012981,-0.0234115191780222,0.199801444078387,-1.25585203015019,0.205019828283149
1.29955482625617,0.838728452011313,0.452602059783129,0.097233018895556,-0.0166762428874436,0.470164359998963,-0.927532944770313,0.00250430849000351,-1.01813076478179,-0.0935342927075257
0.387277617500315,0.266236788038383,0.880668030668313,-0.968803691731413,-0.480853981970162,0.882916660040883,0.188892321853991,1.07220381373411,-0.343852136256949,1.72607981786603
1.09384824034073,-0.751183631744959,-1.26582163927347,1.30407725180705,0.304872864758767,-0.763452013761784,0.0598140716713158,1.64040491717832,-1.70174753868231,-0.453772565439517
0.984975286105095,0.0554768536249305,0.710725633005158,1.23619203879406,-0.94135199235024,-1.34197290711705,0.13926910445627,-0.272635863745178,-0.0166486903462835,-0.538799342340827
0.861504874846883,0.100972284671219,1.0912004684879,-2.1376940800916,-1.27666783306483,0.51370436728162,1.38551936508045,-1.65488715166638,0.228851216223277,-0.789680812972477
1.28815177711443,-0.499275016110123,0.573774683139482,1.20654182405596,-0.282644605938348,-1.7016816778978,-0.325117497653849,-0.699808299762812,0.467599783502216,-0.310016132603408
0.207140413584888,-0.232090342929472,-1.03803430895701,-0.849275276122612,-1.0802471778105,0.620262656892992,0.23427839481799,-0.701287371256791,1.23404472453995,0.336144075355611
1.0656042281482,0.163797207920534,0.759575405987613,-0.132153633266066,0.593534726539342,-0.585625766482833,-1.11671386797017,0.437746434872347,-2.30497434202873,-0.468092332433024
1.10524438196006,0.127153838553035,0.666743833661868,0.590095653430109,-0.458987048068283,0.31635019186492,0.123327802906034,-0.421005771734273,-1.19751475642064,-1.6863872171509
1.20764577585556,0.0432551784300906,-1.45972032316502,-0.538494707467581,-0.841126561666334,-0.408617559622019,0.284047869125456,1.08529323419967,-0.33765732913979,0.506560487866212
-0.546694264804118,0.0546097510013269,2.40893267419378,-1.23779236425426,-1.29044991475678,0.222937778983332,0.963582418611401,-2.19235546415115,-0.365405216638496,1.36388351583823
-0.0694567097607041,1.30476607308818,-0.538919968355023,0.776574041837282,0.49225958734617,-1.00574861417702,1.05330586228474,0.83503499231187,0.415114969122604,1.52712477276517
2.0807025952863,0.107701535972756,-0.2751787561277,-2.2487061487212,-0.777137121237408,-0.0309134744246479,0.315888020400586,0.351461350678618,0.689917020724437,-1.19641347997781
-0.21881738878746,0.664349308964499,-0.530468512074206,1.2749016850153,-1.16154883025265,-0.624453719685012,-0.113183386390466,0.931067685689833,0.267957712509063,0.381383156009678
-1.6312113731105,0.676654399623198,0.692430521059234,2.0743243928783,-0.315584009196661,-1.6512258035595,0.495235231362787,-0.738592444776516,-1.59113419385458,1.53094740837402
0.509934997672133,-0.285574895329722,0.00485103494181614,0.275060350916072,-0.37037643403411,-0.342974821171504,0.422398201209174,0.392926563710158,-1.6468899151587,0.0264633125593946
-0.0780651382005828,-0.56918624220228,0.608138967178057,-0.0913155327574538,0.552804846976616,0.994037522681855,-1.5423553106354,0.482392800744318,1.07481129096882,1.95145931143627
-0.477097641709285,0.780793904465216,0.594685986549554,-1.47721154402526,0.852456676188025,-1.76267427989838,1.23474317518601,0.842911391786997,-0.534041395099268,-0.377408685453574
0.236604561805822,0.188258597200813,0.0461724274289704,-1.01707963974691,0.840940453485248,0.663537484860646,-1.12209982108041,-1.69642279773482,0.649025063195911,0.895488783316812
-0.384825104353452,0.233889287180864,-0.655287439272666,0.270657475263026,0.247180025857682,-0.891033052395402,-1.43495265085262,1.01152488316432,0.0254893650021707,-1.08823407195753
1.0409504776409,0.954715199782833,-0.152354698930218,1.8694678107135,-0.740165730377932,-3.17984472411367,-0.525927872526894,0.179340302423901,2.79410648125913,0.155416168121166
0.118313324270055,-0.0187456211443166,-0.680548924392792,1.08179014452625,0.739951416253723,-1.36123736046576,1.72049611944084,-0.310804245419887,0.0376599910102659,1.40623472280239
-0.304140834919123,-0.294612014316613,0.442461122875892,0.757498999655294,1.19442944323613,-0.772790983112908,-0.0594932870124387,-0.750297808648745,1.49291735256979,0.871010172435134
-0.0572432193859979,0.823362741969479,1.10205094238518,-1.14132494146113,0.120381545439199,-0.471406434069506,-0.87042845517485,0.891329850271878,-0.424616698448357,0.537293352957494
0.223843868839837,0.416498298818896,-1.87329942758978,-0.321449546306424,-0.434628875403471,-1.0036319954862,-0.0304735399170519,0.526109793622553,0.735688625556289,-0.92051239615607
1.17526010856202,-0.117467445807934,0.366250017961126,0.411933948836595,-0.0139197961381043,-2.11110389153165,-0.841456670275791,1.1861600046671,0.786527243420653,1.90490247315521
0.134093366064612,-0.916871555387617,0.81152291964175,-0.880938414130265,-0.116710098044206,0.6133322062259,-1.51931802679753,-0.0185663222256173,-0.769776370146943,0.256623028847442
-1.82558041004118,1.18699708933599,0.71349177634866,-1.16947761495133,-0.38080457802024,-1.3341311985742,0.694805023670898,0.710526329330328,0.256442527463052,-1.44526627528164
1.40568990118559,0.0445873300167631,0.0912088174282075,0.350840241772755,-0.128908548995169,-0.678386996562654,-1.03791718668556,1.20928719747406,0.362186290952248,0.122060962744973
-1.28313924455462,0.177590542293289,0.863302071421967,-1.59435915993445,-2.5259572083897,0.519241223140784,0.276446439015492,-0.104978978762301,0.209036030606269,0.759884834660407
0.86267385921744,0.212807657990395,0.154613219577613,2.42787906838063,-1.2378510781022,0.713939362878307,0.511305122579117,0.555211761037431,0.398086169604108,-0.10144502316595
-1.08441001323924,-0.48829751026876,-1.02039989229293,-0.393249352529211,0.505929205402966,-1.05543010745668,0.959605364437827,0.0267559789636897,-0.858361788310302,0.653949528765269
-1.93950029533444,1.51244905178966,0.703454965722792,1.13381974020126,-0.639867970939291,0.954079642583148,0.128916085868414,-1.40083540573585,0.843613228625139,-0.368433345493533
-0.496819906114792,-1.16315840430426,-0.988678355989781,1.61027254527218,-0.363105595097261,-0.117289176833635,-0.0571291548860533,-1.27698778079502,1.30962690603371,-0.190752933996169
-0.390347716964089,-1.46135667222687,0.52671464437858,-0.253477887831843,-1.27705710801095,0.892134155101278,-0.445036428878629,-0.875605615741644,0.994193687529157,-1.98152745717643
-0.688804466362618,0.155579301358531,-0.370159443735731,-2.0552691736049,0.17280314200726,0.176291140189788,-0.526547509695616,-1.82260515488888,-0.350962407410632,-2.27426323234475
0.227847366964176,1.26613348818694,0.0306683711335047,-2.08368746260654,1.36503475462495,1.21823099419945,0.979048780462774,-1.23017004858392,0.705915510974172,0.275268798481115
-0.0267302433517766,-1.21201793175629,1.34682830151251,-2.27763852576758,2.66539754557921,1.50851560584999,0.0159709669786241,-0.446767170091856,-2.15066064086501,-0.827103496633686
0.36739585173072,0.910513463341939,0.957206434280679,0.515093738707418,-1.9489227472707,1.20801553337,0.543411541227439,0.36431785007708,-0.448223252528647,-1.31934197564964
1.47958860268837,-1.12427337807467,2.03902695086993,-0.888919866037838,0.889322600170748,0.927732214805263,-0.631889709693303,-0.387082702928024,0.0246933650031733,-0.922973216217953
-1.97812633903374,1.11693339840144,0.653551721136698,-1.13922441942229,0.0697494655853109,-0.226319529603198,1.3061132796564,-0.0211495597470039,1.61649568073712,1.05950606555459
0.160932506636189,1.15767916027848,-0.468063428421214,-0.174994403394385,-0.684739077743387,-0.302238443605168,-0.821294954336569,2.68234812284156,-0.0963190827904523,0.325508223259497
-0.235778816893375,0.65987535659387,-2.14510235452029,1.54001260566005,0.0238985557164002,-1.64061135427092,0.999934280187446,-0.440557585216306,0.558187616405768,-0.861246859287483
-0.102416316268149,-1.1262059271226,0.970161334650231,-1.97510226961603,0.511187603307706,-0.295980503861108,-0.240160689696357,-0.125736976337544,1.89408242634673,0.611013449726644
-0.899168564740119,0.106157681335546,0.0275997500512234,0.566057467370277,-0.214312543482958,1.09065915025038,-0.746254203613332,-1.51568114039946,-0.0515009769684678,0.699033676941626
0.509226289846927,0.447866445399745,-0.00202482925248206,-0.257677609418537,-0.523244002861885,-2.47621962843483,1.51333864473723,1.17024330186609,0.147371867578655,-0.807480295854837
0.119083134625942,-0.167806530504182,1.49105578668926,1.0992832501781,0.126494369189342,-0.629084180079978,-1.67597310196494,1.88191514708366,-0.457130535050953,0.416162814749003
-1.30098630315542,-0.787809941507809,-2.0349254393003,0.690761911267994,-0.964894633801113,0.410722307752575,-2.99377201359949,-0.025120799802651,-0.0509492774557803,0.78680457981703
0.448143285831186,-0.217757951583151,1.75043430072816,1.51577212145938,-0.411746353151717,0.724963364870058,-0.0195855313713835,-0.19539099803695,-0.943910073521106,-0.421571728668694
-1.26652638875077,-0.271249221783849,1.03878101980484,-1.83720565328075,0.427163936809398,0.34339036247213,0.130228457234164,-0.401840663998926,-0.137663743629748,-1.1189567937015
0.281861890120939,0.987285800170532,-0.404728750108557,-2.17712332348091,1.230878155784,-0.924653726378254,1.70619290424148,-0.941099995907954,-1.38368330221441,-1.18972007030224
1.17855093383533,-0.780049202214755,-1.07003472508256,1.35655157907972,0.934430851265238,0.793250323501351,-1.07637213790994,-1.04349900158599,-1.80370789867344,-1.24576967241784
0.714777207024038,0.493365707999397,-2.82426864222588,0.750791584252142,0.54343997293251,-0.834493515752151,-0.458934378384952,1.12010762208501,0.147457125653224,0.261306197963969
0.426527405582156,-1.35910165743681,1.28250508871038,-0.833788356678933,-0.379495667077642,-0.20068350081474,-0.198577209001384,0.463393118484333,-0.658651506747288,0.370841571164328
-0.69018712012478,0.334129897617372,0.148337660273973,-0.312006190411471,-1.13316543803192,0.305886381516055,-1.12929312331988,1.76627602470603,0.0499095489279678,-1.72264533454832
-0.721139482561926,-0.485823634817991,-0.42021305708919,1.14938995758038,-0.912502799114704,-0.0837251888766493,-0.100906900311493,-0.704956314462197,-0.525818454013015,-0.212727383676883
0.164190109082854,1.02838272617624,-0.987854661677067,0.641301908458477,-0.267632620477618,0.755461189637546,-0.739238587544975,-0.156705927873855,-0.843752083399066,-0.1276967850938
-0.760060817700936,-0.206437310949534,-1.24595527779712,1.39616214767428,0.483590587873578,-1.44867585730362,0.313753778754921,-0.745056686781499,0.347908227052794,0.233786883769424
-1.05844340434099,0.351322432276006,0.0687592659131709,-0.0821827499870872,0.57692667390233,-0.215619453838204,-0.119083756826076,-0.537794032022393,-0.648480192614241,-2.38366788717944
-0.605687990440793,-0.126705710418815,-0.848910855776274,-0.322590230885645,-0.403763192051188,0.269750365414985,0.322170087941201,-0.494650741302592,0.532790026758122,-1.04982042081771
0.261725972827536,0.922606480316725,-1.17808807659422,0.234361775847261,-0.683203006346224,-0.4636109703963,1.04466157568038,-0.693420592230711,-1.46239196417814,1.36141658724581
-0.335312211946294,-0.275280095705272,0.0175823723198678,-0.294107299431013,-1.34755141662652,1.35802775925468,-0.313228931916629,1.24694680205689,1.36052834240139,0.18323207420958
0.39357927807927,-0.422676884687706,-0.0165067351910807,0.0398553359483829,-0.347932568689495,-0.463210616946328,-0.578220333593028,-0.100151567216986,0.0159738424796435,1.02751698170253
-1.93946228740475,0.196827685576242,0.662471826809889,-0.783018479032582,-0.808594033822342,1.46509663278463,-0.555212846066528,-0.509262806345813,-1.07060435987243,0.553354484806077
0.422884196150003,-0.0353497915179272,0.16962328193832,-1.57073169709965,0.518723794507568,0.519561230846621,0.093377617346142,1.34719666225676,-1.24603405032184,0.0855337549914464
-0.184415861360204,0.419117510754704,-1.23814233193714,1.04729852318253,-0.988748301804282,0.710129917610629,1.90643428442257,0.672456287077242,-0.38204340505005,-1.94918338641434
-0.47054001831468,-0.242019090423496,0.00721404616199775,1.54292742162718,-0.682192462197501,0.656637779725417,-0.316629245693731,1.24575323523275,1.22423919823669,1.70797214248287
-0.289773116215618,0.173386215799043,-0.375691303100324,-0.0445107357864796,0.591928584914572,-1.0886161011976,-1.45023030973995,0.248993321841155,0.284712164210815,-1.01672501665543
-0.666350339659235,1.32249466860977,0.592408703214922,0.356861422473341,1.25242663513146,-1.05605958602197,-1.79021455429365,-0.145922884061694,0.723948876626956,-0.794703941075503
-1.1081007175022,0.471150606083472,0.191945117214346,0.927771802666184,-0.871816441489345,-0.330553873408143,-1.90562747671438,0.846145538761544,0.668982346579073,0.464490643771377
0.6159533819273,-0.37083489061045,1.29523610332386,-0.108941190918721,-1.84390966117849,0.374254121410375,0.316812252685434,-1.13803999615924,0.0663076419337147,-2.45169463714064
-1.02459928976357,-0.548535670478691,-0.811914681830527,0.503207169625728,0.265333138189491,0.252991276238724,0.0533214483478632,0.529020861594963,0.954967376207182,0.841307418089143
-0.16437469160347,-0.632720092126716,0.408267760308559,-0.626215018302916,-1.17290567768399,0.632302478017658,0.332756743363177,-0.11565019409962,0.811252191784157,0.184370978892138
0.404020370599407,-1.04504139448358,-0.390550468727565,1.4363900340728,-0.421441387298861,0.375724271998481,0.709168560097861,0.194867173696705,-0.747297336697791,0.011638972749722
-1.06549252134245,-0.386036775352047,0.394726745015727,-0.25235594968898,0.50018840190551,-0.712498854746182,1.32705614090149,0.672866441825983,1.10326829556614,-0.990434577412755
-1.34530841915161,0.67571036880872,0.129140192755404,0.483090047231537,-0.908324697508021,-0.00402796108018393,0.377296859870186,0.590509995670872,-0.448681559083265,0.705497584874793
-0.975671884860564,0.219368985164885,0.970202734809539,-2.1251813959461,0.265404054814143,-1.51278998775421,1.30438462628304,-0.0808638975048842,-0.966282792271582,-1.0098187016351
0.862886628627873,1.27200807157666,-0.69757027371908,0.0753771483171233,0.282189108722485,-0.116717747672383,-0.207473818947117,-1.32610967657953,0.0269913856371339,-0.254626458731083
1.19347017445161,0.778079237037641,-1.77664351071938,-0.52879564266103,1.27433674622616,-0.259142054164986,1.24993562346391,0.0205580308956969,0.0781218882954962,-0.934223584789313
1.59383243716219,-0.259574906440902,-0.882314909251084,0.314223771414638,-0.14426921332562,-2.1255206612468,0.469580544400787,0.0153527509081361,-0.0666299227512338,-0.78180805166848
-1.06433926374375,-0.281750450287772,-0.884860979424151,-0.625027676322743,-0.112406885170973,-0.637873601839537,0.0257172151126928,0.179515084948106,0.0121380041100935,-0.098527721052149
-0.48337429470224,0.789655434334123,0.783160913837256,1.72269888115381,-0.640854400258445,0.403871668064483,-0.154154773057511,-0.301539830285154,-0.292176870185759,-0.0504271894497771
-0.8796046734282,0.767573595829455,0.593443391795401,0.00895570683789891,0.996841035165323,0.107636481634703,-0.949561746694048,0.386024932733786,-0.181888877213482,-1.73091491620696
-2.01739578177131,2.17567122403796,-1.6948835210936,2.17125790778656,-0.220376946491924,-0.943484889013029,-0.227082092188153,-1.35907493848189,2.20560623684321,-0.713066168443729
0.503606098865024,-0.440657270265524,0.634389315673794,-0.489885680313497,2.29232439867332,-1.14047485076412,-1.89868979023995,-1.95306475952891,0.585929981736673,-0.561773382791899
-1.88625132721923,0.399366686936354,0.301417548465074,-1.62144719839625,-1.02175096661316,0.516818741073362,-1.35609785391985,0.492137000036803,1.24491274264486,-1.40099806699007
-1.49481409735383,2.61349073230229,-0.0578108392706834,0.415574292250905,-1.3056046967101,-1.42894234045967,0.918729069698288,-1.37581696248169,1.00092020613882,0.315449874438355
0.201094621745124,0.791272820887161,0.909366494678064,1.82999028594959,0.962341006075794,0.617863192282537,0.444195427968323,-0.578529177479124,0.253315431456536,-0.59293708840415
1.08489770107416,-0.875774115672626,-0.00625407300332038,0.244845432311761,1.14826763917332,-0.0218273283440593,-0.604481429148628,-1.65883007843593,0.42010107068605,0.209255864886738
-0.957425629069455,0.81209673928543,-1.87916129679624,0.0949559966517716,0.663744532341437,0.13095618724559,0.762635247765961,-0.205731914558166,-0.60077929923475,0.585620522192188
1.04967736476791,-0.0751600212401979,0.00819650696311721,1.15379524733651,0.014781619850617,0.225972360231489,1.07113474955255,-0.486162948013195,0.639653122796361,-0.432107634349583
0.631401310125983,-0.737286845041063,0.271804518136706,0.320530120034222,0.577402588394364,0.597834007313249,0.508146979924416,-1.44615775873059,0.686624598677657,0.333582531875157
-0.200814410296281,-0.315198395543335,0.995959971843747,-0.312974017222456,-0.493616738268178,0.145027022488807,-0.0648214822339292,-0.169816426854718,-0.677896228404262,-1.81379588378498
1.40956839287581,-0.752891686826065,-0.357905867999495,-0.154039376688932,0.430057968681684,-0.415697438167121,1.02475390934684,-2.33761890718308,0.848223369815614,-0.142069784191063
1.02975257334945,-0.169716692973281,-0.300318702354023,0.152158986429497,0.846022166901721,0.357667796236112,1.33338088692049,-1.31380650695517,0.446793802477827,0.29182651105618
-0.889364765970776,-1.22037898101776,1.24330060163962,1.24709999410894,1.04000678094094,-0.591985071481803,-0.687526649659579,0.598056741652065,-2.22609003710883,-0.026158165831116
-1.69783027521768,-0.0192292976695711,-0.530131994846725,0.87858227099366,-1.00245575716384,0.239233214610348,-0.847733592295696,1.10260894175143,-0.577984936688471,0.0983000949030911
-0.291614081376207,1.13155588549853,-0.232235867655582,-0.694722862362222,0.336506147291988,-0.63406984289214,-0.213025662220013,0.475010636202074,-1.18391284433884,1.79604507081956
1.10273334876585,-0.676435895056194,0.832895072001165,-0.436529531601086,-0.21098282178179,0.802100596729734,0.228043995738922,2.2769148176558,-1.81977713234991,-0.0553325466452467
-0.316865555391522,-0.787366918411209,1.07481342721683,-0.822386596351172,0.04324258016027,-1.65400231862287,1.233958317789,0.75964634728575,-0.309422447429421,-0.567305934708889
-0.485017770286699,-0.404601740456021,3.41274270205802,-1.89235114989077,0.733087040792645,0.179403670868782,-0.252715977432795,1.9907801406352,-2.28376519202971,0.549041645722133
0.821120895461019,-1.68490549854573,0.694639059576437,-0.0712246770188409,-1.91542870930135,0.520339277946125,-0.581750047970183,0.355918544333083,-0.39738756543238,-0.894939823639451
-1.32284459205275,0.507855830813251,-1.01451661777747,0.17133622667283,-1.78810243519288,-0.42548318820508,-0.390732469684259,0.385710211071749,2.11569195597396,-0.111039037819639
-0.608647743934734,0.125745739490567,-1.35971415821076,-1.76014543711294,0.656165430433354,-0.706904153038102,0.300695105972457,-0.119821005782406,2.27491823022486,0.445860181607864
-2.49397282568097,0.207484461194871,0.00598665358538444,0.552580931836261,0.509657141709794,0.070839982274802,-1.60481356239773,1.46902557373742,-1.42186512737278,1.93047357418633
-0.185454607535189,-1.81588676266382,0.897562431129421,0.489890312477525,0.217880076542928,-0.0467406332001815,0.675451493367725,0.620068405644763,0.898442626900422,0.810509938051003
-0.816198821330318,1.05154648001959,0.684769333115684,-0.797279449649685,-1.83963222910349,1.70296554789757,0.237562036799576,0.0692252759067407,0.659687054952284,-1.91357844365789
-1.08853087812638,-0.778995245552812,0.687696002508707,-1.79171597502258,0.464085522569895,-1.05390654878445,0.612720176927392,0.830647113597099,-1.31237263313852,0.782102971979692
-0.24840901439518,0.808288851139505,0.315909262383917,1.22593248270266,-0.390292418982023,0.455500111869783,0.389913619087586,0.196386937223638,0.625442712141639,0.221075038075253
-0.261299075457463,0.307076765507292,-1.85154474535166,2.31048114514537,0.328813418988809,1.22239486228173,0.129265282833892,1.36804638281814,-2.04493146226536,0.90292374008927
-1.38872204137825,-1.83308442225708,0.125198864991909,-0.419541186168248,1.18766903727054,-0.123211707203677,-0.178031873553059,-0.747086355529318,0.90394370627155,0.0620608822248571
-0.26431840704948,1.09837972611138,0.367180491173221,1.33936552680276,-1.25314190263641,0.183687693774629,0.333414652301463,0.454077875084041,-0.53906642215346,0.490165531963564
1.44477135797372,0.82580313536842,-0.128860879164934,-0.100818579450084,-0.842177515704544,-0.835562095681791,0.472674944826424,0.361778784107833,0.267181968796227,-0.400459371178071
-0.17451187188199,1.03033682454476,-0.212501291992517,-0.970739736878968,-2.08516531113538,0.0274046940791774,-1.01820750892383,0.668618321915289,-0.798651014394797,-0.163678580693674
-2.06465269844567,-1.82582822880677,-1.33215118381682,0.477012248141,-0.319121693931032,-0.0340017733468619,-0.380509104658034,-1.41199211835396,-0.402156905395318,-0.420811635904672
-0.700734564826767,1.75451244084804,-1.14687524916761,2.4485722954514,-0.682769555042162,-1.26120139974739,0.116381758215764,-3.41216824892858,0.258826186116565,-0.621028554379992
-0.562013626014347,0.0841806036282122,-1.24594622646864,1.68883477666207,-0.578421082462014,0.913356361783821,-0.780053541002936,0.735330293912159,-1.69714216762293,-0.689404276661129
1.68576071240817,0.322309256465186,0.776184620188066,-1.77593252363024,0.0819111709368259,0.287562151132345,-0.64108921655549,-0.679745243716135,-0.786067576851675,1.16797261172774
1.42472239810124,-0.316015268967295,-0.422413397386836,-0.253266341639287,0.443061495507271,0.994228720795442,-0.431355949654327,1.52977230810026,1.24134550814594,-0.339450736789606
0.203306251467327,0.604980124535845,1.91473005955785,-1.26812631651836,0.772568871719175,-0.0435180631424355,-1.70655952471214,0.77308909787028,1.68536130584633,0.832928248425616
0.495544885544653,-0.0793096097466039,0.199807618845516,-0.708127957045648,-0.950814759761645,0.0146395561307784,0.413208812012467,-0.411402029930741,-0.124787460810459,-0.520664005302744
0.52851062729031,-1.91419424346904,-0.282325778059472,-0.333419690738296,-0.132029489219025,0.862067494033163,1.52827746677561,0.212305182912826,0.71041254390149,-1.33149413857974
-0.758459957980374,-0.036655667669287,0.600034475720033,-1.03168123934367,0.294721689619302,1.36954062651087,0.291888905674433,0.314021005751484,0.0509841701883596,-0.92373373611794
1.40080948250787,0.379148482447891,-0.325073278639356,-0.264407770167562,-0.610846070834649,-1.79030493547145,2.34630656155162,0.478501406540813,0.250843118793414,-0.818714871022212
0.752265025219221,1.20336384200938,-0.0867027370277518,1.5707879530141,-0.603687151657849,0.351422768573636,-0.301440640301826,0.0663525368831609,-0.0816339580131114,-0.901944974261883
-0.775661407827478,0.889075803851436,-0.211875822062973,-0.691973829981634,-1.32652582777786,0.14379103992918,-0.843867905013851,-0.944870870088997,-0.232731264485192,-0.336236174061486
0.937088871689105,0.780105655503961,-1.87219446013964,-0.255992561632501,-0.182687365715387,0.953547537534644,-0.305539285833015,-1.71678156466728,0.94039890756973,-0.295338571904828
-0.817623979548284,-0.467103633122175,1.2083092477712,-0.587485479032771,0.523826157175116,-0.521042150734566,1.507869521573,-0.183490243161573,0.247297386604847,0.396148081547911
0.0731354011670116,1.58120676351757,-1.47428467608375,-0.368619034325919,-0.160809831037141,-1.39592404967461,-0.984709275830214,1.29899585635005,-1.37768483250848,-0.894315197255556
-0.377551493430112,-0.810328917752037,0.517971436904821,-0.803452844136251,0.814752411084676,-0.479556513611581,0.106966465818909,0.0802341469007972,-0.866622076648782,-0.714983155178263
-0.658275426444519,0.537877926613732,-0.496142373017937,-1.38445337188127,-0.868897935783418,0.673039463441719,-0.354176944625515,-2.01352432456713,0.317168031910085,1.44860970035796
0.336867280412895,-0.266446694402467,0.341737527633413,0.342673849230032,-1.13605262596091,0.574958978142639,0.844126717877725,-0.792818712742652,-1.10132046715531,1.01832927335837
-0.371151108067619,-1.71107506634543,-0.311144672067129,-1.94822888168466,-1.19993231360742,0.515361690520486,-0.519561606986359,1.34726191482913,1.6640945531041,-1.0277753049424
-0.846841139656275,1.78336781965484,0.196558465670092,0.504142830185737,-1.10942158519887,-0.463571022781444,-0.647788953092536,0.268666006919201,-0.768797298474866,0.184884614213172
-2.0136339339176,0.878549756246562,0.461262884319783,-1.10994745226112,-0.410450326498631,0.096047037886875,1.64354213375716,-0.574827826158408,0.129799735288304,0.282543947788888
-0.489194777526113,-1.50448238357918,-0.667161125297739,-0.170114092267459,-0.19006304299345,0.740150940728875,1.45999737347153,-0.930906980747486,0.463474742952948,-0.681622243841993
-1.78296623089781,-0.66955924299085,-0.578422557182026,0.357131756250786,1.45058951747688,0.0844188360578105,0.282502037565288,-0.89060961033038,1.27823574172269,-0.783001269114197
0.418396987226634,0.0655797592650487,-0.725223597205694,-1.8634835761068,0.250672341526554,-1.0288296139248,-0.263117090285582,0.836610511060809,1.34941208691803,0.457903517570226
1.05532586605876,-1.47829705086673,1.70871068690648,0.972539033794555,-1.14319564749485,0.204534201999954,-1.06618974006863,-0.68887747778569,0.115226147775296,-0.967415038466859
-1.13501394579687,-0.767871585134868,0.620263011173904,-0.585018229100414,-0.56295006843039,-1.33592932833343,0.0536238869823733,0.651311719790159,-0.947288305892869,-0.194981670007975
0.125283803298506,0.202138093708733,-0.894959735485465,0.0936290572177283,-0.169799495792745,-1.35963554367866,-0.977009432230604,0.683994890113283,-0.453728783887594,-0.341196198589094
-1.11478628760003,-0.968319762606407,0.490223502585929,-0.803252316316036,0.571950744121432,-0.212564824237958,-0.250473062197172,0.852497019181807,-0.714909211641736,-0.341245830490524
0.31394272704804,-0.76268338619727,0.313944023192422,0.286906532459321,-0.767822861149253,-0.999627238228521,-0.601971590337497,1.11800927775204,0.122044602622466,-2.65976755178112
-0.267270853984766,0.166982617366647,-0.106741904476123,-0.729234070518423,-0.446630028884503,1.76911987429479,-0.98721065625159,0.195561227833336,0.207231449327986,1.00731573973505
-0.0605470975790402,0.163332165602633,0.092608874215025,-1.29118401745007,-0.461120265478129,0.677563218236946,0.0293322258628022,1.90759345224364,-0.667310982568115,-0.748981324302157
-0.670917551316487,0.82386405842932,-0.606893034439446,0.788355149345958,0.535478696251726,-0.62516492171025,-0.940510909119111,-0.328057677284164,-0.107386327368617,-1.19021747989537
-0.425009440266024,0.511769102368212,-0.0595087616724602,0.413697429157328,0.737807360878783,-1.55351603456248,0.231203580059038,-1.15641541060145,-0.00730903363989733,-0.59539487168061
-0.634310001340236,-1.57529333341388,1.63702219978521,-0.652333095730126,-1.28176849055824,0.750663037257269,-0.596961392679031,-0.48828182405144,-0.106094495996133,-0.285898477471258
-0.418914729838068,-1.07429810552756,-0.384279632629244,0.352992459338774,-0.286455527185439,0.0336390746753961,-0.463288505984329,-1.3641400362901,0.799837334862444,1.99982032654139
-1.23019696215529,-1.45553170780624,1.84150912245315,0.402428666395966,1.32602754954331,0.394720160494521,0.126976624040439,0.301568350778221,0.846222424579287,-0.190811882302458
1.83815649085441,-1.30572229386046,-1.05839414117906,1.19593117838323,1.58374743373794,1.67155789830519,-1.23212188240372,1.24825336062111,-0.31419415342669,-0.260886973590768
-1.13773027913796,-0.0301943157659471,0.839124854009687,0.115738976550805,-1.36339932095884,0.0432703744264458,-1.79338695339256,-0.653108537194772,-0.226427576911145,0.121611613228362
-0.468918490567513,0.659898047525235,-1.60323153918826,1.25835083667682,-1.23143623490323,-1.33245270847526,0.102946742696043,0.238035460095876,-1.50876741426749,1.44082774278775
0.0715884054184587,-1.09686567285471,0.322440019098638,1.15630092742636,1.04872371634594,1.59723813390904,0.892192949658659,1.08018401993401,-1.52854197119213,-0.259416308937344
-0.274872221217306,0.327308437930221,0.384557900649667,-0.984875440432135,0.136465079420229,-0.874193387300498,-1.46393732398931,0.133057244196214,1.26431418306217,1.41429813990034
1.06467420446359,0.727775544345621,-0.627035122959769,-0.611475502873636,-0.562014094095627,-1.85340753775894,0.268928701595161,0.420542338510564,0.59043612209307,-0.205958641250304
0.848796288163392,-0.950426252416278,0.848373864632038,-1.22709727132503,-1.98073950581316,1.49091063269598,-0.400622033694525,1.76509687942237,-0.295698436540302,0.515295009902392
-0.183650480098209,-1.40685280463185,0.00976864493507101,-0.712740429738811,2.90335025642793,1.2581868568966,-0.161958531285699,-0.0980698614061642,-0.00502949363985329,1.74157906245498
-1.22591538661119,0.122404921346137,-0.770364800936715,-0.604937426593302,1.03234075726764,-0.0199471919975417,-1.64892797110196,0.265496059461317,-0.696829411291632,0.0123406186520276
0.554082586881833,0.184257318915351,-1.3883838037911,-0.498945586127368,0.0947398226899547,0.242739077450109,0.102237973592315,-0.813912171588147,-0.0989286513810429,0.0294783992376518
-0.17343847213482,0.153842367205039,-1.25113390994944,0.311504107433755,0.857611861609449,1.1630045563166,-0.379463708617378,1.31031121694456,1.30621283738797,0.52342784852285
-1.52710542702681,0.738749550823091,-2.14654196888472,0.498178975541164,0.429249249712079,0.833155661925904,0.906679247284311,0.184634022836661,1.13307554389048,-0.224010603808411
-1.04717036300009,-1.04864946960468,-0.787191182498201,0.547977838522437,-0.477117549192352,-0.69267860222092,0.509023833548228,0.835603751552676,0.827887436993124,1.52142047700307
0.768112742985975,-0.220232913726358,-0.499303339194002,-0.0738699537570257,0.763437976158204,-0.19581002819594,1.00855220500514,0.646811232421555,-1.58641924581923,-1.79056245228668
1.15277075210528,-0.39192552182693,0.712126374075564,0.197160246209316,0.684437112810394,-0.637806632328385,0.753994782221192,-2.33669733608052,1.44091878654608,-0.660100769187559
-0.76678444006138,0.168151029053285,-1.18022548540835,2.14434952547993,0.718336268064625,-2.07446958829224,-2.40178362242605,0.4488670664707,-0.680963099969689,0.261262608063548
-0.837708424884674,0.69460886967244,-0.980810234853623,0.951902239418153,0.166307456709021,0.996517986696661,-1.84157347174872,0.808811774590108,0.101561871776347,-0.344574616048611
-0.673151782518343,-1.24016061590689,0.28046900462534,-0.741139069463924,-0.843815057551707,-1.79453935318331,-0.635047160813706,1.44923274195753,-0.290720956541782,0.303932854752322
-1.37624694272444,-0.146681483547867,0.759488459014555,0.659741140480128,1.1509579188208,1.16573154687695,0.706421482285718,1.68707576442464,-0.618106246715906,-2.32851952265558
-1.05836257832762,-0.0687582834535659,-0.124010027834239,0.979354768268457,1.4295064861875,0.463524921728661,-0.172384896556525,-0.713189111513279,0.163870918525863,1.81024295510595
1.18149221376123,-0.616485002113774,-1.49319371369066,-0.920309383038162,2.09882083241057,1.424953258656,0.593983487718986,-1.83806967822884,-1.03146281332761,0.827931399335951
0.0955426401805883,-0.77885289309312,-0.6286137346873,0.921098537137403,0.144498000846218,0.853365759073976,0.384157428404834,0.78435514257117,-0.401627430482205,-1.71423390756858
-0.130520325442929,-0.557870094435897,0.721856143557571,2.20899860643516,-2.10110348348975,-1.55705471794366,0.534681804021511,-1.37786785370154,-2.4114886456314,0.689811752591166
0.176097920578685,1.29799136190711,0.592797685743301,0.70736552628834,-0.182636344681719,1.28029973211003,-1.20604704232768,1.61741877898479,-0.764793353722085,0.286737427543607
-0.989838927586752,0.722137420999034,1.5739656820808,0.839560957819836,-0.101518250354829,0.862824347723483,1.7703513787335,-0.501837019709076,0.424073907498768,0.0848077472872844
-0.0917975117760957,0.59240673198573,1.14384842757849,-1.11424490669624,0.133729046427437,0.631672602141587,-1.46534968330941,-1.30854316958237,-1.0484369153951,0.252559265922685
0.407296434071513,0.680016596643978,0.903565712830874,-0.158256499647783,0.686102271830833,0.762895442959366,-0.674243385500736,-0.0796609797173934,-0.0932427885284958,1.14347632520646
0.974228178282549,-1.2019807600484,-0.369907871895788,1.41649129396667,-0.666527694538432,-1.29399126603082,-0.543355586961703,-0.720392949983502,-0.184720481148441,0.763586744198028
-0.501631943894731,-0.104335708035844,-0.131718100158356,0.931822908615758,0.0561206913090629,0.426907960751672,0.023894222167468,-0.771583114745191,-0.518139646143691,-1.3486818287581
-0.0229830310264294,0.206946737750352,0.0914435943054865,0.574187709183526,1.86503933586269,-0.937369633903116,-1.42468654974937,-0.121217549400236,-1.15152224726011,1.35638701718887
0.391658882937637,-1.57687949291397,1.68303111986162,1.16981020382531,-0.0062724399821881,-0.832804063735381,0.14639265959961,-1.63038896184251,1.22651318217638,-1.38761188203846
0.660080731434051,1.47496236113132,0.0670971569450755,1.35302264650731,-1.67208367904297,-0.198203181301663,-0.616998101756641,-1.16267740520335,0.220690349839439,0.687923100470404
-1.50201192478731,-0.0953604813476547,-0.435852743631487,1.93530047137665,-0.0210589049829049,1.93037117865635,0.731860031251955,0.124967387545445,-0.267291537333314,0.0705451988028033
-0.0236694301563537,0.801641397708075,-0.685636323915933,-0.496568806382675,0.327804801537803,0.379171620145441,-0.00454326531300774,0.0133209881292716,-0.0465128106916528,1.43462188144915
0.188828431175016,-2.27467078217237,2.03326902725763,-1.75884547664666,0.457989186408783,0.080224903368835,-0.351840809498933,0.911916456877693,-0.60356066289685,0.179477789331189
-0.589520307655616,-0.569163961369463,-1.3190552279178,1.39248704016749,-0.108749421053375,-1.89905890142935,-0.613993680830202,-0.308610610655519,1.81832695249274,-0.573626625402836
1.73235461139145,0.411592866010847,0.930495181701066,0.449125709495313,1.31883138106617,1.40463662401112,-0.269776719745612,1.08084410124206,0.657553435149315,0.56011330117615
1.70545919308939,0.26951996696833,-0.239193777187126,-0.751589124982536,-0.610240642394026,-1.37607150991398,0.63175967104806,-0.300515137686702,0.0729228872147372,1.03776499705028
-0.329960406777398,-0.130617326002332,-0.19773956734015,0.863232386534733,-0.072598952328145,-0.229415988546628,-0.654498408165662,-1.3913266973281,-0.747672846729,0.247821713476558
1.02502469197896,-0.549470769994802,0.198698707898128,-0.0387251104800926,-0.334833960859853,0.442657881891934,-0.480433025437493,1.14052487467658,1.92059924111247,-0.549428240483703
-0.606745736843595,-0.136870010028029,0.338001005877599,-1.48960160640336,0.98577570725241,-1.41243856250043,-1.54938199938603,-1.73183330247464,0.454436338555304,1.44162285923579
0.170795968628229,0.811470131463788,0.486915875824138,0.370660700856307,0.120579121802089,0.979034284935842,0.206949314460532,0.362094787160546,-0.79196127453861,-0.792297259102392
-1.54324420987901,1.2114986655499,1.28006206275452,-0.381376226050243,-1.60079583746992,0.274749906702828,0.285675971020638,-0.126908866365782,-1.00574436953283,0.0888366761178267
-0.192222220435847,-1.24080426853427,1.31006958772415,0.668229641559124,-0.640002184030198,1.06975528608948,-0.874520339142891,-0.496671570830765,0.353855766608667,-1.2756426355213
1.36238315500487,-0.419098975246805,-0.744877281121588,2.51307701065455,0.184764340291895,1.78759816426446,-0.932606943422065,-1.9390305844187,1.35179682821351,0.49918006773374
1.40698745302734,0.00756959661808652,-0.8392137368052,-0.568663677604325,-1.12675147065607,-0.522595911126312,0.628850652420691,-0.247745042527156,-1.07258181089656,0.327641309420323
-0.517203202854332,-0.759518302555263,0.45283933868398,-0.670925843821534,0.638964403504329,-0.210148965018486,1.53113353201158,0.256581147936653,1.08694253817254,-0.0171812187922759
-0.455929098043491,1.01142415301827,0.192406053008195,2.24932947335275,-1.79062753170666,-0.554339406789788,-3.02893968431407,0.648922859670407,-1.95119790728651,1.5752410501706
-1.21314222222435,-0.480091846985155,1.19710460144502,1.2892972278058,0.0246918867442122,1.35456751913581,0.412532274176708,-0.0445118094599541,0.522995126016196,1.77044871141316
-0.144469874291948,-1.46030924565665,-0.3704021188449,1.30708903690001,1.20323141333203,0.288431348365096,-1.40632198324092,0.38985988570646,-1.16655173484183,0.287297055358057
-0.0851029173588258,-0.370151399721047,-0.317521412869546,-0.187314928293359,0.970016329087208,1.72898761668439,0.423278312369889,-0.451725519208042,0.156856037854745,-1.8344304139121
0.977709989934529,-0.469202435114838,-0.556123588446301,-0.983746036081332,-0.274946732104629,-1.36676762723917,-1.23942500248939,0.769795602418864,-0.562522021638171,0.47821601185742
-1.0009706280123,0.160496415867291,-1.45437444363147,0.401646103688453,-2.07342330254343,2.88732767588785,0.711926880689999,-0.946247375649405,0.96399604784876,-0.229494943593948
-1.52650471116227,0.0534141201773979,-1.14674110481639,0.101258455792937,-0.717955690104546,-0.287431667844804,0.360694900674073,-2.45142637074255,0.618588765698722,-0.411373415400714
-0.616643987531868,-1.00813486492393,0.121319434961115,0.00725833850097977,0.980442639322093,-0.854770209118852,1.05364221166974,0.73636777724248,-1.32734849653399,0.118141480536771
-0.0111803196997039,1.05504800278491,-2.64620590846015,0.376369334160451,0.00110719042270239,-0.784091033886913,-0.44659424262582,-1.11058476638095,0.357598795274947,-0.560056576158129
-0.427147844334768,0.819687906336633,-0.721238984263976,-0.010348207168153,0.71550942090058,-0.1478266333512,0.0845968187498748,1.59120085007817,-0.266664334110672,-1.22747842712958
-0.687208021970432,1.2152562020362,-0.513539836111409,-0.66148040568741,0.0494767473403081,-0.809241090463464,0.212034474453358,0.355683839056016,0.851521064494362,-1.2390274086277
-1.02591982930645,0.194312488839733,-0.57324046340376,1.22940359249076,-0.78144361915696,-0.0293869079182938,-1.56172536972832,1.34390505827225,1.09624641353826,0.323711720096913
0.601279528864415,-0.207557592402699,0.549217659026401,-0.701719765554818,-0.992564420417501,-0.558124829292768,-0.588711124433562,-1.66153820615042,-0.256421473479712,-0.8468902016905
0.559813575433134,-0.739905932686432,-1.02879870038617,0.0280754830115833,-2.06582522571284,1.58930927708732,-0.112405985320836,-0.122234558448997,-0.61655103590589,0.776168890854402
-0.937488969219077,-0.164169449969895,2.56711016261011,0.720370999423893,0.161468463950714,2.73514192756219,0.46803203706046,-1.88765453251392,-1.39110236568637,-0.712980281545357
-2.37798304059814,0.573974723414039,1.72889027286522,1.25418360876359,-0.0320465456889178,-0.324888832772575,1.40076850251215,1.03365337842245,-0.337452313266404,-0.154251388099787
1.07350985026445,-2.25305070118965,-0.0561170364761547,-0.838629233663493,-0.205413303265303,1.31295276305485,-0.496188942849284,-0.547701086309957,-1.06852476900073,-1.29909605417089
0.435379965718281,-0.902905196172462,0.858595845053286,-1.2631637655172,1.54132672803551,1.06507250206969,1.66749532225393,0.937892897326733,-0.683383220541583,-0.615428882823101
-2.29130698987498,1.22888951855749,-1.00380110743916,0.311746125732518,-3.5974270175001,-0.101243557071764,0.52625984236309,0.563299591752842,-0.65345888382745,0.997683404260383
0.469956779676749,0.362540544085334,-0.0994505589511591,0.888535468199922,0.894554083377619,0.334067932738015,-0.65547254938452,-0.517837828174772,-0.82372352720967,-0.552733340364232
-0.45466296576459,0.436636462283889,-0.567606874214728,1.2200026765011,0.130501341303459,1.64460712927022,0.996723055030269,0.517792387860526,-0.336860456343855,-0.443866126761735
1.96933885705251,-1.15036837130962,-0.675708940500162,-0.358158049001983,-0.533589343754811,-0.887582668227783,1.12448849250604,-1.47302271529068,0.678552353312825,-0.640907729177214
-0.709820311386979,-0.783558786759178,0.0862107324216918,-0.771571321310442,-0.131266826345513,-1.79860272375861,0.452913298093278,0.281596036642583,1.0803162485388,-0.0274246952652896
1.7522740186267,-1.29635139640838,-0.171357015469954,-0.582855287802206,-2.15430096893357,-0.528414490760081,0.980285234986744,-0.0488635238065214,1.05165676016261,-0.914803966908689
2.48325015049071,-0.89381557236072,1.8571993748611,-0.618427865052026,0.116483851818709,1.22726923734909,-2.75675502785634,1.00895362398448,-0.195514260136168,-0.0495993190103581
0.9998458043995,0.256647884245577,-0.970580855348922,-0.116710613075934,-0.269551649264569,-0.189614210462201,-2.86658228007418,0.985002325124016,-2.16686619976242,1.11105755334127
0.994121338744002,1.6948393329569,-0.196154332750311,0.343800808021548,-0.289004181634224,0.46109760618299,-0.627216417190431,0.178060686591429,1.57641585788873,0.585146370260346
-1.2987247768463,0.204090739357961,1.02926937576968,-0.315808260845298,-0.805942148351103,-0.234336814749632,-0.516495754536462,-0.450957318736995,-1.51933879303868,-0.877638178416955
0.548014081294387,-1.24530795839272,0.703011700615603,0.32589044079641,0.136077605569528,-0.441378562942962,-0.557894007960935,1.58196666065232,-0.364177078448435,0.287308718594779
2.2200739723294,0.14739813336026,0.646949649543651,1.57417607836679,-0.896146033793014,0.923640460007342,0.174816363760399,0.748875872233702,-1.89170678874035,-0.90115247395767
-1.14088270664642,0.660575259012711,-0.182800191065782,-0.081563103619308,-0.0957047922991122,-1.96282111017685,-0.860490169773578,1.50656629649221,-1.70456194847984,-0.992216242632738
0.14165202210306,-2.43600166962736,-1.11612152246758,-0.187269716035008,1.85284455199957,2.0687893893539,0.56518124103189,1.34335958239508,-0.965837643939802,-0.212144759699787
0.729010370918111,-0.0929319891281635,0.906086831088614,0.15304775211294,-0.850966873012966,-1.3158731704497,0.0310496074907039,0.318742962461201,-1.89192168050635,-1.5742836454503
-1.08395658133078,0.387887612508902,-0.252984453777337,-0.740406941731734,-0.439501302347669,-1.63093848538846,-0.052147509001558,0.670959640004252,0.279665634016185,1.42930349083913
-0.39905813938053,0.534244190201417,0.153981842129995,-0.7530757068091,-0.524210476196082,2.59142955019307,1.22744163727029,-1.81104022949747,0.749138101758891,-1.76797183823514
-1.21895547542496,1.24177807184391,-0.101298626886186,-0.44201170059451,-0.311553641848345,0.636379746175051,-0.430764400440696,-0.583849844168569,1.65386072091642,1.00051909031206
0.488577814955206,-2.14422868591041,0.853151606239993,-0.0476361944959832,0.0728378512652613,0.86787333056633,-0.118956551515346,-1.25422401893408,0.238858399232015,0.394237676391487
-0.346942861237037,-0.152228392408274,0.550563913885952,-1.0790084061807,-0.0906972592822893,-0.534558318534725,0.0908772069287302,-1.66255729502662,0.818042663222393,0.000463619976573075
-0.466262536271143,-0.94310760062381,1.59711145870564,0.717788013573789,0.199408045661841,-0.82494758348608,-1.56815910704045,1.76743271863517,1.06702680152464,0.497781473929589
-0.113020177971411,0.328185552633454,-0.898257420199462,0.770140482970619,-0.458444810143232,0.823138232692034,-1.10872201231,2.635367064093,-1.09711973192339,0.18760872088681
0.0801723577961888,1.38919954392516,2.53891081849504,-1.87738367661069,-0.246172963399962,0.246215321580217,-0.771672420625433,0.0492014602736835,-0.0469286866852276,-0.582827815082762
0.0381725567929353,1.21046969467436,-0.362944715257356,1.49265892844213,-2.33768288089058,-0.0864957355627726,-0.630837379445293,-1.0290265197842,0.635272867106177,-2.37295222804587
0.712167481980138,-0.788309505650045,0.220261359749153,-0.0560274611843356,1.43873138076761,-0.287243386140987,0.774790628916382,-0.201448122392114,-0.00210593194396739,-0.0187650705061248
0.440934344354676,-0.464443720124592,-0.127639143972688,-0.448950825865159,-1.19704044642456,-0.769401307568158,1.82976054898479,-0.297786696279793,-0.188798307714554,-0.0132152389630039
0.214294817984292,-1.88189446394382,0.321153398713877,0.931150621036609,-0.277520636086992,0.142175167154506,0.983223212001538,-0.280732000397811,1.45758523522455,-0.495528306930848
-0.589292082863249,1.22504623685533,-0.29383327047224,-0.297631928823436,-2.32193721692567,0.100503883075596,0.614805551399457,-0.965814013450397,-1.09309759306464,1.21139487762897
0.859692414883654,1.00177821989276,-0.580259791898683,0.874087907162164,0.138297310977945,0.500959984862372,-0.270547758123469,0.968527380208425,-0.184122793065896,-0.934013021329887
-0.103899033623031,-0.38387187205602,-0.749629110223884,0.344853091328671,-0.754596864719256,-0.00623225390607886,-0.00335753193172958,0.209711181462072,-0.114569017950468,0.0679659927858803
-0.620316950465337,1.16751426470269,-0.85032402882253,-0.442190140857717,-0.906350110386174,-1.1938798431725,1.6454728154285,-0.616481963088294,0.131012747323924,-0.680980493601143
-1.38760276625634,-1.40291203335279,-0.995866923688266,-1.19330948984012,-0.207554294420941,1.53869730561158,0.576467167970841,1.26684792271028,1.55785278202032,-0.321068030578345
-0.303556288586909,-0.675302642243671,-1.08414806633584,0.543940483307833,0.202508501230482,-0.658595874863763,0.873579185819178,-0.1082994900702,1.28616933966334,0.744217829266046
-0.475304907116059,0.512656409659034,-0.712380214164421,0.149808777284379,-0.346152147366671,0.302256413449479,-1.58269759360568,-0.824238665047625,-0.114765101748184,0.53276437760551
0.923453116872925,0.856055648338132,1.02036917690802,0.635382700207697,-0.391287098335605,-0.80354646541049,-0.316652760761698,0.683492572259368,-1.28495571640837,-0.993975744151155
-0.993847635006074,-0.0216594856012862,0.946131675365747,0.377770368240469,-0.877488163019447,0.598013797867468,-2.28275729240907,0.785133149786083,0.385733320659505,0.736510161382476
1.20620586191606,-0.523985633583727,0.186094612879303,1.45690821660343,1.33870138988271,-0.365165629055815,-1.37336778642939,-0.0508387639556701,-1.22603201996788,-0.579050840767119
-0.576202409820049,0.374251213161604,-0.627458524165476,1.22987794541134,-1.23810834448732,0.973747462837306,1.15602973532017,0.0444531255200807,-0.00392718007612974,-0.290280675500409
-0.188543963013972,0.368920676927056,0.279429967919186,-1.09994623757256,-1.25246407457897,-0.0784218572021292,0.641865904014648,-0.234755711421723,0.640621265702412,1.58902780613754
0.846425656777683,0.674342196285478,0.486009803363472,-0.59376873057084,-0.235977719193172,-0.300174014075656,-0.129150236232407,-1.31280742056182,-0.527025655550784,-1.54395499811629
0.109884069006016,-0.711763219836171,-0.891321586701707,0.19318516395021,0.266553967768744,-2.18035270771938,0.574516437719675,-0.0813888762337004,-0.558183940361422,0.417946869894481
-0.942063517762166,-0.73227688928732,-1.60348198427853,0.545406604282866,0.289623282367644,-0.719394210121274,-1.05116350422481,-0.910907753168296,0.346616221539219,-0.378476787867743
-1.61935531412433,-0.0164776769311774,-0.409624992463286,-0.969848622691706,-1.00386845655599,1.77106983344745,0.303095867079981,-0.799685335414237,1.15278410750499,-0.812772848743578
-0.183516614966466,0.637318914127243,-1.27931392783563,-1.47286617645665,1.34146797457639,-0.627484756035705,0.192060147140439,-0.535097768374112,-0.797325936474113,-0.270002593012585
-1.57421007919393,0.570982106374538,0.192276763233659,0.584456154990235,-0.663180809902145,-2.07220620811244,0.0268101891308626,0.213952514646495,-0.455043893369976,-0.714180684503142
0.914470591448042,0.648776950793011,-0.778730075027245,-0.649445795642039,-1.34234555249156,0.343268378579608,2.33613839724264,-2.55926325956471,-0.258449007194598,-0.0681124706787114
0.412306381193954,1.50636349075187,-0.60852439529788,2.14856928888497,-0.0900718221309236,-0.236938197633907,1.72704239096342,-1.04261134161418,-0.824754544020433,-0.33940666044808
-1.19797915092171,0.234466523661991,1.42383895425797,0.704165295309832,0.12785635271488,0.384556988524566,-0.977803557190039,1.18471005977468,-0.222524203794513,0.70408997263895
0.974237764833415,0.741769023017149,-1.02779527031591,-1.34422074739596,-2.98020821489124,0.29701736133321,0.532569141243032,0.932133376426244,1.21940381873423,-0.577095387321301
-0.985456326614345,0.652113046371957,-0.879784458348105,-0.38339102382007,-0.662401508412967,-0.985377202744422,-0.0804923299864744,0.219851807243606,0.80102416179755,0.109200115681008
0.126360327199152,0.167941750788136,-0.0170587795087455,-1.28332095764839,-1.75956794093651,0.0869782722044846,-0.535865942391871,-1.2179779185027,-0.78408189180702,-0.955244898721687
0.0478675852340952,-1.203714337637,-2.23548338541204,1.33150278198498,0.167932474046275,-0.345249902605034,-1.24935205645616,-1.14510025208069,-0.831665322822926,-0.988093806590969
-0.585606035368322,0.648524010409359,-1.13995570507444,1.27465693590405,0.457991138446127,-1.97389543747416,-0.916513635591828,-1.10662650949661,0.195074330218477,1.51526132149561
-0.613449169515313,0.907882429523863,0.0746784040092947,0.49684607380985,-1.13136250275824,-0.678563125989314,-1.38450293972696,0.364141437911406,0.114067779966063,-0.58160866411233
1.03843651378628,2.07114296092534,0.00615809840281947,-1.41738234486236,0.969189755072447,0.495409873617541,0.635041600137731,-0.875616571837132,1.74257634716222,-1.32065768726
-1.09933628839678,-0.879455940061479,0.339748466097275,1.12304379533731,1.45923773865634,0.562319769034708,-0.306496605325423,0.458270358752054,-0.220024100548301,-1.00761816139018
-0.296599033856022,1.26007912821057,-1.53534966069248,1.03710481008125,0.623078614152271,-1.7921408049981,0.259236017714499,-1.42687269347981,1.0343208766144,-0.90047779492722
-0.0405070547648593,1.1431203670204,1.47295959564046,-0.0989366407631082,1.51129757532256,-2.31114617783766,0.743810585273208,-0.087588003831183,0.358089101994474,-1.99466381009374
-2.01746465618645,0.974346898710143,-0.71826491769199,0.353222090886042,0.743011862630341,-0.577091287121928,1.15328445717889,-0.234619031527357,0.718884265852376,-1.20510098559635
1.20488843881847,-0.677380206161809,-2.11055605275989,-1.33672976072234,1.10872350713573,0.00426203895076105,0.618542055233086,-0.343143908974778,-0.728063726633835,-0.908843955356375
-0.225590480087038,0.75960530311942,0.334207920941783,-0.528941453566716,1.23121042501349,1.23552355855663,-1.71537151204164,2.00918361922209,1.52289146471511,1.89850775604503
-0.157926455539744,0.3857429237945,-0.39198006798078,-2.59652826920672,-0.98852965356364,-0.824176724990305,0.234413462353079,1.90904730254059,-1.21255767897068,-0.512369887630651
0.282576475417361,0.264685157565575,-0.0129218059929808,-0.77765030678835,-1.3365571687529,-0.705284672555393,-0.562237484608747,0.246998521818597,0.0059075626362959,0.76926364167594
0.0766568203326794,-0.77562963134584,2.03737714772072,0.104875154983702,-0.373887239975096,-0.652165535492168,0.996226859887811,-1.29175000919923,-1.40576901905934,-0.0865086639488141
-0.376310614521144,-0.728019329718142,0.103665942159375,-0.0446260969503876,-0.618004930235707,-0.901734346197617,-1.35179916705106,-0.301159601210793,-1.20296892266743,1.14186064336121
-0.268984652295865,0.567656328175847,-0.368928994553857,-0.462074005549491,0.562644725115897,0.321149833887981,-0.0512299425600856,0.190076098955264,0.971867509402998,-0.465997541773708
-0.915156385852936,0.456342256620191,0.434003406123103,0.0647395142270176,-0.776409937172005,0.4424922249052,0.521039813505961,-0.487751629915219,-0.646197755684214,-0.411301847680668
-0.224276528220774,0.14806508639862,-0.609640567937582,1.29785968241085,2.38812411170114,-0.907196708423278,-0.102331925558986,0.276108863004274,-0.853266332899823,0.655359329213841
0.0878752910235306,-0.711427306063005,1.04266288914465,-1.14369061278362,0.784995400094649,0.884166071986126,1.16388502470203,0.89657452032512,0.575717344502579,0.590937303753614
1.08627180341359,-1.32727354246321,-0.195638085700692,-0.969525228275078,-0.0775888140222041,0.574379954118553,0.855350805220979,-0.543812370308141,1.27833032389307,1.90255092938302
0.651964468244697,-0.586392317825487,-1.53786682275242,-1.71152165192768,-0.194395233240363,0.262215910460796,0.105339734658369,0.62714640366353,-0.0102066201940883,-0.285811848425251
-1.33419014722944,-0.918031038567575,1.06536163045687,-0.437880370337854,-0.0260947258825678,0.523271294779317,-0.0240185297393945,-0.727413953079597,-1.52263092734353,-0.872130199246319
1.37843052294845,-1.6005502827154,-0.207767723687035,-1.22811835243044,0.890372767293285,-0.943607457614021,-0.988660723625487,0.39360923818659,-0.262739439620342,-1.33296408804212
-0.27275614986058,-0.396191290191922,1.26491022129319,0.0680505171542317,-0.0461599580593754,-1.03972696731878,1.49281610540127,-0.541210821356823,1.21399114618537,-1.43830797886805
-1.6551793790487,1.63874103367924,-0.88996163137779,0.547607457164344,0.697313105399909,-0.625715246818367,0.18007869118764,0.223122184560173,-0.297558495787481,-0.0584216171239936
1.2343923262929,-0.154872453206137,0.073425813219321,-0.27163907355594,-0.0268504192848805,-1.01455185429956,0.254265253082918,-0.660026398066151,0.805784111990988,0.00943875587022561
1.0797361180908,-0.121047481912065,-0.104584778430844,-2.81613774919117,1.12452856708098,-0.65835738429203,-0.195891633055565,-0.069473676659791,0.699160384537952,1.29037429073927
0.456701511617862,-0.584052674294586,0.60906345652098,-1.46712748319174,0.613029181006927,-0.199054870767701,-0.351939836375399,-0.146681615114787,0.00294299880185878,-0.0244674607641639
-0.975745404177652,-0.541826539844233,0.611179867668775,-0.420137686824317,0.660405121358576,0.855512689470274,1.97231399542029,-0.208256085536662,-0.0556570198263453,-0.587381793277435
-0.15487265426665,-0.514401497786696,1.34548741265684,-0.485154118051822,-0.64792410757435,0.909879370416618,-0.0751445115552576,-0.298314198872707,1.50067391110171,-0.324422036229466
-0.310816187507547,-0.239556956671327,-1.80515033115757,-0.801708810122783,0.410931406806466,0.0691525104160266,-1.07425372130783,0.378871726236149,1.05820124834048,0.84076669616262
-0.64624747351207,-0.273927489115646,1.97927334179351,-0.272459358076336,0.506537279556821,0.854930113076554,0.783355126224641,-0.191372880642601,-1.73238664549975,0.606563246050184
1.32551122468958,-0.471200409534018,0.566842659765576,-0.720818553817297,-0.616918434135683,2.16422757421209,-0.163116322084084,-0.689965716991943,2.69170374802399,1.83191711681678
0.489834679000459,1.21053966599289,0.295476044165834,-0.460314969084459,-0.0974241477879327,-1.14022622910727,0.482028073487555,-0.958587629148031,0.982699762853493,-0.185137588714097
-1.84826675208069,0.173491699954089,-0.0256783197076911,-1.28788925296367,-0.672516486069749,-1.59334182012451,-0.942873290017853,-0.473136485977096,-0.432847487077081,-2.04458647987551
-1.04450299059711,1.18141439874103,-0.250992612117586,-0.670138659353944,-0.263741247323231,0.745152805329631,0.657955674593832,0.639868116016239,0.936116986982104,1.78971972753215
1.61721533454499,-0.788219154395756,0.485446733710484,0.319428343498769,-0.391962903758159,-0.576296752481526,-1.10795973093187,-0.988718406185804,0.499284482148726,-1.62111322484642
-1.283321040445,-0.389794827566899,0.730322331721262,1.08297457281056,-0.671740330079322,1.88924737271761,-0.898441021954188,1.4983374875873,-0.854814131790059,1.20360380878932
1.03810706984914,-0.142066476288174,-0.592488434441458,2.31111903769317,0.468724060767486,-0.218665748313013,-0.948798790249821,0.742437209999426,0.473776523006274,0.778188546806059
-0.887579708048603,-0.216777350884205,-0.905810020722011,-1.39637498143649,-1.85786031881809,0.531668335662742,0.318955616070898,0.375022061574126,0.868319604184293,-1.62259342081261
-1.18364068209759,-0.80930638953006,-0.0738556093087767,0.600612935458028,2.27012209471826,-1.7203828671239,0.00238638065240483,-0.0956141179758229,0.079221206278987,-0.723920028266314
1.3923847839126,2.2445761444197,-1.40775131971741,-1.59101472173175,0.0159076656119982,0.83310636129114,-1.34678145358011,0.227099851479701,0.387129283823853,-0.604065456407426
-0.361458968829186,1.74675973529503,0.025171707464574,0.0686032676480388,-0.487632474890574,-1.51952683161888,2.23419489660186,-0.517678770375935,0.596054121831434,-2.82260979825618
0.412281223484915,1.07733587797983,0.663928868602838,0.205001171218519,0.222006090739304,-0.540310853522287,0.0274539453627409,0.0399883416930292,-2.47504928903133,-0.300797519960344
-0.252189041547872,-0.85430205932142,0.368586251406222,-0.144002603527564,0.955903276138276,-0.423654203350084,-1.12262335704208,0.920355393615256,1.01783682951065,-1.15166892185405
-0.147658283728112,0.272384043764288,-1.07329839238931,-2.2585683059062,0.63019800202697,-1.11976062091431,1.48116144546866,0.818609993057906,-0.425259644673784,0.322453363350089
-0.831489115629567,-0.50475844569434,-0.237626663847223,-1.24955758466712,1.67551290177246,1.41107221825422,-0.0479560838369593,0.516147407199723,0.29214654441053,1.40360808780956
0.904631253142421,-2.0472381047134,0.588393242476764,-1.10166286995594,1.82045730425528,-0.795958707636975,-0.0681147576985364,-0.393376058780482,2.00093018222401,0.0717573534588015
0.607200499722479,0.282422706771258,-0.947599922885014,0.428324436907064,0.229091943652565,-0.585041190779781,-1.32371013040801,1.85728443242649,-0.416974375323698,1.04992340155326
0.40057398099217,0.569151955885157,-0.398974315748698,-0.230225160184154,0.384474310320295,-0.626238455833884,-1.32226954792164,-0.245400074913211,0.0412240285106723,0.607586871520965
0.661826642458573,0.0244770162711986,0.0817573651933976,-0.727687900704856,0.0148509471338584,-0.432929522936994,0.881792430380799,-0.366253619071041,-0.679775096109641,-0.159775195721616
0.0419568874556878,-0.489476284127716,-0.457287654764471,1.07612158577576,-0.585460246811045,-0.385047256377047,-0.759796626124632,-1.80709198239492,1.10956642171967,-0.499505307171179
0.397242041744158,2.05033091148732,-0.452993117637989,1.5944841722855,1.06045759920202,-0.0361744835766573,-1.93444912199393,-1.07448548320782,-0.494429133169377,0.538395292607325
0.492592444796502,0.602777918453956,-0.612255695318615,-1.52726971066174,0.484780453714978,-0.699312959846787,0.750244641439529,1.67759308359026,-0.941664565447282,0.664264768284077
0.169930483127877,-0.975936364276688,0.135080031152674,-1.63869242367143,-1.24811489434003,0.0740150908329151,0.568050264801199,-0.68878563930284,-2.24933573694417,-0.918320969450279
0.415407303891382,-0.52780838847204,0.699474666759488,-0.602249978168353,0.644223437576906,-1.73933143952095,1.44967082766962,2.02387855257085,-1.09163092571866,-1.01350561383303
1.15732930027015,-0.552594073664449,0.22404878512247,0.289705902565877,0.743978564076384,0.961017806011252,-1.05639097422758,1.2983708383459,-0.611615636567939,2.57452011588421
-0.664062361170365,2.42334767622565,-1.05034476882769,2.77939778912745,0.570689442444157,-3.02782474291241,0.901384698853146,1.14293121401262,-0.618754473021461,0.679309333440972
-1.12668243008251,0.537056879409144,-0.610867748999973,1.76208092742538,0.123926788327561,0.110070592809207,0.82234176882021,-0.445946632705651,-0.107098261128901,-2.18778600387626
-0.722356436685792,0.137610664106402,-0.666336577714496,0.986154412031079,-0.529811745922546,-0.387593798608933,-1.89875484430047,0.674078639040123,1.03195913651107,-1.24589608202431
0.842592068936257,-0.663365769053294,0.165817303412596,-1.4321702174961,0.134303453798652,0.00252054944523061,-0.0864762983523127,0.0399817515080763,-0.124144510479049,0.0808376901208268
-0.373421473657007,0.0517172576698402,-1.12575313780369,-0.240417464976874,0.0264183525737037,0.667089519651738,-0.597436804124494,-2.0796795835354,0.900689506597242,0.512823761650057
1.24248428874768,-2.67870259986551,0.188547881360715,-0.493380318496262,-0.0880344284973914,1.82125181320703,0.155039287583165,-0.333538043988963,1.32261131529562,0.915410828187823
1.00274065304684,-1.04579014304856,-0.0410247848027959,0.0428193757461103,0.528467631740293,-0.626412659912026,-2.13992052902323,1.3354121645071,-2.22722473588034,1.93040220587183
0.923516815963642,-0.576379754775631,-0.45009770210905,0.94887222854545,-2.62499165415984,1.36289583875903,-1.26740407415283,0.758395505031647,-0.403557837118379,1.12448079625975
0.0274433244384377,-0.525713998678495,-0.483807389266513,0.543707327858953,0.104579245259952,0.553268255409362,0.570889330651753,-0.296968218632624,-0.242745497190654,-0.0432965236458822
1.21597281042943,-1.28125781284775,-0.665500730698154,0.519682361039441,0.803406863732154,0.357012676269101,0.397016824068397,-2.65540629720943,0.23282189837436,1.57442632232843
0.697590410798043,-0.694720064419258,0.179979923794762,0.26738262559337,-0.752491545742719,-1.57039254350263,-1.07805719636908,0.700334204117149,-1.40264126142808,0.654105420329372
0.7413131560622,-0.0964467500334288,0.799464320795575,-0.252299985404604,-0.477390959158103,1.64287669490169,0.911154119180264,0.684850278809181,-0.584147356490108,0.272812978802971
-1.24782393046837,-0.913123128358246,1.588887810081,2.10023844102884,-1.59645779488174,1.99976833455778,-1.46913212265969,0.724275178482774,-1.52941481676917,-0.521741352328393
1.37417405671162,-0.597536662380627,0.844639760734313,1.0179270947416,1.26685374989501,-1.35431266352494,0.854043744630573,-1.10085252046864,1.50953265754414,-0.535802659175731
1.0183980394677,-1.1421185697589,0.243159624500531,1.72153536213889,0.022721833083331,0.90136723208599,-1.17325340830404,0.15559346077036,-1.4643104976399,1.40619696699298
-0.1395740534656,1.69914962596692,-0.602673901046083,-1.35081121815941,0.314995370467313,-0.756494187520182,1.40331753209699,-0.390437336246344,-0.257326184957357,-1.20107524690165
0.462712040284781,0.493389086325351,-1.63882466733667,1.70544559696761,-1.46581075764441,-0.18825887209354,-0.39242064453017,0.509359320366969,0.324647472633756,-1.3709272884218
-1.4679099103779,0.550126811991355,-0.929053453298103,-0.226739475579905,-0.534857928780388,-0.603369761646286,-0.700554908096008,-0.304459844286821,-0.279364026107854,0.304624121673357
1.89774158715184,-0.555618609330938,-0.840839253267804,0.538840901331687,0.397426391942829,0.919052564864985,-0.261165540160061,1.03624296205218,0.53495722160601,1.54024855002411
0.0842374886203667,-0.564577179728297,-0.359325125452763,1.53816234714468,-0.857773179533299,-1.20199040590576,-0.227360632192384,0.623819884314919,-0.549217352135042,-0.899174113831117
-1.3142223738575,0.56575376856112,0.930739194985493,-0.773851259768923,0.567806177838026,-1.55369931976658,1.06400613542747,-0.562150567333283,1.56148716896631,2.50841878722183
1.25416426988081,-1.39346107062713,1.24437261207251,0.0800144607309535,-0.622553405372138,0.88712989148351,2.22756611184997,0.551593892072053,0.626207904640587,0.113172421762378
-0.330188544145285,1.79778186023297,-0.330428667854122,0.337472548363019,-0.200799678232826,-0.819056940563584,-1.32699323999114,2.57985406670036,-0.3125472414982,0.484821582315825
-2.50827163890052,-0.821914796221473,0.590246326803154,-0.576815480963815,0.500859683720843,1.80574575436061,0.00175102196669313,2.01183878179674,-1.96913779916766,-1.07931411368505
-0.542414858747805,-0.906034348192991,0.173462537903781,-0.0750122139871618,0.993426230245075,-0.618047468639954,-0.83320932650406,-1.1294224152694,-0.976580612277815,0.828394509529698
0.379527669616542,0.532248382928524,-0.737301822288484,1.56700880935958,-2.06207026306151,0.378296714288246,-0.240381530954891,0.493860162748533,-2.3293126185424,-0.380279326911744
1.72265593014833,-1.6993756832444,0.155999735418185,1.3213777695111,0.303496681155377,1.00729946290051,0.205210820710537,-1.14083565688495,0.0735531404821199,-0.138228521000815
-0.770508547511878,1.03213886333915,-0.25042419868223,-1.21226714339279,-0.0667213019859998,-1.82725229278418,0.326897038461673,-0.371162502256376,0.710213379140232,1.05972190373812
-1.23488448188111,-0.161230061897529,0.290942262366171,-0.158173540043728,-0.514600599860878,1.75525157036121,-1.16705139824267,0.59391632365675,2.31230557990388,1.36302512640475
0.386442218434081,1.1582711286651,-2.37640648441807,0.27058995599703,0.383335145031779,1.0881090571964,-0.743531958137635,1.12473757567281,0.559097673214844,0.972725289777991
-1.51478958450533,0.743581190550119,-0.885831614325255,2.09042618436529,-1.86189878805259,0.822562350074712,0.232242378503408,2.09635690620009,0.214217746073628,-1.54190126020459
0.347707857648955,-1.90670366903887,-0.21686245109981,-2.09012427385018,0.9525641368907,-0.371659543283478,0.987708941959627,0.106212352029756,-1.77986954876934,1.85600054912281
-1.16311195250348,-1.35070362569729,0.527977860100109,-1.5721864943889,0.139546324639718,-0.014432112382373,1.08490367836533,-1.0771560682497,1.01170682004677,-0.158499829178144
1.20594684349833,-2.70934021127031,0.519456807445367,-0.495838337130991,1.36651463728358,-1.34236725792759,-1.54055927661872,1.12480773139758,0.146523977602284,0.514784540003298
1.81778098245269,0.655643452118807,-2.02645731540079,-0.0799174931455291,1.08977373926688,-0.944420285330239,0.611802045442607,-1.38364195186013,0.459069281028408,-1.47398720729433
0.780920633485177,0.998534031507945,-1.07450572737205,-1.0115205679577,1.28137085348811,-0.860029366023577,0.185478424707621,-0.339621096930422,-0.00522379496861454,2.16697384677071
0.400656894277004,-0.0796488026562766,-1.31930790805582,-1.59785648136033,-1.07609082036503,-0.186847611938046,-1.45766322776182,-0.432593562767932,-0.275322345875846,1.03917835270224
0.352714789447925,0.0358609367156212,-0.610961628992246,-0.767166245376364,-0.971427146980179,0.417933512694777,-0.27267796468188,-3.36048957201244,0.290706939162011,1.61773635111369
-0.879398423629312,1.72219801491219,-0.682386481918781,-0.845299560377606,-1.28469679133708,0.148891060456903,0.908363841107078,0.0624625852497138,0.474076768685988,-0.561284035325238
0.153997955867509,0.761820388021758,0.251296472694183,-1.55241262365607,-1.10235989068683,-1.20735796765573,-0.386295024644683,0.763672635458755,0.174187848792727,1.24169569758016
-0.578040863220721,1.2282324137705,0.230929517752019,-0.133377735425828,0.253627172227184,-1.40404739649185,0.951082597458424,-0.182891525560032,-0.748397895135255,-1.06517208781537
-1.24361251232055,-0.530239886935696,1.61085700388842,-1.13943271925903,-1.31037224707055,0.868545953095016,-0.244957117882631,0.640729168569562,0.00112632190331677,0.337498732055073
0.118672181312294,-0.415273922564956,0.340780593327139,0.63071505955299,1.57232850819439,1.72974763741111,1.54407644874677,0.175195807531072,-0.00870837819148696,0.758087473839043
-0.546684294633482,0.68904110875581,1.39644752242188,0.838745054252991,-1.424520692821,-1.32598114503412,-1.91280622131002,1.39431632942937,0.645531822019951,2.08589055489981
0.5678910619402,-0.67360882867925,1.26367455808151,-2.18608335564359,-0.561757194799865,-1.1785089281314,-0.909256070254073,-1.1410816124023,-1.15923144301619,-0.269198401756604
0.0375965161933352,1.32372250276871,-1.38697372124409,-0.850485410513067,-1.31411524699176,-0.0199176539218583,0.905099126879485,-0.199247018899098,1.32970453765412,0.17971800060528
0.149519503715195,0.314708082607556,0.663182667001901,0.438318769690938,1.20155529334486,-0.734763397493171,-0.898499262867567,-0.661900734920819,0.16927825547321,1.48179686796561
0.366776758012316,-0.495784372219372,1.26412868842748,-1.18096407747022,-0.0198311489346381,1.65118876724085,0.956284253315068,-0.467005580282725,1.70828871749373,0.0455675810914325
-0.254479481771195,0.669500140937162,-1.44254905452988,-0.264721109575768,1.25320433963029,1.99084297584989,0.934970560711292,0.18895736993038,1.43032203390857,-1.09781259512598
-1.29454996052795,0.456549429970564,-1.14817243272034,0.199584322152765,-1.7669938512207,0.596494941949809,0.269984999310335,0.490428989815028,1.22155633772545,-1.95740316582924
-1.5043613973393,0.363449578594702,1.739162177716,-0.214636904390437,-1.14903994670789,-0.30015841214718,-0.0956439865694744,-0.958362035370067,-0.179300652336015,0.701576672973828
0.7197431396384,0.562473382167961,-0.499488914630469,0.682447179379822,1.67479943541723,-0.434078710350632,0.685935777418874,0.858199938077418,-1.94812217581838,0.233604715368787
-1.41542605544626,0.0167637828959433,-0.622770896206622,-0.58011620952744,0.595521119777744,0.893673909677071,1.13882475650711,1.17756190725048,-0.658323496470101,-0.904238869479015
-1.01100193617859,0.41401904894496,-0.242773831423035,0.278996291729555,-0.394848876927225,-0.353948031199686,-2.56541880773383,0.200569687653558,-0.914878631769439,-0.745556753894849
1.02676188279292,1.3342933311755,1.53033261415534,-2.59634077570759,-2.1028972383375,0.809051014575588,2.17131438561966,1.46030449421146,-0.221210628186711,-0.966055253717004
-0.643987653816787,0.276783770922088,-0.932112777103699,-0.80732457334052,-1.72666469814969,-1.01931503009978,1.7398759002667,0.424547302638146,-0.827232539645968,-1.90502412466532
-1.64914023725257,-1.16372362670429,1.65349020595495,0.0400327844624669,0.450194661229803,0.44529061393156,1.0707953651361,0.79720689217126,-0.409346380597038,-2.5807526899661
1.93640915508047,-1.89671008059073,-0.639071687793453,-1.12770992677382,0.0869905858749514,0.619293226741631,0.0791939843573427,-0.237608199327252,-0.603868561092619,-0.601629822701112
0.0363430822988348,0.879787169881809,0.912272103950156,0.756146824712809,-0.508468679356008,0.374551896429121,-2.33773680625293,0.397962391577663,1.20913403910375,0.564195701656429
0.167575952556066,1.19565940832655,1.6791806535972,0.397344871471654,0.0356777604620218,-1.05696739179311,-2.01621210744461,0.0724140100049059,-0.395647178917433,0.0602878673093088
-1.33902959164415,-0.160250047319989,0.942046838734861,-0.242358620968515,0.35241947517045,0.242945657297978,0.445094492956009,-0.29860546207816,1.51343833857563,-0.415774761616351
1.00234430703618,-0.485576081074322,1.65155104503773,-1.09108831226516,0.773784502613672,-2.44475447637242,1.38879069438473,0.472987233222646,-2.14855999765215,-0.754817918855645
0.717651087916342,-0.615214081321849,1.59860207920051,-0.00995583452310566,-0.99469449493325,-0.836892605150919,-0.801278921028097,0.263156963638568,-0.121205723929932,0.0488600839669737
0.528181198568604,-0.0170751391688661,0.095450811962984,-0.909805755489933,-0.248619223262051,-1.54320773175734,-0.205974968815815,0.420185647633166,0.302994919776275,-0.347773103577255
-0.933413011395823,0.449094277284923,-0.940631361255728,-0.489434245472634,1.08322813747246,0.18212407408372,0.683695778924196,0.519752020969592,1.14104882474354,-0.16688188838748
1.56891590729914,0.334015097377794,-1.05580340714904,-0.892731317599434,0.20881105586295,-0.774762395433707,2.15014192937055,0.180235376057476,0.86872562063219,1.65892876339053
0.545363130157355,0.50920148720775,0.585494534424665,-0.660664439893105,-0.608589829203594,-0.228984411813229,0.741583620167601,-0.412496266405135,0.7476120594492,-0.649550250989505
-1.22689457915156,0.756140610125478,-0.0583924212231425,-0.912614915775536,1.18827633038665,-0.61305051285759,-0.993309638487498,-1.35321081810884,0.306216028787727,-0.519094469737481
0.729094150967021,0.766144479952519,0.848428865563234,1.38235411604675,-1.1212483643426,-1.8669266712554,-0.401905441910876,0.350674161010867,-2.13533723242766,1.29757679005946
0.783857549164654,-0.0713782004049026,2.64474136388659,-1.47911878845101,1.29805902541081,-1.0743114965845,-0.251899698878454,0.663300478161293,-0.773704526014019,-0.549692105329503
0.142186363472036,-0.446376804668034,-0.844223964457616,1.63381471912802,0.55280418199404,0.770958348977756,0.0971184180333312,1.88346770034116,1.45535560756676,-0.932897111341228
-0.506744836762019,0.782556664392392,-0.530136990151621,-0.14349079739252,1.6187708038993,0.323886205942034,-1.87499428553314,0.061098265370663,-2.33602149314036,1.87193396238565
1.55433380105458,-2.07065677275476,0.204032520540506,1.98102136942228,1.56686463345614,-0.399617734225273,1.81773062522183,-0.457862234502828,-1.69322193963244,-0.313505145648265
0.410977738273316,-0.849933324227518,1.58320469945734,0.455630088669464,-1.68353114910644,1.68531736518683,0.0335709533315582,1.15945176240945,1.08998623544351,2.48444482911323
-0.273665140659721,0.962830760621222,0.709175199159062,-1.25318600404668,1.24894846385255,-2.20810931345761,-0.0491680602250145,-2.1450495950536,0.28953715598069,-0.292808057264549
-1.67270386045662,1.2107437657089,1.15328601150834,-0.739606220884689,-0.268015736382641,-1.7138398174145,-1.61753943963488,1.61016149757239,-0.624911198146954,1.60536430268373
0.448246701194955,0.339677819310309,-0.0843673244322427,-1.13425863930754,0.717723865538146,0.0350885024435849,0.216518237564607,-1.28435913303846,0.231549172860314,0.74016320811688
-0.15704000079705,-0.913171216360099,-1.102012632827,0.618665698172032,1.21899406906829,-0.132096681171636,1.11516569561816,-0.00898543908739197,2.93694267093336,-0.946882055594871
-0.669922285025584,-0.697531504750344,1.23869089495048,0.212057829888463,0.757374308984199,-0.159146273537075,-0.80214041528196,-2.05120330963129,1.71998552127969,0.114804560053581
2.4470235810101,0.389320496321827,1.31126140441921,-1.94228136256255,0.714366734723609,-0.057039086698073,0.934400169649271,0.0441302094676186,0.945628295130548,0.142036300689232
0.617171682817288,-0.0540430909682148,0.526709459263398,-1.51631677954549,-0.170798193604854,1.03467527945013,-0.39734161311981,0.714182230398207,-0.377599213283418,1.29980414124818
0.14370295422413,-1.44898665232707,-0.0386145636812302,-0.507193736210014,1.14459184072203,-1.82815085321462,-0.719850111967569,1.23571082426439,-0.819817056490022,-0.23216823689206
-0.791981600376103,-0.318052402369355,2.2719346505616,1.41368543277003,-0.457301871058932,-0.687521604388923,-0.208656534668665,0.775502985374181,0.582264890093063,-1.11656094701858
-0.0503785573303456,-2.15130059668225,-0.0776543762327105,1.36312383232218,0.521032862297111,1.78149625465579,-0.625022746503933,-0.113468854416945,-0.496112584879876,1.34598136683813
0.669732031518121,1.7285767018411,-0.724708506046647,0.153565715163183,-1.42833892708074,1.77912508370914,2.54960445741293,2.09979804760949,-1.03539965313055,0.674133711750636
-0.739487352556887,-1.36561010042961,-0.379651029116958,0.0698808764286692,0.313909209870039,1.14363934188859,-0.314567964541797,0.30821638408102,-0.85216485555799,0.602791526420363
-0.390266981611414,1.31095672108487,0.696181379705946,0.786898426058913,-0.0928885744272779,-0.87432040247508,-0.205975380110861,1.41398326930035,-0.940071649882903,-1.48834423138917
0.738874439030382,0.0357471455685998,0.461920947319683,-1.36713412461737,1.2040447937566,-1.01163144976507,1.37337148297996,1.53808810595061,-0.817615067477707,-0.742928023361586
-1.73269573264752,1.3786907839733,-0.839997093600344,-0.0717377877436355,0.837212276559164,0.495981025953565,-0.234038566504017,-0.0102863679648146,-0.601460806621652,1.14077427971377
0.0826694424333789,-1.93005650041545,0.969686201634082,0.305863870068543,0.0829833850247148,-0.46518977931221,-0.70609815081161,0.724237892784117,0.958736192192408,-0.0981077698637644
0.634878349963106,-0.250224369417102,-0.934332605996068,-0.278604493958819,0.066730989913579,-0.528971434024277,1.92615277154186,-0.399508992411872,0.222304039567914,0.418017947095856
-1.574125197531,-0.813828985282548,0.10003212532359,-0.691095927074494,0.232017422865476,-0.793920625241613,-1.30356604989646,-0.419252468259769,0.667847224849831,0.0281617085627332
-0.632219982372355,1.12115880148654,-0.801194052879192,1.0503820762561,-1.60843535251606,-0.456282175004813,-1.47868210086407,2.06444344246159,1.34284232174238,-0.0466700250181038
-1.61379735247882,1.43522384520467,-1.8100592047627,-0.0408768631909175,0.558784661654083,0.348360182474257,0.829992043410823,-0.587089197070619,-0.706269585011751,-0.123864894095216
-1.37568862714772,0.814666110430627,1.19624689221327,-0.0085323150704148,0.782682570221037,-1.30063631643588,-1.07053986505151,-0.89151942916893,1.3892613824992,-0.393270277547568
-0.164553305188083,0.310510965954038,0.276285968649518,-0.165586819673481,-0.122510360051826,-0.0270512553321997,-0.659467190235888,-0.780903809558106,0.957976484969126,0.156745035407446
-1.02590650160662,0.0527680345287114,-1.04129832149342,1.84387416653405,1.05614923864803,-0.0516551349546746,0.570911218287483,0.027383817099794,-0.135994024590338,-0.744837005537854
0.030993065350971,-0.741305353364017,-0.337126958651744,-0.435030768401322,-0.414602714503512,-0.930801629079527,0.381064463019761,0.528048816579435,-2.38596758199777,0.463726110929587
-1.01248425743238,-0.060145292319633,-0.711449027113288,-1.78640130160803,0.142534492545387,0.989284938071278,-1.29378978343877,1.13088390062343,0.287553617388844,-0.0300231853330683
-1.01982208433746,1.85964289159215,-0.426897955714292,-1.41089446530702,-2.36651768673607,0.673106062027441,0.484080285031403,1.26823499059375,-1.40693832603912,-0.20282000564159
-0.287443221478957,-1.90381524802746,-1.21933220702171,-0.772817452966401,2.00195844504659,0.666769987097038,1.64113177144955,1.5796823539339,0.934438582405614,-0.260472472858032
0.0384444718271345,-0.220072579345778,-1.01056463768905,1.19561931945631,0.230068367411447,0.626294126435382,0.0239241960349707,-1.1095406955044,0.500055663637665,-0.454759854212045
-0.410160910061579,0.602390628584634,0.0576492545661641,1.23553893860515,0.540464436616993,1.72258611495148,-0.481467017739901,0.254426157219288,2.84007071340846,-0.0817561935176225
1.18079647844291,0.56279725319229,-0.870670155909505,-0.538775626339854,-0.172856149323114,0.178231324021158,-1.27978048988387,-1.13884102563095,-0.669522325971558,0.438629714570642
-0.519000342959482,0.731915571055837,-0.316868983022671,-2.06905107173026,-1.25678428744029,0.716477171416679,0.740578027756947,-2.32939985571937,2.10146689074393,0.346378065289712
-1.07168568541382,-1.01011517122764,-0.00601026158973005,1.17745547619099,1.73357274978938,-0.666597477354022,2.37210934683508,-0.758802814874326,1.19558937054223,-0.399571027126071
-0.544448285408311,-1.31945247277192,-1.00070768574744,2.03403446903098,0.0872949620498198,0.354229300887997,0.871317617015384,-1.6694059468347,1.37715138908132,-1.60960134029239
0.0137017036764122,-0.40617176769834,0.771538215758038,-0.915861423278132,-0.831435039523258,-1.49263844353549,-0.418228601220969,-0.609856067969164,0.781620845501018,-1.11882638934328
-0.743917147762701,0.638949714220857,0.656941205909199,0.312667553831545,-1.57670725328335,-0.442060038087478,0.258356071631045,-1.01411191260327,-1.14923834208876,-0.614169666076464
-1.81097449948599,-0.231853181044588,-0.667378446466539,-0.243785122695677,-1.53737395588845,-0.299045718245453,0.619050676466331,2.16841505846117,1.54674011837037,2.43106206333064
0.486818713635008,-0.424159159142532,0.622380172770046,-0.118632953794111,0.632621911027431,0.868585318238462,-0.463602530742868,-1.69406233708149,0.268723862749149,-0.0139696250713591
1.35605855157311,1.60099198072482,0.554744195989895,1.4029680115539,-0.49482806202669,-1.0689647992248,-1.4628086175786,0.380405416094436,2.15940750374945,0.558763691754229
-1.24743333736051,-0.123006370102257,-1.83610860064988,1.50035415008697,2.30289889333373,-0.026965212364408,1.0460410466666,-0.442683498946515,0.130372809621934,-0.833817692522473
0.0992030154960412,0.305795323549658,0.608198113566899,-0.993091395728217,0.260765121220242,-1.072129954951,-0.923615218239245,-0.601162936757255,0.190058176994544,-0.00377274457321385
-1.60701739530667,-2.14426139601515,-0.306745441770462,0.00847895475267649,-0.311462724186659,0.943838960367767,-0.414641231852518,-1.19238297280856,-0.207744664919315,0.629231869909938
0.28251374496137,-0.551153320556347,1.00991821063364,0.623579792696566,-0.0442336636340794,0.752897172215396,0.299392052812699,0.920299441070308,-0.432885304738229,0.255263568495187
-0.513509635375151,0.887019551152558,0.100252138304023,1.26435749880856,-0.729028727271625,-0.51293609466406,-1.97081827330092,-0.597261046091276,-1.5875497428345,0.843845739738516
0.388799242220049,0.0413069547995434,0.817243804683443,0.373236982997571,-0.505867667324335,0.56714149446996,-0.10889635072853,-0.548590443192722,-1.60597222740341,1.97957237394242
1.60439379092602,-1.10797811884439,0.375432132125015,-1.1142430789569,0.250560566215462,1.73319795193268,0.452978579354354,-0.12011292273461,0.381582815337034,-0.15763980276911
-0.631766280001138,1.51274065578631,0.200685892373322,-1.13226635005853,-0.253024198241455,-0.875994819955338,-0.0237373605580912,-0.481711081885603,0.861496869078019,0.314518262089571
0.180783258655547,0.421507608266577,-2.21206784072561,0.934954706392231,-1.01981760821606,-0.071565054487485,-1.79095337230106,-0.332448824445687,0.63618379001464,-1.05228533512518
0.853820412390594,-0.466572206504083,1.23329419981329,0.194274231992804,0.0582147448519169,-1.02845587481585,0.689505156811933,0.32103646785133,-0.735125368181169,-0.18904932617033
1.84999678298367,-2.20745796041002,1.61803483067417,-1.46645679908239,1.16276241865265,0.676019578764613,-0.0528154079783596,-0.173513093441814,0.018854209114035,1.6112229745158
1.19167120406002,1.35768803546829,0.0282641359500815,0.696237257314682,-0.653898211891103,-0.844123074233389,0.862074691418466,-0.671656642384609,-0.153768890920881,0.154739791905562
-0.270101462635863,1.07526997141325,0.283456957836802,1.23248510444425,-1.66049743804948,-0.417043288900634,-0.954083309772161,-0.319047323327151,1.43029880183005,0.289755064893743
-0.157166058132144,2.56063604918587,0.606312646525302,-0.72103694103008,-0.409644879886556,0.999741162871217,0.605938115048894,1.46657891979534,-0.587603977313642,-0.16821471500953
-1.49681782195047,-1.1049270625198,0.0191603975553918,-0.856919007725717,0.715795383191453,0.812482392294615,-0.2294365948419,0.205614559287601,-1.0386351641283,1.1737260116756
-0.487124565715646,0.142870296862155,0.227521489214573,-0.18310607726395,-0.658704446254318,0.335989781453217,-1.52255062300318,0.847688524418144,-1.02750016748122,-0.725823852457742
0.246704282936744,0.761361333259967,-0.721532238296538,-0.397231278856243,-0.286815719002297,-0.276013267695048,0.0854322351129758,2.16161914014751,-0.277594684187402,-0.966677465753698
0.643299099554613,-0.254102552254189,2.19213360738799,-0.491489763012435,-0.296463707004847,0.794794811246548,0.779856559431395,-1.49238221976318,-0.838355154792808,1.05256948791407
-2.47890757905641,1.32854960328343,0.393884568157473,0.702601174218723,0.901931666896016,-0.753547242439347,-1.46704348989938,0.875486323404901,0.974733248336474,0.0238149367922847
0.173524174055071,-0.28435962222985,0.0980254429660325,-1.61359020922179,-0.336621609359668,0.482526221557393,-0.550038231630383,-0.490722819477973,0.558447465529825,-3.37209620706956
0.59649065323478,0.329836939951243,1.83713087256685,0.779227045825987,-0.00618970198725415,0.994103514043035,-0.313834109894005,-0.142207557274215,-0.65896679458575,-1.21039331281751
0.328896230341938,1.08903481225499,-0.650294411059488,2.26212418219184,0.223686742448626,-0.15758518367224,0.567615874960083,-0.723451515471921,-1.55907374721563,0.875328588287715
0.12868931181727,1.36234641642028,-0.827563749689792,-0.847754952320148,-0.437489042687447,-0.114083864151999,-0.237879006158715,-2.92103338135143,0.695440878229107,1.31949667652646
0.412997857870727,-1.21180276305161,-0.627559619989426,-0.399416132058323,0.313731118471535,-0.00750840087273972,-0.267943888659847,-0.395135165401305,0.385974012883944,1.08625666160494
0.610736999743584,-0.552606803061164,1.35510700029799,-0.796827925095191,0.517744084789105,0.766222335300698,1.56550594788358,-0.767202369326589,-2.45410611737711,1.0789917860397
-1.27092683263618,-0.136073635308876,1.42558589223802,0.625425083798629,2.0914578954066,-1.52830922946094,0.291608842689387,-1.40237141771733,-1.65220030477568,-0.953578421132396
1.45215345139987,-1.11903462197206,1.16822250086785,-0.0865730532363437,1.04259415273858,-0.577728069291551,-0.408495640874477,0.666997720211163,0.403112087320372,0.202087758754675
-1.87012765680127,0.607104827518999,-0.776566287217533,-0.789919689887852,0.209838786073527,-1.42277184481046,0.860303511244281,0.905408428440756,1.74859413664116,-1.09453889018255
1.93050207082676,1.62201035967133,-1.37752514144992,0.179327271525703,-1.20141743726515,0.54950845837152,1.62575240940038,-0.393622537646873,0.247503407426152,-0.191341328794243
-0.13274325613742,-0.386053658588799,1.47123666271754,-0.0624933556415126,0.033296222173964,-1.3743115655838,-1.10476913750013,2.18278117223634,0.000191786343573489,0.827422119665258
0.565568661493386,-0.0698740713617932,0.156272486040605,1.02917260917709,-0.441034375961541,0.779089802862493,-1.3225664724273,-0.740081679039799,0.627208971617368,0.494172485231164
-0.0395413677804094,-1.29772359307093,-1.57456484647875,0.778568390780106,1.46505549663117,-0.648265866966647,0.494614714296246,0.367576032405115,1.42906281676276,0.970268477149755
-0.800951708041915,-0.971342078956603,-0.951259782952226,0.271025767184707,0.042200089525034,-0.0703703430162193,0.99770048646599,0.45720852046629,-1.42489641994346,0.221410712668733
-0.729485814847496,0.155751683607959,-1.61545135361737,-1.23987560110171,-1.09678437465163,0.594182313876617,0.210641186545412,0.978022683363234,-1.8011803947298,-0.0719774527637095
1.09085643327603,-1.32859021486494,0.0104710926154955,-0.680699244311617,-0.83228466433619,0.623342226252554,0.0135097629972109,-0.87981159026996,0.242270304322651,-0.200946243954133
-0.619196331888109,0.421922791386985,-2.13046549228136,-1.85224152812484,0.723953267296192,1.13446763178084,-1.15905250056142,-0.0708951830971455,0.710130174884036,1.14622522413003
-2.52820981179616,-0.31166405396234,0.765990351891439,-1.58786969653077,-1.11291162807092,0.777460458264362,0.777672830891398,-1.56369447360203,-0.0447084309003618,0.0717898476578111
-1.24603268924896,0.173365904628537,0.00260991216870522,-1.73857975272903,0.00742131436590533,-0.943307115622403,-1.5912594589565,-1.11738627887465,0.256589803225165,0.170970557967571
1.22020599498923,-1.34420503180298,-0.747769308067834,-0.471802531023741,-0.918234988467286,-0.0968829121339202,2.93578648898757,-0.0686962472174972,-0.663360795687641,-0.814295749910334
-1.67892589776214,0.188975192901621,-0.845485096259523,-0.138077246756509,0.418857456783084,-2.32235028317883,-0.816832198667092,-0.973237321251437,-1.05240023988198,-0.138513796956562
-0.513999662564211,1.16232189685464,-0.293112037202021,-1.95208166864009,-1.29969226021364,-1.90911617801086,1.82354124887048,-1.14063803851438,0.0380879019805482,-2.14269740063408
0.428706573072542,0.526668192348654,-0.94846583604112,1.78718435718404,-0.82624656500569,0.795338249917843,-0.701184720326134,0.595168206327617,0.76384422669186,0.673350481928511
-0.0807908250318779,-0.503031235907939,-0.262723603875846,0.531431755404734,0.207677046534888,-1.41296592165713,-0.545738562408997,-0.269361091563325,-0.865341961266543,-0.530905509143005
-0.148663829186031,1.09655992373584,0.24475401543549,1.2918722209491,1.01355934662061,3.10703750952439,-1.17408061805769,-0.569491719852106,1.04901966569267,0.513767512589822
0.146928982654629,-0.37942105291779,-0.0147345523026701,0.131415707122266,0.900949335820029,-0.121805467054677,-0.764786396947112,2.18990519666636,-0.442617674794627,-1.14173971089799
0.978857838973356,0.539100956028943,-1.05959325434124,1.26438370199776,-0.259891595152248,1.29210749329153,-0.314330965234708,1.80875076025574,0.582131634475133,-0.679618994577144
-1.22662533276835,0.722571401213563,-0.790766973126636,1.34740141907838,-1.19076273562457,2.16295080574948,-0.624314575945215,-0.0441682514628429,1.27064306438432,-0.1872560414399
-1.44522451894718,-1.39560767087475,-0.0115974479762403,-0.334668138550058,1.76812041533095,-1.51049372185389,-3.03788466241851,0.0446285371106829,0.00738670027977842,0.331284821956082
0.584815079192498,-1.18115834130823,0.0757315811427051,-0.868210439625218,0.412992726651005,0.415351287713378,0.407410688006039,0.206167940132105,-1.0425879469324,0.0317536561793232
0.557282155127585,0.406267314586237,0.78130337533893,-1.32646356154542,-1.42276964620415,0.464788791181599,-0.587797526530948,0.59284721886588,-1.94917400339619,0.436259135305769
-1.5958483188435,0.128923623582359,1.22487460426922,0.419983704141619,0.188229808175059,-1.23892513472541,0.591849454759314,-0.193225488390826,-0.730164709300659,1.36045406906465
-1.92043224922034,-0.109070911803561,1.03043808424439,0.23232682926126,0.635330659892394,-1.38212319966319,-0.738367781328478,-0.709838575962511,-0.707853969319022,1.00919702840239
1.06857644722766,0.242532757274033,-1.07648273949926,-0.461628505117348,0.245118022427191,-1.0791227762495,0.954324773648817,1.06631918407354,-0.242894676678194,0.0796086338424658
-0.512528440536639,-0.179656720600541,-0.104628891160662,-0.247256192882433,-2.06709779551763,1.37119045517566,-0.699325705754752,0.989421877265863,-1.22967712337036,0.79448204491084
0.917956150181503,0.7941994153229,0.927163725203519,-1.51782262328919,-0.526686608505027,-0.580188588132254,-0.632703178589904,-0.20031334554188,0.306982648573839,1.16634597603106
0.281522877499071,0.406721683026095,-0.453705608814899,0.33675927508335,0.351791864994186,-1.31214343516321,-0.741270866905664,1.08486171656987,-0.565736144651077,-0.062095694135963
-0.010739062405835,-0.0427881749430556,0.584992963152976,-0.279295692517013,-1.30259969370845,-0.616549562215946,-0.763299122380227,-0.223230921206445,0.92718344518892,1.08612224283525
-1.42866361182965,-0.621142868944719,1.06532963713698,0.505426996272631,1.02229127265596,0.361518788660129,0.918700398713681,-1.24366650315114,-0.401356111697785,-0.192624836350807
0.291768637239066,-0.000541534046556101,-0.629670742176031,0.572251930203946,-1.19815763358764,0.339858800617357,-0.108935252302866,0.327273316313183,0.0552074781220986,0.873811605096474
0.164478832862792,0.481915313231395,0.0313678470508148,0.90690947077669,-1.45730838625792,-0.00333431492285214,0.109707230219464,-1.01463081273949,0.876257836722735,0.485492205532885
1.48499012413707,-0.613597987520196,0.170970754108331,-0.817022919941344,0.0029610984664676,0.385191479004428,0.0416951414151044,-1.17299955136466,0.30873309323612,-1.44001637087308
-0.46844137014922,0.0571917345366824,1.14345781396858,-1.22455951983,0.23399518216248,-0.129205131924557,0.254906793772102,0.00389171165657535,0.471532605821444,-0.845244668004845
2.08112430380697,1.31110498352796,-0.492087706546107,-2.22233671589724,-0.0828296072169658,-0.0939634224880536,1.17299458317536,-0.429747620084267,-1.7048858954319,-0.46129619749651
-0.359536598379774,1.02477405560332,-0.10326415729709,0.0505925420077888,-1.77529124096309,0.548148302339641,0.396402317335989,-0.149226655462382,1.10398437577513,0.0210866499732169
0.592612034175956,-1.14331702125718,-0.717712032254208,1.64874457965159,1.70604568533214,0.384191474320447,-0.237413778956123,0.829316705348548,-2.04335125985378,1.11393453923198
1.40676802295079,-0.693592756208635,-0.677922958192828,-0.0248529572465722,-1.08686740871426,-1.82509635733737,0.302424639611409,0.0472341886310321,-0.597212213091725,1.20546055715563
0.691005013056605,-1.25867755481616,0.164263974694634,-0.543124772647878,-0.335139648565567,-1.02020790229699,1.16267866237676,-1.17530272786618,-0.526187498896446,-0.47757745446461
-1.11909033398056,0.127921597175494,-0.65560416278286,-0.704118698918542,1.20572630133563,-0.210686375783659,-1.78935226579076,0.103695719075972,-1.108716215651,1.76341436041252
-1.60433057365792,0.447249195528337,-0.585009412912431,-0.785743849387635,-0.326419858755354,-0.660026789823078,-0.317194881675285,0.533936996692109,-0.164011211740517,1.25972276654563
-0.759697337041381,-0.985800859279122,0.164761438256968,-0.316875826113709,-0.39754448212828,-1.83080472923564,0.0305807417032128,-1.40447931536936,-1.09841950603719,0.612239607015564
1.70455381271007,0.562856724457141,0.278925963014217,0.157422966277173,0.558200849507974,0.354629705806302,-1.92545073480968,-0.228264659431252,-1.27525547905289,-0.0501295453323844
0.572678250842787,-0.0624871371017293,0.51949603513966,-0.692950483808372,-0.942865183963931,0.210538738774345,0.490110741446144,-0.884986619508981,0.426844227717111,1.09247743315579
-0.400553889575588,-0.186113688445531,-1.62036034369605,-1.00580390548049,1.61344724904827,-0.257024814031347,-0.833583771125573,1.51374249119196,-1.14740313502423,-0.801254055266933
-0.385207215206734,0.127002640338868,-1.0183308177762,-0.144986136063294,0.254380450457723,0.0995916637321173,0.308881234443742,0.572568505221193,0.229230256259087,-0.692475577166967
-0.378717068216783,1.38438147433997,-0.284588055856017,-1.83847283685295,0.524015282924008,-1.01914685313487,-0.986978558403427,0.760398345399347,0.00763612575523692,0.615528412454647
0.272791282551759,-0.126139660155147,-1.09469766595349,0.755339134398525,0.520583904026321,-1.72924793742251,-0.960915279669077,0.904748334022083,0.533138521210009,-0.176220388706547
-0.00711719044960562,-0.621917936014284,0.380722257506094,-0.898847357827303,1.5729775433749,1.43268822518428,-0.301119772555588,0.0961421783438033,-0.597771354703219,0.585393540496852
1.02772702234392,-0.278576706048535,1.18004427929069,0.0533039719406214,2.15826182007359,-0.692917735685102,-1.67128834505022,-0.415784821202911,-1.94732430185256,2.02640899946499
-0.746880063864486,-0.961989656237496,-0.47267325880723,-0.0255255613184597,0.410608844420377,1.44811354741417,-0.830113391150495,2.05250546599526,-0.110421130074643,0.842639580812442
-1.74582317966366,0.280695589742378,0.0585261016508098,0.612320684015148,1.06607083931865,-0.0384934513180761,0.331563477591532,1.51478335953976,0.692666963702404,-1.40391948897525
1.74706604981706,1.01135733053725,2.00121073441011,1.210269729999,-2.07713882148529,0.964448141314494,-0.394339802457932,-0.563806465190395,1.29702837892887,-0.764074976776338
0.806254658885198,-2.89523877071509,1.14122720141675,0.713278958261359,1.34403730980033,1.47874859894529,2.28624540603261,-0.334449642147005,-1.05383879980595,0.0434646264261247
0.512344763180092,-0.300154721290427,-0.646906785855486,-0.0989363153849475,-1.76768418446837,1.16125488278366,0.289760709228873,-2.04286259534267,0.612637719298385,0.507542347439954
2.13367413005391,1.11640239104186,0.309378532522892,-0.55621263430724,-0.365032743728101,-1.914065192452,-0.303180514949489,0.928108179521667,-0.48130315128954,-0.954434017326927
-0.578862331998504,1.41029827646448,-1.51846686852868,0.52842551201044,-2.20856484145409,-1.16592860255513,-0.587973477953878,1.79827108624211,0.127287239283139,0.7590793126306
-0.503159408089369,0.0371602361863608,0.751187754289634,-0.969370880972175,-1.17549368156245,-0.429930362324316,-0.939890616920449,0.272106826519015,-1.64927237523774,0.470516607493041
-0.053016697416117,0.226846944998049,-0.412240325986895,0.417556583088247,1.48246991526261,-0.665983619674297,0.284735078425526,0.76604879281635,0.608826144361835,0.447596353977618
-0.227106733917506,0.694323539494043,1.11795688106811,0.577633597538757,-0.174341526045063,0.769257709239166,-0.687008940649101,-1.88292902326489,-0.368129747694908,0.263319229599824
0.778716438375329,-0.757398641262543,1.08457783889225,-0.0624250043175949,-0.505239062967151,0.8622317260462,0.371118414960985,1.62918114311969,0.690455278770804,-1.58839117884307
-1.22104473190822,-1.89954732138358,-0.170390553664328,-1.20572754653204,-1.83948763590401,0.68909777651266,0.181169826071406,-0.554674993042983,-0.0278155969055051,-0.335596422263325
-0.289236209191656,-0.849393157478316,0.464728901519558,-1.55688985232902,1.28701900348352,-0.252932600360068,-0.115089158731503,-0.122635501371912,-1.18345552523898,-1.27702220876823
0.649027230654288,0.339433104473747,1.06163997425347,-0.285031426680296,0.405149237333328,-0.781093239816885,0.0703591939249816,0.0594382202389395,0.842661524481932,0.426205219205975
-0.395104314573772,-0.674202898140923,-2.30764211409235,1.04739960283094,0.155989036026531,-0.24711847206669,0.654109380948214,-0.257795988263834,2.46566411994872,-0.723008052206303
-0.361966242768806,-0.36529867850793,0.317834112065201,0.0104469359858389,-0.300047479187803,1.04207558844366,-0.415128943829712,0.250677698047435,-0.424099219362233,0.178325260451433
-1.29882529970935,-0.194506288579825,0.818684291132358,0.0512077868425249,-1.32571570787072,1.74176641399242,1.66597907152612,-0.682690184542294,-0.252178080380325,0.0687626130813006
-0.0668704125616915,0.487910639000235,0.518609490608359,0.649054888206553,-0.744761618485083,-0.760764666541779,0.896985914428997,-0.175589167574471,0.6559854767737,2.11524660040499
-0.927212466072437,-0.430985802084518,0.993661055590546,-0.427071993793926,0.830737783255886,-0.13128204574228,1.62471360326026,1.03751809244672,-0.289757620932401,2.18388042562431
-0.515043787765667,0.718566492658743,0.587408929383917,0.541535662286417,0.130450509783695,-0.0761015530172709,-0.532288696105347,1.46732633907124,-1.01718810299621,1.04914603511207
-0.170826040997137,1.00925910734731,0.422079301368297,0.844262065467688,-0.841445694213383,-0.626635936521914,-0.64600572960588,-1.13626154938086,-0.39937719173179,0.509152990955665
-0.446105847009312,-0.833632173060743,0.378447250691032,0.558511600503121,-1.20661941303376,-0.565743194226066,-0.732956256460863,0.327053673263734,-1.1664163834007,0.413135876910149
1.94730815244978,1.00397925591154,1.00897613441249,-0.205691472950938,0.910001533311901,-0.36422354806384,1.60347891886061,-1.47914657780912,-0.775606786764503,-0.8438144184658
-0.456106671089217,-1.06773150842545,0.88326085731717,-0.265599172795541,-0.685936996113578,-1.875325218655,-0.204950062301675,0.0738288230058186,0.863665729769078,-0.091573243568666
0.254079396161477,2.47657842689177,0.407892574734325,0.443711220618279,-0.257480830548279,-0.151414679862413,0.482177341128324,-3.19164583763472,-0.0705841896541243,-0.209932864966377
-0.342639743824548,-2.66997492100422,-0.045241189872374,-0.634179363541467,0.526879697296584,-0.0302762971752075,1.43264825024838,0.712247723278011,0.0439299110611751,0.0314733467010669
-1.05610874755523,0.58168554632797,-1.05206038916068,-0.877867086484781,0.958928796230938,-0.0252827927371616,0.262363465269415,-0.601882845505424,-2.32251138383922,0.0359940510755007
-0.960193216280179,-0.178425306725954,0.704656563250559,0.173821892129574,-0.503276002235701,-1.81386090577291,-0.95465345830581,0.831745736020952,-0.997955958872617,1.3814857779026
0.730310417212703,-0.104798005511419,0.30944365877553,-0.0831006813791971,-0.358376402311911,0.936806843524779,-0.099315787539019,1.24977666434735,0.0844915111159178,0.170751188379966
0.243266978272632,0.690005467448269,-0.77739564529294,-0.509666315351199,0.230775840352463,-0.2097665294495,1.62210957100993,0.770474427615819,-2.20244533817675,-1.86170067884816
-0.292453855335986,-0.725443925722027,0.35325737874594,0.743057974407916,1.51312395614671,-1.08471556525112,-0.979241156375382,0.925282859817729,-0.470844330537309,-0.0372594262019932
-1.42863636883793,0.215365899313542,-1.6547842789628,-0.411706292391831,-0.302829630343557,0.286463854178907,-0.623829317572537,-0.268884613246458,1.67914059724012,-2.03072296566026
0.0808972242095157,-0.159776421378161,-0.293592021893549,-1.8700253833593,-0.970679381140777,-0.543604193986211,1.54470830008497,0.243573293287304,0.359209279824736,-0.847332836415128
-0.377617218578532,0.222373390826074,-0.733825497410329,-0.297386738441323,-1.28376376732034,0.825689261713222,0.302474988362172,-0.147181867423068,0.143512272884974,0.175402090746096
1.19129142570572,0.801401273313949,0.826024627510729,0.186236287433123,1.25770663238934,-0.318028091945716,0.725257909004795,-0.208298560756907,-0.438610867841364,1.04163780425694
1.31497061869988,-0.203089884561939,-0.293662548861803,1.04103564654364,-0.453335319749376,0.172030331836539,-0.194121210535402,0.874376023339628,0.0311542033114439,0.262999751710164
-0.226408366912359,-1.58002151051056,0.55870516959508,0.785064533507226,-0.200032748217921,0.669757983085761,-0.493372199760301,-0.864982483779621,0.767966508693074,0.845358892850813
0.884014931193437,-1.52304606774809,0.0704491004791765,-1.30020688170448,1.04579816727863,0.945494585315196,-0.946933657299511,0.630012523937199,0.710506538261215,0.420539788385034
0.506385059896719,-0.0948126298759796,0.0117572827191407,1.93620664683196,-0.339034896725407,-0.796285486175869,0.089309456814747,0.50626692732339,-1.35183480930788,-0.565015364514168
0.171452502883978,0.599756458368797,1.12797579778368,0.438371387888309,0.28169856884094,0.967497855364027,-0.413323529302086,0.236842392131825,0.636981486000796,0.303010646650523
-2.7250874645458,0.163412852130422,0.00927509927662351,-0.964578478515274,-0.348202599165403,0.508680773517396,0.598142166585571,-0.178690920698079,1.6480026186549,-0.916095882594329
-0.307823503523325,1.76643238042148,-2.22431889697295,-0.509628917576278,-1.61428355936182,-1.52049175140171,1.89771612233681,-2.20986573148646,-1.21925189817812,1.43024180259255
-2.00948216784705,1.8193583007276,-1.32257946759792,0.73719011012985,-0.939864849709242,-0.167168427184634,0.778600976947935,0.715955902295603,1.26037004074807,-1.33747126918351
-0.234370055324357,-0.317363152345364,-0.143399232724192,1.14920578507501,0.0653106671684832,-0.221367824405465,-0.148707245355659,-0.242512523558915,0.505520821869504,-0.742516696340435
2.45768007776607,-1.99292866983221,1.01046285279238,-0.0485852870029577,0.729582309967841,-0.216936613258138,1.16280027687242,-0.221738156731783,0.40119429712221,-0.717913889978386
0.22875028809484,-0.449169389181495,0.410264992463801,-1.52862596175037,-0.027828374627198,0.212252334485994,1.26597878805887,0.064552043483326,0.0650734887585785,0.315581716824358
1.22089513507446,0.175327862897634,1.79055316812133,1.22961109253296,0.176281485600684,-1.5873607025353,1.15964999350578,-0.439109606706551,-0.989449280313804,0.927992880301849
-0.905336479997573,0.145461751414816,-1.48025993100997,-0.277692719602139,-2.02686844382426,-1.24803615997787,0.432629038707301,-1.40290189523119,1.92057215655047,-0.365965616145012
0.510083756838241,0.652655094054949,-1.6950345869426,1.48587432021221,-0.845688722176832,-0.961013086490516,0.281243841415337,0.271202278228776,1.45711901885213,-1.07805457100775
-0.462788358318525,-1.08292555683862,1.4972862536432,-1.60382771304774,0.449732676556049,-1.31820621239072,-1.01258128338476,1.20408654253626,-2.35389680934747,0.734620203315222
0.841828139977274,-1.60541464627276,1.48756538045004,-2.08774076055485,1.23533234267096,1.89965682939021,-1.18426777675403,-0.489907291527187,0.884685752557032,1.6669433142974
0.554542861288481,0.321766915980342,-0.228081281802444,0.985074924929218,0.490717908584376,0.239360499079027,-1.57370010724907,0.858732626543089,0.0735652521622359,0.1635227627518
-1.33484614996696,2.2060112055074,-0.142528085967654,-0.809880660505085,-1.39466594480012,-0.81111403880919,0.381197272310714,0.597765910526682,0.597600744812156,-1.6086235496823
-0.759515899457978,0.0510847960776129,1.93506640767666,-1.73854240893628,0.573630423480948,-1.45979928783654,-0.266203321698842,-0.567113975166233,0.56070879325459,0.296418784365019
0.584251534064418,-1.44275068309559,1.32397060052251,0.281110920552674,2.15883953317411,0.737278997364629,-0.110063353933334,0.995803057832894,-0.315705891569906,-0.995742963761255
-0.866404808045035,-0.690160886375518,0.556174058807132,-0.621932359622674,0.57994976196688,-0.334068450404302,-0.403382709993704,-0.779384976115692,2.17933580708441,0.991049954216849
-0.494923420381784,-0.566052331854224,-1.11323110704801,2.03163029333675,0.35885199020972,-0.335622417292347,1.16127658343566,-1.7675229532226,-0.745536521746112,0.240656152581816
-0.0490795842175583,-0.865929785778707,-0.168922336637448,0.317920787245556,-0.265094186339845,-0.0373938078602005,-1.21132270153865,0.649420536793882,-0.791691439128952,0.335429013276592
2.67469573783216,0.358417664685051,-1.41227602393877,-0.383880018575271,0.342745923125376,-0.919839607102684,0.082043369847118,0.296778167237882,-0.37083567742648,-0.912948763694604
-0.442279951744518,1.69745075130953,-1.66520374177698,-0.876253030230456,0.44102335958582,0.673074218179633,-0.120894574247045,1.77096023364898,0.103078015651688,-0.827284899519598
0.0634010394229039,-1.12407765675493,-0.415802606192948,1.20934109358665,-0.8426479302675,-1.03275465094319,-0.0580586510341822,0.080297094763953,1.10304348759766,-0.494844142357918
0.0179709457272184,0.159911002853444,-0.897623321983929,0.583337408396014,-0.0795750270329469,0.735457880076659,-0.81848079888808,0.304923545689775,0.908669206429506,-1.6032304354689
0.474327262849646,-2.8646286985576,-0.597348424479596,-0.737388500407638,2.00372758242587,-0.0397918673969068,1.09365187854492,-0.456316990844349,-3.29041854020449,-0.570907695996221
0.555430953614147,-0.428384060945335,0.145306190662065,0.0585523192573262,-1.11448018359338,0.697861581554334,0.0369286198420691,-0.11291476167123,0.412691078412955,-0.748864418630706
1.15955612398808,-1.33179416050829,0.269175560302956,-0.206156830723166,0.105282406355845,1.43244090882996,-0.0244858273821307,-0.123578754366604,-0.415974734778134,1.34592716315477
-0.0835324701569391,0.780038388805125,-1.37559248049853,0.543942923607473,-0.254617757251524,-0.77089351388678,-0.482137856681577,-0.0174965915891244,0.82383328936039,-1.25660235679968
-0.507443687225587,2.64546188144602,1.02291038658792,-1.11048898935244,-1.48188606457194,0.850355818653598,0.542439295424256,0.747813456700898,0.18343004943678,0.130919153594178
-0.348253483225732,0.1455676832008,0.794949808064295,0.176657365981526,0.216545222884405,-0.938321211813523,0.349109360397265,-0.0752969490792016,0.579906057209262,0.738910348093983
-1.13651581303607,-0.241123382341164,1.23152727481037,-0.0507644945528634,0.954624727204101,-0.198321365702079,-0.714321495100043,0.219209372589163,-0.480633787936597,-0.745797469086684
-0.451512274704561,-0.549345646870869,1.30846522936321,1.46967920697243,0.228694168572653,-0.448267384276887,-0.909596592584316,-0.185469885814382,-1.07697623109406,2.05817413274926
-0.954006516975974,0.408541213597378,-1.22736484231108,-0.403047932763772,-0.954082979995926,-1.36322092440616,0.438568674829975,-1.35555866662958,0.0805164657665861,-0.291699289177909
-2.19521298473862,1.02337358390618,-1.77020079781511,-0.898716207770607,-1.5430418573208,-1.70356729443069,0.72316148803891,-0.732046990276884,-0.302075315396765,0.725836120756196
0.906734077982074,0.206077081174423,0.839770507601623,1.56103059660078,0.078610133705048,-1.24161491424761,-0.574001863990055,0.332213427376536,-1.15829552181411,1.52150808030738
0.612209281777443,1.09526925115162,-2.20014177496071,-0.171726870218132,0.744518551193255,0.352433401680001,0.10445114663778,0.849131417822419,-0.508459271261557,-0.215352186711033
1.45443763656494,-2.00455526902748,-0.624062464284228,-0.0657867475135287,2.15016785513517,0.587968032460621,-1.2580947904006,-0.0332299825243642,0.221676381313138,-1.12999245101098
-1.34658795570143,0.56608431559723,-1.74159112888143,0.152111720255438,0.583967893098185,-0.096870886502275,1.25184427452912,-0.208861057967762,0.198503819028322,0.863971527471825
-0.0707954257385711,-0.241614552790345,0.00467640920859627,1.0749538251191,1.87020864032978,-0.273958575414353,0.0641987729297657,-0.14328420322044,0.784592384819846,0.753891873005802
0.199476402571901,-2.34961739993884,0.906936026770802,0.847883519663231,-0.156309834512636,1.49922821882431,-2.57853549987891,-0.111021124363853,0.00698429984274893,1.34208541689936
1.04285770445037,-0.0673995626480323,-0.111100901882894,-0.422008165763501,-0.95513131258247,-0.22282517032383,-0.37930369664281,0.52950770920925,-1.01150061543924,-0.447431152719334
-1.43278260543981,1.0022480040138,0.559884919591067,1.45150482556141,0.159299393764778,-1.58530316303898,0.352492061102039,2.31021229343508,0.650035216990357,0.252776434550038
0.803071156164667,-0.741962057678392,0.54212853261128,0.439982019307799,-0.635211302684249,-0.0486975244395865,0.965833573216372,0.253374239409406,-0.0217463756639193,-0.52826805568813
-0.550201374866026,-0.330197721684303,0.459014785200549,-0.454247887603926,0.536437927767501,0.874742320320145,0.402659133361279,-1.39235791980248,0.56146340774832,-0.183575646786904
0.264910729977602,0.852753002429213,-0.844414613626454,-0.0815910362798686,-0.675736079788359,-0.377873910181663,0.702194442442206,-0.798810681057966,0.456865255381013,0.700168695642892
0.346459604329135,-0.732401434245364,-0.0733308266922395,1.64328891266492,0.198258929721331,0.0959976786612804,-0.0770210431427677,1.153472790662,0.128223929400368,-1.14991814913758
-0.551816269236825,0.0767344108443763,-0.148687796230031,-0.0328172290328824,0.516290673170999,0.298310104535301,0.8838323867116,0.249580889186799,-1.6778030650102,0.503015085040461
0.306061583506737,-0.0684735556746619,0.108247181657349,0.114567299652651,0.107810061111059,0.464456781089668,1.36912440915775,0.440435399150308,-0.950933236891748,0.218217379227309
0.121198473357212,-0.176542261653277,-1.31085876353446,-0.234444714457132,-0.192975586932632,-0.216783948754057,0.278543591039468,-2.51919892616136,-0.0859489705621115,-1.10438167865773
0.164633385576338,-0.832746183306631,-1.12602437694643,1.1335589741639,-1.03707848136521,-0.683353758380181,0.67479431296544,0.683179451950631,-1.38388064795536,0.336052614247937
-1.69461223410489,3.08595645993998,-1.69394494181742,2.50546883025563,-1.12389275961814,-1.89896158869212,-2.81564504378533,1.24359041404488,-1.00004518131376,0.773825505017098
-0.598464774134216,0.327386539342283,-1.00496206175045,2.27504616875718,1.10715921236395,1.00504512536135,-1.44384137535754,2.44628894483854,-1.01450666409344,-0.205157129244405
-0.59621109773193,0.806966353212199,0.64305900103615,-0.0389967063674799,0.38006376418497,0.676898774609842,1.0690507329483,-0.732828710974919,0.707647226251878,0.789627012696281
-0.0933701246256945,0.16438161477273,0.168567394519447,-0.144715253456827,-0.333404021275757,1.01293353477205,0.571045738576368,-0.0888158666021797,-0.557228149274741,-0.994883530980981
-0.27775675517724,-0.24991581848444,-0.860823721964496,0.340361629491666,-0.735009678352765,-0.437353180472959,-0.190691693674911,1.4827320721845,0.0995370544053059,0.061496843871041
-1.07375324422107,0.616338060866491,1.77217929083246,0.00188116253229767,-0.14228094045734,-0.200630245873673,-1.37243130853008,-0.190435297606306,-1.02528562358112,-0.0939266278006437
-0.526860441268873,2.08627950616317,0.863266249024513,-0.681539354611653,1.37414062986893,-0.389457887019101,0.078691950943703,0.715533296377771,-0.529728081590024,-3.63199382165383
-0.321091401358575,-0.689087536227492,1.42804817137254,1.39731851998242,-0.1010296752516,-1.92695534526409,-1.08117510484168,1.10819149910571,1.02277130848518,1.79159713599308
-2.30702842176479,1.9667480340868,-1.0427738539012,1.25664077316383,0.913713469347274,0.161087747865687,-0.392317869056089,0.342444129450727,-2.81292523123427,1.66484500485801
0.504100102960395,1.05689785654986,0.566730489958692,0.785266207476337,0.773513854548267,0.0943403533500464,0.0858624500266178,1.27784324356936,0.291193789965671,0.794472637756553
0.109497787517679,-0.138751161574705,0.147948698907864,1.59788972207568,-0.911852425671318,-0.747741530352279,1.11925278855474,-1.33496077280946,1.42052837539493,0.00465267690298738
0.811056472281535,-0.0936723081106725,0.974511587780256,-0.756271529176932,0.0215660262196578,0.816738109269829,0.148241452667189,0.369476279961499,-0.122650515302965,0.0188551123468982
0.462391346287399,1.23545294386297,-1.26510430772732,-0.176172365498385,0.489964338110791,-0.611516165581686,1.2927056042209,-0.630352116992788,1.38378290057666,-0.482094541674129
0.548508615491366,0.329155720181187,-0.853366425313594,0.288113556944478,0.483255891286568,1.92869158241078,1.0009669021092,-1.06181768053519,0.805742688108582,-0.385681969614066
0.183607173272352,0.52208358462179,-0.297620352890044,1.73713281644587,-1.56786902496599,0.339237095400613,0.537231437471393,0.892461139550225,0.714766787747716,-0.0889119084999837
1.2996858070582,-0.837665075481912,0.809167618533617,-2.49321214791234,-0.608405904547862,-1.51198876105133,1.88005674827367,0.847048463471589,-0.170744381789397,-0.44572011999671
0.211789666352671,-0.921244131056035,0.482832952817749,-1.5986880462832,-1.44959480034124,1.70426404572316,0.88341721640276,-1.87809508836925,1.15655742922511,-1.69441747387255
-0.255886572132124,0.944460222004684,-0.426107164452969,1.07015414576982,0.834092632363402,-0.114674806786588,0.957255718014299,1.14692446587253,-1.33339390923368,0.683208925692432
0.795739255807674,-1.48602118118763,-0.086521891045681,-0.00777230630744609,1.89070004775588,2.36523990906931,0.627519178345856,-0.172113496220773,0.316167832838966,0.602426979063583
0.548500226755044,-1.05771687729447,1.7492688775375,-2.29477536812144,0.375942495488451,0.0987313597895685,0.546956989575491,1.20368401027186,-0.855494972825374,1.22626366404547
0.680207253455557,-0.295755415418857,0.967343230439599,1.07530460572707,0.617887378585327,-0.0372423051704783,0.369209196501885,-0.399671841130961,1.06480622499687,-0.584043527993976
0.76409578145912,1.09918210419246,-0.254642354534946,0.178672211412332,-0.413082661218315,-1.37854905325083,0.587928175088657,0.30383697058926,-0.717257340879155,0.652229517037166
1.69884348372592,1.2119929694575,0.136617423854725,1.1950734976799,-1.52573423373585,2.58923515982226,0.649665913176658,-0.423483331431375,0.5903627278679,-0.734966771582628
-0.90466345185158,-0.277048685876012,1.03835970017541,-0.80243158244527,0.90589355515422,-0.813108862294529,0.489326276194644,-1.50054918309298,0.471982999124011,-0.308991266426117
-1.81329838875432,0.348283803719679,-2.30078175818597,1.72143375511482,-2.11346237857421,-0.184737526452167,-0.685203299623257,0.0708661536972061,-0.800509249153298,1.55505335086452
0.168759146468146,-1.10098157358012,-0.755083842555317,0.61358885881339,-0.461798306880507,-0.978469553120989,-0.0327067720907487,-0.162330000343902,-0.574789659581952,0.762514655098884
-0.464098744833625,0.538961086617911,-1.22645329502535,0.469364578684691,-0.643517035632523,0.787008396552138,-2.02401864881244,-0.460197759552608,2.67564596040855,-0.890912796588275
0.185103987554009,-1.40806334309408,0.584046019161494,0.398560965217941,1.80838243800016,0.149592187349843,-0.380289913369623,0.21886608853254,-0.352517938146348,1.46457074191931
-1.80728778311012,-0.521193738939887,-1.19152846724363,0.801096598273094,0.256370434131014,1.48789291864403,-2.02764018092254,-0.760054856259802,0.367988730200429,-0.507401512001325
-1.1309789662731,1.05017093931891,-0.109342618731306,0.13815573520227,-0.442092591831201,-1.47431806362126,0.317297723420608,-1.56532372998549,0.490087405427331,0.457243143618183
-1.74869461974419,-1.09046036587352,0.915503123726756,-0.402234890747847,0.362795317738191,0.661188706790142,-1.11562659352003,-1.12942083110957,2.20273966697602,0.340395016804705
0.151539378657979,0.530062442654215,-0.204907132393481,0.546823613084356,-0.603210767494078,0.000118579637456207,1.03202720387348,-0.366008929082101,2.54367978827865,0.771033882358494
0.413102476184881,-0.674204111941197,-1.03177857210734,-1.04940077690154,-0.574752481947068,-0.170989068678814,1.06336049466004,-0.140010077199773,-0.176362189859769,-1.30953899588947
-0.448208981841126,-0.24996663496758,0.170330271794087,1.54302537558028,-1.05022944305631,0.0440215699392126,0.138144122751583,0.776889183506705,0.472573531746098,0.604971729506138
-0.0233807449180498,-0.0315744516835621,-0.485756768564899,-1.20369462060631,-0.318462141926419,0.835199138131089,-0.406258115335654,-0.72034330707696,0.705594503302375,0.256842580077087
-0.302473240085102,0.0901958296615615,0.557727096598489,0.144474561562418,-0.18735166258115,-0.818152633705582,-0.364182995289154,-0.77663044958047,0.141573024464202,0.357087696115972
-0.44376079591384,3.18930670550824,-0.927415178782055,0.417463195547488,-0.291111990184422,-0.317834597173784,-0.722732409290171,0.237138276626516,0.924750810004681,-0.0929073228849428
-0.823030115290042,1.36915066645178,1.69694787371181,-0.119230869345062,0.525381134492781,0.0849496217050774,0.478100941472158,0.14092096578909,0.816845359786961,-0.639516603971065
-0.0421633971102606,-0.320196668069407,-0.16093541843297,0.0145167547600855,-1.0379248997257,1.26649161404545,0.798542049835342,-1.29987867014594,0.248400322246381,0.571674107211811
-0.73085721041438,-2.7628000441401,-0.9405395247057,0.748578201848028,0.313821276581247,0.327984044654593,0.136651391998415,-0.768446083828202,-1.68886374782534,-1.19000120284136
-0.106945897305807,-0.758866580459759,1.12829306263973,-0.620561474107,-1.70912142908255,0.43413964969467,-1.42799466880345,1.135565781922,0.207938032596612,-0.338820020086496
0.616133298761565,-0.341638076756228,1.19686536061294,0.334184008811117,-0.918218498250833,0.158702434973077,0.655189752497465,-1.48262958287653,-1.07559516331218,-0.43305773876299
-0.0728472439501717,1.01206235579549,-1.67308406696161,0.464512817000497,-0.977250216426104,-0.533470901391872,-1.90036156299813,0.58697259627886,0.148748261152082,-1.20119487563444
2.57477652148749,-1.34080552044591,-0.117586286452281,1.67294695983638,0.900929754333393,0.779053345112549,1.42161846279566,1.02278400429801,-0.684285007123126,1.48629837092638
1.12864409409979,0.301611266584387,1.16612321490047,-0.565480343027681,0.204866345410273,0.400756894378778,-0.806194858632607,1.261059145222,0.240915202489254,1.23967739583724
1.4376863453041,1.35353971606844,-0.753177798067808,-0.151282705207336,2.41321771227569,-1.25310207396072,0.0791937492661685,0.288514409301246,0.232123705162563,0.489519376984041
-0.452796115883398,1.66802581674969,-0.123039179966085,-1.11033377284685,-0.61250386094428,1.47842955346761,-0.754312144081313,1.37459831853933,0.625543469827451,1.06075999488518
1.13713920242407,-1.44654758809382,-1.01810300936007,-0.198287333377268,0.0477834388609814,-1.15558325056733,0.435716184978727,-1.36794683251467,0.148971097912222,-0.580670422868025
-0.694287844391262,0.432820237588923,-0.458584721404103,0.419199664552791,0.887973081559194,-1.40652935123286,-1.40173074125952,-0.224645891743469,0.880340782914392,-2.647352024184
0.387593965056275,0.958040293351271,-1.50081608779348,0.744109041158936,-0.834338248059308,-0.541138774644323,-0.148420526138686,0.704009286833849,0.217383093395173,-1.5889039207929
0.344034199769782,0.698451465604844,2.00191107509836,-1.81109091162788,0.732892272495237,-0.198568907977822,0.0618056803939807,-1.61879439217769,-0.660705288964084,0.902516227241956
0.363403259181062,-1.98457792878935,0.00629946961642048,-0.937967129117958,0.141924608267411,0.844134756224533,0.380428435174159,-1.59193041572378,-0.781949607397332,0.153523918773641
-1.83007772847549,0.141334865194172,-0.291094986110686,0.820718708097093,0.733032360984275,-1.1753651826975,-0.641549571399229,-0.895516976543925,0.455759795776463,0.964143740283093
1.6938556763688,0.0397425723909002,0.5104049882067,0.29001604405656,0.952574562893115,-1.44349352560555,-0.788636616095807,0.500156970767142,-1.25874760009893,-1.53822042450007
0.767593131962051,0.293151486848968,0.149124492747201,-0.85551969945818,-0.679498841262307,-1.27426620777245,-1.74260617920574,-0.205916952544114,-2.48302391090958,0.0595327941303308
0.163761999064064,-1.06465596811159,1.00320216515529,0.620775664139351,0.889296566283336,-1.86009584077122,-0.7930811524866,-0.829851856442926,-0.031324586012424,-0.965211269144052
-0.74345367368666,-0.510767579149061,1.03665980303639,0.531313557663765,0.157803059683187,0.781910585916366,0.325062792925571,0.710054540281592,0.997178862143761,0.257032249384472
0.264213486845846,0.507874277348083,-0.0914168962880038,0.000621858318138479,0.677380264215284,0.988789309778267,-0.934688644811025,-0.297320702055377,3.64686775705649,-0.586820934153176
0.380745677837678,0.885394338265085,-0.445416631557031,1.37232343164922,-0.713655544253207,1.77227355427174,-1.12867331761555,1.62759426161374,-0.964439315435742,-0.533804337599427
1.4789057224199,-1.06923543353963,-0.521806044166445,1.06410040398283,-1.5344652764702,1.51735381176243,0.0267094988078244,-1.21241464599389,-0.126913733245281,-1.1623713861875
-0.146267767962581,-0.33596458850955,1.64998590121068,0.461134429676894,-1.80419568254143,-1.32938662229657,0.23987830454289,-2.65300075689238,0.0636518181607649,1.73230726460607
0.280381869193916,-0.154386087963458,-0.601429654393333,-1.64951049315076,-1.16985007540863,1.12158884471934,0.992788980026325,-0.321480741990797,2.665432092023,-0.722016449777493
-0.0642924716784817,-0.501437615957527,0.11966489239937,0.706704057603949,0.0692030827507247,-1.55704743425778,0.385485841427386,0.189506186367105,2.23220728450172,-0.422005684640531
1.00184042097071,-0.65277786731902,0.897959294709574,-0.481871509864196,0.554919678000764,0.919409159823291,0.303420315826009,0.0519384651846062,1.00472344716402,0.399695814031977
0.0460999202797831,0.845200255229592,1.68252943558679,-2.99667129698756,-0.927707825726002,1.36197500277736,0.585763491934074,-0.981644886588632,0.721073547148803,-1.12286833626372
0.211334435958733,-0.687486150586281,0.110851762989789,0.681174548114431,0.233017631242025,-0.192433335509231,-1.18929527058894,1.26821194063408,1.21627606051813,-0.29278405622238
-2.3408974484385,-0.0490744372108014,0.52380940125732,-2.38367081682891,2.13732178733359,-1.48942396032197,0.356008726025722,-0.978685629118067,0.499179890385881,0.820603087677722
0.155019489691576,0.424985675030068,-0.447214098160991,-0.466476155082975,-0.284351216227297,-1.15103283885614,-0.314858464575961,0.280445967265878,-0.650135559093209,-0.280010109549164
0.834757674747391,0.0944786342434258,-0.606059353540729,0.795835138457746,0.0744065958825649,-0.232300652171906,-1.93368255016138,1.17204066725348,-0.706331296757804,0.696816444976696
-1.11012409896584,-0.121172131612558,-0.977994414288825,-1.741783575384,0.123772245590911,-1.08581981018427,0.026627192748424,0.198412166163897,-0.442652319615561,-0.898753320877629
-1.69497006201458,0.21290580545971,-1.31112723375392,-0.893270187090029,-1.37051779102826,0.333782407596414,-0.365556091833664,2.21270387226741,-0.315787888163736,-0.723423640893133
0.355219726229507,-1.67577402180306,-0.765039609766947,0.106509270552679,-0.298601229752509,-0.800590406993815,-0.92555650299711,-0.878662202167084,-0.203834029239672,-1.58896239506656
-1.09191700434957,1.62270802411861,0.810568741130594,-1.25192825682829,0.836717933796923,0.273069791108654,0.328610083400132,-0.437537002398907,-0.274739769738662,-0.496742904859329
0.144572453378428,-0.989567137271654,-0.341887298583121,0.438058503881174,0.675994434756566,0.0904899216338118,-0.249307448319372,-0.56426182142906,0.80151193113773,-0.81294916940592
0.0147522299545951,-1.13471034356265,0.036992733938894,-0.0906999302146023,-0.753639355292853,0.156451428164312,-0.175630520646665,0.930336077390134,-1.45651107962186,1.69925294960951
-0.776067711428629,0.115440943450951,-0.171508154412427,-2.08090798914488,-0.713987003194643,0.880981030348591,-0.260678541945129,0.488622793781058,-1.58360174508976,0.340726957935599
0.559703295346358,0.382592323268048,0.201653253575115,-0.796510252587932,0.796365520156054,0.629216180181519,-0.22093653438495,-0.196802658528044,-1.24723071265832,-0.486021287602565
1.32520119863907,1.25277383575599,0.0831939580486352,0.225950996913666,-0.042504806498263,-0.0104769595828793,-0.79955369607237,0.310320222235024,-1.11739983193255,-0.224793085736085
0.588271352043392,1.02071737873837,1.60066928893818,-0.642165527865089,-2.25581280920789,0.0607509860439496,-1.82104768575847,1.20972011682245,0.375304555313242,0.519224607091381
2.26195195004338,0.13106333694345,0.81957305531187,-0.0958960139964487,1.51275574304503,1.3981022205782,-1.14105749998412,-1.73673934045104,-0.322150166420096,0.750785793252323
0.956858198461393,0.731098194854679,-1.2602446515941,-1.47372007908975,0.463553154023913,-0.379623006037917,0.320077113938021,2.04280295860281,-1.32446894498033,2.1289673981531
0.326502480999711,-0.330863261735201,0.501424044763543,-0.285324027610972,-0.858688946416846,1.20084778364896,1.35207227255486,0.15956779995149,1.59371077851306,1.24747312747867
-0.0558119931608922,-1.90213981313127,-1.4360358826538,0.724830562831398,-0.260482258308006,0.868169683293811,-0.83653222216775,0.921691211222026,-1.1938585099933,0.126630355406463
-0.319973245317242,2.12465856676574,0.241314598377353,0.330683312223508,-1.77811683098511,-1.61478589704616,-1.30244435310085,-0.0946311796582897,0.571040270154848,-1.15293845004044
0.0510131300454887,-0.622581258859172,0.312054211575806,-0.197087070697632,-0.87522250498396,1.55810711878492,-0.380650503774883,0.228268497661751,0.435673039234788,1.34326357863292
0.2602581985842,-0.253280724850661,0.68285839494266,-0.482112546007815,2.59645571468066,-1.09419112536343,-0.0886307001003556,-1.21709828511119,0.178300897804264,-0.990476496486163
-0.782989437088139,0.221468783764931,-1.28298113389995,-0.0694754937310698,-0.584912489484793,1.20285178888618,0.685558143956825,1.67950557269879,-0.672949504429219,-0.752163270606431
0.487085369737625,1.67944806362832,-2.11244008316861,-0.514502396104215,-1.41366490673663,-0.494335873307816,-0.707875521967727,0.890108182042709,1.49695883627918,0.930244499961434
-0.695800956983347,-1.70360497668111,1.09213916354653,-1.05690516898262,-1.45552097342133,1.45346964228471,0.892472027151877,-1.52299789725446,0.223501297578293,0.607952690569153
-0.317787579217817,-0.986843353702269,0.229887586463239,0.136413405461923,-2.0269253037192,1.62013916970093,-0.489581888847817,-0.272756036524557,0.817794192843975,-0.523032485016394
0.257177930763371,-1.48340301293657,-1.09357317669937,0.789507949872409,-0.561375214967294,-0.53878254885752,-3.25104803662822,1.14789667911313,1.20078236805105,1.35708054443884
-0.666808629429386,0.0463185629263848,0.69689834163117,-0.304420690329866,-0.698736420676749,-0.126949076083834,-0.749160653395773,0.469969016801285,-2.52207590823258,0.112393792954395
-0.0827565622885254,-0.159536939080631,1.05771950508006,-0.311343010479011,-1.21783895923116,-0.191489181842386,0.163022447116208,1.69114582594116,0.720059169556538,-1.06638433554007
-1.24977725914917,-0.0612575582000862,0.706749674332795,-0.567584916157799,1.20873044518423,-0.873511240649313,-1.64788505745894,-0.96870081851008,0.950293050359922,-0.492794560533365
1.38781326508156,-1.95034653464084,2.40980994423898,-1.39914526415694,1.85475805923384,0.0217736178421856,-0.114870151528673,1.37090824402365,-1.08088649532292,0.93548919127531
-0.0404909880701903,-0.458434053642527,0.0333004849244252,-0.482608140415569,1.33784304236108,-0.110521105058098,-0.678767885533037,-1.39255746711953,0.185717233063247,1.10385008476909
-1.59624846123085,0.481235690646556,0.00937509829682493,1.31002223753282,-1.39214171616128,-0.076768789512736,-0.249653913423229,-1.0218506379744,-0.560878652559682,-0.806430196634736
-0.183455627247912,-0.845529247564994,0.642668043962116,1.95091887063491,0.25123865066189,0.0469349362987939,0.114462624365924,1.72776557648585,0.395287180059359,-0.888391296369636
0.230480878975432,1.00392771140141,-0.0892407104796159,-0.983436224237657,-0.704319144332337,-0.325895463252594,0.448607533718075,-0.315941939309076,-0.444829233661668,-0.938401489539419
1.09802364844784,-0.569156694024815,-0.575234730098385,-0.0241073900885621,0.815826792617439,0.278253350709698,-0.505577262905839,-0.26270591061228,-0.159379808554036,-0.344679804236956
0.39667555027842,2.83957580046592,0.0508591496392512,-1.54652999355838,-0.569715434607467,-1.40509733840841,0.385521999766186,0.690034303629383,0.709389363962497,-0.1930612173932
1.89375210385299,-0.600269342305557,1.31935772652891,1.17164762503258,0.267938844551501,-1.40541647479742,-0.206597113456083,1.17384610100248,0.585471913225594,-0.774607894336072
0.209832016389682,-0.591439047486257,0.212425801016669,0.709934133003409,1.64998312033003,0.68756662730121,0.363786651904382,-1.34469386168916,3.3271975207695,-0.0507093158638627
-0.0432742901545557,-1.44630684996928,-1.4349574056993,-0.660751724741564,0.620861580653545,-1.07289564129647,1.04785918025975,-2.32251852448233,0.0286789358673802,1.27047682776954
-0.730159108539408,0.404744407453172,0.308946049477356,0.985299092877143,1.54058129354425,-0.14437470118503,0.140702069523062,0.222283737578904,-0.365156594665359,-0.579563061159701
-0.93726235331412,-1.54930236577974,0.614090754419902,-1.41839951233865,-0.000425049801012238,0.978802013871087,1.11793428215383,-2.70919835809872,1.9036094995235,0.48941801778417
0.557337686133732,-0.601809386151764,0.675834723516745,-0.899840777149093,-0.534879829856479,1.23346604873213,-1.52446924730907,-0.454225378572596,0.339588322451475,-0.451303461202771
-0.484628346438595,-0.737604087605665,-2.83663363824403,-0.918037991925134,1.71475579958866,0.19057312104248,0.852686290327726,-0.698276694180239,0.138859900945514,0.253465547593343
-0.0118158180549992,0.688358456684631,-0.719752388755553,-0.856516350074686,-1.4622571008416,-0.0911803408567162,1.38709854861717,0.424976107101784,-1.53225288484209,0.287025767355415
-0.559464238321734,1.03093770765005,-1.13528089330048,0.330204138003606,-0.973189752932737,0.384291352101278,0.451719458405975,-0.597863326218848,2.42310150615499,0.0121800559434034
-0.25884017632417,0.397310933573262,-0.54914364805243,0.674215044534049,0.420778276958042,0.152619991178623,-0.780261855774807,-0.234227220355796,-0.120938192025787,-0.93575965329139
0.169588417746859,1.08101447833884,1.79056695550993,-0.558787041805863,0.119518736772676,0.14198291240786,0.800302982004406,0.212636912526672,2.32170901928073,-0.702563580915452
-0.309487996507811,1.12843747479615,-0.387376699153004,-0.583954811021411,1.42355842888716,0.340472647355195,1.120751768978,-2.60547490214599,-0.92284868426701,1.78866965706096
-0.669857359500164,0.0819042978082376,-0.00257469962971856,-0.0710737088790977,-1.7918529725639,0.44747183840508,0.18676473405067,-1.13512272003097,-1.12437914442809,-1.55528448049163
0.748783753982109,-1.28955267500625,0.683874467360953,0.38616825448698,0.866593000721519,1.23985192798198,0.244071627019691,-1.64608231421522,-0.820882092560623,1.22880774768314
-2.05539341733754,-0.0779759521674033,0.834843844359842,-0.581232204368802,1.1937580367855,-1.31557613179662,0.367742970713719,-0.0535430175708444,-0.806857600012928,1.38669560269241
-0.42729800814025,-0.368355548901728,1.22106436531139,1.02087980649835,0.110238919272597,1.83920677096196,0.275836404055644,0.620175421352662,-1.45385180831951,0.195396855041872
2.19642219725575,-0.695581185410462,-1.00447115202096,0.958344466009989,-0.471894879501502,1.30797167172161,0.564407174695278,0.676744193966399,-0.800917449741933,-1.68201939102212
-0.654681120176188,0.353454625885335,0.192396671921618,0.122872214952075,-1.03160387449546,-0.139173513352278,0.0764030657667654,1.40320002851293,-2.50441636710032,-1.14111600414509
0.59562116190363,-0.586204343062258,0.681200299710134,0.41156751002931,1.60940657591065,-0.197367761415826,0.135104315192561,-1.47067651391829,0.810360852752192,2.39792093191841
-0.9915579239803,1.24728376056693,0.19655446165112,-1.06079489858386,0.842829903100017,-0.57807720517393,-0.775714525412916,0.0577893294433345,1.76057899844949,-0.869635274219821
0.558409225656355,0.925660810172792,0.765560877324733,-2.41100090005126,-1.57105445978817,2.05481465552193,-0.146258159722133,-0.138069449990115,1.60899908491604,1.41108940237753
-0.536674478539462,1.30063865003634,0.434356981326489,0.709870076742126,-0.222369403137759,-2.02753260111646,-0.38430893973757,0.330455084612212,-0.923959796091293,0.850565208923302
0.916365570734875,-0.0760870692993666,-0.856496982283611,0.794447271468036,1.80864554617247,-1.06394762541206,-0.616159315148517,0.915447417279027,-1.22386817762427,0.13948524480055
1.51143532728742,0.934851971152213,-0.840610742456209,0.338020705396558,-0.214087749667338,-0.33638326592556,0.0889147228641438,0.325549982174803,0.182875708956509,-0.534285242313977
0.373607727635859,0.525518992243279,-0.598237715305515,-0.540476008138388,0.43389323559166,1.18988601036539,-0.898048349031697,-0.72996085027989,-0.464303898004809,-0.781676136795985
0.547692170088588,-0.331600753765699,-0.236966442219506,1.79986460131272,0.774699238528058,0.861972771552177,-1.37429851297525,2.73697599318425,-1.54855320350593,0.306124617260115
-0.584224954843096,1.40205810404951,0.353282359065138,-0.708690278041547,-0.936345452456514,-0.710255160071881,1.43903594111033,-1.24646390145297,1.26326588786016,-2.03720704173268
0.794414141059076,-1.41967615375738,0.86216172001435,0.788858652528366,-0.914456498668369,0.27548178265942,-0.476781368945631,-1.44021490856051,-0.528606371358003,0.878221109827293
0.608753131648689,-0.388328094783203,-0.823223859814848,0.352371064299693,0.682792373657103,-0.674720392512265,-0.849168522822817,-0.0581154434265677,-1.05728974894346,-1.22011075014633
-0.0544055555021303,2.49574460313934,-1.28913009384136,0.130483638373397,-1.95411294434768,0.176088990437381,0.831643138819756,-0.498980355898429,-0.605356360360278,0.500058268369134
-0.0486000219529641,0.988827937763952,-0.616829721553852,1.1267237139612,-0.78049925294567,-0.649225341637627,1.1522784177082,-0.718252520216165,0.731041612352485,0.845119689297315
-1.62287008568178,-0.772201934772671,2.37317371555311,0.10537790478445,1.00467477666519,-0.993089446819856,0.64227745401453,-0.328141125873103,0.699944908512465,-0.138808145474558
-0.773965492154408,-2.2036874451481,1.16270579733078,0.337025111852395,1.40447823629432,-0.431904489141287,-1.13329193232354,-2.01543797773808,1.49800806381251,1.64906478419678
0.167278692758257,-0.301244639820482,-0.608475024061627,1.33346701992883,0.948880454137823,-1.20464039658199,-2.21967543094311,-1.11031621836948,-0.811153067298049,0.945581755475991
-0.300075175649228,-0.350813387995118,-1.50946883489732,-0.901275936485989,-0.108860335475343,-0.755821513661032,1.03448753378998,-0.547550519116816,-1.04562667336758,-0.366405592022696
0.691190604500561,-2.23111649190488,1.1636337994906,0.257630657153564,-2.66204419557973,-1.52132421818999,-0.181063080735288,-0.225459554076688,0.607419021192228,-0.695256407861677
1.05129584584069,2.32885427709672,-0.300762838562213,-0.247042057790619,0.335925433805052,-1.07241907919271,-1.28020392685752,-0.941250495303817,-0.790469701919113,0.412694053895189
-0.397285030320418,0.243318592725645,1.05064662011838,0.541243453668207,-0.462338313821131,-0.99432535291869,-0.0854534248374239,-0.610539579456057,-0.343796641762519,0.725551266305767
1.66914057093572,-0.127048008232117,-0.877873851109833,0.250501314774362,-0.74263983239189,0.397556392833302,-1.51201685797054,0.127574699607795,-0.231537042440422,1.37954657459837
1.26075883636135,-0.247064687640453,-0.112765171686818,1.74101984697745,-0.0721434871369306,-0.52235691797961,0.793562646825468,-0.920912887576102,0.49426628247415,0.10244172082485
-0.992386440026702,1.47165621168025,-0.594306085856779,0.998523044357425,0.138197014741501,-1.46355951600697,0.976906722434145,-0.0310903228424478,0.108121285719905,-1.60564076981541
-0.534571888248642,1.8354785309601,-0.168037410992672,-0.425232630949135,-0.68394285035369,-0.971984524835742,0.208671462432487,1.10022637333255,-1.16924073704489,1.06981236469547
0.0241543823307294,0.555326421446203,2.0288425629493,1.22591259295828,1.35498928155168,-1.67194541683744,-0.365518004820893,0.91554826735607,-0.642180394494093,-0.227556398442702
-0.60626471409136,1.2799414469869,-0.483782679293644,1.44163863747205,-1.28651884782871,0.121196670594804,0.521133584655389,0.050381510921436,-0.710022110457388,0.652847952072854
-0.102396513529089,-0.588992779763681,0.717231950647117,0.984800943291749,-0.874748163549054,0.0499470816284535,0.140178522078058,0.0166404283276745,-2.20692996394169,0.573241979225782
-0.40531854804887,1.39897020275679,1.21305141947939,0.0310892569312773,-1.52500702732012,-1.10455344879395,-0.753763255701381,0.281396899210422,-1.6935974932259,2.00226931076764
-0.654536379859662,-0.988457146096903,-2.35629093117686,0.853305808568395,-2.05050847661986,-1.27036072897789,-0.179034652931705,-0.822039201961576,-0.400214800919428,-0.0943110764561856
-0.450728429017283,-2.55808691030645,-0.604312776220829,0.222373223673119,-0.394039403231568,0.843172322735786,-2.33446746609782,1.65346278513729,-0.0565334154509726,2.10257406613085
1.37992252397124,-1.22579666881229,0.133518718840797,1.59633135013108,0.967610857013836,1.1861337544952,-0.199000823154398,-1.11419263188449,0.369273119440358,-1.90139289297922
1.49611188199645,1.27858282788607,-0.774228290202959,0.0409786196207361,0.323833274408141,-0.460126176008461,-0.926135965664996,1.13449711708194,-0.252820827862173,-1.14254953286192
-1.3798988551933,0.909893359958474,-0.944557499392002,-0.171485207450122,-0.974252916204115,0.075173367643517,0.250619139061672,-1.97164568155065,-2.2541472948724,0.310439227444655
-0.339647165672715,0.714392510526963,-0.224779209492466,-1.1245386046769,-1.43614974616634,-0.217262015401414,-0.275731214908721,0.656110495486055,0.189164419464373,-0.772694314618162
0.260092539158849,-2.30321480747222,3.02198228896045,-0.60490697717079,1.35656960694013,0.926120155291254,0.94158084652769,-1.37340465682238,-0.450905278576096,0.0924084138051803
-0.235747164915829,1.97829536482054,-0.614607055841884,-1.1618548735474,-1.25996694652364,-0.663548877163017,-0.216317805233795,-0.306430515097422,0.909242310823072,-0.880168073815187
1.70265617671372,-1.87798471932615,-0.510575295088836,1.37059421009471,0.22243026909919,-1.84994098478736,1.22487563516526,-1.21064585280686,-1.35431395227174,-0.568337873985415
-0.586054832993815,0.442586348289672,0.469937882300344,0.299078437073845,0.344620009100435,-1.5694052313363,1.15565656453432,0.0327047168108126,-0.599951371495474,0.507277802600153
0.709823811501148,-0.392846540964189,-1.26815522454725,-1.38496602482579,1.83606292794409,0.123008786153815,0.374252424346404,-0.551472935381549,1.37335694662744,-1.65164067062535
-2.86459736476901,-0.854024341430424,-0.335362541698647,-1.78134781670802,-0.847622471846951,0.751785344226933,0.289284490743656,0.154058255015204,1.8025285346296,0.888284895930686
0.161565947224375,0.151672879431876,-0.720476657581035,-0.150041362535192,0.0184355586681165,-0.424467353921658,1.93220412650363,-0.719344046522868,0.443329788905255,-1.49492640066227
-0.660961332873135,0.0106699998273907,0.262429371274796,-0.160570459344254,0.0981627184333138,-0.276164589724968,-0.782173486940349,0.520548347408021,-1.27651562712126,-2.48736393004261
-1.46305276789897,-1.13257536934759,2.32859669353665,-0.99776804829984,0.872062177609706,0.685129325264473,0.94612319476567,0.106797828288019,-0.623254696803039,1.09070475028129
-0.723105733226555,1.48956184071262,1.32056408329857,-1.5974487760893,-0.380300639100753,-0.108176729777543,-0.25847437001501,0.992328145877028,-0.188584769544698,0.685766644935898
0.226361643857231,-0.649062645335637,-1.4705299128391,-1.1886221688599,1.41758302235983,0.566547289397512,1.36448398299826,0.183966239099837,0.615024634046384,-0.70464955775328
1.64757077960895,0.0405077537938582,-0.46822441987028,1.15412884550508,-1.49848876051864,-0.593385264148347,0.883553673999695,1.29191596769424,-2.34999783614004,0.723351556077692
1.49641161678873,-1.69369468914539,-0.381794335973263,0.23577170917498,2.28076925838607,-1.11241795335302,-1.87831261436614,1.5871635223559,-1.21379721528777,-1.65879496385637
-0.0044542749508255,2.70481020141073,-1.13295683275709,-0.793000141949888,-1.31166009444236,-1.77903312667043,-0.0753185649114198,-0.500067516769932,0.48819630745055,0.112429962655756
-0.542087807215212,-0.354052020087824,0.432590134658126,-0.291860129593214,-1.01582346889341,0.386936021633222,-1.48792411189634,1.50322320023502,-2.11086238004811,-0.132008121675134
0.456272398468816,-2.21889268823971,1.61402935833148,0.784502426095231,0.951898316731265,0.308096917417608,0.750916927489337,-0.131934813984184,2.49082524698548,-0.620532842743882
0.280676491353965,0.219667252369231,-0.12062005911694,0.875762228620436,1.26993539713704,0.272156893079166,-1.27510886649844,-1.22502686476374,-0.469758234216549,0.478170117444463
0.3446709742739,-0.861344421824615,1.68068923305131,-0.440398181024001,0.177590449698424,1.86746033117116,1.56821514752184,-0.256002298400768,1.44448132732636,-0.48204351322397
1.4042661658778,-0.930772338108942,-0.190120986936564,-0.45166029929367,-0.100606285245578,-0.337568478020006,-0.0122801062594384,-0.28752305644679,1.26501938637453,0.828528867436615
0.168680303607464,-0.488029202626177,0.18501127137521,2.41540866013531,0.525603776586192,0.536094914934554,-0.260068051369008,-0.369489255830602,1.23155575204927,0.0238532141855403
-1.04730079587174,-0.0589097302404251,-2.03874444885964,0.282110720333435,0.158410414789279,-0.915243214554176,-0.00263311582817362,-0.579871891474014,-0.431770406309221,0.242774941181165
-1.33577763460722,-1.25241102805927,0.213608180872735,-0.710685652132563,-0.452458595981914,0.973304004551857,0.817410403220578,0.693349011690101,-0.193488408741594,-1.80854875383064
0.491831577090604,0.878880289102341,0.425625826748468,0.6631740046913,-0.118337791274931,-1.83668250158706,-0.0308401612296186,-0.380923971957662,-0.877764481871763,-1.05241836947239
0.169600029688441,-0.779299853179186,-1.19206302813699,1.27081562040456,-0.348032264971591,1.35167836928571,1.27521787021123,-0.0923523652528279,1.07665072782412,-1.65184409291275
0.531063896076952,-0.723574813817925,1.8541815216297,-0.848122872636307,-1.08624964600385,-0.560991560629401,1.23358570847876,-2.26662219467902,2.06996985533326,0.94340543796897
0.843647846171202,1.19480429142205,-1.00954802182506,-0.62194755559372,-0.964049662123484,0.466095885244275,-0.23852279666477,0.0191185218054989,-0.769345293868524,0.0950600567676904
-1.98455420656511,-1.53222841893388,0.144984330722847,-0.0923870049878878,-1.19886976628393,0.926489499251828,-0.177391011120689,1.24939760200389,-0.39810078293505,0.986003969571027
-1.34800502660135,0.30547251953229,-0.14174023423417,-1.18469611243555,0.55362731814206,0.218821548049824,1.31768529594555,-2.01045501915845,0.594661264478886,-0.0449587034779501
0.193078289733746,-1.31777680531795,-0.827602183995728,-0.779676119045111,-0.728020781163286,0.807954262878744,1.40215053319925,-1.43194478200003,-1.06200788600209,-0.227700915130271
-1.80925477680756,0.601011211977807,-1.08517640789853,-1.90960086510159,0.388352144304909,-0.85778265152729,-0.807345003198503,-1.56470936569796,1.40298745838192,0.666662450604922
0.133577963164715,-0.429835841782116,0.589282669929301,-0.60660604772574,1.05658137250332,0.12909469370128,0.203279804811072,0.676836112995421,-0.563807636420912,-0.210489155253521
1.70075607413998,-0.327726682230391,1.05409054409312,-0.924868668042407,-0.288024265977023,1.22184349608087,1.3036548328798,0.868426577199496,-0.963257138271562,-0.60466313723078
-1.3403531672517,0.371209023812689,-0.422255303854306,-1.17829355089015,0.204462845431241,-0.793603186505298,-0.0338458658501559,-0.868914930057123,-1.51802186818227,-0.980165418477388
0.335117589694845,1.92247887129962,0.303976292495725,0.576210343102663,0.800517494078116,-0.505439356670864,-2.40465145508023,0.0531362226817627,0.922704198840117,1.02647789439244
-2.36301386800661,1.18855255855961,0.45839098379533,-1.07458214238349,-0.559890944708037,0.298155386064515,-0.191635552491172,0.633793233813794,0.112004714644443,0.282068315352048
0.305022172571555,0.0581948282275416,-0.0746965932235548,-0.70587055786626,-0.422393341699036,-0.465165633400934,0.0144180274621605,-0.0565787030341093,-0.389249671080241,0.197843728981339
1.38953571226247,0.896248320336607,-1.00857006313052,-0.211238002648553,-0.810875252818453,-1.40506408124386,-0.422545956094661,1.50862300707777,-1.62785906498731,0.534997273173675
-0.33761076434371,-0.0540676880049872,0.39836188883564,-1.06482664303198,0.131565212816219,1.51821775624598,0.0375228976902878,-0.781771424148578,-0.176726551605244,-1.0960805251282
1.57145257114856,0.750401125778175,-0.421920569535163,0.358147463092995,0.120704674324686,-0.682554398714748,-0.197392374717178,0.297313832182534,-1.13353521398603,-0.951085147993653
-0.668588878000139,0.37199620220132,1.22579017219505,-0.0299330789468544,-0.855312947918498,-0.589869839226397,-0.350524447750544,0.162414555945338,0.935738760855707,0.219329881765546
-1.05402119726178,0.288231961953479,-0.790670426714535,-0.52625163785928,-0.239847764116118,-0.263396760780505,-0.729705891758066,0.574562073318487,0.985017709778927,0.690473288048708
0.0508098447546263,0.37986831527776,0.952489116483778,0.466079535458939,-0.362495615195,-0.543444546050346,-0.611578469100885,-1.12696337766613,1.19264838993235,-0.901227274328052
-0.389007282942324,-1.68538663510663,0.229757820806031,-0.077048769941486,2.17238119036908,-0.223962170715268,-0.161457819211506,-1.10404941445236,-0.23410767070922,-0.461974738500165
-0.310945944358123,-0.554202053878892,-0.344462855621483,0.204348601031369,0.12290751019965,-0.977750358733677,-0.454014106053606,-0.0380469127804919,0.589362226262215,-0.391469150611251
0.916627940404972,1.23508993285005,1.85430813698924,1.35159335277238,1.19843617479076,-0.250370132163337,-0.456499013440292,1.12754553973272,-1.35990667914458,2.13407581724531
0.260853359218477,0.422701411013555,0.220393341076738,-1.1810254302172,0.178152639537831,-0.732031811966283,0.562864113960858,0.604561697921057,-0.400990625197702,-1.42385279752338
0.595220201581916,1.72072187506448,1.47717431969774,-2.0813886082171,0.452863812150222,-0.103086942101732,-0.294182387055671,-0.0327754911779735,-0.748518017643709,-0.0193990632405435
0.928385103262228,-0.237041182694999,-0.0112781176944138,0.0547735059916161,-0.282069833542173,0.614392582947912,-1.12542386932936,0.353214853779836,-0.996232237159416,0.424280329553966
0.608862103570034,-1.15815432424229,-0.75901585855352,-0.612159605936452,-1.06031973431209,1.13486554763912,0.0914433181458899,-0.161240517850937,1.70902076850227,-1.76976853836346
-1.72298587709413,-0.414510636484826,0.0973837684075574,0.390532299594285,0.10735269707473,1.76109427188736,0.029334830891014,-0.856683797925087,1.69555729692081,1.46466059727514
0.565724538644829,-0.660730984878335,-1.00638517677623,0.0399211577704337,-1.10257619427279,1.1528265197599,0.0260406238527851,1.42054407806938,-1.85773800065392,-0.519875479067433
-0.733225598668549,0.122338920896877,-0.720529301938537,-0.204107941573383,1.2131272820349,-1.78545325247163,-1.54109337950463,-0.241877380098485,0.32313145213381,0.011492575726048
0.00533408171357234,-0.351374017383407,2.64753615497268,-0.605572128418539,2.08269640504377,2.40896016656819,-0.910534065804567,-2.5440794050789,1.61741641502944,1.0739712120537
1.63584750499734,0.0747825184086533,-0.809130172842845,-0.0319542302510256,-1.69363895142882,-0.702372186294037,-1.31565394600742,-0.618807822140817,1.30549415426394,-0.876803460558998
-0.161862765943318,-0.913448595671255,0.547703526613623,-1.36069150540981,-1.01480088238125,0.476452429841317,1.75255238307436,0.982576814590292,0.33207472549948,-1.58501658938174
0.416920809645694,1.41982827925588,-0.28743580076314,0.64258135299168,-0.0946108534650636,-0.209700090427991,-0.0861776521435323,1.82165938373111,-1.87516255448261,0.371205365513726
0.171129554139308,0.247724667062961,0.429841947182748,0.123571719737313,-0.353886973595428,-1.71026905752081,0.911346853049923,-0.0838943183066288,0.760485929945385,0.341648212474503
-0.300775775204928,0.268341586761866,0.0287051684294853,0.0911278866626844,0.365527797400335,0.256062798165106,-0.524042035588937,0.450005841884534,1.26141136759619,0.973443098104332
-3.56743362159099,0.737882367312148,0.00556952040688923,0.0391473283391458,-0.199409244379001,-1.42602186066532,1.07219568204002,0.142704963172631,-0.0549452092730341,-0.125714741051444
-0.181722840464006,-0.310080018511077,-0.62030350505949,0.0272717625528441,-0.552292497555284,0.495145938796858,0.841624026186038,-0.00454906043332841,-0.0952909531876009,-0.337708401913032
-0.0915042297394776,-0.288779642899368,0.631902713876148,-0.0366946132920118,-0.656286680251936,0.658366587320959,0.785514355022108,0.708975885511727,-1.78673211577617,0.453649619004676
0.823917147886848,0.578970813681978,0.020153084738675,-0.724400431772556,-0.173198696483677,0.260376560038488,1.92086281143,2.14378037210084,-1.67283946636033,1.4949658403184
1.67911830963478,-1.63542744328553,0.457708459296571,-0.627922864120216,0.465514260393473,0.877718000079393,1.36455111013479,-1.10468804463895,0.673106674655277,0.0280188993951881
0.419659116096933,1.48761962842791,0.881891114532441,-0.572779255207819,-0.15185921690929,0.0225495847646024,0.51215128533735,-0.564258788428613,-0.0705265711878757,1.44208962120768
0.206637306926578,0.133113786103235,-1.00797339309725,-2.61676321055719,0.300296238227754,1.35006451403622,-0.269756354796535,-1.06571167900685,-0.866563384179335,-0.787306746979617
0.128452356714702,1.09453195578565,-0.889358073941134,-0.282485173391547,-0.376666477203959,-0.37262509841824,-0.249045920208299,-1.70836932508942,-1.62076291852524,-1.70482697821456
0.34359559776487,-0.78683789883238,-0.664200319738889,-0.907906905457148,0.993183557737458,-0.316637011740616,0.465676173355712,-0.684225818718187,0.0379476987262836,1.52822915983051
0.0645072276817869,0.247248329997597,0.0906922888670252,-0.701183804999195,-0.186547410059333,0.0276564537667569,-0.698033861510215,-0.227267612474189,0.897796048347473,-0.892386756847658
-0.777891842384567,-0.972911815068551,1.05548667996934,1.132828856705,0.758029843366412,-0.177157749544812,-0.0314699330411445,-0.419203656327516,-0.0423083824504113,-0.975271115598794
1.26660483435663,-1.08616557188552,-0.84436137346811,1.54099668429167,0.276701627682518,-0.563345673360476,-1.62369202870389,0.277660407616748,-0.240347453054542,-0.169191053132484
-1.34763048353872,-0.486182717494314,0.930802619945153,1.29701202640204,-0.041685236254635,-0.199066165299589,0.0597427488188326,1.619746072894,-0.324714942520159,-1.26017420845636
-0.0909560354252487,-0.90289958453539,-0.0140314824209853,-0.275668097737186,-0.21476401826412,0.346509974095319,-0.112931095199724,0.237631707332614,-0.853751813048382,-1.30643015325587
-1.5744428369411,0.267373557650323,-1.30087872667597,-1.42902821486997,-0.207322380104929,-0.185809944318558,0.187869939939195,0.641384860670341,1.44920999677019,-0.367153546413162
0.363819489470288,-1.6655823932173,0.826551696125065,-0.225467160075921,0.997010364618534,-0.154652820988364,1.03660901605354,-0.103941988646875,1.20347114072779,-1.0044842914244
0.697809188945317,1.49969242447749,-0.688868569452772,-0.0529887139230938,-0.668931617076799,0.0585724251499899,0.136961860739229,0.679277310826182,1.13423122915514,-0.801076727702706
-1.12865548608913,-1.0076851079321,2.1553759861486,0.789044116002383,0.509862079668339,0.886490783084338,-0.886408335218842,0.664909659767055,1.37211054673276,-1.34649757129314
1.60299959520711,-0.0729314769506383,2.00687602693352,0.922205207425306,0.700031542954253,2.7633176830038,-0.986544269638959,0.443245112284085,0.962306972264116,0.704869626189693
1.19469847909542,1.08697196382893,-0.950264186887051,1.36756575692044,0.802308533121375,-1.26485161206369,-0.628094328089024,0.893664141141605,-0.58138758366494,-0.654433642642529
0.608075387830141,0.965110627344283,-0.694792892153695,-0.482951697293572,0.155667638287954,-1.63017892829513,-0.0127002607603436,1.06174470976925,-1.33312702606161,0.00442749275087904
0.930584000358081,-0.931101307485606,-0.905872846044733,0.0378509325059808,-0.10669935907415,-1.36224687677483,0.283855756922524,0.398241537834138,-1.25220576754007,-1.94385324241975
0.259718759017199,0.618505035387023,-1.1488915308175,0.664177939869433,-0.549098151304656,-0.299046872789269,-0.672002217738527,-0.302039775911814,-1.63946914548002,-0.584491813610915
0.19122233979243,-1.11333565833898,0.799302744060532,-0.987250586912292,-0.131935264848739,1.43810075887811,-0.296544102424278,-0.00382596452670795,1.02640997957206,0.967795420146808
1.04889904399866,0.719796794636715,-2.5730633121785,0.235462790610663,-0.10037431337081,-0.356156656603871,0.925940574807138,0.226631176353505,-0.0454919187677955,-1.71420270018237
0.492491408583309,-0.0774679573524527,0.958089899135028,0.448688625699464,0.648770471501763,-0.488863900236216,-0.322401973014482,1.3518290231319,-1.42409574221321,0.559117931211525
-1.34586255042384,0.187484515378602,0.014105129119012,1.04007654222868,-0.97616097290237,-1.5949803321105,0.954655121311912,-0.860563928814218,-0.458694781424358,-2.1176608379892
0.952629729613968,0.374453483119173,1.14747101834355,-0.34655286599628,0.573179481381679,-0.70100256219491,0.476135060313089,-1.47559030173728,-1.65043475626229,0.183194135072237
0.378435080229751,0.324664960572583,-1.13838440237699,-0.95014995596383,-0.206835248484003,-0.297568994669488,1.84127565954042,0.062857521707713,1.208000396811,-0.793885502087316
-1.66376229139202,0.650170217977578,-0.24152835212896,-1.32755784249702,-0.320269543885275,-1.50982722326867,0.228719176489083,0.606872779716407,-0.79449629512008,1.61813777372803
0.534510143424822,1.27147371939809,-1.04872791839464,0.780908426084084,-0.303335722529798,1.63623701396965,-1.58101656448788,0.279914388456105,0.837400545251069,0.641202885175829
-0.549088577635925,1.62912100991331,-1.32242179626907,-0.367596808935459,0.243303650060773,-1.85221171629644,0.0941276487760788,-1.65856814804912,-0.768464633544916,-0.950476575379798
0.0614966472392818,-0.21063785985734,1.52642808428094,0.225910333471243,0.272665754634066,-0.603974962106104,-0.068480061576618,-1.03310282426142,-0.320233964683553,0.868874189959188
-0.51805333480689,-0.689350394534915,0.404525119703827,0.963634339259177,0.294049043941257,2.2558875633094,0.278307258535173,-0.216916048341762,-1.25665169330367,-1.46109660239799
-0.257733480120227,0.458462655415332,1.08679605994715,0.307073451127295,1.42722378454759,0.2497679363008,-0.46056400363242,0.313506385856394,-0.332038735146165,-0.216492754255371
-0.652119996445611,0.0346212757206415,0.244161684686422,0.502043613289848,0.0816273805350065,-0.567048350457908,-0.14008569744403,1.91471690505615,-1.70206608881324,0.666845982583633
1.78852925250928,0.677317041435772,0.211001660960588,0.33303975042317,0.471449361032973,1.59178895913445,-0.477604532342221,1.19802536784968,-1.37353345590734,-0.417030272496894
1.33368762746742,-1.1445002737785,0.767988211603926,-0.273668728393454,0.821996955500268,0.884543573695033,-2.46598410237763,-0.10987300218916,0.343276303884298,-0.272970965336514
-0.772569779291357,1.45536313990991,0.274543060174181,0.787037868591734,-0.630624960084392,-0.00991510967950264,-1.62916274398655,0.571238713539513,0.649673665708841,-0.0688428796079735
-0.791108965391792,0.100061975418835,-1.70463824477523,1.47218213282656,-1.42835681199167,-0.160856307589916,0.790524747665716,-1.46069913140533,-0.066738105102374,-0.780751905082752
1.46483557667728,1.08127300333319,-2.7373019984398,0.958205018589283,0.034236922252882,0.933503749904232,0.596134877544089,0.185860743606224,-1.46778017535638,-0.752254133671977
-0.66662788421181,-0.359789894981211,1.32954643791789,0.848616761134653,1.97749685284883,-0.0858015389830217,0.0211497477132774,-0.965008745300903,1.74747375658069,0.739761422120889
-0.0474231164856136,0.752943470417233,-0.0738043193962472,0.725165896938554,-0.317768565636599,-0.41044481963355,-1.90156785219334,2.14465922726102,-2.39964850174638,0.156793137018407
0.0152395405243237,-0.932060710215096,-0.358131287802686,0.898126427385299,-0.855375948342489,0.510389335420389,0.278859722835386,2.55734192377735,1.25395699692907,0.63305083818495
1.6207655350009,1.10048242852801,-1.88280172250047,-0.808603004024932,0.640833293181562,1.51181509954358,0.583165654508777,0.0134940474975131,-0.408039956058112,-0.728305325895516
0.371765663614639,-0.904257500079663,-0.032639726345422,-1.73810341359821,-0.0792179136340439,2.34354987560864,0.37094305743451,0.0716538447444409,0.904552204376986,-1.47522716188008
-0.475336748935205,-0.156910431349196,-0.171163040688963,-0.780489216697084,-0.509762535936224,1.12418408407651,1.50831784663853,-3.00185585033864,1.524911167568,-1.4431049878489
0.15325203983272,0.948053716117953,-1.21462762778988,0.220708713418027,-1.73542985909522,-0.398594835790102,-0.323388937431203,0.728399854914551,-0.325536252208623,0.320306683652529
-0.525334321934125,2.66311658412487,-1.77821452156876,1.34023689145019,-0.972327761708058,0.960910169416337,-0.62581433750942,0.28655283620061,-0.650776558112605,0.447117454136443
0.521010533459749,-0.946851963195292,-0.980832391804763,-1.85061814852188,1.92176153109575,-0.962600654189143,1.26195013496661,-0.31802311294087,-0.840189835958443,0.603475400606215
0.872130633106287,0.385955223477976,-1.05135344400754,-0.55906179053545,-1.47872380574081,-1.19644464147759,0.624895782613862,1.01077728768976,-0.792976411283085,0.174411180437916
0.333152696499183,1.65193333351625,-0.901991592492781,2.03386215620294,1.04527268829425,-0.0529666317769623,0.335167982279444,0.426206552680386,-1.0854673385078,0.226806771823141
0.0939827878224823,0.546991438912782,-0.326347386093918,1.70981952709858,-0.753167859223618,0.521886592030216,-0.311298189937138,-1.36388049039677,1.98288061127773,0.321241923068506
-0.289802128882161,0.515662311135286,-0.778176494338382,-0.939174359551979,0.843054389778003,-2.18105805507735,1.13566635878466,-0.368354550207308,0.319919769951035,-1.5505794469391
0.683995518738816,0.209584693196736,-0.119628701584199,0.534733841220791,1.26139902760765,-0.603918162322063,-0.91106066264306,-0.504217964843724,-0.865825272496785,-1.8466147957377
2.18046103333561,-0.927095033618148,0.657539222036517,-0.482388407904219,0.527544592766065,0.808866708409524,2.03102164736482,0.202284738270916,1.2494815298932,0.369235519958332
-0.249499764184976,0.537376346871847,0.857110769838145,-0.25404132198032,0.556843821041534,-0.551853929876458,0.406856024543266,-1.17375734281355,-0.409934082453744,0.376571584559532
0.0852546569667612,0.365302570669537,-1.62523701694543,1.09184031371211,0.350637463818518,1.47780104641596,-0.305716795464361,-0.637742053566867,2.18657440624906,0.139771519323777
-0.465296244310742,-1.31171609938148,1.9987151044206,-1.13133726471746,-2.00986408459058,0.247143571331497,0.102686746276458,-1.58020818523181,-0.107252981247892,1.23399480864883
0.22185840695188,0.570803811367629,-0.111483219476786,-0.401719791434912,1.28602524503221,-0.0416999169277827,-0.595381650122049,2.05656772349528,2.00863172840714,1.06697245988842
0.82840378849103,0.147111304488153,-0.0302162268196049,0.375917648386364,-2.13634288969104,1.33130456222253,-2.64309748745523,-0.757407639106974,0.710496828072829,2.81074640234808
0.867468857443567,-1.04250667841603,0.699708220433404,1.36743150002347,0.0759764807987569,-1.1759282831965,-0.00452998609322953,-0.938313704999046,0.984647483152472,1.08094638940738
-0.0269175964595243,1.07813650807867,-0.435005976555168,-0.876193808003868,1.64052815393452,-0.488429655649872,0.478657424620415,0.0333640521521316,0.794120421248466,-0.712561012329059
-0.663609896141473,0.793257720540262,0.384450382376656,0.71127270075798,-0.206898526472327,0.894940322544622,-1.20198486850265,-0.569331774405491,0.466502745064037,0.189990946489809
1.69436342276574,-0.741824920698989,-0.223078058962804,-2.12852284944487,0.504879320859675,-1.07502487951802,-2.29211688627953,-2.11976464182486,-0.39744366468466,0.781649193140492
-0.547031612170608,0.320579051043227,0.0152189409644099,0.478896592235141,0.666822736652845,0.659805318415292,0.429283003970639,-0.680974987657352,0.0850425836275521,-0.628961257184988
-1.27550133898342,-1.18664929222487,0.480566845444892,0.307039685396564,-0.0397598627212232,2.06381229689176,-0.0242726994248662,-2.11377421585528,0.25644672901036,0.144858266779362
-0.639856334029656,2.21023280138833,-0.430631615198969,0.843775415488267,-2.14320139423306,0.0605356340913906,1.21014504196889,-1.45933070644156,1.47499000182617,-1.07884918614763
-0.247012119283552,0.277975440788327,-0.773850171140918,-1.78244508500308,0.0246366285670687,1.1415002031456,0.520208013154885,0.432604429868272,1.1165278900648,0.0787243097887472
-0.0389148147000902,-0.0836555128287169,1.13324273528582,-0.898609258103353,-0.858211869266589,1.57034148575763,0.669257204922367,-0.399059975418167,0.813029136207332,0.49387821660954
0.758969366693737,0.163376719944245,-0.931801278864315,0.638539637545985,-0.26313826339081,-0.564103318056511,1.0856993495472,-1.77987991028631,0.577927714118779,-1.27973021033681
0.947154313712032,-0.382798653028312,-0.360824462734108,-0.456452330869855,1.51628475238267,-0.172812463283134,-1.41340598521299,0.897866359774051,0.729452959766406,1.73130251293426
1.04502566989351,0.972601500887093,-0.169261728664812,0.581396476112695,0.630302266128788,0.43087180602697,1.52047423378117,-0.263177537798473,0.304210122266327,0.859467191740627
0.103574160423949,-0.338391591575429,0.459694929933052,1.68206309114231,-1.77386843928382,0.387086500607257,0.212991172964386,0.289383648855824,1.3922193505222,-1.33337591857117
0.758426214202354,0.940863151006748,0.0504053573403607,-0.0810679661562001,-0.585235514850431,-0.287435553121023,1.35377763030665,0.531112649329444,-0.351760971112373,-1.61332844270228
-2.1315733378584,-0.406271160540018,-0.44073320322168,-0.407814508323163,1.0213552445551,0.722049625661329,-0.200694169009237,1.15592064179672,1.09035724187545,1.1575548131263
2.00397749023398,1.06418576064359,0.173246301510957,-0.922052066856911,1.92603644223551,-1.07049827287119,-1.38096702304301,0.586602550699018,-0.460796395995773,-0.465015013634786
0.760829677894005,-2.45760219946146,-1.37578288614134,1.9544394069679,0.663224325361632,-1.28126003916824,0.203694136994562,0.601845050971725,0.0603234557752711,-0.252684218619715
-0.840530976419774,1.0659041999969,-0.289196521981422,0.533904145894982,0.835831046738372,0.667930904162726,0.413221210856036,-1.6948607674361,-0.582639311382727,-0.241855788522107
-1.29761434833164,0.544487312284215,-0.136780679213657,2.59588278328246,2.74128934649443,-0.834393103488208,-1.12290710387685,0.303565214706253,-1.22726752913543,2.55423631107405
-0.202907483721418,1.0932681882687,0.513667945274525,2.44113614537064,-0.965378766467428,-0.707885812988122,-0.598459345168675,1.32549685259758,-1.54229011359974,-0.764523045578828
-0.428032763217213,-0.209686452709084,0.837519856755767,-1.4028415274757,0.720697503477341,0.669579395393381,0.723143150013602,0.0431453484048265,-0.40324823176401,0.106370282872194
-0.454915579524314,-0.366117638489378,-0.195406802080334,-0.633587727949487,-0.788280582659178,1.2890844046814,0.862442869578836,-0.29086972389393,0.363591723520708,-0.157022308466066
0.192079439185853,-0.199181830654363,1.30843637241242,-0.593399202057796,-0.431455140456955,0.847222158378592,-0.253133658066256,2.34937040272824,0.247782673462006,1.29225890922409
-0.553631526233326,0.366136343481887,-0.804919174037504,-0.584229646329382,2.13265581763117,0.992346387729602,-0.904837957531488,-0.931353132001944,-1.21609122250942,1.01475789262218
-0.708412133392042,0.489656167629656,-1.41468563970428,0.157579345270207,1.59188937304386,0.519798033677166,0.561071100053244,0.156555500543352,1.38131359541866,2.81859149023715
-0.463006163539265,0.155567854407797,-0.717134566858473,-0.318221066329397,-0.345002722817715,-0.173062791205071,0.159463023740196,-0.75583420423692,-1.50289754742087,1.9189222262632
-0.635312937756906,0.838861727295268,-0.303130580172575,-2.12664650191652,-1.27933168566773,-0.308650378754275,0.927301717649074,-0.521269257192909,0.696116064631961,0.137212495251716
-0.622371715772281,1.07667184851556,0.785463926607972,0.44316563341472,1.48208542452154,-1.44316610380164,-0.565401114244202,0.520254621464946,0.494174398561619,-1.91294583534766
0.0600137895781077,1.21940869308067,1.19450055157686,0.390523941190842,-0.447936204007258,0.128612638540055,0.997735538874907,0.653804110003067,-0.357513165100169,-0.0525428003912779
0.759096783152629,-0.293648052145884,1.77446226632422,0.0758379127975918,-0.112119361797034,1.7110464460251,1.43277313908773,-0.257492734139898,1.63519750462633,0.449930181956226
0.433085338034778,-0.241012668479154,-0.387825431682657,0.197108249039518,2.13261103867676,1.72187973692287,0.929184833981268,-1.03380747789549,0.390974598624951,-0.960233351059591
-0.46827372477834,1.67465909353739,-0.27960746613296,-0.0610325210580746,-0.36993335954259,0.0160615992989088,-0.0810132775507601,1.12203322187311,-1.49451638697481,0.524926840597904
-0.197301098686407,1.14116844817812,-0.686179477281425,-1.40516756026023,-0.634414928535813,-1.37432862418481,0.646444716681963,-0.0439028933700824,-0.970390999340921,0.483886746270887
0.369801943069302,0.166328935193922,-1.234603034086,0.064714407825538,0.373409251309065,-0.177478117365875,-0.0896759534285778,0.211739265982144,-1.99741825781597,1.61814404983556
-1.67558481251334,-0.583267131333702,0.355303706790572,0.45153977306748,1.65459955916363,-0.188764913648888,-0.537203373714562,-0.544085273740786,0.121076781482275,0.955843072554433
-1.27745813813862,-0.329498932540397,0.712518983456772,-1.29586684019535,-0.479664751522787,1.35139466668015,-0.491603624232922,0.0776256610800603,-0.445022821854146,-0.422277297850966
0.420839293011929,-0.0638652602593589,0.154830290932828,-0.39741016476154,-1.02181711603655,0.952990370030326,-1.32678775331087,-0.48389241142684,0.22642947657051,-1.48002599782456
0.650325356711772,-1.01311113083058,1.82402788621813,-0.739646295611946,0.115246361385586,-0.450830248412213,2.08487569120123,-0.390874521136633,0.254679974232203,-1.25494890421041
1.35395121973562,-2.0420706875563,1.24895779557676,-0.727800016312621,0.699580082698327,3.21067427212221,-1.06035672623139,-0.435081685083862,0.728408194825074,1.123619622221
-1.37077007133555,-1.22622752851204,-0.183761060153086,-0.76601538653274,0.243853331120739,0.959445167290908,0.274348228630883,-1.33254955802193,1.60551166759412,-0.818740015902718
-0.348402200597119,-0.152852870571246,0.0309292105818817,-0.286337713014901,2.6729595166448,2.37348402668764,0.484890733488074,0.337427599802334,1.19494908990278,-0.990729114845406
-0.491617017279993,-0.0213177992762231,0.00146183639840478,-0.185779526949029,0.0204284049483815,-0.103211347793986,2.19243615410539,-0.166505091520337,0.0687301347768585,-2.50592023673151
-1.10923806086437,1.0631636452662,-2.57934827610706,-1.69836221526855,-0.213613839145992,1.98495581390409,-0.503254451483946,1.16258020657538,-1.90194455957254,1.12451927034722
-1.12452266377512,-0.130325856975478,0.150301259377843,0.0904006417297754,0.875145940147517,0.19591452909484,-0.531866089542285,0.347603742977602,-1.8816403842243,-1.3525335267914
-1.40795674209027,0.357021265814416,0.454111667653389,-0.460325605598199,1.59120136242289,-0.649852412176397,0.57330835786302,0.0089959492917413,1.12166976357834,-1.39430400391115
1.56955659140395,-1.49482086330145,0.641450669971069,-0.087311907346574,2.04692390904218,0.444746490543572,-0.175966121814852,-0.444160186383003,0.546871850703041,-1.46614016339189
1.552584443433,-0.233446349327931,-0.411570728729896,0.902637028697734,-0.0703229255378253,0.646092595906746,0.27743477450719,0.588594904055699,0.505933137189934,-1.10315839375118
0.0750508754364768,0.814785906027395,0.399739067057146,0.101634789330283,1.93684458139098,2.66893301785462,1.15005237640949,-0.230524387074712,0.745743912016667,-0.502444639181071
0.00365762895061781,0.76520320592806,1.47159931834947,0.114372033810487,-1.44156176748456,-0.265670712484646,-0.396804710325894,-0.130358570524646,0.555091689048303,0.0802172077624632
1.08216929475919,-0.939258110600695,0.548539227740359,-2.10651172709633,0.464005854102725,0.474843490875333,0.220338926950944,0.514304077225654,0.0602677778332134,-0.819113293394265
0.295266182930334,0.977644583058192,0.506003538714133,1.01629514380546,-0.587340777092235,0.113027424630317,-0.189311614466512,0.342627081638658,-0.764892458973812,-1.68562985393317
-0.0996302725622171,0.0477668310877962,-0.798327125581408,-1.22444929262379,0.0905073928245635,0.291990406343994,-0.202481887880134,-0.20366076792284,0.618427219378836,0.912962237822634
0.316780598284255,0.47661404344193,-1.13963099733005,1.43863834281323,-0.0180219578199236,-0.456802958127749,-1.58822335035605,-0.286361444764064,0.099165170818092,0.973850064401741
0.784698180122537,-0.850089437099154,-0.501909031378782,1.61119731005496,-0.455228084727924,0.262877702065752,-0.966612046888055,0.862621534187807,0.0335715656796683,0.492319063131296
-1.62302403968166,-0.52965060010377,0.412764997969165,0.226480759962055,0.508454872503733,0.722812206519597,0.655631227162107,-0.722665135727631,0.308648241540334,-0.348923738270336
-0.81902660785505,0.556798283027521,0.18008308604347,-1.11561026832713,-0.491643600087274,0.344588024493346,0.548230820716287,0.147724815569589,-0.706721220109054,-0.581855886892734
-0.545570106535019,0.0404144921721286,0.629153297083276,-1.8897667920683,1.78465579046362,0.667155360122673,-1.55586407013321,0.94600531391142,-0.910789822827356,-0.456474808652555
0.450828588748294,-1.30815500316212,2.04144436664993,-0.282870994051022,0.98838379478589,1.39098360602079,-0.269993331142925,1.31464988124665,-0.432273844233905,-0.436917682374149
0.75641235743305,-1.71570719103066,1.38331657512501,0.523730616571626,0.982247535051938,0.785725228390981,0.24628659197,0.857281969552391,-0.769963258530543,0.454363077453603
1.53284158713713,-1.1058409953994,0.0766717009647056,-1.45164400590337,-0.00946643839762415,-0.316690444193333,1.94575976775769,-0.818783786881478,-0.622124313109626,-1.11801706698021
-0.860408076151397,-1.46195943272146,-0.232396155306565,0.41082814548742,0.823979980881261,0.550512988577057,-0.317908667146871,0.60771700935593,-1.11963224178719,1.17217032859108
-2.29713422753232,-0.843353593024377,0.792734668813695,-0.202936306419288,0.023596650448131,1.72017099830378,-1.60930193163121,1.51838881765229,-0.483724484245127,0.687066111516633
-1.68953050820758,-0.283988623342497,0.482847930908283,0.818831746026474,-1.94486272734855,0.673069401272789,0.791201919944132,-0.43104024620935,0.53179696844822,-0.350331233892057
0.64369129120634,-0.091214806582844,-0.201909795081401,-0.87720712643968,0.704480475880309,1.09328936009445,-1.43440948889388,1.1559872758387,-0.132294876128935,0.232346701760495
2.34139953814632,-2.79357824267879,0.32041598120952,-1.90225994947828,-0.456703865459825,1.48904415691249,0.506854196829506,-0.416262325448879,1.11147110306256,0.301713538907758
1.25607924432471,0.348507960068393,-0.856751908319501,-0.464215622493736,0.649425706131445,-0.0496519125506003,-1.36270892782137,1.38159371464938,0.202649251324576,-0.268065483490182
-1.60837698256054,2.91784578062959,-0.564990512338804,-0.623645052770088,0.236804531793847,-0.608702207669216,-0.625824715150364,0.732702417667184,-0.479418606739519,0.510523136472605
0.42198452294601,0.460799523541379,0.276550739125213,2.51981858442376,-1.26477755351419,0.248520095801388,-1.24014934157795,-0.281501852735409,-0.587880231258171,-0.54770704049804
-1.27127369580781,-1.28189018445555,-1.15649380964886,-0.286779815107835,0.776065819395158,0.706323231160932,-0.0424958313889776,-0.47394239181922,1.49590339674397,-0.14620853901347
0.214576553973648,0.648036309011499,0.487895051514317,-1.08276863406439,-0.0555066785400949,-0.13653830164965,0.457464312170638,2.72373717713039,-1.34949910933374,0.372701218030514
-0.902935219065966,-0.536017799514838,-0.194831770386748,0.639942504243577,-0.620236421901521,-2.01111806613075,-0.0654213951965103,0.918173414079041,-0.0721580011480567,0.686719468763243
-1.07257123973795,0.623685643806081,3.14856364821298,0.396853383744409,0.235601959402292,-0.0326065588879551,0.713512247125373,-0.477308238512854,0.0484901435364538,-1.26261927443779
1.2208436790281,2.23224777351525,-1.62723887268706,0.106472643436792,-0.428374652524646,-1.39032202348496,-0.697894712001684,-0.953681160014536,0.995175091157244,-2.15787232583967
-0.599542754751541,-0.938432661512076,0.0798037437738011,-0.216264518627581,0.980837494497025,1.43508212390543,1.11260898118324,0.756796832741152,0.129029452020822,0.146053401272265
0.178241482385799,-0.740793313782901,0.357438105171929,-0.692982192063008,-0.123573814033161,0.543540884757876,0.223289321367794,0.0915119778757654,0.332834001809406,-0.197663217034271
0.567937819432623,-0.362785566535828,0.293691959642172,-0.364489650123044,-0.0263359931650678,0.28827986970575,-0.914718527165712,0.252649536412358,-0.434376931983623,-0.0400920517931834
-0.109417541112565,0.120241258235774,-0.533860599518783,-0.214946293732813,0.257528749045297,1.28332293288954,0.102980179066041,0.661323729070697,-1.51058133394503,0.605888684189339
-1.05114399337261,2.61853088632271,-1.85939633652651,-0.255820366220264,-2.27372744057506,0.86530585598842,0.389703397892491,0.603622756566558,-0.953388568508237,1.32019427896777
0.650303970568655,2.28796630346998,-0.592019510121028,-0.035844809640698,2.06189216394491,-0.855512072246456,-1.64078353245193,0.758464453876003,-0.880382919557492,-0.836545760635201
-0.51952209222458,-0.578113955907764,0.40661056511243,0.587200180954458,0.0912915869703728,3.05900691518346,1.73663190575621,-0.844149433302565,0.126319479631385,-0.0102793083485889
-0.0512662679478627,1.82988966474494,-0.594239660721995,0.347414328740104,0.0898429757462128,-2.83679619393665,-0.629217093581832,0.728299130258193,-0.914813768390812,2.14097788330757
-1.0719266207469,-0.238682004403803,0.937667040254321,0.625936398910351,1.7731019378491,0.584768842039299,1.69886577877566,-0.102717934151951,0.611596147207654,-0.461748434510682
1.83536469004784,0.750350625870166,1.01541535923614,0.260380765350162,-0.992108030920434,0.55370590282449,-1.13493486795534,0.554522367142032,-1.66181080698663,-0.855833940544632
0.873417992979066,1.77117527540918,-0.703296289428612,0.125874936544683,-0.420997491490926,-0.671469226774706,-1.90884149021335,0.263702991344194,-0.421830543683429,-0.188101872871055
0.354184221631793,0.725026338055151,-0.829734302592981,0.463097808955015,-1.04918550115203,-0.794703618622005,-0.647116177255074,-0.474221025215405,0.190429718635219,-0.104584422460151
-0.133658414163695,1.10704751163089,0.954073573259496,-1.67855521699261,0.0452226254390472,-1.27657002968687,0.271080687641607,0.148684803902483,0.0119131195604718,-1.18525456359943
-1.40125684655663,-0.117522835375009,0.122079998952054,-0.960362186281427,-1.40826389843291,-3.64468267759158,0.589307255890712,0.453518909469827,0.0947094204425719,0.514906793029586
-0.569080483643647,1.04534975332598,0.672113391262842,-0.94825473908874,0.869368115745029,-0.254804949552694,-1.49705591480356,2.43476891799036,-0.12382919247365,2.03119721810959
-0.299547472145696,-0.27194873183808,1.13173485366278,1.65220290002548,0.640370287088334,0.342945926871182,-0.775279013567977,0.818372827622454,0.852891452003495,-0.0125852065160776
