-0.707760237708725,-0.0291413209596215,0.0876087842209577,-0.216907847908382,-1.02120456981786,0.0721086301602096,-0.776818966474974,-1.06381005017941,-0.203134570524973,-1.40646665367413
0.254204157953824,-2.14393331009485,-0.352788322520191,-0.331443550208817,-1.72265965852335,-0.0104079028748424,-0.48169956675148,-0.855489824948958,0.209444649217175,1.02728951590726
-1.12580524173359,1.32311601422885,0.796298933032365,-0.202588228066904,0.706903216960913,0.457972891111041,-0.285802818279311,0.111489446732522,-0.241900411619788,-1.87243056459787
0.667569482834563,-1.3417030307675,-0.127955949456998,1.11120517469167,1.91327577326505,0.014289366730382,0.339141275665139,2.1148107894488,-0.558629019637378,-0.255764579593042
0.0407406668415895,-0.152931923319687,1.29060240612681,0.201336992202397,-0.660660700761594,0.463118857279716,0.49238757482152,0.101015650642329,0.560675366106322,0.594266415751353
-1.01048197473232,0.469220867974009,-0.734984269214628,0.662897003145493,-0.148911980934604,-0.0243599497596777,-1.13840272314577,-1.96370119314293,-2.01536952280323,-0.392782236577575
-0.282261926192903,-0.572380067117546,0.0537370779196609,0.071678746169222,0.7189752098629,-0.496648456463958,-1.47312413984811,0.00749451071049433,-1.10275974003514,-0.590228988093797
0.22918212634859,1.31262026147373,0.80835215723261,-0.378577933828624,0.197667228047545,-0.606141665225256,0.349901655866657,-1.25356911325521,-1.25910193477063,-0.567063357001789
0.406065302409694,0.140175523941982,-0.590061810450416,0.525039423181331,-0.782369711009115,0.473503478967163,1.5620597833597,0.662414485785084,2.08134401808497,-0.583944049710301
0.549318056328276,-0.0826737482307068,-0.247957396113805,0.115531042225296,0.186603413004271,0.0592195171593562,0.428502446534814,0.238804685418294,-0.495643740088484,0.596109677984835
2.13285773034203,1.36226835618445,0.809490656213169,-1.96245052269164,0.16001197364211,0.244969067398681,-0.554928964656987,-2.0609807264379,0.399833322668798,0.790571055078497
0.890133522503912,-1.01566044721204,0.515989590984535,-0.555305721913867,0.962596938576696,-0.835692880821236,0.0974433030014145,1.04999567113999,0.142684244147436,0.768214717632248
-1.27635126504287,1.99793783357728,1.88774247870838,-0.0389955603912561,1.32526803451173,-0.987917393349513,2.09325544367496,-0.464725907065894,-0.791341138738671,1.27957812904183
0.333938233960587,0.110212981216024,-1.03593382451977,-0.672772023877288,0.317415141574872,-0.148703488726485,-0.85905554206804,-0.325503924139866,0.44582674075332,-0.0549164248141608
0.0983607727410203,-0.119400864186111,0.0340966803657917,-0.789646127274201,-1.19717310575327,-1.97496044272232,-0.244623088532333,0.913194922060166,0.371955094788786,-1.19566170175745
-0.78872537955109,1.33264605266517,0.0724114362783162,1.23276458172733,0.854619485834665,-0.358449477329821,-0.573505604639357,-1.13583958987822,-1.41420375199288,2.02197391656941
0.62225247473051,0.216426923932615,-0.655447313297084,0.257763821703301,0.956211400712882,-1.3036833025534,0.0797298164516928,-1.29998269280059,-0.326237745259544,1.02355396754937
0.897371030479642,1.27599824470318,0.229157911395348,0.325227790528903,0.0570864319165158,-0.694803374031363,0.875127411725886,-1.46774761439088,0.593586591629448,-0.142758318219149
-1.39912384083056,1.94741742005929,-1.16785168054367,1.12597437345448,1.05556194819109,0.0492291681857312,-0.747082919485557,0.861794390337791,1.9600886261052,-1.05470588042385
-2.06367866608952,0.817514465250326,0.82532168619913,0.685139141662502,2.4173095718947,0.52630778508505,-1.03603419351272,-0.353822999935741,0.670251004182982,-0.0817999162439399
-0.243464108363952,1.95652325584853,0.786214098427496,1.13743581000446,0.0165827814745265,1.04211880008316,1.0307615906502,-0.0571060741282111,-0.455083262042604,0.406971739456831
0.17488720625059,0.668149645177642,-0.180390734238992,-0.903862738030728,-0.253487396289962,-1.24473285431618,0.690608739306063,0.122657956543748,0.828618815493527,-0.321483143753246
-0.159486403165865,-0.654221953751624,0.155870417259823,0.129232725079333,1.06643185855375,-0.476895292308913,-0.498128205801716,-0.236125088428063,1.38329374083507,-0.236783572197716
-0.875496351501401,0.368320392715645,-0.65339123617812,-0.34746010307022,-0.564901726701168,1.59637822207753,1.04340419442298,-1.70356828300973,-1.74022408543115,-0.331890336961373
0.145040300033267,-1.8122395716333,0.19383214290302,0.372935391787158,0.750506445276104,0.979729790999245,2.34756694059442,0.715720262982611,-2.34444687345619,-0.090571453694157
-0.402258359382407,1.15302093776187,0.84983265011678,2.71939405486183,-0.858154203617996,0.218866390089822,1.18270071621776,0.589352729844573,1.06549185167272,1.50055391729402
-1.36740240238949,-0.52583515212361,-2.20224744490865,1.23711098699094,0.715966153409337,2.02434533512221,-0.184188059535401,2.19804840787533,-1.24712064703816,0.492456143454443
-1.20467487296217,0.00101183939991096,-1.01101750835599,-0.184905415791869,1.12566364746593,0.8649348883478,0.104635744342072,-0.46565756610849,1.28096435116981,0.600781526199047
0.523057414522157,0.414292673814414,-0.862326372545713,0.578101981265505,0.193933961428573,-1.78690746877446,-0.0374697086545066,-1.61480930600453,-0.584311940350049,-0.391245319692997
0.128767765067145,-0.761686854541322,0.0238961092548673,1.61283768105217,2.4195722077467,0.534647749435123,-0.515177691902773,0.868358312375531,0.53408863302185,1.12390829942978
-0.420312970465877,0.57412928796811,1.11438172798848,-0.420858040228548,0.346929696980107,-0.266825046988439,-0.06086119076412,-0.183303327382828,-0.283454872133754,-1.40380940764058
-2.30074966979519,1.3385152358284,-0.611102326963846,0.663790437397345,1.71924937666701,0.630919222139033,0.57718896677541,2.68734904435539,0.600482385981832,-0.966095532358014
0.14068349648898,-1.23036084931354,-1.02516849432049,-0.843330728931847,-0.059645315776755,1.90330400728478,-1.08642612059271,-0.624125779642797,-0.694593367799914,1.70838821160944
0.705042042273859,-0.998823765276285,1.21832341825191,-0.117172917757512,-0.525647370334614,-0.547354424554355,0.136377344190521,0.737378456623773,-3.23689030310745,1.22895674565463
0.419696163667391,0.533598978282881,0.097495691490307,1.0034003146067,0.119657039338836,0.0633163084803482,-0.158818025790111,1.32151866590277,0.246189391739761,-0.0743385109211145
0.324757452674582,0.626484034547225,-1.82697552723524,1.29402459714855,0.904301203692248,1.62232052141781,0.588147739894138,1.20092314001164,-0.0449972407810707,-1.25403901188974
0.241680736663763,-0.0651920900719117,0.450368819160099,-0.336598820413803,-0.944139125097391,-1.26080241148961,1.85822798519587,0.298983360882578,-0.600259017166422,-0.150525652244692
-2.06841677719783,1.8788645715485,1.4989483258065,-0.68747469230506,0.65525393071471,1.44155663265251,0.999806738028153,1.0321386832408,1.4701062530061,-0.34972355045687
-0.946663957074067,0.245383598401623,-0.34655504199591,0.78901837392916,-0.168344081251653,-0.175482080201446,0.218662240865419,-0.468708180396809,1.37126838116014,2.29437551987739
2.10388402653224,0.0372091955380705,-0.149195456243248,-0.365614574581218,-0.0636293211409547,-1.09795898757111,-0.75167545943514,-1.29637865449829,1.87290819069006,0.704363787091632
0.149379116974336,-1.23508708464184,-1.1212635495329,-0.615996116473421,-0.463743548502908,-0.118929792701165,-0.179605506903208,1.03774562244498,0.430309752869022,-0.910849953947479
-0.493367773400491,-0.437062441054094,0.271912258608037,0.283633227760086,-0.929508427834221,2.2994842731803,0.616221084077784,1.24738862449113,-1.89820525865845,0.783889850806958
-1.30720169135649,1.19986181839744,-1.35910516311385,-2.36574900599871,-1.58521970429321,0.151276257204242,0.0826155882777371,2.22705797202651,-0.0801610081568842,0.879252928419371
1.21093557488534,1.69764436256673,-0.61541928789649,-0.706173823101302,-0.733938943807545,0.559267029569217,-0.354025616161176,0.210239170996346,-1.17605647922536,0.8401189537411
0.355825143523113,-0.313553019016275,1.24333083206274,-0.840458748770581,-0.935827457156085,-0.723027083881195,-1.28856321782871,-0.731368368974409,-0.256958599384684,-0.317626601512692
-0.281996424164589,0.493611236660826,1.79164831353742,-0.734973049979736,0.520114123818556,1.4296778747492,0.0586346201518805,-1.36087310615651,0.236791814569672,-0.398496949697413
-0.730802256805825,1.25557501162819,-0.938592863464114,0.254899654357858,0.219451958115228,-0.678569606332785,-0.140016825045537,-0.421358411065409,0.104848523903225,1.02606028819035
-0.13973811677906,-0.370030124366857,1.8229408275841,0.400311341199218,-0.858170044995056,-0.4007086743044,-0.382250293959901,1.55819122816057,0.5881728310645,-0.305038934811661
0.358283434488056,-1.4295834916473,0.136511921707253,-1.20453152995412,0.0267756444035945,-0.202724294498054,1.54846689912879,-0.413780419198688,-1.808633041351,0.192381204482288
1.20620923322216,0.556556327423742,-0.31295487656919,0.250044453869714,-1.45586433794675,-0.0402356132064022,0.707554428910146,0.435911545564651,0.210766502916589,-1.57082227065768
0.432256343716842,-0.518992887492186,0.338527694998818,-1.26992418677247,-0.555304224536111,-0.123459433878854,-0.983972254283718,-0.606981527532722,0.0693325735571883,-0.657263513966474
1.54748216728592,0.67177003334581,-1.14126410120794,0.00221608481423285,-0.406187582335878,0.323925636844009,-0.310143951319776,-0.1582424076032,0.516582587990952,-1.6839474115939
-0.853655888094502,-1.10291428858177,2.31416610695212,0.733584629987638,2.33867749413593,-0.868561759934659,0.600089109857375,2.716449746602,1.06389814305574,-0.164213595452594
0.715347792453533,0.261376091813369,0.59280373312768,-0.677304134253311,-0.314967383752618,-1.55127269499351,1.30499161172277,0.677015137280426,-0.0573683169734058,0.204163166373089
1.44478342966904,-0.167047763709787,-0.521907428161498,-1.11219223647807,-1.86049245483403,-1.2095274822957,0.558581976453342,-0.229171107221414,0.327572360956476,-0.736746288101924
-0.192319311806617,-0.763980872549935,-0.563007003795656,-0.500503638500055,-0.485827271008066,1.90406143541672,1.0711681016803,0.238329224117723,0.666009523091722,1.51816163365322
-0.528476173664569,0.295812844905647,1.41631199264258,1.93923063676884,0.356300316094333,0.258489228798824,-0.537691435784307,1.57511862823297,0.896870339866632,-0.16802566896775
-0.0466283380031304,-0.230756374393317,0.819248770532333,-1.20508032158035,-1.14483455630487,-0.718533998417895,-0.451428045175101,1.45048286457219,-1.53489089057061,-0.0963267729925406
-0.850404251439496,-0.615324283064058,-1.15737338087669,0.797715072832894,0.532555704968096,0.2379726040551,-0.749009168557596,-0.460657099373422,-0.243691041536496,-0.103442429410218
-1.28221393011143,1.38688987393626,0.327983723964179,0.127298744758436,0.985109503343036,0.330568178951555,-1.26002657172148,1.03457740441813,1.08956590160508,0.0157789918561391
-2.12175705270702,0.228028675132729,-1.71760797036877,0.694418479939005,1.02192293681702,1.33782784561249,-1.22514669795508,-0.158093061645084,-0.617090062312821,0.161592156168799
1.43203337240007,-2.92300723711562,-0.10126262568335,-0.676824421271003,-0.629646476600776,-2.45686288563284,0.764877524719447,2.8302316707827,-0.908798511305105,-0.755209754024418
-1.27886602209985,-0.604799805235339,0.330034753204673,-0.213841426415433,0.355393422390599,-0.241575223110697,-0.331433962975968,-0.205296833303614,1.16201854324091,1.3798330687454
-1.33822963439114,1.41560585050894,0.291962706632901,1.36287348742411,-0.237083594270128,0.516087978223023,-1.54359046981491,0.620762055478603,0.478192842109771,0.804631183832205
-0.117703021793348,-1.63524208309489,-0.555088478226125,-0.469064118412835,0.750888616354993,0.152248555855622,-1.01549244062767,-0.846374996063897,1.18310119521215,0.684817229486609
-0.995145280591582,0.535910805414371,0.543325642293683,1.2214533357024,-0.0729796614020786,-2.3843384408095,0.607368907717306,-0.182458490418847,-0.539783706320341,1.23158044701674
0.139460587603978,-0.111735019563223,1.10971091271816,-1.98160942553947,0.247767088231747,0.0621569687290078,-0.630693820621925,-0.448909920829109,-0.0792110933549452,0.497234238489624
1.35977339807204,-1.22898142208265,0.534557127723211,-1.76811454516342,-0.807231377736135,0.823846821810719,-1.35515116714074,-1.40550969955364,-0.99272258043541,-1.71481308370841
-0.368355115941318,1.0243465292848,-0.10957066931382,-0.185761593271875,0.625326436032293,-0.349726952984776,-1.83759604976096,-1.27701731518604,-0.153056291902046,1.1220788198938
1.16065228611124,0.416814625349498,0.467143301358929,-1.15378183921009,0.851801478149641,0.00220732017271418,-0.61286418152829,-0.771976902531052,-0.626192699169787,-0.131980484963244
-2.56736260088992,0.0727638544393509,-0.253346532455391,0.277525249493748,-1.51754627777539,0.545901680436764,-0.462031726540163,0.222547166346843,0.795861095668996,-0.348249921524854
-0.575721939224342,1.06325098942255,-0.61604633520095,-0.615999671131857,-0.681028327664739,0.561930773316414,0.285140520150606,-1.27721208054491,-0.670330128665642,-1.75378882320104
-1.51532726594816,0.318592663550875,-0.29389890487606,2.05451683942688,0.471314548470167,0.1556198757735,1.22961109189142,-0.269305738088383,0.346047657508659,-0.154681377399903
0.394547349382255,0.0809337372591712,-2.21750043845996,1.49910170845251,-0.636870956087262,0.7702422846981,0.715461499551013,0.520757579075409,1.05951070637477,-0.14375988184336
1.68566835075769,-1.21385847929682,-1.94850232041562,-0.436572239291496,-0.00737626427287658,-0.649197204212869,0.57752369854713,-0.777810904128904,1.47401185993082,0.0894744364412958
0.0294848000614518,0.897022087398046,-0.447861405630914,0.225625954306876,-1.40234946430971,0.340367394398208,0.386016346453182,0.687830708112079,1.281353883901,0.906619064929874
-0.103161694570704,0.474879736101906,0.0718250090336062,0.0467865487239341,-0.490895968361531,-1.90777237863445,1.43652677350243,-0.796778854583902,-1.30667312396357,-0.839247263122818
-0.299379999311006,0.20504011206508,-0.611969308487751,-1.37907162268044,-1.46343462726302,1.0128172536428,-0.0544492319835909,-0.076330319817784,0.590348869555424,0.688421514091144
1.42707787746941,-0.12275236023337,0.863285841272853,0.470372739116854,-0.63117559832444,-1.77966811644899,-0.842321486840874,0.711569693733908,-0.111318855012825,-0.500875055364787
0.912503490201225,-0.0773021412497279,0.303227321580041,-1.85347288357233,-0.431433159164863,1.12139933763378,0.664586482720584,-1.1143038572787,-1.34476669802792,-2.44564757706139
-0.112852831628513,-1.02650028663373,1.39486574090808,0.255372987641772,0.570539033496907,-1.18946197619907,-0.100333307276821,-1.08629170378765,-0.178776482124766,0.907458107008801
0.660328794352101,0.43492189064488,2.01726499475909,-0.547309328827445,1.37176294917446,-1.557155979012,-1.35232830903942,1.16680233186046,-0.255539610594887,0.221428132533455
-0.738740289009255,-1.24621680950385,0.201904974510144,0.0970412048122254,0.138114662178719,-1.1014180576612,-0.784608954672371,-0.251384018858328,0.289943458887797,-0.0828190480739129
-2.20510765503381,0.17092020520088,-0.0453091608832854,1.31621345301249,0.354190624835833,0.774706389415357,1.84620601908539,-1.34688403164727,-0.785171208091922,1.26197803275754
-0.99939079828731,-1.87066358429215,-0.402608149759363,1.09699013876302,-0.060812007954876,0.301616590258357,1.25350303474216,0.536514207162708,0.365750643933096,0.390891313037304
-1.36188198822943,0.326207202852748,1.31379875302487,0.617509088841537,0.0702289911979454,-0.444885223063401,-0.212128380906661,-0.450560174214855,0.382888211008953,0.496980644967952
0.432266912408864,0.046671873741648,-0.126315816075427,0.16087254433877,-0.726131688563747,0.916477204533697,1.58979922406166,-0.632055184176009,0.378815933858717,0.141921122899416
-0.869307342204556,-0.0411716532163776,0.58619577598965,1.95373558889701,1.60905872762388,-0.106072500617422,1.11190653221597,0.816604250587329,0.00242617329459149,-0.204798851349035
0.680016188406451,-0.447331091868273,-0.423541297088265,0.445595991985741,-0.558866258160017,-0.533512911258367,-0.741105201178078,0.786586661930831,-0.361916420268058,-0.468047206250521
1.79748641182934,0.130675955346964,1.38911993825926,0.177060084447968,1.43211793846755,0.823922641623199,1.00240720245656,-0.574967475690694,-0.817334732084187,-1.32087293668393
1.0374232487048,0.0721157271286432,-0.0697827118291828,0.735087718984448,-1.07299729578523,-0.964291168000408,-0.0764329979939688,-0.680026581679098,-1.51573548057917,0.0077351830063706
0.853015147907391,0.55932435791136,-0.423655009028753,-0.459446702620304,0.243485516002245,-0.740706833650554,0.0870570942540895,-0.00369613801079482,0.0664315740350962,0.0902368785213158
-0.116007927613167,-2.48933088261969,-0.86696032256795,0.325970238728823,-0.99010997719298,-0.142450954952666,-0.338665855556375,0.418967518709369,0.0720190236346162,-0.86182440105404
0.341327525747506,-1.01325660694966,-1.96539654954815,-1.34622076266185,0.0771726524058158,0.237375865880307,1.86045719794219,0.0101537038725862,0.36943154254186,-0.968609408425018
0.592002054719948,-0.616017114251577,-1.03055927010289,-0.405952783380998,-1.61711097483616,0.386767384194105,-0.234975437150975,0.150479232841117,0.512237855053714,-2.21819358323439
1.21686598164605,-0.707446911244736,1.53145082498004,2.89463816953071,-0.968161431629394,-0.618100969460243,-1.38414124206617,-0.0926204795175909,0.887985809936599,0.259080998655398
1.66928229553513,0.124953196131703,-1.0842152858098,-0.813542548782933,0.469190431221812,-0.511283952400719,-1.03852303558473,-0.314560719765278,0.623829883094143,-0.357731555310068
0.166401574296123,-0.2209160945325,-0.977398875809819,0.100992148795775,1.5519506778262,0.00874120404802171,0.433555139183402,-0.193575591124275,0.110957771901787,0.0315321331745913
-0.856632540286486,0.441049988837241,-1.04278223593763,-0.0940786367380584,-1.08713365915393,0.3822840032087,0.0745364387603772,-0.46750886458359,0.469021225267484,1.09207392380566
1.4396514536454,-1.4055853718476,-0.155999242263257,0.499917362322234,-0.73961428059666,-0.852917259373741,1.04832739927527,0.452161664500141,-0.592297867572966,-0.377436214116503
-1.33163510206137,1.46469112640603,-0.374896049073244,0.786366309702453,1.44578004644947,0.134935777508215,-0.353656984228407,-0.0578148512837146,0.616158349887255,0.739056694363296
1.3185987679865,-0.596815254077155,-1.23130245093689,0.0336550282017295,0.47472016718742,-0.56042934743737,-0.175638148499379,-1.78974815057017,-0.573296079782202,0.0588568858261983
1.99073882529931,0.476673684423387,-1.95430627517928,-1.42370437121212,-0.769617617499102,-0.127429959354836,-1.29461251376164,-2.22642757593939,0.909757133772771,0.00525999695488964
0.743702983032561,1.25851572207868,-0.663415717775384,0.15180052895195,-0.414983655497083,-0.329476247824797,-0.0460747705080088,-1.44259740031758,-1.59673151006022,0.661543271052343
0.316133250239888,-1.17721445734494,-1.04076527666884,2.15646810414182,-1.35455689673512,-0.79167355857446,-0.560912265437439,-0.685931775420914,-0.278714337001763,0.767560108910831
0.311733549674835,-0.553092511539488,0.90583945456588,1.47331864406115,0.262749583898964,0.928542427913678,-1.07990280134957,-1.46336350110022,1.22498513742455,-0.367536755429572
0.866168981755454,-1.13751592390654,-0.0529708107396383,-0.373839105217938,0.135909142933444,-0.493185018463704,-1.74736709419212,1.03789249556667,0.133121802373188,0.915873643868456
-0.965359400425417,0.355310441631985,1.05661232676736,0.876708265129423,1.58956761074459,1.48532056716952,0.293984214607704,-1.17823325859298,-0.443323415533846,-1.23624929862682
0.699925670379088,0.538741528031027,0.270602470553448,-1.16746960744586,0.753156564219599,0.570090447723359,-0.603948538787829,0.45763893812131,-0.848477422768877,-1.05041821973816
1.72356584636778,0.621420465737549,0.395933453275332,-1.68125796754132,-0.272886485741046,0.34800385082931,-0.802324799710644,-1.06993875551558,1.12564044933585,0.946710562000406
0.429794667825364,-0.155215158976133,0.0876880665141287,-0.160994249391657,0.306433438211277,1.88967039613447,0.992453530539943,-1.79201386500037,-1.41666689955794,-0.304048427880417
0.959774034777002,-0.609812729052208,-0.465537974557699,0.674824952536716,-0.236151240029422,0.778595071262866,-1.02670147688953,-0.935811977083544,-0.852818649962974,0.830957019928913
0.19816178737318,-0.626826341098205,0.0555000127677149,0.998518843672491,1.48895461832993,-1.18735343976079,0.225875053753585,2.00645540440304,-0.308275063008133,0.533242013100273
-0.757266965338235,-0.78724152848062,0.7331187185168,-0.67622635359445,-0.401333749957011,-1.71681071967806,0.811499214847679,0.525647955388694,-0.352530297068737,-0.542338913428498
0.345621717448626,1.10852801979673,-0.207219336615558,-0.178293713381103,0.492970890954294,0.786980198933702,-0.290719133359979,1.16538674523992,-0.0682933744554225,-1.92035827953056
0.547185837174821,1.52831225205936,0.455548761595782,-1.34509620052288,-0.0295565172203291,-1.14921737711521,-0.425707119314557,-0.722411299653172,-0.891623276717126,0.3111190490635
-0.450411704904437,-0.16340918433393,1.65336834066255,0.000163345546012479,1.11803366419044,-1.01856050765412,-0.889557059560491,0.158695453801079,0.513769990429179,-0.170684582571955
-0.803303032806698,-0.982876274627337,-0.0509878500195342,0.42533659798471,-0.0475398574447639,-0.295941252224513,0.839808409257901,-0.605026885581156,-1.32093716392329,-0.754647984811544
-0.0418719340393604,-0.827711578386661,-0.512250488760796,1.89543895191263,0.615388687808002,0.0623322051646343,-0.406045759543841,-0.32187338005214,-1.43956808769611,0.701536966147697
0.0200135393313793,-0.385498913991422,-1.28601259315021,-0.277021235643365,0.00242866030048558,-1.29707205614916,-0.592965655004233,0.267116317829967,1.87457079331613,0.889940716043004
0.620599455862282,-0.889242516409599,0.211395240252369,-1.50759118125763,1.05880461992961,-0.130000738045983,-0.754860505033263,-0.626611975945501,0.678832888541505,-0.621735767740065
0.114231410113711,0.0682793639055393,1.326471883947,-0.588678376514382,2.62250161079706,0.529788208181452,0.25288357140767,-0.574986422646525,-0.28688408369942,-1.37400466645076
-0.551436121336378,-1.22374278890783,0.79369564811966,0.132622613061742,0.210215072575084,0.184468942484774,-0.404132631740304,-1.29638652675121,-1.12970452402203,1.10580854221128
-0.118326657094159,0.114051863100869,0.87465764131735,-0.127414442748614,-0.536199530642254,-1.07382854926322,0.790070553737795,-1.12653817277938,0.754915000371407,-0.407504810589985
0.6388034972476,-1.1345474915569,1.12001105647656,0.860020535683091,-1.59101118320739,0.576925392548828,-0.918766818162873,0.285736338740864,-1.3284047203815,0.878686651363938
0.388969714909767,-1.12033125011251,-0.436616920404456,-1.09683139507251,1.68664868466317,0.653707263304561,-2.67188484248833,0.958925715151376,0.199086443908381,0.818703137601139
1.21874141737039,0.471737915763045,-0.0616257565664218,0.556949291620336,-0.630366534860195,-1.18680189123087,-1.27161028162918,-0.605808125984287,-0.230663822922735,1.25163200814089
0.795559430735392,-1.65943956161948,-1.36148848777369,-0.585658261153896,-0.707193606912229,0.731126331008012,0.809859882074393,0.702142059074999,2.73593593745895,1.16257546392285
-0.774884580715115,-0.614098882548726,0.143627091708549,-0.278193096775868,0.796851750867875,-1.42662465420722,0.151371771570701,-0.723490194657947,-0.43409353345032,-0.643451040971474
-0.676261295191989,-0.573259240617712,-0.573326980906684,1.7660488930305,0.433935128561645,0.947482997589774,-0.120357893652398,-0.224995914067161,-0.662290101614201,-0.850191414928725
1.27217512901931,0.35869324287097,0.182265927565,0.763468315334084,-2.00982458494537,-0.284131137522513,-1.99435953077987,0.0699304675071295,-0.395106709922587,-0.884266533284998
0.175241489303213,1.07302062176974,1.72415115026698,0.592252283674565,0.0181520549047033,0.340164789478964,-0.692172846087006,0.405621952526972,-1.45879973517039,0.0505553498830462
-1.52957836385415,0.460299804190518,1.46618007274632,0.807724247967826,1.25895078686546,-0.0988631341839062,1.84230550898046,-0.0803453440671825,1.41754928163799,0.917263261497868
0.886233430934023,1.84688149342176,-0.0978740822485411,-0.708041168214891,1.0235021024011,0.904915884377782,0.463874920587826,-1.36142322192858,-0.685883929643019,-1.32165445349415
-0.635947616883536,0.720174944496083,2.20952331191371,-0.118647955379724,-1.83046798759905,0.000997364359078081,-1.44162313142126,-0.601251177901657,-0.670552332421706,-1.36761891704463
-0.770639104321371,0.552083626824877,-0.0795830932411162,0.0571847807916992,1.0553855298521,0.812251053286199,0.047486917841008,-1.02330870206004,-0.407499567267661,0.416000183108455
0.410084137979653,0.120095016170922,-1.73918250643262,0.371375794602674,-0.611261078136298,-0.0789940183026005,-1.01208167659702,-1.86481752609317,0.839885918259227,2.34181645501052
-0.501992514561438,0.624727444721638,1.65720366106129,-0.500467692047847,-1.02813621955074,1.6193740664412,-2.02472678609888,-0.000461587540473702,-1.37718713273378,-1.1552982362011
0.20657830183513,1.42742330134159,-0.282411759499489,0.134343021299397,-1.4731227390819,-0.07077468032048,-0.528585574161319,2.6043049456624,-0.411841314203558,-1.09919937123689
-0.00477616655438497,0.348104737163106,0.810718933897189,1.29595986727093,-0.202226222426354,-0.271327240496863,0.0753712803062315,-1.05047251731413,0.434363579547017,0.985630018656812
-0.904263643966801,-0.00356502788257879,0.239891004884073,0.623432781692337,-1.34775849902028,-1.20299762211197,0.387255054421973,0.0895024841761118,2.40741982998138,0.361830954395148
-0.489622256052373,0.621797739084785,-0.811664784920097,-1.21270889789993,0.28445790380983,0.0703032209359227,2.07145733902294,0.662953608908834,-0.853370527908413,0.937583933756618
-0.962611130328972,0.3161577140585,-0.412049354703914,-1.9108539124069,-0.791825430955289,0.757489861148859,0.295159413615295,-0.85494351618996,0.651377641415927,-0.533985762953416
0.817476893876541,-0.937420874103175,1.45488549068127,-0.219086530523899,-0.540926867152448,-0.569651524009335,0.946000313472981,-0.565752326488284,0.458969398159411,-0.708377301939417
-0.0651067102218566,0.550080875377814,0.310509826863061,-0.442731851300522,1.2251177005304,0.785082603591783,0.426138147105001,1.42059933164045,0.605264605299722,0.105527571722204
-0.709885880704292,0.751889492305753,-0.547123029102871,-1.82126016320795,-0.039309287021893,2.11334828500357,0.993098859382559,-2.06295396780574,-1.40440137932342,-0.20215051511288
0.568140775815902,0.79732882799409,0.624170620460842,2.11058928881307,-0.184291713487022,-2.57085932206836,-2.15894198070957,0.0232035712093066,-0.0368581840146771,-1.35991060527609
-1.17091688653145,0.708067766685198,-0.325025396828025,1.21136958277965,0.240052287315693,0.524167914345204,-0.151751605178708,-1.70386906501089,-1.81300946987802,0.94970760263105
0.159440604890286,0.293011668603892,0.107593398222372,-2.28881877793293,-1.56379721451966,0.405177382179003,1.08769667786447,-1.16712459193959,1.18806598709907,-0.166780125107495
1.01717549895618,1.14894339976425,-1.52519392727065,0.276086811322924,-0.941840050762673,-0.0339761743021332,1.96618416404772,-1.72925028730793,-1.15106517474677,-1.9861275367135
-0.110646723505269,1.4386859971174,1.34646622415861,0.00590082200305171,-1.4066375349414,-1.59023100185531,-1.95137611131085,-1.27672147708837,0.857470618435112,0.275870514282425
-0.159326089790573,-0.859570191811216,-0.0680299076441611,-0.00861232039244791,1.019086278056,0.621777637266434,1.03431845711081,1.03101960016826,-0.169053147797147,0.707818260147663
-0.557229163594355,1.4473682885847,2.50105232065327,-0.142782161485426,0.0603459468580259,0.0973362710839213,0.468747769241453,0.235238261985785,0.90258960105353,1.30333948472329
-1.3582132722803,0.613894232177836,-0.564879456491225,0.595661677690512,0.325583912855244,0.344972458544615,0.145030030819943,-0.400680903741324,0.147368512132634,2.82565237092015
-0.162205047781933,-0.556528823046924,0.886904191036407,0.243523543192937,0.490920975603313,0.0328882491588918,-1.64603738608646,-0.953338375923071,1.1171329943976,0.191327673434644
0.41444598234707,1.21428992378856,-2.21501649473612,-0.561188995792614,1.20724674588128,1.10985204884363,-1.27641854101631,-1.27114521109788,0.235744175581044,-1.05798995747102
0.0222845765872335,1.61354198299494,0.777271272913412,0.244764908530678,-0.0260864813491655,0.335582149094598,1.56302998905961,1.68884754819849,-1.24835923841067,-0.0394763005851998
-0.57612079094338,2.00469535466335,0.82330828843817,-2.20686052429077,1.3713061001695,0.69325999314223,-0.311060462784412,-0.706950910980039,0.661632399744909,-0.303551686333369
-0.82226506607518,0.859969851380644,0.780116110789763,1.44227709695743,0.499453899535376,-1.17378665482877,0.728390593823604,0.478221671687035,-0.517576741724746,-0.0598114815383263
-0.931226212492406,0.77907701425213,-0.0231628310310993,-0.618038738859391,-0.363749935714946,-0.630446038238974,-0.231510224074406,0.111159088883531,0.671294164703576,-0.878922843586007
-0.00503052468092498,-0.335642935420069,-1.22382640396172,1.19640574131976,0.300450173771557,-0.419666671273858,-1.37269478383297,-1.61601988912232,-0.415311287478053,-1.03914582443825
-0.104424707166507,-1.78746329382496,-0.0650980109957148,1.40440298756396,0.265501266148407,0.473370606317602,-0.358091970049854,-1.23830649730135,1.97216353709574,0.147763630831853
-0.736905741624806,-2.0893448056378,-1.94872808021628,1.21454925194615,-1.0330134533428,-1.07219815265936,1.6192266901678,0.0274892706487875,-1.01697893546496,-0.780989513887001
-0.79938804955463,-0.846999695378302,-0.738707599945794,0.862753281187941,-1.38014361239794,-0.446474058642181,-0.656084273484453,-1.00175124371816,0.157051270543619,-0.223453711477936
1.13562376506157,-1.11570081189842,-1.40646661339823,1.00905111650983,1.23030283625377,-1.19911379010549,-0.436456286350407,-0.131407133795886,-0.986203197190083,0.897425524626548
1.30745724221557,-0.967986636748853,0.45281491500107,-0.148516670476696,-0.904774246976862,2.63389749011281,-2.22926566601076,-0.301905880662464,-0.409809059329226,-0.561690228825938
1.18040911506541,-0.858503327907867,-1.36770556047169,-0.208976797349623,-1.06792066304119,-1.30960938891441,1.68387451718743,-0.598625649325257,-0.874296392625841,-1.00864780354613
0.248749547824098,-1.465205311034,-1.1182566908291,-0.332077638190761,0.970303137513106,1.32005847583149,-0.0734190992119422,0.955228276159645,-0.0951548892490315,0.521759012882745
0.316182150071166,1.27340494176334,-0.098346302568898,0.121121070229508,0.503416984149057,-1.68061250955236,-0.813943375811866,0.735780508120128,1.05296172466189,0.774296640830069
-0.943972326823208,1.1429261993847,-0.131386582113771,1.43140762342,-0.665281701365655,0.82086259134214,1.39181060931739,2.03620230497708,0.417913626153773,-0.0129520104077507
1.20850526169222,-0.348654917638119,0.805155104889205,-0.635186292608302,-0.632130446331616,0.412096661949793,0.383128901071333,-0.289794644521005,-1.00565135522695,1.43318946636212
-0.459273663176057,0.0368706290971017,0.494432690890954,0.627563152986348,-0.133699618602896,2.37049326547991,0.736028271875434,-0.510736307567558,0.120636255563145,-0.587588453317623
2.46190312315705,-1.10360526850573,0.364874070904194,-0.209532636494455,-0.803909177576087,-0.492655449913229,0.953219192221789,-0.426512079104606,-1.49166269335452,-0.43168012161124
-2.3490193620039,0.485960800149512,-0.162360852017154,0.903757585973976,2.2003248102438,0.96622653728022,1.48167432699695,1.23948329165079,1.41255861613527,1.38722331872047
-0.603455935441445,-1.26437578723707,0.230463630866376,-0.0144417942487777,1.01030906001039,1.63705433434501,0.0495400984222638,0.176881918706059,-0.238358243859889,0.26979242968228
-1.35071662535524,0.450583327013909,1.89563583938602,1.20179784697762,0.300061001410853,1.97403640189284,0.194308097540721,0.243605650097155,-1.19900053235938,-0.161552344049822
-1.37486217523011,-0.406746767987016,1.68149421348366,0.527212645388338,1.63572716848369,-0.122918390130463,0.88729564303305,0.00218773883761163,0.758402565376415,-0.775018311324167
1.97180464123985,-0.0678684218414532,-1.6456709956934,0.125666960932408,0.68142646065037,0.59882738722029,-0.651476060008793,-0.278467000819609,-1.84357672130341,-0.0807002026347078
0.115427623651759,-1.65044839710661,-0.866997790933592,-0.606900979164757,-0.0520945004880664,1.02767580866122,0.385907099522991,-0.281730706686361,0.168190994897092,0.00221312001308915
-0.530884657417277,0.377463192632994,1.08858412960469,-0.475760670838961,1.14801490871151,1.68157389779388,-0.279603506644747,0.62948436188836,0.177279692437896,0.599712198899375
0.597856493561076,-0.833298983361714,-0.0514369961258367,0.319246197870027,-0.244639394940787,1.17372778110172,1.30145999043775,0.769681998419889,0.987761689523877,-0.0538708218496399
0.67719040211586,-0.166070968186224,-0.100925989629889,0.056437778196589,0.212367445425052,-0.913682936585685,0.00058985688003629,-0.422058836696939,-1.29451385452454,0.137337709850216
-1.20064120309653,-0.171589484139233,-1.59219212877602,-2.08167168431983,2.75579498088906,-1.48730958237102,-0.909554727238734,0.388169127657112,1.1409551854661,0.234024181135021
1.15776944462391,1.032517066171,1.29505382840972,-1.14453336665517,2.11399026350958,-0.953411409659285,0.445264520849883,0.361236855360418,-0.315034017793002,-0.0845739168647647
0.62761923902041,1.75372895318913,0.944739616303879,-0.354780470248186,-0.56743528221341,-0.570410547693734,0.36707340808615,-0.922769807918401,-1.09814733456686,-2.03564285361875
-0.359132345011893,0.00855583737921734,0.563113401026764,-0.055816698617856,-1.05230365331985,-0.233920523067854,-0.013732608868866,-0.306522032697692,2.80412164729141,-0.863588357809445
-0.060658001915191,-1.32359785162283,-0.0701394849655884,0.906887290442017,-1.69024865542311,0.575908688974204,-0.23558353916303,-0.0684883959269895,1.55351206245237,1.26427731945683
-1.87178122824149,0.190903169261443,1.2177356686509,-0.300547684904181,0.0192518110322973,-0.94695236155071,0.345759730988365,1.2385586940154,0.565780234517877,1.04310434336123
0.44246548126588,-0.531798965877883,-0.26308797224928,0.977995427107338,1.20617174263913,-1.77781305294709,1.14902943292698,-0.788336357345829,-0.644701835922229,-0.989757121443821
0.454221072406188,-0.666659634281962,0.488294828490321,0.696093882084161,-0.85420437440947,0.835575975326151,1.31560948173863,0.299324200562081,1.06635283934182,0.535655666447425
0.275822587066335,-0.475873759799256,-0.668021492360773,0.339729716609995,0.694303348165509,0.91902877245207,0.142513930419499,-2.45495675726648,-0.38760471736457,2.1936905950937
0.807965830255261,-0.064647521745734,-2.76566488939221,-0.134410741445943,-0.512238992693,0.440558461267264,1.53010827246738,1.09204575210793,-1.95114503114891,-1.40193419643917
-1.74362898438583,0.803891844455999,2.00791766584037,0.377286549099619,-1.24904959206867,0.441939097618895,-0.133100415474743,1.30889722665497,0.0867410089827519,1.78563116836966
0.251213869437709,0.498103060416746,0.0422691787209181,1.58008207186263,-0.333991201411275,0.262122514498636,-0.892850813093166,-0.0340291980571066,0.0814405303240612,1.28383996080366
2.1753816772023,-0.0970556734963602,0.279518174273798,-0.813918291757413,0.0249217370895557,-1.01164939070373,0.180525097396438,-0.990188717503267,-0.481737566536249,-0.525380265215807
1.80208463745404,0.0645027646618528,1.38593417994798,-0.63241425271063,-1.03265174463023,2.16453438613024,-1.11696152671867,0.941353040512535,1.45675168117579,0.0816736462035073
0.278417333091633,0.738404154832764,-1.2220663445583,-0.411918506980128,-0.649364272019181,0.302914165493787,0.0142816574740894,0.850600005707608,1.83871621719999,-1.9548820671621
-0.115677676960683,0.633288483741974,-0.271115873455969,1.00223611118088,-0.602505482704413,-1.29391038649386,-0.435998534290245,0.343140336441035,1.19657219282699,1.16944758616265
-0.37827170446337,-0.167183451018722,0.718764778795095,0.16873768672674,-0.903877541595501,0.885130648705585,2.22728344380827,-0.476878210071083,-0.385590119168803,-1.31913953475461
-0.790538345490586,1.28526712790311,0.73091079034912,0.342273402989475,1.64989348763395,1.88450370507655,0.324272789646114,0.485455193999584,-1.34807631488374,-1.4824697187336
-1.7416861832861,1.4441803006161,-0.0572512534347911,0.198110886361288,-0.654675560237091,-0.0449544689900814,-1.13760038636948,-0.389169551157873,1.50263025108795,-0.161115330038793
-1.01725697971654,1.13872995466391,0.780394765632591,1.01265925258269,-0.830713105930659,0.0257119358897406,-0.309360613588197,1.28185968350132,-0.4727999697725,-0.249862127582999
-0.587489230733902,-1.17446124954456,0.874182189240677,-1.98837487215519,0.526466684439757,0.605922932166463,1.03611866211224,-0.161481365599425,1.1860278109506,-0.46957387817098
0.280634426363969,-0.160635916283352,0.927984972594382,-1.83031372839086,0.736425004988014,-1.15469667449182,-0.966764911595731,0.172646683709049,-0.6458677918456,-0.306558842368659
-0.0121830592061978,-0.242763144513137,-0.971114142639982,0.0862585002035073,0.908634885139358,-0.751667635168394,-0.782245453809933,-0.989164113610686,-0.796277086860203,-1.84565634947444
-0.63654403112943,-0.24121353931049,0.634460507977375,1.21693978916265,-1.30508432767517,0.664220084592134,-1.1819040007585,0.301424562262557,0.417015558087383,-1.96181665941918
0.409404312889594,1.39775598379079,0.507290834796483,-0.750106157898356,-0.95236058769132,2.6915079701203,0.560178693231198,0.765797820704022,-0.133833127373531,-1.2922969525996
1.18534372065632,-1.90398011462495,0.737158673193891,-0.510771737161668,0.362110819895412,0.454549001203137,0.281636001959668,0.747010793528145,-1.5231091909205,0.853154424439464
-0.029371836123451,0.258673717752504,1.39544016631431,-1.30533106399281,-0.321349058611244,-1.10050448988279,1.428374249669,-0.253022682892681,-0.237053325018507,0.887475280002223
1.34803035333693,0.17553108622067,-0.328304630348394,0.321767162065467,0.395255133426948,-0.771883463423731,0.61077635488831,-0.265278296697719,-0.194024058189867,-0.0482251211808391
0.168419770894801,1.56456070557985,-0.467885555372669,-0.104259967220417,1.20956255826692,-1.32284248401308,-1.09244575579343,1.37145821171348,1.50646934383064,-1.50155607041922
-1.2105499043894,-2.06657555100616,0.766382722676392,0.489596447757197,-0.301566042595926,0.642115224530737,0.131861503448777,1.06571666692235,0.385273977492335,-0.444458855309479
0.230587682378374,-1.14407773857068,1.8037393351433,0.54461721455428,-0.885286364661544,1.11608299440148,-1.23429826669318,-0.921063792608295,0.751914390141085,-0.180384903125904
-1.24190910712997,0.444126567876355,-1.14213584765384,0.609813113084124,0.0270110013268848,1.01920463579386,-1.16162039488357,0.622222754705169,-0.568911639235295,1.14857399202799
-1.10691862210481,-0.314044253603716,-1.64103728373916,-0.143828418484541,1.92413534035033,0.93337918046858,-0.977365258264305,0.179971871669316,-1.06019639759384,1.07233728961884
-0.523312749582109,0.509387304909352,1.05070972526097,0.10039383183364,2.00221705033329,-0.920239268210857,0.220043427399639,0.362174438154206,2.40169610137815,-0.727410508985867
0.427297228652124,0.0790021912978464,-0.165520287934867,-0.0498560319968706,-0.757895289300325,-0.452453895447213,-0.474981204611677,0.376919489952059,-1.0621387953533,2.93483555629587
0.949209981601915,-1.6797054076094,0.30945052493819,-0.434358416545538,-1.10919625754042,1.08308903481372,-0.934671428109279,-0.684773366523983,-0.494703749427797,1.43549691615984
-0.219680635202584,0.83716595800908,2.1225369989732,-1.24788204009309,0.0626920264822982,-0.142013666387317,-0.31735801960933,0.572949987293778,0.750633572268481,-0.127996524407753
0.279714048961572,-0.924979606470091,-0.158835316131186,0.553460506647258,0.132772767946004,-0.290115099183275,-0.189698642845157,-0.0814026757192425,1.21558836808972,0.55179084177441
-0.768978009614045,0.800338968739742,-0.445094011643061,-0.630370217627802,-0.815195610914799,0.110302742792787,-0.572128695748032,0.387968319470559,-0.66797352072552,-0.657031626174049
0.436821585499906,-0.466547118992516,-1.28930002332898,0.864916409607845,1.95974530026287,-0.100981324445399,0.893251637645129,-0.0480870517691541,0.563048241944777,1.84914862175754
0.687270974227413,1.04650304175874,-0.482371469259431,0.356311445827569,1.04782022347376,-0.410386876095974,-0.502950028854755,-1.32022914469464,-2.18600557547138,-0.793552551576725
0.129820280835706,0.218073614912546,-1.77645132121565,-0.326998699558655,-1.54087413633888,-0.103111124772933,-1.76213166465116,-0.8790513802223,0.478221076358347,0.769994786338961
1.99176010424109,-2.35492541829202,-0.121482332391759,-0.73127877751723,-0.651676651605418,0.736505506470383,0.437982390073795,-0.112514484763522,-0.490119315813077,-0.999700414681683
-2.23960193271216,0.367290445939995,1.5182017920826,2.27840320056341,1.3257036605216,-0.909576681847936,-1.42344976610189,-0.556405770794379,1.59035567747891,1.24169751979219
1.65285344197147,0.375168976092578,-0.111724587583156,2.42393161380699,-0.332262218304641,-1.0081641680795,0.0600079425449679,-0.630457348913832,2.26917781196649,0.916361621464608
0.361520356352547,0.357328096480721,2.4327524281744,-0.08291442493233,-0.368805744646849,-1.23986444166646,-1.51392206076986,-1.76199192161161,-0.354852988024827,-0.307148948639011
-0.220909647748571,1.22479186713944,0.213815753272938,-0.234655982684283,-0.270992936934975,0.295523755193064,-0.302559437487433,-0.643880433264234,0.463929190151365,-0.967304091989556
1.50653671020642,-2.10596675161178,-1.1952361781763,-0.151592320566466,-1.11762607871318,-1.04499005915873,0.656939805186048,-0.309322108627097,-0.643768176133602,-0.187787812273719
-0.532920837404975,0.351342036324017,-1.4804957663026,-1.27303839924545,1.01628656560981,0.425918415001045,-1.22654967257898,-0.368289399711232,0.336749500106575,0.868731898729832
0.46965188039037,-1.12769971355008,0.587190965201624,1.72676651995979,-0.928526745537634,1.51032526665281,0.273118633451736,-1.46190245241392,0.421138533078376,0.199881861428438
-0.131912579931126,-0.413701565713354,-0.466915504139185,-1.45819520818064,0.143421869314335,0.0171606599814594,0.228951426245676,0.192240505828911,1.23689244781195,0.0940859804587776
-0.480302503022414,1.75087347503173,0.617280582879385,0.888376426488035,-0.289126607428405,-0.361505506412192,0.698496970581536,0.912217531109627,0.890017233985333,-0.0455034436405143
-0.607286208940543,0.811621776583057,-0.189709053817688,-0.29817543362199,0.372444690832709,0.614740803949689,1.10795958349331,-1.18246210265969,-0.733098112426657,0.201511171804256
1.8450467851782,-0.856001652702227,1.11570802058694,-0.216020167567027,0.663383586753156,0.626551386536576,-0.242219957990644,0.187733114628698,-1.61521162183952,-1.41165420675298
-0.199831803413795,-1.3743392367115,1.09824946242321,-0.796797636645748,-0.0327606429453995,-0.641337442585973,0.993162030172929,-1.35238036688273,0.738378312301977,0.972310887491367
-0.926407268507179,0.561824899074292,0.6285917734192,1.15534928430745,-1.1080892493189,1.01701010370116,1.78751234485663,-1.27899166623596,0.328697168261093,-0.0362748319522203
0.765177343786487,0.29745608370702,0.115437849195053,0.0112459553479683,0.0622288138493853,-0.548463440672347,-0.627227860435392,-0.437428221694073,-1.29729251383459,0.101555258503082
0.603254472648679,-1.84012500763726,-0.633137332032,0.238022572335322,0.906468487794541,-0.631119750177062,1.01181397556795,0.914106612881098,0.918213423264199,0.778458110998171
0.598568962908258,-0.0028970553510156,-0.0159119546090535,-0.799739666125069,1.35494942605176,-0.173732271201484,-0.272369039321785,-0.402064239872098,2.27338023390516,-1.26322769002412
-1.14323096545109,-0.664527288434073,0.72634567675273,1.07005072945562,0.658850464985771,2.89638644836882,-1.19688987301665,0.820982448927231,0.515508019616077,2.12889829538815
1.95041831459366,1.10313668554992,1.14753808481779,0.310950972617312,0.168556902762505,-0.986715042264444,0.101747441854742,-1.50254216981785,0.341608609171399,-0.784316669837269
-0.116646121989468,-1.6196379454698,0.164370834920577,-0.396631131573531,0.64672964124194,0.670735519780068,-0.155045681955798,0.550805907775936,-0.82504532840096,-0.0858213505162345
-2.04356355063257,1.0621015361157,0.151191172082078,0.182520073902972,0.293031448514984,1.94310667455435,0.288443810089446,1.36586575048373,1.94228052665458,-0.00530750483071724
-0.717481988919694,-1.07817984119047,2.13474400232908,1.06504381516751,-1.60041998316836,1.11883597922861,-0.457695495026566,0.262979478451961,0.526125454629154,-0.765182171226329
1.56239753535151,0.472151058309052,-0.552222332571504,-1.0988610489123,-0.431730855961855,0.374563174406745,-0.774724726693784,-1.10747673757153,0.180555031533057,0.989809366130875
0.727230223454567,-0.704970880177147,0.550958117789236,0.664031003762127,0.566962160481035,-0.398871339303344,-0.373859595173376,-0.0846085719666306,0.0635354287740677,0.181397108227082
0.300407261046269,0.274682755971881,1.40766959827476,-1.11236672376696,0.125679070341788,-0.217559367092666,0.664856007681111,1.0254759400463,1.2466919516091,-3.09242343364101
-1.77642326487554,1.28673603678583,-0.41726460354906,-0.53495445458804,0.992236700170994,-1.24178078805846,-0.0348151740534771,0.769564481618165,0.754725403073897,1.54363433966772
1.79962004044506,0.826056312998968,-2.10708931173794,0.393939859661856,-0.311164064713641,-1.4913392418934,-1.38926257701606,-1.53088180261002,0.0593441163749481,-0.772369245988848
0.839570480332816,-0.697381460586529,0.957261185570706,-0.256602461192983,-1.10021166074364,-0.105421839644827,-1.19347460733239,-0.768212637327767,-1.07849216105749,2.33774528507746
-0.926070607771736,0.193774799476381,1.10195462248458,2.21655215846337,1.44535957804286,0.183776025610578,-1.23058881506363,0.682113478111568,0.0348216162061514,-0.475451534921528
0.0472865651773434,0.510598336847253,-1.17133977071072,-0.16578351315075,-0.875043508491102,0.864013872275299,1.82650055909017,1.55192448114631,-1.42352763491506,0.902874691754439
0.972211999624149,0.249806095332968,0.188540594469275,0.352661782927768,-0.783401209036545,-1.00694593708336,-0.129934121992461,0.816548422380288,-0.948298256835871,0.216572544228505
-0.115459850119045,0.185045095043535,0.244647804877016,-0.314941046241247,0.0376186353080001,-0.478775845352606,-0.0583339131774114,-1.25325314023463,-0.178080597191607,-1.81334815568559
-1.81363656537746,-1.63851525591483,-0.400183221268159,-0.297491061836402,-0.717268169173997,-0.415912184888497,0.738010379904707,0.355847380754034,1.40650330839052,-0.806461356397373
0.253893003735836,0.839013130082585,-0.715656553736896,-1.27377646789414,1.123758377017,-0.0502977430223563,0.869818844625189,0.866451117414605,-0.78907529594784,0.257848123575116
0.274783409763051,-0.688845920868517,0.830705620006849,-0.590668120363127,0.0298059033492385,-0.500201692478559,1.15173784097728,0.911482375056468,-0.233551612269971,-0.3032203290994
-0.996535938504069,-0.369177356613225,-0.359443192481573,-0.614611121215668,0.264385060994444,-0.38066385879165,-0.26418688445061,0.239578959174299,-0.655901614173647,0.47653955372996
0.874403646520312,-0.252858558697034,1.1718911706154,-0.675960396299913,-0.298799918200519,-0.860496681706531,-1.03223614782636,-0.835813463435325,-1.9176507116018,-2.08675173216707
0.682423878605988,-1.34673567016282,-0.621669609459786,-0.0369946041888484,-0.535363394916114,0.953877128857087,-0.927765045295029,0.81995245693884,0.741769803679909,0.940131712941664
-0.325505482546092,1.51526460565318,0.917271734624734,1.7389227417079,1.95939132473693,0.930989464809208,1.69026509784996,-0.187959664348029,-0.854520783788253,0.247753930346187
0.387097676869777,1.77647918567302,-0.411064021184491,-0.383297859773577,-0.199573145203576,0.0838479798789157,-0.715524832484139,2.37265339613765,1.13816208939043,1.27571008765622
-1.27630106362319,0.542281614696473,0.93800358914457,-0.0140663815092588,1.68895019522818,1.10451547833945,0.713541267190025,1.10346780300632,-1.50193390292066,0.0647928937428521
-0.371372523577731,0.282864029336249,0.132317947481343,0.506493190811508,0.550522035754272,-0.286340458427903,-0.298301342810825,-0.725030109199718,1.04058381019841,1.54211756399214
0.828605467448943,-1.74941932348996,0.114650269000206,-0.789214244127822,1.50238834300878,-1.11411611532288,1.55364216810528,-1.16480651038626,1.12836360481015,2.10352883384546
0.0402773712338281,0.663308244204995,0.00691869775992625,0.187817436394038,0.335054367972103,-0.183647876814979,1.22656670581673,-1.33817533256409,-0.107681731620831,-0.407907287005003
-0.0825450199254382,-0.0845157042033721,-1.16203670140106,-2.15308759735722,1.15450796523074,0.989975174175106,0.59511299850129,0.539820638837448,-0.007393200173653,1.82007999159131
0.691969621044777,0.18366040545213,-0.334093282842592,-0.870063531930672,0.464442241601037,-1.67399614917059,-0.0793856307316325,-0.596535275395031,1.48320946689656,-0.456523808496646
0.834089555729966,0.38290402170122,0.585725311774681,0.559196479977328,-1.39748672846321,-1.58144421368645,0.21458523231716,0.148399940616974,-0.127169735428358,2.86312939865192
-1.14266533079649,0.126598563594419,0.0760725452087819,0.872606426752596,-0.96160849776969,-0.0607203437063487,0.771307543972122,-0.377605153083023,-0.0186397926476091,-0.287331996122436
-0.464412545175461,1.01705735681604,-0.969073799195199,0.68566819199564,-1.23124621970337,-0.118968206236615,0.799529812715334,1.21616899765543,0.685762655217206,0.577694536284564
-0.956386107855791,0.205566817222464,1.55874816284705,-0.418497738873741,-0.536531654817862,-1.68248104815408,1.5797539865777,-1.88948298240383,1.39130971436728,1.21630556933289
0.85617375906331,0.326988249859475,0.592375165903149,-1.50467646378391,-1.37018024892937,0.318273774563381,0.399023027471588,0.342436076740362,-1.44796713292196,-2.10408619142845
1.59632890069001,-2.29832600831945,-0.154261501680462,-2.3413273371829,0.342872062199851,-0.732858209354049,-1.7573922913067,1.74074493343569,-1.72746070044537,0.328814323720634
-1.6291395345533,0.00438727021056725,-0.196146004049115,0.929776541260567,0.908573863428186,-0.0822571602233789,1.54088679966922,-0.309514057337215,-0.00754333626506741,0.0592510252071878
-0.350479205397496,-0.181701180605727,-0.798989617715565,0.0603854618144936,0.428839450354757,-0.411350890502065,-0.659263182611136,-0.317051056392877,-0.244908911373952,0.937475743086977
-1.02605562580273,-0.183248402325043,-0.171638133457021,1.31229968476288,0.642704111464708,2.265825751334,0.462008947505389,0.553470194136626,0.628925209637879,0.456875673170257
-0.00609595688824628,-0.0681922644586604,-0.551482192450049,-1.27695860922656,0.131236892785393,1.33971374555542,1.55153259400913,-0.865932146791562,-0.0586302007693514,0.388918874345868
-1.1930166624181,-0.397180213823139,0.700308550166045,-1.72832628191321,0.794551358909432,0.261703976911863,-2.67607089380546,0.148943076574677,0.497476332819611,0.591839533172399
0.613489722966201,-0.630297818101567,2.19102866360361,0.0725200376629307,-1.56436887268291,-1.18947235950242,0.345313628685886,-0.995297848036883,-0.595570848584304,-1.5918281736699
-0.458818087040323,-0.867351040707869,-0.483963112542618,0.0808781095147052,1.45124071774597,-0.151841230947193,-0.00442167640082151,-1.34089982164646,2.29691429553461,-0.692533593806176
-0.0182684560271182,-0.546410322774446,2.0451724355423,0.0209010170668837,-0.0622875170716519,-1.24894064039876,2.0119168540229,0.89019281648126,-0.666818437966748,-1.46916434815988
1.00336293686884,0.747267724078571,-0.789082341455644,-0.866672943010121,-0.493467450195313,0.366428718237416,0.249384573182053,-1.45415214021182,-0.384062383136163,-0.603122090870447
-0.743462006778826,0.866466399776235,0.0588605639277137,-1.8209835761358,0.624274534605452,0.853759104288982,-0.433462220655423,-0.372837960223187,0.171511229812494,2.25273360237045
-1.13536965438764,-0.791819097613139,0.00680464850977883,2.48853916064623,-1.6378328523809,-0.944941142919324,-0.78205537945221,-1.34806706771256,-1.23153295834249,2.07831656714514
-1.29363847602456,-0.888676017842863,-0.584720942667531,0.0788405804688283,1.46039612936146,0.461935672817788,-1.3139993960199,-0.395888864517509,-0.470544782055916,0.705135253925774
0.957708848360791,0.859819530697813,1.36051391988588,-1.20135710632034,0.0561190279769955,0.519586038742619,0.192689736947414,0.0989568498598302,-0.847972356750723,-0.723123458012279
-1.69870242968973,0.467247767041295,-0.113644443869816,1.76338336856781,1.88046729138184,-0.970194054757762,2.04462177875407,-0.040758981010901,0.461148256776593,0.440832341756099
1.8385092417011,0.533540493266622,-0.468791028614456,0.448699818489109,-0.775284607913783,-2.25094524587207,-1.66468185443685,-1.1638470226469,0.59604591477233,0.686220851736618
0.647098837771359,-0.669917154194639,-0.539280956244989,1.87707927319949,-0.505713889124232,-0.692084474952989,0.523022810746522,-0.871970265882769,-0.00049681720440282,-0.0745263353684608
0.236137771114231,1.07362150820736,0.0938212024730743,2.04421841944985,-0.0792582966990601,-1.11022186779892,-1.42166589656036,-0.523139637658282,0.265233160941967,-0.732828003723652
1.51854765141617,0.392086487547329,0.787888964651584,1.30690437120214,-0.47293747267067,-0.321462289598663,-0.451552767116,1.66167664900175,0.146323566270563,0.222062461792454
0.0323034285991653,-0.853454952701419,-0.616139689767606,0.329320423433982,0.14661233048708,0.671136551981046,1.94138021932205,0.512895862883149,-0.31723095184138,0.402100271017171
-0.72611472807024,-1.17437642175089,-0.862019540088878,-0.372146158379693,-2.91031447332991,-1.55138508679372,0.125905811009229,-1.1688551225509,-0.249401366420898,-1.02663661154503
0.811707513819056,0.0734580491991784,0.695380524885411,0.16146939633634,0.659338751089845,-1.419396676677,-0.607955373430065,-2.00190402262421,-0.780003781700329,0.45833320326581
0.086969671842051,0.274642256623631,-1.87015938332531,-0.21582684099351,-0.732882120241478,1.15402991282107,-2.31414970825417,-0.226300653782507,-2.84080482282296,1.10274223953736
-0.666721083879214,-0.487144849587454,0.126363733155058,-0.625062764494324,1.24984708512715,1.50979489373756,1.26107531908996,1.53746025474625,-1.89032830245978,-0.502624353763734
1.60067912310593,-0.0337979713926857,-0.405976251254805,-0.19049573764967,0.589050245855569,-0.100618515518946,-0.36585709060493,-0.0304533794756087,-1.1273189679654,-0.664611233920383
0.495245348719427,0.496826905135309,1.3311788309507,-0.0468137744679391,-1.51672672254581,-1.71543473638038,-2.05557755764222,-0.901440050087422,-1.06367069521948,1.61661713382848
0.451940416716104,-0.898268668851321,-0.812136253332154,0.252005533975998,0.87613214817812,-0.248810052068022,1.04370583250397,-1.69771285309913,0.687851289711011,-0.848653684173225
1.17411754917209,-0.319949879593477,-0.900594892013101,1.46626965856406,1.03281271877055,-1.04421318714401,-1.16391549806279,-2.63392511169064,-1.01088934516401,-1.18865252754732
-1.86462091253562,0.0378710033348407,-0.920483988427405,-0.377807337614765,1.48482440033057,1.8018749923744,-0.605796974431057,1.20444594565457,-0.954002513789878,-0.29177063056834
-0.214836328482558,-0.550217545113832,0.427532707368517,-0.92816640300802,1.05332270772315,0.530567864689052,0.998535073645329,-0.718954483458143,-0.853614554230416,0.26496911732819
-0.484134191791792,-1.30340730115095,-1.39556073294971,0.0256670934916316,-1.70393664354339,0.397545775176168,-1.13448015491231,0.551672277983662,0.214374593088004,0.0722589880088112
1.77169710534079,-1.53321138211581,0.930511525402015,1.97748411021322,-0.414177137285843,-0.490825276043723,-0.534776335661569,-0.0627535208547764,0.0720766593623644,0.759961354744401
-1.82591623162261,-1.77181653404845,-1.20469349517113,0.353987220728101,0.759254979964432,2.03535026372646,0.2955117763034,-0.166801001259915,1.85332480328631,1.06208374353838
0.998776083343601,-0.117002791177029,-0.28813715025569,0.527593215736477,-0.80274573633807,0.324060944630745,-0.720406221142326,0.371657916015624,-0.657668029057291,-0.015668529422974
-0.570099817600911,1.63466734811513,-0.897518405233817,-0.243242307001422,-1.57576419767547,0.93210282826984,-1.06053995734066,-0.0279050145805104,-0.236804638663577,1.50291884755721
0.229247529162851,1.3243268898133,0.490688996033038,-0.082837748922898,-1.28430315165446,0.0631774941909415,1.06874983604023,-0.635087737602753,-0.109879848124808,-0.75552499344145
0.155201288568385,0.643946317651302,0.0472734524941254,0.336165499545975,1.61738027083704,1.38756473477468,1.20344436689773,0.539988745601412,-0.212128418143965,-0.975114797174714
-1.29841135696187,-0.414021974674109,-0.201633011991673,0.312998413537745,1.17617558189843,0.668314245689714,-0.221543774845663,-2.05220191628486,0.528707866138486,-1.31227082852714
-0.19885664440035,-0.566486882341124,-0.248506812186794,-0.0502794195186201,-0.375408679485757,0.580121079341512,1.4947399015771,0.0532464883310524,0.469947634859699,1.79500920584954
-0.344748135672978,-1.05745395559982,-0.521982525107577,-0.643431544420978,-0.195203260052209,0.0467625609817648,0.965351661449424,2.44407809494153,1.61240135811442,0.131007043136398
-0.371580270612038,0.897870272330655,1.9247613049663,-0.0548069055760763,0.523901823950293,0.359537775821138,-0.171325440811754,0.247705821265472,-0.677210157327167,0.34902147244726
0.109891643117756,0.046039741357751,-0.399957207426739,0.47615260231334,0.39264694531944,1.6215932379185,0.355961013160489,1.31455890229782,-0.520890083729501,0.180495479070647
-1.71044747426852,-1.32839322016895,0.113955473444793,0.299835392297355,2.4685380778343,0.67562290583585,0.00118985735031197,0.194538508600645,-0.250926161666533,-0.22888788032839
0.663487519124993,0.990215894890504,0.214875049622575,0.471028831769682,1.92500240048623,2.30054425356404,0.494140930105237,0.229579145923675,0.962128584956406,0.183621966200563
1.13328280894624,1.00866345647529,1.13760460820469,-1.15829133677664,-0.570756085948708,1.31061733143953,1.39578785867204,-0.877464298700655,-0.834741360158391,1.00971151512465
0.933700035291469,-2.12799193024965,0.57093836917509,-0.0596416775553738,-0.121105479706852,0.191597379993503,0.720621929782286,-0.681286135395152,-0.854615273716375,-0.054407605856962
0.481498086214691,-1.93475085647875,-1.53664601822811,1.28968011417939,0.304618021846205,0.839104334769549,-0.997004736503692,-0.614107606189589,0.967611543377644,-0.643128297519525
-0.93156669539768,-1.04338234988115,1.14477479861554,0.359153120395607,0.454010816382139,-0.68546027661594,-1.13819281707731,-0.419053107714906,0.124742070535605,-1.45199260857317
0.343336561323576,0.00714849867905478,0.49005558965204,-1.46079674182019,0.596234749202264,0.137775434239711,1.18252986449508,1.79060770186523,-2.17969011272442,0.880251096211235
-1.25278617863762,1.07757956391328,0.0612858440386152,2.68730845343052,0.277604724503379,0.968668466082015,-0.913282579277662,-0.213328729954101,1.54960007573536,0.453487054234773
0.334631907930072,-0.625550026650503,0.977214209232708,-1.35404751987424,-1.18201213669735,-0.836524525350569,0.756011730006136,-0.082019452233825,0.658423915722083,0.485038221095468
2.17785731650641,-0.548811875019485,-0.198764589800464,1.67278643610906,-0.837050534172784,-1.11329726301383,-1.47961993791768,0.0832681903630472,-0.0173261967166268,-1.22257887665455
2.04311304219714,-0.515703568295556,-1.70527795241578,-1.68076583435156,-0.860866054254674,-0.636893068464253,-0.743028404309124,-0.311553623794625,-2.23639033283246,-0.253306963520823
1.27906864183589,2.01187130698989,-0.0843902581450907,-0.68828914397871,-0.17505623131017,-0.412908390227818,0.224643937961072,0.278507084778591,1.03857491349104,-0.0192700892098376
0.606824490474428,-0.760168817471668,0.494003342213849,0.0677836684708947,0.570797660393743,-1.09102382259832,0.669722155376412,0.900598646750484,0.0357027942717009,-0.156771577014286
-0.954486556149237,0.246206431942983,-1.68945545179119,0.425566033802625,1.32147338297294,0.623911958422808,-0.390851853227115,-0.79557996663575,-1.87090751337224,0.174561957855019
0.786244035090372,0.709539822584967,-1.57415612212807,-1.20439773545926,-1.2313091163193,0.706152672584205,-0.930525259291434,-0.140590453035293,0.948443370320097,-0.0649738628178468
-0.463238756221645,0.420595627987286,-0.00382623586796873,-1.43900341725212,0.204472778115407,0.212328044587882,0.0887337720664163,-0.186267065301278,0.759763425940391,-0.00586939261236416
0.566515357526449,0.0654229074669444,-0.479633270053947,0.129992742118488,0.31505910209405,0.0585905661105017,-0.814574058121573,-0.366203748294228,2.12567030013062,-0.411778274025081
1.38780939916989,0.402626905986835,-0.824053851970208,0.324465064414597,-0.682053806935124,-1.51728956030243,-0.263185232881942,0.150933124802053,0.0062307601154707,-0.700678297652007
-0.470716957375541,-0.14542942023259,-1.29121249716229,0.223080115744321,-0.304883316151214,1.13149864045016,-0.281606568656675,-0.68655286233178,0.25116119100302,1.58426066991593
-0.726238164369603,0.517597971383139,0.465282085260413,-0.309987998374887,0.234311804468756,-0.277590981236259,1.02800141087385,1.48826524930133,-0.585612252292891,-0.198481958675202
-0.825308925659854,1.79407982849915,-1.86626358604066,-0.0840166603530474,0.912986707113455,-1.12786590108959,-1.47498591837401,1.86612653049303,0.809720367812115,-2.00370659326291
0.874350581249568,-0.0563078434261284,0.215276765183,-1.31319263402413,1.26966862584808,0.505273990907839,-1.31008208498842,-0.140699520885077,0.0108178877286331,-1.33568169364645
-1.34321764473861,-0.31829649867109,0.663637441164881,0.426385313429739,0.0655315420284836,0.221948812180762,2.17601354639783,-0.612125692184875,-0.400972308540508,0.791912838001041
1.74471196847557,-0.309420720233958,-0.510233305390362,0.0682181302890097,0.243646671012478,1.10319959587746,1.07488380891154,0.85508232981631,-0.0499218062367839,-0.632093475114748
-0.104086617675345,-0.527782930096904,0.770262294128283,0.707537038389161,-0.960739306880252,1.70967637735996,-0.291554339226407,-1.7552051400378,0.642647395026315,0.436135008674938
-0.0988173945885725,-2.37421923620574,-0.433342370065578,1.15859529928007,-0.0182030277630666,-1.52394711619713,0.726933312661957,1.04181979121733,0.136398160282401,0.739640910129378
1.93001806623129,-1.31111820061745,-1.1282811886665,-0.499101010033577,0.583433672100083,-0.564231190590897,0.49759138285266,-0.0712923573566522,-0.683814571961668,-0.376217499249727
-1.13813488750688,0.551785010941643,0.0676574846290518,0.748861822714442,1.47120676296031,-1.48031136484589,-0.649724496590526,-0.215074384505631,2.00824548497374,0.284833837212532
1.25342282419261,-0.660774008482254,-2.55480718135886,0.00865489070737504,-1.04364126465516,-0.666038756513275,0.470480769606474,-0.173187416418289,-0.794991395872918,-0.411814349169254
-0.601863840559172,1.08831218258951,1.89303443947707,0.767330338402428,-1.32833171246911,0.923576686572742,-0.714355029643355,-0.436445794893808,0.48169281428216,1.71796980685255
0.228245434845279,-1.25049623924977,-0.146600599343565,-0.108656480962353,-1.1444680090711,-1.28861156109787,0.0954672464610362,-1.0543390365806,-1.2806270925055,3.33886192249578
0.695854719463038,1.6107833689582,-0.593902459792069,-0.162437316448681,-0.130732075160087,0.399887318448999,-1.3824854916408,0.967218674272104,0.676483412059337,1.25897601104754
1.3021690469556,-0.2895449944969,1.22476609946332,0.287399212659275,-0.0752505279526827,0.325838037284702,0.614366623198024,0.626763686022154,-0.20378599967124,0.448709563101971
-0.226667952762773,0.046338475876763,1.19565638855472,1.53255241813725,0.569897178746259,0.777230354433479,-0.218235301557074,-0.701510281097168,-3.0577216512781,-0.67145172132538
1.10626860919363,0.965845178627501,-1.57078626513663,0.765549228813819,0.552859817544966,-0.353374986309777,-0.242881660251113,-0.373494737535573,-1.21399503021725,-0.272413930995182
1.09612625731728,-1.58731640108725,-0.719649087034859,0.703183237515442,1.33330775785242,-1.0366866389192,1.05760364847401,-1.27320141223672,-0.0371857255046637,-0.987310734986074
0.595049836828553,0.464359828403902,-1.79288372361971,-1.00052948363594,-1.85592054673313,-0.586446130294337,0.228493033014161,-0.308946840320537,0.45156349349871,-1.03972470893222
-1.32306759159136,-0.233435727434507,0.102988486578551,-0.756081546066017,-0.97897479098567,0.505625319934222,-1.20108762378019,-0.636134142531443,0.132964041869852,0.808565829707143
-0.799095855775053,1.60040454584054,-0.997539381879295,1.76539455080234,-0.141215843912292,-0.11241963201337,-0.605291194241329,-0.138635621208187,-1.87790569727777,-1.02395567455138
-1.02432933265681,0.113252110183953,1.72278419407604,0.537218549052773,1.64776711512381,3.73748223491255,-0.124497924096077,0.603009557814564,-0.556994091945082,-1.12727338251636
-1.47879375451214,-0.532574151376135,-0.700086231729364,-0.0244653060768761,0.177725169641236,0.176002467935077,0.298214389265452,1.27094052093948,-0.27199266522293,-2.0545458191394
-0.543841641434176,0.43746045873251,0.837856798519953,-0.610860621943871,0.962688924343784,1.55711093053385,-0.187626727878938,0.689328844234389,0.673806741667652,-0.607207915246617
1.67285448138299,-0.973891191461425,-1.72625449504743,-0.607373264166068,2.3663895689471,0.465515063827296,-1.89498938163043,0.984706561872109,1.5577435036837,0.858540012419998
-0.193161466661338,-0.321931592462837,-0.64657488241307,0.662621028727789,-0.760489102860089,0.542918657721281,-1.0073383212577,-0.214829911867278,0.462742395933767,-1.48464862974245
-1.07457879780358,-1.92905293416849,1.21312891767794,-0.797916622429709,-0.710706332849845,1.20563971131379,2.06889139731182,1.04299876662171,-0.708410595442625,-1.55018041035091
-0.463685215582835,0.428955289166456,1.2648986468267,-0.410582697077415,0.527396978358688,1.12236782780852,1.31484258712713,-1.36283058243399,1.11498728867634,0.621176332537941
-1.65847124704163,-1.10776023429516,0.796640664056963,-0.836696062839463,2.43242528170838,0.201401295475237,0.417011223187828,0.34460038172578,0.237696850148808,0.303739494125347
0.88574910836292,-2.29417812131246,0.194486359645726,-1.37963859673938,-0.116108220751305,-0.980576246598703,0.756260276849033,0.614423337386392,0.389863021185151,0.350327319765195
-0.17604363655356,0.509657654094156,-0.982265617315359,-1.50850645405786,0.565618677341095,-0.115321135813937,-0.0713298613127607,2.27956226930714,1.47942506535935,0.353440018293093
0.0416592650403868,0.801797034281436,0.2269981224095,-1.24580329795693,0.486707128564162,0.579755909866115,0.955993032855396,-0.298666734272903,0.0109428221113571,-0.334671960684736
0.453257417521815,-0.132292765809635,-0.447041999134529,-1.30679630546049,1.91478475450543,1.46434264992951,-0.499613664415765,-0.892012449290933,-0.969938868798722,-0.0366735081004934
-0.523503363153704,0.224190916734432,-0.150497509670047,-0.781161676390867,0.0910711652944599,0.233252842528634,-0.330128119306114,0.284519465925027,-0.0410460633985654,-0.821883511079042
0.314136287585501,1.34048047687593,-1.7704008543984,-1.71672382664669,-0.0138686621346338,-1.57412462684467,-1.87975005940094,0.0890018828183859,0.890876444635686,0.405122396776198
0.364774602277259,1.06789703528812,0.941229096856487,-0.113132432571122,-0.441016069254102,1.32511360505381,0.631299518815176,-0.821508114294495,-0.704334725127298,-1.02948630447412
2.46970386539798,1.01449420282711,-0.662406106482262,-0.537845586809439,-0.936382448479398,-0.446902826896493,0.676605061630694,-2.19785364869282,-0.480659708610331,0.518226372973846
1.34990995204137,-0.443554214834424,-0.822295947800705,-0.477050528190064,1.76545410854061,-0.299567156912097,-0.717950513429644,-0.421803215651028,1.39372884934468,0.571573833441675
-0.568975401395046,-0.778711881479375,0.673646905954346,-2.11329611157192,-0.416337441322353,-0.8852036899496,-0.056621933700627,0.0941073166163796,1.42179739652622,1.20005090426075
1.44264030043131,-0.276546959799431,0.604250995987983,-0.37880066046213,0.311359444766397,-0.216826796694888,1.2168795216449,0.932263685199973,0.0234974486515284,0.949651478075093
-1.39984159599461,-0.734912175718641,-0.517131625545768,-0.451285828919277,-1.64371465935492,-0.593393846136647,1.36990763650761,0.0291662027766295,-1.2070080030176,0.48560392092452
0.0334768033895902,-0.885309413597709,0.247411687628066,1.03020114060282,0.53137234919589,0.879113276494318,0.200233745111516,-1.34788851880515,-0.290585980510179,0.389604599593859
0.976145255259795,-0.235142616053826,-0.58198252390225,0.170906871189555,0.0982009008746523,0.528866318557423,-0.557468963455997,1.25106600194114,1.08133283148189,-0.280494405164863
1.21198836697898,-0.212471803470984,0.155683817690486,-0.909328565489023,-0.841229492737615,-1.29535303866312,-0.703580527687385,1.06509919885885,1.30161888362848,0.489860252628726
1.2610890797796,-1.06978815317452,-0.26782242365713,-1.93466907755822,0.0328812519263577,-0.393110346557837,0.135716973967015,-0.870323690101568,-1.55450814598835,-0.918202787610288
-0.946037453123124,1.66611115852495,-1.11428976521698,0.170714003610439,-0.911202619942315,1.27024497870058,-1.34710876017681,0.21385852244192,-0.32568083485072,-1.40432677307823
-1.3738992112009,0.806846614218281,0.866045581095886,-0.187784855193318,1.29457163124986,-0.181715005162559,1.4492413740458,-0.170093077727659,0.182607351740182,-0.183792859303506
-0.741909025021616,-0.663843292870794,0.982983587142486,1.09076834810972,-0.921379743581988,-0.385473469778783,0.869928265028514,2.62810668950462,-1.05154189269404,-1.45453966346973
0.273528394383751,0.809727892143473,-0.475053224890631,0.520401004399877,1.74639037504329,0.473829450656208,0.498083018139178,0.271481594371808,-0.822984241658137,-0.501861612837825
-0.585103920670032,1.87846334197956,2.05400755861223,-0.142869389419007,-0.167727003561792,-0.921261296563866,-1.32427464394943,-0.238529777614138,0.383559356075679,-0.756876246540543
0.138281552439597,-0.00905258871113702,-1.14798147938145,-1.65427003052842,1.81813851543079,-1.65753522535814,0.480330172100558,0.233147952724517,0.0634088066599657,0.451604223953345
0.0641101848784304,0.119634676945283,1.53923739738782,0.419298134748527,0.0279408153489356,-0.55968934900305,-0.799500337732917,1.31260736633777,-1.69438615374765,0.241966011464824
0.66490028236798,0.82575300447561,-0.841004281222124,1.49194822820277,-0.759021227510897,-0.867513726342251,0.4420183470039,-0.393515443984955,0.145046971706197,0.297462667085663
3.00301766592771,-2.35149092596643,-1.91843853787291,-0.152817118902948,-2.10672949465647,-1.53072988829975,-0.515463322093512,-1.31868083117723,-0.267204399810386,-0.391156608009539
-1.73470265187791,1.11244909678062,-0.0140789586844083,0.929498429256252,1.14441360199838,0.997371119768033,-0.281280519788476,-0.0249809173942889,0.962017988572726,1.49101167229367
-1.17547872717927,-0.290530911791017,0.543719551176483,-0.288240210872467,0.492310146705614,0.854387496598153,1.0877946678381,-0.410926492786244,1.03352242391803,-0.240751856579774
-1.08316275992286,0.584639129457429,-1.11394213562823,-1.00997031356396,0.736861969934396,0.0986033934749178,0.827790588520188,0.826304848124696,0.749944966977622,-1.16233061240889
-0.161655271300684,-1.28512526423716,0.0992951498540534,0.492916289492277,-0.0347144414405413,0.316944573239915,-0.830102055348651,-0.986000922531777,-2.69675589920322,-1.71706529483024
1.11392924806311,0.0979707930079289,1.03411553848999,0.168867553221609,-1.08342808519687,0.025097906784808,-1.20094155896867,-0.960662083931649,-0.0244987513024823,-1.19918056437586
-1.91846176828098,0.0119396430165371,0.178054255760206,0.313430213981431,0.412664291969073,0.152043104118557,0.852845534079864,-0.638490224862062,0.483997806567243,-1.81622781707883
1.00946549330359,-0.690007429214742,-0.475474478209092,-1.87095108855575,1.0451226891646,-0.992207023147001,0.570977024339283,-2.15511372277637,0.50897408445086,-1.37355609295169
1.20007097223914,0.149040106567394,0.97611622478976,-1.23165501270487,-0.655140860344991,-0.466494968923467,0.646475556910225,-0.159586191818408,-0.712671598995617,1.67754768820178
-1.29878100538899,1.63996280769699,2.17199580655467,-0.357324647995527,-1.97517398800849,0.0124455194819877,2.12279855235243,1.07864961592326,-0.685563146163923,0.806301551315934
1.41072023877215,-0.365114184621544,-2.46512285998784,0.398174964894887,-0.7758189184298,-0.993614274126629,-0.692187699751125,0.47133035221029,-1.36929524203054,-1.69005265060325
0.727853126707064,-1.52903531358392,0.270713036600082,-0.571506161997739,0.398505986410091,0.374410717493575,0.767427207906419,-1.30153783743314,0.898560255028469,-0.533953228949628
0.693574051337626,-1.51519673826597,0.633886908221322,-0.0529227429554948,0.989599921249696,-0.939385608400354,0.34568568057566,-0.644577668610902,-0.940283139350296,2.27730650044229
-0.548458219492807,-0.466766985701237,1.03173069131379,0.703349689617051,0.661526101944937,-1.00159825459207,1.88138262576894,-0.339562831144096,1.0500114661229,0.532200931082119
1.82830642057296,2.84482765187657,-0.899922580421626,-0.123265484955763,-0.0164440418623741,2.15303914598964,-1.26058377468209,0.938130089134563,-1.7256410713483,-0.482264859586194
-0.609203192248384,-1.16616765249046,0.400811576688298,0.700847460072663,-0.00771901750430956,-0.371216332724379,-0.517927796045954,-0.822260965311167,-0.824088747364869,-0.0536820883806966
0.924788389472116,-0.417144580056747,-1.96200525295543,-0.782269106226747,-0.824811048037793,1.75074957741261,-0.405625385512221,-0.550103104674435,-1.09257755704215,0.0612106140860711
1.036935261071,-1.7472034293737,-0.398715991015072,0.370450307306411,0.537329993250627,-0.902203915975747,-1.61706791348684,0.751853887912716,0.226232525947433,1.41722928202263
-0.943281082716708,0.412673988484411,-0.108350284765734,0.673447357560084,0.44310514357002,-0.182271460163774,0.766525602993325,-0.902312076363058,0.912682692304239,-1.73832425540359
-0.98866458534157,-0.45012856548947,-0.885385269986434,-2.11649555934631,-1.17093800041676,1.10342019752832,-1.06374111920027,-1.45848153618586,0.8429876901812,0.489589768370279
2.01453959595012,-1.77750109522861,2.13088036135264,-0.49694693178648,-1.35507503538576,-0.282372127553363,0.496132871813412,-0.42339196006352,-0.338443329652829,-2.6772531522858
-0.855617178707993,1.67971800112195,2.08625541872503,1.34802464098523,0.180746695492119,0.346591051841111,-0.998993823816202,0.64246916645253,1.46838091180789,-1.84965113496425
-1.38193881316123,0.206662883759217,0.61439541096941,-0.161010886747345,-0.260519430680764,-1.66601526662774,-0.246198087740942,-0.239030236687536,2.17958015788867,-0.391350972155995
0.788797999918663,-2.87414969767132,1.95665641575479,-0.684298305337806,0.886442070568519,0.282421427372796,0.0790835177691202,-0.381518240918817,-1.07700036127492,0.640630872157641
0.0922798470078144,-0.80898810876931,0.158122359515895,-0.881276922336469,-0.211529467939816,-0.0870016295491906,-0.706526949838996,1.11418769051902,-1.50437699021229,-0.290585788157368
-0.105822785678941,-0.919540265172324,-1.31591788799074,0.216343046690905,0.482340307627644,-0.253501006103694,0.675880384281937,0.163607014912535,0.208166730495136,-0.617393522009906
-1.36330910730202,0.871729745375205,0.0500263175491706,0.0303090880192115,-0.721925587144419,-0.088443951613988,0.144575179547753,0.73051144996498,1.85431900792185,0.450265077363344
0.125543149991275,1.28339885890784,0.55395143690834,-0.467983555014142,-0.241965598844646,-0.917683338015941,0.995535776266417,0.408255076492865,0.886502131881868,-0.613981017275591
0.124118506775216,0.872025510878325,0.80581843401845,0.723880359880971,-1.00672641157857,-0.146661039367869,-0.705894448341021,0.459414568910087,-0.273725619498859,0.106865996578346
0.295514287429783,-2.40984751748054,-1.21824404245198,-1.36897381871053,-0.903679029193441,0.696255491933954,-0.719533374479621,-1.01672419313071,-0.814391959250095,0.378569331705111
-0.140809668872904,-0.816847130602593,0.960710947856417,2.46637412849296,1.75368397016732,-0.34669295238568,-0.0970476386004285,0.770180723083126,0.620473954942233,0.0912761491686742
0.193435921685498,1.12562951487657,0.109138684161715,-0.0518202274487627,0.0229800102713292,-0.168099766871935,0.787390534021885,-0.0795003659236309,0.283969843582147,-1.44278769053135
-1.16857023015343,0.80238536941979,1.39964650552728,1.17045546928805,-0.0594413671898527,0.710230652631105,1.12499087811564,0.880017300402422,0.568332715109967,-1.90758761990618
-0.079622941172447,1.93511742918709,0.0173408732712835,0.200633578250526,0.0762580361546489,-0.480538562052385,-0.900435311994482,-0.531860131858246,0.917205416007701,-0.307819850778745
2.06320879002947,0.0667407139926238,-0.73626039367371,-1.74264164289378,0.801662940660771,0.191205321579454,-4.11869904510925,0.0190629314947364,0.607402232774366,0.303768578790062
-0.726227421774406,0.290622869315338,-1.37316844971522,0.188528586778939,1.62034886184024,0.973105930483638,0.686352822910182,2.48074989244698,-1.30326297427442,-0.00747494846543996
0.294040070341313,0.2303784933566,0.377321894685679,-0.924929186705508,-1.99793966242559,2.15514966865726,-2.42108190700781,-0.217266643369286,-0.0428331117581967,1.52831534281299
-1.20410453138772,3.51237072296972,1.4969002947211,-0.234704985657507,-0.203325796563461,0.768624418568327,0.818442824193406,0.00234509659947812,-0.311891054194406,1.08035704901924
0.31778834063167,0.561673502450238,1.0056326192773,0.721155072908231,0.0252633221706095,0.820271759642013,-0.692268628897363,0.559600307569722,-1.30298992211471,-0.540084582445971
0.0100602774959868,1.0695807674056,0.847198062527429,-0.278291789413432,0.0919011735451082,-1.17809383091318,0.297506103670359,-0.171952005816625,1.10367126326395,-0.147327670512197
-0.16946685458642,-0.770596265068436,-0.277433400415476,-0.740789594916928,1.62117493710465,0.678067889784507,-0.415805983706417,0.27921369977286,-0.236429635869875,-0.655028836109934
1.16297470438328,0.80912335731383,0.123384557491478,1.03347477799972,-0.396371988706212,-0.918209130023399,-2.12278010577705,1.45380004454195,0.266902450930451,-1.94434703375872
-0.873546764786737,0.179826564928425,0.21086998439039,-0.53763141926837,0.72203594969109,1.24339799018067,-0.159962975700449,0.725936082021935,0.949289097410515,0.115203277394752
-0.510941014110323,-0.912920434589289,1.4235406136734,0.428418947435389,0.13091801125093,0.806128118183531,-0.193866418748738,0.61036850303917,-0.609593961776483,0.888983822895078
-0.153382075420051,1.44529778905953,-0.641768787613838,0.487721900443377,-1.11259220829399,-1.00845834640676,0.60500756437176,0.160064634260009,0.385259541731765,0.603469675478827
2.29881868461919,0.0669085886250065,-0.293009405854855,0.504463550175154,0.0319104801223441,0.550666538141469,2.42150614668945,-0.993642986718882,-0.192784988275501,-0.489437032844456
0.777372892683815,1.51524310560605,-0.139069653253311,0.755532220499816,-0.729668970511418,0.876155581238002,-0.178977311443977,-0.679624111718822,-0.496524521347141,-2.28820739595334
0.680709682519146,-0.295886696678098,0.225248095413101,0.0268185772788103,-0.230742099833572,1.16255932660789,-1.06541519224975,-0.292618070964716,-1.50564338078394,0.0166250026838202
-1.32918527043399,-0.931729857143242,0.505635208243766,0.411344829684744,0.949314275206259,1.81826160413594,-0.707390585549837,-0.764717678414826,0.524906925836634,0.228041267909198
0.221466593716647,-1.2592544293562,-2.14932833448148,1.74404369231993,-0.299399500498211,0.21620826996097,-0.239338832157459,-1.23461163103549,-0.170273944637566,0.617038085679047
-1.38035821443021,-0.272072776575093,1.10695640431228,1.16830252699328,0.831618532842742,-0.262558066118388,1.13321963527344,1.12387806643445,0.172853322686544,-0.320509020039934
1.04317394757666,-0.0793588526713662,0.271719117348369,-0.898212951261118,-0.62880450234583,-0.442094177604491,2.10851009678453,-1.87895598381,0.071074703884103,-0.0778384096032957
1.42630363888335,-0.096155905742288,-0.0275735842182135,1.52504846793393,-0.665303675229792,-0.249897034408276,0.304655591948183,-0.205252952292117,0.471119039007014,-0.614652007815673
1.37733410329525,-1.8084296849522,0.669594003741185,-0.260652147595099,0.310779251077793,-0.224622005329642,0.189167841850309,-1.34591729543153,-2.4523230388188,0.728112972616532
-1.9619061046392,0.231247283196688,1.71126182313218,-0.951369434682164,1.54251386174291,2.05846390400443,0.34012737980598,0.171943442846714,0.0399223297050229,0.247393872000887
-1.53404412038892,0.988830095214059,-0.84849955402883,1.24519228570111,2.04300019829227,-0.18667251389444,-0.0644329625456519,-1.60464482411515,-0.115851862243608,1.0003473747606
-0.435914918751335,-0.711430851458514,-1.04748872984274,0.718164446061527,1.69014653413987,1.57120283130116,-1.39731024613744,2.39232564607961,1.19532745055979,1.52512473602244
1.08294939327198,-0.0354296504872269,-0.184775342952461,0.247963490546776,0.0290541417016487,1.02919289537105,0.524576954650965,0.755965313614493,-0.146992806929658,-1.40944964688547
0.743160739181841,-0.300402297069789,0.518291980552333,0.389489667817728,0.857224225486202,0.187822527444673,-1.82946912456267,1.00855750962637,0.185411327685259,-0.400196453133589
0.162532270724843,1.24526605487978,1.11090852591757,0.271522576428249,0.567462602804994,0.92935296571906,0.985016010466854,-0.142022392548888,0.407841485986236,-0.528731513082805
-2.26586349758505,1.24837329453405,-0.401984971881429,2.24236098675487,-0.265022601627962,0.838989896803047,1.83310225912777,-0.543030187981741,1.36978575151926,1.9804914242951
1.73366935687329,-1.09090232010965,-0.135364814180923,0.0894696713555655,0.854732228306965,0.869930152782341,-0.954422277324662,0.9030644410892,-0.843964102323054,-1.38554602426718
-0.0221301534813156,0.195484950507937,-0.586247638987002,-0.704130303170325,-1.03344992789795,-2.45357534915604,0.0621458490834722,-0.297773903593546,0.902444995325377,1.04421657822971
-0.43659532592791,0.822520113518736,0.641849900052537,-0.993278300902527,-0.702090128367488,0.855872003431907,0.906448970057683,-1.39240499250284,-1.40909200866764,3.00500367169559
-0.282190472017133,0.412605842945252,-1.97583315680957,0.415181544186438,1.61331421673046,0.629926120613575,1.43363276968531,0.885201850001905,2.08923473424678,-0.0680363829719706
0.246026940341012,1.29752474885825,0.624905805167607,0.198612064000658,0.0850084628335593,-0.0997295052351603,-0.374652408357128,-2.15244131681754,-0.0833620349708697,-0.0319338485673353
-2.83210123922814,1.1854075874774,-0.905252131118548,0.734533819481031,1.52384046912054,0.904175826192729,1.23170082413878,0.311692121524716,-0.745496806097953,0.0967201351112189
0.917993491806715,2.30127960764632,0.0503052829849222,1.0556542336473,-0.109388530980542,-0.059894686680767,-2.0250142548338,0.953851187814388,0.0307658035446302,-0.372764613299309
-0.755556410752591,-0.987132479994629,0.123919301820739,-0.575404890874312,-0.934317978442768,1.41505813307285,0.883031273777767,0.0512101258505991,-1.40993261129115,-0.399765437346484
-0.318197808680137,-1.12048198740808,0.306928295543756,-0.506937570492048,-1.11169139734828,-0.0145256626921542,0.850262876708213,0.0419885352658101,-0.0545065908616074,-1.21721548237959
0.144364519237512,2.87070756953811,0.15196468464061,-1.119350738564,-0.952755107760709,0.873943679543872,1.08233546952768,0.566687192800702,0.00927310355561398,-0.496387087260622
-0.390145085678338,0.785559013876878,-1.04154930401174,0.320624713569096,-0.470024314064499,0.182610308212464,-1.2220106647149,0.00519020866324281,0.399941846716595,-0.858348956632377
0.171311675758077,0.385899661752908,-0.260297367038965,0.578009767650442,0.122888723606832,1.58591170015521,-0.21858210132069,0.436779227791012,-0.739164759558534,0.451553924959994
0.507602231577156,0.166765696717712,-0.450579502533364,0.247446788292834,-2.49574549333022,-0.308024908234239,0.930484936433903,0.542042735165607,-0.0148851334374679,-1.17867083309352
-0.218569398053784,0.0657170560719045,0.556375435446549,0.671524940810932,-1.67405522012673,1.09664906238232,0.805510103407474,-0.0696457399668921,0.765517412163304,-0.0653193783384737
0.141005685962127,-0.380565471599383,2.45508716706502,0.255889857575776,0.831844662423722,0.336360416999858,1.85233008622105,0.701357138965953,-1.3650473070007,-0.225762826102829
-0.411869323579927,0.349595101804028,0.982069931480389,-0.666137381779611,0.820684134796711,-0.269212699348063,-1.43057790424226,-0.386800081942987,-1.6383952718937,-0.873245040869227
-0.0821059737794141,1.86963444040553,-0.464629798377538,0.000349071321356465,-0.394632027171193,0.560353418260692,1.73261847950371,-0.116617640230732,-1.31540320978583,-0.644431585184791
-0.532104802868659,-1.59020723419819,0.00144978612201529,-0.408043509487448,-1.52079268820663,0.371481160165922,-1.2919413743604,-1.3552555609916,0.281795523797257,0.267220138325051
-0.493650126137978,0.452459068094191,-0.320210271388136,-1.71351950731898,-1.41666813954852,-0.597352191027766,1.36676613513951,-1.07375017142936,0.364194190087615,2.23916450845134
-0.291194292381171,0.49217324871905,-1.05253555933794,-2.25541330902866,-0.277995098048072,-0.683169824956376,0.670426274396772,2.36062452120653,0.39219299155024,-0.544592385501692
-0.832803572260006,0.459227713910345,0.087679102736023,-0.743489758653528,0.78405661645566,0.370833097275511,1.1882874411883,1.6399257858506,1.64804841038364,0.591953306371378
-0.724485172298142,1.22521630519098,0.541382938094559,0.690051665929412,0.459825261808288,0.218083056469546,-1.02995490784558,-0.107064454200079,-1.11806994872793,-0.28448078445694
0.669947698419939,-1.48423668848132,0.00914983095185904,-0.417650095782233,2.46291947160424,0.493235186960905,0.0586360629229643,0.474644613521425,1.37828895947947,-1.51721769389401
-1.19234186848257,0.873961033108255,-0.880788222608027,1.23963351477357,-0.144361853392281,-0.167273621779516,0.442914642862861,-0.852934369999632,0.102446856419037,0.32555631645565
-1.1726647073426,2.16522852441026,0.382888070898281,0.501176861337151,0.858149892314198,0.722137472190197,-0.436010989017426,-0.621695391002363,-0.194015195434975,1.38081246982162
0.610818772110093,-0.83385478205284,-0.0353552881223237,-0.411947860665667,-1.3652894472893,-0.923945183316831,2.38211296267808,-0.191156121708637,-0.368590826746706,-1.51803166377306
-1.63379171631929,1.33564081707643,0.287720019222374,0.658470142134418,1.82869335913379,-0.633502959878926,0.387564999995432,1.42333393152772,-0.706713488479461,0.409161452055858
-0.0213412116781237,0.490529197566939,0.933475348066393,0.834659681173787,1.23436796175907,0.0285158186837842,0.771006224856872,-0.811979113111809,-0.18058083440874,0.226311965738568
-0.692573640091254,2.34274713303642,-0.903862987844107,-0.824996499060046,0.812344664272352,-0.188587567739136,-0.362210448872824,-0.717641376933654,0.974749708024145,0.754880666856641
-0.550703884208514,0.0918050862559162,-0.459986222804723,0.559843581424858,1.07580427679024,-0.563857385625746,-1.4688516855693,-0.46799341929737,-0.913384363446137,-1.07945713197254
-2.26835616057638,-0.175660899687297,0.7367103581638,-0.296910305508903,1.35638231055695,-1.1093691596853,0.535091434289973,0.941704257312487,0.718548526137119,2.19643144596527
-1.37733579514469,0.345103292523698,2.50061317632954,-0.0797290590925536,0.793518537687861,-0.776368732917611,-0.29183700318449,-0.0400677956177153,-0.623680782069056,-0.397625483877598
-0.778627859925657,0.232917066457923,0.573719838436464,1.23003100954267,0.360343340035114,1.03634791755345,0.491558683275763,0.68878316339793,-1.19421647268966,3.50559178669954
-0.499965634230383,-1.24299507164986,0.123511062406517,-0.248655152655749,-0.961797447715275,-0.222477578736072,1.07796257782872,-1.09763278912024,0.957205418456925,0.297718814162831
0.995728215958197,2.5160639150069,-0.310822431300336,-1.68621358108082,0.15836171985462,1.29956247592527,-1.53476037200882,-0.628748874261076,0.625628436557336,1.06335110641568
-1.31252780903364,0.784192748899934,0.487151810820076,1.11159434552287,1.42879960657801,0.0593854170190808,1.52399094722286,0.164906330294855,-0.68112682577791,-0.316740455924588
-0.514763536268073,1.60982001176265,0.394532487044927,-0.603268347511407,0.78512764685657,0.270092998775911,-0.611915664118281,-1.10533281703779,-1.44514427175103,-0.427271592193852
0.0646455459211373,0.289855853209576,0.400668144118047,0.198092814109264,0.349364310285496,-0.447736972651108,0.966607976007827,0.12384026395699,0.0860719298279358,1.23197904243792
0.248520228339842,-0.194285690860652,-0.905552725368236,1.41611824181386,-0.718610001517837,-0.293244537957353,0.0156377601971957,-0.788970720227954,-0.0500970215997326,-1.72179038236494
0.221431218137614,1.4006669972445,-0.767005553209637,0.158488269901183,-0.822880041262504,0.946102647959623,0.49524573637652,1.81052856911245,0.860067707189434,-0.958996869421343
-1.18461840911989,0.483100306330722,0.135933168372043,0.480924933436935,-0.798604562379189,-1.2615385941761,-2.61293770074502,-0.358102054773691,0.946266884923593,0.614949676167152
1.30669578327791,-0.687923642053713,-1.5140018558652,-0.343278998600637,-0.343945426565036,0.758583878740184,0.997422770095525,-0.892013597370143,0.908874496265278,-1.06513592493226
1.52319990243104,0.235228078030676,0.918619700215481,0.323039130651121,0.158828503591513,0.0978888357230481,-1.66543642834906,-1.60136465565424,-1.82582885940889,0.866024485989663
0.70774745024134,1.1780897362826,0.203546981082502,-0.5251507361784,0.710140118447476,-0.175331624007719,-1.41559096030204,1.40458703899444,-0.618155148736726,-0.73554302746341
0.329222677956853,1.32696981654706,0.852726172747203,0.605950668082258,-1.16067521635249,-0.422446076804043,1.07044776794135,-0.251697277073143,0.568473083526943,-0.198796756928791
1.68423337757377,-0.747240524977866,-0.981829905536271,0.460209552013382,-1.32729170848943,-0.930090647827303,-0.121470392171053,0.70527858832383,-1.03035686306204,-0.653203646824242
0.163770215956424,0.63623201997543,-1.40159118515449,0.384040936477613,0.139214919097791,0.375696686070474,-0.027840270391304,1.95264109840247,0.161219962243996,1.40894624331974
-0.46435886355804,-0.844968158049954,-0.0846497492516351,0.791768634747358,1.05790425761074,1.70867703496702,-0.916226652117709,-0.408212689509845,0.793046366847735,0.0743344776057372
-1.14207542427508,1.47184477456215,-0.242547339947118,-1.39477017185954,0.636265256869552,1.93910189079974,-0.681770944911392,-0.709652757864588,1.08404976222801,0.68479948952221
0.401013011344723,0.548418095576392,-1.02974021115315,0.337290841613256,-2.19480678760708,1.27063569113626,-1.16566073458274,1.74025730435059,0.198236512562523,-0.43233109843299
-0.467495116844427,-0.583381822069921,0.59061786615384,-1.50331541453313,-1.8413105670067,-0.699998551378659,-0.602188856251308,2.30240477805072,-0.00595356777035822,-0.80502314291471
-1.11069805098549,-1.56068402683614,-0.800410192929497,0.830594969869735,-0.127841676027903,1.42339802502334,0.430024964120219,0.786046438000099,1.49564749481364,-1.02722220103469
0.870282874955666,-1.05756003520433,-2.27346818646875,0.963445899369079,-0.430453982008517,0.367037787370461,0.00355738356024708,-1.02643433798341,-0.632759705033807,-0.478122523449991
-2.1197830062649,-2.11876986460128,0.394800830975835,1.18267519204468,1.5308461899718,1.52918243804951,3.36217564713663,0.351082044292498,-0.871514590773429,1.27787452123562
0.0474777259974617,-0.272154461553591,-1.99964340765579,-0.162195544595719,-0.204228444853174,1.39082921832604,-0.146613499765569,0.636865645322974,0.0378244042811167,-0.790330169355432
1.5107647051645,-1.27714440570359,-0.626866356028987,0.625572877116189,-1.08505872846909,-0.639448265011596,-2.07490464480183,-2.07681287310222,-0.174905117869059,0.62888125862988
0.186680203637737,-0.691022141572809,0.579246664334923,0.50824974956607,0.00810896914646189,0.484004849636197,0.380896984100193,1.18557328962432,0.594646867759339,-0.547517735376649
0.463468855840343,0.160468982936396,0.537288513491397,-1.23416700879033,0.374103593179383,-1.05294492360533,0.31956931145499,0.264102260013051,-0.753511459309616,-1.88696899505022
-0.406058319149454,-0.714234192197325,-0.926542352554318,0.524242821532461,-0.562578770211336,1.0901438692564,0.276310423978354,0.758199146960198,-0.062372293948067,0.737618207499885
-1.70467112700517,-0.735539967033145,0.935095443964226,0.146684312070907,-0.427834682815741,-0.217551197815117,0.818480947174541,-0.296260182444928,-0.410721188131363,-0.717965770253531
-1.17022788944298,-0.354552687267773,0.329130152667962,-2.01217166533479,-0.052547569084534,-0.883403950750043,-1.16858577135503,0.92371541008898,0.176643450403541,0.0876290024038322
-0.27192336413567,0.34297721490106,1.23656783980854,0.425259189069851,0.792182956032539,-0.328607589681091,-1.11581655686982,-0.165380306020366,0.0031115832936808,1.06960100568532
-0.369551863982646,-0.305303809504221,-0.426228039732265,1.28544380901155,0.923664941650803,-0.853397557462093,-1.59500148980217,0.238544454083469,0.891675404723717,0.949131327237384
0.907590368721958,-0.541128979713426,0.793074261600207,-0.618088345936719,-2.24156340155826,0.137104492734409,0.00207224370415586,-1.09902601228047,-0.359312423383044,1.53075955876939
-0.297679413646505,0.769062965022984,0.0876216972465182,0.0583116059878573,0.330548296295218,1.90936318408891,-0.61864233092135,0.482366216862249,-0.21786156991378,1.21452805780637
1.43411284875825,-0.445703686787281,0.261184898261041,1.30280382221106,-1.93423770668471,-0.0896057976006172,-0.569957003484836,0.0377040241514784,-0.320920427196771,-0.308631487387341
0.345420447174177,-0.662265553521618,1.31332897582025,0.75054874257146,-0.853683807756265,-0.237849013441715,1.31176719958188,-0.734695114934759,-1.11539434197326,-0.815876984618327
-1.94743958691584,0.169282611011621,0.64459877889363,-0.504547079595777,-0.37893178331795,0.114612872692971,1.99825192141274,0.496470935318505,-1.44326196650821,0.489186326659294
-0.265002474310371,-0.388887601090349,-0.0136607293836221,0.84002684540662,0.841739737397631,-0.154413248706318,-1.29553083010117,1.16418981905493,0.246023125190743,-0.245401023063927
-1.00526710411102,-1.1944044551957,0.320406530945461,0.677065159577344,-0.712442190665688,0.191003531602056,-0.0809169599409707,-0.27041349015675,0.513197223445118,-0.431836495702973
-0.333781964933961,-1.29675246917458,-1.75323456817919,-1.0704828886437,0.888280425187181,-0.491426641460746,0.811139472683255,-0.870599652576087,1.65442205217427,0.828999366424824
0.605502750628791,-0.20270188208765,0.631405609984716,0.163895399390693,0.517251933621318,0.831109319276665,-0.611051486108052,-0.389126344045679,-0.381398797134784,-1.07415924225199
-1.09098483979462,1.76318336391251,-0.340861864202499,-0.63586933201,1.44866008346531,-0.879311409364553,-0.817646202594609,-0.822555669006772,1.53177393324665,-0.215062071244635
-0.972886375845281,-0.36115929550149,-0.202575628960006,0.709217505419391,-0.394646291488778,1.01553068530052,-0.163890428212372,-1.70771818132774,0.48655794222339,1.91749826331772
0.186687968780831,-1.26676115523961,-0.0421210108225971,2.66484783049693,-0.463892228831617,1.57521808941598,0.554076421741638,0.602549921839254,-0.606440376055541,0.295640082514999
0.902593445280882,-0.0136014019122699,0.996284670376953,0.668867397957741,-0.0355177509583482,-1.14588182794055,-2.24944716456474,0.810849225609477,-0.419759533620654,0.0833340091114725
0.440160315825126,0.876539904901035,-0.597033839361881,-0.584135338444765,0.1225105250538,0.0946212549168626,0.798133516668126,-1.38471968881216,1.23614157290983,-0.0299153913239639
-0.495317324103754,-1.32534748438535,-1.63359136040163,-1.39722142395486,1.89239689010892,0.930960070573926,-0.608774251336181,-0.749539365401037,-2.64957118401477,0.977075384745197
-0.998693220169849,-0.653974791899582,0.52959989724349,-0.48127931992972,-0.255625051752249,-2.12050000653056,-0.629820800248654,-0.65707560593482,0.61394329214237,-0.0716230873233858
-0.413265400332323,0.177998712545218,-1.43531276074303,-1.0769595799561,-1.08913017873784,0.23195622910111,1.78164823893408,1.33213121928074,0.554363209469729,-1.01688427265113
-1.19145134517762,-0.225566291937421,-0.127753862305717,1.26416141871854,-1.17985955655041,-0.181080094756992,-0.0946863948000003,0.0612584625628257,2.89833201508951,0.0643885208032869
-0.191401111906533,1.35272946245888,0.897309485958909,-0.0711919541500471,-2.91881320283214,-0.728109909283678,-0.421700675780333,1.57136821790883,-1.35374827194983,1.02390681011524
-1.03296376458839,0.547989506211087,-1.27293789694562,0.338538207029055,2.59707877645553,-0.373909574043843,1.42962410809606,-0.0666494923266068,0.916492991116121,-1.38915134212936
0.233885054777114,-0.676536132410319,0.0351984201719908,1.82151251626053,1.46136903284948,-0.707868402366069,-1.73804246165497,-0.671291927102283,1.41137619002432,0.859513752783355
-0.128220341860632,0.669784411576743,1.78286458119166,2.21975355127952,0.753118486546694,0.89576906869048,-0.199089399401597,0.298256714516315,0.623983066707736,1.51330978126431
-0.131588177266978,-0.596961064034376,0.133243517332563,-1.651612956048,0.543892074967537,1.1075084227731,-0.0569796458053254,0.455332057414039,-0.998128446985768,0.683472943481037
-0.524533458759802,0.323501268022544,0.346625265208262,-0.875322317135442,0.199411792347273,0.354947884498315,0.47476668315952,2.20257765022916,1.07824603559891,1.22118174550082
-1.85884957286818,-0.806309145890708,0.339082798473283,0.138431312779026,-1.69812086814547,-0.397191080256662,-0.889320898577275,2.11604164277117,-1.63800309855735,0.451937274965024
0.676711466429382,-1.50287273250938,0.457335329887627,0.895525601334397,0.632985668023419,-0.456927658706476,0.0722096878163541,-0.346440382607799,0.284125561802081,-0.884878103542125
0.466997887415542,1.84581758125548,-1.10487235752037,1.0642744092455,-1.31583574911687,1.7518899028624,0.937455430866507,0.695324060807438,2.44818501815139,0.755419790283134
-0.55435327546681,-0.818106125839695,0.342334129336274,-1.43750252854903,-1.42880864632833,-0.770482518049093,-0.698423276659,-0.812426922436446,0.467210794100082,1.93369443635863
1.22903918385108,-1.33235002729134,-0.298672787624032,-0.484416904929575,-0.017940951796861,-0.865356492600733,-0.99461069133151,1.89860363375472,-0.499336967346877,-0.5965862238634
-0.0493219262898589,1.19253727624676,1.01096954836946,0.11899227253583,0.642921084106444,0.605534888371323,-0.632921298805587,2.36054780539171,0.695637155525094,1.1213228099654
-2.09884582816283,-1.25266385570441,0.108007968867651,1.22875706688621,-1.1598931106359,0.915157450042134,0.52086994939746,-0.781178075350711,1.68288748768539,0.802590007799838
1.01373023067502,-0.244393572714069,1.67668699775726,1.35237807924663,1.55720968247131,0.213210689995371,0.67565168008397,-0.393795425916915,0.99767073962634,1.09088906700779
0.374316154985917,-1.10356521420002,0.682749885123453,-0.628504151039672,-0.69347334167997,0.756500437916311,-0.569726614374022,0.0627711140386094,-0.59145309334522,-0.930081858868688
-0.107130491381769,-0.303538159974731,2.29089590060769,0.367281538096788,-0.313924595489354,-0.578463557500331,-0.534861933331026,0.224033068024368,0.244962950250486,-1.29988380119535
-0.553961127961276,0.0716510696856153,0.721374761295284,-0.842389690067269,0.162043180065182,1.07577211850981,0.798404965492637,-0.395431679510517,-1.16870770502022,1.77727360897114
1.63005487277153,-0.336986830172213,-0.179580634121094,-1.63046662884681,1.78414694885057,-0.429750772621198,-0.182691894849835,-0.681484732679544,-0.376128193785631,-0.776033388694881
-1.42416090294872,-1.89062439770486,0.522547210533929,2.68864418067786,-1.82426722141454,0.0314432077185494,-1.1370690424096,-0.948517743171323,-0.307747381441026,0.669689190675198
-0.960775144359083,2.0656700788867,-1.25206086821568,0.245698186903704,1.04526414026555,0.716535868205475,2.12550588379095,1.16859773265866,-0.564659787700109,0.0357231200168443
0.160427106684923,-1.23219836872415,1.28192594719573,0.725551060747608,1.06816016005005,-1.96152244281955,0.728930309593673,-0.356476006983144,-0.0494895152131595,-1.49392789457872
-0.720206976929167,0.225492551485912,0.430024220291747,1.77175041578828,-2.73435789532933,1.13253279156892,1.24402747391063,-0.01281033170576,-0.42650429934421,-1.40685007634166
-1.32424247286852,-1.12514841399198,-1.51072755119392,0.237183918167249,-0.541871007368477,0.633002791949877,0.56363834943456,0.613872764899,1.83913922177189,-0.773753548084906
-0.422756100994819,-0.293160111150347,0.66840580419863,0.723819819837414,0.764257467833528,-2.30886983169542,-1.06938212758194,-1.32476193835242,-0.719749753393563,-0.301837715310201
-1.88838584977116,-0.219168216714059,0.425697776341443,-0.530425675581425,0.948529690563071,1.55823781655509,0.231751575958533,-0.166074321017442,0.721895285965632,-2.42042792243599
-0.387881405135656,-0.579462787514645,1.41221992686633,0.906586226576419,-1.72933317065065,-1.82095054924687,-1.55403096818263,-1.50982004458966,0.40866996200431,-0.0277789007040102
0.490261157747471,-0.141545150098243,-0.22847749895988,-0.138912946161152,0.618134085786007,-2.16277859553658,0.00359900690426775,1.63472101097192,0.462828687225861,-0.331273298980546
-0.942427489130143,1.12882959807101,0.794821684033308,0.566411307096617,0.908412567930084,-0.318577632388423,-1.0166421397079,-1.18646222600109,-0.182822131752189,-0.964291296145861
-0.894547249978493,0.792142333702477,-1.27860586594528,-0.660864201195609,0.218225686835735,-0.16431865826709,-1.28738583373346,1.73171359872337,0.704757199495627,-0.246787480515702
0.804074969604503,-0.026528098464881,-1.25346103999423,-1.4086659469374,-1.07432082879325,-1.80176565612396,-1.73775152832081,-0.0716499175286269,-2.24452082241346,-0.778523909664337
1.31302576676932,0.297756795523983,-1.21668490466742,0.394523221471834,-0.540814650276066,0.671027134614832,0.18515591239779,-0.956061935793127,-1.15970352440617,-1.49520342565728
0.094322522656081,0.174188506526805,-1.53951939729447,-0.969520335115471,-1.08355854090557,-0.161014343952357,-1.63840137347152,-1.19056092695354,1.60821329183005,0.902661934760438
0.308731514480554,0.342999565921217,1.5545822713427,3.23351708834828,-0.202830350814877,0.0350583520740584,1.57795707872022,-1.1803399771096,-1.01442103090213,0.50989313919032
-0.126020389535642,-2.36002833039215,1.11524322125874,0.664747757329365,-0.406658540128253,-1.05013286776446,-2.0252006373571,-0.228015812248633,2.05381989793809,-0.664843052304031
-1.60337737674212,1.8217874776074,0.248892114199065,0.728010385064511,0.720236924304806,0.3832489230191,1.18964854908509,-0.73027242227118,-1.02821814455862,0.402730167067846
-0.43949992086216,1.28019065769472,-0.845833307809491,-1.01228392579892,-0.599049910378116,-1.13349507953204,0.156424298581528,-0.50534055286285,0.196277346496087,-1.00951244361807
0.252932930998705,0.900280896184731,-0.75124754003604,-0.442398564786944,-0.609092275249207,0.167801374429939,-0.51823481574906,-0.332706937699995,1.30213391350239,-0.235945165590902
-1.21832780781622,-0.949852870671565,-0.0103828329471279,-0.365679093473877,1.1760837100125,-0.134456871358007,0.557710431247688,-1.78587236058276,1.05063010370905,1.42997102351856
0.277210152309355,0.93406861543261,-0.232829014673863,1.3566815967584,-0.078295651384681,-1.41502822875241,1.19533770878821,0.17255364156079,-0.563813339829605,-0.614175819174555
0.560912369855256,-0.15416511108953,-1.47289805805159,0.824703565354028,-0.82000997720778,-0.0848586618998545,-0.282636627727484,0.738227949609091,-0.778576713925108,-0.303821611033348
0.638035920292786,-0.150066331912171,-1.78114082509905,0.366388549079555,0.0162229498369679,-1.36195326732449,-0.854470486611779,0.221261948374347,-0.125446004665224,0.838212931214768
-0.39096786211642,1.34790348873058,0.800120736077541,0.60883727692077,0.59810974018323,0.874185467870407,-1.47231874303754,0.4049515866117,-1.19729730593448,-0.347860790115914
-1.97566995864314,1.02182974890488,0.981309645948924,1.63469141351884,1.56593225990701,0.0640675401936226,-1.41656210499728,-0.239429216866358,-1.26432342255799,-0.666125280301262
-0.58507908492641,-0.0966314381991536,-0.159709598336164,-1.04227342355862,0.0562641148781653,0.00288959420295042,-0.109965762076276,-0.780940945091726,-0.913540245748427,0.471550454900234
-0.971624577701113,0.25397349339642,0.132507500828346,1.36198145079899,0.831340524981652,0.521248827594388,-0.918307697994395,-0.291625944003973,0.496151822487596,0.556916293122265
-1.37433077525484,-0.139196718260471,-2.06412024765807,0.243779146620853,-1.71549859293512,-1.37153490905634,1.38119842517504,0.943310477001206,0.379608197591169,0.309445384341431
-1.01803356767367,-0.313144844052614,1.39243221542434,0.264824526502323,0.434664929919363,0.662466188321283,0.399877570966006,-1.70168270633608,1.1484222584008,-0.636556313276853
-1.5655870369062,1.4258419449531,-0.429227984508297,-0.4894002989864,1.5009562180215,-0.0600093968926662,0.434968807510647,0.549472994203044,-0.89005613791537,0.289732443923436
-2.29081165310917,1.62850822995623,0.618697026310492,0.60902410728548,1.11738753655867,-0.0146789065628775,0.127706152587203,0.800479327268292,0.924009416941722,0.636465975297719
-0.811470210724981,-0.00935297328789964,-1.65606394959154,0.403692516364338,0.53141762149571,0.21358068533655,-0.846491570706615,-0.509045861460604,1.20536767835175,1.54247190767012
1.3367570855211,0.257878685239771,-2.8596359579466,0.272593497777771,-1.19110704547233,0.230099001606482,-0.0728736015964525,0.525333113148984,-0.0262404187809753,0.44540657134855
0.142647798966877,-0.226563231459012,0.739921393028759,0.76569916808945,0.924095489496605,-1.67164031783285,-0.940525413944559,-2.55886590511039,0.433964701652675,1.44636776093121
0.377950208584662,-0.802808550672635,-0.0883198182963224,-0.338629578666609,1.70669854124248,-0.14604990148684,-0.629932881441685,1.41817146684254,-0.415730765631538,-0.197121904973595
0.665798150132761,-0.229172925751074,1.00991004690984,1.79373166654319,0.214807390004594,-2.5642590179932,1.07102557627753,0.356549211613706,0.819840245672819,-1.27047602400625
0.520731382635532,-3.86414378888064,-0.887160472896879,-0.712698023246806,-0.647841704102493,-1.79939233856592,-1.78170148966416,-0.0831792860687464,-0.521939724631336,0.94442228767259
2.07373649807176,0.300855879482043,-1.64123288445518,0.86197756048211,0.639836006775592,-1.5584795575156,-0.534013078887148,0.235754501464084,0.298539731962204,-1.86913408090569
-0.675878464767223,-2.19204995781636,-1.57541068577975,-0.326612687118521,0.608926236604823,-0.847760066338263,-1.10952176629085,0.130500329817392,-0.53580974858455,2.75000688001662
0.6788502891109,-0.361859451238216,-0.796504930315379,0.321867057827648,0.154689862947242,0.490125027927657,-0.315755035896338,-0.811259300656372,-1.08182508058435,-1.9392264247661
-0.902086351429748,0.675865395570452,0.88781159027258,0.0775513004278892,-0.613389349396109,-0.553085674867091,2.22211039058891,-0.608675996017068,0.211396044122072,1.70804170837835
0.141584496359071,1.1258874849151,-0.552844101993758,0.28200478169877,0.392636367468016,1.04255413555117,0.542820980726276,-0.0601549580703597,0.474377075652428,-0.150699072601109
-0.643807145655006,0.0932028251817096,0.041800443769812,-1.12591112245362,2.09795881661486,-0.421283165221743,1.04254612513165,0.0328159209627096,-0.500967934444723,0.742901866255239
-1.06809521351432,-0.0499975930968911,2.12513567311554,0.908466889892211,-1.46532969907207,0.275301560315309,0.68093612449081,-0.604539485942594,0.37271266869058,1.75986324607596
-0.975673544476639,0.271783957351674,-0.823484371333673,0.307258196439219,0.378393686854934,2.09382523060863,0.987006479821881,-0.466383657310329,-0.656313801273995,-0.723674802498746
-0.247552412804517,0.604475823213067,-0.225495305122067,0.774391414745931,0.122488817654356,0.391429464890797,0.373627510462431,0.569540746207114,-1.71969880371663,-1.58163772064463
-0.515701159954184,-0.625085658132819,-0.965289925147042,0.701944654871376,0.451838736652623,-0.0177017249457497,-1.51794734139417,-0.832718079281988,-0.628993799797345,-1.5437277531884
1.24616774249297,-2.51171326072152,0.658419323866499,-1.72038166186437,0.174044223941748,-0.670088725528785,-0.498370753510342,-1.41975624777275,-0.237894382846464,0.136335371814966
0.00013620236175918,-1.19087974915184,-1.42808192524984,0.685783832908345,0.208824637441288,-1.75158819412616,0.4710705395075,3.02537273369205,-0.307393012411344,0.206562140639138
0.728357103319606,0.466334166649049,-0.871704001203704,1.58256760937025,-2.24494100351922,0.331787717057321,-1.46679643762709,-1.20263614614922,-0.274624166569988,0.53761300156678
-0.327793459581265,-1.41082772313453,0.0491350218141702,-0.259751197612308,-1.30768901027949,-0.13085084121495,0.231335835946905,0.66524679904418,0.0396696908140401,1.94304990667423
-1.64362364907169,0.226495542233294,0.814994592320937,0.493766781779683,-1.40832916100215,-1.33824528919553,0.812713509208742,0.0312240199022972,0.056593926117543,0.314502554826938
0.879249101404229,0.00775729156629855,-2.2654327836008,0.155898349557484,0.24746683868543,-0.267976205301592,0.731224035116584,-0.365281036579566,-0.608896485898211,-0.156523174501752
-1.15354649991634,-1.63357727570595,-0.276269689560351,-0.442767221948734,-0.969774097459197,1.67464108552195,0.617424644933169,-1.08290202276888,0.435326422214455,1.54836368310564
1.86122324815792,1.0317845549756,-0.625895424020048,0.869665770107301,1.09133642933331,0.787813096515954,-1.01728699574089,-0.0849658927941327,0.796169177582981,-1.25156210769889
1.70566102593161,0.169901318056749,-0.514475417793813,0.474511041285424,0.276757544034268,-1.00749434950118,-0.992837710064545,0.640332923705853,-0.621187735213079,0.848607875141221
0.600159740376868,1.59408364039157,-0.116098148017384,0.121974945914446,-0.56464318948461,0.908570019088094,-0.478528064156605,-0.446362113754753,0.349729283158021,0.0685380997240889
-0.8493438422938,-0.170489236015208,-0.0910268865794952,-0.480467341388018,0.272147612774783,-0.235631773929461,0.348931332724529,-0.679648722216409,-0.487559900671381,0.505630944829691
-0.414548556222741,-1.32147883756975,1.00351530649051,0.516411509189476,-0.1586421242038,-1.76031326166844,1.17075147246195,-0.837342126336084,0.719580479705071,0.269175586662132
0.2115101241784,0.161637738828627,0.549996407682548,-0.0161928459272516,-0.0464243153157184,0.399897512565347,-0.758563074513142,-0.327340186137948,-0.743032160452698,-0.776659290866215
-1.3172311279965,1.72679863034206,-0.0282458963521634,-0.989346863847961,0.312387998954825,0.0462823813964826,0.874582262753055,2.63001353314085,1.00477457413903,0.808709530613581
2.50252441531438,-0.61730587016215,-1.48693408043777,0.0692410534289598,-0.900665966396585,-0.237324548738522,-1.26563751892073,-1.05185341297102,-1.7245924793984,-0.985135393133688
-0.470990277855372,0.461094834860743,1.10946123307527,-1.12128329966515,-0.143680746435868,0.458309678645339,0.493008016029125,1.89708529354757,0.248442796598267,1.05665554922659
0.316720472537698,0.0527413167393667,0.312153087926529,-0.464075113720005,0.41074020504103,0.677717959285822,1.47016745299936,-0.0188200126488551,0.636785618843474,1.97254200271461
0.828618523985087,-0.538676573471577,-0.621391401637387,-0.130991688988443,0.871463865100566,1.00489370833512,-0.396886885896132,2.13565214365923,0.819162736300451,-0.0167868644576864
0.917716247504311,-0.50464272791701,-0.383609129862944,1.57441919618308,-0.0060166122087322,-0.824563509772815,0.365448224635743,0.201331548494213,-0.281416811619012,-0.104022827609707
0.827744855920282,0.531188149330128,1.31942205237883,0.886420616545725,0.822079315430753,-1.21476869739156,-1.49320040233996,-0.957968420978551,-0.227155149734076,-0.551536875118515
-0.0642460803474386,0.341752602753886,0.612564241073198,-0.108394716586171,0.993716946835066,-0.00706090915954116,-0.325706486009699,0.950733486770602,-0.804655975099403,1.01460733671188
1.38500556775429,0.795474360710709,0.257740122979661,-0.0434346261414936,-0.0555410725393432,0.320337814502239,0.524147786396504,0.085610933843555,-1.7432999661953,-0.480903113975318
0.139605780602369,1.42161599850547,0.247431685648968,-1.07874600496308,0.503409238357111,-0.466373882981617,-1.32112418634903,-0.0768742055496144,0.379906979219336,1.21947884823863
0.900343503160378,1.23972201634729,-0.991018473672693,-1.71909742675813,-0.070612133941905,-0.330953842923168,-0.386296578504458,0.544324568736955,1.73737084146354,2.21285233305762
1.48286276449901,0.733178577297019,0.226817507973986,-0.176453227157612,0.130131251191436,-0.064739408455704,0.421743525736555,0.493709726720962,-0.240542322025815,0.23924197443529
0.11569133531386,0.360547476869041,-2.49077166764721,-1.47464036949684,0.221658692631617,-0.328076890327124,0.201090414540707,-0.517303808728422,-0.39533671786852,0.995765977110308
-0.959370444952557,-0.288293457610467,-1.05225090713552,0.372771043735946,0.859567437638041,0.359539892692794,-0.65873126501955,1.69318085300873,-0.37649364544757,-0.233746624731395
-1.11851502820099,-0.532398540070815,-0.141648024606439,0.954523506474128,0.58927418953848,-0.478088536139166,1.19205027541062,-0.865490175752525,0.230075289183486,0.237601561156483
1.60062305620961,0.324094542636792,-0.211063883386104,1.61323109960444,0.33020692666915,0.733753736083305,0.795894739515764,0.929444918941253,-0.615962457242229,-1.54135430302226
-1.41208390498187,-0.9036644683732,0.940358888298627,1.80870355414325,-1.06035783473522,0.43179708255353,2.22547239602362,0.136597412629064,0.71677186219757,0.999064940669755
-1.82951518009939,0.485820971232288,0.939938311659879,2.14354738244769,1.5139565448302,2.01653931002628,1.2906502325227,0.896627386175514,-1.12750531165991,0.662985761365515
1.06389046577173,-1.06123435556796,-0.987856968166844,0.514651550706461,1.16311485784178,-0.658020698640859,0.103529283064395,-1.80687804598008,0.71185899949282,1.23265267766024
-2.06417837031747,0.971098110478619,-0.328596930207652,1.1643850478101,-1.70464963816251,0.179756280701716,0.173448840050187,-0.420873212138554,-0.503614829420263,0.288416640759353
2.54396106688748,0.109591720937515,-0.651702548044377,0.876505040537719,-0.222927614141695,-1.26083973042097,-0.678677536214798,-1.46455558831675,-0.225279421888256,0.496826253475529
0.744995098317223,0.745580087203347,0.666782861263173,0.232298778921095,2.05773411908282,-0.126649551195897,0.800436416836812,0.0642798358383124,-0.92988570132118,-0.404554407847368
-0.153034316578119,-0.296336251331602,0.202326211783491,1.00330106028618,-0.210894112304865,-0.96554686325653,-0.59877249382418,0.0792214254673356,0.839346105075178,-0.101623675118891
-1.70703579659629,-0.411761952931795,0.832710582948724,1.48565084354812,1.49892175486096,-0.123362994404043,-0.963792175335341,2.36484407957595,-1.13913606810765,-1.58639210815053
1.98878306789584,0.39355443166378,1.24686220679937,-0.816621761027171,-1.81390919259035,-1.37494606309577,-1.39204749055402,-0.200031091101395,-1.92309865390017,0.17931248712399
1.04502758130172,-0.412058165564586,-0.330059471282171,-2.89291842735939,0.787164451680906,0.507693074367056,-0.0568194907578489,-1.51626594366109,1.58963007036226,0.891283146233329
-0.337231706964506,1.03936107825451,0.456359812469419,-1.34747911799159,-0.502659513713098,0.0401553198403361,-0.252920852875398,-0.863150506714676,0.659585444091833,1.66972683079778
-0.0164940283045316,1.20735269783686,-0.567361757084482,-1.9317806990067,-0.575527059295058,-0.212434439057151,2.01793243447519,0.911641997200363,0.672332819229061,0.904773333091284
-0.539835620740933,-0.27581149172364,-1.27825214000022,0.281400907449065,0.0552346765681153,-0.226087605849623,-1.35105944748563,-1.11402015617639,0.136485421341965,1.17593634921397
1.46461229298033,-1.0713345309846,-0.652492284743495,0.465361470502656,1.10467123145256,0.403356756992512,-0.124871511481084,-0.87213525375474,1.17013858536055,-0.844023755418259
0.96271636173826,-0.580591005631892,-1.4173889753583,0.241951507631594,-1.05699905476102,-1.15695058728367,-1.33511547500028,1.62487005972899,-2.28463528479277,-1.39397527091786
-1.33824990356179,0.152078891247505,0.179654103436313,1.21445230869649,-0.813847651804894,-0.395608881346993,1.46653018141335,0.210362344855295,-0.744182778793183,2.60179866191265
0.490365770880507,-1.06864115181816,0.910617290171427,-0.87815206614594,1.68787358418921,-0.698567256197454,0.187574606971931,1.4616291157767,0.231337269411165,-0.890302023480936
1.62842821538406,-0.948663972167019,0.70073969382238,-2.02177079192281,-0.553979960655894,-0.230045639858331,-0.248154096750898,-0.542392564165759,0.737900419884806,-1.15667717934631
-0.933685083195753,-0.219505049695749,-0.207461505812618,-0.252853757205335,-0.388382723486366,0.791289736556786,1.20770379872862,-0.581076318659236,-0.303200955540116,-0.623451256685829
1.06164076250343,-0.221490759485774,-2.30745000213372,0.710214806453759,-0.904262155285823,-0.741782616367739,-0.804653973608714,-1.45955436375811,0.284185626832433,0.144604219860432
-1.33749117521487,-1.33482471520508,-1.24744895362825,0.322773789199282,1.32011870306266,1.69529599226787,0.576623403415244,0.125828940656524,0.82250125748078,1.45040230494316
-0.264817769270596,1.45731872509651,0.59481694558933,0.727546507763721,0.358020654333605,-1.69637070404652,1.24066900614906,0.000262500665766378,2.55983056800889,-1.44828133323152
1.48608502449911,-1.23300076085331,-0.478730967182753,-1.46956794996463,1.03022804380396,-0.403712669644132,0.105064911405495,-2.20769949146193,-0.966997752493646,-1.14398661951996
-0.552605592703816,0.225951588682212,-0.47668046570612,-0.54573306622813,-0.437396403098263,-0.842428643587017,1.96256944797102,0.0594512033372131,0.91917608047396,0.608106728254072
0.576349478674054,-0.1492443951879,-1.195076769253,0.8600651102309,1.12886449060283,0.0117919871192144,-0.155275702371336,0.704664619879744,-0.134491631653922,0.061659116714927
-0.612551221336537,-0.911266320682824,0.697615337535922,0.150508906254389,0.420557307924817,0.112307263443013,-0.544995942839058,-0.197360352977054,0.410558783481513,0.532280219650843
0.824126972422991,0.79424561692397,-0.647757553979792,-1.55678261396398,-2.15182538153404,0.254655499323464,1.72811835277295,-0.325486026348403,-0.628024502601687,1.42900073671202
0.0787274039637199,-1.94777740108992,0.829477285489552,-0.467558092210913,1.33122474700579,0.425872115335343,-0.159512053625261,-0.640799282428447,1.34501908858277,-1.26618268914804
0.701640990805577,-1.27018785412094,-0.831005276883451,-0.509721821414853,0.15811228372627,0.430890015358539,-0.410218551411342,-1.28810618536607,2.47522636479312,0.844699756390042
0.577773930743981,0.320251642361055,0.647824715867531,-1.17227646474258,-0.770773067458256,-0.194896481484263,-0.269563395466818,-0.0360522825016327,1.89965728489346,0.48810191052634
0.565250101921348,0.21947799960053,0.902383206071953,-0.394045629911497,1.47317012027149,0.203412988366331,0.675757741552505,1.51617485761583,0.46231692245174,-0.268191955262012
-0.0799200290218305,0.0784810262732386,-0.548919051108525,0.260044270605097,0.892491609973581,0.177155626481346,0.691289249217477,0.0948091774463539,-0.73340716279772,-0.527120005620312
-1.35557503664318,0.947515932369429,-0.284558287042814,-0.789377907150599,-0.779670461957717,-0.491314561233493,1.38263607656784,-0.582946615403599,0.519512384977698,-0.608250427346676
-1.13172415028657,0.300296966741285,-1.81277292627771,0.409956340212588,0.0993965504629385,0.421069154178553,-0.155193559679775,-1.00642711754081,-0.839003088510119,-0.407049416368062
2.61412940744774,-1.90173427401024,0.519388303335889,0.773763290907269,-0.739762777192505,-0.238421230430586,-0.584616295466333,-0.0495104710550191,-0.838548400429836,-0.81132847014344
-1.27386167570353,1.3095046970147,-1.37227234979458,0.297663773432204,0.52086500516768,0.542528740209911,-0.694948640533394,0.264047356112823,1.339578762638,-1.54153190154267
0.244034119858792,-0.358913460216149,-0.00600485188553666,-0.555982967737276,0.783312795107471,-0.0264166257899515,-0.0705904847461691,-1.69739248899921,1.65389754880994,1.13530344896266
-0.82810081663556,-0.524717633291842,0.391065295565489,-0.893344290959472,0.747584601491379,0.72249955752694,-1.71441402444313,0.984050962107583,0.563473040703441,-1.64453382108846
-0.462050703769763,0.168142436688941,0.80108692006659,-0.84303520981588,1.84053138213323,1.53231930875841,-1.01533225813316,0.853470603481886,-0.519179551996893,-1.2542247330326
-1.54101020713536,-0.259843912130566,1.6487932880451,0.306046435602857,-0.348929879440224,0.864521584712384,-0.106967223798272,-0.783997012858653,0.200658452151249,0.845738721300077
0.146055786604984,0.344283021422699,-2.29327254627964,0.445363186966461,0.93312971599251,1.26793151614897,-0.577342299560474,-1.81819817386333,-0.13259339540734,0.123825042525335
-1.19899434085035,0.512641548685655,0.572690468931135,0.0189323693113651,2.03191265152251,-0.860980268178398,-0.24379469669439,0.519498437907391,1.03205798942311,-0.177065269483405
2.15322671393013,-0.790183176041845,-0.425270046534384,-0.390181183379707,-1.34445817580424,-1.49216823743114,-0.415165143739094,1.1514397305848,0.758656130699246,0.133103628565295
0.757529388677158,-1.78615441012115,-1.53390792850616,0.0188302234172535,-1.12670024304736,0.414627288259412,-0.258480992678009,-0.550491764471541,1.45156068957124,0.867715928683009
-0.222919781789988,-0.56322760433229,3.04450720661228,-0.109953522466441,-0.39003556914796,0.0125070575392201,0.401832048996369,2.49694716686186,1.11025017308144,-1.41312403342839
-0.193103626964522,1.92143167087323,-0.64655935705694,2.95801698009681,-0.564851430044639,0.542655452031973,0.0507809610289741,-0.267403737571749,0.63144228217531,0.00706921578231617
-0.634037616200301,1.01568602640781,0.176760457236905,-0.182169432807237,0.386158486323312,1.75730295827089,-0.787835411315059,0.69328934199951,-0.0311564215742813,0.00574263409370088
1.00659497842891,0.270112006457753,-0.592393698139398,-0.854276576473191,-0.918544730183358,0.551253472720439,-0.492889376900822,-1.64255117825793,-1.28985133007553,-1.10267571620753
-0.818211344680557,0.00525477029336371,-1.9105090536952,0.50471332742243,0.281882964411869,0.434767649332651,0.460873747643998,1.16940086510881,0.0825947948403287,0.390055852758325
-0.470099620281432,0.304625835999373,-0.761829090951401,-0.155557356416742,-1.1147486695629,0.323398991972425,-0.458048928033886,-0.774005082093968,0.33693948221922,-2.52092678271245
0.569574170790139,0.200266472583771,-0.335783953842315,-0.344893236488786,0.526957771197773,-0.204758644755652,-0.632038566632115,0.97660385787119,-1.85924133458274,-0.651200263201447
-1.45297026941219,0.628726374797297,-0.84010219663347,0.415820222742667,-0.357305446399327,-0.361607392504166,0.430688993404444,-1.38318330729227,0.768313529483362,0.599305726664623
-0.745478947174964,-0.797846305684376,0.0613794869778395,-1.09488412427248,1.15533563192781,-0.4460577813713,0.614499599010757,-0.283018223001112,1.64207304311537,-0.213449863714307
0.636694677444646,0.258833837642362,0.9952756837467,-0.223026438722769,-0.203079265991012,-1.10180041494327,1.26633304131529,0.0598311402771784,-0.429259496001317,-1.39284888132603
0.400657515072922,0.0719995919951805,-0.0251778293337824,1.39766404441267,0.219955734483359,0.014501432365365,1.2146143351661,0.185993255068144,-0.761824037723691,1.34766259413058
-0.0505098153605703,-0.938356264923182,0.115172541961018,0.885391055452014,0.192985755632668,1.18200765078329,0.0615236077423706,0.740558424711237,-0.0325133375440258,-0.461337645267821
-2.16381956923441,0.196603612951423,1.13556924723737,0.772688376717098,1.66574282859047,1.22447883962876,1.5844286467738,1.00077944186463,-1.39386468839265,-0.228928928136762
-0.697495062752644,-0.710005844420986,-0.501838908654253,0.789455721169865,0.0143594865731878,-0.627913865890718,1.13396452705247,1.03063048708924,0.758947725878017,-0.323620575795396
-0.0085049454136037,-0.361469639791451,0.179956166796812,-0.971109129898094,2.20408781575708,-0.398954641489553,-0.700546265402561,0.297673362828833,-0.722056134538192,-0.165220068736886
-0.833879539289728,0.665154583378848,1.3004969072326,-0.136788757126441,-1.06684319401684,-1.56412067439962,-0.265532037037816,-0.959197334272834,2.73023448903875,2.74877888217974
-1.25181503758869,-0.606541987063329,0.900774353507755,-0.0751583005110276,-0.929853601053312,0.796612835536313,-0.248610768776805,0.508713212520155,0.250085359583784,0.112999839726087
-0.899558403255279,0.44584502588281,-0.59016366865094,0.559918998416829,-0.693800222586625,-0.328379099129159,-0.407110748469412,-0.626166579663772,0.0807940505368285,0.874540307011927
-3.87844414260347,2.33190912350162,-0.0787245159597823,-1.01556174909716,-0.477845236950881,0.0566732450518878,0.491226290352221,0.798950187398302,-0.219822705045561,0.849835775270827
0.0108211931184213,-0.608605485192567,-1.28623321278756,1.70556043469059,-0.870601592921069,0.632085835604026,-1.07792041954987,0.445676401700052,-0.00259605159505093,1.73386744600872
-0.703133631605184,0.0317640858301891,-1.13650839122349,-1.58287241950638,-0.66393417364937,2.42611898222592,0.573080124927846,1.05644866970245,-0.506286094936318,-0.472403380984933
-0.829562958085123,-0.558486701818874,-0.0326764070944966,0.362903997984442,-0.45249856875043,-0.484552860575778,0.50556293256933,-0.85868218749111,1.88028996119408,0.307346597888652
1.32749910453718,-0.650414676373998,1.10608629316266,0.425606964453962,-0.648185880561235,-0.759182371166494,-0.332274340869859,0.566228989113293,0.245574536792654,-1.08994165023069
0.619784692109604,-0.706425841373994,1.34494129178002,-0.173671593611622,0.100017578595327,0.8110140182463,-0.602775928032486,1.57270455416098,-0.433762079955997,0.366186152436168
1.81859711221866,0.0371072734368744,0.110779717721707,-1.69237191743135,1.08719593032251,-0.34598459927655,1.66218677130374,1.68141073894363,0.107304362123847,-0.362086081653962
1.1707795945735,-0.363767011666536,-1.0493303210254,-1.41658776679042,0.539445711734678,-1.81822186484436,-1.20449631206533,1.71580543622125,-0.58816765759884,-1.11575723588731
-0.2357019746663,-0.256979568064647,-0.98572146854398,-0.866792748276783,-0.00527500036071297,0.685774555213781,1.9715047453059,0.993090329622939,0.745077133771357,0.766370568649976
0.591810353055611,-0.621302323621779,-2.39660441019941,0.0441545691531855,0.666957464999377,-0.110872505986479,-0.129556425229933,-0.13273757417266,-1.2818054238124,-1.14032110040277
0.110681542503267,1.18261549245371,-0.517914056841621,-0.602245951533245,0.850137871303665,1.3062138863664,0.43731833708523,0.926041364973808,-0.907280102182314,0.788201149396436
-0.905398821212193,-1.75652413070524,-0.41917268270834,1.03090366509649,2.97897585894927,-0.973256432016144,-0.00306331154537842,0.00415452636345987,1.69794644965834,-1.07564825557317
0.828250819246752,0.553815823802481,0.521118745615618,1.34321040767985,-0.836891688351201,0.870741705852104,-1.82967494294516,-0.568147917366495,-0.175005092111614,-1.39166794179203
0.136075313550697,-1.43148881836979,0.25232719426412,-0.470045938666474,-0.24622034598141,-0.451279001789276,-0.69434948648932,0.300296049784563,-0.776102602166237,-0.982478653406949
-0.0431296915597883,0.524771667440832,-0.283225060457036,1.63794017280589,-0.145922997578949,0.971998482101936,1.13805623828794,1.26750872920861,1.8077252059525,2.23862536877801
-0.544912934632801,0.317867839349974,1.02739324873787,0.0898908946443632,0.627222009398233,-1.32341555518839,0.872160363152564,-1.58160106066731,-0.885542555291699,0.741403385176468
0.205857491433748,-0.902527988144784,-0.176642756544948,-0.615410401327246,0.436170649768524,2.14972839080646,0.23257531704269,0.718770345116475,0.121938301987838,-0.2759586112499
-0.527095759087383,0.744681264316029,-1.3512923738957,0.412567481556718,-0.83703216040745,2.25583476589927,-1.54547373354689,-0.00221294774117174,-1.32039897094884,-0.694777294703261
1.71576967938012,0.695246237662877,-0.0850941285894226,-0.51546863539117,-0.121462384660261,-1.16088330227279,-0.773172437862285,0.903895470747694,-0.264898797762418,-0.0228796498005187
-0.548600370375949,-0.538257914531437,-1.29577873775979,-1.34870619663362,1.35146075519665,0.146782265992263,0.067093012027047,-0.172465797119572,1.14794759904807,-0.746057624703579
-0.209505339089019,-0.173730520006291,-0.841451601459701,-0.218188324551507,-0.177453569977207,1.12082918169347,-0.253532970422148,-0.121166375100789,-0.0518684872118757,0.97647646807778
-0.162759190108153,-0.800446293581105,1.1706772514302,-1.44844672722125,-0.392259925317239,1.73668523474591,-0.412197611144593,0.279993678812592,-0.706994832031764,-0.465914342905871
0.208547407772764,-0.253011782526109,-0.79131944374486,-1.07904003624988,1.12994273934274,0.25637863780793,-0.808359148906949,0.582073321901601,-1.17024563688253,0.454092920476987
0.611254540688674,-0.0260313104694398,-1.81675964266268,0.744479447782709,-0.162070038463633,-0.752609936807067,-0.29370523997304,-1.15755662777868,-0.345797132881882,-0.151618567412651
-0.805659855640575,0.33659634248207,0.537217307291242,-0.527544491015368,1.09326424558689,0.135371297564686,-0.385369471151261,-0.686906833780553,-0.573039576192979,0.954162268721797
1.90615087326257,-1.06625983229442,0.368994594265441,-0.375425986837164,0.66287952832301,0.0354234365921865,-0.849211487840748,-1.03964914234762,-0.433731413190196,1.92462237375988
0.648764726782233,-0.291077964849261,-0.512222836073168,-0.857832750254572,-0.223505241303939,-0.708152936045324,0.148826467814575,0.780238474720549,-2.03157320361837,-1.18288144430416
0.980756897658365,-0.774963581426999,-1.37258233826455,-0.646321177502044,-1.66891585435583,-0.844524565838885,-0.269349548171084,0.897003599032523,0.55547450922208,-0.984384104667054
-2.30807099087547,-0.168775690960723,-0.203632210253792,0.646268561675539,-0.646563999134914,0.428124396891699,-0.240121773590014,0.962152180230155,1.20242631539773,1.27584619964754
-0.725391259535235,0.065868275789516,1.89085778155369,1.02749916258609,0.364261898571793,0.0861520787789706,-2.01547401935961,1.30047467828998,0.442466725717692,0.666031747080658
-0.0386358337810433,-2.50697727855962,0.544658974704931,-1.2598637458052,-1.10527355390611,0.495591291596457,-0.4068016769617,1.48921192026382,-0.112024534786856,0.4524684382335
-0.457865980438911,-0.356105887445848,-0.129703212282112,-1.03534561050475,0.867770834946367,1.23213526634746,0.0482067167896177,1.28805867750858,-0.744678752918248,0.30507927582906
-0.105140426882282,0.0570732711828495,-0.367130696327355,0.93559188289936,-1.74042569751484,-1.02762022472832,1.09032547392927,-0.330857719852387,-0.801461641529053,-0.992249221750549
-0.398238398017413,1.25450467954606,-0.920693494074573,-0.441698080144276,-2.00840236711633,-0.405648204854224,1.81600971861883,0.176191131828215,0.444203708007393,-1.20463108071865
1.3148171981855,-0.232105674060194,0.772386539187768,0.0194442771606364,0.102870555993378,-0.0354344738132913,-0.812915889625447,-0.587412377928682,0.46590621914542,0.570963489171319
-0.789201850999131,0.409189939731288,0.915824977058237,-0.933276325517778,0.923520723349926,-0.352821400029914,-0.0295715721342613,-1.65335736725624,2.08573037765391,0.307228533886503
-0.175814220835049,-2.30805755094674,0.755098707598983,0.166857710268195,0.515550710564566,-1.63257924023316,-0.261499078429649,0.121577292677866,1.00705042128357,0.0871287338665063
0.675702220559067,-1.42485574405485,-0.02069323698255,1.51134926630611,-1.21195209834067,-0.196607620367366,-0.140197191706259,1.57124115898719,0.138375326614455,0.364461989634625
-1.00192833296328,0.664909500236842,0.669185498883212,0.0195441012941717,0.187261472143006,0.594162834377695,-0.104669590408153,-0.63560244681095,-0.102400679026116,0.352762496988057
0.345631108103,-1.23468206549366,-1.37287665016628,0.287782089811242,0.098641936601005,-0.279743997200012,0.600022409473294,0.697736212093222,-1.81388901998948,1.08116566814622
0.306416340909004,-0.160769460738813,-1.40784139331477,-1.20119991819203,0.00465673774635238,-1.26924787412035,-0.164066471196888,-0.40925787639437,-1.17361767242784,1.48073122728022
-0.680918510562956,-0.772087233662702,1.36571097067316,0.687590916416216,-0.690917391535038,0.779808388411083,0.32359134013283,0.696955384977182,-0.875665225581873,-1.80674402984841
-0.136599630094959,0.246921302903571,-1.72321752197165,1.04168044738347,-0.929725904200216,-0.749721263890965,0.44918602078409,-0.608521335644518,0.482434513727738,-0.118624484304173
-0.371486310695601,0.0192598494585205,0.948662368268852,0.251816380058496,-0.301091213700308,2.51417236481356,0.918422318375198,-0.860434128214113,-0.424159167396119,-1.2479801170916
-0.356674382477027,1.28842424450672,-0.922125201650639,-1.86985480136674,1.51794607570496,-1.06757771900823,1.70320587376813,-1.35634691090373,-0.118182681215476,0.222160477058549
0.411278981330544,0.392373223406521,0.461985775749037,-0.317025720197601,0.260257111279464,-1.55222538960436,0.899947644356598,0.768259215307153,-2.17816645892645,-1.51149233563964
-0.84926607302408,0.337596033766911,0.0288904267838549,1.87855954725262,0.277345726203083,1.01185478488572,0.822245062046602,-1.03899815296135,1.63361949005158,1.07100241831442
-0.399879818209621,0.466915888385604,-0.121458040933969,0.797392643390852,-1.49543500137899,0.45766647045866,-1.17854535064002,1.0355567809067,-1.14080388919562,0.447754799667748
0.934418200176935,0.499398281704685,0.442338990241005,0.829329120204171,2.03099507448536,-0.434640514307956,-2.37521588663231,-0.454525484451122,0.735955027954198,0.986243922113438
-2.17504624496521,-0.569427402123444,-1.9230501327424,1.30521435206121,2.05698144465479,-0.76464429404585,0.622638021463261,0.86918666613428,0.43825455581063,2.04187612594094
-0.802817375936521,0.718214413797734,0.965327923594487,0.449475145304312,1.64781067584452,0.675969350464225,-0.48134644136176,0.0557003904410708,1.00941700125023,0.803654437143722
-1.33022069474857,0.499588324515129,-1.27373819315042,0.173215009821089,-0.581270414743883,1.16656439926781,0.0988783405398274,2.02924416950197,-1.17865529463374,0.893328454939442
0.852879504487894,-0.480222556671047,-1.24445105516726,0.495607132382914,1.09324264950078,0.753750634699838,0.275476452133261,-1.216928947672,-0.61548401867707,-0.0543494877619028
-0.0770541607477692,1.33408755429321,0.241827442271571,1.65856821054398,1.02192687903868,1.20144733811453,-0.653170365247446,-0.602173890022184,2.11773589296963,-0.145328316940082
-0.381105940079146,-0.172755459498935,-0.808018881606719,-0.136193541612674,-0.887302260081313,-1.33240372439516,-0.0121206927213112,1.42378891781392,0.0584842336902454,0.968047340705189
-0.191608786114995,-0.654723109280605,-0.413948047062384,-0.509762648403324,0.523460766040721,0.0122913622393937,0.402223036084471,0.677568008400023,0.125411895489449,-0.400494154052866
-0.308623130500689,-1.31784257405314,0.0120918432809694,-0.956632482696689,0.936802710401403,1.46585235349875,1.71507507137601,1.51481853025108,0.951548696132189,0.39609014630007
1.37154260852009,0.00289314933579386,0.284960472608842,-0.0679270940062118,-0.708947139055225,1.7912798502017,-0.084516760768175,1.31689406593658,-0.651732275524318,-0.918422997144788
0.203853350304855,1.10494265088444,-0.00192555826308937,-1.17270761172757,0.678032407763056,1.17386960712658,0.332822747567239,-0.734326664604047,-0.580342090413419,1.87283082500042
-0.131150664625358,-0.113987349714642,-0.207804627351615,-2.59083127716151,-0.398892779828284,-1.01020978370727,0.108728305555728,-1.80499689029402,0.117387854498321,1.44393589313541
0.603176459644505,-2.46890380995001,-0.0572425070899521,0.578937963891588,-0.0402279747557467,-0.103864782932179,0.059060352722216,1.04336529261515,0.768626281276251,0.451351468683509
0.552598601778913,-1.31713208682903,0.409522289122683,-0.432298755976328,-0.906890660186582,0.928941741331365,-3.35880536236211,-0.442953765500303,0.151575649225335,0.369683950803889
0.207153467036209,-1.42553325523579,-1.65961828613848,-0.0212539931404194,0.784288080657106,0.717732678992318,0.0495962969765018,-0.721599686037892,-0.611241165722638,1.04903490136534
1.86110485996506,-1.14447366947297,-0.736616149481487,0.102455993041975,0.657131023563858,-1.51838350115178,1.22690154642659,1.58420176310742,-1.67848927188045,0.624782293670161
0.0301248176730747,0.589375377033545,1.94307467384651,-0.278620740801622,0.49592712779104,0.231230233497732,-1.25584651373999,-0.278436807397638,0.846202445738245,0.345241690529664
1.00706915148694,2.2818740551991,1.14400094078666,-0.606171496992421,-0.72209070028123,-0.204697184282526,-0.180482272178825,-0.47844126595905,0.963903827715132,-1.14656359554017
0.580091473604781,-0.857676685497504,0.721682135157362,-0.809049604375559,0.427856117253372,0.207128414100942,-0.0841285840875885,-0.588103737220536,-0.809188942042409,1.66597481415221
-0.847185455410811,-1.81404462641565,0.501511533172918,-0.927420650143996,-1.10695179617602,-0.283005965945546,0.68291814214389,1.54073231029499,1.24627705139714,-0.349041695816242
-0.831341374430486,-0.279304669691863,-0.55876868550693,0.171978234250714,0.605232839442373,-1.95248871303561,0.115379875871174,-0.0883894486943934,2.12553138406097,1.27697103652534
-1.06794977088788,-1.88193903420214,-1.1032818355475,-0.143221167015272,-0.404561219708433,0.648105749492342,-0.403753449086697,-0.24700291503394,-0.981634050897341,2.53622172768865
-0.666117945214107,-0.83026951976788,-0.429190358892046,-0.153930644263267,0.0239842858302407,-1.03673229946834,1.53698154789305,0.40938799816234,-0.00645200389656303,1.29150289401353
1.01980213223275,0.970177341988723,0.565616268845507,-2.04273673561415,0.827280944521048,-1.1330587834948,-1.07234000393593,-0.888557194547876,0.7352640790557,0.552819336011393
1.23758427076024,1.78910688994917,1.05834206447856,1.16946514044675,1.27059263782246,-2.09611282761553,0.117436589797892,0.763048712531097,1.37382475256898,-2.31459671928114
-0.719715539241105,0.336616867203869,0.0748349117643192,-0.3071029750574,-0.886451986503182,0.158234081346745,-0.732037397305159,-1.29788419453094,-0.0146523298686487,-0.767478610377515
0.504303916761424,0.30561576833372,0.579749570025564,0.833336766689954,-0.366943405098194,-0.423790015742589,-1.06346168189383,-0.298667824440943,-1.8738687676857,-0.254386395408618
-0.0145879166428086,-1.91868831123334,-1.71275094197284,-1.17749295002505,-1.09069349405417,-1.46538396462476,1.4485266884724,-0.600634627819856,-1.06723665582239,0.0935326034327821
0.707386696395756,0.0715898735001095,-0.051297014957359,-0.179753606636591,-0.0925822413066786,1.06610367747187,0.140920280508703,-0.931943139384755,0.293042607328421,-1.68613888973655
-0.458686483075643,-1.14062165935939,-2.13812346215778,0.396869194325972,-0.194118442967551,-1.93487845346623,1.04401841188684,1.85821463953104,0.0262701881008065,0.487109596286423
0.509941906216954,-1.62991817461475,0.850894652414422,0.520444503645207,0.971152938754359,-0.0759552378009457,1.2104203358732,0.669368831143315,-1.4490532494104,1.17517728011547
0.880321148079156,-1.37176580308196,0.160821454026621,0.33474927630999,-0.0929009006177187,-1.61077045711616,-0.233737407563908,-0.422552770117699,2.10024826433231,-0.334182933646733
-0.400455775353616,-0.643189554572836,-0.228551963271652,-0.722859704099072,-0.0918789608328927,0.324686577653325,-0.421691040997724,2.03671256048186,1.28463672278956,0.518809072966243
-0.365509368618693,0.26260357108743,-0.0541284580051801,0.555351120579115,-1.84360388900911,1.68809084423628,-1.18824573308281,-0.22742263007084,-0.250359486833496,-0.3399269014833
1.64739408672255,-0.459415818967352,0.623147470360051,0.415957317768943,0.179445329546071,-1.78216398257731,0.000119243742564639,-0.594486576569068,-1.00294782262194,-2.57778855025868
-0.800962058612539,-0.384437699568999,1.69214556907433,0.725867360384085,1.0357662813034,0.337808797393257,0.657773013811179,0.780751168578339,-1.39896641397094,0.330991325553337
0.320351222323761,-1.3033056564561,-1.17040507136682,-1.52989763723043,0.0860582206305694,0.103845250321858,0.413947776145852,-1.26178575795459,1.0199362239438,-1.48943737581605
0.321630893917198,-0.591564191544419,-0.795248905007143,0.741984729630247,-0.100685018981424,-1.5058127420229,-1.32020315605931,-0.00784617443385579,-1.02985501075773,-0.0390342302151789
0.362360434581966,-1.17866709602981,1.84554286578907,-0.878842474295007,0.365569221388649,1.2417836336049,-0.160945933847112,-0.30116971967013,-1.86538292492524,-0.173363511023712
-0.911816756568329,-0.650831508473766,2.40256757838802,2.98454185364162,-0.114150546294743,-0.852043705073589,-0.589337843562477,0.380290728647522,-1.41158368724946,0.192713703177703
0.667399002261952,-0.843556102630888,0.472577826998405,0.235704675952911,0.124380881129863,-1.14376485146341,-0.419030981836501,-1.00786104491881,0.78634329821305,-0.943962686847337
1.86055361508958,-1.18047474163445,0.808150701542431,-2.01348522814411,1.26941947604731,-0.384551996608075,-0.506189830067969,1.09292510901023,0.582186306173924,-0.646992590999232
0.230658383084761,-0.279905561566982,0.590586456555427,0.223926364768877,0.843973497575088,0.226205251052202,0.425543781040403,-0.179690620333839,-1.1520675022076,1.44216100068177
-0.758843481230557,0.16769115476229,-1.09528558766742,-0.454785841869171,1.44107086181839,-1.50157766548263,0.01882118607192,-0.376194278309164,1.16261616677007,-0.067050676788853
-0.282507304639175,-0.882369948980267,1.29609633031763,-0.22871392098231,-0.393948520973691,0.82841326716814,-1.12841924721691,-0.725463778382211,0.323375043644193,0.400176995127183
0.77329299881277,-1.78288890927842,-0.155520587082779,-1.48692201381079,0.194601268605549,-0.526351955442995,-0.294837927097278,1.21169103264409,0.705382085120605,1.3421626340664
0.891492349967946,0.39241543693732,0.81442006273351,-1.16179215675757,1.19833217906009,-0.800807865547407,-1.14013208764831,0.449300027216884,0.164312529842258,-1.30909633158943
0.329179114758499,1.68362178455532,-1.58905218645975,-0.221447522166856,0.0440590443779042,-0.136784246208975,0.0958134137886251,1.01733116648739,-1.01145309970753,-0.121575806419413
-0.847388543827298,0.951854474244129,-1.68340528369862,0.016617871504169,-0.155861177681514,-1.3592257264311,-1.48670694310391,0.271783284740359,0.788548960330866,-0.216980600080298
-0.280382027488473,0.928824737357873,-1.1237660992608,-0.0969332224361652,1.62467589819367,1.06720782426197,-0.050223620255712,-0.394970670151115,1.89000513516685,-0.582552733708248
-0.331118432958912,0.277276444236047,-0.0563680546807582,-0.208576218975982,1.65630400616164,-1.84241418086685,0.393604871853302,0.344981518553516,0.975223147126547,-1.16406150557328
-1.14058467288262,0.716491449249037,-0.958428642237359,0.758621643436963,-0.60260302484419,1.13278743157925,0.292789992192154,0.0940501826687308,-0.841573411163377,0.0935014155605592
-0.475716404454774,3.06131744170803,1.24858086793448,-0.698489504886405,-0.136809707865363,2.52449608450069,1.87455979099924,-1.32412069187242,0.440240161558282,-0.675124671864163
-0.653076012657349,0.788036383030782,-0.399064289575851,-0.942866044719686,1.65037564462082,-0.220846462711074,0.863189058048074,-0.301960734468622,-1.4718430288362,-0.558643009432404
-0.142577861664306,0.141675913086802,0.795491829904483,0.429141103037913,0.421033504018881,0.656148959828593,0.794319431530641,1.04426380672111,-1.16450532049231,-1.4492726434609
-2.49481587604424,0.318994103734426,0.983576116481155,-0.00385361033504982,1.13144411423736,0.536423055674947,0.941666650313314,1.12331910896959,-0.860483394371819,2.08832090105988
-0.852586305530174,-0.812427763280101,0.805087816618047,1.02684498316503,-0.116547441134926,-1.40099803588708,-0.261755335447312,0.176707399417383,-0.544870073625306,-0.194572073604327
0.973301924312793,-0.911047260140671,0.285905081384855,1.45678933455609,0.710636367953373,-1.65361063719085,0.665113162818793,-1.53768138616147,-0.444072252439179,-0.28221850132652
-0.911979349437189,-0.674682957129045,-1.05686113847735,1.85932924318232,0.535010678842938,0.40870828255617,-0.584458669631977,1.39985659984664,0.814458794870171,0.769995443056654
0.453926781213739,-0.10866570860954,1.25702488608323,1.08952107121118,1.24163676202758,0.0222306391220864,0.887177840637995,-0.639863122389152,0.817259764915655,0.216738078486581
0.913680839613461,1.23923981685655,1.2376177184171,0.357390483597284,-0.127267754711941,-0.620440693051259,-0.432059930358158,0.00901905493535203,-0.80175925731413,0.273313860538793
-0.591729840518319,-0.374089206375062,1.68745641506448,-0.634684594218116,0.75005517274834,-0.406016121978116,-0.827978144391799,2.80158042782345,0.293061698147947,-1.23853686788903
1.15759682826205,0.983543610069446,0.618254613185966,-0.7403033685356,1.67305050051009,-0.961402821792993,-0.306869488387036,-0.77526669345134,-0.540521050152007,-0.301577280668208
-1.01883271693399,1.35217145143739,0.091031491472041,-0.495745927410779,0.673471296929281,-1.36137165059833,-0.144939288431092,-0.557846388286446,-0.432027311472149,-1.24878276137887
0.670061111825555,-0.998693807921516,0.49922256766509,-1.01064910222364,-0.141517275353697,-0.725181791044605,-0.577084616921784,-0.260036981003431,-1.79537022681444,0.997919407163732
-0.191323196304507,1.14758446627564,-0.579787512570866,1.24042392558009,-0.619955993585606,-0.501305508737006,1.17612790087229,-0.744506794027943,-0.840090741759982,-0.865800159670221
0.506579346554346,1.29028423017184,-1.47378615593742,-0.632361232958158,0.597044912107131,0.08898757005152,-1.34068786695366,1.81241497877692,-0.76629289760763,-0.381236111518426
0.636691724825163,-0.134160039117909,0.841251088969417,0.845663242753935,-1.44625435279398,-0.688490872817928,-0.164351010818279,0.140525468953335,0.131381602895677,-0.50535708480068
-0.241563981756552,0.483020442950214,-0.178695131670984,-0.157682693558556,-0.496203741398779,-0.422652234056412,0.390660946883847,0.692321987620094,-2.1531808571864,-0.835172724543267
1.14549879641361,-0.282437456466781,0.473554231890814,-0.932114110015329,1.57401025952293,-1.31109678134514,-0.611939866095037,0.424780480735177,-1.02399426420773,-0.304139891087303
-0.620789947240784,-0.774881847125826,0.354469698007035,-0.863394562635797,-0.461483542073746,0.0768446965482125,1.70115009553696,1.17934342917335,-1.19697410793288,1.41791618881231
-0.499273892011009,0.458897553241412,-2.31787278776807,0.822707087354605,-0.827797068535192,0.904983894522619,1.27231559892363,-0.0993974072995206,0.453282311247763,2.90028049509411
0.513010825939794,-0.330201912373908,0.687220623439403,1.1602590626288,-0.35266371461973,0.610536645283217,0.0070174928358347,-0.476430253676288,-1.75384366048813,1.33525925617635
0.79669933257227,-0.352496191117994,-0.758952802670343,0.608024264922384,-0.876787991500008,0.346840879618583,-0.13988153182475,-0.872713889191595,0.907238463148549,-0.851597822973019
0.915592233753156,-1.31365960159532,-0.0245368612041964,0.318047571127603,0.207081872827557,-0.436427010791817,0.139787608993764,-1.50689581562182,-1.99554282761518,0.472106549539422
-1.2016888746126,0.723939000203745,0.320249924727947,2.02273923270108,1.49949145608273,2.99189879358361,0.430757158921245,0.369887156359098,1.55725620809618,2.10088393086851
0.878640258347853,-1.2691231489552,0.594619469156514,0.295631482722866,-0.583530298316288,1.88347724051957,-0.454490556025163,-1.38354589114743,0.529879220240481,0.703727660116462
0.753211380336809,0.106979546769768,0.785946671560692,0.666385636635499,-0.62181032260417,-1.64748477066795,-0.78616517102918,0.0149763468095961,0.942801110705811,-2.47317873239636
-1.00036413198938,-0.147680502650733,0.467038957387354,-0.644184152674961,0.406178628194655,1.50019117253464,0.299571863782253,0.695462775757709,0.33261415277656,-0.453628512246893
-0.547252392394657,1.52710089074489,1.62859776087407,-1.25457633620701,0.352619946925318,-1.73349173391033,-0.65236482780499,-0.235015160050701,-0.905749400118833,2.00107719217748
-0.26915737970774,1.03895248786339,-0.21097212857705,0.936057725430549,-0.899264739464117,-1.56488589401128,0.93788502197434,-0.965947132714212,1.32614633642003,0.158736478265274
0.30546325256169,-0.033651981338806,-0.56254305758522,-0.316735725967413,-0.210406647096129,-0.284586685994815,-0.584413354444198,0.744158383242708,-0.382672059891333,1.05876791759392
-2.06935606488686,-1.1056091769001,1.09427379511234,1.75602832246282,0.0994688446962655,-0.617285444113955,0.256819930302288,0.515385463080066,-0.321529221803635,0.646242361521723
-1.49512950075311,-0.569868224904436,-0.382760174320817,1.1061037914248,-0.0468722263539999,0.655292462927304,0.564942054221837,0.639673600853094,0.309029805353874,-0.962208400095874
0.550037388588467,-2.10400740858374,-1.46067738283378,0.609422458587498,-1.99133007145715,0.982160677101301,-0.434252741919407,0.444011932605534,-0.857749315423724,-1.57964861979891
-0.17504820763338,1.49313336099218,-0.584530742987333,-0.959930975733757,-2.78014699280992,-2.62173002071453,-0.232669702894271,-0.145678520606043,0.315873470141919,-1.31205407553199
-0.232030176205709,1.61660280132766,-0.329941365454725,2.41134899274417,-2.36760627104407,-0.577900242066896,0.978450545535014,0.0888542667230887,-0.667145581672813,0.0382199908983387
1.00117061007099,1.01010658290013,-0.835663984471263,-0.276966560938658,-0.489090374936782,-1.11891533722027,-0.111796623643714,-0.042715521262437,-0.466497192816473,-0.566563337343931
1.85938046924749,-1.85310888120781,-0.940072551502622,0.923005577937122,-0.201889753945332,-0.979726753128592,-1.66509235001104,-0.434269361217445,-2.10064414054691,-0.585349846063292
-1.06859695319482,-0.369111776311426,-0.36902180730342,-0.191027641861226,0.219708356070503,1.29877063087763,-0.716539840530213,1.49396669597642,-0.126865792376334,1.08630064400993
0.792023001107618,-1.18047998618595,-2.62879164777673,-0.208713407289944,-0.371055650194345,-0.518276080608777,0.959213719708499,-0.303493695009075,-1.62323864503603,0.329080118023786
0.204553173149669,-0.701606879649271,-0.379248356665996,2.15914664178835,-0.0307649953853222,1.57261470055396,-0.309942961106446,-0.371846334471811,1.30745897737184,-0.650839548861895
0.379756355088193,0.979894014333852,1.55013074383584,-1.40049766167953,-0.691063552207127,-0.961591193885615,-1.14311780636864,-0.89401846212855,-0.0645605286551961,-0.607587905391659
0.455659174775716,0.287685331914938,1.10902962708018,-2.30841705879287,-0.993526022497526,-1.07419351681334,-1.5546781933522,0.71065458366494,-1.18403016839102,-1.11656297996208
1.40020075173326,0.35922061082604,-2.98928077941797,0.561836707372619,-0.157880351653362,0.442446810005972,0.259525732103903,0.0276798951791193,-0.714042291021677,-0.857562369181689
-1.41496476028677,-1.92672494924135,-0.775938052181207,-0.0604094275698384,0.578314775179878,-2.03793273734687,0.924166906231916,0.144860083233202,-1.67974233686203,1.08361179986754
-0.0989860323069937,0.319755477355989,1.89047031707952,0.267905293623913,0.0403579516823167,-1.39591791764808,0.0338377869363815,0.303722443732231,1.15733283288345,-0.146107603798892
-0.231977689708435,0.611945983613927,-1.50816330732367,0.925841014652807,0.986968696190187,0.757836952889315,-0.487325180155669,0.945587770061985,0.102861361968958,0.202777467285136
0.713901111288747,1.2173989892075,0.978983340424944,-1.26393993028808,0.273082440426168,0.265609374193533,0.657299398813412,0.152908368066321,-1.11059286910652,-0.653093935621333
-1.44245350284237,-0.206794526307114,-1.26591267191143,-1.5431354469875,0.562616561482594,0.369710707209491,-1.08365351928517,-1.08402730612368,0.228879222262251,1.58385216010477
0.266504328583101,1.13579636998655,1.41753962703431,-0.457741818332687,-0.439338348405896,-0.754071104143672,-0.513275999136318,-1.01942775034008,-0.503202324651122,0.0861151071964024
-1.48176327367099,1.3709668850604,-0.515492184869956,0.598707020478933,0.715254347993293,1.51188225603817,-0.24551259523089,1.60427054020747,-0.47163725703066,1.89164004684006
0.192494158953711,-0.660675386278213,-1.19203365155947,0.759348976472143,-1.8893451838625,-0.0243455533336063,1.15353592714327,0.0105165541339501,-0.180598164470008,-0.36192324155364
0.390447860303286,-1.82760717702225,-0.551312864001814,0.0308784083714935,-0.0728832900040023,0.882017638379088,0.0958000974481962,-1.56650153812861,-0.790581092089155,-1.86759498052595
-0.335839453743443,-0.0685657796123674,-0.245360246309665,0.128530859911692,-1.72338476276213,-0.228514542409529,1.80825489778444,-0.0381336353433052,-0.207806689776854,1.50510842675704
-0.719435358761374,1.59274788221155,-0.539009766382789,-0.595419462783395,1.10589977626539,1.25536194322587,1.00734492373507,0.0296184019428896,-0.216681161871442,-0.303550850303367
-0.533822361850583,1.10134441321345,0.0510709232037009,-0.090857690183648,-1.28617310515008,-0.430488860898598,1.6675094350234,1.32097955810961,0.509953452021566,1.10499567000685
-0.287087723898432,0.755280690996933,0.921754944456701,-0.430281573038307,-0.495212193011476,-0.327968104509354,-1.1182203931181,0.361701347420878,-1.63182974088904,0.28607348682299
-0.125965510242357,0.904978958975033,1.15015529338484,0.168540659200656,1.58025742690309,-1.82003808155996,-1.18989200055491,0.0385052134516471,0.720847080403559,-0.563709914044727
-0.377414004943385,-1.67025815233221,0.436943672321082,-1.05330184910507,-0.426161826317852,1.71629884990441,-0.251327276061264,0.376792853145226,0.742746392943166,-0.372382529592035
-0.512073982568661,0.405676608957522,-0.484872126510826,1.29874662473748,-0.0222900460329913,0.801473317788146,-1.37113282697569,0.91776459738734,0.638163654870557,0.831134920043202
0.0698833622494951,1.47696142214945,0.471997660053306,-0.220313500307359,-0.478331210919536,-0.00534179179976319,-2.16444823920762,0.147643059458394,-0.0965434375632626,-0.15887471552709
-1.33272885241402,-1.39281043386019,-2.2960060776167,0.79587190611535,-1.3266591781713,0.747557878441451,1.45095296213503,0.439372581240326,1.50750022470053,1.1404735680582
0.933381904603493,0.39991196625806,-0.114381199662218,0.0051839468561831,-0.111682674653242,-0.157899454778966,-0.28819558154668,-0.928997067912357,-1.31509254760798,-1.47938573986976
0.174833458487839,1.4464824641614,1.40150883204883,1.90559342851085,-0.474105858739758,-0.182173747203926,-1.68620557571867,-0.0124616535462449,-0.106168750700942,0.328695579701664
0.0103519273510055,-0.741218809065432,0.893772830554449,0.425003247152383,-0.766750303870675,-0.7362772802257,0.901530705260948,-0.82193213978291,0.815803978361358,-0.591667764750521
0.216801597426027,-0.485629583994285,-0.84638095600101,-0.561383781978206,1.78151905296337,0.675782282679802,0.535457961593222,-0.631486043406292,-2.02747426735374,-0.905953642428194
0.65923666539636,0.448020456591809,0.196844318555121,-2.77146939077621,0.21499254976995,1.36286369287268,1.03888538954125,0.751993644317412,0.24042554772946,-2.26396710620759
1.26417886862587,-1.15375868681648,0.471622757789365,-0.227611727456763,0.201853107425167,0.614463847459344,-1.45254334856126,-1.8982602310383,-1.78391833955363,-0.318393409461206
0.0968351696612023,-1.16571130014272,-0.305568924560133,0.672425289672145,0.0618387401033331,-0.00481009005009427,-0.271788370158474,0.15978153739905,0.668275424942638,0.75174255220975
-1.09479202102736,0.653696922063334,-0.651144964197901,0.566713563334909,-1.41993399274092,1.47847400714383,-0.586899099718162,1.65781285985298,1.0568978877035,0.00823652794873511
0.995778248020688,1.49086197490905,0.512046383302009,0.844451296628312,1.8137099425296,0.914970835528509,-0.69932066790362,0.239265289794325,-0.363429075116414,1.12612783252131
-0.184623270662207,-1.32653088169631,-0.799452559329775,-0.749388061176713,0.51563411645073,-0.770351487156256,0.0341712402886421,1.46983992919939,1.23295811606464,0.0781902331452121
-0.992266053913722,-0.706211002649659,0.356300457804291,-0.96907182852458,-0.78944024451337,0.804394881348842,-0.204711648857399,-1.26368838612059,-1.14385917482284,0.866152600541618
-0.303345663422336,-0.0533273451184567,0.777421011868412,1.09358411933331,0.740187710813432,0.0693943105245168,-0.0370491899949045,-1.51835348950695,-0.50063088844095,0.43550813370218
0.36993026227595,0.589047350372812,-1.60914906461147,-0.978989928009589,-0.0219562438443147,-0.41267764510689,0.286399627960859,-0.836006433992606,-0.673694834204855,-0.0234737946486117
1.49955474615724,-0.955945584265222,0.0332759077793336,0.00353101312619686,-2.01320662798065,-0.736174040340048,-0.420517780784897,0.393928459792004,0.611116319227479,0.105361621613167
0.874238666670604,0.69659308838421,-1.79220941938449,-0.879399676311314,-1.04585941155897,0.501476964866626,-1.19677166429276,0.309202082397883,-1.61790782451556,-0.971152391825414
-1.35357913927621,-0.202587150915226,-0.459061349004107,0.465875475441514,1.57309797540025,0.491537888001619,-0.221511210692279,0.562562563697754,1.1990597911728,-1.03696616899719
1.58491768208505,-0.0298004560069518,-0.947101789666544,-1.47070660483124,0.0737630016297505,0.286453005274716,-1.82958863059702,0.100691500242246,-1.29439630138971,0.841266344286052
-0.370856401775953,-0.581437590921615,0.473389851525722,0.832188950935337,0.717606953193008,0.444183009437049,0.040474127444605,-1.68223183426571,-0.706099035166992,-1.32651447212506
0.588824921028405,0.36091724395658,-0.841307316484166,0.301482990345252,-1.90980922851701,-0.364381374646064,-1.53165014341524,-2.58502042411168,-1.16393239712817,0.0576020738613301
-0.530778079533745,-0.0441977572208436,0.458371396528264,1.0721965923915,-0.0362675560528032,-1.076351874472,1.13775081519432,-1.01231815435668,0.0524139335874895,0.695792811370874
0.35972241262004,0.410104748788135,1.18600057940552,1.85673540835818,1.29596708947609,-0.33599658732519,-1.07124230118883,-0.0729823450688057,-1.13200954716036,1.79063318556521
-0.898579430869195,-1.00318283129514,-1.20340155060446,-1.43881822601618,0.530282328739207,0.136727058110278,1.41723929463609,0.783718600287454,0.500464243109515,0.0127811363215305
1.22697976379528,1.25746607224778,-0.479097593243615,0.371426117306695,-0.0916791486556834,0.0453780375283274,-0.682191738965579,-0.127741497988134,1.60634819490463,-1.81338902892554
1.49121404331985,0.0244689519190963,-1.05455694293753,0.321415112221289,-0.0764937604419917,0.473499539241107,0.396817889233196,-1.22547908848447,-1.60045449139331,-0.390770940707662
0.0327679041590657,-1.62487893172335,-0.285077217161403,-1.54091187479932,-1.94184006688833,0.321473529177925,0.108081819312512,-0.126791660418291,-1.76458399626166,0.502670409837471
0.0576598271699911,-1.61605447887601,2.10710494473517,0.622622314886359,-0.040298702010572,1.2957732353247,-0.326169364873621,-1.3069633034368,-0.652643943829058,0.167113156335045
1.38458005980459,-0.620267036764875,-0.180486733846395,-0.231572365606556,-0.642645466753011,-1.2857551135529,1.49876175468283,-0.295517942201576,-0.166191523280488,1.12598041512979
-0.507359734683998,-1.39330455498749,0.0994001730977267,2.07199354039308,-0.692719737436463,0.212320717484086,-0.0143280045533929,0.995623499391283,-1.10533361785804,0.417997295381527
0.432392716950851,-0.48270374189356,-0.412020047775724,-0.163862696632436,-1.17107857610921,2.49902869209113,0.380391031655428,2.14207429626955,0.0274278003135813,-0.292612218034772
1.49069654311046,-0.658254622035329,1.47355693844206,1.34237569398957,-2.03919068187551,-0.557890607870835,-0.876429847251576,-0.524024490068281,0.10065570523761,-2.33338014127308
-0.451425167488821,-0.829674107627174,-0.749157467394917,0.0263539998142198,0.410360180890242,-1.73693247566244,1.45451123762562,-0.29663165065898,-1.24794050327481,1.35015642159439
-0.731992344653179,-0.388633121186628,-1.10928945619045,0.901106129747709,0.144299607493205,0.237857404426914,1.26343318938638,0.27825468883158,-1.27903819897997,-0.196144734948568
-0.294390761021453,1.31673439744222,-0.049779796182422,0.56042708673208,0.856382613211393,-0.153888899039405,1.34751903158738,0.876802540032857,-0.221965367024345,1.54804174039321
0.859135745114845,-0.572521200875699,-0.666650527425994,0.639276493985599,-0.0656400150441051,0.560922412179179,0.321954874645116,0.416029014254392,0.78558319720822,-0.634195851206704
0.941169868556075,0.592972033544746,-1.56647602000733,-1.2533710993581,-0.0416839546169342,0.399420407613729,0.771692290019252,-0.462779963513016,-0.0336344348751132,2.39342774139382
-0.919252491466543,1.80762460650743,0.184607985349718,-0.444854297573459,-1.29089500089432,-0.0947856949894333,-1.27054399257246,0.134066591950694,0.400685341719454,0.536918904459838
0.445647146306734,1.04452097165672,-1.07772627316823,-0.273700411294607,-1.36233156380365,-0.535835568601575,-0.468864927115711,-0.213853892638226,-0.371798085244704,-0.122069164590151
-1.14646236241239,-0.686739703481905,-0.302682855066024,2.78267544834667,0.216597060442971,-0.205536487393839,-2.07552187737256,-0.450542901001668,-0.201551232353206,0.478467251990164
0.426928131052922,-1.58970161641459,-0.287305144180036,0.621474109805958,0.612342363709847,-1.71013894042955,-1.28856457620223,-1.21080948042564,0.30390788158169,-0.194280211320921
-0.201157053310923,-0.67163288808076,-0.867113048174025,-0.455714137659026,0.407272080281663,-0.00969384505964722,-0.963629633241916,0.529263398560011,0.625791239054634,0.206087903079326
0.813313690498206,-0.456105825822765,0.841869766568685,-0.0703899827633783,-0.575085748569162,-0.455259999083864,0.79340390813052,-0.739695445114977,-1.45146466433321,0.299128383774004
0.440562422720254,-1.49503507107695,0.748445855907727,0.178908073733369,-1.14912925180937,0.807221684233771,-0.876083676640558,-1.70375332935922,0.715360310975885,1.38822587416226
-0.0232960528284571,-2.45822690257805,0.670944536090004,-0.549087598486939,0.998262264250299,-0.988786906699725,0.667557804316273,-1.42144298800067,1.16097492508825,-1.06314150862616
0.495579175954187,0.0749703360047171,-0.0980845845082823,-0.598376359587132,0.502992534828708,0.0085247871015065,1.27233190585021,0.0905890556627705,-0.52111295449033,-0.87768143988531
0.0491519569417878,-2.1086411615753,0.745522239842866,0.874910174980984,0.310236116394208,-0.206647762818245,1.30603955660849,0.522694678533321,-0.195012338719798,-0.712678773974749
0.465376343123838,0.970557407244461,-0.140076711409963,-0.326880051394183,0.260400242024192,-0.657921098152442,-0.751331138095546,-1.87204729754033,1.90609582917411,1.02856727364867
-1.00188097769491,1.42602475791491,-1.62281815824242,0.131044128249831,-2.16516709443861,0.759518080263757,0.0910929708742282,0.46265762515304,0.576519119804243,1.64149862128385
0.250044834280555,1.43587729462229,0.812763182388297,-1.60911928432802,0.0939439944530082,-0.388855775100812,0.750371674676865,-0.789593131440072,0.429723435353986,-1.29076648012704
-1.14403822599906,-0.0548000954757977,-0.336769366135184,0.385580974119146,1.77547513489756,1.10007847491099,1.41647564444727,0.163525044606224,-0.855970830028713,0.641816779706163
1.73233571459685,-0.809467084560537,-0.638875504818772,0.450210026424899,-2.15278342216981,1.59011330839549,-0.0660593805968969,-1.69318647999682,-0.539029614239217,-0.628649604957097
1.20561770550729,0.0799620318023054,-0.67488513566975,-0.57279491827557,-0.4279882734036,1.13974155121864,-0.910750769616635,-0.811973607636088,-1.05834570356939,-0.055954635064052
-0.269399943128061,0.148618854573295,-1.59374200224825,0.51012902307628,0.874021458494527,-1.03601176385883,1.33274440329608,0.67817696567402,0.0469503900087894,-0.513327820689422
0.454346393895522,0.402816512874674,-1.05266532743524,-2.88439564781226,-1.27431055395774,0.237979085794799,-1.41916174267111,1.07412502905176,-2.09771397114879,0.298761764713087
-0.667040094716837,1.11181003044779,0.119123243497467,0.390720123204506,0.154330068429222,-1.64286603053956,-0.589474077458831,0.68391992661066,-1.58300989587791,-0.739089295422718
-1.59740643745846,2.62885261757565,-0.27788962346396,0.470671892505356,1.55681388938651,0.332424332729577,-1.74576388700199,0.0672342432550944,0.40489822016853,-0.0135149112529502
1.05365954927099,2.54691635895364,0.160920139585583,0.226450074456371,-0.206765645298785,0.731549807437686,0.0817654692226842,-0.0751456308504365,-0.366253808252994,0.37901019255066
-1.02654162837981,-0.846460420344083,-0.249564068408409,1.09451243017464,0.521862849707869,1.16977935543366,0.34277925090449,-1.00721732664706,-0.703226175805114,-1.88857230502651
0.126619747698256,1.12626589395782,0.711813915057115,0.728857540779072,0.597145977765622,0.148376022646122,1.5303211099729,0.120457833840129,-1.12268211193319,0.12944578298248
-0.0271610784218744,-0.870066392312111,0.415372986752241,1.39601039357824,-0.397180567006696,-0.761583015074953,0.44922715399902,0.118839457710171,1.67909053506613,1.08493475966587
-0.473442183096466,-1.10703673420874,1.63654509618499,-0.999421716063981,0.0121037377347322,1.93206651305814,1.39244576800689,-0.102815941591534,2.06728904300142,1.90761401623676
0.197170740952831,-0.679591641444779,-0.979224586218606,0.850955621126453,-0.0577479802400476,0.485518862618002,0.0864596802427177,-0.312222786143619,-0.312348074286974,-0.952445184983776
0.0549252482027799,-0.635301016559815,2.14948626979397,-1.25462680844421,0.869410259122969,0.0499732808572955,0.161557684158542,1.86210657129746,0.766989229861777,-1.85002386541369
-1.53338624100205,0.878564887224718,-0.685002244585258,0.915725594583206,1.11290574822632,-0.837029612319279,0.60459576321958,0.375761417502124,0.579103429658357,1.3912652615793
1.52594185659603,-0.28960715517385,-0.347191256364923,-1.09242537068658,0.177738186414849,-1.85093250060553,0.615476510640362,-0.490609514349468,0.196128858935839,-0.150263424731393
-1.24056556774549,-1.06298915263472,0.85685854330679,1.54650419965488,-0.76286720167123,1.05602781992781,-0.294234937784751,-0.946191168289276,-0.363867206151395,-0.0218192616080962
0.236488741022778,-0.0153584419484118,-0.0284303466470762,-0.0852707627212832,0.121571282580356,-1.50685159342917,0.0507944463330645,0.831592898951548,-1.63447904490331,-0.420386451071437
-0.564047926853381,0.0457291201201089,-0.760182282963736,-0.418845116115014,-1.80656955742939,0.0318581655558561,-0.589474704779756,1.41728515651233,0.36084371040099,0.588646983778063
0.240545942792455,0.978278322729401,0.255835129641118,-0.752852911112383,-0.467893937920346,-0.214213859352655,1.78308386826402,1.10591165326607,-0.674725253713171,0.12675104007879
0.393225957618556,0.807980305350288,-0.516433342741356,1.59946047674043,0.40190094493372,-1.38827959035238,-0.650547213166391,0.789985481459577,0.983869561390696,-0.451792484862855
-1.12521784400146,-0.688782445111621,1.11091902530185,-0.0971243066550403,-0.526787888146253,-1.98402542651515,-0.0774937533967865,0.00259518428921984,-0.33718616464016,0.132481088259094
2.38210724827375,-1.07966527712663,1.4385448070792,0.14981954213228,-1.96469588886623,-0.0675510059046884,-0.102018946499797,-0.394115928688947,-0.988012894249102,-0.785515170302541
0.374307300047058,-0.132956668849319,-0.110013990296032,-0.247802503752608,0.773769106462629,0.47133259729637,0.0133886899786372,-0.00438345544336835,-1.15896878094958,0.212334267099024
-0.892158721797093,-0.0391030380671755,1.03219455898137,-1.12657112803591,0.170842182897661,-0.278689979243673,1.60747098289414,-0.698517661514285,1.47466168598484,0.205223167758313
-0.138636884524783,0.267537193105637,0.672080452247919,-0.645075227389177,0.0340126900452788,1.68127786276029,-0.448461298131494,0.418281364764777,1.73140061433635,0.745084129255743
-0.269254016349982,0.4464949657319,1.47256261969047,1.70574425207961,-0.124718204190683,0.935181555296276,-1.60601527964249,1.44305760643466,-0.591981347605264,-0.0772311225069704
0.788725804043692,-0.0344550965923403,0.979703497271929,0.364522497201975,-0.830444173771245,-1.7494674730145,-1.67293908725759,0.474782621998111,1.22922002200546,0.221426267663792
2.01469640283944,-3.95973175885182,-0.162317752889169,-2.18072197658045,-1.40230325569622,-0.928346605071146,-0.974271491137548,-0.153155653098815,-0.927904054950892,-0.567770157308835
1.85666819370494,-0.120035081825606,0.241935719355693,-0.180068804053847,2.52447631639352,0.311143791651656,1.39691025892417,-2.21120702759034,-0.0715832012366257,-0.519331525201932
-0.95456812072458,1.39988325514956,-1.41784273760127,-0.145686000187149,-0.473345073890476,0.621784109569705,2.03575423565431,-0.11825430862332,1.36870330377125,2.0525643107488
1.71397389949336,0.568134369499748,-0.436644276346001,-1.69705227366669,-0.337284984573315,-0.681542208699299,0.964415855431847,1.06206572199811,-0.2859563841545,0.582856813549493
-1.29340338085231,1.9264384745961,0.380854567740796,0.241563463375815,3.63672145413954,0.340083965094992,1.07523969266977,1.79336350630812,0.697087300835537,-0.226272260435839
-1.1219781571737,-1.06950249338746,-0.297571479703236,-0.177586829530244,0.543608783212793,-2.21393827130042,0.283275841019475,-0.113217010152191,1.20950918757557,-0.342146937483863
-1.64986412069224,0.0369456027700005,1.22571730497854,0.981396440653165,-0.453624936342713,1.89684929045891,1.81020247393654,-0.580202789878134,-0.120240288501101,1.11252759793207
-2.23251391082791,2.07825956886999,0.684190964374919,0.67533995596167,-1.02995665289571,-0.807135857801345,-0.30475638049225,-0.34001037910053,-0.369773379444501,-0.0614645692440813
1.53699512142853,0.899128377689211,0.785321704231501,-1.74066372791774,0.0683283366865451,-0.339105087388079,0.045634874409079,-1.41591903417205,-1.60049244352696,1.4426636994106
0.0397753671619377,-0.435368203302425,0.382920327288407,-1.40249252815987,-0.489211985666938,-0.586995747921708,-1.74537748210932,-1.02930945608232,-0.377790247241434,-0.723015713823211
0.832588331568531,-0.96069545342311,1.57878506906418,-0.389502000367905,-0.805231167130152,-1.19296722496634,-0.828455679020658,1.51680885420471,-0.225091025726512,0.676611869893105
-1.52025407478657,1.23870654353914,-1.23189200443741,-1.08939763984993,-0.623861529386078,-0.866050896002863,0.404923584587294,0.203627685932498,-0.972055862740298,0.418691663792642
-0.788284980473546,-0.381473726311448,1.34381252273563,-0.842401059917253,-0.216110048029685,-0.0627320256754581,-0.0137393526685071,0.488793219602964,-0.514228090382358,-0.52573517383439
-1.82894337578825,-0.893015669988013,1.06504653199814,0.447198776861105,-1.0600156267106,0.210823396848571,0.646414545671572,-0.188449423596744,0.335137699158563,1.01966002622984
-0.135618632013362,1.23502845102652,-0.0631286525764556,-0.428284872807338,-1.49104516664242,0.428519364713108,-0.369134589418206,-1.40602528901097,-1.48723635270344,-0.0394127435762435
-0.771559392643302,0.352669870285801,0.795137330123873,-1.10728299206685,-1.3156411855971,-0.101228227641484,1.05672555780844,0.594451540910111,1.74605910107108,-0.662763011439743
1.94453311907762,1.27066178052514,-0.416616689555645,-0.91578629913798,-0.598094673472379,-0.819818612169341,-1.45960376013709,-2.25843057968615,0.644793234552685,-0.757545225139107
0.0751087635566484,-0.0440953896271045,1.20010959821422,1.0235127478228,1.1064969235615,-0.34089476833981,0.348880864150935,-1.60605327664842,-0.609614001608845,-1.70846101092985
1.03728614201646,-0.266871745134305,-0.581334918924174,-1.86137158907595,0.558602297249942,-0.41571424119466,-0.22831301382461,2.28009088951792,-0.411771572454813,0.601075310845263
0.330510334976783,1.46628703311856,-0.683074649939945,-0.0354194696473896,1.13428614012764,-2.06010765591576,0.926481996840359,-0.998931642187311,0.205169108058963,0.995038088363607
-0.296662528132245,-1.18425286231199,0.181893066082921,-0.828669373328149,1.75142612572723,0.755941732320107,2.10106666060595,1.62571467109751,-0.466308109252576,0.184952032003936
0.697305611451933,-1.19255864475944,-0.372519041207418,-0.697970693856468,-0.60412687092773,-0.832527675028059,-0.0533846491366498,-0.0553614879468894,-1.06445542138876,0.847124760368242
0.125072901107983,0.828375563020143,0.789898263591442,0.603085072122566,-0.293678695831104,0.252827489252982,-0.102394472291028,0.736519721354672,1.06964508686782,-0.360372691290618
1.2746068929244,0.571226124807129,-1.64763042549496,-0.58568804091813,-0.0601316793621635,1.71985292568422,0.173219295162789,-0.763604518029396,-0.920966408907419,0.311264658149064
-0.284043376251432,1.55102845887787,-0.40178457312723,-0.480821270801307,0.276311411700839,2.10901879673547,1.33449122024391,-0.0417214555737598,-1.68589441338138,-0.809171009057976
0.0957553244079335,1.20442124597523,-0.00113195013889522,0.69890607159186,0.516489295487006,-0.673581127523608,-0.0541001314575161,-1.55891026217747,-0.42669232353539,0.0920010650537239
1.06654105661962,0.0923310751412535,-1.41099115051888,0.369183650013938,0.467443609884983,0.403461439632882,-2.18071430285115,-0.228874350563581,-1.45917315610316,0.331517358110061
1.15290716074939,-0.832797369082747,0.9740106949706,0.877389470092005,1.32474288414366,0.123640107884431,0.749171050645563,-0.0942989487749698,-1.06008744467,-1.74002084042717
0.624777485465789,0.720846643953775,-0.935780602608809,0.301324931742738,-1.19011826122837,-0.160713235981103,-0.413440175038918,1.12371007350181,-0.759430476018344,-0.773970286291555
1.21956378552259,-0.213809134779623,0.343627822576377,0.0657617885800084,-0.135773456331969,2.90754864279071,0.0853861873916657,-1.16033128915997,-0.2456749522147,0.694545070786347
0.271583955158843,0.50988790418159,0.561805637028737,-1.07579187133908,-0.724908345993386,0.888937783257063,-0.313465054663462,1.27723883394866,0.583102912423795,1.04713280446378
-0.868915465400283,0.437965248558747,1.97162399292592,0.013752176508689,-0.397400473710554,-0.220153652764494,0.511125072302902,-0.0194377724380932,0.0598113230774153,1.46564372864637
-0.429525693382795,-0.672027825132294,-0.00210338474091624,0.102741069094232,-0.401065606132566,-0.62337497011079,0.817375175879957,0.852401676589339,-0.854417846191278,2.73232561999415
-0.553968599845871,0.575202808847451,0.118428931022022,0.501953454473004,-1.56713242659472,-0.636930293799188,-0.576648447081102,0.406628876073613,-0.374752900836635,-0.586279664922465
-0.593759569789404,1.79651161437835,-1.32810743130241,-0.720046688639324,-0.366545047202052,1.59096076069935,-1.04334569586065,-0.667374884749581,-1.24909572796754,-1.22727594050692
-0.476964858963726,0.0505957293750895,-0.173664883923185,0.300316065928777,-0.468438079723454,0.621031581754069,1.05977058016868,-0.786280660581994,-0.717133683715401,1.17776464035605
-0.780465550424062,-0.390246632508793,1.58083413144383,1.22339769622618,0.558653463025311,-0.653447419135126,0.243256100505174,-2.17903873142123,-1.68396558472252,0.493970578862519
-1.35266682369927,0.231876993357507,0.254390721323184,-0.521184560217173,2.17714870236539,0.615051096590921,0.76095988513497,1.26261805870267,-1.58802377290339,-0.42876622403342
-0.12517296091096,-0.177987776991847,-0.237855391322469,-1.00637156482298,-0.529162328309323,-1.29878824032863,-0.281153892738195,0.709521961967692,-0.898322914749745,-0.0777012579160625
0.313958105830767,-0.388136058934953,-1.0356550247005,1.58159863795924,1.07537666316975,1.03257356979865,-1.68796748328602,-0.237762251417082,2.75222204495042,-1.34000753688161
-1.17987066981091,0.0752428171028947,1.16975950885637,1.94765370741546,-1.33753704432651,1.68051890829681,-0.615260256502775,-0.588396040560876,0.616519367304407,-1.2036862204326
0.861569241023174,0.552728289764049,0.00786379932783003,-0.882020667456352,-0.461587914792788,0.887975146398441,-0.433109054555702,0.417083927204106,-0.400600160331693,-0.600431762902594
0.523556722217851,1.47051168502129,-2.24256783492685,-0.704631001908079,-0.719939285698204,0.954058039903289,-0.857512254251392,-0.756729892439794,-0.771371820761478,-1.15893357056691
0.19617364933042,-0.578238491968232,0.74869119738185,-0.587862028718488,0.6276939187854,-0.59304510839409,-0.323572626379799,0.280664979363982,1.69807198462928,-0.865061763744796
-0.585249144221532,-0.437132396903391,0.528552797858006,-0.109300485507729,0.466265094123609,-0.205435058618067,-0.429919906221149,-0.130755692666909,-0.88342241196071,-1.29430654144723
-2.1630656492223,0.515431642471473,1.41462379095004,0.115301831720016,-0.91084770106426,-0.159240199870162,1.25045276524066,1.47352067833903,0.173024626399502,1.30462768028259
0.341294446575823,-2.38429866280155,0.675431375489337,0.346154763452483,0.801206375620382,-0.276568205751516,-0.119426905848901,0.389615483428781,-0.300662744860882,0.75261789085504
-0.708877697027054,1.10942791519505,0.157950754935257,-0.397906490926689,-2.26301033277241,1.72435433415625,0.0820109356401553,-0.0354108262144733,0.724992901564151,0.686850258993605
0.108938020855003,-0.90664588222418,1.3737104585079,0.247764125313258,-0.988581547466843,-0.465505764455924,0.0526286348489254,-0.267403006583088,-1.14184535236066,-0.936004299510769
1.02272437431172,1.8371699128705,1.09920250342317,-1.05105634042716,0.219967242266928,-1.29866580185273,1.42460220469695,-0.559981378264929,-0.68910673602119,-0.130642602593373
-0.303046582838572,-0.215808624411093,0.934270069768728,0.22467113868704,-0.276255988927122,-0.745269511100356,-0.118508625488664,0.463512933145521,0.0837662533248393,-0.0242048624132202
0.0193397519905192,0.649292430447518,-0.176198380515721,-1.38829654600892,0.170785903585665,0.64045691665218,-0.239283225208144,-0.00423600884287494,0.61634486021654,0.705190533323473
-0.806227920399348,-0.335375205128838,0.354216392942464,1.93634735750783,0.58407883822984,0.501426716709851,-0.0188161567088741,0.853999560791976,1.37590334000261,-0.448156571914883
0.934046507945052,-0.401796071125122,-1.54622849770925,0.962313505680857,1.01043079589124,0.641213733623964,0.301416137292794,0.0648507919967601,-0.749367485032235,-0.716984571529782
0.12621073498774,2.05212298621363,-0.9359172752569,0.625373539900786,-0.667316950832357,-1.24068271838933,0.101488404001083,0.0293537019658886,0.133903498554599,-0.878688422386224
0.979116652192567,-0.503066357855527,-1.33978470269485,0.96489145885374,0.919446082906485,0.971789978304197,1.74994900339996,-1.60090449457986,-0.12527035465419,0.937362082341915
-2.14082210843585,0.155682358106601,-0.115901462589967,0.497020804001588,0.732534490640725,1.4745882556009,0.639626152886365,-0.187904695377214,-0.386106397801379,0.385012741141332
0.706434748654262,0.0502694495848068,-0.565946245168656,-1.50542789368853,0.481946140939872,0.892771076231056,0.558859758284404,-1.49955188364772,-0.471917806735435,0.625676248980624
0.204869463694713,0.415702673850181,0.3166965698684,-0.160935690103016,-0.838306416599225,-1.48907080387003,2.41790787502794,-0.335981886108216,1.22953853173946,-0.166084495787167
0.856413821104984,0.488682075290008,-1.11111598077314,-0.59893603766479,0.300289032999488,0.0241871934408711,0.66814784516847,-2.06173311655102,-1.83002139049401,0.168722961550356
0.211038360723063,0.669970161831705,-0.315349737812491,0.92293621764423,-0.821546336141887,0.589336827083107,-1.10038548622784,-0.22643652225852,0.569804993659328,-1.04474161873669
-0.542761056377602,-0.0901405044134275,-0.979232408629687,1.17278341292507,-2.27664000180119,-0.93038939191014,-0.355749668699086,-0.451564784562949,-0.741289695259047,0.204079292199416
-0.370243503087476,0.0747700515651013,-0.377859039063129,-1.54699446743847,0.556772998032132,-1.07182079357502,1.49980462910864,-1.08859281680308,0.443880838576832,1.3820812801494
-0.872793967564454,0.092992553212508,0.0674993283869137,-1.09387325845981,0.386275654339715,0.349561012914804,-0.885582315306051,-0.943857467300356,-0.47336924011609,1.08167541592169
-0.836670667442584,0.989158553194931,1.40804572644175,0.567113306741251,-0.492032871734937,-1.0104687280098,0.912425173529475,-0.576693044636336,0.353087606223548,0.92927164131632
-0.0805655763590267,1.07905269884245,-1.02574784455298,0.15644006003285,0.121325913423305,0.0775779620895696,1.37259755811724,-0.812031747934446,1.16457468011327,0.64409158162124
1.46175977742692,-1.50368419084431,-0.0823501679537133,-0.196604209958817,-1.70472093809064,-1.29971161023111,0.221270807379131,-0.0655920119060533,-0.937657319370999,0.101132724655168
-0.231899906467671,-0.349160276663376,-0.951846038777355,0.741039310262265,0.441851353459306,-1.78140281785477,0.0491129566338121,1.1983512402688,1.31992085856314,-0.821912005882236
-0.244729577080665,-0.460406026157478,-0.826336431147175,-0.432383847426668,-0.924580449592924,0.84223100370614,0.667366174709836,-0.104390129071001,0.23998676965524,0.586732572287687
1.25412987840469,0.32782127879026,-0.127275396802307,-1.4581677580905,1.30413198740236,0.354434397381193,0.512907606931411,0.736146765129744,0.874166055876014,-0.0152520827569504
1.41095555438035,0.973575534172314,1.78161260588205,1.39835313380907,0.46076112121272,-0.408434621724626,0.489873528509814,1.28684682502639,-0.894461849521733,-0.0485093864582958
-0.0225853290592771,-0.404434713949247,0.124434223216745,1.20609065442963,-1.84186289530822,-0.483008883584517,1.48891619480124,1.28036224715369,-0.452062352055581,-0.6354554241863
0.0568190576349158,0.392307621247475,-0.171421533421159,-0.0670161331724198,-0.691608511571827,-1.57127149262913,1.69254418385483,2.95243951538961,-2.36310795591005,-2.03464606222516
-0.304958283960481,-0.670179181038268,0.594968031016038,1.76234770665234,0.307553603119646,-0.230532573625338,0.344590511430997,3.42318377820548,-0.560451435781728,0.746241443999783
0.567079822181674,1.13301845909301,-1.553527317485,0.966232380589035,1.63049839159232,-0.0573876704984643,0.343996553831889,-1.04642308081723,-0.596205006987377,0.74869501199063
1.0654027459756,-0.368938450129338,1.59219629478261,-0.0612391589247393,-0.134967727008906,-0.539222760012167,0.189477949239456,-0.970028049970683,-0.2752290096044,-0.900481478686527
0.404927810951657,-0.384002630230941,0.850912774645784,-1.69679056354886,-0.166638679919625,-1.26406163582231,0.652248466640169,-0.705835802892089,0.877681018136522,0.781083558006331
