1.27459457800366,-0.376518679402659,-0.827181385908844,-1.7503855327107,-0.631055016977885,-0.0922459386468504,-0.424992619962684,0.0193332235269599,0.354681154602582,-1.31624000835955
-0.885936184372684,0.661556587114161,0.484456101769467,0.971331337595111,-0.228555358913488,0.269314511230834,1.5847838391489,1.12910628793102,0.643476368560083,0.268682443557772
-0.353089315303115,-0.839770913218065,-0.136510388650985,-0.076832643889881,0.311229410165638,-0.00588416924630785,0.57117316743524,-0.573654781120755,1.64682175632361,0.0832148978049701
0.472818652203362,0.627435507032644,0.817723934211018,0.767408428768614,1.17832512942625,0.892252744004895,-1.82854184973075,0.132428560841465,-1.73666632611144,1.52293044926194
-0.473886815728949,1.0689449844926,-0.078065450394379,-0.708670960202101,-0.200586192379343,0.959423015589347,-0.0773116375983392,1.15429320662872,-0.584018039096806,-0.32542972375605
0.430737703829848,-0.110327485841935,1.25292213196549,-1.65043339162632,0.296033135347814,-0.0528403643149339,-0.193052906658421,0.196728483853653,-0.283000665925265,-0.132184218059368
-0.567615498850407,-0.188316614639472,0.148855837428871,-0.192058872410639,1.3026126023214,2.15560563145811,0.010481513822005,0.64431235145124,0.0503415192301648,-0.371950882636524
-0.844027168955521,-0.245231502853326,1.54200545816352,2.1508679706381,2.46083173258349,1.89483059295713,-0.216184918847268,-0.529598046841885,0.3146723344071,-0.304368802467163
-1.22309425393167,0.0692795500354549,-1.89584876461575,-0.760091693342116,1.22203143210602,-0.517874683840203,0.549357237422801,-0.289093731036214,-0.870450915092874,1.46086110500515
0.849699791925703,0.676106490433958,0.718142600049173,0.236639620357895,1.0334641052308,0.108664383961572,0.592762708052995,0.30220374836687,0.210537532849395,-1.39223250082108
1.14127545147109,-1.38074070143397,0.108264228027647,-0.185185489037194,0.131095758577242,-0.156457982058475,-0.0356454757856161,0.815489031812086,0.435513135454825,-0.580222464273671
0.266869675988217,-1.90175621519631,0.0450279626550741,0.412112116633869,-0.126631758644865,-0.873625504279171,1.55713221527352,-0.021297968327486,0.72176660579453,0.405601175599765
-0.82742450594525,0.526206412908824,-0.392084963863646,0.484359666790602,0.408310522758508,-1.52905490567764,-0.297595092858687,-0.205620865502143,0.843779341412688,-0.409256266570267
0.307867652351519,0.55722647076867,0.560288436622223,1.60577541813938,1.24446203792149,-0.402685972493091,-1.49036687285307,-0.286242065243165,-0.247602942243866,1.45967361036418
-1.39953864605774,0.607787843386922,0.185129664534217,0.511169287090945,1.2995924585235,0.520057362526858,0.52763092572549,-1.47992107200656,0.635544062163999,1.42042076161772
-1.48788976161237,0.338658058453473,2.68856526160322,-0.291346013232868,1.08451827534633,0.0147295655464099,0.703688265242798,-0.0690398008978875,-0.252313182569371,0.491210993927008
0.628131734639393,-0.138325984054855,0.599246879905538,1.18647149139201,0.504514091078527,1.39363665957433,0.407487801842938,-0.429506791105467,-1.88053808199487,-2.2154936180895
0.74598886500994,-0.530161381894203,1.32450032387765,-0.0258946475410227,0.378068309244629,0.19756789029856,-0.0704716531032067,-1.2771404407181,-0.0888826958712464,-1.83902260717311
-1.66349420781423,0.452539019161594,-0.0691124439456041,1.60740427532769,0.892936669485675,-0.707148273747493,-0.771705139594567,-0.422633257438824,0.357380994633337,-0.308341640675842
0.548854507404776,-0.241261588175172,-1.35718788782224,-0.307569500211002,-0.199572443586501,-0.142868883686779,0.346144454339493,-0.189343213978703,0.76963046596135,-0.0863575577518005
0.656898468720344,1.87157202976571,-0.973836769812728,0.516731283487111,-1.15420765859116,1.30569969905655,-1.94823306446233,-2.41339295154972,1.31309128995996,-1.85603226453655
-0.212909751151596,1.48335500429557,-0.482596376132763,0.543259821586573,-0.447091516745116,-0.66750177746699,0.699145072504763,1.37062497672249,0.159135770818594,2.14411274408946
-0.931671499915281,-0.284113614038537,-2.05179014577987,-0.427869874974496,1.87615761588832,0.141790762637471,0.946501013095776,-0.189974077609647,0.332703702918213,0.370879462087204
-1.32157923958881,1.91537430987727,-0.0822597169590215,0.594243073702978,0.490630603863553,-0.239747599850039,-0.0311511004832787,-0.701005656746928,0.548023308286648,1.91022821524361
0.245356045879419,0.330804558004079,0.0795743343044961,2.85268037901036,0.651556716922569,0.803458303002981,0.659309740965077,1.2178859950765,1.00193640351502,0.183610807505908
0.496468579494815,-0.103352888297338,0.61892259184162,-0.218767774139992,0.111693432845235,0.600251834537546,0.136467898347266,-0.0565822577446185,0.183524670254457,-0.95877774774058
-0.907717594468342,1.60085770364932,0.836461955384684,1.60764801386719,-0.217209536322021,0.132445880074647,0.984817701056283,1.17814597008528,0.13530055881972,-0.185005315762331
0.439144856379609,1.04964809235461,-1.26523863419932,1.16855858450515,-1.12601572890192,-2.03284971366257,0.284147501113486,-0.604871245454018,0.85565623905228,1.00922070175076
1.37161163867534,1.13996698519,-0.637013997056934,0.906539550648625,-0.993459824083565,1.37309621867626,-2.16848378003465,0.720339085685219,1.10465172734647,0.187183626377816
-0.299598605827553,2.09366922556364,-1.16284119551331,0.954931303741221,0.266873644374628,-2.0361312344553,0.154059393608615,0.68311724042504,0.244075818577572,-1.36006748791755
0.910094515372666,1.31019052982469,1.05393714521087,0.146731891672494,-1.19857921732326,0.145920786267782,-0.39224003002089,-0.518700357168348,-0.691743798455881,0.287895677810053
0.899370642520471,-0.551127686712579,-0.300025400901735,-0.877463008523935,-0.759118893132323,-2.14239374077593,-1.02272012976338,-0.27613934474266,-0.0931820925180521,-0.214263287544083
-0.621046488729428,-0.000163688565351034,-0.342084546542125,-0.31097304323967,-1.39258356831772,0.366656944925219,-1.22789704453118,0.557327448684532,-0.0964621685901823,-0.0240302571081079
1.42312005673787,0.53480582945515,0.663131804759204,1.34865727730324,-0.37959570213028,-2.52718864423209,-0.309573901245199,0.0302834757366835,-0.40200473080914,1.30475265789735
1.59489119718835,-1.22880775439504,0.0184842698831699,-1.5357460529053,-0.078425616044639,-0.0616564256893355,-0.43289814506804,-2.04108258493966,0.426017838806488,-0.883572167620125
-1.73014667510898,1.36928930900649,1.87494455612077,1.12107560911081,1.3621507534349,1.14013813550965,1.23993550555938,0.683168367251779,0.362119001521549,0.988620632532205
-0.496786593951436,1.03125527236262,0.21910757519465,-0.390568351345515,-0.823044067521508,2.55043831969507,0.204253278283972,0.00186808619426634,0.0755349798229139,0.738703128279914
-0.0283576056713252,-1.64618711617042,-0.454629440714057,-0.325444514692252,-1.05342899222049,-0.497435320477024,-0.478307342162001,-0.297523710964466,-0.74009974044102,-1.08208092342772
0.179379684397821,1.09405615355306,0.33889258918505,0.719283341541117,-0.720324156838928,0.181315262970228,-0.0877994960277166,-0.755182276742873,-2.19321982064549,0.925443046384974
-0.300037004014957,1.50181102639939,-0.0435485342067569,0.0299108071331346,1.46885021462281,1.65964096677996,0.959408780441245,0.566276022367578,-0.817210034115356,0.517319021243704
0.849727654423887,1.25423171365423,-1.09967849394738,0.213934323914756,-0.184145708717159,-1.01217113048829,-0.711809786609934,0.343792795103248,0.0298584690671138,-2.05842519001937
-1.75664985579851,-0.484304776175463,-0.873958164304091,0.537328564746127,-0.424040990340829,0.195904455997864,-1.20970757103631,-0.409714723145191,0.0972877534047771,0.268925577613823
0.769659563941835,-0.185944925737266,0.475673391512598,-0.28636850866956,0.0987571018174258,0.459636205431263,-0.10617311335786,-0.69782234146732,-0.0805123563053263,1.18037830533814
-0.697764916365788,0.804790370652568,-1.00603426542048,-0.215781424811426,0.0216441725210372,-0.70671206621379,1.28748777612818,1.39883358586845,-1.77718405871891,-1.22027812418181
-0.962444589733245,0.831488467243062,1.78138283104781,0.182222035621038,0.301728388540016,1.20126950187203,-0.121169333764563,0.687693482932765,0.0582762274546165,0.64190841426928
-0.60789509128226,-0.96438729267183,0.135730692379482,0.871642954638594,0.531149468476424,-0.662372170860852,1.68300251374084,0.589459123080022,-0.533946043191386,-0.883874918048653
0.236796424108127,1.04065420689794,0.453109611927033,1.23500430839833,1.78863275001703,0.879506219994083,0.639470935871022,-0.733010878557774,2.14165963030438,0.120955133271385
-0.639036580615834,-0.621297263800962,0.226523603172728,-0.564361380683143,-0.58773575386702,-0.363240174368735,-0.124127388230393,-0.040193531007662,0.719758277796974,0.349943468590727
-0.315157768678804,2.20077845404253,-0.599404973942582,0.130165860564367,0.0519036588963249,-0.162282299256874,-0.537580112828558,0.291779948208938,1.05056743161097,1.34031403073951
-1.40087266495501,-0.462615433724154,-0.19640637102173,0.27066937954843,2.65633399529757,-1.54200333182436,1.22373471904844,0.977582557575165,0.147187500273959,1.78821344950414
1.2526563769986,-0.25688095922915,-0.0447116184292236,0.380463071176847,0.398839622530699,-0.162081767340694,-0.243812697375986,0.530868096699707,0.879753960014747,-0.63072010763424
-2.11575454704066,-1.21547574533124,-1.49832146940205,1.26196244331142,-0.0520338307198578,0.0642731132391349,0.322216856096792,-0.854158701909371,-1.81000709860625,0.505163410666446
2.41595425730196,-0.854112512102898,0.10141975004236,0.093847709066452,-1.4159942311498,-2.24963165985945,0.112622191172782,-0.906730115427472,-1.30423778883319,-2.0752795112409
-1.6135655793415,0.0164366991663779,-1.26897098188694,-0.677076326950303,0.363245223024423,-0.575149854891932,0.409260646922108,-0.684384968039924,-0.999069824697222,0.573672676703191
-2.71529830258535,-0.492244609767129,-0.76481959005201,1.34105692682164,0.513899607108023,-1.16106719637845,-0.492191833390713,-0.820743754679828,1.49549671599749,0.370372128265823
1.06118713814267,-0.056290362503305,1.04573186827077,-1.51686019079559,0.683503051370746,1.12372129791711,-0.429355426501226,0.626765384609618,-0.655291101871735,-1.07451921935738
-0.11260991467051,-1.54897245362837,0.462694649348527,-0.434900638140905,-0.866849089271818,-0.243262687802269,-0.278568154436613,-1.09280114787428,1.46484955457008,-0.142104096670703
1.33654434480577,1.43506128064236,-0.121855959479264,0.818731211762999,-1.71858150855187,-0.331643826377164,1.54685128036526,-1.99731986351296,-0.450107216629258,1.21024189939222
-0.955958304555389,0.087780655643666,-0.584621932764848,-0.301970697587176,-0.532683784214374,-0.0243701443645428,-1.1753317944023,-1.07769437177559,-0.737382303914275,-0.438052843861566
0.785239110536739,0.379520876519513,0.654067541584533,-0.770591517775859,0.618669579407283,-0.4971461770702,2.3639492040071,0.679809003244161,-2.19507508312065,-1.51039904215531
1.3595524332112,-1.19177138900786,-0.324209575599753,-1.9121343016788,0.0407222965108042,0.127359892957782,-0.569148000299789,-1.27993405863602,0.161662647930557,1.00206751808623
1.03408516740475,-0.240485950529573,-0.33494542901864,-0.0333787955206049,0.520264113704925,-0.144134882256084,0.925446013409174,-0.834280962568094,0.195331147516435,-1.45490165122372
-1.48791441119063,1.02090730556191,1.0722842547523,-0.149109275285721,0.54650992861721,-1.14787267783592,-0.215949575374081,-0.514538971390514,0.251576641702341,0.38931731032414
1.10984003109913,-0.706428883547577,-0.660189153750685,-1.10709021325516,2.32056955516664,1.17761783110673,-0.365517868019854,-0.809365207118135,0.78725408954452,1.24456722167696
0.508811725399953,0.341503243706399,-0.73078319586042,0.109354511941192,-0.843017354500973,0.132136379167033,-0.063852471952604,-1.00436101561869,0.0141773094616837,1.59029915557929
1.73674254024983,1.27848634038328,0.0689779710800303,-0.68679263999833,-0.182042084179365,0.100058849710598,-1.36235284326172,0.572856662864774,2.91015836052491,-2.07020195342863
-0.0506143192110662,0.153791678085992,-0.767682673453393,-0.962846519653121,-1.53648456824338,-1.01226710819963,0.0964540881434763,-0.458487899903162,0.372029762995242,-0.710706062038039
-0.122581272333036,1.70951169681333,0.90330470430124,0.417464112472989,-0.443909436485165,0.993167141771726,-1.13058598986433,1.13290791824528,0.630682231256699,0.0313905217455623
2.24682334772631,-0.633573585441851,-2.20629097742254,0.0870680811736898,0.244670007464111,-0.485183629871043,-0.726431207605851,0.642807073163339,0.240694571454571,-0.954716310302142
0.797663356600663,-0.433639936071737,1.99914306943003,0.752987404471594,0.143444837780386,0.455983578109696,-1.18168893864963,0.655313408629692,0.420278508018737,-0.0879129593109498
0.781194428946267,0.979229146224944,1.18379973897042,-0.757935546776812,1.55858126368159,-0.69872775703651,0.533060005813502,0.426633463017816,2.21435278928092,-0.0779170878797847
-0.781000688214446,-0.225873479066695,0.125418536477141,-0.190420996738203,-1.87602245492044,-0.0352179090368864,-1.30396274271495,-0.53813313083819,0.255506860891871,0.145306103606737
0.135498771483215,2.15023969720335,0.0370172541385114,-0.918270197954025,-0.845641083032477,0.957153570216857,0.177084889448793,-0.108159214031239,-0.349828448227727,2.09318700467281
1.72774681889204,0.720607171474147,0.0213635694101493,-0.56979435644376,0.0216986950120228,0.421412831519844,0.378503238844401,-2.27560474710429,0.162969253493869,0.130555912637193
-0.957929154938412,1.01628482768038,0.997852274085521,-0.932210437740833,-0.256927485285164,0.699136359152575,-1.24030971997246,1.01025947213484,1.06575904843405,0.0802339971722336
-0.538121448860494,-0.400791826747881,0.0275194973965626,-0.435023629411562,-2.30994784845556,0.587668843077023,1.70639624827247,-1.44326517506156,-1.99588869853258,0.8417587740935
0.0821606996773855,-0.344611364969291,0.054619936326371,0.101293023622051,-0.282414360614012,-3.35839704538754,-1.00848312881746,0.164080036550314,-0.514086535504025,0.754552144686568
0.346758592681598,2.03248476161285,0.0572750028989648,-0.26703989649384,-0.535123645945417,-0.00310572782951778,1.89878353201446,1.4633391513777,1.56153896643496,-0.707154853821129
-0.826945797503632,1.99428302209618,-1.27222312544816,-0.901682382315071,0.849562419736773,-0.979954864843054,-0.552548837229095,-0.359576194353794,-0.0123048090963914,0.0771662666204183
-0.405919600908543,-0.562622014198104,0.981511099714495,-0.319579337765506,0.281797837995346,0.55151988706096,0.130373935214395,0.35330984824531,-0.654239816024638,-0.654275826356924
1.16269074688626,0.255396193274922,-0.945867766598743,-1.26853051523121,-0.650965277401848,-1.93946103013772,-1.58749032381294,-0.255589219204772,1.12430443166249,-0.632824034388138
-1.84349035576539,1.11229113018836,0.0863018642540028,-0.857755003569209,1.40236405973756,1.58543682485202,0.356770195044668,1.10682840219052,0.933796238643124,0.855320861954017
-0.513756925327271,0.070647141234143,1.08626861338714,-0.4680013507547,0.323932951563822,0.9229956070158,0.52321841370355,1.18668955932227,-0.0607647026238356,0.0779527323521421
0.619709984287762,-0.897680614293245,-0.913791292498541,-0.264919125519774,0.4632028251645,-1.4676883842174,-1.12922667206584,-0.570894619401306,2.1977933421616,-0.0405257293553471
-0.501802228612972,0.182782251972559,-0.662300659194911,0.966226347083397,1.17671698140795,0.400406518362312,0.824754951220873,-1.23688011975759,0.0880238952102935,0.554601240151468
-0.521799047734695,0.57672313906188,-0.963924549847651,0.359855707129981,-0.974583417892587,-1.1776838361363,0.586047201333896,0.0619019045290493,0.0644755523821287,-1.83771773661332
0.596591632189661,-0.216174506454196,0.102080380440055,-0.605027352350218,-0.318713981633262,1.16884813064694,0.0792283544304136,-0.756936676809047,0.550961226936483,-0.480541149663937
-0.496055655479069,-0.0859955544277113,0.176440505295715,-0.734710185570096,-0.87753364597543,0.173106692051488,1.14264197859924,0.487483188241003,-2.54724793669465,-1.67435646461814
-0.393276471061948,0.357464413472936,0.324192942657612,-0.55332660568134,-0.012873703993137,1.230659541523,-0.191437620418661,-0.217090326624683,1.46906341163958,1.03703949230567
-0.0484085845924704,0.787991735466724,-0.653373893928514,-1.07403014829311,0.235812956650814,0.262906970529081,-0.894481503006516,-0.270729303202406,-1.22132884291498,-1.63864686291597
-0.39824212088326,0.789553780377422,0.224385704261218,1.35778577072985,1.86890656467221,-0.811474169116142,0.936189534289712,-0.30116913791243,-0.670672797497109,0.671536956405447
0.275431363550928,0.311202584813174,-0.271749251889763,1.06717321017351,-1.33713640930849,-1.34833080652177,-0.0179083777577139,1.15037034773497,0.595807891039862,0.128691195837583
1.40314418555974,0.481660238412091,-0.165456181370234,0.711567261535071,0.0478749702317778,0.416905496873956,-0.943127347133302,0.8243080229302,0.722165073135441,1.85257851781607
0.679485797173251,-0.871440349273829,1.01339010386859,-0.72751282327375,1.38417337123784,0.924271655688769,-2.4635030986379,0.175318605260373,-1.28379564039516,0.595243978976011
0.216601015673481,-1.93775943413475,1.16804363654714,1.34462107520785,-0.241402475194892,-0.193680085551245,0.248332622668863,0.514150141093079,-0.0106060906877785,-1.4291696963125
-1.14210127113964,0.786609879195145,-0.145876039147579,0.608073041917691,1.22368307311349,1.27167923077009,1.23501543929388,-0.343099322215469,-1.00947586128032,-1.39118289631874
0.254207848619893,-1.01260660628964,0.706091082354977,1.30536465712518,-0.776020980616477,-0.225482894844489,-0.679644984862942,-1.19730241654272,1.43199491844041,0.79201046851386
-0.603957442841727,0.926774899238638,0.647488475597143,1.5692575561553,1.4364952273408,0.387432039811739,-0.240932090829763,-0.174365910746415,1.15739727232479,0.0381285771090866
2.18949283311672,-0.234477194547747,-0.131099955281681,1.33069969821267,-0.436313304876904,0.991394897040923,1.13263582985954,-2.15941489233058,-1.47741858228621,0.636493414943138
0.239332939861554,-0.519275343951005,1.19613626140557,2.35278627403169,-0.616444625276311,0.323321436710278,0.878450756448102,-0.295938591282176,-1.08685852310368,-0.783262175655739
-0.357875195687856,0.442200715591708,-1.02175094088777,-0.453895914996362,1.42035817475013,-0.744408787796232,0.113677035368821,0.768840949276765,-0.114586093944108,0.163177787071605
-0.527387539106217,-0.106733128059138,-1.58575497144405,0.563810725273204,0.89101054594086,-0.852077323565035,0.179831548359032,0.0268276628407128,1.15927823828975,-0.382530597537815
-1.16841600910519,-0.229570754484378,0.492498189507035,0.223780785452331,1.54119501392583,-0.718976993470127,0.591676871748451,-0.836748955085312,-0.207449847337932,-0.217657801587742
0.748658567871956,-1.02519889295939,0.856760839070907,0.68160352368525,-0.479216706978364,-0.557906701671275,-0.133599871800241,0.6953588218784,-0.038984573837617,-0.602141772588306
-0.710235720581699,-1.12365530317549,0.672274976580684,-0.109779060055917,-0.723108018527455,1.05990794132201,-0.540681488500679,-0.30024971858346,0.339764314461784,-1.50772721288115
0.363206924277471,0.780379130897453,0.507828825874803,0.721418787746298,-1.63776908167268,0.246300105096768,-0.600423119906474,-0.544172275227128,-0.570166693787916,0.626783706343659
-0.188736952491247,0.022585014647612,-0.0474959437251747,0.83265350270037,-0.463920532753872,-1.79079617525401,1.09472279552296,-0.232804580889547,-1.43510458849277,-0.0715477495084283
0.860083871921861,-0.0764369144208877,-0.187841794242741,-2.38622091957326,0.608400676984437,-0.165199081429657,2.03471616407981,-0.444869184679099,-0.0877977598890061,1.48696357255281
-1.23692909424897,-0.0778156783777569,-0.355515069980652,-0.829514634318952,0.114591503920424,0.425724804186845,0.276256716785429,1.27254678218502,0.746506745802375,-0.292904190428259
-0.538100353199253,2.65162775462224,0.606211614633965,1.84591507672522,-0.259785578921277,0.0499876613068116,1.07940099008643,0.551288940859499,0.359986061292407,1.12604545629904
1.34227932537757,0.171944162190427,-0.780085012575927,-0.667734059046822,-0.560638202214015,1.38072112088866,-1.92746968383869,1.38099535006841,1.97965890975042,-1.08112413614629
-1.46371480505681,1.16526783409708,0.956432782396958,1.19526582437913,1.48667807994551,0.656287026132985,0.0444110044598226,-1.11368739846454,1.54030664741458,-1.33223413840287
0.188630986001535,-0.592193255408078,0.564665520637524,-0.390552786477256,-0.656513459355536,-0.753682204551344,-0.976992936577204,-0.123483626127319,0.23707789948342,1.68178814437386
-0.764776578916709,-1.45105807512309,0.760033744971017,0.793511552090025,1.28227960401442,-0.396424691400774,0.807894762464842,0.313771109784848,0.590641340742872,0.379327393966017
0.969938876303959,0.520891624585464,-1.62113154863445,-1.60491877706611,0.0875610964213788,-1.38454027950501,0.508820383553382,0.152553334795392,0.539849413519054,0.866207646576065
2.6742795730253,-0.959820113080711,0.608845836043267,0.568592951677434,-0.285367415187442,-0.891936100724129,0.232743324028104,-0.054110812616194,-0.832767292946038,0.247599021143533
0.0666606284110631,-0.460409273605959,0.576041868665656,-0.146721868110985,1.36941889215103,0.787771332042449,0.329326984749191,-0.586728156449493,-0.0999216409068932,0.556434552816814
-1.69052022812811,-1.08339009574958,0.601689589097893,-0.45400717215633,2.34710212916373,-0.867536643962312,0.557692555178644,0.973791759708813,-0.810334867990446,2.78380569475056
1.38353187070754,-0.501628231613226,-1.74380919863637,-0.0561601221504896,-2.13367041170087,0.0535833851561491,-0.742408292714586,-0.229731877119669,0.580055047505832,0.934915744490642
0.362661497040852,0.475428452486236,0.670221490455512,-0.212852379585041,-1.57011265553914,-1.82941009150647,1.16856631402257,-0.82328782776485,-0.118613746600758,0.335183011161588
-0.467287339159581,0.132620495287753,1.87418216407912,0.86911897425198,0.406606740148961,1.88520275064784,1.43246802965863,1.26168990613305,1.68986643031226,0.380004091983691
0.261940634659772,-0.255792276884909,0.452396911021085,0.413576135666418,-1.71944245171957,-1.00372494061778,-0.373729026144076,-0.945016544785821,-0.679219875704044,0.307277779003465
0.0776515776000641,0.204864265920461,1.2620532126606,0.0790409327323308,-0.216067422759273,1.96783940880695,0.16150185946024,0.592812558665084,-0.828186148900534,-0.0539972190642402
0.14673766357609,-1.00534349280714,1.06275942022681,-1.06433976331539,0.949567234716465,0.170357923162214,-1.23231740114086,0.181806469383201,1.8421431442387,1.38116587116379
0.40576545832151,-0.663177988506207,1.29789843602375,1.4194524991057,-0.861159439899634,-0.148461739218964,2.24005433328103,0.21241742766727,-0.996711866507948,2.26342364759364
-0.498333738244229,-0.294230845672931,-1.10903829762871,-0.365034426291464,-0.63827111733285,-0.310991366153093,0.462746359120657,1.42524187160933,-0.989962147308878,1.05984444548435
0.358369855487899,0.462041841677189,-1.68360232308813,1.5597279187888,2.60948872571751,0.710115581486202,-0.840749022790225,0.106474480006074,0.43166474291042,-0.681489864710654
0.0951083076819447,-0.892580618075665,0.380975574255688,-0.362117329360656,0.138057284330472,-0.800941209273276,1.98731978708477,-0.371644486186284,-0.659924829287045,0.178227399253786
-0.834509673240895,1.10860881782611,0.743413890990627,0.512940980892282,-0.224844934324317,-1.08387000268207,-0.568202517286123,0.940469005581639,-0.0836974094881501,1.74119429744177
1.3049954703927,-0.76055092260407,0.938912943789641,-0.782832468930158,0.886670891170675,-1.18959997353586,-0.650725280436412,-0.920118900934578,0.108353118556995,-1.51460146707626
0.841802073764571,-1.56167420692767,-1.56255504351845,0.0541591598969846,-0.08938190018036,0.569765022705227,-0.729826493141897,0.498701638379393,-1.11613805387698,-0.363769238113492
1.51818447152555,-1.6435681726009,-0.819903649680337,-0.700028733225026,-1.66699614866027,-0.217213365312662,-0.915880094047303,1.32048506608855,1.57726987796537,0.715881017957978
0.471519938918013,-0.145830810827233,-0.486046874132518,-1.64245849640772,0.0971462509415066,-0.523280135792013,-0.351654223482662,-0.21869117499273,0.325653337862824,-1.02579569626705
-1.35078709081756,0.292564432238697,-0.992742477328851,-0.268441828038197,0.942484717392755,0.488614926732046,1.31695456805985,-0.125527419470888,0.808855655520522,0.463460304523635
-1.83976088637327,0.326756212860048,-0.160210264874684,0.322631276500539,-0.14286944933402,-0.0435434636673674,0.44489184134273,-0.325047078089244,0.624118328351992,1.33237738836296
0.54293386638706,0.120449320840821,1.00287828801143,2.11887330314178,0.480147056710196,0.994914569516465,0.387882451068148,1.43482005609585,-0.948441992409608,-2.0096361649872
-1.03578198707871,0.674910524963507,1.3442042464188,-0.524331954991196,0.574999626880446,2.28447252940711,1.67126806610124,-0.940693484633884,-1.01246852722728,1.52894512142143
-0.827279693786215,-0.807132698715397,1.16933691873012,-0.303687520372736,0.0536802758946909,-1.40042513873002,0.417285808348083,0.227922669103237,-0.683174581591435,-0.0367684051667227
-1.10876697420843,-0.647366936828649,-0.972127757967214,0.972477479664967,-0.0839402433938143,0.0737885964216655,-0.0996082440432573,-1.33050884608605,0.311501753252216,0.578658505850094
-0.0218601756029883,1.32899998193803,1.08678772573196,-0.814305030849017,-0.879542186323463,1.06989658239334,-0.0203591722723965,0.28124184965758,-1.14742993353752,0.692047941425937
0.840945808175429,1.24976318907766,-0.395368313903469,-1.89941540594062,-0.0414902294991592,-0.269161927173467,-2.41841660715614,-0.218348887506442,0.311251834818333,-0.679802707118225
-0.787713299612091,0.595838929004434,-0.785662393665523,-0.565190756943347,1.60046351618083,0.386353414303408,1.01911597038048,1.02740018254839,0.798289171929315,2.13683882459281
-0.946612766585201,1.00031653918029,1.37871522348552,-0.321317827991706,-1.20637647719977,0.950768324053211,0.107986227120469,0.236704543799696,-0.71951335370072,1.01409354580604
-2.15846816020617,-0.951707123805204,-0.21083534798197,1.81254005298296,1.24211114621562,0.437168316819131,0.034385722218568,-0.529115403442384,-0.796294929884049,0.924480211944797
-0.280025455695285,1.34968232058353,0.338686478298528,0.535565821420774,1.83407937045951,0.0110775390048624,1.11606945698488,-0.448808488160148,-0.274258436485502,0.297944336314816
-1.26767896102225,1.40107282596772,-1.05598024710592,-0.247656462471373,2.00292698499351,-1.43385618899712,2.40382295265747,-0.575524399110105,-0.439649299523068,-1.24225508891896
-1.06818759565898,-1.52827936359927,0.55951554516535,1.13232260334826,-0.30601735052418,1.59282565719304,0.50895876758555,0.26735404144775,1.42580313219212,-0.531346057129409
0.209140789707788,1.24774336852152,1.2542346422079,0.138352518076221,0.513919005129564,-0.588311266211363,-1.16557345964462,-0.544066718406411,0.448560554684233,0.564452625526752
-0.582749576275028,1.48838672768119,0.150374696062912,-0.436004529752449,0.659634703295938,0.426316747146893,-0.805253417060318,0.697986763462149,-0.302670494434049,0.901327287300624
-0.87867330736081,1.45991113409204,-0.384205203134798,-0.0764829228062387,0.828822837983246,0.229954279693318,-0.44224451456998,0.875434986104043,0.745288716161094,-1.45710062054679
0.440561211191891,1.6397540359266,-0.784817252791798,-2.09140663877327,0.189605448008553,-0.34980353932922,-2.09072828463507,1.51574141605003,0.759649261874839,2.16268772427739
-1.46787836187605,1.67387192913097,-1.78588633264091,1.15801152801508,0.366043054610969,1.83184936782575,-0.613119990409743,1.38004243945998,-0.34786131081234,0.0718508465076186
-0.169684569129071,0.755950395696063,0.264266044875611,1.49345708426615,1.04262357357926,-0.107769084045522,-0.388411432318103,2.33035666339047,-1.42075390871271,1.50989694603755
0.87734500456801,0.546371355458597,0.308788261434236,-0.30749631102753,-0.871119241089844,1.39138755697029,-1.52001427560649,0.540085658920545,-0.256216537785723,0.132292150837025
-2.6223883020484,-0.376279400467214,0.257670763928862,1.50812239042877,-0.341067555853062,0.3201711675677,1.50923312721847,2.06858610697895,1.41374601629176,-0.937961441159659
-1.14031838058939,-0.397638817458198,0.195587139442389,-1.41970910303424,-0.146392778930485,1.5810448028515,0.917321235933758,0.963694038632514,1.0099459479765,0.0147676798833911
1.14159204075935,0.181909972720505,0.42574629743976,-1.31973169507196,-0.0453590697083417,0.980838297942554,-0.17568074965535,-2.4582979445595,0.28719832987297,-0.0603866813143276
0.361546366844133,0.528600858450553,0.243070818038038,-0.393467945385406,-0.333334420582834,1.6629862191632,-0.181600582555247,-1.08969306087776,-1.60541608445091,0.410159688798668
0.661102131272335,-1.16119663488498,-0.0484140397611163,0.858105439773883,0.106571062823538,0.00171238202188172,0.211614137903533,-0.214527556556607,0.63703280829816,-1.44033552674953
1.01982224693816,2.14844659467692,0.424113670052804,-0.846765893232528,-0.450422212230194,-1.12677528847476,-0.5571388454679,-0.77389740875878,-0.332002126993183,0.67749529808916
-0.631332111010095,-0.425915475124871,-0.165092900328008,1.56555074337187,0.85828258827076,-0.0182448516759584,1.4234681522227,1.17720220863776,0.387278404527219,-0.700815827808952
-1.40074178135123,0.21637440344618,-0.19407283323966,0.321020298484946,0.583413505596043,1.38626073171134,2.43806067355386,0.122679970833452,-0.192991064172657,-0.612277733922064
-1.35749677703363,0.0787750513471353,-0.594802444252063,-0.103076110294702,-0.307487834493134,-0.214407813926604,-0.739073355034333,0.95568368904893,0.558840020331315,-2.10789743448319
-0.961818632688707,-0.247047844048406,0.65561260429672,-0.304517659610617,0.870422061879218,-1.20414378526616,1.05077816569383,1.10490525140863,0.147663606382669,0.337244319140712
-2.52813614684885,0.449606190796989,-0.530784320316033,0.0662871923682743,-0.290449418397618,-0.546881453743769,2.071664145983,2.51202900978785,-0.0479210673986293,1.04645107798162
-0.888304648881667,0.570976267384613,0.923469565704182,-0.718492830383006,0.0598220047732281,-0.681846582416225,1.78334387324941,-0.587647828582203,-1.42979365731716,0.00506739604705432
0.481944052823211,0.807416980006345,1.18052705623168,-0.451865295476332,-0.481247346145715,-0.408155031442443,-1.59194713108392,-0.114096133797085,-0.768830036273839,0.931237375889915
-0.867828376103797,2.74033965742368,-0.665867678856042,-0.260856987077366,0.928604717167483,0.295448927512511,-1.69765830552336,-0.464154628481955,1.22648688218722,-0.380544213236852
-1.36061510442138,-0.526407944544018,0.603989891390606,0.59432052702563,0.449338683158583,-0.0852686831136012,2.01346800850491,1.32444933837063,0.39121723630848,1.35080149728877
-1.20312839238565,0.081343397188599,0.425077501919494,-0.123240852061244,0.150460698228845,1.67189488609898,-1.59802738898639,0.15200452343175,1.5523127798182,-1.2218963337307
-1.11980880331677,-0.68005310503694,1.24452835308433,0.792019036201774,0.254043528563657,-0.643416565721045,1.06697832121859,1.54310058366816,-0.859228347791335,0.618075908740651
0.0567386069289128,-1.35627325033346,4.06725690189884,0.84191707958576,0.632674502146312,1.15147632075417,-1.19833630122039,-0.787687364620124,-0.775970948360005,-1.46921552902366
0.613507899974265,-0.515140849674107,0.362766459728267,-0.717182201544509,-0.824440272411666,1.04507922118538,1.46049296657431,2.52834411364805,-0.232229686414191,0.964979146571742
1.89663089382643,-0.44997149791782,-1.15015102527954,0.492769320757102,-0.643478626619632,0.955217241155337,-0.0838671775306865,-1.38826537996464,-1.7926166263979,0.826425064645412
0.490093515034971,-0.377611896753447,0.778577167499653,-0.635379797620895,-0.225987800101796,-0.122321143466254,-0.172745831006763,0.626089459985882,0.0495958004811127,0.735481289618075
0.284262940038523,1.1342515582545,1.298127490637,-0.322706232219814,0.582106975693841,-0.322754624144598,-1.331122968052,-0.411045653982374,-0.878488785782736,0.598156669880739
1.92649299460427,0.58417189232142,-3.21779534092652,-0.506227373233188,0.0211706832495754,0.508060654225007,-0.430019234279388,0.689023696819172,0.630140057126151,-0.580314038112253
-1.21602349037443,1.26155368954737,1.42454921601008,0.0762616462932974,0.612196870038223,-0.521725379530924,1.04235625070033,0.13062684951628,-1.34650060512225,0.754286358508406
-0.42948878507839,1.88537515218577,1.01193143136637,-0.88452699341552,0.976691027761053,1.63952000043771,0.37382835192293,-0.879931862552346,0.123326433956392,0.468147699684362
0.981397078787243,-1.3942940821999,-1.2063474197135,-0.63897110371521,-1.10864787047435,-0.442092789092901,0.052590623639479,-0.38661837438206,0.084894691264331,0.807604771254417
0.505772715254193,-0.397593230142268,-1.15077101871255,0.526411266570166,-0.493164643519562,0.363056995341902,-1.00840377751906,0.729110175259575,-0.109163778129881,-0.0570246304430506
2.4388146345764,0.218435091087431,0.467340615408922,0.881589068419082,-0.0740658861095073,0.452103201544449,-0.970737312684784,-0.537057487911415,0.817057900120535,-0.260123882112816
-1.19352258968619,1.16320033634285,0.173291426888991,0.303063708428236,-0.434399635394826,-0.0741833282128108,-0.35239152444742,0.777803612016186,0.727124232881992,1.20273888656803
-2.53695663880123,-1.31921114310994,-0.545144435921962,0.140724364157439,1.55648055902496,0.321182070694617,-0.694575548057146,-0.0447026204133352,-1.78048832646852,0.826792455350098
0.844556567601974,1.62409684660486,-0.744224855877932,-0.359070488502874,-1.24670538767868,0.966134448998867,0.231058410033841,-0.231950302049384,-0.108891906403891,-0.338628128727512
-0.448227929311323,0.227799672618078,0.18849931542253,0.665374149310575,-0.639895629719555,-0.361869997548582,1.2560602915528,-0.499722216387105,-0.324477060110026,1.05020216743103
-1.57937965118408,0.457246767274081,-0.253213571073852,1.03252869156575,2.07888989337857,0.365827891824072,2.01157230151065,-0.583348912896349,-1.71276049253487,1.34148128796025
1.34887629044689,-0.172540335398039,0.189379403330803,-1.07998048827095,-2.1620015596193,-0.960712677246624,-0.597155139608184,0.11988078172729,-0.223236450718625,0.280632411448319
0.666888319380303,0.487465397581733,0.500053297931533,-0.57925957877256,0.156313054304644,-1.16212972839212,-0.517842602804192,-1.4433084963317,1.58715484919608,-1.2203895194944
0.365039668820622,0.386420451592503,1.3915177442774,-1.14362017173548,-0.81086450707118,0.71484315447692,-1.10479814571284,0.784219764859345,0.604598122608801,-0.265144384967201
0.409919047160408,-0.41396910217954,-0.287279360564588,-1.12079489404868,1.91899306985856,1.03817809688398,0.232380019966995,0.657485021739818,0.0781798920562304,1.39448003138435
-0.594866544243668,0.0063180408665684,-0.320763599225525,-0.765812908339709,0.214475221640313,0.405826737957184,1.35020542536292,-0.159608370818856,-0.92422341245532,-1.96007743307977
-0.507100844476695,0.953186450323117,0.0502330514625512,0.897364423641305,-1.29055412074178,-0.816546740050102,0.567158792558377,0.375071253743334,0.404777235549997,-0.51816005865426
0.188186422490962,-0.423141206503646,-0.30324287646286,-0.301893641259987,-0.219829894658352,-0.303929814405655,-1.04817315871922,-0.00157756999865183,1.26817141855457,0.72566805443541
-0.948399107415,0.708646972522603,0.0924978142040682,-0.169005310844972,0.406626031656735,0.858799215448308,0.797503691018559,1.09654402303664,-0.945193949351506,-0.526492627446548
0.0387782363258695,2.0580838387045,1.28783499066104,0.980690425576648,-0.529466211553904,-2.04718251261221,1.70318646327453,-1.51891404582343,0.0521916546112797,-1.2601125117583
-0.406531632643073,1.25440745224576,-0.229346861141241,-1.06762197682553,0.690244364485555,0.934277189958783,-1.57520663415023,0.953017872780585,1.84580854169335,0.0476432969537948
1.73106858598922,-0.682473173390473,0.332906932783847,0.608530128555182,-0.367494020619685,-0.449423979025936,0.697330399659257,1.13201420595986,-0.355615840388797,0.615041646522025
0.565686214867322,-1.19894679494121,-0.640811401750452,0.304134173326641,-0.106569296544137,-0.736015589918954,0.603081893203792,-0.60436020208538,0.157241143734195,-1.54808541890164
-0.375988933658972,0.235414766528898,0.452421463904739,0.880741618533142,2.07344095250416,-0.547282889748198,-2.19374312032665,-0.700699122108103,0.44534413135239,0.606996961377838
0.949791351808803,-3.65652189642628,-2.11739666815244,-0.389311805242721,1.09712106791299,1.30732706249606,-0.461769838471873,0.944015288395582,1.23231322394708,0.193667992373683
-1.5812594399953,-0.777301962360375,-0.442730024372706,1.37806625830386,-0.0270352681887714,1.18051867793215,0.476803841923549,0.440354623286954,-1.25492601235886,0.313415805233853
1.31946230518239,0.864862752826242,-0.773898729491826,-0.0585811077018637,1.18908535085787,0.647191653456873,-0.297931102347696,0.05071767887197,1.13345046354321,-0.34042089078499
0.268245812828438,1.02235948199535,-1.16258895385745,-1.20256255372722,-1.23961000442091,-0.0886134400494684,0.507511089471447,0.380554779196859,-0.84225035529269,0.392957675301052
-0.956809579176943,0.54717953040662,-0.059250252512096,1.00638785269291,-0.158962677117355,0.260397536554076,0.564893716661745,0.253031652027052,0.185868245526606,0.597804777975815
-1.1560068357832,-1.12240651197238,-0.383810545469995,-0.568260874708796,-1.1458788724589,0.565552408860012,0.542778678897719,-0.536627480936137,1.03624351831275,0.0584992403562586
0.881140198531073,-0.112059946569529,-1.05374788598436,-1.2520577965453,-0.461192309900849,-0.0058764600568308,0.385147388297841,-0.142958573649983,-0.782759463683796,0.914436659882
0.720409725206107,0.512806000889642,0.0591321598463199,1.20292016699786,0.152738461292092,-0.138764470624956,0.40415147628187,-0.475013743860874,0.565135616222279,-0.36948066167126
1.57665319933733,0.472317289629406,-0.202731663703448,-0.310522969767068,1.3905918804755,-0.16873822714494,-0.419809277364574,-0.993247606942567,-0.807318154226721,-0.889390786382225
-0.570213307715578,2.07356715086027,-0.347061163440486,-0.912843599881643,-0.441313183584084,-0.869825882504136,0.991834551655984,1.29693109532336,1.19989752421416,0.0546602817838926
0.258821911827931,1.06975277917777,0.450963999293072,0.344449136582663,-0.255509429496873,0.51777461541865,0.775118818652648,0.555925547766558,-0.50382997492222,1.27624154963017
0.0408763396748475,1.5354715241643,0.239392544216967,-2.00237286020447,-1.44047458335824,-0.0944641149129779,-0.900989987131001,0.0995643782508313,-1.25875990672525,-1.91422854023063
-1.11999219599229,1.9588786308481,1.68357842335389,-0.424432607450907,-0.954432772118496,1.86004108514542,0.254618343273522,1.39970944290151,-0.724441087025111,0.428875784932261
0.129905140000947,0.924777607843429,-0.254105492246084,0.365310931393399,1.38259980301839,-0.19730600905074,0.475266498107964,0.0582889991339632,-0.403896707926944,0.570606635395409
0.96695423695586,-0.512303192126887,-1.91030589728041,-1.00830726192085,1.23260795812586,-0.794285202391371,0.659764893106772,0.36445941613666,-0.55903210091279,-0.164896322905844
-1.12365566875952,-0.314183077235381,0.531780050342629,-0.186446791489926,-0.499334509028948,-1.21574532347348,0.347516730174164,0.0883149888583657,0.000850286596370391,-0.382749349373201
2.36605519807695,-0.288509029921082,-0.632262926073942,0.250521601336286,-2.1390312213584,0.433904582431785,0.57198392105982,-0.164695664113162,0.470891511522154,1.29492029165075
-0.154771726990176,0.118260600405391,1.33825718301248,-0.405447380419617,-0.966812465353074,-0.594749154932936,0.472035597822117,0.89347923716327,-0.523450035259167,-0.309077782291955
1.75282824346364,-1.04655139873299,-0.340996511184372,-2.10845382179625,-0.394654189709333,0.926351057914556,-0.36853584544715,0.204387170965421,0.139019977117273,-2.81884812990822
1.08095286892841,-0.717732322077385,-0.577482939034615,-1.59211322834487,0.861022200047475,-0.20207251162841,-2.2083101670769,0.00983603176626119,0.269378668791088,-1.57662134199161
-0.156748198474837,-1.48463831876183,-0.941762747036458,0.392543078633345,-1.31317601365492,-0.930597333511899,-1.00383020156068,-1.01836781351949,-0.457690784541998,-0.505096794619057
-0.0502145365882888,0.0511145259026101,0.230821683518425,1.94721988100865,0.0863643997619963,0.169372195321695,-0.611326372065078,-0.271765011900699,-1.17462433564873,0.370141499358002
0.0753442122669275,-0.420181305780912,-2.03723464837698,0.594026599607022,-0.507270618564262,-0.616148033451634,0.667487025884962,0.176082936309527,-0.475597565616671,-1.66050490126587
0.143117979125023,0.319073864280111,0.554560670581908,-0.462695910718292,-1.04099498822029,0.616498668283573,1.83725007405251,0.41186827057625,0.30370374601307,0.570419871004682
0.745072483366353,0.673676565260552,0.924715445662582,-0.334579053946001,0.0155619052581951,-0.401057810015087,1.20831275536877,0.440020838847399,0.979838275062731,0.73735818505733
1.4693944740169,-0.625528430058177,1.17392498168654,-0.687655331550209,-0.697049862707495,-1.44997861421388,-0.7301903466643,0.590739540523325,1.31936495766624,-0.992155663033695
-1.00575072034664,0.289994580942099,-1.0006081776646,0.453221487763642,1.25811376222183,-0.624504625684347,0.228765809077568,0.0327600940561885,-0.834823424459087,0.150605204946142
0.238989286934079,-0.595132794818632,0.904177984266054,-0.532005339215171,0.803125049494623,0.0544865340743949,0.144530003113449,-0.701028786336629,-1.7303900878874,-1.19704594455825
0.897178091436882,0.819662400866616,0.0122375827255904,-0.42566507795678,1.88986222746023,0.512567321704313,0.742485503717087,0.270623478450269,-0.889407244010351,0.362659026881775
-0.57134329074512,-0.657924387668157,0.0634714076287099,-0.0573337923340948,2.25922767518607,0.635180054848643,-0.19005333607532,-0.188155839004242,-0.868553119996038,-1.28114639656362
-1.0500985577691,0.627550026831551,0.56742918663502,-0.0917960202202829,-1.25414146568057,1.80154309295868,-0.60205547398399,0.380537567324428,-0.0096515914804063,-0.0851037697609651
0.54658629980127,0.602760046037023,0.870060448696203,0.708023677519088,-0.596499472053853,0.415582022459026,-0.997564608916538,-0.124994898698999,0.965893874047995,0.80998314020475
1.40376143798952,-1.09586055891402,-1.25861068845082,-2.40120641780512,0.389501472776835,-0.79292313234475,-0.757103573456999,0.32068019437128,-0.0748141896407436,-1.29014138910447
0.29176168775589,-0.453314217978545,0.183386875755518,-0.632321969879376,1.53102496592145,1.05844639422294,1.37723956380225,-0.270409243326545,-0.143077400959689,-0.429354599794559
-0.708451963399273,0.427401491415143,0.721394028385222,-0.208235563715761,1.28054774679501,-1.12658800459829,-0.422501241482293,1.11986548168519,-0.577230514257343,1.33547458200019
-1.00932423314812,-1.51484992745104,-1.90442063493613,-0.156256800266984,0.487041708813611,-1.65387923011958,-1.09104162292403,0.471087321525861,0.662988035920339,-0.183913934186097
-1.99913504887486,1.3060912486936,-0.361828422805954,-1.5631833819489,0.908117018646972,0.513716529239786,1.22126266963842,0.480535845646908,-0.00555273660159728,0.87621300006662
-1.93757239509256,1.28151819061544,0.0484643605795568,0.672854939270566,0.23714394185872,-0.291999152361414,0.107360722043707,-0.991246983762131,0.425631832946223,-0.492298342615676
1.02720663462578,-0.292948876720023,0.424525753579848,0.917989411009848,-1.40926126327674,-0.322622395296233,-0.193701592913022,-0.42565908808294,-0.958228558538281,-0.170226875408064
-0.877973424856763,1.82527580730507,0.51917159389544,0.101084967765707,0.283015095576229,-0.860313366992601,0.673513746792674,0.792979933251458,0.50565990811072,0.536236338943859
0.428422509055267,-0.381338884174721,-0.704917827393148,-0.928892930954648,-0.655500015804601,-0.839526893810005,0.19681233810311,-0.32880020432327,-0.829777559241052,-0.608652563076091
-0.408951622807948,1.44109124755162,0.651611313120776,-0.90048914576821,0.241827938999373,2.09745973159863,0.291854065663038,-0.28500385532156,0.0107400331517997,-0.223471541422201
0.283949200650801,-1.02033105619125,1.16447181493592,-1.88073932305625,0.248092606412394,0.207238983528939,-0.490823974105482,-0.625020315686231,-1.00104449428429,0.384484417354483
0.134300302985268,1.33179403214165,1.62846766777234,-1.20159971093648,1.06816963481759,-0.694552988741918,0.320301185912449,0.54258076207853,-0.327567942501465,0.459298850062516
-2.12255093579134,0.851498220836619,1.01507849207307,1.21023977203792,1.47263788663735,-0.279068417367873,1.04755675068867,-0.0931904918314872,-2.19998925115575,0.0987752118519389
0.0759907284378549,1.35717683049655,-0.913850181860364,0.379716515791243,0.605295184648375,0.0862894812041648,0.440790673279489,0.25769039232469,-0.38368919496416,-0.961094751874854
-0.469772308159107,-1.41294128087647,0.179734007887566,0.196229151193483,-0.479164887718487,0.265832493501894,0.346756704608973,2.39685141832241,1.46813102155518,1.44751361075
0.74249744956332,0.693016249381472,-0.0452388704010123,-0.599830009405318,-1.43719271894652,-1.25939993584581,-1.96370413440166,1.47644965643433,-0.477158837817265,-1.03027821420305
-0.901990911252131,0.469600913499469,0.467590129081195,0.633690196428467,-0.623927782332534,-1.55306652776893,0.948036516389938,0.045335228019898,0.593633620914626,1.19099626854559
1.10118123226884,0.16167260979107,1.28900358770511,-0.455560468386247,0.134968076685901,-0.48820932752944,-0.81132010924048,-0.587338155825983,0.00490014094668894,0.196642248140729
0.441846396699283,-0.0284323029193124,1.95445879360032,-0.812421616825311,-1.04508720944836,1.15395712466149,-0.832413308761598,-0.104184130682206,0.974568322274122,-0.0127927461361932
-0.821310849624996,-0.655495081341771,0.375003273769656,-0.369483763744896,0.218115128125447,-0.567237113141831,0.653595022845062,0.240201327623569,-1.17433431571659,-1.18130360305336
0.297465801172305,-0.0631299278380171,1.10003609376836,0.61475012884145,1.74467410731791,1.13589961817664,0.39587923591766,0.839302820330087,-0.199700008116244,-1.07039885636474
-1.02714058487468,-0.0663562433598908,-0.983897945351692,-1.14314697120263,1.01757140014783,0.197617886757467,-0.371705450665956,1.03925919739852,-1.50332934578147,1.38085042768248
-1.52753836205135,0.518021197126403,-0.271528703238495,1.03029625080354,1.13962951727613,0.86143827946181,-0.261456726502431,0.0851668610045112,0.455457879998774,-0.723783262661052
-1.20223420743575,-0.353594429952046,-0.803671331781958,-0.769044885704001,0.589941478537103,0.960774897947455,0.882965827564504,-2.31746064656571,1.78098180821627,1.56776042728514
-0.983493171546119,1.58253469600283,-0.566521761738145,0.0461646759890212,2.03625443891236,2.2320439242847,-0.192251521143672,1.58758221771648,0.14291263977037,-0.812414917968008
-1.59464295937144,-0.479211418613024,1.47990455077367,0.816717029242927,0.310573613064371,-0.232409263047428,0.18699683770032,1.58035652316235,-0.0847933660555583,-0.824843855635456
0.425091586627721,0.20086524314116,-0.0954517876802039,-0.230062489694355,-1.93194372427146,-0.408027319051432,0.989840988317966,-0.482837730110789,-0.081932128022967,1.25198793175847
0.0328338166748385,0.513191490762212,0.13686352779822,-0.0784393556853397,-0.866424536377586,-0.103511159242915,1.37144999804436,-0.580551770986506,-0.0188666477561241,1.22816938016215
1.03992475189387,-0.578731163422528,-0.788094477709165,-0.701955725668926,-1.48953719280388,-1.47531716207349,-0.719194973097285,-2.25510468753829,0.0597540384269639,-0.909548356379935
-1.12400981699215,-0.024325592631401,-0.250971332679654,0.520220506515527,0.429527183964699,-0.214895738028265,0.338500515402114,1.3482099192076,-0.0140872664467389,-1.07308962164064
2.17905649467115,-1.61698316050252,-1.6929710910334,-0.0881620583949947,-1.20158781370267,1.05199580754475,-0.0496079224739796,-0.235375182283248,-0.500141263196228,0.874239459118523
-1.33352206942452,-0.911381024481607,-0.380309081960321,1.6185017533017,2.10374165813342,-0.401113694658015,1.73816313753963,1.07918665691487,0.347348690098623,-1.55786677799056
1.26983654917149,1.58045608553644,-0.483062783886417,-1.96591621885319,0.520871542668157,0.310756679541453,-1.40056224160032,-1.06598882245011,0.511727214205377,0.326541835210206
-0.782388703455599,-0.692045050250917,-1.64248730276665,-0.447149452194991,-0.321149959288484,0.346361918044473,0.659786886504003,2.23774530730922,-1.35040203385705,-1.34454296456156
-0.595417987145827,0.527166070030523,-0.657312116747674,0.220316988918462,-0.426870829337934,0.671877362796485,-0.130887498349926,1.37727513769433,-0.0408292304171647,0.383351494143446
0.472678454058402,-0.501112491788428,-0.12644496711387,1.67005119487556,-0.952606239950231,1.87950170303286,0.343357710755816,-0.835173160375252,1.71504240264278,1.75697885127565
-0.853272669826745,-0.212721716242478,-0.832494525559181,1.17175538474974,-0.301715177637402,0.182161332478118,1.00229790209699,2.06900982396292,-0.998412492044388,-2.32237623027597
0.593804038661262,-0.321594613179169,1.51828948824732,-0.531917652699455,0.110967099136708,0.444727465739346,0.579533022702922,0.0453460483505267,-1.34746636163237,-0.725616888588474
1.48078685563617,-0.736844680139041,-0.0564063093773267,1.34542981110312,0.556217636866932,-1.25438016517701,1.89139795778671,-0.382104971210313,-0.726981168125811,-0.79292923245623
-2.09703052058098,0.648371427908939,1.23726683463224,2.29460648997176,0.236389580605005,1.8273938500202,0.749795777592897,1.19200876540222,0.17609085412935,0.104152777672249
-0.366291184763276,-0.45570014754901,-1.42788082241813,1.46841342310084,-0.601711886317463,1.12277016995551,1.1316236571844,1.2338142114018,0.532698734681378,1.28417100845071
0.843877621826755,-0.712308223828391,-0.351191236520696,-0.906325823958594,-0.370320925885864,0.942271991393723,-0.878919115716239,-1.64859295110201,1.68783176017551,-0.265335553939058
0.964531154554941,-0.263798966616049,-0.475975483205538,-0.36368630400042,-1.35531421565581,1.03740035767743,1.96529478372448,-0.386831462099877,-1.72700084781828,-1.6240342924453
0.370957657819018,-1.15478036261032,-1.35418481230399,-0.156831084759219,0.983226744422216,-0.316695252924936,-0.436956492889539,-1.10086214228066,-0.0680981135589852,-0.51270137678562
-1.10310642594628,-1.14210281816086,-0.849857894812183,-1.7163060539977,1.88701778938412,0.123156035299513,-0.52519326749681,1.6569714535593,-2.58537580812881,-0.867469352013857
0.0385823124191973,-0.23566455149797,-0.025573396091266,0.40693638274403,-0.573765985992493,0.0430848581482479,-0.0960799871270452,-0.00508546216045115,1.9479783796797,-1.00154897656366
-1.22736881290736,0.522518814098098,-0.0612618588190754,-0.564562731912302,0.445332198585504,0.407514792925748,0.0355115576596894,0.895896844514608,-1.13818341968434,-0.000112236556651124
0.195364711640962,1.96508679611777,-1.90259852225504,0.591402621283871,-1.49063941144654,-0.582787077190336,0.727831484833813,-1.07566027642303,-0.363166760808467,0.929387558111271
-2.02743795921799,-0.0365596290152036,1.28069059225135,1.77355946224053,2.07696785578139,-0.0435167913505658,0.323400805332336,-0.494533728447445,0.894028022647521,-1.13084950136164
-0.284955091495316,0.300449409599338,-1.75274564178514,-0.156401765569051,0.305973628227345,1.03044752448502,0.208404534433718,0.689487812425788,1.30926941788203,1.09739869793006
0.25246846386896,0.182873347371917,-0.525991161751612,-1.01686972417149,0.052172681545462,0.0709045771755981,0.244093479932907,-0.355328321129947,0.139598582443135,0.657572346211957
2.34382881564281,-0.219889615046163,-1.64563593815025,1.01396257618117,-0.426282011408392,-0.547141033977079,-1.98517418886767,-1.15517539704443,1.42432742576918,-1.28140237667199
0.319240262372248,-1.44680088322461,0.127209869448677,-1.29930962579418,-0.406126839263712,0.963773097238925,1.47519162206541,0.192008886792538,-0.546741485471405,1.32015760568205
0.151912213346955,1.54866037440257,0.961799379190235,-1.08018482535131,-0.454816414660349,1.64102638414412,-0.042320661252824,-0.259891433585299,0.255056061684045,0.148174483811697
0.0221383576825668,-0.468723091136967,0.852362914067806,0.0586431344130319,0.402238243331722,-1.15852231932144,0.184338240490442,-0.0204883524845225,-0.371986190352853,0.259777913776616
0.185878301337371,0.285202256284501,1.66259299671947,-0.50086657083362,-1.38576460565547,-1.87661053661023,1.95686230367406,-0.578721920482518,-0.0713349272179251,0.862160900282822
1.17748406414572,0.903397366626911,-0.517801899232306,-0.949779644447329,-0.50212637787886,-1.03344100241013,1.22941970213473,-0.666717395584628,-1.18884621498029,-0.615558585695521
1.37300423755313,0.301262106971552,-0.100642566924079,0.336383936606053,-0.430411804304114,0.0867761047512135,-1.11051538607616,0.31895253257203,0.30042570767231,-0.169050077798891
-0.137597469093811,-0.0369368104816799,1.99672522107003,-0.947863440316886,0.6684478431145,-0.492491107085433,0.504304629003124,0.00195812289927268,0.71941609894717,0.690227800605646
0.0419422747568809,-0.415421605876277,-0.0598815641203029,2.2402547936874,1.36020505137526,0.063585033550977,0.589444770473344,0.299214387616882,0.980609123875898,-0.483082388861331
-0.634097966828478,-1.60604205634152,-0.448986074185465,0.450977432988001,0.646800812336222,0.140079178935215,-0.396209421835409,0.35673712996418,-2.00172369222228,-0.589975636933806
0.817111033600748,0.910077671516135,0.587213433952421,0.11991714175359,-0.229852355569393,-1.1269921912421,-0.241855180727993,-1.06357805904681,2.00495280834292,0.246241403313133
-0.011477141731847,-2.64433976989079,-0.0178422398606293,-0.786811057065435,-1.73770631291762,-0.651509525526119,-2.33668884178571,-0.739619785780964,-0.0668171786523268,1.48171349225284
-2.13690792841387,0.701945603517997,1.18318067983865,1.42398327871531,1.27912366139986,0.21743595126127,0.0203746914784989,-0.543547425281928,1.93984303659353,0.136805505551823
0.502464425619238,0.681851900606113,-0.505263046627166,0.623177890959762,-0.0395970190227411,0.823407779771982,0.706557497811335,0.268124453622044,1.92625466013978,2.94964564175003
0.173653770054931,-0.0969192219932549,-1.21776381112223,0.670094370807734,0.830835319229703,-1.1638341276949,1.07191999719484,-0.958383182704746,0.0188629937433387,0.244967454681858
0.900266868883216,-1.13188650923135,0.0475015638570836,0.362314039033442,-2.49616319512705,-0.418087873396894,-0.784258216056431,1.41346220923692,-0.198389921509729,-1.54521306072727
-1.32677074135334,-0.882148945235666,-1.46166702130194,-0.289719574839343,-1.93466429240443,0.169607415312593,0.369842229143398,0.667039219997195,-0.26760548243954,0.262359015732502
0.579156147111586,-0.595215024452873,-0.494682279565821,-0.957604758469937,0.0803273990798233,0.407332197120183,-1.92293757416757,-1.20335266042884,1.59492614796976,-1.08812156424074
-0.465389337309521,-0.100404228011015,-0.762454817910824,-0.0204743353314895,0.671008756270124,-0.000928549300781156,1.00640791986859,0.820947198609723,-0.289022316341205,-0.102224209015981
1.11050328295707,0.0477835091290921,-0.388436003885758,0.348338830963722,-0.122638369027702,-0.280296849360869,-0.0763196605309399,0.202127911777336,-1.35813392397762,-0.535843482981276
0.865950079129839,0.624914105207108,-1.30014847197679,0.361426337719146,-1.32220188040662,1.95200335065664,1.06682290417115,-0.0642640921310507,-0.0695473232525707,-0.133016844741592
-0.316741476948504,0.880981078927105,0.534240866225601,0.12855152495601,0.285247304291615,-1.25794067202833,1.56334738780886,1.36700608142365,0.123858955068538,-0.252694075516797
-0.118534801808491,0.332068411844269,-1.54832441579562,0.311044656034526,-0.164720203381012,1.60383369483803,-0.36155812229069,-1.06224221251817,0.254244871338399,0.195567534728716
-1.25508508118708,0.626184319109018,-0.68649761914692,-0.629106451437716,-0.0738302056390028,1.52755245404977,0.854207901567654,0.6244477251106,0.682973760827191,-0.0813353909371629
0.853382144543237,0.227943264964761,-1.05544809169124,-0.5737013512652,0.913303212541105,0.634537281756929,0.909334318810772,-0.122369952490629,-0.500573347271832,-1.01096149865756
0.194710825179821,-0.604531770418507,-1.2905498694245,0.106393869565076,1.72199700841225,-2.07907941447401,-2.24510162570995,-0.688052048551488,0.896572137407199,-0.835074546223757
1.57444949999826,0.148281843929834,0.487274498484321,-1.66953696776677,-0.544524968187287,0.488597734320782,-0.0436020087435035,0.199695881442041,-1.0458505381482,-0.973160144053656
-1.90829923539224,0.604328896024106,-0.834733788968117,1.58630666583935,0.480449283028397,1.32766005362887,0.327959663414053,-0.342153231763035,-0.787621154580226,0.754310895660666
0.862053312909587,0.698375784067846,0.166489187373397,0.825151409865139,-0.188795187549243,-0.416063608940895,1.35391052574004,-0.774405609612872,1.96085260970577,1.26104055697138
-0.123851727872211,-0.441476855450423,-0.677646577281636,1.52410099954122,0.984536423318583,-1.22880902147389,0.172604244813482,-0.409363682050525,0.307074663961339,-2.72762280528076
-0.839083928834274,0.544181793464657,0.291801584335649,-0.366842328399306,0.0146955053388701,0.271812443879644,1.92547479058778,0.873730038625519,0.325003830203774,1.19290334423699
-0.46181370046199,-0.847203306822739,0.382446048690435,0.740435180036076,1.22782430646431,-0.611998977112213,0.841791688984496,-1.48700906279583,0.271773188748323,-1.94962468122878
1.08086878117766,0.0932665791475666,-0.341659299081257,0.361660535262091,-0.306491265391771,-0.762348537593632,-1.17924149086068,-0.561274096595262,0.317818752368542,1.250146308182
0.56925119501205,-0.831914996935438,-0.461587361281411,-0.262683328912873,0.119484046892985,-0.762955502184466,-0.13308542880147,0.407635632456542,0.274597473823912,0.385031629042733
0.51833687794953,-0.278876010274887,-0.247104618965043,1.30745694595663,0.888572214507037,-0.901238710414897,0.627776221000242,-1.33318386649498,1.11904967805441,0.883835078824238
-0.804084975072474,0.408904054103462,-0.43021427432327,1.39062801827842,-0.812302284152216,-0.538668797677228,0.205399875634578,1.80096958418373,0.471489583339169,1.52212057397644
0.384265160656169,-1.32825056438509,-0.000225712251189735,0.24260070401168,-0.76940797313052,-2.08363623531823,0.728154952365626,-0.0274021025034736,-0.661722703976786,0.348323951125341
-0.5506261437646,-0.145790102737881,1.80497923125212,-0.0333500620323883,-0.816654128412648,-0.0830023999142813,1.11156691998619,0.484169515237673,-0.152453303004237,1.35485499042083
0.0855534675475007,0.100988050877892,0.779077110102109,-0.177764058072957,-0.479819299225258,1.26515478538025,-2.08919287968184,-0.475740567905666,0.527175539918092,-0.671662221515811
-1.82214260747527,0.527045075960092,-0.0857110337483843,-1.21388786690881,0.000326161394557055,-0.56459405052724,-0.783393634220212,-1.01692317701753,0.589695648676696,2.07845012023164
0.967968379296165,-0.230325420550179,-0.920851283446233,0.0439739759399948,0.511139178646055,-0.229629170279853,0.399050886340893,1.28327471500392,0.068100030612534,-0.506195637430413
-0.0455854695289618,0.582453555036179,1.27550132026858,0.21740562007734,-1.61449059345015,0.639999934759848,-1.07178539006222,-0.789631223645237,0.693550771621947,0.0711295073622196
0.106954848969013,-0.247513570131427,-1.63110089607009,0.0519587648259957,1.41498957777953,-0.148460901413751,0.829771012639371,-0.159231701944696,-2.27803032197897,1.64238378754098
1.15856508280158,0.508022075439268,-0.993016056642297,1.63919231014399,-0.0969079395636653,-0.99646495947275,-0.359460912457416,-0.906911287160788,-1.06550420954194,-1.09479953539116
-1.02490087074708,-1.92826987279163,-1.03679215498647,-0.780670961689441,0.361307032612954,0.208547483550922,0.728154654603911,-0.225504071705561,0.276079084899178,0.828496986459255
-0.304866629063443,2.61271139325056,0.0668451519506966,-0.811386668144517,-0.208402278592782,0.136959382339023,-1.0022365332082,0.626937110846693,0.201505808106705,-0.291164570033751
0.123803106820508,0.555005200826604,2.13757552566504,1.38950227271901,0.143267351141749,0.292646265900681,0.881498664576861,-0.939870886031912,1.03130919756812,1.25032959073015
0.434612133241463,-1.52251061606623,-1.05301724585302,0.716793073515095,0.606378663899028,0.374320353174372,-0.038697723460173,0.908537393112872,1.00591056367069,-0.302575075256708
2.30347692859518,-0.040465069204008,-0.937536711473658,-0.539041919374472,-1.17721507257215,0.519817530344945,-0.448414672674541,-0.529480867729874,1.24297115865755,-0.0974312540886371
0.758902174494595,-0.541948577279829,-1.51568239788158,0.350282850177705,-1.00263355965658,-1.96346291772277,0.96766218630201,1.33925785684875,0.429049008953601,-0.503692816992221
0.0124061866409748,1.20170054245419,-1.1506704937045,-0.149901696900247,-0.88706187723159,1.46615010671701,-0.0805910126942866,0.293797080273992,1.08104297852182,0.190781159180206
1.3684252924317,-1.27104294596609,-1.03094009606315,0.174091116253692,0.780925177764537,-0.85645019102817,1.72111855951873,-0.478078392138709,-0.147813545102613,-0.681846822442845
1.38682223242906,0.413218191479102,-0.0382416453920951,-0.933650186531044,-1.43297801209213,-0.717831006739587,-1.77881946943453,-0.988212684170439,0.906317375821182,-0.504887762247209
0.235787277198739,-1.54497371210239,-1.33115805398328,0.258208354152603,0.309690663541198,-0.649525567455036,-0.299632047138722,-1.07251520436397,-0.225708002798105,0.830973327209201
-0.675586739889925,1.43642708588273,-0.239631887925861,0.951714825970834,0.0540907654082815,-0.276831945280822,-1.55265011564141,1.68003700717468,-1.78945849811451,1.50309942525083
0.431727231488832,-0.21048820150864,1.09083890851617,-0.324259179761919,-0.229897545851171,0.559221236892996,1.37230855755946,0.239711892459599,-1.35541216345152,0.504433543366188
0.548467062148084,-0.638523323816163,-2.06652690572666,-0.697310452121889,0.114614514519866,0.483060112631315,1.03944862127091,-1.73438206608948,0.785103558581408,-0.0957628005497411
-0.729547281664794,-0.223689579555242,-0.550649800119937,-0.56846383436679,1.789278980645,0.914365896489512,-0.158650237231838,-0.454261884426379,-1.257672365315,-1.64755756173663
-0.0287775495146831,0.606870256769259,-0.087729588637256,1.20714557765481,-0.666097253467541,1.14038406869192,1.03161660154141,-2.1332915073587,-0.329557084061947,1.41787170571669
1.53056382753444,-0.250202678185488,1.17022286602381,-1.29605334009349,-2.23446697940228,-0.14883848320296,-0.597133872374795,-1.55343412627038,-1.34844485432566,-1.1990119672887
-1.34718138788038,1.32529244690419,0.92221815134674,0.435264119065788,-0.213967773359827,0.799143446980314,1.13495647105188,1.24185803664757,-0.443785021273219,2.88704581916327
-0.272250969755198,2.06360428003401,0.233178076515391,2.00140723120544,-0.550775259409236,-1.70308269152059,-1.52170487007522,-0.779144801142914,-0.0476754538107572,0.596374893272779
-0.294005153834328,1.22459323849988,-1.40597302252775,-1.51332154544414,1.70529114305506,1.52397425695886,-0.312739304125925,2.32280398135858,-0.830387437343096,0.235949923645892
-0.499666423354904,-0.511580309757608,-0.625726240735845,-0.143467910709776,-0.959103900043071,-2.23096308740616,1.92697686147275,-0.0344257517863391,-0.246581431394517,0.50594519704675
-0.933854301694875,1.63666749511489,2.02339399941034,0.0334807106654589,-0.306561922093321,-0.314245226193856,-1.23954841429133,0.731065342963923,-0.662694891767941,0.627914804399333
0.22139893067239,-0.208893104819012,-0.963469277261892,1.52565544894803,-1.74835152372177,0.66335640547263,1.1465752127201,-0.994202731057208,0.338353233874579,0.254933392691041
-0.0735845728013836,-0.17380514427973,0.302363780239337,-1.23312595168444,0.595170336479383,1.10256604516256,0.539130813539264,-0.137628627841026,0.237179091913771,1.19507944351647
-0.528873326313488,-0.222086688740293,1.58885992632945,1.1496213911769,0.699882073737487,0.0166406047890114,-0.492554950856665,-0.998054628244313,1.07963679918199,2.06942829525566
-0.0151957494566228,-1.60779145371578,1.58614765161599,1.79164744071786,-0.147195832427156,-0.018371439745613,-0.230416720907897,-0.36960588384994,1.052326712837,0.28653335782658
-1.20034540301881,-0.794857952317064,0.181472986271411,1.9750486547058,1.29505427765542,0.864782109387319,0.376316335919268,-0.794483194069296,-0.814641784423337,0.241531825081851
0.0978193287692399,1.5143117716365,0.738660101141047,0.431192732319697,1.77052439006729,-1.0896633953297,-1.51879157106959,-2.14704433850604,0.707677178944569,-0.0555089924526077
0.348142956800733,0.714964987715826,-0.367340427440831,-0.404911679842438,-1.50726422883685,-0.389774380877803,0.163384602429005,-1.12354255834064,-0.254161719119555,0.611083797569152
-0.976946676774862,1.72877243194972,-2.88965369379265,1.66834164935297,1.03436974906436,-0.876719743380259,2.2014612442536,1.43213562254514,-0.813066577504158,-0.0256040653638349
-0.534490786932011,0.812698701392881,1.43345034402785,-0.329852407139323,0.0572776256232701,-0.206839686418872,1.20804009983442,0.463684206445601,-1.41656117081353,2.60136389330093
-0.896375719721543,-2.0090369099152,-0.0641807763890229,0.983877481332342,-0.76503242410629,-0.291991303455055,0.21433171940789,-0.570385562912137,0.415762710551609,-0.204132467269565
-0.220559861790064,0.127382188441904,0.110262214266901,-0.123753928107422,1.14739305894396,2.19698679809301,0.191519498523998,-0.284713365641578,-1.10989757130366,0.866551069105011
-1.82323607566392,0.26079970644968,1.39216861478489,1.70491701671577,-0.0694924946217365,0.81529644286489,-0.886303642351726,1.16779806290944,-1.16757820005455,1.57749691111605
-2.66802998755538,2.17515025908807,0.607533140514209,2.18814350822626,-0.556758232601604,0.814211412068903,0.296163369247774,0.752787063856719,1.05887255885875,0.711953095805218
-0.677657934185503,1.01010461737502,0.408890135896427,-0.877117546963055,1.03487452505663,-0.331423545576956,1.3627042851911,0.0499616419396736,0.617136994557082,0.13222558454518
0.83881349928009,0.629350698795183,0.999114516681789,-0.425214348858032,-0.100766454936846,-1.14885261356602,-0.273065037388453,-0.30527995370791,0.414752013481817,-0.282585488907742
-0.155387168784502,0.0555341610461796,1.13994782205295,0.135914055749514,-0.407535146280126,-0.795116976730364,0.599781704132304,-1.38485354552467,1.17631068236175,-1.43930238644984
-0.136351635959845,-0.103584351612441,-0.0987751741359118,-0.844305401324516,0.524905365878481,-0.428544894350758,0.218850769767472,0.700314500843627,1.45779910423587,1.82998254902145
1.05237687886813,-2.70326274211025,1.32884833072299,-1.14490341931464,-1.51170460798296,0.887652213949089,-0.920237475397004,-1.65992746721912,-2.08427498083459,-1.44165483082461
2.32685314049273,1.11152648436807,0.0975119976738885,-0.458203886468966,0.000249242352978186,-0.0518594518673875,-0.212829283059482,-2.40256724834652,1.94226879798278,-0.0960332654104451
-0.195920821183415,-2.02367995254673,-0.366158815392392,-0.326062537575373,0.511111413593992,-0.0280299287018575,0.74416511173781,1.64364091512681,1.28793601070521,0.532767392894382
-0.59818307030907,1.09261872887377,0.511729775575885,1.43383843470051,0.695254660339558,1.17895442430715,-0.898229606946069,0.231178378638297,1.51271869467883,0.917565178568346
0.714668139830901,-0.60029131655739,-1.97998572985851,1.87271884477995,0.390209548828514,0.610786312581748,0.436090798601462,-0.549978860960572,0.926998455234711,0.494296408004169
-0.0100985761632188,-0.516329196951206,-1.16831987039909,1.4293375866842,-0.298033167201148,-0.159373698450142,-1.09482492063663,2.29049740866606,0.460232661843602,-0.219310385778583
0.597331100038864,0.225390014807288,-1.90287219496937,0.0791726034775125,-0.0935846664529382,-2.42995898626893,0.47510365221099,-1.10234248490793,-0.714524310105136,-2.04277934893212
0.188627456926131,-0.65887618646713,-0.280105349536955,0.0512272190430586,-2.08302555504318,0.172142795279761,0.499579851825104,-1.04816604765735,-0.294221765102842,0.376817236763199
0.754346769001756,-1.11607100599022,2.87891982284074,-1.17461679869912,-1.95611054250383,0.546757135385715,2.87541708886795,-0.119963778035084,-0.872298979784933,-0.892055046345592
-0.74916987845105,1.59671403129872,0.238451680039889,-0.523205023935103,0.572022513629155,-1.64406350848508,-0.360545218640977,-0.831867911947583,-0.601901038089356,0.17143040021332
2.35296697702447,0.674886244928216,0.484218298313082,0.485839780111756,0.727104381922119,0.505731445741171,0.183086372900778,-0.886274188059923,1.74941583192834,-0.416181126519925
0.819632355467968,-0.0622444485269631,-1.43886655493501,-0.326007672416263,2.06206765551206,-0.292140422208771,0.255455876975934,1.37325104994621,0.626091733525389,-2.15528094358881
0.177766434970269,-0.517922378673006,-0.0707606376639633,1.95695597613757,0.169794702089761,0.818175005275248,0.334933370830065,-1.02395361468114,-1.9982615171816,-1.55637504565005
0.100523971109859,0.299689568640212,-2.60006760307015,-1.1077678783147,-0.0175589967480315,-0.0840968937664814,-1.61988051435193,-1.2605319002024,1.2262511985003,-0.339623254609594
-0.73090117298484,-0.939499931897479,-0.0778126318514824,-0.81264719358118,-0.189316705300785,0.554000695254234,1.34825504944158,1.0055037337425,-0.137319046631235,0.753022861993544
-0.956367645199357,0.681818057980984,0.010889026318625,1.54114878851083,0.43763226164211,-1.54064459729037,0.0439567954497255,-0.0379505134834832,0.183484101053541,0.600975425388178
-0.864559689206789,-0.0867669219504793,-0.851676224434913,0.242746056220206,-1.27083104671375,-0.581905297174547,-1.05525783199559,-1.24129465469454,-0.0555980549478233,1.40494971086175
1.43647667302554,-1.38062293925583,-1.08814475349028,0.368790782693148,0.578839781115496,-0.38710951283438,-1.38346740892797,-0.180597086063538,1.37468352945041,0.742889561976468
-1.26741097657385,-0.832998403891397,-0.490586763811575,-1.26736517425565,0.641553353264114,-0.51710745794284,-0.978623565858578,0.442716910233395,-1.2391725264079,-0.34427360427108
1.41219901793576,0.200035579648125,-1.19515123340755,1.16931431278284,0.221639402555319,1.47878587304212,0.108824242200614,-0.389746651943693,1.39475425983449,-1.09495268176125
-0.779235168841209,-0.355689618841807,-0.358843010708175,0.98082455268229,0.973270907863414,1.63265578154369,-0.0587768573798761,-1.2294099965658,0.101301282339642,0.255212132087439
0.705169304363159,0.175039159069509,-0.9211405820221,-0.48792725109797,0.260916069801584,-0.395801432818226,0.981360156491672,-0.953908490050647,-0.757343755787232,-1.40577434728012
-1.3735313611048,1.50389729347151,0.853399547530693,0.950634168247657,-0.944655571816511,0.485932582712631,-1.04512962811091,-0.632566872054745,0.696254502415869,-0.261349209065945
-1.7612713367261,-1.83833338075323,-0.697852166962146,0.520943880702867,0.137131870706845,1.56268576889019,-0.0617224748994094,-0.0265125234445024,1.743292126239,0.956681222397437
-1.48741121680851,0.763852868321286,0.769251567563342,0.262152976147347,1.01364980331498,-1.20634551406211,1.47932570950604,1.97563749650893,-1.3982433002355,-0.347007555533882
0.0665902282591016,-0.198659237520986,-0.178133841043221,-2.5640404963575,-1.53237388458747,-0.0682397593550553,-1.25689587450928,-0.079798095565659,1.24858912493706,-0.927166841644098
0.42060523729306,0.441997755881643,1.360461345311,-0.716920083031445,0.507175695618449,0.518373241339477,-2.0749698840246,0.339347628751511,-0.755833444706939,-0.305148358272348
1.94515262545831,-0.545358027846802,-0.970501084817009,-0.153738974077672,-1.06562926394813,-1.65905714192049,1.16629197356875,0.397411190852888,-1.31479499870695,-2.0285627615341
-0.615078374418053,0.377277502765746,-0.434404641308257,2.65718878602069,0.319532436752024,-0.207069249469801,0.841594841438496,1.06858960871731,-0.0745048604969985,-1.1825212342448
0.687817642774188,-0.775624775982128,0.051950915882617,-1.45500728678351,-0.128854889728937,-1.0479819136019,-1.08888754722393,0.0704665235763747,-1.5730870435273,-0.470619051914871
-1.42819759653359,2.07653573946879,-0.808453772445727,1.65659885919735,-1.74953736712612,-0.491096895021599,2.23549228892206,-1.07988909239696,-2.24068165432387,-0.137400592122978
-2.84319514924267,0.897631419808481,1.0297829061867,1.89744381796566,2.63346593578827,-0.398431511863653,-0.536803633067566,1.62497235545201,-0.0508064044918545,1.39375802838523
-0.597085206975622,-1.34540817724742,-1.20517051589553,-1.06761840740094,0.0766239861559871,-0.634261247822424,-0.794857991983835,0.0716418145880565,0.110451809917884,1.62359068012933
2.23870313578896,-1.8336105829034,0.529593408754766,-1.56930445120703,-0.55095777203729,-0.00649313299388136,0.291254494677438,-0.230373670388436,0.272269462082427,-0.378323812579392
2.2819283175826,0.358954009522185,-0.411310835749458,-0.301281416402799,-1.37712090257326,-0.841013607982912,-1.0235095040628,-3.27611230640789,1.27607083322848,-0.851832796815203
-0.354037404565092,-0.611747965677621,0.142857119655565,0.853237544371607,0.649098381489193,-1.39477102339687,1.92285144641736,-0.248577690111211,-1.55355167041055,0.856512542828887
0.28870844519502,0.0203005937757299,-1.83195455861081,-0.344094791245617,-1.49330456268945,-0.446968896192009,0.595604231737907,2.50786972126879,-2.61790806549926,0.161998616453852
0.233892871961489,-0.5201250100012,-0.917270814131974,-1.01874564432096,-1.22701462985537,0.222840620097587,0.884535305903626,-2.21730881879371,-0.617550035442582,1.7167676759766
-0.275999461371943,-2.76226526410484,0.990388191505838,0.0829688867667752,-0.875512990743289,-2.38683121771915,0.663751886433992,0.373694406337071,0.352602834105817,-0.165148181839331
-1.02983454659836,-0.981052315649056,-2.35551848586573,-1.79108538723763,1.13098383307294,1.41048144763266,-1.07018676052681,-0.155878428764704,1.51758301362328,0.176911922905158
-0.408761604814197,0.939934913538768,0.75033214361088,-0.828021114011497,-0.518317409546343,1.46783891680074,0.42405921237669,-0.539456502574291,-0.19682027294426,-0.547286302433541
-2.91153834842442,-2.06808138862594,1.03363261352596,1.01573257160157,0.300455307086798,0.401412233483307,0.479229541560905,0.247353518124935,0.691299126003397,0.796436927916464
0.306182175153176,0.169490680737648,0.598040548604407,0.689910627190994,-1.45447037197454,0.703145898217364,1.44152902116578,-0.285808255974792,0.679313149670609,1.24976378856014
-0.734713208125299,0.248435636456139,0.488497157063387,-1.52874278577664,0.273306777292555,2.5897946833948,1.88871541971324,0.0374632060270988,0.469769343877887,1.35813631722374
0.351279085722708,-1.46984476419901,0.752758759215765,-0.7911535308169,-0.872592707797579,-0.40994005178553,0.578802884085287,-0.677296331518032,-2.21648250708232,0.402392975206279
0.892314510814212,0.693134510020703,-0.119387841765917,-1.60948970063556,0.978002775215745,-0.372275800027512,0.688126511122794,-0.745975543894906,-0.0439999156225499,-0.436757408699928
-0.435899599408322,1.0193479508874,-0.244935054910332,0.504123140249822,0.64260816704464,-0.597181771001656,-2.39560298686405,1.24042422044065,1.75177239556146,-0.97270663636666
-0.663119745590247,-1.14642742454072,-0.168187764202813,0.984669155871735,-0.69003516533353,-1.59302276346111,-0.664598569388857,0.308551092882648,-0.787334750348145,0.112806167269412
1.77642563910742,0.212662353270637,0.89665312302702,0.671245560985188,-0.92396583983527,-0.185598608918624,-0.325769907489118,-1.0916771043579,-0.8684609274979,1.74508346357348
0.453875703170258,0.92384008841583,-1.85243403923695,1.18314327927373,-0.862499084077445,-0.471170634486479,-0.506488818124375,0.196149530393752,1.38512264686432,-1.78426896065993
0.0169634617356706,1.19731162289782,-0.668850758451035,-1.37720454719204,0.504973041918508,-0.684950173604656,1.09442395686376,-0.417334842028609,0.783952709994762,-1.68450446719472
-2.38096862771703,1.86257168085071,1.84076638903184,3.45483591145852,1.46437762060187,0.698056293612554,1.37299827725082,0.561152233277143,1.74625443561,0.943166631177354
-0.226655128644611,-1.0475030761762,1.93720730810365,0.925032058436798,-1.73687371207173,-0.730988190661505,1.4176556269477,-0.0554810367685248,0.0964069710778261,-1.75109418187764
-0.493566552526665,-0.148973862836656,-0.920588486702082,-1.51500799609634,-0.198799004952392,-0.907261264447558,1.06438412711329,0.956509378365605,-0.730246286182107,0.64150046514003
0.26216107745602,0.0829585054125161,0.0632926540877279,0.346733976981645,-0.840143012233585,0.422310512147288,0.234266269775462,-1.82587396754735,0.505006227855811,-0.171377654937609
0.571241865518553,0.468792007292604,-0.0366186165019393,0.191995551924622,1.74793468277711,-1.43451736598651,-0.31474931134347,0.854747034788731,0.466927546224463,1.37788149246963
1.65320607166964,-0.893632989367329,0.156155232117758,1.35383698742483,0.143207411700228,-0.702006965910406,0.273564962990741,0.554281079399367,0.581003885197061,-2.66867697322887
-0.760361475847209,0.414931548208701,-0.0942795039976801,0.63056170630984,0.881570494590155,0.908276826269496,1.16861626504214,0.754559426900005,-0.247266435604559,-0.261496175365252
-1.37460578371582,-0.0537863755530743,-0.481244716439588,1.26559870386863,2.0034850300045,1.22071068683403,0.712974070196447,-0.814435314603768,1.06224430053382,1.11546213709608
0.270042556674054,0.83677136644256,-0.527532190657591,0.251151155102393,-0.139675687855605,2.65767513008217,-0.21349677944281,-0.422668996601517,0.549316268581536,-1.07104286154362
-0.442114888897066,-1.45769520456573,-1.39016742976354,0.715762365012978,-2.21149692060073,-0.676579134245282,-0.366061545281599,-0.600157017480025,-0.0743494737122015,1.27552599579881
-0.950592802176554,0.11792431262675,1.16879598094483,-0.111261871422469,0.0565525755600474,0.546064379392841,1.10249642330712,1.46527637410589,-0.493709377024313,0.063191042553551
0.175358038309612,-0.749745806999851,0.094076137437356,-0.556718400836199,-0.416034268935279,0.999937563725208,-0.896642270774615,-0.574115991399243,0.299745211863042,-0.652242391159797
0.275469337257165,0.0118415235823249,0.185833406662149,0.411828235124421,-0.233127758200573,-1.16889516171,-0.115052534892551,0.101604533204686,0.0149294528035237,0.376214109343409
0.683901685869736,-1.4527468504431,0.0801108134461163,-1.51795059690911,1.5885673513701,-1.05152428637329,-0.60231210717919,-3.02335328088748,-0.00841861144986338,-0.994840117041804
0.591348959524363,-0.530095660892004,1.23472866374429,1.06931726868543,0.684552436189886,-0.614991694292747,1.72064646580627,0.696644301349505,-1.31083759445378,0.354343967800911
-1.46855332897023,-0.462758170861909,1.28769849404995,1.52092054161248,1.22332582861013,0.948767211367535,0.684515201041495,-0.0392100803539233,0.407992779668167,0.170142423426416
-1.18538579876351,-1.37774686107191,-2.34459357367814,0.255499094702807,1.36779124987859,0.860645278357691,0.0649686715310155,0.808562365972608,0.056620933934849,-0.356454741940995
1.46743359234236,-0.364730508695389,-0.225358614519886,-2.4784494411392,-2.09783794677672,0.653663162406312,-1.80873301134096,-0.734999296906354,0.72508817257291,0.0173522238386558
0.247990406494928,0.641581009558208,0.396263839723525,1.06698156520792,-0.404318836315849,0.0777540568610067,-0.144074316918617,-0.658995664747178,-0.0654240594442693,-2.62241579125762
-3.01674923173274,1.51803705719832,0.718541258909232,0.829502164240053,-0.0768308367292566,0.338352178594663,-1.08622446063547,1.41279356320609,0.423845902500212,1.98483927956222
-1.20604001243581,-0.0133403353633752,0.361352464292885,1.51849056194454,0.442300113239688,2.27884479666124,0.652904340862745,0.68207904209518,-2.69483746039194,0.857696718904134
-0.18302043780849,-0.206176938559231,0.91215655044401,1.04468832609858,0.292294904347963,-0.80186311207623,-1.68687407079479,-0.02578357823723,2.74007448129313,-0.815788639519769
-0.633680246573499,0.329326713647507,0.21890704226347,1.35760175322055,1.80259067482466,-0.422427079114878,0.283944733695627,0.524163625771343,-1.16932119884617,0.176918090350685
1.5374518191025,-0.435743428431242,-0.386070853928612,-2.92563034078767,-0.0281519395337317,0.00251932240213371,1.29141714484083,0.267717836472696,-0.930544673625541,1.05679349169802
-0.964553897933515,-0.470741759711013,0.82413861751321,0.0677998987620995,1.61251656711367,0.351124201900597,-1.34002066712726,0.703779177249491,0.0201451427934535,0.953945262082945
0.838361060773411,-0.223618480664136,-0.0473307209948544,-1.71978656803662,-2.47424927432045,1.22538711276389,-1.03212080485081,0.515462008472934,-0.889613752876712,0.468053032509805
-0.457014985866283,1.55958417529064,-1.40108756470398,-0.563534895872818,1.31055226573388,-0.221895099027699,-0.763410195554335,0.605221374638635,-0.871330567075346,-0.787431516665012
1.61861370471446,-1.26139815153904,-0.0726795579182053,1.46174878602215,-1.8612313283331,-0.955451655261881,-0.1148191914562,0.899928459075506,-0.871248277748925,-0.873444387082535
-0.0543032202940743,0.222831311246121,-0.306231989271114,-1.07109212510111,-0.729231406357684,-1.18518836134995,0.150875563160575,2.55403135471329,-1.5678046046766,1.11482003652785
0.291694522692632,-1.27549522324895,0.43600140605218,-0.611269676730059,-1.31867112806744,-1.32858608567434,0.0890311819105194,-1.16855442450928,-0.589217375461808,0.0507878364028759
1.50375514009433,-0.42543682318907,-4.1269973973467,-0.133601876865957,1.05977866275417,-0.614188849696316,0.613787593597628,-0.170348575957846,1.05329931617451,0.201219994374726
-1.02054813525995,1.61624135333802,-0.00789605600506048,0.0162597344654025,0.549631665391154,-1.52688189206176,-1.41540693520079,1.37949042249214,0.200329677119445,-0.94029276947007
1.05581301420246,0.615346828646141,-1.57807465029376,0.314994706744637,1.89857771805917,-0.956169361817455,-0.141885979373207,-0.2636014606206,-0.322194692406815,2.0777408577113
-1.53627639931394,-0.321263435368905,0.891808051578862,1.69537063705079,1.26268949905945,0.978318834877291,0.512640983210277,1.19263465029822,-0.506147114297609,0.942862049047247
0.739304061351935,0.537092134334716,-1.21547110652701,-0.657598392181226,-0.265102056754805,-0.835860895783039,1.26626439349907,0.930630881959526,-0.474496703550912,0.977011025368846
-1.17871629470039,-0.25390426753924,-0.680150809416054,0.0159614514139021,0.974801455756311,0.844885291788106,-0.783157813668543,0.122161730025911,-0.628999556183385,1.48605183429868
1.32334727479176,1.32261661020771,0.417560499274319,-0.74002470849121,-2.18382834354916,-3.22753043805915,0.201124797550747,-1.20199555379033,-0.314364232415687,-2.44343699962669
-1.92299178384727,0.0490667213537558,0.796598630951055,2.59736064203249,0.39005094122277,-1.16551891474976,1.01064001338658,0.474535962186015,0.0513388449382511,0.189003019032042
-1.20818306445394,-0.738886511576815,-0.271233765624385,-0.0545955982877476,-1.28198908423341,-0.790706825295096,0.727897755683841,-1.74130965751783,-0.613694805129821,0.436534144341605
1.24113718404009,-1.19930057406768,-0.547773397644139,1.67466712465051,-0.62273553279622,-0.0823130489617146,0.537247843922991,-0.584177883281855,0.33364282608816,-0.84246224772117
-1.05256042919577,0.000372172531196277,0.0603345400446832,-0.393086202379,-2.312938867633,0.303799994834427,-0.397717282268425,2.21551259689897,-0.524508727638229,-0.709760009141718
0.438056903850484,0.606752089157118,-0.471613707211769,0.0922326471022306,1.27499867006829,0.0364563551878684,1.28977497669031,-1.73534032016352,-0.87602921149005,0.734114486455367
0.151304019098176,2.99212407213882,-0.183286118355626,0.748723038695387,-0.603679953746116,0.842516740847268,0.974420903435191,0.542092020374086,-1.09458500190074,-0.776751281646638
-0.294316446583755,0.584513945271003,-0.0784838514407186,-1.21016691118478,2.28272413512168,-0.98726079316566,1.26943343690447,0.613590231298625,0.385152478684085,-0.596223598149983
-0.366055956996659,0.973162161109321,0.461066705800888,1.40353253142372,-1.61117757609509,-3.34418853031696,0.283005236716447,-1.44102020545038,1.30063725658188,1.36887583593761
-1.38605735203554,1.06160853100037,-1.92803135128089,-1.3023057760462,-1.65896386844677,0.340447668144656,0.786994685644349,1.11986100733238,1.27380803674397,1.04641011817756
1.03231444005153,1.3587184037697,-0.831070656957625,0.470681546143251,-0.424902695094404,1.61195045079001,-0.575364859294953,-0.528099259840152,0.905800413678647,-0.977908531905953
0.82370595491878,0.423690882455192,0.0511145817010831,-2.53298058035497,-0.154255705019834,1.00742966056294,-1.36538244349285,-0.399358198600453,1.23722782937451,-0.751161147372102
1.41150982773954,-0.824182767684156,0.313613712859778,0.155604168850447,-0.106719544576288,-1.09897117914693,-0.224569909358343,-0.748348361467315,-0.111517602749113,0.275738873849361
-0.864810660608433,1.38926761689184,-1.03854460492852,-2.54537386809036,-0.727138995896142,0.207236934572747,-0.29511041477608,1.3590499285594,-0.420661657653185,-1.31523099837932
-0.129955605345991,0.623795492682294,0.250719535670811,0.0621854589879129,0.439948074019919,-0.346385336740397,-0.954391792232026,-0.69209530369385,1.11206509189507,-1.10840388315202
0.0364055104121203,1.24134347222164,-0.0483858049058335,-1.00596902542041,1.23704587364678,-0.547588721532531,-1.29181755900411,-0.265295979617492,-1.13243582282945,0.491725874717219
0.851498133857571,-0.398093852690656,-0.0261239561225692,-0.635051558564845,-0.198906856244798,0.939073972743668,-1.07953946428363,0.551391897104152,0.556552040120146,-1.40706042776995
0.607473672253998,-0.225453736791351,-1.45091459338693,1.53173461469134,2.26259525769534,0.632916578044979,0.116641297584431,-1.58219622243858,0.788016680933283,0.655194263410284
0.107469918968155,0.158891859122992,1.93534724339223,-1.07588811223431,-1.23927884727736,0.722394988701887,0.468786001728923,-0.047391249384094,1.09601359051183,0.749468538400033
-1.37858609224497,1.20537694148081,0.657481074834568,0.121314677895311,-0.247177185751655,0.10737620027438,-0.859303822420144,-0.515188033886822,-0.621547123335808,-1.43664859257969
1.08677320830218,-1.0195584305476,-0.657788080679786,-0.611135927501635,1.36843449111413,1.75631809998367,0.531961758792927,-1.21863194584858,-1.98053338557121,0.447979424441049
0.529006269518846,-0.7666770813104,1.84586987310805,-0.107434067144126,-0.121267796010163,0.681675062586093,-1.42859400455328,0.288781704378676,-0.765715543478193,1.41207593984163
0.00407367925772396,1.35311213035717,0.594689233378576,1.75755056564278,0.766046127792904,0.478312773494095,0.296552892297695,-1.21065070464198,0.459939270155297,0.141605721786527
2.24223135623342,-0.974274158775212,-1.90338712824817,0.95513043458348,0.750023605012715,-1.83232906019782,0.854023015418743,-1.20152020564862,-0.483634752438781,0.646403986209861
0.10582708651315,-0.183353151980596,-0.245497892014295,0.0573535985466089,-0.0385542101902764,-0.110856187131906,2.0203979274763,-0.397967894900933,-0.619760884724866,-0.875686328151046
0.959198138581074,-0.769444697561563,1.56629130653268,-0.207309330999325,-1.38785316344937,0.816472653081759,-1.04175654937126,-0.598303380685546,0.0412246895822232,0.328431590263279
-2.07500767490742,-0.689930376023254,1.08108065387053,-0.0108738195478744,-0.00223071521170873,0.556925531091592,-1.38834469212797,1.49711699741304,-0.253843407092505,-0.850514703399385
0.412737922019137,-0.554196952350093,1.78262488472665,-1.41900446062703,-0.464636076078811,0.00316439778714856,1.93248258089781,0.0235216347418671,-0.233941719080348,0.0993291228654127
-0.297111693028451,-0.267352740862198,-0.768800187053465,-0.14496539889787,0.550175235671649,0.229585662128319,0.855227408065577,-0.0556380046259793,-0.454167086157455,0.773341507452167
1.65289268807061,-1.26571841715893,-0.543284994905712,0.442038274350386,1.63971703020467,0.61286097265239,-1.73599866966932,0.498208870889308,-0.278095634791616,-0.714383353182506
-0.243738797573781,-1.15547173120247,0.248275282676387,-1.15133133407277,-0.369535422067089,-2.14847461298032,-1.59055599446437,-1.68815748857224,0.972952704512664,-0.0462445092041165
-0.558712475667256,0.259763224772396,-2.27425397092202,0.432227988583348,0.604762247125543,-0.637757687233071,1.4753337266616,-0.516410833770588,0.512456747574468,1.63486312113611
-0.771802266942404,1.00179010698631,-2.03233271863495,0.195163996861754,0.191417254145968,1.46239327290147,0.249533613483149,1.37534313331288,-0.139110117770746,0.751573795737126
-1.02108106959661,1.09664635406376,-0.489494594535423,0.284932957797814,0.315300777546762,-1.92814088838772,1.29547730056182,0.767915309639903,0.891118111513817,0.378901791018985
0.377524018219278,-1.03109883016297,-0.160745107937901,1.09026011853964,1.28746779701488,0.02395111109488,0.590924054835743,1.28909068317655,0.480643741284467,-0.599876709972833
-0.0569247997851513,-1.56310598277792,-0.397162846822407,-0.749725460403929,-0.269477674354488,0.694412596026362,-1.33218767822485,-0.110810758861478,-2.06628001443382,1.1765401326781
0.193429159395717,-0.390807720192477,1.06032804671539,0.0323570630148375,1.37293071049277,0.55871848326171,1.00091103994699,0.400070767851989,1.8024350816242,1.32173035876483
0.688075542947846,-0.323954789813505,-0.234777601197716,0.104701854664809,-0.929062487679484,-1.14112934073985,1.10764019854074,0.299200750408474,-1.21784735144278,0.395553689339194
-0.973790284324751,-2.03521918247283,0.633054600473793,0.625890975675338,0.0502581731261795,-0.688344249557139,-0.367972128221294,-0.26513412057384,0.304877411500684,0.459117829840296
0.0696165031540554,-0.887940992439027,1.57027613545251,-0.661555444279743,-1.05814748361567,0.197203425868354,-0.313577123116674,0.666928026021522,0.133480833715905,0.41817223357661
0.442037556480341,0.254949182841373,0.467740393792452,0.535977664893937,-1.62090998353914,-0.824551142545063,-0.244732277530635,-0.324095255265747,-0.482493273600594,-0.128587665020634
-0.136994322183992,-1.14841342118574,0.835823799919058,-1.58982205681852,-1.14540877220322,0.360437832170282,0.419689081522189,-1.20146462570225,-1.14728052434314,1.52884993943979
0.664103472489521,-1.61309206232349,-0.542371070708358,0.0992453383813297,0.71242975315347,1.77187348932276,0.203620492252416,-1.2229702364337,-0.113348580366792,2.24936374903136
0.335475422917928,-0.671514245125791,-0.414315610417226,0.622932477525412,-0.973824701837603,-1.58748874103992,0.0706229223864265,-0.539193020514372,0.857741441863421,0.243455027176392
1.09576728054917,0.192683482594711,-0.879527737347586,0.866988827387577,-0.31546233386963,-0.0721395953054728,-1.03405338914921,-0.243954857750387,-0.0965559888079443,-0.0724224213087283
1.13170370639824,-0.534022571121063,-0.98831905140691,0.963196785491112,-0.0814516325050371,-0.204465701454661,-1.39750608323984,0.255983394726976,-0.10472262608254,-0.271989074261254
-1.45629506178451,-0.2743243552345,1.38320547078413,0.202134520065002,0.226765660810649,0.104270288862677,-0.725217745275265,1.40524471323913,-0.137671650020854,-0.482141450648607
1.61810300145643,-0.527542719032222,0.452056793532079,-1.38365218084205,1.59131666319823,0.876801762460746,0.922707605159247,0.490809958252911,-0.0678299994422255,-1.49205008806446
0.289865378088851,-0.72912739938345,0.29342606964075,0.955678446527924,-0.197800152518508,0.113079275526169,1.26178285878589,-0.0166432689238538,-0.886270477058802,-0.246860117472714
-0.201754893175078,-1.09563880264616,1.4100502411638,0.650322774559574,-0.0253669690995114,-1.85477132513472,-0.281586617891293,-0.483465267093484,0.0318190337627924,-0.235943501427504
1.11128427898525,-0.0221275344003282,-0.475969761790857,1.0238211148746,0.639758182064072,-1.71571347626504,-1.99936693998506,-1.02218639738184,-0.561377367508304,-2.3150661198259
-0.810683683776017,0.325758154000096,-0.206474304910324,-0.247671502986739,1.82290563380823,1.0988079906612,0.269282036172056,-1.08596761719778,0.611449811823016,-1.62104559686001
2.3726528439573,-0.350597390105991,-0.717281774054126,-0.202441490281732,-0.496429694091006,-1.06999378064199,-1.77559701899395,-0.749629544953827,0.273379785989786,0.0422109866114204
-0.620590214989953,0.593321294252058,-0.145487898466528,0.833587365575675,-1.45849823136925,-1.05997687915374,1.50001855844097,-0.150257463152789,-0.68407136179545,1.82467082069451
-0.96237961126222,-0.314627923804411,0.783496235194882,-0.119842903470727,1.90216907870039,-1.37987488122339,-0.606234482191123,0.917020248384191,0.616487674471148,-0.821780260677058
-2.73236719907349,0.253690960944691,-0.454003771621683,-0.704713291660621,-1.06635419104958,1.55880105868037,0.343283442530942,0.186329534931325,-0.927202662167269,1.24349441601982
-1.52896590702063,-0.0165884390033308,-0.312624161431832,-0.479381410050623,0.685023057901316,1.15597946020713,0.682897542585159,2.14140567747689,0.88330845032693,-1.11375337405069
0.635552288182463,-1.26596722422727,-0.580679648816388,0.902489930837179,1.13583889758132,-0.81103216471778,1.54093579760266,-0.242213766693103,1.98403440664701,-0.892684476745679
-0.156638950357051,0.345924022128802,-0.650675873734539,1.87533420456478,0.323661540933651,0.345790152185219,0.833139683637299,0.143873437485785,-2.08743669431439,-0.192698893374026
0.066662080368579,-0.246183602736128,0.830279348293848,0.872700579130937,0.221373675002923,1.01413443379888,0.341320082121885,1.74266646995168,-2.4003500954128,-0.599584319774387
-1.21779996777561,-0.22490737032,-0.5895931114518,0.624181784713302,0.553037430766729,-0.499761005193627,0.471685658008853,0.249918894772805,-1.86381367192512,0.578569476849894
-0.280768015632414,1.3460989275644,-0.073321976146724,-0.947158819620931,1.00417166748647,0.587052463088647,-0.183547854145652,-1.0982579863018,-0.974898543421777,0.565375328433123
0.735819759693702,-0.178069673730171,1.99438746397918,0.526527221042751,0.331257440193683,0.691213991128519,-0.132255609749905,0.544367331034355,-0.896926997123353,0.590817824411604
0.111448542791042,0.250616241726489,1.93254998388008,-1.23223674689442,-1.24624053685236,0.684918572970311,0.135492035595479,-1.98334393220628,-0.312431149130506,-1.0438456496633
-0.69610035982117,0.314446627239675,0.115703804890955,-0.558449163405299,0.287346971395039,0.995208428088642,-0.819277441095031,-0.748477464600228,3.04174866240298,0.341149694956391
0.475236747558064,-1.50973361696342,-1.00685236030395,0.0199069866157623,0.192852084587474,-0.41422061967859,-0.53341179635672,-0.165581204997863,-0.226871946580724,-0.549375547487102
0.679356921326196,-1.8421699800946,-1.07510922265965,0.530946251602478,-1.30770487220149,-0.957148033930585,-0.550585457380669,-0.832188475308398,1.53596931920977,0.879250042289643
-2.51358599009916,0.845231747201396,0.080296103547493,-1.31250644559383,2.00052699065802,0.7672478614398,0.681349332723291,0.93080768567528,-0.264876032886236,0.635571459385404
1.04168553894802,-1.28784887963875,1.14272128858811,-0.230529847489521,-0.330096279931208,-1.22211320707833,-1.0226695754689,-1.36551653045317,0.581801497097819,-0.642774100649666
1.01222136135835,-1.1574097303065,-0.100355733052576,0.747345505929394,-1.39460886336785,-1.33642142586442,0.288023316902205,0.655571827755052,0.228227176672266,-0.0046043432626216
-0.729608521761476,0.0818188102197372,-0.189913206339394,0.440047721079717,0.558339155696116,-2.02507157040584,-0.359239741450288,-0.44149417944338,1.46988086221734,-1.19090686759268
0.223099484554314,0.367653464017602,0.497906803093488,0.645803505754598,0.358758444294703,-2.39469686888559,-0.411624664051716,-0.766057171019284,0.138690030093882,-1.40300269039219
0.82975662589971,0.204505992036098,-1.02547203030417,0.0452795713503808,0.20401388164334,-0.605117841186599,-0.741355553072705,1.29822568211003,1.05779718496907,-0.202216954459849
-1.21366865761105,0.64492690839956,0.593718368666196,0.496304248470367,1.83108968538068,0.29622706734929,1.4229656521862,-0.206367554511863,-0.464217557481681,0.5615357986208
1.38639969173265,-0.286180838841113,-0.358846217824432,-0.904684017495689,-0.599931725097031,1.57308542431368,1.76742711652158,-0.145491080463001,-0.984090496777714,-1.38938844431232
-0.729237362388026,0.400080117330946,0.425726896255753,0.15175815930879,0.740911677894193,1.62434706150764,2.10827522490289,-2.6956092534061,-1.16911628206775,1.20798325439996
1.01311661330626,1.35002111300815,-0.708242575589995,-0.170298010243822,0.202517200262229,0.707865727614694,-0.014909973584733,0.232784592859757,1.62920827307606,-0.213971001780446
-0.287179762181963,-0.555759698553044,0.275205702122914,-2.28438768710069,-0.530875877688755,0.864120800905252,0.370887219959819,-0.604515203549603,-0.98020733982085,0.302187669334612
-0.183808496197885,0.102092968281499,0.656399233983652,0.351654413762875,-1.35138935226762,-0.380583790328619,-0.827349015111057,-1.65641831458615,0.815513305526146,-0.321127340343779
0.0730167066891694,0.276619933518286,1.32013689259428,0.433679170536788,0.225803793930934,1.12714924589735,-0.527002942366163,-1.02023406924016,1.01583192860336,1.96356179886403
2.08060958981824,-0.895120794384307,-2.0996524267188,-1.11332883745978,0.53644392814786,-0.262330294001442,-0.651741654877599,-0.860752346664715,0.94030311554446,-1.34955258855374
0.133753154565307,2.40392886045456,-1.2752057592775,-2.14271196827728,-0.128695117573501,-0.378127887602813,-0.622119813560136,-0.599199546539498,-0.26832443341267,0.52298445598936
0.960072098024247,-0.263280117242924,0.187120806262109,0.441297115136772,1.25542471909031,-0.670971640257111,-1.24410845813818,-0.0630781491122016,1.64632298589827,-0.943286928286673
-0.355655977044298,-0.975458262267998,0.21809875173499,0.471954597134014,0.216031631725002,-1.62282870570841,-0.970834644752428,-0.353299062518792,-0.249555670286837,-0.121036117775069
-0.568798670814205,0.0151115492510082,0.604741267562712,-0.50592701401377,0.899908142746118,2.2719487673736,1.21910794247768,1.0691996122758,-0.230303872316913,0.0493324313562163
0.24043875543381,0.189867901176266,-0.897454110838375,1.64290949019635,-0.396370762246465,1.32339201104226,-0.438237129787427,0.0286023820381953,1.34641693136072,0.59358070388347
-0.276434502807301,0.461400815815035,-1.63597828121022,0.586443142652767,-1.69179268049091,-1.10337774606013,0.754551961079284,1.03172423622432,0.981945475473986,-0.553159571460501
-0.33845851123768,0.63357111264856,-0.504391943363258,-0.423168926526449,-1.64954560097279,0.698971229542665,2.03664630032571,1.4287303976414,-1.12745882209387,-0.365917412581308
-0.129705914333684,1.92231506378842,0.292757491392821,-1.28565115752044,-0.937837629575617,0.251808678319599,0.0960652853484518,0.262409841420363,0.120671232346809,-0.279588871300744
1.0555434774293,-1.8921078162415,-0.82091920157013,0.0766996055714199,-0.101614622255947,1.98325154957356,-0.197808854315362,0.645414787856748,0.484982727780864,-0.184051875034286
1.71684803969062,-1.25499347134263,0.447396462036134,1.35641148365672,1.70231382762706,-0.944008949781057,0.5089696392341,-2.21231010899304,0.153042469130138,0.335317112810403
2.07749623854392,1.66272872944945,-0.337127175712348,-0.821288340834057,-0.525900774450842,-0.146721921938222,0.311238795055208,-1.15351287137325,0.686667155168922,-0.786693658240316
-0.396948732114622,-0.0838256061090971,-1.0793222265277,-0.591240679759597,-0.459371080533694,0.35048406534636,-0.725543717920421,1.06810329281433,0.235367304514239,0.129257747365254
-0.146052571864905,-1.27686405135692,1.36261871883728,-1.05186334825233,1.69517801642761,-0.573342908520414,1.54797642723513,0.501391022418844,-0.194445729998241,1.09770265193878
0.0506258462495383,-0.813547016388299,-0.639936861920587,-0.250086554059827,-0.392738675627947,-0.0250193976499955,-0.228791047532835,0.403509209294357,-0.366895665023783,-2.17361763599268
-0.509802989392352,-0.629421756242136,0.217212364859181,-1.7962782624924,-2.33193342664889,-1.36502929421334,-1.34422873018446,-0.282320948460294,0.202697652088999,1.84584112283298
0.876667109579685,-1.90383633062481,1.54052702416366,-0.520890055123442,1.56698634002197,-0.785360623593052,-1.19578170747525,1.04491043408142,0.460589965146964,-0.222196453260697
1.15489052726819,-2.08506572986789,-1.48350728505789,-1.10620164878535,-0.856189570560487,-1.09627184240943,-0.928963347249881,0.375435309595979,-0.825398885794399,-0.744456172518258
0.180481892484284,-0.239759154478257,0.603356453227165,-0.798250612627285,-0.696868394306115,-1.22148320070962,-1.09052042390146,0.972048626198418,-0.10289177308515,0.385368366329771
-1.38736997241151,-1.64703417547278,0.635917968476035,0.163488797218861,0.0154057491152554,-1.35792031969065,-0.235133958534638,0.801150233524579,1.02352234390009,1.5199942483416
0.457712157800297,-1.58404209980562,0.653653760592071,0.397750344480835,-0.545026630897309,1.08918963579044,-1.13897025824858,0.466722620210091,0.21007483503624,-0.157894309847159
0.406974483970305,0.417798967313788,-0.261508661357566,-0.59090548209752,0.720492336430007,0.699781714499513,0.296756743140905,-0.0414111661066092,-0.380913976251373,-0.958038293341984
0.193036193851964,-0.68150171400952,0.407412664279497,-0.153757006538856,-0.599943144843963,1.89574989121336,-0.677386587948371,0.934024245716282,1.82900492398556,0.405281784689373
-0.811664247034435,1.61222359758281,-0.240147869605491,-2.27793098167026,0.398739829047057,-0.679422368257952,1.55251257779418,0.871433941727192,0.804361363552089,3.47143783678291
1.00943598724884,0.943779403881752,-0.206359606860121,1.94846929008176,0.332235702413103,-0.593688704774568,0.300345074087456,-0.689594261086315,-0.752575937262994,0.00617642302287293
0.632894393855968,1.26087384506176,0.765872476282197,1.53203263469566,-0.337657522338829,0.885406893617629,-0.203204156446482,-0.259849114739405,0.448029702880502,0.528552492734793
0.0353181369428596,0.235504942552276,1.12021986348055,0.836993389328067,0.686551665501371,-0.442546034340945,-0.598141686341986,1.61785477037675,0.163666921834821,-0.434399927447219
0.360889507520066,-0.612407806016536,0.461241509049563,0.205514211550946,0.067662746174291,-1.99256881113601,-0.208188902174216,-1.0140586360438,1.1753864193525,2.3634230942937
-0.6541820455789,-1.84409912841394,-1.51798555665648,0.275294958940803,2.0701872588178,0.400628210044177,-1.22743662432024,-0.725751530573293,-0.202555437241306,-2.12718390663643
-0.730988134152205,-0.965601449708014,-1.19854677826264,-0.150882284111552,1.34854697632572,1.80534177699974,-1.55214726648454,-0.170841467131333,-1.92605178067708,-0.00878210487673734
-0.540805026182986,0.115747493691871,0.283933960011379,-0.125642788904525,0.459319264407887,0.37747904045414,-0.0219131246004999,0.507078273241053,-1.35237366664221,0.358930146601504
0.913009781043633,-0.956320466837221,0.0884499304853769,-1.1609926162347,-1.25168531999069,-1.5597694396329,0.426747160453347,0.45133657280716,-0.733029174902791,0.755728833740356
-0.557836493200337,-0.910079821996169,-0.826863625164586,0.461409189532048,1.00274766614641,0.395042134862742,1.01953778272267,0.752299641577777,-0.0868406099787543,0.499456338212294
2.71737488442635,0.399528468077494,1.27515739847969,-1.27603556417041,-1.21939881968518,-0.0957965502586925,0.708602605616524,-0.811753910209527,-0.349168682048594,-3.0205751408354
0.360688729352657,-1.03308528713321,1.01622188945764,-0.47410270529066,0.519514297572142,-0.113153635416612,0.180445390718675,-0.404444151929507,-0.221647328865428,1.30319267324836
-0.871142082855788,-1.41221159216346,-0.0526676222042865,0.392604941502425,0.83253637488549,-0.713081430718172,-1.29366002093199,1.60791947300282,0.838637008981673,-0.681264744345565
0.675357843927794,0.407844533357121,-0.211897960785874,-1.33139826097542,1.95287625900877,-0.358099989043159,-0.884697100342485,-1.11719454972958,0.532378843570438,1.22484536661632
-1.30412818791134,1.17375558055415,0.529234296909412,0.55015816756911,1.16434207645086,-0.724402001530528,0.147871333713904,-0.444666089349262,-0.478394588871872,0.163093001620267
1.05733589958345,0.388973094827563,-0.0874997863631136,1.21527890953798,0.0815892123770201,-2.40470062135803,-0.398375453227787,-0.362674926333205,0.289834249491703,0.128367541532182
1.50012605073315,-1.45685741450226,-0.391283363114677,-0.632267689828784,-0.987466948440936,-2.05784370194253,-0.132545780100828,0.205246168497141,0.576529660535677,-1.9718727971829
0.996106609628666,-1.07153193074735,1.50750511475401,-1.34283681226389,0.52618522626857,-1.87888646666439,-0.922874474405931,-1.27480960893644,0.981967044877965,0.636745106542264
0.900444990868899,2.52232052067985,-2.81152052185098,0.0914531874835334,-1.40304620935617,0.310297685006441,0.867002369369842,0.453300598415967,0.310334392756559,-1.07635365864289
0.0442660112621715,-0.837987476985967,0.200631063127466,-1.71374309740336,-0.591310592026484,1.51993637787435,-1.22953589432429,-0.106156618754488,-0.141354736573123,1.14174202868255
-1.94840105578362,1.5536472542707,0.822991891410695,1.51261742665898,0.229188697536559,1.74979856223609,-0.211592348389951,-1.07621957872012,0.308985122512659,-0.882579730114658
0.649503360292788,0.113949458403304,0.559457349343898,-0.794844045033188,0.196630522560807,-0.285756015865837,1.33195017770239,0.161994738142281,0.98627816989681,2.37833666007526
0.0396549824922117,0.654989793993988,-0.894070122105527,-0.827245454472448,-0.261143226601519,-0.391595370838804,0.322219119565261,0.555956850915259,1.55528056979863,0.549602263736569
1.45097535984922,0.659855600627982,0.00739331701476126,2.18432845909964,-0.423457648024179,0.620703276707965,0.86812816165324,0.941044029369533,0.66694538570084,0.521261054070663
1.35075712643289,0.0970801469974698,0.745876211215835,-0.657488258327872,-1.56250103238077,0.136400188336108,0.379000526563606,-1.3446101569565,-0.317318560117577,1.49872311099413
1.2812330800968,-1.0736564227314,1.18325845601856,-0.770743319883435,0.537692851035806,-0.221269506121246,-0.690297364587876,-0.986577208999089,-0.830058589078953,-0.77115672285124
-0.899905566327952,-1.34200091749784,1.159224859698,0.464539203578902,-1.03506844522793,-0.0663769955564197,-0.59251566245878,-1.73483458254715,1.16427066930868,0.346809161861868
1.74650986056574,-0.215798907196251,0.656349563875288,-0.912086054105116,0.209388800842678,-0.936574531348532,-0.177032016142728,-0.285214451285357,-1.97667779672978,-0.157454066126831
-0.86164434698944,-0.0316090992986226,0.354675728119674,0.0407357054328468,-0.127730119442942,1.7060019044158,-3.09501936270904,-0.466777566200542,0.405093322375728,0.23388530399969
-1.96714431992022,-1.23074138352361,-0.656932189769423,0.558645307833404,-0.0693131225402289,-0.706485750575232,0.671408119123885,-0.919161230363646,1.08845074695719,2.32942254567317
0.859814698357624,-0.437270561630265,0.525075786414083,0.339146864770969,0.896039967231159,0.352855350886358,-2.71373128354554,-0.0977660430039679,-0.977897033874567,-0.464983274800083
-0.700597238171055,0.199848784656082,-0.310852183040444,-0.269455056198132,-1.45401910964904,-0.880896553163173,-0.181770269317928,-0.992591068220156,0.788996624887112,0.818810408284296
1.01230339544722,-0.58814269393979,-1.02318345096232,-1.51744168340263,-0.988894419730066,-0.790187613179275,1.58547615923644,-0.652212611978934,-0.456852164878564,-0.433693857772743
0.316940236296632,1.09085473272691,0.43096138647646,1.41077212556171,0.66155663271516,0.426763893471044,-0.407053076702419,-0.994546928930233,-0.548395883793779,1.47094540537989
-0.471290613577344,-1.32515185767734,1.03043342234538,0.460246450367443,0.270983916915045,0.696823195063456,-0.772117403325807,0.212119455529085,0.657161113269951,-0.489716123680429
-0.813323297773879,0.994944851615006,1.97335403919324,-1.47494859082817,-0.841479290395047,0.982527175017309,0.309832770468408,1.53067929338158,-0.252917860493987,-1.30332731792816
0.57410675865398,0.408760067348104,0.445049210966405,0.940939752638941,1.04059367386616,0.0275648038128672,-0.884105735397194,-0.383783085375205,2.66028927431434,3.33362264173851
1.38104597621436,0.148189515387209,0.270666484268875,0.452718159542518,-0.516735319912435,-0.390336701287024,-2.62178891346326,-0.707440614270938,1.06454172733227,0.600400680963599
-0.57032063249174,1.12674021297307,0.819505273737718,-0.844886429860057,0.209482157269563,0.18526063134699,0.105238859889666,-1.10091978550324,0.314274506960186,1.60129470574546
0.728953550928012,-0.451770311285978,-0.119378318986017,0.702085063832886,-0.518093503065075,0.108049722760743,-0.893373513994117,0.519324143707834,0.461715062786762,0.271874253316082
-0.884942195782765,-1.69720713755454,-1.61664262225901,-0.160295647377473,0.318911532331841,-0.616627102615481,-0.680158782925477,-0.232816146618559,-0.45497255310643,1.88735634987027
1.52614691666217,-1.30618199555627,0.419072021968022,0.810345081839973,0.158575658034575,-1.45647254980055,0.350494516402765,0.502347344753965,-0.797662480303896,-0.700207571740375
0.118054500903568,1.38311178003059,-0.506523133106093,0.727087289583785,-0.459238973251896,0.676649869051598,1.20930319577136,-0.362140688546984,-0.00593561557417604,-0.694064079509438
-1.8412951462259,-0.229251551408218,0.459358604351044,-0.404566732280329,1.28294790904458,0.372749114353741,-0.125892121246703,-0.740226782238725,-0.167450077260229,0.833681600031165
2.08008737116171,0.439845905905803,-0.638399622956574,-1.21079400331914,0.75712663488374,0.459181497168992,-0.803192785246362,1.49263877621482,-0.0646363015039085,-0.798290767497877
2.93569297757335,-1.0398189390539,-0.132684860643112,-0.480580038664367,0.0663759897630452,0.316607332818627,0.554541045375814,0.525711191220838,0.207647891074018,-2.07642951907992
-0.504651445034278,-1.23503956808132,0.253636140120388,1.15369072977045,-0.968080119534053,0.433805088967291,1.29911854855059,0.922644080306296,-1.08440977253572,-1.062795925042
-0.230281692612796,0.734251214014644,-2.05972333231002,-0.657541636968731,1.04718344575556,0.910483170906225,-1.18949525727191,0.883313638672341,-0.379613040381348,0.546011355168415
-0.655831345875579,1.31006875911265,0.320617153825842,0.62586621561664,-0.259620729872353,-0.31093463141529,1.26602667519321,-0.728502020791668,-3.24761237030836,1.05838033212663
1.11297180435464,0.011921949708381,0.317897261279579,-0.971206028001807,1.30739241260545,1.14565595026565,0.766350111332415,0.0162294836837787,-1.19448974835377,-1.74349605734313
-0.792310941407706,-0.760739378102814,0.376357909287506,0.485931061164362,1.35851685706052,-1.16865206788653,-0.54133603055875,0.691461183026893,0.927409787240347,0.956114021383132
1.02767660267355,-1.0176975904747,0.0613881015370168,-1.23285603427694,0.51785986948609,-1.42219420283655,0.0772898596428417,-0.629553326916663,0.434061760061971,-1.369431430507
2.19667069445934,0.444759651297887,-0.384914477660462,0.687717541522574,-0.375964867811847,-0.0392382610925782,-0.288460685459428,-0.51742652312565,1.20142883317004,-0.274044374292619
-1.98869694652646,0.669445636402426,-1.58868186515683,-0.177472551167892,2.2038012098599,-0.529616608007031,-0.964443515123768,1.37581174873303,0.157408034948885,0.239184058450935
-0.743526244329044,0.390782149640798,0.250240139105649,0.597342112719666,-0.407597406856373,0.702318076932411,-1.25260689697284,0.717990810631333,1.07583209804824,-0.862135155638369
1.40051014919269,0.391608047759786,-0.180094379202545,1.28458509307567,-1.56566856637599,-1.02058734958822,1.44403128691567,0.614729064898128,-0.791081059745912,-0.423175056996727
-1.00431879460261,-0.793471490652179,1.30665973879245,1.19576448912639,0.877868820814397,-0.599955513879235,-0.827985797571744,1.48135503791842,0.0727752004474793,-0.914506196132179
-0.892789883760292,0.303490039438643,1.31505354940244,1.17129365422399,0.343022221784729,0.648597118116179,0.0379685867821954,0.270652069955874,-0.486095575194613,0.186971880576238
0.391865245352518,0.361323970681084,-0.142464273891485,0.436333247428678,-1.13351213784697,1.9935500390255,-0.662129631883823,-0.786958901369913,-0.92832062729601,0.320460490860055
2.28825938294951,1.9912664688507,-0.681494806946012,-1.26653688327054,-0.32844447163177,-1.55796244418157,-0.751865223982616,0.0675265932852544,0.149832390436076,-0.832726619322958
1.01027342112871,1.04442429812996,0.125554860032674,0.226241723097526,0.508604713990815,0.187262317763766,0.143752397478862,1.8286505977701,1.03898125079749,1.86151222933184
-0.0439070964542403,-0.881548006429255,1.05826512617076,-0.512198706883151,-0.725651091727833,2.42063600151217,0.242089670793548,0.439082111049175,1.15220697309933,-1.68373009200021
1.70996331490643,0.109748734253541,-1.57883669404558,0.174688714065015,-0.469538383134248,-0.322952769557285,-0.232953599189412,-0.118756671686516,0.513580450997315,-0.306466537621154
-1.85383688841433,-1.29924357656546,1.40273592565555,-0.458650112058792,0.31971326076708,-0.57134444126029,-0.637431023673739,0.100819062705352,-1.52292135377094,1.17747575082298
1.80174501317467,-0.489722703513908,0.121608930206988,-0.854709363281778,-0.612823284297425,-1.16677680032453,-1.24940459858253,-1.03105328742891,2.39560948696153,0.900609106298325
-0.0879455129924486,0.348148508748021,-0.0795670208872252,0.894953990443691,-2.07807409495639,0.260759474640903,-1.46672003410735,-2.51559220297863,1.69088831973902,-0.768513308470585
-0.411815867039746,-1.18487297977474,1.14952862548352,1.72579086820653,-1.47846520571658,0.542109198650458,-0.661823109906925,0.742582802484433,0.0877498226836309,-0.675777402250678
-0.510115830369427,0.733333770415026,-1.66704494868228,0.523333557880983,1.10112508941986,-0.310653004859794,0.714000024771364,-0.86799646323433,0.301045674929398,0.0201980969836839
1.36966465006385,-0.0642547615154765,0.598908225138798,1.2514846704949,-0.688703096490048,-0.189015911211445,-0.679817632618761,0.780385875392986,1.10753991189644,-0.175996888172067
0.493177649454123,-0.643789365469519,1.03807827942732,-2.04454060131458,-1.64192541997333,-1.47824178404167,-1.28956372976846,-1.48912077712944,-0.396520471727337,0.9121484123442
-1.05902956331846,0.384069166224325,0.696092415526671,0.0265263131417706,2.05898781343804,-0.0228374446562631,1.86191487972288,0.455350152139292,-1.65362435472129,-0.895804775586836
0.00131485002618335,-0.713734703943505,1.38401188023108,0.295326726767156,0.463804031661119,-0.64515816805333,1.0122908622009,0.617802276626296,1.78657943352963,0.399536019266696
0.473969702277949,0.566546156337294,-0.710091183505735,0.413237773372049,-0.350574682902804,0.0106854845554701,0.779421875330987,-0.469976337558164,-1.0873111650985,0.541841896751994
1.61204755372126,1.95611240005353,1.00686257530298,-0.247434985789691,0.018474521829436,-0.657727752192653,-0.654734176075004,-1.30958820887754,-0.561996502993586,-1.15034977433546
0.862278331944501,2.41277846341923,1.12756421120972,-1.08140067711382,0.00725863429573378,-0.919452018737454,-0.0614280836529179,0.954827542559291,-0.757017959083371,1.01798865827327
-1.83470388402976,0.688399880328358,1.3541889720657,0.823435017386453,1.25284231778904,0.705020970819764,-0.391926531846516,1.91342411585923,0.988236567407192,-0.284346993016931
-0.927683130795974,0.605884300967942,0.598410210918748,0.176129305901865,1.16482367798021,-0.387657351288624,-1.02415553472894,0.634820890916598,0.21121028560395,0.931644395267657
-0.406390182125184,0.840072734618674,-0.662300038301514,1.03860442675846,-0.712078575564882,0.828063397909966,-0.209951117837027,-0.75390452464177,-0.347289546458889,0.665760216219686
-0.566025085684179,0.579946800961902,-1.00894366496697,-1.26871924662561,2.07667195925786,-0.137218981146473,0.760428157552334,0.124521469708432,2.41360718235101,0.905611725659239
-0.851759303175284,0.108379007602584,0.548128705834084,0.653578637776642,0.696270512398557,-0.130538826035819,-0.318647832177312,0.381559687514903,-0.632868767022417,-1.5162310022072
-0.0536299298794118,-0.272473314125452,1.22252415713435,0.101511300744149,0.417060965829336,-0.613969740234542,-1.32336837842267,0.894508498504577,0.760325965658935,1.38785740530693
-1.0027507898781,0.00195965784139368,-0.763640601845693,0.807112971153524,0.348133993447195,1.11327752775927,0.723752189269928,-0.114176491847971,-0.0480676429569961,-0.532796418896483
0.299750945567788,-0.784408531102888,-0.758402726200566,-1.13675057235424,-0.696984812350353,-1.92050729631985,1.16468020919551,0.195892289889572,-0.51894058634,-0.0171608368392244
0.694777432499392,1.3041677309741,0.703697501926646,2.1249238056095,0.144058497716596,-0.949843434356405,-0.887944155639065,-0.449716685662643,1.70831005223336,0.594849875209022
1.21716229265529,-0.427151601184844,-0.0826900341179065,1.86884410406752,-1.05774622584423,1.72863939614143,0.664292100940794,-0.454400491797641,0.831090070680402,-1.32217856903074
-0.0344928370123328,0.893946565867929,1.83351700293537,-1.39514029558343,0.09768944013243,-1.40149648895141,0.51174261564018,-1.46431772296945,-1.92954467408697,0.0457770265212785
-0.99729842591551,1.43996336670402,0.437682103756217,-1.29151494115429,0.658334587639552,0.0212614516205171,-0.445206187689038,3.03989180744561,-0.699393793461662,-0.364946676200215
0.869537087515218,-0.208650097630989,-0.254580518571527,-0.571053413654098,0.290664678531678,-0.389775810659299,1.10418457582119,1.43205247742898,-1.31480148756206,1.80604823364796
1.05544405063054,-0.468476639386927,-1.46424461767364,0.199400390163357,-1.01702273668103,0.139625463269851,-0.504231146545599,-0.249739237447082,0.125405483748707,0.174133268662638
0.614967339126121,0.17562960997814,-0.41477344936136,1.58186438068645,0.332286029606382,0.0510727786270622,1.06336246968844,0.556929128877924,-0.348214743444697,1.22030944074898
0.0194811683770058,-0.0731923861154894,-0.518847065691871,0.675892093338823,0.198970247257437,0.153854270598413,-1.42497672481023,0.225725830560221,-0.333384625802818,-1.28709549458274
0.677296460224683,-0.0259527710409974,-0.510975579116414,1.13622154247419,1.30640659225147,-0.934771449758041,-0.80292189244118,-0.27643630920213,-0.864120203451225,1.33981266052585
-0.214513826317178,0.943087049059067,-0.538510922601671,0.682620470897231,0.799655296878773,0.982824602186192,-1.67403001588194,-3.42779255798166,-0.794672946623841,-1.0070416517993
-0.682198910149961,0.857916488043471,1.31418260793105,0.877140679420503,-0.45071206358749,0.190804805820875,0.308667094555641,-0.726768921705983,0.951582690543938,1.69170357042838
0.50625728168903,0.471759811202536,1.46428803387906,-0.136070030154941,0.842756566880737,-1.12064161982214,0.203558739117711,0.169591187297064,0.824513845905414,0.680844654541063
-0.97427688410698,-0.714066579400067,1.23270397234127,0.916907289794141,1.00690368966501,0.0613621274595947,2.86119868645064,0.636248279344916,0.183043880641509,0.56126080749181
-0.25345306853612,-0.247478729201273,-0.715261008643935,-0.175198591708869,0.674310336888179,-0.864198292586738,-0.630060347570393,-0.801651588380211,0.103552243944775,-1.34780752049798
0.763361625191803,-2.45643727581885,-0.30295461402687,-1.70088739519244,1.57583489930724,-0.0922587794555734,0.89753748455184,-0.77098823153512,-1.17533462411672,-0.941814543202891
-1.44490050513463,-1.3134977331074,-0.348509492981965,-0.829716215842201,1.88647293571925,0.338443198915708,0.120103344994383,-2.21243697342498,-0.578835902377315,1.20999158138605
-0.250795054706647,-0.296410840785751,0.535673882944019,-1.0286660854971,-1.94265959313989,2.54877890666878,0.839966786409749,-1.40643299174868,-1.24323876710157,1.20050559003468
0.935431658119192,-0.377939217715128,1.25640702299166,0.415445469305401,1.61926892789299,-2.30501688170432,1.49749630081527,-2.15784896887831,-0.249868519974495,0.519290515569318
-0.416235645291126,-0.113412733645633,-0.214739125949362,-0.0574777978985131,0.958268766548724,-0.783529746514145,0.300189924101031,-0.927152602720969,-0.819066221852904,-0.84826720016348
0.218358158318494,-0.243995278446791,-0.105836927079527,-1.1608015328082,-0.681154705035947,1.91237973747658,0.491858350814695,0.538950449970473,-0.305957097531748,0.565203438144189
-0.247347700284844,-0.195618009530763,0.768886150560885,0.433556285225433,-0.101644539445525,-1.56088447330854,0.382676833281692,0.215383677506089,-0.584386409103847,-0.458057648444076
-1.49231529164131,0.917281872288674,-0.806582871851569,-0.134273538097875,0.657729467607492,-0.455077196408331,-0.286572291710087,-0.958079647651643,-0.241316755691201,-0.0556473048137508
-0.598096949851304,-0.980101011837196,3.19220277778889,-0.919473736601862,1.35545749208523,-0.527341115003727,0.0393075094042106,-0.647547469155269,1.67521825509984,1.29042421678876
0.337134084536038,-1.32888934845159,1.16905790698951,-0.921885920470218,0.056910423251025,1.34711822691922,-0.171449848407571,0.696131257451124,0.0423637006108165,0.190012060213159
-0.868813080971739,-0.391721444617775,0.920442242757584,-0.555951063471544,1.43506356091003,0.602649950859298,1.37425337180854,0.906407201471149,0.491353378547865,1.02776390140735
-1.12680447325023,-0.551019897874977,-1.0696004767005,-0.934109819159076,-0.848006642605151,0.142481535136193,1.2377721267217,0.518946503153351,0.155543687678975,1.76921994259661
-0.377897754446492,1.61935146914184,0.925604678740463,-0.306212080900924,0.254092396861515,-1.59616045477679,-0.82976297588107,0.693697405327254,0.780850952072133,-0.82071733508741
0.762134963900622,-0.575827124438618,1.11721986171287,-1.34496701427399,0.324756676745072,-1.40236066732884,-0.509058711024518,0.0350954947441166,-1.34106456119516,-1.52180884601674
0.34090939274772,-0.118883426053321,0.661026594857768,-0.0683641088224628,-1.21556486314869,0.982613938336445,0.00224846110597833,-0.842827520805028,1.25515469829751,0.360745748847386
-0.967840387302638,0.93104784662933,1.18099948195317,1.06683924168437,-0.878277617082198,1.00517542008498,1.47231788401207,2.26119891584571,0.138148712897405,-0.821159643128771
-1.44870327692774,0.519229384013647,1.24197146236557,0.437518990241436,0.820952515461474,2.09290728708717,0.0627978374525089,0.848099059650438,-0.805799430307236,-1.52816751860278
-0.639275310135173,0.227497092066797,1.92639162059747,0.372394607774479,-1.12684293427321,-0.171167629764867,0.057891698351532,0.648605835040452,-1.33888541705767,-0.921109283659812
0.522236905788542,-0.398153078010728,-1.28868710641348,-0.402606896786639,0.857000954010758,-0.890625156551764,0.823335933370272,-0.619433751853155,0.361235156640596,0.666391282714019
-1.00039408262446,-0.297976253775204,-1.26397262188111,0.543751533353722,0.347287736355334,-1.0377113047289,0.445729173302265,-0.917484615882021,-1.29661742715283,-0.942095358804127
-0.290600368271937,0.402250112726769,0.802428419239563,0.0472775806256281,0.593771676234915,1.13534897758724,0.313891490964723,-0.915598903469735,-0.468851816003683,-0.522306187434665
-1.11302362458334,-0.202890819151724,0.135095782043989,-0.646608130128101,-0.638129442970357,1.7766093401108,-0.20733668157109,0.289015094723968,0.455829506369721,-0.293421145842358
-0.815707333471868,0.886356049378279,2.38217723314042,-0.209094589995043,-0.301647973244788,-0.163685177407564,-0.243148740086988,-0.763992769580262,-0.238820160134692,-2.00142020940425
0.844535523138393,-0.184323527147525,-0.476482926519091,-0.129174977030075,0.656694837414631,0.509893434532764,-1.03158344980001,-0.0442753067001001,-0.253079801628062,0.00468047734792265
0.258840305507635,0.459460226862997,-0.0749498040938577,-0.607837906889512,0.918000196475848,-1.42284885390883,-0.409707647240334,1.37634115266634,-0.612769855069885,0.0506890648938648
-1.74048148130601,1.42149124486608,0.582492064357665,-0.273182612122687,0.51829797269515,0.891949602172063,0.731686538706281,1.0879980272686,-0.577968636131024,1.66244727569386
1.58064749912901,0.860678899207779,0.61095706608193,1.13869938328947,1.02657559079847,-0.123784500946805,-1.83655790409722,-1.47657568466871,0.184384422075091,-0.624901564666216
-2.35103847775058,-0.503861812470504,0.598786261501187,-0.552893740025234,1.04407960688613,0.248628893572167,1.39360200278263,-0.120430056924361,1.55817805479766,1.19025005484993
-0.299484419977355,0.434967333102131,1.06073392791857,1.37173962214545,0.302259870870785,1.22572820326601,0.0402021805410107,-0.137851293088352,0.792163782206082,1.61084642931966
-0.0853222599527892,-0.931080238598428,0.148430042303376,2.36253784634012,-0.776993764984774,0.916546500381757,1.33082682031269,-0.633598170064534,0.909805354842557,-0.114049307088267
-1.41987337970178,0.506323554982134,0.238547479425063,0.172325853602413,1.12282223235226,1.24912593908958,-0.540644272271687,-0.292087750182178,1.81910115572934,-0.451689604962929
-0.634344214002921,-1.19998495073434,-0.223630373390175,-0.336663747299164,0.755619305975023,0.596453270904171,-0.357850128659323,-0.608901139509879,-0.48080880323604,-0.670723990802618
-0.295009225766543,0.542209240958414,-1.38640426655838,-0.756425888482612,0.323658470275886,2.13308833884408,1.56007226019667,-1.0558820308885,-0.639173089639591,-0.968823316123425
0.0185751050029865,1.45842276654411,1.73881676390357,1.1690505678347,0.689210464273226,0.101385355627802,-1.74751143374455,0.669424108154731,1.4721681776024,0.950836334763421
-1.2413298815758,-0.868322038415438,1.35224681746373,-0.820162421897352,0.099465875992691,0.573594155111958,0.963043274536497,0.721541528787027,0.917594258930497,1.09601634439052
-1.14574988795819,0.088690748033783,-0.392801497644539,-0.582689902460508,0.499203355448512,0.406370974930388,0.200851133472712,2.46820966662779,0.0724644747691595,1.37191749014911
0.47935721558351,-0.183427352863075,1.04898802541311,-0.251687774187747,1.83095991541174,1.38147417343795,1.15246107040729,-1.33031097144379,0.521653502629392,0.38940906815615
0.828381201476914,0.066527930162278,-2.73751515711096,-0.629360216972521,-0.676825836851182,0.901835207808032,0.326358436325648,0.268903311202975,-1.47773825210765,0.0360715521829411
-1.52251497776583,0.426603789028973,-0.155624088055183,2.21506589605377,0.681730020830187,-0.576191815564407,1.04594597670011,-1.3544123030845,-0.706248044950104,1.57737750016261
-1.72653779059286,0.666970710881985,0.381883356940732,-0.0509944930332187,0.303214585063814,0.967058287076071,1.69011394931391,-0.804496421768866,0.119802617618812,-0.0265795062775912
-0.225411205672521,0.207055960241255,0.648750703755054,-0.100527155513884,0.678020502482984,-0.712538809804208,0.346828755752022,0.420875382696341,0.470032438455326,1.72549810550097
0.757763306407871,-0.836168623404403,-1.16805016581988,-0.985474952222461,-0.344571049603146,-1.42918343993091,-0.239585585455949,-0.15972962133617,-1.24280796237609,-0.211998482524362
-0.834876530360767,0.733186075975117,1.03385236991903,0.448028107528947,0.71989749770509,1.53011847213769,0.74049827770576,1.01035388434755,-1.65280120551697,0.3213912786408
0.550728179337974,0.395189693821524,-0.0249953070768861,-1.62352673311915,0.0307956678913475,0.534986212383908,0.76205758063491,-0.40384364393437,0.339776426150772,-0.0243246451776352
1.01586980340368,0.715469241373518,-0.0644635312316936,-1.01482666934051,-0.795325659155752,-0.287751901287219,0.0655650492774458,0.405592009462348,-1.70911586694524,0.233590982622841
-0.211988090344851,-1.41265075251663,0.572155018632989,1.02295961403893,-1.24881136420721,-0.54821530121556,0.365224872319303,0.838044157167761,0.292564906165659,0.692669085652199
-1.68303876647357,0.689039697426796,0.648228228730961,0.822785220821285,-0.930049396458537,-0.0358688344065183,-0.117253861807484,0.0799956974511213,-1.12185696041429,1.4457262938207
0.450894089519857,-0.593320211321301,-1.30228735914851,-1.18566561125272,-0.320739806576471,0.852041243052598,-0.849018486492538,1.42600656785471,1.40631209633883,-1.3292517271266
1.26275690356869,0.153699050105011,-2.50494025254197,-1.41845054328075,1.09410320203484,-0.941433471263977,-1.32148659835056,1.06265448284636,0.954648014272334,0.50107498695514
-0.0296100190169426,-0.377356519166362,0.352654369072293,1.36433745479123,-1.17943991964103,1.20943532335644,-0.997810088869879,-0.446407889796261,-2.1244598031259,0.00137358066170578
-0.697461782486511,-1.20261931120566,2.55122690372276,3.09696368043006,0.0892076633724966,-1.55670422728133,-0.309632369177483,0.171600669462412,-1.05913423578236,-0.715911882774246
0.578580437518201,1.70391097495647,0.732271029591989,-0.301431768257964,0.277698609237621,1.01309222981571,-0.624078213170478,0.0800176376545321,-0.122939014517991,1.01213609076416
-0.273949946570021,-0.174353844276354,1.48704940841965,0.0702588608255627,0.221753319592029,-1.47156358436082,1.41486626714876,-1.18832290292346,-0.691052878823188,-0.336174645607465
-0.504348179298182,0.873496313060334,-0.466568774231921,0.653030203682418,1.47126744586653,-1.18659742551484,0.468324355723187,-0.682945783257061,-0.64661660775201,-0.149396257874035
-1.90913067643619,0.663304103902177,-0.0915200186020375,1.03823088796363,0.743484765978904,-0.00659044439534686,0.230493625092127,-1.67815357582612,-0.567207987958002,-0.523225740411102
-1.65619108373236,0.752321935688538,-1.12905510006293,1.65579950316705,0.867744492232278,2.0388287251197,0.381784670511765,0.322007936462514,2.23972902657411,0.406347798852657
-1.05720858619424,0.596321365872898,1.64483736629748,-0.284120878359574,-0.517842145800174,-0.779172700397597,3.83426045239261,0.498612079329789,-1.44971756400062,0.737709035393816
1.43421960540976,0.0606703926079355,0.249421666995549,0.812973467346243,-0.864141726480924,-0.797565305112215,-0.0253911865029798,-0.137106105667438,-0.619057160933736,-0.559284181942478
-0.666235925026668,1.14247909256738,-0.510489056700764,-0.5286329347048,1.07253267092832,-0.346508334033789,0.356629749613122,-0.369407689924628,0.850086256755453,-1.00639367413314
-0.0458835697885899,0.340813684143137,-1.13507705135374,0.404724943302335,-1.10193831599502,0.401449172006576,0.508689324925099,-0.268118515881186,0.13185773148706,1.02391124074482
-0.193538733883226,0.996685700989339,-1.65830810441712,-0.592263894903776,0.430456518766001,-0.409022738441203,-0.983868750266136,2.34814153911581,-0.378741431337935,-1.83685505709943
-0.398661607337839,0.577731080552537,1.19189544168273,0.562373073046135,0.528728035173053,0.688515180201736,0.0439279926042884,-0.840108283829164,0.326191960292463,1.40642547863639
0.831874652952162,1.00387328343339,-0.27936805434989,-0.706471772511802,-0.683413498558255,-0.978687518287816,0.720694092106043,-1.2898064217984,0.685014750513278,-0.817582763198212
-1.4763508776532,-0.289892934768179,1.22601161552529,1.04559216810711,0.535295869843994,1.86875816413099,1.11134301146697,0.102378707895541,0.0242207610095264,0.187537421401102
-0.175859056446164,0.827665410094077,-0.695160923027419,0.515609394332393,0.0021981367462986,0.762567194864177,0.501575606922663,-0.961061812864783,-1.80968894535004,-0.770313448757167
0.755126510984875,0.301704106399059,0.603459785489744,-1.31432507564282,1.92697976596542,0.653222285314783,-0.18712476148403,0.272143638437601,-0.0579047168546643,-0.0836671185265048
-0.160768577123949,-0.0636540894720199,0.47000631538197,-0.791292029029109,1.04985208881556,0.529924053116985,-1.20976052205681,0.397342832960853,1.88750560124778,0.128778345545747
0.671293425717757,-0.109386054333597,1.04280685866924,1.26120357815564,-1.02268661713363,-0.548961721601372,-1.18397476990756,0.777826900269314,-0.309724303846028,-0.78191647084163
-0.249652479120723,0.168718259830517,-0.781916084522198,0.578074904746259,0.799849776961822,0.475183544124822,1.01336043574976,-0.172055631304547,-0.190655492774768,-0.676526564733688
0.623812683110967,0.143666863766764,0.401477703194665,1.21711736497547,-1.33046301968402,-0.639293762124998,-0.92449484207179,-1.25146771816026,0.0273647745880511,-0.33881699296513
1.92787932359285,-1.03694792676398,-2.17673534768197,-1.50670903349941,-0.578378716472014,-1.04499599556194,1.3533394284167,-0.534151609669686,-1.0829147941687,-0.515962856908904
1.72978705435211,-0.183691478007296,-1.10425213358641,-0.268064904033051,-0.168616126812022,-0.511777765790706,0.301644348995532,0.188456496206249,-0.252245721338227,0.371815225924793
-0.625524028726205,-1.97827366752532,0.359186056912998,1.0223714765453,0.260491932236709,0.153555934431135,0.571416561996128,0.936877201929407,-1.31510533002867,-0.952361594895537
-0.674136518345578,0.199306260990411,0.147762370419699,-0.434980798514959,0.395517067236767,-0.195241988760846,2.02034020432306,0.563171037474156,-1.86949414138462,-0.839634314083061
-1.92076991435063,-0.635536321003646,0.324754282526347,-1.04763668735727,-0.167339088257926,0.344333261625284,1.74739732272107,0.486257809720488,0.311216371677316,0.57747515324513
-0.821380305825454,1.9721743516878,-0.124640863019123,0.704251375514524,1.98274455440192,0.706318262560257,-2.11843772884852,1.57017363115537,0.760719098325846,0.959717597418146
-0.932738728287205,0.964518292727755,-1.73791001529691,1.96306106771106,0.620829399814761,-1.14608117517126,1.04895923981667,-0.586694572605724,-0.424312314837703,-1.17666426562288
-0.0550904742650832,-1.35556675244176,0.373126413278714,-0.424636904858192,0.552638366923966,-0.763493849211253,0.146626808712367,2.45409278336755,0.955150685862564,0.307094928812817
-0.569437483380011,1.25835200831695,-0.973356502339006,0.0972594095866379,-1.05910222151229,-0.222759893549214,-0.0707825387470946,-0.0948317805915779,0.655415567332923,1.47575782964696
2.31559817203685,0.734267769320853,-0.341801585438777,-1.38574407968758,-0.87638100495027,-0.957164662299021,-0.681362482444954,0.547534991912353,0.834705186348193,0.905476540166188
0.513224407223741,-1.13832554908358,0.525542134289554,0.792210782199241,1.59596653047658,-1.10405190892354,0.889441574262635,-1.54465544327525,1.1417851723367,-0.495201915361787
0.111928584601497,0.958708442194305,0.601208808766392,-1.3013555287962,0.382147772252246,-0.312785908361397,0.681203386399449,0.48481225944962,-0.820207935044188,-0.925389002985382
0.353667276756093,-1.32507342385569,-2.67022055585421,0.317762655395063,-1.39614967522007,1.42125860061348,-0.581276997953398,-0.450551562270021,-0.414398347871948,1.81346879048338
-0.958162601989654,-0.815682866853903,-0.0691675768431336,-0.670383730544945,0.467653107619048,1.44885111184467,-0.213282439907443,1.4698470159592,0.29802999184096,-1.52013368889233
-0.871262073008676,-0.0347965045097095,1.04876888569746,-0.953520274530805,1.58450169211978,-0.754941827501475,-0.742296606547937,1.31749502641161,0.0442333237295,1.32115881172155
-0.923923579595989,0.506503578026612,0.507725222550578,-0.0562576037292577,0.368117766986608,1.62507492166019,0.254011663360313,0.82901545911715,-0.63309499361826,1.11979121935542
-0.590340745682049,-1.02757938718528,1.55278914704303,-2.01506790519916,0.252802623426641,0.273213545450239,1.14217266131431,-0.729995430722795,-1.54695744779307,-0.452846359626466
-0.0544821059668308,0.526406627932445,-1.04257083424624,-1.79654629023713,-0.615186920809966,-0.805391309307113,-0.831468918714727,-1.0161249850173,-0.285820660013061,-0.1886567704221
-0.5062296826084,-0.175574031067446,-0.686644685548669,1.38054364423013,-1.99999447036012,-0.293768065090002,-0.635651602826,0.573940302015969,-1.11224576272851,0.463720127760317
-0.197037527562953,-0.406688482680608,0.832855959391131,-1.88007278929586,-0.910960501791687,0.684727059425403,-1.34316792187481,-1.46477059488266,1.05202704847544,0.91738510612899
0.270820915118712,0.114225802101848,-1.09356544965657,-0.277827777087899,-0.567764614359319,0.966813996417284,0.502701945564267,-0.143233552628715,0.387015252937028,0.975643688747317
0.22914482241151,0.54376418139184,-0.538868575663535,0.815525211292876,-1.00839084466528,-0.884351434543443,0.699264492432168,-1.85689380045967,0.929828237760008,-0.327489424225224
-1.73872297470684,-1.36851119488217,0.281562056360752,1.58714481764991,0.432659229994917,-0.647224099266415,-0.406144709255993,0.789837431508055,-0.0805354004440239,-1.26507637401065
-0.210685423587854,-0.0385382530226849,-0.300084760394818,2.08452531301831,-0.260953267137648,-1.2365788187638,0.119037018048108,-1.11739927250856,-1.373676631184,-0.483700374559869
-1.33699674550435,-1.12614946932557,-0.207371032706154,0.96677880439514,-0.411657064131069,1.98482322854085,-0.629414016441046,0.337131358101244,0.167915670094243,-0.18871088212874
1.40542639920114,-0.314040648047231,-0.148394200836992,-0.0415729327528549,0.83927369634228,-1.69432558121565,-0.943882972679583,0.445280661725074,0.132947892972645,-1.48849264623268
1.62766645203588,-0.554861479070604,0.697512002024177,-0.427862862970805,1.73314013788289,-0.276608695692984,-0.555185558791844,-0.0949789686058728,0.921304956839809,-0.226571291377792
1.47222742819359,-1.13445223873781,0.339104844025911,-1.08046697506322,1.27883321562938,-1.33730769918951,-0.481846678197437,-2.18458045743958,1.21006630215489,0.04965949557732
1.12345264576958,-0.623002023696384,-0.636334693569754,0.0813297449489025,0.103714862269923,0.027407753718022,-1.15559874558247,0.555599483207096,0.385069340279771,1.25035300920779
-0.601985612759261,0.205040737326769,1.31003354420944,0.309597510706875,-0.0312992579817842,-0.424409195404294,-1.26618913106524,0.563550157571625,-0.0105179997293091,0.196980726903675
-1.244559979326,-0.995004443614288,0.701823934028576,-1.46025066109696,-1.15105245022453,0.738905205956477,1.50572555674121,-0.98042585865996,-0.548955890315982,-0.0922551287538531
-1.43137398626341,-1.36483370688199,-0.072171942850862,1.14451463377991,0.967856914320457,-0.394714741657768,-1.05307077547886,-0.108926628128959,1.38394284431433,-0.196366760635687
0.529955568143454,0.480370777046962,0.694844057060992,0.241458418347559,-0.287597365271059,-0.104096911954193,-1.98833898056606,-0.058712762523417,-0.529414757948371,-1.1429458492641
1.56530503444827,-0.677008306927943,-1.43960517138322,-2.4764426510964,-0.068539225599959,-1.40326602702422,-1.52693851705337,-0.408546316028203,0.121227822579872,-0.106707416267516
-0.0118761354748092,-0.557011654566615,1.29924255461764,0.696860600217013,1.94880878012409,0.333698690027467,0.233054472152641,-1.17083053648492,0.335083198182346,0.00414892399452639
0.333956754231991,-0.653054516370759,1.04622869760572,0.319335700520993,-0.180830313352923,-0.613076619310878,1.09315836715411,-0.407803974567779,-0.132551652980253,-0.485142832607739
1.31917674747585,-0.481410487837825,-0.647811761533874,-0.39534738852895,-0.804130605913626,-0.330880257326484,-1.17574327872269,-0.111179360952415,0.662615755764549,1.44779866282079
-0.847266231185928,0.703219408446116,-0.130696441744328,-0.110144705778493,-0.634104462843574,0.298682926857369,-0.887019295991845,-0.80243642019543,-0.00880819365201617,0.468803628162241
-0.505102425209913,-2.9913091762668,1.49305583494165,0.161012115340973,-0.119484191855639,-0.92360689468426,-0.265463795239496,2.24151906122218,-0.276298820901503,1.19834693929511
-0.652596724707611,-0.224758216414677,0.722436876804807,0.538879226133544,-0.0396569767662629,0.676947410598323,1.17275282338243,0.850735741720307,-3.22153559889368,-0.0472921886175113
0.153834668198759,0.538447052657875,0.0919591603721927,-0.759817596753101,-1.88167631559521,-0.451801510333439,-0.708346372899677,-0.166891726361068,2.42235608905941,-0.608815675166123
1.70047586578398,0.0266568421430091,0.691389054005806,0.194417994668253,-0.532212778715479,-1.00973267526616,0.459946117132382,-0.474914446091599,0.345543697630385,-0.396566734687553
-0.889532282248483,-0.420736397738027,2.31329410621493,0.132144438781366,0.363964140817448,0.783982529396788,-0.733540263580957,0.0339170757483741,1.02169277650054,1.30384142219596
0.109119976836993,-0.279518673099312,1.01095398083006,-2.4316888380541,-1.12693562403634,0.273788562451166,-1.01685437724432,0.484051461748445,-0.201490297813872,0.656129699850916
-0.306194936107794,-0.876286977355834,1.35422072403223,-0.614444965708165,-0.414568885155064,-0.429835545535757,-0.349055077562159,0.125663685137498,-1.45424894121,0.701193683084912
-1.57244848441373,1.10362121497834,-0.0521508829460096,0.135772864752433,0.986664083505147,-0.815303050417308,0.841259308171403,-0.129943925837006,0.192920069429861,1.03477199262344
-0.837583529873703,0.0869515355637579,-0.821144961301218,1.32757081308116,-1.00153912309302,-0.382575650820532,-0.288707531779093,-0.253656223850602,-1.41429501009503,-0.654343937660512
0.5386679842261,0.168916553534533,-0.966588939615007,0.491811418953964,0.685409668198243,0.910965340375249,-0.14294021685644,-0.379231328183448,-1.00875531364995,-0.0511244898488168
0.658893062222168,0.368932587582602,-0.842069738083077,-2.43074325086936,0.232449610803314,-0.821704175665893,-0.441026302345056,-1.4948707571764,-1.69860604972678,-0.485612895661871
-0.273747626472092,-0.407703810730184,0.32390203511597,-0.524940591108731,0.31096335047296,-0.184596853252719,0.0825740664327139,0.663359248307564,1.94870770462336,1.1591073355416
1.24586905134287,-0.481572984542699,0.25895364689036,-1.15061339899586,0.0887920837700358,-0.464250492793045,-1.57731287511647,0.378872794395669,-0.0114522187726875,-1.1241615065787
-1.44852320873842,-0.0139937742539022,1.14984227415693,0.96651430873809,3.03965295034347,1.45535370391276,0.0874168375334608,-0.0898348418489486,-0.261249655463676,2.45832952220005
1.94961875142492,-0.36540293671802,0.654594998409561,-1.08414736362102,-0.666582198088305,0.00770072313777613,-0.376894371900909,-0.507087355226802,0.411723879659776,0.921424843900113
-1.01632168500453,-0.541521052015643,1.36759783360443,0.427065721522567,-0.161516321887683,-0.88290617151149,1.22946449256865,1.92227317203836,-0.844832068922689,-0.148740645220588
-1.01991604230436,-0.115309982290181,0.141776534669342,-1.27292562356552,-0.27947671487648,-1.18559623527504,1.49124563851624,-0.0816099368695769,0.0694577581613566,0.0369529270325471
-0.17441791933961,-1.55908144984856,0.723254042433971,-0.885650811911202,-0.440059631363683,0.481183185011667,0.137515409723097,0.0457585667677981,-0.457741281784552,-0.473468082916497
-1.12470581120832,-1.88419156000671,-0.654672750577439,1.57940628478016,-0.704959106494041,-0.197994125215133,0.708570083313323,-1.02272933732778,-0.725076020463581,-0.534842523647602
0.688021139967372,-0.208786530189413,0.157003081141186,-1.00564683140432,-0.653327498491196,1.51714176876629,-0.214019395095426,-1.85685440286898,-0.669889116559078,0.677697914299421
0.0721539844509378,-0.498164575566528,2.509418385183,0.675736293695412,1.2831676202353,0.0545516812493186,-0.319221831339391,1.26431663699463,0.0988993964764133,1.02277973148306
0.863648440520578,-0.0936505699955338,-0.0443498934100093,-0.6749753632607,-1.17546154178444,-1.73044508127179,1.48982112778488,1.7252643153007,0.356251902156405,1.76990319677586
-1.0764926451518,0.397404454089242,-0.418516779617136,-0.178122866565911,1.05386375395324,-0.239268109920571,-0.548031873521458,-0.70541583923486,-0.511188766892956,-0.0827875840840575
0.24768789347214,-0.369210143042183,-0.416757655079013,-2.22584608598816,-0.139210372376992,1.3583851850854,-1.59599015467959,0.0453079244923689,0.878172285516661,-0.715684804617623
-1.0841461766876,0.410956515107995,0.40418489176785,0.977799570184356,0.354882334562973,0.344198933383768,0.88080087268242,0.0520637397242651,1.55874851678719,1.91342097073377
-1.204328990938,1.74228350237976,0.532949889511882,-1.7061485928742,0.45301460891847,0.0835714691661411,0.728768491122723,1.19320536717535,0.616342649795066,-1.38848243561087
2.10928641228857,0.890602226050885,0.708699002587435,0.587780513864702,1.17202305711081,0.717700394114879,-0.808000028292246,1.01258632170723,2.03402890250444,0.0742962887259888
-1.65048320451614,1.30449730233315,0.378968951752312,0.680207811670403,0.527885727741408,-0.171844209693327,-0.016168835653953,-0.784490992147944,-1.07556164665214,-1.43991293432108
1.09456569704167,-1.94482075131805,-2.00905747525292,0.653439511224812,-2.39156859427375,0.0562761126276119,1.34132133181958,0.503618204450946,-0.920498031707771,-1.60480653498555
-0.685459624508878,1.32491770085967,1.53263914300787,-0.612795018255065,-0.00439153309363631,-1.00648492711527,0.305234893133135,-0.687447222051397,0.916560417833267,1.82111933002092
0.326314940968727,-0.0131726488634423,0.0994826506953141,-0.949063955885702,-2.55256791583958,-2.8540205117462,0.126503072864432,-0.384006630107966,-0.384538575833079,-0.431575140596918
0.833066646050596,-0.391931681400191,-0.158220717540151,0.0683859079004461,-1.19611324017243,0.255826092668789,1.20284968243606,-0.098070763607328,-1.50496811861628,-1.32836907955861
-0.0373691329011277,1.59188748046392,-1.75577641182167,1.00019276148495,0.63708662364056,0.632404114690751,-0.0463572338597752,0.672056566692929,-0.352869457161672,-0.287992091160051
-0.220400677070799,0.559994407508215,-1.83607855711443,0.376216725634935,-1.35286504550111,0.0413619577917069,-2.06831285506782,-1.16965227119649,1.03715032191724,-2.88005197773199
-0.276243242229619,-1.43230639752791,-0.609212797915827,-0.59119813074973,-0.168200269424971,-0.0847210367621966,0.0230356113038597,-0.515455865040171,-0.42132693168854,-1.15996309693484
-1.69245688774218,-0.0884574599258008,1.90062747722379,0.0998760688517205,0.3280962685802,-0.0776919507009684,1.81392251891182,-0.638609119229361,0.579782039363702,-2.11186464836483
-1.19837308531543,-0.501150527460765,0.774624916660947,-1.43039772414966,-0.908001138823043,1.12858635412136,-0.545103860698413,-0.665527163996922,0.43072714594336,0.64083582961312
-0.193697985136727,0.183183950993071,-0.735511008599281,-0.726773987793606,0.634253896708505,0.451017449048747,0.551618465670328,0.424204522826912,-0.0702053635567155,2.13642435084402
1.42573370296848,-1.06101370203802,-0.0137211280241943,0.377572065376812,-0.818877229577035,-1.09233370446786,-0.463255083939382,-0.29428508721676,-0.904731771137695,0.704270417381147
-1.15092816551939,-1.1242930865652,0.398938077972335,0.847977436649002,-0.866188187954101,0.0871217812924517,2.16024616784276,0.0015225108362052,-1.60200448882466,-0.791201032443708
1.00418110351364,-0.0497372076496958,-0.925924560324984,-0.906373721400074,1.05209198233266,1.04296059889437,1.29064597249837,0.314317774025052,-0.162472354888249,0.405486824742254
1.39456870747765,0.351158202653025,-0.757065086075379,0.989077441657407,0.786850026775045,-0.259261995183847,-0.472847111593444,-1.60822705726706,0.0557798155608923,-1.2957094129112
2.03035739535244,-2.76280292593876,1.34555222125268,-1.20379540669809,-0.448419128043208,-0.840714929952509,-1.26731171056854,0.191480757577424,0.933928130816745,-2.60518066850577
2.18401343672593,-0.342674107222862,-0.426502715296205,-0.393933290714024,1.81119269254207,0.677158047282525,-0.366084417072357,-1.24077017371633,-0.0744565964304634,0.0951553900360658
-1.3642743866057,-0.819314860580337,1.53132790024446,0.738222924960341,1.20487018974312,0.520652127038337,-0.929046850363223,0.934100560914519,1.04806435431461,1.62565881928453
0.725230286407311,0.351115020386521,-0.194029699021387,0.416254255591581,-1.24006203627651,-3.21122264260763,0.686685908361237,-1.12218514033609,-0.976910135322969,-1.34165517384243
-0.726713014126633,3.11752874845677,2.25877431554826,-0.525438619062916,-1.61457930539982,0.268722149597953,0.0800420310243647,-0.678802207623055,0.518729685089614,1.68196080277251
-0.342057747667014,-0.2051442251177,-0.499872433504395,0.711095426628644,1.00865709274368,-0.0131650609716497,-1.76294509800758,0.478798122294805,-0.828881323902579,0.503475605356504
2.19514754437891,-0.81863065172397,0.250021835791374,0.511733935176027,-1.76150891645824,0.973942254854818,-1.52891048535675,-0.253569801675875,1.05848606443364,0.602100411358549
-1.735025629283,2.40580985221836,0.382206137500639,-1.03768636919994,-0.68819570822029,3.06748340687911,1.0698439769227,0.243495575725938,-0.547086279209636,-0.673816407750467
-0.870108606830292,0.212149994979722,-0.15661611602847,0.440913147183535,0.23496023833912,-0.822553534805687,-0.0521088175670101,2.03253530417441,-0.937424824923139,0.21582033302317
-1.34446005851491,1.31789998306225,-0.590326650419732,0.771810575780858,-1.35573114711363,0.514122628634782,1.27101206453493,-0.000408110630261416,-1.67041922419102,0.458564920365582
-0.41948641308811,-1.1432549728151,-1.15870678668611,-0.204698730345882,1.3701285371685,0.898788618590035,-0.231849507374861,1.0081705204601,-1.01867899605966,0.612489754757754
-0.508679347792694,-0.00986655150972978,-0.383802031749061,-2.36423067619814,-0.39873644340526,-1.73109261260163,1.31086122496109,-0.776173765464735,-1.06689831758205,1.30022248133964
0.266439165376796,0.921822966442832,-1.20239951128251,0.785386888464309,-1.77023862870111,-0.758041711615576,0.224049130997503,0.208342706927764,0.291318735610362,0.23157424113677
1.17241919321084,0.228164555092254,-0.301609418752229,-0.202537994798606,-1.00240946545564,1.31185945885587,-0.182481390231265,-0.215815212105978,-0.887244009558012,-1.18755348546095
-0.618351491120761,-0.124688399557552,-0.100206234081871,0.635372373067699,0.0101744238905519,-0.28856066212107,0.77386713264075,0.125540225474177,-0.465879896933151,-0.244366288465453
1.8427908960088,0.00661095831956086,-0.174430704416988,0.225578735207,-2.102478649295,-0.903973508749908,-0.543248537578913,0.708413944971468,-0.392693613573294,-1.30169551181561
0.711301643715664,0.510768085365458,-0.65821707273833,0.406695302410444,0.616485115690422,0.929721528964069,0.553575740366345,-0.306659450804753,0.148457739245128,-0.472405052219243
-0.230881087832241,-0.0349756725769027,0.362990909114313,0.0641684458812086,0.191131171016946,0.256323038145474,0.488561195460058,-0.226312709960075,1.07494085761911,-2.97649454375235
0.00223650868812511,0.899528245691379,0.123463425556518,-1.32518495052246,-0.68438511048606,0.528125548796315,-0.438149323764281,0.924407560953752,0.0907256354582655,-0.240790238114406
0.164422721255254,-1.27489643552907,1.99295150396635,0.697906225414159,0.136679753378254,-0.179850181528165,1.10689833798737,-0.348235935903965,-1.09621173417947,-0.23470228605202
1.02922951811796,-0.0323836414428722,0.604988218398997,0.475350972630869,-0.727917996153593,-0.0797856858356035,-0.501185909306292,-0.107423440734272,2.61513325730482,-1.05365119557186
-0.0852314518988607,1.62909439532858,-0.17792895242423,-1.83862300684747,0.779408359003187,0.1940081740045,-2.13014598209488,0.0266290996132266,0.918525597178804,0.0570450350673303
-0.542711050317678,-0.314091164769405,0.998018373527916,0.749971709962365,-1.32719043938054,-1.09403884593177,0.167069757338405,-0.559346334021307,-0.0428383183566414,0.38533066515489
0.00892441681760726,0.363887376928882,-0.196976386698778,0.38477142842795,-0.541263839351168,0.325372494839607,-0.093866832834095,0.408209233681234,-0.215807717912355,-1.77722099362995
1.6958298700597,-0.939329456389272,-1.95838329676451,-0.0421097576320797,0.584733325327267,-1.33080181042984,0.103537768492578,-1.08812668981513,-0.462855911709187,-1.24911292788834
-1.28605181147767,-0.943675245007527,0.837520473687217,1.32002554122055,-0.265778907976341,0.763170897030716,1.17620136519631,0.98903303119121,-0.64101532435094,-0.649478904156684
-0.998831909645912,0.825973054021794,0.677477333327814,0.0540854626955583,0.697451368005691,1.70981248280089,-1.24228371007041,0.876391916700104,1.78461505568448,1.55132619820951
-1.08785883013991,-0.106142083830802,0.988509636982412,1.52501180637976,0.524163360410609,-0.233547197881959,1.3478001860435,1.41369173252861,0.591263886967314,1.25675530747399
-0.860028598172994,-0.361877067761308,-0.0490437424973645,0.613639280041735,0.471178777061756,-1.02816696548733,-0.0255823236515305,0.904697574960373,-0.0068153752965328,-0.820315408410727
0.222301515663121,1.90305926043174,-0.404581531451029,1.83575832366734,0.0851208418796937,-0.602681227517308,-0.0489257298172203,-0.0234450015575785,1.72721960622098,0.97526297763189
1.5073915048397,1.7966751536338,-0.322382617247742,-0.638673114477848,0.673108735482712,-0.00106426312458577,0.938134992216017,-0.183327116145038,-1.10966857854253,0.422149464677853
-1.35527463882912,1.03257777028653,0.824585164419695,-0.263001104095848,1.32482103891873,0.17180214570193,0.95018799874232,0.394046422206784,0.249154381674197,-0.0502325196507835
-0.0226522421568167,-0.100148911354189,-1.16731223178559,0.926541058308211,-0.154633072242103,-1.07166298264582,0.313513493566487,-1.18810295648009,0.430620276047551,0.725915855773156
-0.166491305060937,0.377026008272334,0.862729709188124,-0.358870802245901,1.18322212126754,-1.08147635179004,0.758561656058568,0.832408024768693,-1.52454826745766,-1.71074997313554
0.430984477506941,0.153161711909954,-0.140763773577376,-1.2853629231442,1.18296619285195,-0.975038916069497,0.552812695150982,-1.05604653830695,-1.44538097670185,1.12075983397847
-0.245152759850568,1.36961673382571,0.912160319528484,1.0391889687753,-2.09241751679683,-1.3691472597472,-0.114773560133487,0.264700799537789,-0.759987785553932,0.935234257652606
-0.285813810290452,-1.38082705307232,-0.476021854311161,-1.71691129242397,-0.995244963270192,-1.53843565650828,-2.61159214664711,-0.715667575770147,0.649499569703068,1.6832681731485
0.38263597608691,0.763289004603122,0.119435250993765,0.16285674666471,0.268390611695815,0.22095597480726,-0.632249550377984,-1.37891374913663,-0.356125321394799,1.78697956347927
-0.539926965972504,-2.13305590461959,-1.47510476809981,-1.52102048185686,-0.659845473757785,-1.34121239513032,0.1264541342931,1.18050117243984,0.484820485492583,-0.282626447407743
0.548143081998731,-0.385642674138395,-0.272719977363587,0.98066283819193,0.793539344525535,-0.297578945626829,0.611783703579124,0.0514924425134597,-1.41538293985072,0.395039393014054
-1.21283466324882,0.450600647461057,1.01525802885931,-0.603464873769042,-2.06503541285256,0.787090469721093,0.610860707171367,0.0722661566893036,-1.434094237593,-0.0842970693817298
-0.95754314095947,-1.66567307427403,-1.19755487365804,-1.20088629730619,0.596426610817019,1.93370663908902,-0.735061334160952,1.86137565884095,-0.0646536272414964,0.0812047299607699
0.332682963990276,0.935879911750146,1.81112077567828,1.21861567193971,-0.437225673013064,-0.168461568674729,0.148089979813623,1.21278818067882,-0.23553406985143,0.870504992493579
1.06282037972087,-0.755922215356096,1.16312434903958,-0.0926230739554855,0.946647634551478,0.300872878284158,1.51704989191979,0.320145377425173,-0.590694123774933,-0.344117560782731
-0.158538563163266,0.0991313034313007,-0.217595100690344,0.321434011917008,0.0247797551487866,-1.57840642272758,-1.43196776505306,0.641901130718509,0.612787884471339,0.260417861081827
0.330260044495205,-0.762947032326374,0.424188221463841,-0.935315889752422,-0.0459149524436689,-0.221410243198532,0.180888228606332,0.669971652326173,0.0768616785276103,0.483102485807686
0.888100324096839,-0.368093750761783,0.804793588013686,-0.29505489289878,-1.47334844923319,0.413117724562392,-0.88614919142767,0.241809666290778,0.338956030321158,0.0877002676951722
1.78642958290031,-0.0823663970303656,0.228086512202638,-0.500825362148003,0.0457909406200467,0.895398421204812,0.502704162412263,1.5460793018507,-0.210161927116781,-0.465660341618287
-0.960231409308388,0.0469696513211781,0.751643574265129,1.09969660980803,0.537109500946409,1.29526278862487,0.971913327800852,-0.693243106799335,0.192872584285285,0.66916481075824
0.371682274201544,-1.11928222432372,0.98952379171631,1.52704446563152,1.16668399986756,0.357472121654603,-0.284892313061979,-0.278792388079571,1.34660155391278,1.09093056904524
0.838521707744865,0.533142541859497,-0.600869868379798,-0.607090152159237,-0.378460241525174,0.934332178561533,-0.381157730563993,-0.485189527254897,0.827225107970091,0.0462595802009287
1.60106237960907,1.32780560797139,-1.60344015824921,0.426677388549975,-1.00849725250717,0.68258858215455,0.489355282252042,-0.23465712675416,-0.554810517331689,-1.90959845393344
-0.789141130530872,-0.39699120550735,-0.21646710284455,0.775687957089681,0.662794201545063,-0.183680773311386,0.400475326291855,-1.69096474760975,-0.5266222575776,0.598506247881702
-0.484190225159781,0.117354773720807,1.39309321359607,-0.488742273043907,1.27774319339375,0.137855541723507,0.0731364108161559,-0.563101224392736,1.81057576002601,0.341327419543576
-0.216568570946592,-0.334998332909317,0.344729178363971,2.04860297596026,1.05791763503756,1.7306667390561,-2.14642880260399,1.1801658075801,-0.467448044463982,-0.119338254121333
-1.23027374198726,1.78369873567601,-0.216864926175985,0.530336849824567,1.75024543777468,1.447776287148,2.10102489257893,-0.881569551803981,1.26534304988225,0.132715129250691
-0.722723800293494,1.51662193384715,0.73292339114514,1.83637274621777,-0.0180242140703338,0.0913297659664583,0.466576998910789,-1.15281338673696,-0.710009531035045,-0.934014251837871
0.720617468520142,0.457730796508894,-0.599733109987884,0.111840950321221,0.986416892724456,-1.1966598644069,-1.16348849512592,1.17779144060461,-1.18341492217272,-0.277758915928336
1.97984975110585,-0.418308095540069,0.795250870756996,-0.7900609772422,-0.490199599277117,0.60410554162428,-1.06404595137595,-2.99700861153851,0.147296137614317,-0.849164749812102
0.650749317093192,-0.654312622263478,-2.40959262832877,1.08929236318227,0.152234879677977,0.107217456701521,1.06415047356341,0.454711048722354,-0.935996417810226,0.38543279372876
0.386314559142389,-0.849882826299181,-0.114311878043233,-0.124173870200848,-0.356979593062714,0.466194567603139,-1.57424000889781,0.423857952837098,1.72289037995188,-0.119228168652842
-0.133547500769316,-0.529798515550681,0.984870644488978,-1.58619199224757,-2.4089823633323,2.43024079159222,0.3082011547647,0.0409754762363232,-0.694496836315162,-0.170186756742279
-0.705677303689866,-0.0490656318389852,0.707507227350679,-0.246787643969465,0.375221697454184,0.446852211504012,1.96080454812638,-0.0349486953389705,-1.07260647427529,-0.549005498059112
-0.43291838141567,1.15766610143719,-0.84122522133054,0.679085577811826,0.821884682757332,1.38651042106876,-0.545452495742109,-1.08189642134364,0.453265408226894,-0.711924649807035
-0.449116077403542,0.385447635401626,-1.54623581783371,1.11454667395317,-1.13368011447099,-0.0783133432713028,-0.549886977598193,-0.0659707404492599,-1.35101053032037,-2.50099756177653
1.42819387095493,0.684897792134574,1.02057824886677,0.0733933516929857,1.25786599708388,1.17103085947807,1.47461903398255,0.0558752108144117,-0.266846838781684,-0.891199421393286
0.61775403156583,-0.494602743018817,0.463059184810803,0.846346668776599,0.706105716544267,0.424771832732332,0.204114928826881,-0.116230805608635,-0.151395385378496,-1.81915500235486
3.30325199114237,-2.05672202847944,0.847000210059116,-0.938819416740241,-1.46265809891076,-0.727002935622873,-0.325977909864796,-1.05328521602385,0.781348176785138,-0.408642935322521
0.424446898026835,0.0294204257605139,-0.640561333585252,-0.831867416109294,-2.29925090233128,1.17457701117628,-0.0530719283768975,-0.312140504737361,1.03100045240288,0.220409104062215
-0.617977974059607,0.586244475894449,0.0360903565696315,-0.245448185093413,0.493820887514188,-0.231747940924709,0.167416001530797,-0.101830377033934,-1.76590106030019,0.436120658895454
0.104808433280364,-0.594190549320046,0.321081531290827,-0.346762967827111,0.667365790698264,-0.459649539808907,0.756183884945054,-1.79377963849063,1.34943154573434,2.01795267446995
0.590538421875557,1.06951228508041,0.00753105203653438,1.36336093843775,-0.82656380579972,-0.646936964230116,2.33930423024602,-3.19556031359145,-1.35809687643674,0.489965870191921
3.17086168746514,-1.49725970799635,-0.323210154368453,1.2134631314161,-0.396202441809455,-1.96397866607639,0.555200895789749,-0.933357938834069,-0.632338011765924,0.906667344885106
-0.704514856077087,1.21652438701353,0.936138055210996,0.674613152695563,1.21099824563486,0.931672698733602,-0.380392889726446,-1.89616003580422,0.960807879895827,2.17674017493451
-0.788964426238289,-0.402465186542589,0.175098910542564,2.30854337147263,0.321310775144425,0.890971128116023,-2.63108461780631,1.35448223353595,0.70837945313831,-1.09581398128901
0.795424084950281,-1.76304682652108,-1.02988695545225,-0.889987403578451,-0.878060522118226,0.964387700654406,0.391568674639456,-0.742343235204963,-0.185794997845343,-0.152651029680691
-1.12179542019799,2.72404145221746,0.724175552955323,1.84772724815834,0.216011253884452,0.32640573528621,-0.713069118105885,-0.154507003042353,2.02582563085326,-0.183367506214483
1.87004690743291,0.931256115205596,-1.10258475635037,0.19969334391899,-2.57527014144235,-0.687847613793468,0.631629259797955,0.287704853259315,-1.83159042346776,-0.246525857733836
0.26030232735473,0.513245742621918,-0.337778011569062,-2.59933648116247,0.13033773403488,0.397784955796118,1.10813353709722,1.52336325888279,1.50004809553926,0.39104818320372
-0.188876569337625,-1.25934797553261,-0.262817746291556,0.652336003792579,0.844615276345549,-0.901126589378045,0.073366523999886,0.537700314603876,-0.60312561278317,0.07705710816046
0.235304663355216,-0.7563812135912,-1.33387886872226,-0.269811675503106,-1.23233110691757,-0.551489555089966,0.904301731730149,-0.92653813261919,-0.409601852001471,0.360459933519024
-0.375014874958495,-0.819723145894528,-1.09778586667221,-0.0517398090224829,-1.03120074171256,0.0306977613857474,-0.929435022367101,0.436966251779675,0.762838638773917,0.273986497963352
-0.487213146910464,-0.110024299277598,-0.105731946304295,1.52179486129781,0.0411155874121021,1.3645090636238,1.85437053148499,1.29269508424013,-0.744535734267788,0.761880302156153
0.822204635292723,0.825868227319957,-1.61194312279796,-0.583479420731099,-0.568232334043572,1.03742630336715,-1.67475198020607,-0.116300017399126,1.40693782365357,0.445356534938709
1.54963856714601,-0.830068630195532,1.10149223125256,-0.319907304740669,-0.685379617431619,-1.76756859949468,0.363860767069249,0.186365279661346,1.50576688761571,-0.842853943907531
-0.184689923145304,0.163433368295406,-1.9055988904738,-1.66268902419134,0.199284386896833,0.708391268431582,0.066036006134479,-0.78090731199298,0.0976758877068528,0.770579201208584
-1.92281116680785,-0.0905714181112996,0.252604020965638,-1.72463545648975,2.41362508694127,1.33784707851081,-0.435350576379208,0.722471611704179,-0.272234072056722,0.212130588775407
0.730845772620806,-2.1616559407267,0.631823732874225,-0.45173944676183,-0.453849053486592,-0.0623188039660402,-0.0293403762442927,0.548684338741615,0.788800097067723,1.06821806581228
0.279837252789012,-0.547518437661134,1.51940702934945,-0.0399421281256136,-1.86263357449191,-0.228398660921319,0.687763931102529,0.77131260592855,1.47191322202247,-0.571725678615524
-0.133939434438073,0.48597609995655,-0.421348238435121,-1.32569902483429,-1.55151896536261,0.65536066352685,-0.0138946621584873,0.125407067967664,0.450652071287884,0.0656419130631979
0.736600408229512,-1.89281694875278,1.63103999465208,0.671682734320837,1.85862279527524,-1.76186177625575,-0.218694395977046,-2.68153381117521,0.463300436190592,1.77076844376199
-1.39117035210287,-0.0496047675649012,-0.913771008897326,0.544125881192233,0.991821150734428,-0.506586133100163,-0.288537652602915,0.153622298918084,0.195191217700093,1.42480159329807
-0.103354386727132,0.477633088868241,1.14240099311047,-2.50137358736397,-0.0483251240401154,0.676442544179583,-1.78323879780561,1.1137566063307,0.0454366598164443,-0.269545595576339
0.430059131674249,-0.928918462449896,0.718430598796242,0.305962175927121,0.678351193577348,0.434599493497234,-0.697489831111705,-0.22780361793682,-0.115985784807865,-0.0765845772165577
-1.62495230948196,1.78396828590238,-0.62309627600417,1.08652259448807,0.491518656942732,1.5140594158828,-0.199475651532857,0.210860064606895,0.577872133714323,0.712096654416748
-1.58961564947923,1.16448653065593,1.37271218936386,-0.707082889028379,0.777613819306462,-1.31667322004937,1.70404540568759,1.87858513076165,-0.307942807779721,-0.628819077455067
-0.218896058458624,-0.0983815652226253,0.813777233647102,0.765829441490752,0.871906870913536,1.65025767914961,1.69512564094917,-0.397998349976823,-0.0651839274900833,0.0297840875412208
0.282690394782896,-0.0988256068898494,0.279158897004291,-0.896830515183886,-1.1827903079032,-1.18572398868897,-0.782311818634246,-0.00546044108599737,1.59137901025361,0.22733143209519
-0.256677162447794,-1.29795123355879,0.532328746331754,-0.162289497223296,-0.603230843820974,0.129198807822497,0.116468058990131,-0.343171965297613,0.279559725107913,-0.509795038833345
-0.510632316525099,-0.554390772492202,0.0364413495974364,1.05154996614654,-0.213284101396405,0.894192151886606,0.372066372646252,0.284368073473429,1.75396328327855,1.44499402904146
-0.812408974737503,1.51176357538757,2.68982317181237,0.413372568077569,-0.56690311310059,0.219089991228779,-0.470134049400307,-0.501115248612884,1.09368181692039,-0.490764175385866
-0.24399727854095,0.853522487236676,-0.37807845873324,1.06819709611252,-0.286652916915879,-0.954989270137764,0.867530660651495,-0.634767193251884,1.41761770126555,-0.749182161382415
-0.461960943578475,1.11338992221948,-0.051217511181483,-0.887324509769521,2.00775907781177,-1.27263947735506,0.0611592874050249,0.112652313638121,-0.562722715130174,-0.0712844456781537
-0.0109061580268212,0.869906601351765,0.326854856667823,2.11257195431802,-0.00404114108446231,-1.67347069139473,1.3372397452308,-0.0885283810753548,0.598783683245264,1.07547431505253
-0.937172627931044,2.44009234255056,-0.844627267900889,-0.657563582061825,-1.84849203159931,1.14718027610776,-0.565095456629187,-0.304752329072364,-0.995717745436453,-0.438483097006699
0.878947077214295,-0.306170726879013,-1.68596832801166,-0.316882166180523,-0.0353445713163413,-2.57782766289279,0.034280044204879,-1.68355422860551,0.90474219568828,0.381715404705983
0.387934954282722,2.22628789569113,0.534103599852271,0.971177597616412,0.986052898380192,0.855734635013094,-0.99918308698143,1.56783719789163,-1.2027283704357,0.0656718066243047
-2.23997892193611,1.58154619963858,1.56889892932609,-0.526846768318615,0.136806513011571,0.64775014583783,-0.68239713431301,-0.316099674958193,-0.125002188519382,2.24022878934056
0.440945182606017,0.185321068269879,1.15623131828024,0.114236059694619,-0.661684224069944,1.1786444429132,0.0412290429885708,-0.0106848377698183,0.590931550510418,1.68884516169341
0.435025042971763,1.15486449780828,0.29801890420122,-1.17999604695817,-0.362881680057467,-1.41271535799929,2.20657728044938,-1.1765344843616,-1.33419063918296,-0.200581150754317
-0.280569979695041,-0.883547270858443,-1.69017821841197,-1.00680711190395,-0.835863864828734,-0.0798576001261491,0.589252617530002,1.12139301845217,-1.41164262490925,0.683616797075024
-1.67971792841061,-0.604404534535612,0.630702849773406,1.23847486132693,0.644302466459134,-0.46431829883146,0.352544128825919,1.06768321797082,-0.888714782717555,0.59053808704459
-1.37342998408155,1.61134862183659,0.195215428453608,-1.44640445105757,0.795156926694613,0.367761068445195,0.789503211408639,-0.590621393180466,-0.178038450083324,-1.20082809240338
0.171980875620782,1.66952303604508,-0.532033168668985,-0.166382708747383,-0.207329053593932,-1.73602495631802,-0.0119165229505744,-0.135355792132825,-0.04536755649195,-1.20437933965892
-0.717742506973009,0.650215697988794,-0.0263063694098711,-1.69996262837104,-1.81444561443996,1.43877792242037,0.0965936087777369,-0.747401595590223,-0.40153961624058,0.844084832124472
-0.424955550941395,1.29189109344127,-1.18892627692349,0.568210134682162,0.355032654933328,-1.15460517216102,2.15058910264426,-0.322189725198429,0.211424279524367,1.78353410309368
0.628768488147851,-1.48207337216866,-2.18551381286751,0.614359761141008,-2.31944644535214,-0.654604360312938,0.303861497877507,0.567280825206428,-0.664837580647116,-0.145572022743308
1.30102336135017,-1.09187005112119,-0.160233503158638,-1.07559644442119,-0.139625074675589,-0.64325741689544,0.0534306137877278,-2.61709720575375,0.356030972058627,0.796997088118718
1.39631511481699,0.0761229018278057,-0.311208293447311,-0.70137910557127,0.981541314592878,0.173960350001754,0.862647615055063,-1.29899500588882,-0.856337864487399,-0.529092303390208
-1.26998603447747,-1.17866249210706,0.347330784182458,0.202946705190773,0.972000529376702,0.766806095234059,0.776650849458617,-0.859960967519128,-1.2215996453139,-1.22130251787629
-1.35471349243683,0.084149424442795,1.57775356684839,-0.354651368933995,0.0266136893987013,2.82663355829407,0.968612025807588,-0.189032684101545,0.826559370496618,-1.13696454789285
1.5865527407207,-1.79433546625556,-1.48753843555226,-1.95358403542074,-0.895886679123092,0.653515474809292,0.992470206741861,-2.06608830264843,1.38442114981148,-0.814204377767482
-1.88448381777404,0.576958348819767,2.00271892721595,0.128087590696417,1.9299229154455,0.928075150685694,0.0922075988178177,0.20072342224825,-0.103836163000732,-1.48603726340802
1.46809555464271,0.0536605795932033,-0.288127639714505,-1.69964304427873,-0.0878193458375396,0.252940217015868,-1.16323639662762,-0.495346355469924,1.07239533886244,1.31129318126006
-0.316520810692063,1.75016450272635,2.10026123630118,-0.0760292400887627,-0.0037604938071235,0.229522246210394,-1.08103607237568,-0.490339482493622,0.936527927712359,0.750073096450356
-0.122047418738982,0.663443121860976,-2.04566196510694,-0.373567645575976,0.532329792061586,1.92636854940506,1.19422836133239,0.409327895354359,-0.424318949964775,0.999801681097574
0.677450764606345,0.232770744043145,0.540636564337817,0.10962955947569,-0.571185761135049,-0.273646437995831,0.168618452695204,-0.151588077569036,1.30718708853224,0.679333608052305
-0.915355339290634,-0.72437833741511,0.409803339600409,-0.0202289409544456,-0.0703045229937284,0.772388408117101,-0.940332558685189,-0.0359158698115693,0.268036550756185,0.168433310596112
1.15399288970388,-0.273741876757968,-1.37161340695048,0.286173155283819,0.855302786410208,-0.898595117199257,-0.130495455435157,0.650532493912533,0.871438834916854,-1.01552170110854
-1.00932266606612,-0.642103277582713,-0.0556719613808911,-2.4261362104253,-0.735156671229026,0.560260388516059,-0.410895678550426,1.18826450690507,-1.19354395829273,0.681268181936272
-1.12431979135313,-0.771309973374227,1.04638417656042,0.968007138514727,1.48142666347811,0.917245474937953,-0.156612334445394,-0.59511136830753,-1.88006520656893,-0.538840464550825
0.935364919582498,0.486724782852026,-0.951492983915936,-0.221744754956309,-1.10583105430936,-0.274896392511655,1.08992375438187,0.62621014862618,1.06806940468799,1.32821138300142
-0.768958192701918,-0.12053799790904,1.19515332464752,0.0117856672847976,-0.700865818451398,-0.633752745125078,1.53669005033626,-2.12461076397425,-0.504237060724904,0.72590194613815
0.820733607680815,1.22593220971787,-0.789811683987767,-1.17496677279545,-0.0131519846820397,-0.718817290938854,0.453655513789678,0.538838663336452,-1.20910868473479,1.18207480983666
0.192145116636359,0.331237154807159,-0.303242157557339,-0.372032598261954,0.459788980612497,-2.06331646413004,-1.26336576727111,0.107539439629662,0.239679183442643,1.52162804243006
0.791798757299843,0.498629291919834,0.124285041215733,0.417245044945235,-1.61706116852148,-2.71242718187996,-1.5649432562725,1.26429106935225,0.639547092532655,2.15498595412722
0.624471586336168,-0.24210784394615,0.419442293119925,0.193917004569279,-0.125263285491388,0.5018250156393,-0.0436475186842292,0.919841132104236,0.860278522433125,-0.258291674454682
-0.028617240042002,0.94774511595991,0.248322251906749,-0.636626795079784,-0.525557090845064,1.18447204365665,-1.46142652987941,-0.560989332871822,-0.148084631086064,0.442796290376565
0.26406687291662,-1.01079748313446,1.63983524098755,0.718643612043271,0.513134793092896,0.751319925297677,0.168155666030648,1.20272218999395,-1.69225145214411,1.36198729858182
-0.114532107114475,-0.633368239438583,0.465572639777889,-0.245902650108834,-0.643961012472167,-1.17516060252874,-0.598500698015201,0.730075867309204,-0.356330340857137,0.703633437183416
0.168012615302764,0.764067473787221,-0.226974249542063,-0.318631979289219,-1.43645024313904,-0.776234650000562,-0.28584776865788,0.458473540905946,-1.37086362566114,0.594207657369855
1.02566460240005,0.409368822002517,0.0321946450893616,-0.208014872751324,0.802155935229428,-0.173882077979052,-0.33852435601491,-0.418514604207518,0.209212573129447,-0.358731526112549
1.51900954428991,-0.339729864159201,0.262599689092863,-0.985797030598696,0.091754495827198,1.31676511245501,0.25104714567341,0.814840392449111,1.39870608385076,1.61255480301221
0.128460558755632,-0.584988966247903,-0.203444642556814,-1.56580570404466,1.10249087977181,0.441975430770558,-0.449071244454022,-0.169171537207127,-2.35042794610366,1.50084875468194
0.883594745710029,-0.564305643320948,-0.913975805834888,0.486121122336244,0.404644182886482,2.15143426331934,0.713704437900041,-0.715083927172767,-2.35343240983152,1.2497510492178
-0.88510883802275,1.42875547761088,1.91056277401822,0.589489018761423,0.804376355642376,-0.0185946659753078,1.46497238849714,1.71961498660237,-0.897972963477185,1.71606945415887
-1.23353865676755,0.797151424986205,1.74661204534341,-0.77882056881125,-0.134011517672405,-2.02325098838954,0.889972561982548,0.280239544358482,-0.806960366606841,-0.175221601452628
-1.17174740938766,0.0154976486527647,0.547197566284576,0.230740316801239,-0.0808683257451603,0.0195895249623174,1.67709519561313,-0.770250532717496,0.500060244743177,0.834935280016032
2.36566485140997,-1.52718622250357,-0.545778229158788,1.00480851109077,-0.698930357728712,0.842874283448611,0.497401974309713,-1.37555335809939,0.259244141064784,0.0508089981585865
0.21404169275659,-0.851871317551806,1.16449282632585,-1.54725569013438,-0.442637153864952,-0.294653590139322,0.0139803341164977,0.690797515194141,-1.64633352311206,-0.106834078084858
1.10145207632409,-1.13882540375032,-1.26745801325163,0.390603740210777,0.947869417560296,0.527491006361131,-0.994248708159585,-1.16096069658794,-0.785206255266007,-0.468898534830411
1.48059249715503,0.993921294170429,-0.894011688529647,-0.706159027665422,-1.00289674488131,-0.767000643005201,1.61617618043685,0.0415212290544909,-0.0220184481060721,0.118944815412858
-0.920255605563015,2.17212588374395,-1.28654888016118,0.748506921736864,0.0478186332623871,0.0854244263295364,0.186402275098927,1.50434747922538,-0.483112714203336,1.98382068615529
0.179786424047899,-0.160102071837092,-0.718295474279316,-0.275747927975811,-0.929875851947876,1.79218644482896,0.0285891617378091,2.36087554767709,-0.516655504180577,-0.841170472076548
-1.80322207673819,2.31306238486592,0.666701597352882,0.119276949514989,0.707571009652935,0.99490335017427,-1.96776433733736,0.528281271776593,-0.123860697497184,-0.731028994715029
-0.861370334693104,-1.09638433281718,0.682177349611281,-0.76256121155239,0.728205957203637,-0.633880641230107,0.564341612027417,0.858877676154434,-0.617567635528772,1.33331620755463
0.516967231298378,-0.395972463550839,0.67736013337958,-1.07066761363727,0.765638752030679,1.73778455780006,-0.243600021617369,-0.555590582225424,-0.161000711465053,-0.47294456764529
2.2595737386524,0.700369960817871,-0.672470252262568,0.284482732853976,1.03300329262561,0.99386888398983,-0.499721970051094,1.59822384999996,-0.275767856952525,-0.0332196315543779
-0.619221277368091,-1.03474884677113,0.120668257588395,-1.58229210581934,1.64634438554999,1.21194161602656,0.141490836938605,-0.109873568527505,-0.987369580702592,0.877511715566107
1.51616884124956,0.620157457805365,-0.440369703143976,-0.80124166319226,0.637457410744585,-1.70305381879833,1.38770800378476,0.226366774614742,0.623031154846941,1.23260625161976
0.349428841762919,-0.758530809232215,0.70638951128387,0.481899478289463,-0.571972573398357,1.11085247623484,-0.26269371508039,-0.465512723481105,0.343498216801733,-0.416402152641211
-0.338455661623411,-0.522169011258477,1.25200255830662,0.933225949040018,-0.0497608737022272,-1.48342859826342,-0.41636710885736,0.0672735067902065,-0.615263993653526,1.26128723437459
1.30227067328087,-1.67220442461355,0.145150766006289,0.200869649754342,0.385874501325215,-0.97570861561463,-1.28052722568044,0.766836085613845,-0.676528996227553,0.8751134310143
0.239116425933952,-0.373594960237045,-0.1526736168853,0.450585072772665,0.426513964883997,-0.922946689159426,0.448737764753717,0.337461080655033,-1.11544563681484,-1.72319082681684
-0.900723797090958,1.02167444111834,0.230599890454235,2.18374105122749,0.15338215598221,-0.411628995870853,-0.219189888554094,0.922070922804473,0.630244545486328,-0.724864504236862
-1.11333057160937,1.93770808364997,-0.0129580949238659,-1.04126150642659,0.425748505978115,0.811051524514558,-0.0964063490002033,-0.412219564472119,-0.183973550227822,-0.275169562907386
-0.547969609973678,-1.64722020394578,1.48460593688066,0.381371707485281,-1.23855296478978,0.714328657877501,-0.172717196976795,-1.10889905701256,-0.120629986825441,0.421917926346828
0.499637091448261,1.10952992175697,-1.28356533183973,-0.678104822852805,-1.94713723600364,0.203049513954588,1.19030284537343,-0.364832708803824,1.22480236873091,-0.0945747160185866
1.3203595967923,0.844330526552865,0.21236085608952,-0.419572715560584,1.17445683682677,-0.254904706193165,-0.305798863132222,-1.18485467846406,0.467661802041254,-3.3808521890413
-0.475980829628519,-0.0206529705537515,1.39122499236456,-0.443802697770141,1.00191423519998,1.1863487313414,0.86154577184734,0.170365858624447,0.303529071714205,-1.02026439904896
0.736865257536669,-2.41031085780314,-2.97199488937367,0.837717157124695,-0.57970104970641,-0.742798837443618,-0.197802925538949,-0.372042983710679,0.00872124590401783,0.470888650879778
1.15186571069787,-0.980122110528019,-0.715914379842441,-0.506300105718486,-1.31221449936676,-1.58599799660615,-0.501579875673484,0.0616490719037532,0.042404613875769,2.0240926907918
-1.14410125706085,-0.176267152280636,0.277708092736141,-0.492789955422272,0.743450837044465,0.538538196739331,2.16179861303798,-1.07910898853875,-0.316646870015658,-1.38306021169181
0.0697123713666257,0.661027425697997,-1.29269604240746,-0.864468382891096,0.397636718796946,-1.66012212518403,-0.681786867534822,-0.253334809126474,0.243457965809194,-1.39729960996176
0.00281411343018462,-0.176666991915843,0.394568057878331,0.0321701624167803,-0.400154662041275,-1.74801329912547,-0.436089152502277,0.541503622115727,-0.382033468512843,-0.252194574278024
0.333380286854163,0.339482704900407,1.59849363135508,-0.665460856870369,-0.472333775602898,-1.43897451918396,-0.0981222643900577,-0.884908924286735,-0.279551446325943,-0.0573028323916091
0.759665451990476,0.43446569934175,-0.565004424492537,-1.16533354525037,-0.728698629621621,-0.185635899187378,1.8679544978252,-0.256031025693301,0.53474819195546,-0.282343149199219
0.306811643486321,0.709547101823258,0.216703709923682,-0.81495375206071,0.183307951277902,0.0692019807041885,-1.60966607967999,-1.02534277293203,0.472284491189277,-0.93808439558794
0.67456091186015,-1.8239282872178,1.40761483931227,-0.393036420265996,0.627499672036226,-0.324840678622329,-1.53016660335579,0.0251641005930259,0.566601862034732,-0.16851262221778
0.472754870384038,0.316453224320686,0.73767915117047,-0.574043716267749,0.638358249259525,0.492099298239766,-0.126277274263224,-0.329852605405966,0.595030658362725,-1.03645628734338
1.625187033849,0.356213242138189,-0.711384693045305,-0.846193904487658,-0.680181466668247,1.54164032868124,-1.244077925983,0.933311880395665,-0.143953598216932,0.158582213676915
-0.0375100412901708,1.10301434730184,0.897529030771644,0.301597131116101,-1.01770782055669,-0.827762936561681,-1.04250382446394,-0.707153684486852,-2.20534781013263,-0.551653483862187
0.436688705770255,-0.431810738334655,0.413657583420647,0.17250378850625,-0.782560075271262,-0.0172870882066008,-0.379180981578445,-1.95836896850897,-1.41056965747546,0.124552259758996
1.26254467413609,-0.530444258229311,-0.539079169171679,0.287035190233905,-0.779085719170704,0.131508151880909,-2.35626823810625,0.480797360401337,1.88574035946787,-2.37165812532035
0.693704885170677,-0.0354008289951209,-0.605687118253859,0.642100006780374,0.81804361652683,-1.94134238785364,0.0585651115748209,-1.05804793682172,-1.03555937253532,0.896215054500814
0.389583726872794,-1.87784886124601,0.168020247952454,-0.368775617284812,0.652724142043015,-0.710825381850439,-0.458860492977434,-0.416328015329278,-0.0522294790214395,-0.501538160548683
-0.186979575475839,-1.24700776801533,-1.15261483622617,0.781643727252378,0.95074281917429,1.00722601212934,-1.10570766652821,0.536765725647631,-1.54774462549729,0.68162575965699
-1.42329301735637,0.763735659607672,1.36121739266847,-0.445207491415499,0.0741317702183047,-0.192523175816955,0.277763903545657,0.238881242468006,0.964829409999768,-1.00383991694236
-1.28059251813483,-0.811020435863985,0.0682986396220158,0.542449115994013,0.0630829391491777,-1.09586818874363,-1.15524741360906,-0.144492064784293,-0.579949757647103,1.18777974995681
1.1122546157002,-1.05149894508342,-0.0145154406834974,-1.54062404831952,-1.62730870893036,-1.35803514528663,-0.511029540751793,-1.09193961574638,-0.557494662912266,-2.44908066284617
-0.903066633344442,-0.96030132037875,0.0761317111096769,0.750973037259285,-0.855971307245637,-1.54295487201803,-0.335153719995588,-0.358793042370335,0.896274112273117,-0.28277496959132
-0.187061750505863,0.608452160298056,-0.86987990709707,0.823522666304128,1.14995671793854,0.389007888130755,-1.49306992052243,-0.251561143964791,0.94903942678297,-1.70317173557982
-0.574151480655364,-0.0967315398056473,-0.43419456869617,-2.31560892978826,-0.44527028072437,0.713015955362105,-0.176179812862995,-0.623068840350485,-0.273054014503361,-0.0864113331807673
2.27120934431005,-1.31978659629887,1.31417753543701,-1.36958043697281,-0.660400487765276,-0.318915890200449,-0.498625388449181,1.61269806717765,0.978799622666495,0.0589647450819552
0.747211064290577,0.459102812280942,-0.639317533637803,1.92353243831088,0.0309933993646533,1.36290546992508,0.598692820082543,2.86722562469988,1.65166696103531,0.382522313855418
0.594666671813843,-0.103046950745809,-1.19809884841968,-1.70964395452733,1.39920002299081,0.832850310654766,-1.21177218010549,-0.41460715150882,-1.37844201041261,0.767823562529984
0.763565209619068,0.47462520880893,1.48433483112656,-0.326180920893814,-1.16239489184896,-0.615215835770204,-0.694862597423756,1.81586243629489,-0.847471886236902,-0.518072135020854
-0.48858495625607,-0.641686228978112,0.210311595438244,-0.624214446887908,0.635706241455867,-0.628376166031283,-0.163858775172225,0.515831195392195,0.123685175146232,0.244536522112009
