0.0270640518914094,0.565709284560808,-1.7555381339459,0.571166209699282,-1.29409119308352,-0.0251696285850259,0.263716936760989,0.827323410481659,1.21896774404668,-0.262212958120916
1.49283161424907,-0.0534173060587189,-1.10236561619661,-0.276868643286744,0.929461317633628,-0.151157622825846,-0.750778055406325,-1.67625596678651,-0.224520739219117,-0.55153426163147
0.11340439280782,-1.56698728703001,0.546682177627073,-0.649356191954358,0.502588356994957,0.846155200347684,-0.151491491396472,-0.355893052790425,-0.692354207251663,0.455838931926824
0.423732614129406,-1.21283936706065,0.327841042713184,0.420840489887726,-0.375581638224529,0.556541598332395,1.20395988146102,-1.49880862067269,-0.221828244390042,-0.959637286619434
-0.538778298408129,0.883136089986295,-1.40934653590026,-1.38825630807453,0.342458170334761,1.54279142852502,-1.38948882981592,0.219273149938831,1.71429668410868,0.11814313546634
0.762312545605492,1.05262873485556,-0.0241334198069004,-0.035752118043423,-0.66747110226951,-0.162735032327054,-1.7628630366875,-1.85315421968755,1.03634272245753,0.501678946257607
-1.47220422661306,1.80421548357469,-1.41889565060444,0.6192444559634,-0.919486108868029,-0.471685719383305,0.810192402430823,1.2127028330823,0.396692861955587,-0.17109070442634
0.22040716684307,-0.922321825113728,0.594669632863355,1.33249823302481,-0.660630850255258,1.47709931461701,-1.1478523085873,1.21115749271197,0.63094802476494,-1.53755038650528
1.04506595142875,-1.25285225583358,-0.062674286421787,-0.792662879202623,-1.99841122306927,-1.28536459386132,-0.249767401921664,1.02104595690033,0.992310712953252,-2.0286560760765
-0.746229465871882,2.43418258198259,-0.591483148767147,-0.327149253273073,-1.73227340288323,0.116414450729316,-0.726518966038754,-0.556078903118704,-0.798436999609307,0.407302359085392
-0.439905287538832,0.444303275661055,0.921649346778814,-0.0759793107705105,-1.93573988241574,1.01008435924133,0.493938116328615,-0.561967809070853,-1.32570170900656,0.502079216855081
1.63181967648195,-0.156681438336076,-1.17216965092834,-1.10234714633089,1.35015879433512,-2.22157102824544,0.148052259765193,0.079481048796342,-0.262127799010276,0.0952419397301346
-1.01775244280614,-0.367759066431899,0.934325510691715,-0.0984468446458319,-0.545928061351044,-0.17402459631816,-0.289922286740533,-1.05270365272234,0.624339168001728,-1.00235403819388
0.972826412513355,1.38173141889707,-1.43436238691398,-1.24831943102204,-0.873615659288869,-0.172242131598117,-0.842231840704301,-0.865282793988313,-0.473593725992669,-0.961742339084998
-0.283202472719129,-0.744909886804689,0.60193061230056,0.288370768172086,1.12780334901786,-0.141332869161104,1.58596724287818,0.381936162513444,-0.365873367510783,0.058614816109238
-1.08406628433626,0.403821785803713,-0.751530691474254,-0.21941932284301,-1.05790928005312,0.666416577025821,-1.0491112447407,-0.260281164550565,-0.0806520458761383,-0.53024502279334
1.86627654077625,0.174421871346188,-0.390186787183999,-0.114937439145268,0.87510351410024,-1.47462923434855,-1.58484494981448,0.499286014622711,-0.464163350396904,0.421989833385042
0.590175471219358,-0.276157750250017,-0.66493686432497,-0.607047080112248,-1.1859280908877,0.143008911222551,-1.02064389034412,0.965962105781027,-0.0377837117692116,-0.343090105039942
-0.133570969155614,-0.208454060357363,-1.05149752717348,-0.51111707962048,-0.651151138745621,-1.59978108477042,-0.476217231378883,-0.738523034675644,-1.12644256708921,-0.883685003284035
-1.5940651163739,0.708859143517515,1.28590486744984,0.326589844956457,1.62335857471925,2.69135693598066,0.201049663611154,0.059096709865949,1.5978021403471,-0.905100512391606
-0.229909240289801,-0.66363341240712,1.22331175206024,-1.41733504673172,0.0394719111593114,0.187401704737095,-0.309227245201023,-0.80074330398327,-1.12418966506607,0.687956942369214
-0.559226828835845,0.216156572089455,-0.612532436789722,2.11349871273279,-0.860421006627502,0.764507780091662,2.27359059063948,1.56145232795215,2.10855219595345,1.038830825188
0.267610836440068,1.26912100118992,-0.467678971473369,1.28302242082783,0.389444891965482,0.797945045819321,-1.12753659958715,0.194354199642305,1.92408637821624,0.417131316262911
-0.296713274843234,0.136422099457998,-0.283422226122483,2.07655263253361,0.580349413576578,0.722049876714404,1.08566632859074,-0.547676996930634,0.323600636442934,-0.261804947520017
-0.74299536209236,-0.166994861593934,-0.503581826449791,-0.133408346469045,0.621948639398777,0.462674117799747,1.03004157155789,-1.91030103067277,-0.103134844658069,-0.649387550295779
-0.269310170043031,-0.557580264859427,-0.197105588377402,-0.473328493831966,-0.875375165304844,-1.18884221315917,1.1748678476433,-0.876151098774426,0.0556856344350586,-1.27712631921553
0.574311557549444,-0.343078438461147,0.0981175723349786,-0.746956636498751,-0.119711757794124,-0.434095560606927,0.11474930680497,0.00674672096173828,-0.640157495359657,-0.706637350078544
-0.207905917314274,-0.22195061290074,-0.84513616698118,-0.43309194595913,0.213394481200662,-0.740896152843338,-0.0516537161425506,-1.38768564900521,-0.281959968037731,-0.566052189176189
0.315027958887244,-0.0512534497954688,-1.6103868562981,-0.723422601580603,-0.445466912640357,-0.971365741601311,-0.0508375307167554,-0.667370114707693,-0.932466830260773,-0.777329208864715
-0.68294448160121,0.663253725126952,0.530569820391466,1.23753562863496,0.0398218724747201,-2.84767331204527,-1.30208328303312,0.348187529394263,-2.9228030535531,1.22469182937187
-0.611879059382918,-1.64504005561799,0.959959740563535,-0.893688642713316,1.2929941463772,0.342983480651631,-1.22739208632007,0.00665096163966232,-1.22966321028724e-06,-1.4156814887125
-0.542871509000759,-0.0768081498944827,-0.861551951469834,0.090613279964773,-0.943443089219661,-0.55099349883928,0.843216058776031,1.24498860975494,-0.429779036533389,-0.361591980275358
-0.037739629150596,0.846793579953014,-0.369593093624495,-1.56287966283188,-0.786295177642845,0.727962813282731,-0.122281170061026,0.498742143626991,0.665283730895249,-0.273876649967857
1.7190692317562,0.947928098896452,0.0583723987334418,-2.18669725974332,-1.96199139502585,1.68647921786529,0.807658340091566,-0.301133856379547,-1.05055151354079,-0.826687398768498
-0.799545075436037,0.0391159802711643,0.769666550239508,0.626112196093684,-0.0434798591984141,-0.988116625552179,0.42333557939463,-0.10892315466539,0.7910145089554,0.400262270623853
1.68170513020305,-0.806366786799218,1.61309614234235,1.2947511001913,-0.658431138722494,0.235251516309207,0.28854158768928,-1.87349713372874,0.788227680264425,-0.229465459556447
-0.0327510382940469,-2.31180649943001,0.486302086062613,-0.606767484618973,1.78185667529654,0.0661836278934707,1.38942493559051,1.05760793411881,2.03050344128767,0.764927169821506
-1.96413336436132,0.920930326093348,-2.56430870183806,-0.736659106368275,-0.339690064645686,1.08162939295164,0.669870746149355,0.358939583573894,1.2119898365225,1.00506968505007
-0.160365366247647,1.00019870314572,-0.0390545206908434,-0.0687278399322217,1.2959270963793,-0.150168270310038,-0.567065441080563,0.0941998956243779,0.39752564930025,-0.980500273657173
-0.679413158449809,-0.589931595575871,-0.673622790377862,0.603235396104421,0.472712003928124,-0.597789558972314,0.352295612427761,0.0471651421752764,-1.57257519547423,0.86427074470669
0.431110600957656,-1.0489263658564,1.35483873885796,0.740709769395048,-0.477533030364606,-0.820370999132723,0.450556349568824,-0.518164148671788,0.660223548128125,0.810555787609803
-0.683881101599691,0.530110146181173,-0.233307770530268,2.52419626052411,-0.0771788486037061,-2.04767253055523,-1.16508807808313,0.0508313272570588,0.68093358671023,2.7164694031138
-1.13230832556041,-1.57032678063407,-1.74588207874839,-0.374231789199547,-0.541986317955301,0.300080129622442,-0.491664288239655,-0.938121815913534,-0.552671512103967,1.75366048749131
0.0527402237562519,0.807812078481198,-1.50047730485635,0.152554585930491,-0.282196827319636,0.153625709972037,0.635952253834671,1.60931256103641,0.46287606184573,0.283108597569398
-0.747058536727679,1.21874548756456,-0.864292887013304,1.84709477050388,1.15579900791173,-0.305062635511616,-1.71926742787287,1.39816823026334,0.627968379358907,0.922437633534591
0.935123804766106,-0.101042051324944,0.653229950968288,-0.221970056739558,-0.520110894355416,-0.383041120922149,1.3743165152216,-0.522859300399821,1.14977160088999,0.0679140499231132
-0.072076565735135,0.514754439329572,0.231073680170744,-0.178180430373414,0.0366630285929995,-0.298375078188728,-0.252454074243538,-0.673245137825916,0.0328553339009878,-0.287188955512898
-0.751090705386125,0.00162987187685198,0.124063512990678,1.61645645904401,0.179600583915432,-0.166324402624586,0.279786032978524,-1.81766611516176,0.305390934493771,2.19507109307149
-1.10406365998731,0.0322256938584367,-0.715796813425724,-0.149968361654275,-2.04119604129188,-0.62607900380069,-0.0329035077663907,-0.157636428391114,-0.261264374710314,0.406367386860819
-0.354313092913599,0.939008013594179,-1.25025343652474,0.72500697504793,-0.0132038563156746,-0.457747232855797,-0.533101960200611,0.319906529111113,1.03271316425021,0.757853889601022
2.27621163765414,0.504323009478896,-1.33286526585295,-0.452753486986408,0.686529456807929,-0.774753528439126,-1.65762785675471,1.06904870912969,-1.43260484276403,1.29627913696706
-0.51256792481901,0.124236919806817,-1.09208689953178,-0.576829492152181,-0.732289100332534,-1.45484251184442,0.096167676056159,-0.0661027800701612,1.69479557270773,-1.00040721470769
-0.140973485883667,0.960676318645668,0.411687308129306,-0.340569600055485,-1.72886664791251,0.926455894694115,-0.837322401564061,-1.16820516899277,0.305927262700686,-0.0648263594171021
2.27651723514038,0.128704028466081,0.193617172018092,-0.763676014181809,0.257027617830089,1.36532155065302,-2.52702267715338,0.162483304664681,-0.0584873092843408,0.3140373011951
-2.07769213567092,2.90335554087526,-0.13350817269742,0.277035183498197,-1.41429893263182,0.274575353182441,0.685179061635548,-2.32590894180376,0.556436824100947,0.0253068674483888
-1.40498038776398,-1.63416464833041,1.84938948014762,0.516579632357378,1.55914072905138,1.53469126846281,-1.70725564330154,0.496687204456358,0.12153113553301,0.260730373119287
0.331826869564192,-1.17508302002281,0.444768747195064,-0.777626835527679,1.25409230808838,0.988100148789878,0.437194604755665,1.81824757508726,0.00763409344878819,-0.476472963796704
0.25868716297095,-0.263565799215965,0.0456363692139448,-0.870427326366431,0.0939973166403899,1.20541184408811,0.032444819886597,1.19858372824901,-0.22160221922674,-0.0690194720947885
0.57333236988797,0.0710524414375175,-0.703752387632494,-1.67023865054659,-0.100598753350659,-0.376980214451555,-0.476145809636193,-0.860637054522845,-0.41176894480892,1.1181640812077
1.40869269531,-1.5235742533779,0.381709209407175,0.644640600486914,0.257957858593507,-1.29705925956063,-0.625877427161322,-0.657657284439392,-0.95131134099777,-1.71672895100805
0.590151256836672,-0.951103224454765,0.321035837966132,-0.900891530351851,-0.48596036604334,-0.509657487864772,-0.818206686776984,-0.426033508157788,-0.443096119835149,1.60609185087605
0.194721933175322,-1.39557824700242,0.0412716270126459,-1.00958771213388,-0.594535130907769,-0.246350107825738,1.74925586316727,0.00703374605615261,-0.661311687366588,-0.0787916644167201
-0.528663621529425,-1.13149218167278,1.98516621798319,-0.142960807187584,0.939994580486209,0.890012005810653,-2.16256707708414,0.0957827878301078,1.77805043086379,0.708992321896987
1.05314609633451,0.31725044914011,-2.07288029881597,-2.15438470849192,1.14916391429747,-1.21563923155791,-1.11485800318208,-0.605838134894639,0.830319036572467,-0.205290154220169
-1.51712024765333,-0.578009039308578,0.279354650680125,-0.073242724546799,-0.439066422571996,0.68237253496834,0.883121519410627,0.508326999232786,1.55288714840135,0.243105535596804
-1.00101727693051,-2.10690529410535,0.770847688659657,-0.984849630514992,-0.645326952884474,1.16764062534781,-1.09365158331107,0.380433716044538,0.569027139856668,0.327318446011509
0.759076814401537,-0.749478844359484,-0.122207625724136,-0.876603820257624,1.41216984086234,-0.104819298789266,0.526668506017079,0.206643100975161,-1.12717949552871,-0.635011187434052
0.717614306581621,0.287059597562048,0.146358551713832,0.487288972491197,0.564381448223534,-0.166227272715329,-0.573449467877861,-0.371350462162847,0.751682798584021,-0.0927929519790147
0.520397480450098,0.975769464555573,0.0436568311397573,1.3790343008955,0.482571057593976,-0.112128378188106,0.750381647723018,-1.24995452190495,0.814604693327422,-0.510805583079708
-0.122921782133445,-0.742120226666482,-0.173605823195043,1.78166477390003,-0.111379977035125,0.588543228250084,-0.143131892145836,0.948385535476387,-1.04700913583643,-1.1657694685278
-0.932544199872197,-0.306566164923109,-1.135491013874,1.42063192208459,-0.260495909567046,-0.558539950754356,0.810802058484473,-0.859462214546789,-0.337004570388279,1.19660966181521
2.43316489087863,1.11730577974574,-0.838315237589331,0.814689410436885,-0.0120882965923131,-0.547309343700995,1.25871133053963,-0.58837637219244,0.128723379604078,-1.1174358176895
1.02016982593523,-2.17556787991253,0.403352528193149,-1.61246905353146,1.83416362763999,2.8180657579758,-0.420988715928999,0.487639539576495,-1.20519990574617,0.90863120752585
0.68861441074484,-0.285553029264219,0.622521763064182,-0.444646988242462,0.750421931198207,-0.554471569390534,0.431607837649496,0.492098507903248,-0.0636758891730966,0.00976580601043732
0.826005569212985,-1.09762808103979,1.95503634549232,-1.37495262868582,-1.9837738992582,2.81877168868128,0.504366176731349,-0.181000313369597,-1.11647780477232,-2.70153179758124
-2.50660494950519,0.0574724086609202,1.03011717155677,-0.26161162218847,-1.07322320792468,-0.568095871716048,0.422919624840599,-0.0949054719165401,-0.169573252357258,0.267555324996124
-1.19283829972772,-0.336569739816823,0.0635774612479661,0.603570632057907,-0.673048177496976,1.29910505147074,1.12736134578131,0.182034953613011,3.06561469934879,0.865950792494939
-0.543070669067941,0.455536732830423,-0.259197256209848,-0.651329303071576,-0.222911428995705,2.03965525538976,0.536859585049517,-0.480039456915918,-0.593635544250072,-1.41995660710881
-0.58693974883198,0.0632826501016879,-1.6082050627116,1.13576254543256,0.326865764216287,0.600533265186488,-1.26575724263968,-0.0978037531674432,1.88824912751595,-0.516347785168745
-0.451923883438418,-1.18584682678419,0.140151347049114,0.913487163952779,0.31294729276093,-0.759405538307637,0.516236892114516,0.947453648385275,0.894615071592694,0.456680981580858
-0.395267908955836,-0.332441000379365,-0.917263793267701,1.10258371041887,-0.176222547253374,-2.20345261617105,1.6069774405611,1.29090490976892,-0.174255916484446,-0.310746262073287
0.0562823348668338,0.848944731402909,-0.0996237794963948,-1.94273263712948,1.55523933560463,-0.352202980519909,0.792978652145305,-0.251452592672414,0.880025944765996,-0.280893363136358
-0.519393192270811,0.0977704655392241,-0.110235720402795,0.0151236935117988,-0.82176655867747,-1.00714286039108,1.46070771917034,-1.55249363716555,1.18670015510316,1.23249697427708
-2.39313818734957,-1.56901832734313,1.10563631671849,-0.636721683347867,0.468641165164967,0.656787255979668,-0.647307266800321,0.367934490352393,0.521327092375374,1.0238855376524
-1.87723092484609,0.246010605687298,-0.23967339634592,-0.436212048977698,-0.850344864884027,-0.159409812694207,0.115360604784253,-1.14825767883718,-0.0778955570413492,-0.0652850597784041
1.27182852696639,-2.67163829374645,1.17368948584776,1.84117711580127,1.15054780323104,-0.00243156694245478,0.286470078966189,1.42634867290905,-2.03316196603705,-1.36002070737222
1.40473537195465,0.48551651867103,1.01803961205062,-0.632167623364751,0.378559116541065,-1.0321669640496,-0.0772955452745073,-1.78645342952571,0.545946808975176,0.352398766975396
0.520554715965346,0.160379179277113,-1.05933193117959,1.04073782985988,-0.489318209631932,0.140035111264576,1.5515863546031,-1.94058244025913,-2.63427133810973,1.35593805045379
0.541938152710172,-2.14873181222534,0.60617726510984,-0.481031115733991,0.527740599666916,-1.64853155207254,1.36527227168879,0.793894186589989,-1.07141216872474,0.167350227711932
-0.264520258238885,-0.551322999321017,-1.54837296269635,0.111947778906276,-0.918513199752033,0.424618110070748,0.866122510902089,1.1633908311486,0.647519478701425,-0.237307242005553
-1.29569243186271,0.0380536752364657,-2.07406190830024,-0.199415640690224,1.22862429887658,-0.569361282362238,0.719631155825072,-1.05322401590987,-0.582900223868039,0.745676390106094
1.0498372922224,-0.824164530392119,0.798158232052608,-1.11138883065497,-0.309635881167831,-0.332872692291614,-0.58626802685505,-0.96553402908552,0.00311097453216892,0.476258320947246
-0.539343357326246,0.475719165880947,0.59040915271402,-1.47893251182713,-0.180431668823534,1.17300599365458,0.131406778411343,-1.0202778089615,-0.0629100960108398,-0.948712738693542
-0.899569245755538,1.64927337280629,-0.66585269566259,-0.50422254221017,0.378695726854005,-1.87281457745709,-0.379317615984426,-0.727387382162763,-0.0499084406605216,0.10562855479693
-0.543802583361299,0.260034090119697,0.586937527540215,-0.522205054246655,-0.0862256687487483,-2.07112786921156,0.146947619121284,-0.919046998819217,-1.76081662456265,1.61629406852491
-0.507017563770603,1.22314523799609,-2.86574558972569,0.289614842998473,1.10022177147891,0.386349995323798,0.419417516135679,-1.25201535711649,-0.509662020152215,-0.556424400853294
-1.12464556004352,1.43870580980535,-1.6663672790193,-0.157819899727069,-0.912844435195765,-0.188473450890232,1.03737571042124,1.99439646917736,1.33426313663099,-1.51350296143322
-0.775761518619857,-0.870595764467237,-0.231077788589357,1.68245775135673,-0.476167525295459,-0.181851202599001,1.26550137841365,-1.5086765037418,-1.64350428743259,-0.148027210958782
-1.89921115587461,0.955227478513425,-1.30943904539918,0.763449434128718,-2.64690409794622,-0.569449271985942,-0.104274240639203,-1.35519621710348,0.596092829809447,-1.0343721151003
-0.187175051016675,1.29568217059811,-0.0963120630180013,-0.857208671270006,0.720344191466184,0.829369123581612,0.900419445736469,1.20169409884156,0.196164182533567,-0.95860327558219
0.779618037593612,1.13589441441117,-0.445164658626366,0.951647619230075,0.922489344517111,-0.58129066590554,-0.207725558318506,-1.67240868431846,-1.18190363524385,0.603227114096379
1.12670467255476,-0.220944657205631,0.144659418648274,-0.227366364744518,0.785994709788424,0.0951513171085406,-0.550253287629923,-1.43793685788333,-0.961794635256926,-0.114856122442827
-0.125776425793627,-0.681810888665345,-0.46560800007184,0.947266732213662,-0.0233576449699253,0.252499766556843,-0.0312641092086553,-0.1543160009013,-2.13905525121411,1.41922045297964
0.0236629436195542,-1.61039175349952,1.23422359690856,1.09802542042088,-1.07808178935502,-1.1115448516921,0.0151669422536156,0.315461251844836,1.81348265635043,0.211067085964817
-2.74730546625979,1.04808272272028,0.239112007325919,-0.172807556918006,0.72036868540403,1.37195392363657,0.64880584909142,-1.37685301754166,1.01055787218702,-0.947280722820163
-0.602296157865687,1.16397520050271,-0.646732135990608,1.51305492708844,-2.2087977861598,-0.907158346506103,0.300062585920499,0.141466942253242,-1.10297382633007,0.885022819150907
-0.366970397651023,0.186211468242033,-1.86463847358578,-1.24865318684585,-0.453122797593106,-0.0703231002722225,0.576733831307657,0.0942765883771767,0.703397437869476,0.866535899074579
0.399764923516764,-1.67563956347327,-0.899228821402367,1.52809533047423,0.609839217184684,1.79757424669804,0.816017313775163,0.568128556755274,0.547113748591139,0.682411136597677
-0.656663766135765,-1.08602374698855,-1.12618382567164,-1.57098225947713,-0.0953478497525731,0.380904015391432,-0.732194474977072,1.3720466349195,0.14773517726819,0.819876676941565
1.42794375624786,0.652262405246164,0.696189780276402,0.223255871569791,-0.0361693494551345,-0.499734705899616,-0.814170829603523,0.782444273028472,0.336106123792507,0.220168329444603
0.579268523058013,-0.538547707913586,0.396564222420237,-1.52248458800918,-1.54161426312976,-0.40503860402776,0.198694533469802,-0.577379517090482,-0.943318915462116,-0.789114555749265
-0.552459748085404,-0.0653577167154207,0.747876275002755,-1.00411339699408,-0.160693795252613,0.820246774205718,-0.632483471726133,1.47609927569079,-0.0526063985352977,0.498562722587649
1.61740543005453,-1.89429610501188,-0.136858963987532,-0.087379864211215,1.60879561392246,0.0274226923455363,-1.36943063952053,0.789342641351394,-0.332146844638146,0.0492479414743744
0.830366436857716,0.178010837609392,0.0154225686444358,-0.347397978277062,-0.150811512521691,0.0472518518199938,-0.314792280666513,1.36434743451591,-0.326171083559572,1.35268679319865
-0.850135456937748,1.27029380683919,-1.44410380912725,0.121490254832137,1.27796520360588,0.627741998372948,-1.23349463100275,0.397109592607713,0.605865250352865,-1.73618968492951
-0.54368138084699,1.70426845965293,0.249260148629967,0.342030426075097,-0.930627714172663,0.501088560843159,0.807422315577266,-1.13881611378955,-0.809082704463522,-0.16772371662437
0.1130219857971,1.27774789657584,0.620142048806095,0.180766451920812,-0.845170785364653,-1.25605170338307,1.3844942902415,1.75167158224363,-1.18793888334317,0.935781121696394
0.540777812779732,0.335496139594167,-0.458388097318929,1.07694957372523,2.11291034405833,-0.115509446790092,0.440113558744151,0.831814655234658,1.31567518128967,0.127903119420587
2.02430277381389,-0.628365597337956,0.500241699492478,-0.207567567867845,0.342047842914142,-0.100999100758937,-1.37317969093029,0.501739012260194,-0.64699965826202,1.12145280823536
-2.39282716488424,-0.08044591881303,0.0305950711182712,0.964473411074381,1.00310994610213,0.78642581593756,-1.32900149220144,0.614116107022538,1.17118140533326,0.236580053441232
0.906711647639925,-0.581180766054174,1.69276802303691,-1.55425785292226,-0.0587331572278951,-0.545308463897726,-0.905292749365784,-1.31691988358864,0.0867054298786653,0.648284196543025
-0.0714592473560944,0.036318599562041,-0.847617689047037,-1.27570742949592,0.120242906443308,-0.537216993995694,0.571784895949629,-0.279326439990003,1.78306236025339,0.280743834438998
1.07950037142322,0.970634761010493,-0.0329651665443905,-1.23636851474658,0.204637384549155,-0.241911524651013,-0.0723986548678,-0.51323910736535,0.0095523450524979,-0.38455082139224
-0.497115429129744,-0.511566303370713,0.472276808394232,-0.2126349640218,-0.679519889434646,0.494234279374405,1.04894104487856,0.245290141476636,0.384722594276088,-0.219467094261113
0.0799725367150364,1.91213640601386,0.411490780664428,1.28681584395908,-0.495003728386193,2.24459492290976,0.523740139850909,0.0740980961193357,-0.502815991063587,0.0184551726777874
0.45011787051841,0.445707095918268,1.22989805441398,0.353893794582594,-0.25770034311882,-1.49863236529663,2.26633746669442,-0.843652157800296,-0.431993188906779,0.620897640012901
0.135072668624855,0.856420326089288,-0.768799584341207,-0.909183407749489,0.356915839342087,-1.31685485876442,-0.458612824308563,1.13754090173524,2.8130646434003,-1.71029464220423
0.916468995643254,0.0764621117378865,0.146610787982975,-1.0340184954289,0.327790031420859,1.1371927800683,-0.491747638058654,-0.582879477458619,0.195649303216876,-0.56069922231485
-0.147975715588857,0.477222546152102,-0.22564832677577,0.80764269019575,-0.342272810368029,-1.09559781657119,-1.52863091863683,-0.349606022555005,-0.13350434435265,-1.12908890568912
-1.5696886106133,-0.512063869929267,0.78482921556221,-0.319184449760067,-0.00500343395243177,-0.329284539277125,-1.28616178515385,0.38382818198136,-0.061787274402043,-0.322794825066799
0.771143251329429,0.33069204170485,-0.799824140612459,-0.444500438662697,0.417690571901039,-0.253608985593674,-0.480149112241907,-1.51531631093917,-0.969189516622275,-0.00681445372936016
1.16049014894926,-1.21946327034526,0.00920175507705413,0.438231618172089,-0.0238702063093938,1.27126183887451,-0.0469959655067201,0.994786584437726,-2.56348143502853,-0.345340953576187
0.249021321686107,-0.0649095034881979,2.39979302946724,0.211869664713961,-0.156700562216524,-0.926868203496291,0.220774315639316,-0.64986427718063,-0.244664612582395,-0.812808185088377
0.657952674502848,-0.845455748224478,-0.207131499689124,0.328019190511749,1.01128880631096,0.035908235685968,-1.97373998665889,-1.14756085619115,1.09093023815558,0.854696729524683
0.239845421275647,-0.067984355087278,1.04674358307498,-0.813873929451397,-0.206338945123774,0.602661191841278,0.562122713267929,-0.634497646530847,-0.205770955917653,0.615687569776467
2.29442366911306,-0.183278526283041,-1.1382718997592,-0.763261759928979,0.313112460504017,-1.8310530693371,-0.892397653849788,0.796602230018354,-2.23568899750864,0.577623327795381
-0.753704840637823,0.302435527338234,1.89507866032766,0.813686582430643,1.04927725760187,-1.58987655671623,-2.74126848173239,0.42429997198122,-0.532255961055887,1.41672343387524
1.26220427754097,-1.06792618819957,1.30046654252155,-0.262727754734234,-0.590102469132171,0.72737686395466,-2.07059268539989,1.06313251360031,-1.26415195607388,0.145671363400154
0.904127681537824,-0.857997287568988,-0.672082259604453,-2.12141680228525,-1.12560499778363,1.44932898943731,1.11986223484961,-0.0103193114056424,0.636883030960806,-1.3954018097078
-1.35832124151626,-0.66101572242847,2.27676371273943,1.23645499928479,1.14340509049586,2.07333967468284,0.934579467738285,0.16380606806602,1.67863508294228,0.924332213179522
0.248446981852417,0.889169016093831,1.37977730494506,-0.260270555569932,-1.46129456373843,-0.381633568593288,2.34378454647292,1.2657858978832,-0.154323603576008,-1.18759742215186
0.868522547478493,-0.239443004943204,0.0519677406000337,-0.160357897233187,-0.597924097223436,-0.710840464417889,-1.40686615767124,0.734247571317099,-0.95871232874763,-0.0214284380061563
0.306078039104716,0.96570536533397,-0.264191402328194,-1.87983531262217,-0.0869664068693844,0.373300083524724,1.65956491796972,-1.37239730162689,-0.158687413165241,0.72658475613154
0.0247457521224579,0.501476773993516,0.72380408842983,-0.223438293335906,-0.153984354276812,-0.602524310594051,0.709003167093602,0.517259842354474,0.873734603332655,0.732649357898827
-1.29474517233787,0.160844489039175,1.13880290414573,-0.0916825693566383,-1.39277646491804,0.0219409650482372,-0.442793155239693,-0.0434180323945168,0.455457019751224,0.812557259344853
-1.34055547208153,0.496450965979385,-0.237647722765611,1.03614327964075,-0.0866109931986201,-2.01714484069826,1.42388548621477,0.595569473552633,0.222856971979508,0.915989214154807
0.540821874036266,-0.36896403978194,0.0247835006046148,-0.657518639213026,0.511924822388224,0.0348541016614447,-1.90744448269685,-0.322638715154265,-0.140768828469873,0.191783012281987
0.985964042752003,0.086274543588919,-0.353676333777094,-0.676040636538365,-0.306031949160683,-0.645891410585446,-0.736757228481095,0.244254601768674,-1.7473511318048,2.51882876754328
0.0737287273294565,1.42050127286177,0.59684525400741,-0.451946204804722,-0.3417235228025,-1.50323944120538,-0.384378453475096,-0.83562021000349,0.735684678963422,-0.363506398882635
-1.15856679444849,-0.855291561268218,1.13963946363724,0.0400467634575057,0.387177475093991,0.172641553773422,-1.39778021476731,-0.368992683420133,-0.990637833031833,0.121186985838581
0.376188950508902,-0.598741576107945,0.631458187096814,0.391599657622731,0.77974345731061,1.81766303072945,0.0415138177261084,1.28511807659256,-0.549025276565977,0.0148124833680698
0.945914639281365,0.0942581466878358,-0.485233869615378,-0.240597770003874,0.337629132786219,-0.412885200438843,1.27463348585366,0.167165523431032,-0.176379586500445,0.469189122385056
-0.902852467657818,-0.199555694045996,-0.321611365865434,-0.804878107686143,-0.0674708054824617,-0.158716537591864,-0.743257982568661,1.02620609380253,-0.849915305665863,-1.64105503729734
0.749926292566613,1.1363896354256,-0.848147817553335,0.314276315705114,1.05926676207205,-1.44127663026971,-1.823698040422,0.30429579720499,0.286082862525207,-0.799715599601619
-0.725004181293369,0.0616155190026543,-2.11372101560131,0.715181010388346,-0.0931249620531488,1.01443204093219,-0.832464811170257,-0.365038243933997,-0.28001570228246,-1.22017130546182
-0.940145248845591,-0.791907463994111,1.95584628135501,-0.0344773348020892,0.465602902013973,-2.4424446190476,-0.17288977206705,-1.50697698238091,1.49149323369902,0.85070622376046
-0.765217433123697,-0.461717817242842,-0.597480876106579,1.18193351698197,-1.35946049737257,0.564142855040818,-1.59784547621289,-1.26326571963804,0.136368600208165,-0.398568700589423
0.741106550812072,-0.407931865877744,-0.403710137106701,-0.708074347992209,-0.326911374250128,1.1803591780223,-0.873189681489394,-0.161024278181355,-0.453981627470489,0.596246433677689
0.507376474070854,-0.71025090398196,-0.282029422474096,-0.529136883618078,1.14742154945158,0.399582993035863,0.677837249987366,0.75304684624192,-0.566149183617581,0.769876328539397
0.40311719221762,2.73721137533533,-2.2785477878452,0.157733980189326,-0.180246207267471,-2.05459470740745,-0.00170450539832069,-1.00175504050965,1.65894960854841,3.09187248116541
-0.0441051278285014,-0.396110761146768,-0.859586867380864,0.512445820090651,-1.40309876045455,-0.308052345393118,-0.246581162665669,1.21625994586562,1.55863393815046,0.109646052076888
-1.09725896143393,0.161117390336462,-0.98708912874815,-0.115273002389104,-2.65633382235768,0.75803333975009,1.29365107900329,-0.329297977329786,-0.356763457760559,-0.48887922353973
1.38271426391059,1.03167582156324,-1.62593067712038,-2.34138746753476,1.245411741467,-1.82597130270961,-1.00201708006108,-0.207807226882509,-1.05178347358318,1.63367645030835
-1.01256122484542,0.621891399447392,1.42802845925209,0.861008378020441,0.60634185668796,0.75405546476126,-0.428957755877196,-1.31897305144238,-0.92387029678511,-1.05729262738739
-0.414932029441902,-0.131372348955912,-0.218210712720617,0.271168373928132,-0.244822370176521,0.988058084090027,-0.394114176210998,1.16930145151718,0.485348931089448,0.211763874388648
-0.250231224346982,-0.669578057366873,1.496694339521,0.663660452574596,0.180951792219536,1.25171897355854,-1.30989014607388,-1.48585458868088,0.757075042572968,-0.706574318849701
-0.602546861083014,0.277265423645772,0.586309664237568,0.24193702093953,0.295466180176223,0.39361016679243,0.339381641848225,-0.983205047766325,-0.176069287850911,-1.53038850434117
0.197259769872731,1.22737968722331,-1.79857161342798,0.314513540897766,-1.19309303782516,1.0965647342729,0.493161811423316,-0.567054203531159,0.629218482223824,0.100394916797814
-1.8487455611302,-0.215877575786644,-0.0713174526996322,0.916888945895185,1.08858603328614,0.0541351835003426,0.697451216224193,0.949609353875963,-0.684150053702725,-0.0263940575459568
0.174270857797607,-0.585669894004343,1.85321872073233,0.851383696283195,-0.869918373922547,0.140591287654365,1.10146867193815,1.4138742218752,0.307427051318366,-0.0960999987555589
-0.416854703275475,0.33198684147622,1.39334569668803,-1.156029698255,-0.0897751247467532,1.23743976146299,-0.493286856564848,-0.121175845483441,0.202206491210485,-0.9844174724009
0.426613211233718,0.160711804609073,0.0989421489639397,-1.70739432547689,-0.280168428107427,-0.647666994171499,0.0570747792068604,-0.395943671074577,0.454201053205003,0.117445958108994
-1.09296099668633,0.854212324712909,-2.17136483371993,0.235246210786381,0.14498505027451,0.19478868186204,-0.30674854694827,-0.307958086147168,0.140804243298767,1.33997207405596
-3.33272064298763,0.373622878841214,0.0871274636163286,0.593937654288445,0.0975897215434844,1.0584103183286,0.103954122047932,-1.92908958060061,0.854383735735076,-0.969621309592241
1.71774087595499,-1.01084861468923,1.24295220230254,-1.5657604130813,0.90988254536357,0.00382583845607811,0.213750767096109,0.243387743567721,0.13840034780047,-0.474652925048607
1.3726600254185,-1.1012075216439,2.33462486715259,-2.21359241321132,0.918735312505114,-0.494314917487629,0.658969933940555,-0.188536099673115,-0.282228054238265,-1.38025362067427
0.834494505547787,-0.429442495296366,-0.685768372687068,-2.9239050775047,0.616461211527841,0.992808693749688,0.519146271183157,1.08021368455905,0.134335882803391,-0.676034538263207
-0.139498386134261,0.257723699935851,-1.08170434486612,-0.0308612556036153,-0.506802167602113,0.162939945318068,1.2133027698507,-0.830359351732892,-0.653435961290545,-0.675491602419166
-0.568282945350576,-0.495993505102002,-1.02856905456665,-1.46554023812251,0.693748877169059,-0.280518501273426,-1.81851097599598,1.70460340660774,0.650509409663801,-0.900760054088185
0.211168005369014,-0.224943473281006,1.33584601792786,-0.961336331717013,-0.229611206361697,-1.95023039433132,-0.147096228595315,1.77814088252811,1.75614556083676,-0.858219955288674
0.148224560691598,-1.10915092823382,-0.793991456961423,1.67552324947232,1.36123236242549,1.31811352666162,0.49492674631743,-0.124535252972387,-0.0226138774495394,-0.867296060325731
-0.913486242444294,1.3831046451697,0.323304087831281,0.478269162071164,0.164146594044463,0.976233345967788,-1.17513154015651,-0.590897034757678,-1.20386101472721,-0.266810701603495
-0.738915123901758,-0.211491734525016,-0.78613392771163,-0.00751290909007434,-0.939450517588655,2.60394516400798,0.117768557391579,0.452156113382439,1.36572486315024,-0.409016737960235
-1.13295294526557,1.56549400467423,-1.45412487426152,-0.767947853447514,0.369878330476131,-0.488116677614761,-0.383094961841181,-0.528503829966954,0.28985071404268,-0.61802649503545
-0.420714619681908,-0.50570773680043,0.29390444588173,0.0374804865957331,-0.812727042068035,-1.76967699888711,1.75745854881204,1.73536621543795,0.273216297793396,-1.78656476633528
0.404537719900303,0.0812652648614079,1.0514572599041,0.864241227948494,-0.717089091041826,-2.88350432118523,0.700393155135262,0.192712820322776,0.0192515751661754,2.01878092736916
0.489329897534911,0.446530444270245,0.319334986075158,0.0225060139608509,0.448955969767903,0.520692398507488,-0.226885047489996,0.386426431616888,-0.214620543874496,1.66900278842147
-0.599365779340918,0.215268888391062,-0.951537561185681,1.20297016427078,-0.0306920457261026,0.329142566432296,0.854528961078048,0.373886583304868,-0.656511186511204,0.414675826396041
0.382550389107908,1.1093628996452,0.340335252881224,0.888455824983663,-0.967051290640558,-3.0170245577063,0.104446857697206,1.12412574959164,0.199703561892371,1.63340229126787
0.327518805098286,1.22675379902385,0.443684681937855,1.19947799987103,0.0761058798031031,-1.8334883880164,0.582969100650586,-0.252009692813703,-1.87810310779476,-2.01414904199173
-0.147605444222245,0.530850856765849,-0.970374459071883,-2.0423998224007,0.582222245609248,-0.426679383816268,-0.702677556335871,-0.818452513510244,-0.297938918337788,1.19371762065894
-1.58564116811117,0.357041091874806,-0.692119606491867,-0.56012971832767,0.768181719639578,-0.8943994965566,0.261206756835908,-0.651865791438207,-0.103548662114819,-1.28063120958991
0.433336941481576,-1.22523276471899,-0.0616791449117165,-0.921701682995483,-0.273263568594895,0.983940958912507,1.83265609409682,1.25088977323293,1.60493181290918,-1.78253963833221
0.716080148349202,0.371201432009768,-0.305542483256079,-0.731091070766756,-1.19050599911472,1.14021369477758,1.88958333243199,-0.567646489233832,0.625212776613361,0.202002522099164
0.713901424182489,-0.0921172655143076,-0.126709071653456,1.09207933860356,-0.312810222340894,-0.834879984618097,0.842878873757011,1.6156687417,-0.280118555307699,0.486741039610968
-1.24356544335075,1.47216464756343,-1.02631914186285,-0.684960001115377,0.3430477148362,-1.71508959282569,-0.780963515010075,-0.186890352196675,-0.457481130548749,2.14949849003413
0.734483188381769,-0.649067523611723,0.401691070051954,0.291717821897737,0.230475131835389,-0.0916697193526416,-0.275601998902076,-0.0962407458553705,0.995906867952252,-1.10137342920383
-0.976839516786269,0.352392640590578,-1.01340960556491,-0.597858692319941,1.1904893668575,1.2892938362336,1.02015881421609,-1.85107852358445,0.331749512905589,0.553683796151565
-0.293509476897401,-1.61860310329678,0.400346476977652,0.548147182155913,-0.297489808563046,0.859587089177992,-0.252287738981305,0.612214135426201,0.123204861400323,1.25164072269554
0.0627265559566497,1.1361663670579,0.570603913440816,-0.00245722013458876,-0.511625197400088,0.278508680714368,0.66269401250835,-0.634715105975597,-0.0481846814174959,0.693570564287404
1.66103063529528,-1.38438684098364,0.504533673308813,-1.70099949159593,0.27291038462937,0.979520918248385,-0.366992285038699,0.453433150123499,0.543441753703764,-0.44727182260999
0.261301460933301,1.27672766067276,-0.805345069241506,1.3169140898674,0.691930671335311,-0.590052161782897,-0.126933434634318,0.820823277320473,-0.582597484112938,0.185403155543253
2.39074144815551,-0.40581436763788,0.142928124214787,-0.905451338138826,0.334770543707188,-0.314146208128644,-1.17513015705048,-0.833712869921885,0.0995302156167363,0.878149591520449
1.66602018954109,0.472789207197888,1.11826139731423,-2.39973302321581,-0.617392051240294,-1.22893660893328,-0.14105167064991,0.794082934449042,0.443376664664759,-1.03135467278899
-0.521350909494762,-0.503754115822031,-1.15573529449672,-0.386923574970598,-0.0677836419944365,0.799110588390361,-0.470536630619454,-0.385778965415369,0.131104224866449,-1.25211180697256
-0.976251350309284,-0.899791535440941,0.121842702299851,-0.46207760060079,-0.541015378642342,-0.433271898491486,0.705935184851862,-1.3468475278274,0.577894253036624,-0.75184860501768
0.0797970412669531,0.545821312598869,0.0624547206062137,-0.0604553938939493,-0.12074297258156,2.04499832505241,-0.0130387958832724,0.0046419723846824,0.463801394857009,0.783825696945951
0.317916036140376,-1.07264686069727,-0.901620431640139,-1.23970483906411,1.22075801174621,0.0275423437050102,0.760323260332773,-0.391642159805021,-0.234160814362542,-0.704672025600548
1.07576939367043,-0.852341419016801,0.102169657985365,-0.0677576904905434,-0.920792788477985,1.19780826141448,-0.811401286622596,0.415863140825279,0.635168814950457,0.852253388650651
1.61089733372374,-0.501243492156196,0.46311910936589,0.538573314416257,-0.950636529376479,0.62694093046413,-0.55430592546846,-1.82688597517523,0.590868864326179,1.1000625681816
-1.14482686758046,1.35394759114123,-1.17407266498848,-2.82173374275103,0.133326930622557,1.22288136808116,-1.69238227176356,-1.31623470791885,0.615028007578147,-0.420108995027962
-0.395531644305933,0.0105873976572087,-0.448995042299708,-0.301266104474535,-2.35869733692906,0.248600239269038,0.0426610140970552,1.42011218477449,-1.00247624506347,-0.681000088476772
1.94394553627886,0.215716119183565,-0.314646040207045,-1.02665164692588,0.270445817935891,0.779313049205799,-0.96166153583188,-0.0520703464622073,-0.35480198543515,-1.23723973185069
-1.95317131025381,0.00954588608428915,-1.56112237834977,-0.929787469969157,0.489992528886439,0.259579180947585,0.98349068913396,-0.496944072402099,-0.249619379820336,0.302117767799601
0.836312948073705,1.02760827461593,-1.61785280579867,-0.134906068168366,-0.890815005175047,-0.965841456108378,0.640153229496917,-1.99232819606426,-0.0262897371514021,0.152163192774248
0.637809026826958,-0.402999087013698,-2.07607745414015,2.045832950652,-0.988960999747316,-0.544444583322913,0.251943181354899,0.60212361983294,0.148612350822166,1.50355978850467
-0.291229865972944,1.40195662654358,0.0186131477768078,-0.732427466887054,-1.67019999249017,-0.863421915819829,2.00521612570274,-0.0497804885521596,-0.554211604202759,1.16379940030642
1.4890479647473,-0.220409816713078,0.391851849191505,-0.329649270832154,-1.20762432793882,0.311573544905399,-1.08868379848997,0.0697192475993386,0.851279241251613,-0.32319989551346
-0.723822823474268,1.84761145680869,-1.20363966206574,-0.169832950365738,-0.227501158616335,1.9853656139178,0.17623901776408,-0.861304120527445,0.677012335995039,-0.470996020194637
-0.953034480409446,-1.26605995020447,-0.770237648649269,-0.645109568826516,-1.14270681160359,2.1431556072643,1.61767308037913,-0.775683644148087,0.0829870042972699,-0.758378222777021
-1.48480907315217,0.827833485059135,-1.40463206785248,1.79984553446464,-0.476622283687997,-0.452138726154133,1.26627636053313,1.02548638017039,0.805247112415983,0.215529979666646
0.423406547168029,0.242812181159341,-0.382673342688947,0.709599780512823,0.202997782077294,0.705150766258381,-0.560197256701612,0.320447953355883,1.50691785246877,-0.107194014221704
-1.11978460533363,-0.616667179438088,0.709559329206699,-2.21250360804317,0.261256654011954,-0.238796047553231,-1.71543943089719,-0.755396450125636,1.08993894628085,-0.313102401138194
-1.52742515491888,-0.977711898127029,-0.612091753761289,0.259127060249207,0.790214542090466,-0.184651534118815,-1.6801305128248,0.185743178772632,-0.949302103665409,1.14925337884697
-0.0475884589454992,-0.402067433673933,0.307847788083717,0.941405017483218,-1.14949019553804,0.000273424811363031,0.433308756509828,1.31535548395999,0.867092497014764,-1.11793031481269
0.359813155760044,0.849004500436859,0.171827905560018,-0.891711977848373,0.825581833891814,-1.35348962022829,-1.64305200926027,0.870367936754662,2.00140493857556,-1.08536799559081
-0.286351066712016,0.160443090732292,-0.927678660522021,0.261285376303193,-0.195929041440318,-0.852193851784855,-0.596000571619076,-0.00247073382543539,1.99965811928011,0.96692456693254
0.822754235922377,-1.22905204664651,1.43298720616711,0.642724915283358,1.00660987944414,-0.687941409506891,1.70458130027623,1.29553725803381,-0.545551083053446,0.376532436261647
0.727020726234464,-0.363290233189772,-0.732479281244135,-0.862044835746425,3.66334044565438,0.783738299545924,0.314692791397397,-0.873945802973779,0.707381607903707,-0.772863536961681
1.09519283081925,-0.16605530316873,0.579923772367726,-0.432236478983737,-1.92172537817064,-0.743660453270166,-0.124787829770622,-1.63575735843739,-1.141077582983,-0.058435552795411
-0.356288740254352,0.365148249824403,-1.81819342173873,-0.167268093302765,0.896217678077487,2.36619038787106,-0.337039384664957,0.636907718060502,0.772455075714839,0.278677803371677
-0.937807671075722,0.651045872564236,1.922604942512,1.50513913569321,1.14546441637401,0.191654422617243,0.130453526061792,-1.50051788521137,1.0591997776607,0.33534423434994
-0.441865163555779,0.102599531844569,-0.712318480551895,1.303596079742,-0.718149840543018,-0.132441857108082,1.45476621200589,1.23670282500839,-1.12446104091823,-0.735825008758105
0.609698162475331,0.079759341486686,0.667678993444567,0.189848724926799,2.8937253517825,-1.40058434160134,-0.579451981950758,-0.789340306236183,0.480397200983105,-0.193762965978287
-1.05700142687804,2.0565027885632,0.0799960066242239,0.809662395270645,-0.830897772470656,-1.20163460415209,0.639769141679263,-0.664858043231678,-0.437881294002844,-0.423136954740261
-1.27613143058785,0.570214636929993,0.387636565618048,-1.16473416649802,1.11808322830862,2.08694237470994,-0.282787942237652,-0.426492251510011,1.50359952678255,-0.653150186912707
1.58306394451343,-2.01829146213611,1.05863740435274,0.0696864985179954,-0.24083277502675,-0.127116452522545,0.24060587780228,2.07058491782035,-0.710137414372301,0.144657139758193
-0.531153116245787,0.60512607524441,-0.394886285682111,-0.146380472252417,0.225903937404853,0.813043504152475,-0.970431303077502,0.755253737605352,1.09875187113098,-0.087675081002812
1.97586392943884,-0.000347661174518053,0.824660208296347,-1.31919196073849,-0.552110152822505,-0.196820665289219,-1.56606706368341,-0.412766335891979,-0.183392535321356,0.805097028065923
-0.364914424770102,-1.352686879806,1.69256349282649,-2.12851942991231,0.122441697364602,0.338944775727994,-0.976800438779261,0.690723438065203,0.0619518425339922,-1.09731064688568
0.480974292743071,0.143162332658822,-0.575102095568661,-1.32144032051396,-1.6859500481354,0.566775584118344,1.28629978093901,1.60891351444657,1.24967527601538,0.29509176561935
0.461642302601677,0.426236360580608,-0.303005774003676,-0.519742474601045,-2.65981230476581,-0.411591561222622,-1.03979740529536,-0.798757796845342,-0.361046296039108,0.027354847273925
-0.120232601095322,1.07392894223169,1.22533756042447,-0.100438034803036,-0.225429624110795,-0.256507101704705,-1.26256442657085,-0.42280105322124,-0.193290464340657,-1.57573443778069
0.0867589059973361,-0.746792664534611,-1.38607163725856,-0.506361479032857,0.46661336441809,-0.990310538920427,1.25949293635453,-1.2424177491852,0.868319931724187,0.89925090629051
-0.492815377632831,-1.4323037302956,1.94567646222994,1.04655716220495,0.871869027311539,-0.90826445627183,0.49422066505808,-0.514512758168588,0.744349732108448,0.545876099421724
1.72083039184608,0.549028704663613,-1.10296075525585,-0.039080679096551,1.75988543825299,0.336981798822489,-0.900127298719281,-1.46676647224122,0.0770000021438815,-0.361391956952379
-0.606642393374527,-1.26587506189979,-0.132409064900397,0.906272097976194,0.544959251376572,-0.144728810573177,-0.450075769858426,-0.0704980213268317,-0.764763662095768,-0.431831078812297
0.432724062354499,-0.077069830719405,-1.77757714787236,-1.54176837772042,0.263724779452531,0.908017349282988,1.34521218600841,0.584332511839408,-0.931419240503686,-0.162368703897927
0.79268918021053,1.47562084854731,-0.673889886926087,-0.787855350677286,-0.355586423440904,-0.55705064717835,0.413632089079784,2.21813410520497,0.506933135019614,1.19852459611815
-0.304200903286114,-0.68903965270808,0.196083157324219,-0.517585270327398,1.42780850238687,0.778858417133104,0.946721660351438,0.595977312269288,0.174191211667757,0.570544657558591
-0.856378898554675,1.38480936452795,-1.14736879781494,0.837065378891394,-0.287633618086999,-0.937003610978558,-1.50932749519283,-0.66004029700626,0.216984553465264,1.64243727151188
-1.18676107893462,0.81806783049075,-0.312787752916468,-1.04024520238686,-1.51104248146245,-0.083545643937137,0.160038708895721,-1.05885643744223,1.10838753076595,-0.919056607849836
0.626872548327242,0.00460733458454922,0.700293527897105,0.908675869861663,-0.718563909687998,-1.03274013294611,-2.55742247122793,-0.86486653469676,-0.927944133258023,-0.304859744941941
-2.01895539916856,-0.445338275228419,0.0915403751137385,1.06197454001903,-0.176260032179902,0.85901955773559,0.988176248257349,-2.02248201680675,0.368515283812821,0.473795164890114
-0.571845130672491,-0.794476731897229,0.76796830929286,0.341856933952897,-0.687500255228797,0.849668732825803,-1.183977046954,-0.613719545608076,-0.300351978175506,-0.890912501930868
1.02517836510655,-0.505692582548608,1.47600108055844,-0.693978173185214,1.58282246961914,-0.260831881145916,-0.193715863966451,0.838404698820691,0.438001668362858,-0.901667977321519
-0.532095022230002,0.130215980890493,-0.222912005175306,-0.311838030773144,0.360033574984168,1.0310905289528,-0.399425484765648,-1.50080544340473,-2.43357810701244,0.729242860073309
-0.333202730355449,0.603713595665096,0.134326110176465,-0.400103192313134,0.0950925409890223,-0.607862245403235,0.626401936539314,-0.639977479607876,0.119745491108522,-0.0747498216913138
0.57157606018257,0.0286142561033592,-0.436592011417614,0.067510984319571,-1.12743465735918,0.16218950221123,-1.12155539839344,0.328886722598388,-0.397544254835145,0.117617738442416
1.01766171625308,-2.11062447286804,1.30249301751198,0.637565697679859,0.364476785902646,-0.257102263089533,-0.496080216619598,0.589455556862463,1.41850285667985,-0.898566108997563
-0.560367394419193,0.433535991920032,0.352119536025066,-0.178331818414164,-1.31697250291618,0.354943312063314,0.259704993562673,-1.08190506963041,-0.258686523748486,0.230158069506288
-1.61148534783011,-0.0309429308081419,0.374619400864227,-0.0010081892181911,0.74224674704255,0.892591344212843,-0.417654940949967,-1.85935640336286,-0.22040126417303,-0.7291952853883
-0.0761251180240955,-0.589944322968069,-0.79538171275378,0.0275048378489148,0.371955972274098,-0.497193276326674,0.294938211814015,2.30772244802213,-0.496884076426786,-2.10913282843781
-0.522693813521307,-1.38267187799955,1.12991651561992,-0.595720797754903,0.240662060070895,0.591694626023421,-0.534873193611477,0.620328141067604,-1.10974714061855,2.87736052092974
-1.50087110372118,0.751847351597303,-0.589851816689315,1.2798803524823,-0.42620524685127,-0.619362197676016,1.22408361692334,-0.0704613583232506,-1.00713974413139,1.84122695276547
-0.449385305741037,0.566068564882361,1.52181993056707,-0.674478052368574,-0.0227441896229487,-0.95078358154756,-0.16725835190286,0.0496474939880315,-1.21504829091606,1.6769649616207
-0.227768249907304,0.0151894828748205,0.575896544377128,0.411109872659953,-1.40920220476313,0.84058899801051,0.516001688649133,-1.81130385552569,-1.0699941999786,0.180880792000709
0.261123049069681,0.704478007156979,0.725128139851458,0.0433811731416073,0.758567922092248,-1.86051086395969,0.108284091150854,0.22297102444975,1.04918942040641,-0.209297386535671
-1.05847894126521,-0.28511205501223,-0.957955967359816,0.0608255964646443,-0.411971261764753,0.725565862178386,-0.365328050539318,1.17628548454022,2.01894712655324,-0.919784820071629
1.75702447493701,1.23920666733532,0.478187356059706,-1.74752958319511,0.54548056865339,-1.65417004191723,-0.172822581854073,-0.83201191107298,0.389806276581556,-0.35931075169815
1.86836215371078,-0.43942818780603,-0.517108229169044,-0.268802771156764,-0.00125850149348206,-2.2137083340781,1.7552179633014,-0.430258098823227,-0.991604561619797,-1.62504789097749
0.868640803452322,-1.81218707574533,0.397122318996462,-0.114582748123486,1.05152350892117,1.11696347825814,-0.661933700512618,-0.673249828920366,0.00929182840679592,-0.568886659880917
-0.631498326573807,-0.0658725932007594,0.14180653199094,0.512675079503216,0.120780776000003,-1.64649297893708,0.518548661467467,1.02098855658472,-0.364882327747499,1.54025597016862
0.452726765974729,-0.00472455442933259,0.433249469237182,-1.17336038205866,-1.03402960489864,-0.0319660245982108,0.271113441477321,1.24694981525634,1.24531293589892,-0.953840530668298
-0.967041392823262,-2.02522761357457,1.6325602564199,0.808564915589754,0.889740783714192,-0.531196538828245,-0.68840884661911,0.716033081021254,0.791192699044641,-0.119620604598895
-0.640695606959339,1.26738149131935,1.23164624879297,-0.0766605776188208,-0.515712029628839,0.259631202916708,0.41558452023686,0.317838359184184,-0.221096947048411,0.248874046976009
1.24552651125939,0.107563828918013,-1.7699800049542,-1.79488569475765,-0.685377301764999,-0.101346563296803,1.02548207222148,-0.0656761801832196,-0.478781538641018,-0.281583441519177
0.331587981191278,0.532018284343583,0.372511345713942,0.877200262856407,0.0896035667179035,1.4924510438256,1.44096371141903,1.3076252250616,1.67350824778563,-2.5179481609639
0.516561378098988,0.118355218001963,-0.328818459823465,0.98081317304604,-0.835546247933666,-0.98159523126572,1.45885204099995,0.0964360017658628,-0.441568388014118,0.0530810148245399
0.82514409475725,0.275659870933337,-1.62022086842318,-1.29068916936141,0.410318956214727,2.38672111355752,-0.0295566860876592,0.998644487055506,-0.207050355057723,-0.269187367346995
-0.0651359883761353,-1.63641644817361,0.039887273357112,0.71659133079442,1.31847260890014,0.693806431416043,0.0197458227583143,-0.269781307535256,0.245181454534464,-0.444086499108613
-1.20288997022303,-0.676155255960058,-0.302666522060617,1.14393619719925,-0.0577417340336987,0.274054171222272,0.266045911945618,-0.316719877959275,-0.353647159629531,-1.1486669098646
-0.173512945327653,-0.0532150564966141,-0.242894013692113,1.77676007988448,1.11741956230463,-0.93064343408686,-0.703553757511652,-0.212751966359852,-1.50833224011573,-0.514943214583996
-0.478977799533516,0.537015904335937,0.27324412377615,-0.759175446518778,-0.849434658359917,2.07793343552577,-0.109506460357078,-1.91410483059987,-1.37536373016414,1.3151404517759
-0.945039860239943,0.854585227480734,0.159520003376686,-0.157173006047212,-0.288421026477943,1.61920921837065,1.67687959894424,2.85139237490733,-1.63509752187007,0.774516921414615
-0.903519235191674,1.06427380071421,-2.08694147334533,1.10327952261004,-0.0665651731223218,1.68331417205232,0.186696968899552,-0.151889496394707,-2.25889514533063,-1.38140264888433
-0.290610347001829,2.31413812729744,0.629507309887506,-0.309772956061827,0.432297858308469,-0.64665293102195,0.145857517673602,0.232916530077167,0.0514209430938265,0.810315061003185
1.85519975918718,1.3760270149164,-1.24936804997924,-1.30538111952997,0.878395994766805,-0.100304821804619,-1.7704079006379,-0.813984305426227,1.20141382694025,-0.159470280583782
-0.545839755835456,-2.18383421802932,0.502795041830215,2.06534412334026,-0.14501909601934,0.618187459033591,-1.7359252963533,0.072006601251853,0.520912108525872,1.25389623221758
-0.571069092908978,0.13343901393445,1.40562588338791,-0.0448426911791621,0.674204422373795,-0.815596422447802,-0.235420679432002,-0.81737790800021,0.590563278170771,1.23403136056495
1.11514677473636,-0.295369451114564,0.0622393679590324,0.221158675420416,-0.177870555814346,-0.227863636462976,-2.41205799621171,1.46322626519132,0.577503249903003,0.18651580673257
-0.698094677416884,-0.929000047906868,2.80358258780448,2.0470924690151,-0.743727118143291,-0.289803524671445,0.718142888472789,-0.527550598591126,-0.786812065378348,-0.879955379856058
0.0421884695309769,2.28561717523142,2.06116481494103,0.815416022311481,-1.09998856712064,-0.371226866208046,-0.226751959235688,-1.16156027695419,-1.398684985544,-0.115035261348621
0.0501859030934873,-0.806583222373627,-0.259726271679733,1.25939517837961,0.712236615165912,-0.264878976991412,0.691172149261745,-0.510367342270016,-0.739766224180878,1.66385473941514
-1.83768084643799,-0.447286847078065,-0.390458817865249,0.0235902013575891,-0.598305540710766,0.685269919613829,0.765636766281645,0.825889530901934,0.939166969651962,0.821314934542391
-0.736790588128917,1.97191209899337,0.570448729493757,0.0522467860094515,-0.472901985630252,0.220624369980466,-0.348902554913754,-1.19336900659599,1.17131109878461,-0.246049005739508
1.45481056572375,-0.965260506327859,-0.853377281656142,-0.953945488122838,0.805873667766517,-1.37902014087451,-2.18981777699409,-0.856038827747304,-0.921400512760278,0.895831241961155
2.01112891703468,1.47579255553146,0.385419463221939,-1.10899166917106,1.07430458435381,-0.0880391068054644,-1.17992089211765,-1.55752987250579,-1.03028851486129,0.565341339376815
-0.11936191662856,0.892073604200455,-0.399784123684544,-1.56032557007978,1.18279889220199,-1.00005513414177,-1.20159811927069,0.414746844011487,-1.92282803087387,-0.0911297340718043
0.778200067148055,0.810246120611004,1.04608720591845,-1.55758665229441,-0.915302851046424,0.667828931321357,-0.84789569494427,0.332925921753576,-1.55030636499755,-1.34832291338135
0.64230676511951,-0.530167360142785,0.422798632826714,-0.156719818702053,-0.407770925046716,1.43905796130637,1.55291269715092,-0.432932669909527,1.09481614690981,0.456823750915606
-0.245231305561276,-1.47787742839244,2.29704139731324,0.17030713631796,0.172920314720876,1.04475969419326,0.451238049122614,-0.380430584363067,0.731617055960555,-0.677637833923496
1.9332258619491,-2.65054453866808,-0.831386762513328,-2.49673823517291,1.46795240508927,-1.12902979741137,0.97950667387831,-1.89161001940645,-1.80941703604603,-0.101441822850878
0.71609138757355,-0.339626477475976,0.102267351069112,-0.449384452952936,-0.283615110082193,-0.184215547808501,1.55910137670188,-0.189317940439068,-1.56671416552713,0.99067601915023
-0.909162669365749,2.18496745360295,0.108462811204228,-1.32497240267811,1.11408099016045,-0.567880042844286,-0.211331844751315,-0.0109862717039591,-0.723074527641446,-0.00869960797748973
-1.55731592521666,-0.0821202598139306,1.05485131028185,2.18563105525585,0.45275373528854,0.404712813906878,1.12011366375283,1.04942176488223,0.528965361022378,-1.34683862392073
-1.36741327009382,1.25713189659797,0.88483036112173,1.18792039988816,-0.131490914640074,-1.15827075122008,-0.703635114314483,-0.547950204268557,-0.4396044993109,2.18723408584886
-0.221046818168631,1.83825364293277,-3.17928176296188,0.153377936083169,0.0820247502837992,-2.05904177650661,1.36127419766451,0.049218078187936,-0.544752456171534,-1.05760608423918
0.277379830124775,-1.86931837799204,0.797727204433431,0.989872149055425,-0.552985183728275,0.220013381332284,-0.962811004776183,-0.0954403071099385,-1.15092837395053,0.254622635675389
0.407999783486332,-0.437409256591374,0.037541309537332,2.43175453645217,-0.200968832200262,-1.51233516141288,1.20217907119111,0.96984269057126,-0.62414925305987,-0.201131915270208
-0.0263755441690061,-0.996037766494809,0.914987353929476,-0.976883210574995,-1.28219892444125,-1.78338882982207,-0.530716585579044,0.120475180682471,-1.3479278561189,-0.215426722730864
0.408425402596029,-0.194618853871878,-0.291500409411404,-1.76961249970743,-0.534979933568513,0.106511426496518,0.685926228094125,-0.315778944722064,-0.0204281104431271,0.337609532527722
0.379830690640632,-0.11926745331376,-1.10705810897061,0.385398900825445,-0.121978479266417,-1.39091957906972,-0.739069134497255,3.2782092224694,-2.60168147718859,0.948909790072327
0.323360472287592,-0.851727377275561,0.483322165240693,-0.472816968268764,-1.0448036041465,-1.2549280493116,-0.54812089585958,0.0920448313990466,-1.25253825663817,-1.44446240437759
-0.710200167387641,-1.14572085957789,-0.147373424990225,-0.25998692076612,-0.0477134037680547,-1.92681921432538,0.355383279526873,-0.419812943294095,-0.00898607501488087,0.0390821120775418
0.692754609324362,-0.70547587636195,1.00959744502591,-1.99260179267801,0.494238226592129,0.280216821099744,1.12298678136372,-0.880581625771446,0.555983868964721,0.769753152625863
-1.18688539441281,0.185140505722013,0.884440246303988,-0.376880071285198,1.110540962408,1.98554573360852,-0.0432332514519982,-1.8117579959651,-0.169100311622377,0.389508655467785
2.22736871815462,-0.558804674715578,-0.45210110522736,-0.271270558310058,-0.53233024921158,-0.873078075629804,1.04523311222149,0.047938478404125,-0.377442169787563,0.780640133564372
1.00511861284666,-0.425542567515007,0.619753697003486,-1.396454602138,0.0632981698378264,-0.500968078097307,-2.70266418041339,1.41894335455058,0.894645061731089,0.99899205869032
0.459852841427101,0.108261287758527,1.39382112755884,-1.69613880671789,-0.455446692277028,2.25539182040697,-0.6816196833954,-1.29059789865448,0.259736464131467,-0.0583729556610797
-1.58139600870099,-1.2326907321882,0.805973937024727,-0.0148355011510547,-0.348224982227477,1.692630378886,1.75401922804338,1.20280588866897,0.231389833783935,-0.428532757745763
1.10109805066754,-1.52437765081754,-0.351290349328554,0.663191553722887,-0.769615509113378,-0.722179757932379,0.396697332494591,-1.07613752911006,0.250765552718956,-0.711061891407341
-0.516315730971131,1.7701456439125,-0.645065177160252,-0.62780438250415,-0.0389597711181781,-0.300963308961032,0.172005656271601,-0.553155565480109,-0.153094274025903,0.444683187535981
-0.731108762518062,0.0534842213523616,-1.16285853413037,0.957862972897175,1.8234206066222,-0.87809029450548,-1.62375870143882,0.852306594649511,0.57001351251556,1.33430996222201
-2.23159045071941,-1.20947968722064,0.364232400546961,-0.808089793837491,-1.27724780412642,-0.525646487734151,1.39345029923171,0.755977259387763,0.794662622202793,0.397753911972931
-2.11735801694617,1.98571297468807,-1.360712658583,0.870612784702525,-0.565066279859454,0.0382519273239193,0.905075940072659,-1.93848881236757,0.664693664665619,-1.45311378990777
0.0176872065612663,0.12485121194867,-0.489672056092553,1.42800877253285,0.0788038755373945,0.781081784624444,-1.49099502065691,-0.917131613455283,-0.752629179389771,-1.1380457478773
-0.742463052251586,0.640235974638612,-0.491968178814682,0.204946965137926,-0.679257199232645,0.316618252577269,-0.215711144509071,-0.195901127273331,1.01273189375082,0.504508244085197
-0.000576611925695921,0.422436193153128,-2.42306958906019,0.115938036018876,0.205797836123855,0.523717497170073,-0.863663131015448,-1.3401920627066,0.484400415183721,0.213831072947971
-0.327629484840449,1.52601803209826,1.46330907311529,0.491121673427523,0.788616083385566,0.129797937366403,1.9758813398456,-1.3769722613518,1.066481323494,1.28184256824995
0.493091993359357,-0.474412726902524,-0.582994004181332,0.233106650924797,0.400725567196699,-1.19745226861488,-0.782002055536932,-0.905636668434212,-0.537318415219901,2.20038243614457
0.0227397432348381,0.883952603706851,0.317150779203531,-0.94935418110879,1.26292379277936,0.661537688595639,-0.0803915454841305,-2.09977967060428,-0.474264035277747,1.03324166482351
-0.811047757028335,-0.869974468647707,0.203707201210034,0.483544289332492,1.90326895045025,-0.643946076515395,-2.15643187864646,-0.14665995858286,-0.140121345117797,-0.11508346948348
0.645253102600197,-0.0248324215011923,-0.575771191338154,0.0115319983769757,0.753277021495946,-0.149257382727555,-0.0430540493975793,-0.788930916028654,-0.548555192769455,-1.50099154404414
-2.06610460999419,2.10207970883343,1.24271037070601,0.989804015306468,0.447299213328508,-0.300532396841191,-0.925743581197983,-2.68388728742465,0.0428605295212614,0.124861075519578
-0.794312100393096,-0.416846958125917,3.03630091787136,0.200348651573264,0.911230360200478,1.22066042528583,-0.281006467483486,-0.84417534045647,-1.31621917203945,0.424377811597155
-0.0750410472449812,-1.35262199110316,2.55126036194528,-0.225097393254842,1.36196264829798,1.19062029948108,0.96558601513092,-0.29247212976551,-0.674697469059099,-1.58730483261444
-0.769567846877187,1.07631417183388,-0.249118282944093,-0.863664748520743,-0.245182991587017,-0.5527276019507,-0.141889086324075,-0.815335750003399,0.68759261451822,0.478419554423044
1.26977931622185,-0.988712325601706,-0.720588273198954,-0.170866339898808,-0.280796727533199,-1.30147960798997,-0.872967079587292,1.5894458654446,-0.676980722068283,1.29995543803426
-0.532552565797719,-0.0689724589354856,0.334295248545656,0.410874705316169,1.23261967106625,-0.179637108971584,1.95230140751476,-0.719532988960213,1.20596471208835,-1.47364054916175
-1.17966510502965,0.384518759489753,0.625272928906226,-0.252936512853819,-0.0245006855291323,-0.12386821808505,1.17613296400769,-0.282307595175036,1.10918053448462,0.0253281719164398
0.458085511232558,0.823271819357042,0.991008865950872,-0.604537622929624,-0.169735409250639,0.992751589578183,-0.42747305771508,-1.8804786298623,2.47375540849255,-0.427729191229791
1.04429569738384,1.80916541629453,0.931988768777599,-0.296329412738327,0.603384593525135,0.116794053699503,0.11681683149509,-1.51723034061925,0.429195806647321,0.768800125304751
-1.54912929670241,0.393826836708219,1.50113838588045,-0.106275900000433,0.928382350600477,-0.335027257312736,1.68678067939134,0.0174745785592601,0.450028968103286,-0.878741828657603
0.150979873842447,1.89432466486372,-1.6522307305031,1.86309118015806,-1.11693359725454,0.148298452767585,1.46562262082946,-1.31775073040214,0.134902798753005,0.506679520443415
-1.13177821538755,-0.489691923269439,-1.51672155511575,-0.53653551363872,0.0350995060475695,-0.414109502434485,0.0930855501046114,-0.96405153860717,0.6417349871025,0.433850699688921
0.22913814641327,-1.2922538256412,-0.309854386100199,-0.305736518423993,-1.32773720459583,-0.571548197974525,0.100002403809507,-0.0769739292370604,-0.816364773705416,-0.152384971703314
1.10639634427511,-0.144767312921088,-1.53441587552339,0.426841494420566,-0.602017826239548,-1.73780152559565,1.17566419650356,1.00611413586065,1.34548612498722,0.469369492751206
-0.623275926398888,-1.78813808293679,0.899302121434004,0.822979123016345,0.93650594870883,1.33811592215995,-0.82347694059147,0.571028721337642,0.127040596320594,-0.595396366131704
-0.117745248709167,0.624616563451662,0.0648041985893656,0.855602306664627,-0.703184304898858,0.113190432625743,0.642784959703627,-0.896711312724926,-0.105187827389977,0.589918218020981
-1.19385297085479,-0.161489181702023,-0.664679497733368,0.452709484003392,0.00786282744207448,0.68994857593212,-0.846761369220776,-0.152754034968683,0.319038938377838,0.103062824945316
1.68835008228688,-0.446954045884051,0.470286590887072,-0.390472883187342,-0.503461691887082,0.523448822682472,-0.235304085040471,-1.77534999685025,0.235674196213902,-0.885634434120267
0.646349630814103,-0.8355964195629,1.11396894808523,0.239798835058508,-0.309577606966758,0.797110265436171,-1.17209644213728,0.0344408794773811,-0.511162849200658,-1.00211366840876
0.36349937982796,-2.38935956664545,0.213342605230371,1.32340849748089,0.958477430782536,0.109081598335677,0.379707683968805,-1.26356919608622,0.325482613091221,-0.405725158362581
-0.258413997715162,2.08515421913877,-0.259791048900671,1.30026768331662,-0.824614908061557,0.45201269745952,0.677080021706781,-0.146400811676087,0.969742259388,-0.621753104601774
-0.639178609373034,0.0162933046397006,0.573974465577239,0.805338537425294,-0.613848892560572,0.307649218579277,0.750473677286897,-0.168341543346476,1.02661026574293,-0.73276818635967
-1.0691275874867,0.707355228702809,0.289404983390071,-0.540714091514576,-1.16424415418394,0.133794437506782,-0.0121885298803797,-0.449218017668601,0.469108435306193,0.541728650466412
-0.496549963270793,1.40594785345777,0.308987758552263,0.0711868980467397,0.744672431201302,0.774880172116122,1.03123422436474,-0.408776927114892,0.312150653244138,-1.21099498183199
-0.91960352134492,-0.928402894438293,0.216132039065088,2.3021681959354,0.890854597417945,2.33035606451716,0.413877410201494,2.27407138330495,-0.516651376686608,-0.850784806088855
-1.18635936831731,0.549696982938527,-1.5638541958108,0.0470199023383466,-0.00630560057604726,0.274704445363672,-0.797914235805376,0.0329752926299122,-0.810684326901231,-0.14981345659774
0.312120712968015,0.583556265699383,0.657081452903499,0.0916575309245289,0.906323683240146,0.379309486320539,-1.26231183589504,1.21175768916472,0.901649289037509,-1.58677284863962
-1.54590241892553,-0.632403528615849,0.938530519254395,0.0792436336007834,0.513851648913821,-1.35400707551245,-2.01583307437699,-0.0532442494176239,0.802688030354327,0.747133753184101
-0.120271528231454,-0.135079597101685,-1.5858965972271,-0.380321033411166,1.70716789986065,0.269821043985844,0.997485195773883,1.98945895460107,0.165746378024807,-0.306775900037462
-1.07620007374065,-0.0638732613597209,0.352792310694878,1.36325563389765,-0.58138256139068,0.086280430219048,-0.48684813271613,1.31904115782602,0.69350779426919,0.449863276523578
-0.7772964120488,0.955339377407331,-0.92900986560454,0.823093072614817,-0.885821024964805,-0.0563602963168564,-1.32808495009408,0.295526510872008,0.490061959073912,-0.489851927729533
0.18938425731236,0.300486883724786,0.520658361275304,-0.85190890367999,0.207539067492323,-1.27639921086156,-1.13783493323308,-0.965178262419328,1.33770980785363,0.600740058502626
0.483635710566216,0.750139652446644,0.454446210474274,-0.601265091465513,1.00069609382057,-0.243776930560669,-0.476729410641044,0.0181214134047728,0.480310852266024,0.897303846794277
-0.116892060099932,0.697370012066002,1.18204314463154,-0.501054399615009,1.37146997739698,0.452517021691203,2.19236782748627,1.04318268183784,1.66272872148187,1.71454373815131
-0.730825034503574,1.00821627599144,-0.826359716343945,-0.154540213865423,0.97246101871828,2.31492696620072,0.905072774294936,-0.00483818958474934,0.178441965012725,0.643886818688193
-0.85570780396601,0.281538390986301,-0.020042220604204,1.10940610351028,-0.00996710967722091,2.70321216173223,-0.263567135748933,0.598808919593216,1.49598094093973,-1.69447749025599
-1.05939410925317,0.519996993725198,0.149922390409986,0.608249668523864,0.283694364625663,-1.30197013313902,1.96923204388142,-0.291956522309236,-0.956332916592717,-0.255489965193814
-0.698136670862127,0.447225718855495,-0.331036603247294,0.22106897147587,0.195450255267897,-0.0454382515415694,0.214283064082593,-0.978046551117615,-0.98197643812191,0.319375571631611
-0.190919131683669,0.600291819064652,-0.463808915090496,2.27892676099762,-0.652172203467111,0.478057931292429,-2.33036350616448,0.172831804002045,0.311490821252542,-2.70504482969247
-0.39736382467662,0.449800042228173,0.422762322851286,0.517921655156419,0.662872205583648,0.72465107688509,-1.19644842987683,-0.377342016106494,0.0319615038631631,-0.164376745130988
1.37400771657048,1.73531029222104,0.202491950793546,-0.305730054442791,-0.660134499638491,1.51140382987958,0.966258576825942,0.0164504222561343,-0.463253029872457,0.0821721934129352
0.24689226645894,-0.648673082082933,0.249695805510168,1.7420507216011,0.836369387168793,-2.47478073479441,1.53669156472599,0.507856000244234,1.61705846744155,-0.405251285776279
0.391405320035558,0.882274719237619,0.934812614825441,0.8877331700579,-1.08471160026038,-0.333305216774238,-1.88500245123524,-0.650924126714076,0.444823681910128,-0.137938337197711
-1.28678331734213,-0.78598581430881,-1.16929235027225,0.536835371734494,1.17303730837802,-0.310382549386765,0.454408712688381,-0.279214883146126,3.18772019109478,0.0225103334004631
2.10577661633561,-1.00984461877239,1.71643648267227,-1.93839804846561,0.401188689821414,2.24627240229836,-0.28452827781017,0.311780971076621,-0.10292674552793,1.29569515954637
1.23560784154515,0.0720021579819443,-0.844792606252012,-0.689532709435464,0.0478980879220896,0.811751401519751,-0.396843406090912,-1.54809203961639,-1.11790527483345,-0.167821447282765
-0.393829391258653,0.723627416263912,-0.839287540522308,1.36366539722948,0.216922883864931,-0.605101449985891,2.01257121671663,-1.82613199953654,0.782404566034004,0.407702914454168
0.809854019955662,0.856327166514523,-1.09926857713671,-0.552033083267381,-0.555333605239524,0.698804658162353,0.134685191261632,-0.461404940883873,-1.6608628534369,-1.58821576965119
0.00837176538711415,0.2553143486945,-1.35324154805633,-0.117552262928737,1.24476133445183,1.26946640494703,0.00770214978026456,-1.61804568657284,-1.77980948012381,-0.837088122175556
-0.00763257447939404,0.546912726156579,0.148907520884392,0.770336999089657,0.646367283349784,-0.355142176031688,-0.639046820721978,0.646177603961393,1.62181187801443,-0.399115803378279
1.59280393186535,0.673807011967709,-2.04269617462126,-0.239079712749207,0.0894038493396423,-1.30844075262776,0.144901124827877,-0.00851231938354355,-1.08984402794332,-1.71403370083461
-1.30906816268299,2.61308105809586,-1.2605618729904,-1.96478837012251,-0.985886272079971,0.0108466833046007,-0.778709394213499,-0.373192349586027,0.302601138858324,-1.60353075199183
-1.14616467372912,1.51023242297675,1.30731830712923,-1.59691464198036,-0.954871335874445,0.457502748996324,1.17493828962757,-0.737977677301425,-0.0861431975921422,0.391848809589269
-1.41640578217709,-1.10077622203428,2.16382055599217,1.30999579445089,1.27299739211744,-0.697554583195548,-0.63432814948109,0.333628930646781,0.267820714185877,-0.140085977482066
-0.595681037844513,0.316156115332076,-0.0850229986085155,0.909436534779257,3.03855439387371,-1.44816743101074,-0.611889438735441,1.14563286876778,1.58044714270142,0.957804531587187
-3.02110351634894,1.55723460945947,1.6916504364936,-0.875660668131417,0.190187074340265,0.270539168824643,1.05738439707178,-2.80568763458053,1.74514302987486,-0.126034742039739
0.313186018266343,0.516249730656278,-1.09992341659974,-0.365122417108459,-0.246986397651238,-2.0278375398301,0.787214314736077,0.348150375560831,-0.447467730995561,-0.0640403091593791
0.831874239437764,0.146112990095561,-0.653504709919642,0.748572236149936,-0.103493068746091,-0.570978298270037,-0.150296037720235,-1.10397638504339,1.52183607297041,1.14925594212387
-1.44619299672787,2.31719374380521,-0.960257850663162,-1.32016116941535,0.978254427100743,-0.558876266135639,-0.71831405293258,2.02686099930256,-1.07792650004892,0.461989037880527
1.1068402693403,1.55250937215418,0.187413358567604,0.247542926232642,-0.202794389761453,-0.549966976182476,-0.305182673148026,-0.437721547259689,-0.358930017573723,0.639250637111948
-0.682626224383442,0.814165457160138,-1.1465253740612,-1.27191583172699,-1.06636777888039,-0.600351815539287,-0.892755425898362,0.743475444907148,-0.6578411640118,-0.282360824332704
-1.14014941492701,-0.46217601335568,0.707459709157317,1.94176983805286,2.12449258424278,0.734309639282198,-0.074629541312003,1.84407406583813,0.249094605468791,-2.1304998255624
-0.750987819348001,0.446961855944481,1.5859114517357,-1.15054007959217,-0.51638354738203,-0.465009626859557,-0.737047696942393,0.429917032520492,-0.820202347740806,0.124258188468099
-1.19373347865531,-0.256821818808915,1.43726613220423,0.542598819299404,0.00150920114106914,-0.308538799883274,-0.213094206213415,0.564543751423389,0.214878960225826,-1.03899189576778
0.662597572200434,0.471576848569009,-0.017061908318446,1.29557611803864,0.118453382480831,2.38818044684242,-0.149457642841226,-1.69371096066927,-0.0173382123497759,2.27618431319085
-1.04988805454967,0.687784298469944,0.909530514307698,0.626617844083588,0.374410499404177,-2.33447821332393,0.373218058913107,0.0670168584351634,-0.790619446468452,1.14745367646969
-1.5285126568079,1.45137551507959,0.399673280489155,0.437946662506541,-1.59851721630422,-0.899308015644313,0.385084892281874,-0.211700522928754,1.30972462711643,0.508411976404667
-1.7426717046737,-0.510235392416095,-0.432092715642899,-1.01584812157088,1.05422531918399,0.552957105078263,0.15142208148799,-1.33380519134996,0.619740148539411,2.69842729605777
-1.83265063861422,-0.241397917469576,-1.9121687849153,-0.380526108811514,0.0246763367951558,-0.286131607518708,-1.22201155440796,1.77313533074703,1.27254344040729,-1.37612015949501
-0.753066665182977,0.0955632913355872,-0.182829094412886,1.99898960698287,-0.0721355261921743,-0.0366981206349729,-0.695893974797271,-0.371206564928171,-1.51170610307739,-0.391629746794742
-0.18306364292156,-0.767779465529222,0.199521945082412,0.587438877180469,-0.453762915797237,1.26694376823969,0.104954691763061,-1.26139629519107,-1.66258995362093,0.816388965648887
-1.47970561271618,0.298330777906836,-0.205712088191114,-0.441565351405954,-0.352186241460533,0.14951299665706,-1.29356414925971,0.185007604972395,-0.276791446683581,0.539368380857216
-0.147450721147415,-0.396395367032813,-0.262615970723096,0.0366481626815036,0.963905999924991,1.07014976382257,-0.664864671939386,1.48452800544434,0.608289209457566,0.741870301590489
0.247354725637061,1.54881114990225,0.188893250294653,-1.12954992730787,-1.58709949202029,-0.753798462144684,0.102087868094336,-1.38600059801118,0.536930295371291,-1.10360845510311
0.6738304461945,-0.274524261428136,-0.294582483223173,-1.07074062923734,-0.0821878739200515,-0.249401680824169,-0.899135816870312,0.879678415388404,0.546220475707155,2.7176806653778
0.0706837313834652,0.353575083753581,-0.912413869684184,-0.508227333598563,0.0526874546447025,-1.60047643474003,-0.709535691777193,1.2529319160679,0.686869429571005,0.00134294444476327
-0.966624594765305,0.926843398390234,-0.305879770976582,1.85345215727074,-0.161740160732779,-0.0586273551253907,1.38653060568188,1.02822570718609,0.403244185718547,-0.149538528569718
0.153647977601019,-0.551688203926693,-0.575385794422959,-0.0792786881376464,-2.60767770281643,-0.295359254234971,1.39643369515736,-0.70092836571057,0.562241223538008,-0.433297026792606
-1.60532054771089,0.746225035530942,0.860592387450455,1.58158020436553,0.290210923836558,1.85855826279905,-0.495758859470401,0.497528589534076,0.990566648685887,-0.997812795168214
0.677404423687792,-0.394665859467397,-1.42552160514851,-1.61937795512019,1.97819874000306,-1.17437134302779,0.168598914025077,1.24486384336532,0.657541633998747,-0.509378787057326
0.873865925194894,-0.581393357904401,0.0203429984909967,0.484917256589637,1.26732005778659,-0.669839477771767,-1.52462247592997,-1.11950513292973,-1.25878362761813,-1.82793357898424
0.290341557402986,-1.50082531609855,0.436524522411255,0.0224560245509119,0.324336321501417,1.44589668984441,0.571387186229194,-0.773700255123045,-0.0662538696592922,1.10710717777923
0.141733047897662,-0.325361801082362,0.59774173787887,0.42483118501496,1.75169274326136,0.370220780571017,0.646362159424915,0.410229232643932,0.373515532142786,0.412619617986179
-0.384516433361064,0.35730262803043,-1.40339949961483,1.7702808530745,0.764091761506041,0.455023789363891,-1.93417115982839,-0.296260709743187,-0.406871694502667,-0.487228497968738
0.660603426118936,0.0390154663742072,-1.73563672280216,0.860508792420375,-0.649390404256563,0.201397810465453,-0.0712795208036772,-0.681725710832994,0.163283879944755,-0.320370437113918
0.235960606202476,-0.332637805848889,0.851278290162277,-0.577142688677076,-0.0621072126413188,1.18964124154602,-0.66350814569972,0.433941816341892,-1.21412068675312,0.0525255915628669
-0.614895125375277,-0.296254666810564,-1.37827829019419,-0.553992672172105,1.18979575371477,-0.248559137287286,-1.85951820786126,-0.855278782545214,-0.386989944892539,-0.868956574447234
0.943307217346517,-1.21536611056562,-2.38402602426588,2.09950240127307,-0.218692836966278,1.13576033956081,-2.48747520248045,0.552378357940454,1.45966492201097,-0.361257106757397
0.405657155956333,-0.7185699338659,0.479576612718223,-0.497968044875355,0.798982269325386,-1.14048382703778,-0.21091408836769,0.855880231234636,-0.945121671032808,0.8279166188471
0.31323013905963,-1.38656929102138,-1.0449630994111,0.0974390916953834,-0.934161505918034,-1.387655736361,1.58376019893807,-0.816619271717257,-0.595924385891417,0.512765262360159
0.0668647599794899,-0.332700762296398,-0.526592354152473,0.90769914778322,-0.0575574080771717,0.732048202844156,-1.12140450490645,0.331239294708783,1.05663240576707,-0.50574923659839
1.87141025917217,-1.0020095726689,-1.43386683439779,-0.441732877833817,0.563990329122198,0.268375383778573,-0.3740626107593,-0.210580919114625,1.12698769890714,-0.526935263920994
0.570143904798326,-1.50432447627778,0.684745136158071,-1.70779041005064,1.69090540315738,1.77075722066026,-1.72140371212477,-0.806264571836971,0.453741865192386,0.0437781046617621
1.28705979174944,0.431077195743237,0.0875836537964186,-0.912576446000591,-0.900228766868038,-2.17732428841497,0.64769418271437,-0.331563221305026,-0.397435946761327,-1.82713154301023
-0.631124641245072,0.84201474714762,-0.115640657924797,-0.492666746662042,-2.00851046284114,-0.131848375910291,0.248837432468514,0.749759633194077,0.504966153126845,-0.104234797662745
-0.437057670995189,-1.14445759569903,1.05590195811495,0.157848904117575,0.39320251257636,0.577359071168353,1.21861656772246,-0.642626463216454,0.363753641094595,0.142462625558895
0.080337474910165,-0.032685994850067,0.00499805014143627,-1.53912134733119,-0.331156439028728,0.618466306300416,-2.35159785006196,-1.96310627683678,-0.396738504295498,-0.386588143483371
0.00830613377198014,0.183535005888817,1.21979351098615,-1.66748501933105,1.08265159085294,-0.997981090081842,-0.19638651463748,-0.0426200034034597,-0.120794327550256,-0.775285777577575
0.357419248807621,0.647613327282904,0.383432466044112,-0.321587183130723,1.13674586293224,-1.57594472831191,0.943623017786231,-0.117862717816808,0.501805699016011,0.661428866164585
0.117991402117097,-0.934772306551627,-0.702304880698235,0.192489129631579,1.60359379150776,0.845567369846035,-0.788928140350438,0.426256155527845,0.229087964851873,-1.13429533387543
-0.333774997714175,-0.784796412009951,1.0703651998052,-0.948356354153222,1.61845864298465,0.570220738019543,-1.65075295966105,-0.895934920858748,-0.256915514214804,0.470641224161157
0.17804957909431,-0.822982870940025,-1.17353066981077,-0.842909245494608,2.51537392218352,-0.328978181153173,-0.25283207342184,0.303378731020199,-0.492825142725861,0.308634551785516
-2.07527668663864,0.335641535582331,0.0484779887946952,-0.89654765772611,0.167647559615346,-1.57945941486564,0.297201405864121,1.23144370853178,0.215225214210596,-0.076904161573847
-0.0688692495019523,1.87031414174136,-1.58438166921696,-0.63046243632103,-0.435502612195478,1.4218286094359,0.189508753008004,-2.25858632687126,0.496151623820854,-1.26822408163547
0.128273386289669,-0.369325303263803,-0.190552365047642,-1.38071092614758,-1.32052873702594,-0.905641763124026,0.453661633965729,0.63915229744121,0.711303642633328,-0.131692654355086
1.66100237134552,1.56431544075341,1.22840212843102,-0.693176094999247,-1.72068662266144,-0.230061345316892,0.533060356948252,1.98607943322748,-1.46943410250844,-0.267023532571316
-0.0749697805189585,0.197603015728755,0.263464448572511,0.190695528701288,-0.372291440926657,-0.298628230649425,1.62763772163762,0.154209251381004,-2.46610703668376,0.25243079119463
0.207269452507858,0.356845817817303,0.00493188521794469,-0.241184865095308,0.524171475770885,1.13440078600286,-0.0279424838200595,-0.613463248322512,-1.52967033318803,-0.89186236009494
-0.16329088233069,-0.404345549262855,0.764905514485289,-1.45482736003581,0.104317049599903,0.0050901937596208,0.242608814281304,0.744489929953169,-1.0863641263336,0.977240667636141
-0.849063970905468,0.857861994108122,0.460976908199955,-0.770784496532278,-2.24957677347094,-1.83520140814355,-1.83200044957742,1.34151600542565,-0.0700313038022744,-0.690967527102792
-0.712396355969272,0.360791609115619,-2.12723537558332,-0.683798603042863,0.619528099302969,2.09260047124912,0.790939983120878,0.306531705939817,-0.0502006144431445,-0.834161088499752
-0.749215024595003,0.125362865123339,-0.146797472001787,0.564199846557191,0.227504523985662,0.400081732211768,0.632389011895388,0.253802245780904,-0.716189975912266,-1.40100654933247
-1.12546824423624,0.328541432964351,-0.552138834657553,0.659164642917121,0.474373582683244,0.622413730940334,0.842958490243305,0.395861663741534,1.43361501836894,-0.112861454102315
0.537051234711704,0.618233313002707,-0.0871689687452735,0.289169684633513,1.34743479969842,1.12845714178181,-0.950394110091433,1.53258322175578,-0.209178896641702,1.24725658823327
0.935886446883878,-1.21306436296137,-0.383601779351147,0.698906816110903,1.15862640594028,0.731982639083052,2.61464033266342,1.64072717256016,-0.0232431050289653,-0.930124970885345
-0.582190591448484,-1.03505869794236,0.51550072665741,0.120510974202936,-0.681926059525167,-0.455179898051124,0.365840284691484,-0.222712426396488,0.546250635399064,-1.91377616307842
0.319684931411631,0.934557654416912,-0.186303583098626,-0.425077181527025,-0.993073756834387,-0.140881747971982,0.324477430351111,-1.30537356053742,-0.500429025693028,0.161178671011715
-1.33230492824714,0.70922299403783,0.352931500950483,0.648120399292741,0.612414877490572,-0.626738540804373,-1.26973662508197,-1.79420011546549,-0.861057246167241,1.87925357337961
-1.33682986444106,-0.296796969663919,-0.467790874772076,-0.55887434900592,-1.22598228342413,1.40469779675931,-0.511332500755087,-1.04780836447807,-0.981074276958805,1.11643809235631
0.509911254129511,-1.52072196824142,1.78570996636601,-1.82306360885937,0.693071861348156,0.497532888396406,-1.56639739051572,0.577767492205892,0.71991607290661,-0.948636902944692
0.062675486611243,-0.0786450186493155,-0.290070222988823,-0.017265409937933,1.24400119058072,-1.49519270196541,-1.48554671766586,-1.78902579275588,-0.431862875132579,-0.658067965733272
0.748970406354655,-1.10220886204912,-0.538574759699268,0.0687772819628884,0.325685774641606,1.19461318715915,0.0699001177558335,-1.51676139945998,-0.155570180773428,0.39288224215966
0.642135807960071,-0.00997510496517809,-0.0569606969607758,-0.181487889068882,-0.523709604424796,-0.475036607521817,0.497567925558091,-1.04061585921106,1.92444591930492,1.10688271572173
-1.2354757260626,0.856964967659465,-0.333050438206004,1.64567294442431,-0.73530035184855,1.1683574030972,1.07659080521561,-1.22016337987137,-0.162165015150396,-0.993569763998035
0.43516672432578,1.0781480740804,-0.626268710110774,-0.0950120680332312,-0.326091926399131,0.430519789113574,0.808558264300621,-0.803407686623112,0.174780524535474,-0.670978355596641
0.929244932638483,0.285028022843667,0.505535825191396,-0.960151256839275,-1.2268683269431,1.14216719414379,1.00746803783837,-1.01573314101681,-1.54283958946066,1.15694731121404
-0.685012887523955,-1.07171510091245,-1.87664629252543,1.55840731904313,1.67447686719831,2.64321935684436,1.13732368928267,-1.1737782029077,1.01566132888143,0.257617251654866
1.2570350672321,-0.445027940020632,0.836565477059361,-2.16395305176557,-1.00545809557656,0.965320485959677,1.40991270519039,0.418574110309978,-0.965203227310094,0.875549572591839
-0.678324336343774,2.95150229208071,-1.16145468459291,0.700248360948906,-0.152902466334276,-0.864126812566853,-1.34661923566935,-2.042246063863,-0.221552017924904,0.752906772419775
0.562300221307101,0.5762283661532,-0.974383438912719,-0.504114353060224,-1.05335154136575,-1.5841055043118,1.46143409843238,-1.71047978664717,-1.42987754208115,0.847533416926836
0.0598213370126208,0.346091986402557,-2.69314665855522,2.38199597834778,-0.137706441556287,-0.650647208033725,0.0550220151392438,-1.31647895718339,0.403852336311027,-0.287507734396588
-0.519536874472031,-0.450438405079924,-0.136410747997352,-1.64911004605512,1.76169825553632,-1.28046921723888,-0.130490962316079,0.142712402412161,2.31394261092744,1.18188283248983
-0.00773464319392643,-0.380702467823683,0.420354297879135,-1.42379199421792,-0.660923010135979,-0.250409652342782,1.11311688446486,1.880054872598,1.58399855966346,0.0892841938130087
-0.278582345721778,-0.80275442115697,0.220682904710862,0.567197555474583,0.0957117840943984,-0.817239066765213,-0.69121261928765,-0.360325620092635,-0.473020576606094,1.11973088481939
0.266164536931176,-0.617692769009964,0.596516786307365,1.65393351311794,0.248380325590361,-0.653963051803307,0.470200282693304,-0.249559323535649,0.457781474116124,-0.433885933348457
0.169333752803709,1.06722976345933,-1.32596303454277,-1.28305627138635,0.169237371545401,-2.3672993137557,0.442859214496305,-0.678806052137034,-0.927789753256755,-1.10452478317831
1.10830165780266,-1.61031178107908,1.85578350792113,-0.171845780809571,2.26455530757559,-0.601631222543825,1.58898902681696,0.354333326504185,-1.19068094067637,-0.441696472731106
-1.61147549014328,0.280584015998556,-1.07044053455408,1.19896916206764,1.04296846808824,-0.0756614099252588,-1.46363262269616,-1.06261566444822,-0.449621150225254,-0.109085041884537
1.25951229702977,-1.40393272111551,0.409270686867996,0.656979100718491,-0.726354405495619,0.288086635337713,-2.25886251210486,2.03051610434379,0.157674297093051,0.224705155917533
1.21776004251393,-1.53173547703755,0.12647727924118,0.545137299959934,-1.51207648518459,-0.658579182988549,0.64024916467304,1.28829562884116,0.69260203597567,1.13614846905531
0.206345294260155,-0.584361354145469,0.763602603975522,-0.486221426449217,-1.30202034731286,-0.507597516923107,-0.0352167991359777,-1.15999169573253,-0.0198635382641663,-1.51473189237109
0.320113939141044,0.794925557353229,-0.0409976177688486,-0.595282820526681,-0.753388058403304,-0.417364903421334,-1.42352156003449,-0.274704071714189,0.494498897402971,0.208649991527434
0.744384305096957,-1.22430154047488,2.04616457810307,-0.701597875561509,0.929928036336891,-0.425877137128591,0.0198001755004056,1.14818897232852,1.77478515165332,-1.368735371841
-0.605924134246926,0.195532285208536,2.18827640926537,-0.550869389032886,0.405211738994016,0.0308290591387714,0.562733735855896,-0.939458646821283,-0.685950514383086,-1.45641407748164
1.71477274993429,1.59859472904943,-0.915054118761038,0.172006736391489,-0.732446376128532,-0.270289472595677,0.914060275306171,1.14312638127867,0.0474988917618241,1.27718034477809
0.715320333612559,-1.02528940723122,0.105570587284708,0.377490730804478,-1.42271879207592,-1.14919161605817,1.06062422733575,1.56748768313205,-0.0317385004685086,-0.338461700411564
0.372630202984515,-1.01163236522001,-0.263904860200235,-1.55350281740047,0.306568776166325,1.34873988039131,-0.493091306582517,-0.675100993799837,-0.246663211924574,-0.432609008116447
-0.320112042090733,-1.01081172027464,1.90998600589059,-3.55008166377637,1.19379396456437,-0.54758031095714,-0.31416725990199,-0.446280416248048,0.0260029887318843,-1.21104034033492
1.73139517803988,-0.0823121873534151,-1.81587159320115,-0.382752118120723,0.0287706480839146,-1.21415804660262,-0.161321122522142,-0.0776697295409428,-0.7407874967839,-0.315226750497054
0.92413035214454,-1.32433355014268,0.790756746375942,-0.6308913807279,1.09326560617466,-1.32110105381567,0.561691561872094,1.30463338252519,1.63390102578181,0.141945676847299
0.0562741046951346,-1.6925954886193,-0.139151109534067,0.341225049770536,0.192730891016692,-0.448145726639567,0.734914966818626,0.703987863626622,0.0312947066518683,0.304687013484067
-0.236814187139847,1.30597787858628,-0.513943281455469,-1.62516283932684,-0.720859503134912,-1.56913841063844,0.727046871213896,0.50044435074588,-0.0982850907129076,2.30013373173837
-0.923790932785052,0.330704966361067,0.830931130540636,0.240157778936287,-0.435850032592716,-0.256792654674542,-0.0826803017331218,-1.35272420954171,-0.393904511952784,0.39195707473689
-0.751809614909531,0.288212898501468,-0.149395396706132,0.559326683610147,-1.59875159611675,1.33283901699306,0.885354574246928,-2.63331894358347,-1.07638357950655,-1.08865030156128
0.16151580456503,-0.0921753984840108,-0.28602541020951,0.504294745949337,0.367634744060749,0.0658386668757472,-0.185880887853958,0.0251853957512434,1.81175811240932,0.176956797296035
1.02478978188041,-0.429403407712779,-0.245649392097034,0.773722615101606,-0.109430700852382,-1.55597972724427,1.38213769622085,-1.9468769574369,-1.49356680041149,0.969888752765245
-0.477731602260419,0.703295920200903,-0.704634604502648,-0.90841600717147,1.02019086965458,0.766519390315454,0.65320662230102,-0.484551419872343,0.27898826261934,1.06131444975887
1.05870352604277,0.50706333322374,-0.984494167429049,0.323088966733933,0.922646361366358,0.526714796057783,-0.563292849370064,1.05136198031738,-0.870310464607854,-2.19484238306351
0.973040428923389,1.37614398580071,1.3388742980987,0.83761543590464,-0.272594501616321,1.00980388311033,-0.264881737009586,0.888153135708169,-0.346766491572821,-0.622169349183745
-0.0091176315692997,-1.41826036180119,1.41568757508952,-0.193206526552762,1.78260945948795,-0.528101329831428,-0.463432996999753,-0.560921586880706,0.0539300037472201,-1.47618593686072
1.04880100114881,0.419959188018002,-0.051916140576413,0.913677344702649,-1.5295590641443,2.13136908121714,1.39216148444309,-1.11713825871222,-0.720560734367895,1.28952351356329
-0.170491189203569,0.684378550882424,-0.938710289127408,1.01238627916134,-1.30634682841197,0.173664206345885,-0.971527639390672,-1.48423804193807,-0.314874517480476,0.762198767975167
-0.154885386016205,-0.774003670652272,1.53040182726592,-0.582000504487051,-0.183107428550166,0.527077652074795,1.2443510218082,0.235192531187118,-1.62105698199502,0.120694246529518
-1.75929728593765,0.0935158826729949,-0.456476989298335,0.152920396758474,0.132552026719233,2.26379402706071,-0.378304731750573,0.211806050868435,-0.978007498301865,-0.0801940620928678
-1.08168183914645,1.21435443706854,-0.900065176220212,-0.253372602211989,-1.18461160381157,-0.130772229447115,0.361806119768226,0.598420484484629,-0.0550027599875115,-0.0714179793485023
0.642388453670707,-2.13268315531737,-0.134076312769544,-0.00691429589584312,-0.32365236674664,0.105320437718191,0.494983984287743,1.44472055425792,-0.845729883650768,0.441460276347692
0.493188477554821,2.03059283164719,-1.91995569633028,-1.88593674293982,-0.58755564014457,1.39216476218273,1.69037892090728,0.939031239035988,-0.721997880892346,-0.769234726165204
-1.22693183036508,0.188334414414123,0.70538159189658,0.55949014623167,-1.57072129821441,-0.548659234466871,1.2174406226353,-1.10343225765951,-0.146668386975536,-1.0865873982401
1.0536462024924,0.134341459641387,-2.03276437111392,1.02951042265391,-1.0360506091716,-0.988339915740767,0.9258654900874,1.15430827327887,-1.85426935490459,-1.24760777824408
-1.48512353851052,-0.200207175604775,0.135422785171334,0.724548353977666,-1.58584167117896,1.81043735065457,1.11543715927112,0.528486166804351,-0.512494259624106,-0.578560063138124
-1.00411431730452,-0.90368730929657,-0.40893941495027,-0.754351268319339,0.0666891477628771,-1.11765749415029,0.0289314479786346,2.5296215767393,0.205594437268273,-0.817909084276487
-1.53777848781788,0.198443916095787,-0.183341993966871,-0.0559260954401217,-0.704173870808209,-1.14014698237417,-0.444635973243869,-0.134067242033181,-0.109898038070224,0.871429615843092
1.28601881311573,-0.480604620820122,0.539736111984044,1.81987780524924,1.1823420497511,0.812972660114402,-1.10996078018431,-0.600605987907059,0.400026490990467,0.0448694364917304
-0.419614298327344,-0.0836172013934495,-0.277417667433388,1.13463252132828,-0.118214161189955,1.39654709994604,-0.171977109955977,0.391317755389122,0.327085000691927,0.59901596162691
0.938701008944708,0.63849707174893,-0.781761282571855,-0.00385228833278338,-0.134334332317615,-0.426854013903449,0.116277544442018,-0.681770704573601,0.496116454587613,-0.778778702307869
-0.986274965103766,-0.212404147159492,-0.0271527528361752,0.931503711587629,-0.884045619860039,2.96600208197962,-1.29265896251862,1.66967431670128,-0.509763546773942,-0.37398917280426
-1.21820030110057,-1.55955429946084,-0.00985561330682776,0.784664121475703,0.130015632820881,-0.844547884449599,-0.197603737870677,0.129475189914158,1.32167989244293,0.25786177181376
-0.0823035028548761,0.158636507238579,-0.116083242143985,1.08485535649015,-0.959586118987515,1.73304791692738,-2.04779235802648,0.921688402108468,0.423944929546323,0.470877533135564
-0.775282015890649,-0.265200920681294,0.839420114851772,0.539354878809535,0.93575038379643,-0.458527218109194,2.33282665292483,-0.056733970487555,-0.625418859989024,-0.224132200833385
0.252625345390939,-0.716958173382544,1.4891827723754,-0.441934569453681,0.909614578289173,1.55131992314062,-0.931752985529755,-0.541909048809031,-0.868881059313388,-0.592021351506632
0.454604908806727,2.2366058030424,0.880544671981096,0.309180464228283,-1.0797655077274,0.536481282869369,0.515334551125316,-0.0454913204968435,0.351590812802844,-1.51210119405945
-0.413391120958105,-1.15432158686293,2.21833614430274,-0.655671142656783,-0.395799247804019,-1.32542337697023,-0.252134303652565,-0.912650701772387,0.63918741529849,1.26098081622065
0.733799259402139,1.07866635938288,1.00805042338971,0.144223641355383,-0.102304843822152,-0.85617283387058,1.6882370222159,-0.466579065731691,2.1010262184394,-1.29589945509793
-0.970337362649914,0.386530707910562,-1.21989032007225,0.413021947056214,-0.587735757891563,0.241475126380808,0.675226462924738,-1.1643370452673,-0.129576504775076,0.431918006112808
0.52110177590162,0.226324476414262,2.06568789017408,-0.0575337300767879,1.07896666650712,0.759198287849467,-0.957503792919749,-0.638652160356643,0.374459176021689,-0.215407426740166
-0.632628153713623,1.95113943400767,-1.75195412641569,0.497489424372898,0.0758703685759107,-1.13117172594085,-1.30356694969321,-0.837888651599876,-0.159990582619676,-0.840720174169863
-0.0863062542012116,-0.420608020401707,0.815192802464712,0.876149573124478,-1.21966241496566,-2.29294251495635,0.568250189598909,-1.78303977277182,-0.321692331993906,-0.709906584790315
-0.709451493019207,0.0167519912741655,1.66991741144256,0.39012289563358,0.920301175868253,0.64933447042238,0.0665924453418293,-0.352130879567348,-0.282522289087889,1.81011967780449
-1.63289012361458,0.442465301320362,0.359251142985722,-0.942702866544021,-0.159229161090622,-0.0169494667337946,-0.306373691387229,-1.39374881318541,2.09847428613257,0.491834903975544
0.561105392417628,0.812257987659873,-0.805076812004862,-1.69786329479993,-0.0594004032895363,0.428266154657973,0.8574790838545,-0.673849518552315,0.402073124909363,-0.17999488212305
0.669116465200473,-0.314134275924965,-0.116005703350718,1.21123021479963,-0.783218579560936,-0.00421164366036767,0.0157961086035284,0.504583828983823,0.9853927128488,-0.760716354055026
0.375583609279032,1.31626377311295,-0.5847374438641,2.04017271998552,-0.837473897515784,-0.226474531354753,-1.2159536070121,-0.17841688372914,-0.388935881156304,-0.207647690209522
-0.0331135235657517,-1.08106038457065,1.66697441102426,0.0126278443306965,0.259347918323545,0.26538398049103,0.298243741657441,-0.0259888051517205,-0.2839101080918,-0.426470912260335
0.254115635110675,1.76566057465686,0.758608433099022,0.623267313120259,-0.0855883134263303,-0.795363579347367,-0.602945416697016,-0.530209726236844,0.835611175309284,2.46148512888118
-1.17214792625479,0.728173207170555,0.290254902872925,1.28411988284577,0.423205518941946,-0.491393888903359,-1.84517139105911,-0.183991224890742,-0.762350962983243,-0.706663265342009
0.904019388923209,1.65342501828227,0.139234736353374,-1.15136266034824,-0.638582364913191,-0.234820235362329,0.10695799018193,-0.54623438777951,-0.938728150588977,-0.472005052429437
1.48474032758964,0.59079754131204,-1.17786690715514,-0.857875810491118,-2.97318275873545,-1.35640868457102,-0.54461418387624,-1.2585880459266,-0.257807925337506,-0.0852409338022253
0.52754619868881,-1.17663405515807,-0.407122531231289,-1.19280328083871,-0.218306876663915,-0.654759814994098,-1.53044764167477,-0.200637358359918,-0.871148087171634,1.00969016864038
0.744796107046321,-1.81254046822063,-0.80932139802874,-0.877776067674433,1.87534715773142,-0.0584191790319162,-1.3121065673545,-1.20390566310657,0.280940432272757,1.54776182528456
-0.0613082945316453,-0.529399162144421,0.104560621922422,-0.757942822637073,-1.23232478804724,1.54991487253773,2.64090813873002,0.0287078882316185,-1.05061698576905,1.04066271248908
0.988648512839871,-2.4686218405249,1.07958355178146,-1.30769574581598,1.7376295793272,-1.18462111263191,-1.14632370783456,-0.893379052662173,-0.558264924396137,-0.507743389522112
-0.207002257977214,0.326256734114703,1.49482251013955,0.00769875040111861,-0.246805376922468,0.466696529068722,-0.545068148305726,0.499180966294409,0.0228353615042329,0.296137496234291
0.724222518649406,-0.239808201125428,0.966413406893381,-0.305976546113634,0.551375361664387,0.216491518920548,0.346568853709416,-0.12785290122376,-1.17835992880221,-0.82949318162958
0.313129766870348,-0.332272416904215,0.463092192704433,1.06283622991562,1.56645717733957,-0.15759873424452,1.45638182272734,-0.62123871612724,1.28809653353903,0.497726458838721
-0.885786234492985,1.00717104324335,0.979120544634363,-1.07588691552169,-0.273553723940679,0.16639639531221,0.292600351912609,1.16989923085908,0.578683496397773,0.553678612102298
-1.18229892297926,-0.362688857153667,-0.263714228131374,-0.0775589456465658,-0.455937107004598,0.450624969902001,-1.53291656682526,0.912888238001543,-0.264286493911666,-0.895522392310025
-0.872689840458484,-0.609425101192013,0.0466162698157817,-1.4343572543902,-1.93988295413199,0.923145452355859,-0.556811290505275,1.61329712776911,-2.69368963476549,0.122785035811097
-1.43106855641402,1.12011279491111,0.387441692602995,0.0492548657278308,0.0951614106858052,-0.780382558831047,0.525765614466609,-0.141240983010003,-0.689054926372701,1.12192890169999
-0.0348815013032319,-1.31020172957492,1.51809434698251,-0.508215524187131,-0.109728442366134,-1.01100744709143,-1.65688560734851,0.352794346843609,-1.11577748428973,-0.255202036476832
0.24914479876534,-0.86424356882495,1.78774177650352,1.85843421142539,0.0178633590220056,0.355337863718099,1.41734037659983,2.42295179745621,1.39306994208545,1.02912739006321
1.06374928753865,0.504486620919469,0.681445327225705,-0.663892684780084,-1.59056900720931,0.467985123304902,-0.105801918680848,0.405744378095453,-0.134610194857612,-0.461499849571508
-0.331627161485902,-0.973259667609959,0.0734144436378795,1.15574399426252,-1.16718948425882,0.632299483976474,0.500871751866732,0.381894310923857,0.267665523189441,-0.195700306163939
0.9155492650935,0.70175502285748,-0.335078584860389,-1.02698364694794,-0.727236221535088,0.987478418779692,2.61107349958334,-0.0557673878808638,-0.0351831084769668,0.473339176788722
-0.798247867127793,-0.541401856059533,-0.339914904581342,0.123732740000268,-1.48980999010105,0.585648761492077,-0.888223540794694,-0.221763816149949,-0.526315217065014,-1.56736397364824
-0.439208994743094,1.32816655688333,-0.883348233133293,-0.0640931696217833,-1.46991007329319,-1.62240456259739,0.339568598325263,-1.66239093912032,0.41192921162903,1.90134594819375
0.93916551820967,0.10503461255304,-0.492283670154373,-0.905680463842174,1.49604169033135,0.195007153894259,1.3052925551118,0.0557525775420862,-0.0602115528607337,-0.116554200696434
-0.364393832313265,1.22461951955889,-0.385564081243127,1.02341935199451,1.11899491269036,-0.368525109378818,-0.15389056922341,-2.17217369108376,-0.729415608606617,0.513667865149286
-1.84093913029014,-1.02117283087514,0.180512419693421,0.494227995401074,0.995754843192198,0.237232040343874,-1.73504525186054,0.210915221236018,1.24616386485385,-1.53130076609032
1.83016647240634,0.300489347103792,0.298769939702814,0.366101516066044,1.2104035734104,-0.78384321555925,-1.30586502966467,0.795942194082633,-0.175996489651051,-0.236558012405416
-1.39983454062937,1.0126837354283,-0.0717689770458861,-1.55777318609506,-0.057382052661026,0.0222106668163554,0.747963125456648,-1.28840112676028,1.2030227645549,-0.8314729666664
-1.20454084624351,1.05570628237598,1.51960458761909,1.09116050369678,0.385678429487089,-0.230124647504007,-0.610173995556253,1.0464116372027,-0.1478600201693,-1.55325380095722
-1.78122090842002,1.27525863626332,0.705251323928343,0.549634048172307,0.845819580174662,1.36648258838343,1.62627215336038,-0.443280402658832,0.32726463004951,0.288644632991862
-0.261544832526276,2.44693821371497,-1.15641872257632,-0.160291359144924,-0.668217655320758,0.758424936540568,-0.866898423394556,0.521817330236182,0.248577336838496,-0.409775912034975
-0.0802629762480793,1.30621098490266,-1.26192760350386,1.65548515701752,-0.624098379857271,-0.481497261176375,-0.587705676294987,-0.237484526804607,0.387763562856579,-1.24864917432779
-0.409817585043413,0.645489141563057,0.580974362546644,0.187772204043771,-1.6227521620364,-0.994375371384206,-1.56669863529513,-0.891345770119388,0.732893765615605,-0.633566226783363
1.05618215287135,-0.952281346959684,-0.816995231114959,0.932558963458922,0.04943213771715,-0.355334116382924,0.166645362708957,-0.0465577549929154,0.594346972426225,-1.16415854270089
1.3000691417419,-0.885387972001407,0.229712975169352,0.26204882466265,-1.01540856807371,-0.218356772209432,-0.203462106770636,0.160693653928018,1.12201255943792,-1.17295362024681
-1.39265233827125,0.459841232768676,-0.111548374554324,1.13820843842532,0.133181339221945,-0.690964759038942,1.40325991382504,-0.59847117398911,1.31259189719377,1.51215693673295
-1.63347078556288,0.710303245666132,-0.562892931036141,0.301937906516216,-0.338487909170936,2.01097893061192,0.142498538858995,0.268458985854468,0.943932375586168,-0.156753383024254
0.757842247901147,0.219632274665665,2.16426563241982,0.71784989690473,1.11186548288311,0.335809670939775,1.05168402028298,0.0790164381915965,1.58677708018568,-0.994223166291737
0.772390724111164,-0.841520758892473,1.40460774636722,-0.315509964747456,-0.189313983532029,0.611748330402995,-1.24217957313309,-1.745305460929,0.776391588096714,-0.567493999973402
-0.191600462244995,0.653534275758819,-0.49909479820588,-0.0311816055876039,-1.36314709718386,0.655386537256293,-0.880262350570212,0.454068892867795,0.615486510569854,0.324892983602564
0.0470254745476628,0.72693554865544,-2.21655380580418,0.996764331716402,1.06371756630795,0.856562743226051,0.0901216117103169,0.621335497129294,0.0615809413591345,-0.862340708746695
-0.726013662884746,-0.935323963309554,1.9196566017739,-2.13836174369488,-0.746829762296407,-0.781340607933668,-0.581215275856281,0.565698958618964,-0.0457672773100994,0.714922835900312
-0.389070513347367,0.207464602430361,1.04557486537292,1.11644746142386,0.0120569146501401,0.228471271672638,0.655400566462091,0.581456604405896,-0.801066117088967,0.171643952795598
-0.178072202392242,1.3830740026507,-0.935671163332416,-1.64759002333821,-0.389752318557778,0.62247110053985,-0.178183704243147,1.54531974026949,-1.51426065935951,-2.15877072045398
0.303373822152045,0.361274159201223,-0.251743812323095,-0.568396026833022,-2.13859662623585,-0.945963536668952,-1.50823000036949,0.481140761916989,-0.705159771305943,-0.673768949378623
0.6636177791508,0.738265634694427,-0.42235002575713,1.47476220089242,-0.0977120661446261,0.823506073552721,-0.245169712751934,-1.06774203705055,-0.769561284891365,1.2087510262486
1.27103079246978,-0.280246399173758,0.413579115015446,-1.37435417306187,-0.755723859343334,-1.39968761072245,-0.956943698321652,-1.04265617985098,0.666683406920473,1.88745682368908
0.943537564619335,-1.09463368182225,0.208854690528653,0.505247417715156,0.225148363863993,-0.468263696613134,0.905253876504666,0.68583141224737,-2.57914719457758,-1.0338583124069
-1.15661261070365,-0.767075903238745,1.00121355894941,-0.621722174183699,1.70148904667934,0.365247021566884,0.755859656246433,2.71606980075108,0.725488663624655,-1.20371342820282
0.934030551238866,0.906818583304238,-1.45383298461182,0.177376332201431,-1.2212554668734,-0.952614818572566,0.730979256891444,-0.987809656653187,-0.251955811000141,1.08376831057631
-0.376739307672217,-0.0666039564033077,-0.491498991147069,0.0206496616764565,-0.272152447305126,-1.00913127290745,-0.26362180724136,-0.688831403094636,-0.58419187115423,0.498887241095737
0.507512404324288,-1.14633538989298,0.137749555574832,-0.459531902570903,0.970147340073656,-1.72029390540152,0.831943082264802,1.34222666774729,-0.906001007059498,0.0182554460473926
-0.39841131897325,-0.271941406542713,0.740231190916467,-0.389177568114057,-0.467820045017214,0.544531002924476,0.655909613509629,-0.242316124034379,-0.466458542290469,0.866323534223271
0.233714071295827,-1.93331594183013,-0.46019892142416,1.22613493886505,1.77196481623231,-0.522191890757729,-1.24644503392168,1.09254331503161,0.260398953085395,2.04575747930798
1.81016987600642,-2.5477103394797,0.352044807237199,-1.09555894544302,0.787417675621866,0.37412711880674,0.418977057116057,2.80300534097684,-3.30632285749494,-0.87152308421152
-1.86990309098867,0.552464775091099,0.0515291237982497,-1.04655965830006,0.904549413652513,1.47472013087612,-0.299499821790966,0.500406619531387,0.243522875088908,-0.52705754104621
0.701912780709922,-1.43294523745172,0.463174626803831,0.944943657784602,0.7230053050412,-1.85534358367997,-0.263091715347167,-2.01331118133765,0.00804595919870433,0.172061575917673
-1.1487770686259,0.0897469887587963,0.939739363776083,-0.268293683048327,-1.29751150776379,-1.4256492351165,0.168036611157334,0.169201986507575,-1.32967805400186,0.499148090222355
-1.0602449976223,0.781516146843654,-0.758049550864547,-2.3469045836761,0.385003861983096,1.62699164244586,-0.631061342840528,0.118490860179436,0.86405385170257,0.470538572951998
0.0353228505495647,-0.323425872912032,0.40981601664137,0.104899502090652,-0.416559521882919,0.840251545374113,-1.71259781908153,-2.056509387642,-0.156107494567265,-0.297350615783591
-0.910045487828139,0.00568765052340056,-0.328789468900188,0.687074855193881,0.383318139443337,-1.68925612456515,0.368896241063846,-0.34604001261961,1.61221787201301,1.08002875496296
-2.24811043919389,1.11414505992446,-1.59465637753477,0.651438752442621,0.364681144677743,0.190010143585616,-0.495666706615838,-1.3505181624774,0.902599349674801,0.931295222228658
-1.77813449889598,0.839930608270706,0.155632075294442,2.2414420923294,-0.54190325547812,2.26870891004233,-0.160531813377533,-0.365988545837265,0.0592870929740015,-0.248869888810266
0.0414401592466101,1.62226433100985,-0.362491212843139,-0.416689362790066,-0.818608953450134,-0.423675669557927,-0.552839343122678,-0.233724514279045,-0.497764996888065,0.620294389530197
0.769123474728424,1.11171565017984,1.95158990456074,0.241663987976211,-0.452299649215902,-0.709847066855397,-0.867750637393507,-0.630837361346396,0.0829886481455927,0.561656583713287
0.258883252565805,-1.34769724896346,1.01490209305183,0.446099148357818,1.51140937531102,0.76762852646646,0.177229040037241,0.146158600090265,-0.597792325994842,0.059019388559291
0.925804547706211,1.10328212865583,-0.0535587982954874,-0.132988418741685,1.06437065500732,-1.17225639879221,1.22824565259237,1.24269169202802,-0.333550210598582,0.758743680217626
-0.83244367156269,0.741816076045296,0.40816745066635,0.137554128511049,-0.846872205179955,0.327387378812245,-0.140499140243612,0.694862769790531,0.128680088774413,-0.23338361124731
1.59100864119874,-1.43781071767006,1.00827987753542,-2.69469653974624,-0.712860551993541,1.21032155115935,-0.539865534451928,0.599296338412375,-1.18221029949401,-0.970026308920426
0.763732120264715,1.07849866997439,0.66496160176003,1.67624335611027,1.03337410882,-2.97988930081511,1.08280566726552,-0.749776687539039,-0.212583162030216,0.441563936767198
1.24437044639498,-1.07409372682604,1.27403247276962,-1.17406434564573,-0.62737615159064,-0.0636628195643362,0.471094047500749,0.525876516917832,-0.145680664657652,-0.156686822519056
0.79438407474612,-0.0332272573851483,-0.901015255722256,0.0808341869579961,-1.9624772455423,-0.583069974217252,2.08811343479892,-0.0782027798345571,-0.177881212256808,0.878228257538426
-1.47147923549555,1.37045290234409,0.514314905704447,0.369255588887138,1.05405942666352,-0.0173028203669257,1.10706094901216,-0.98385756293197,0.384673294559221,0.757690997192383
0.808919013570918,0.0284874251018851,-0.379219192570345,0.0383749582470537,-0.155680013426736,0.232351681828785,0.209949639632213,-0.638855598444559,0.950193291928758,0.210516548064802
-0.756160964104561,-1.02354122970335,0.660424111133759,2.45757932598595,1.25469262340702,-0.0536505580081004,0.514610273929147,0.465177188107318,-0.642953416161923,0.695689619873512
-1.74182817662695,0.316523172701626,-0.732023924203,0.67726009151499,-0.666581004002674,-1.33144565335996,0.0291235758085533,-0.591692284521837,-0.0783257600743556,0.201876209811414
-0.568649210789155,0.414399978262231,-0.521316958516136,-1.20068856606699,-0.959878728201495,0.697796829890809,0.925195523042619,-0.060366262348934,0.104425909356197,0.616781293492713
-0.260397609457311,-0.463474645585916,0.507832469603273,0.0222142651472235,0.052347667622835,-2.24485136649394,-0.894423655345349,-0.5849077368291,1.02200494664326,-1.22897242498901
-1.08483033526095,0.562990514746138,0.415920879920871,0.108043047148653,-0.655331696519883,1.59479645465031,2.34175341499057,-1.1205447596152,0.875719686686254,-0.716127740736198
-0.508534918787301,-0.0134355473703791,-0.890833623943995,0.488385314734266,-0.823756868978926,1.05045343083138,-0.000284973027703943,-1.94943555235341,-0.371155753392105,-1.63778300200478
0.684318843755589,0.825759953419765,-0.5276305723712,0.307395447476303,-0.623179951837401,-1.36241545253012,0.466497626560601,2.53684674676861,1.07275224300309,1.48377538132945
-0.590607542912811,0.530390990151977,0.811592846404185,-0.210560512831902,-0.306421721971702,-1.22857935690408,1.84496698865988,-0.916127800895854,2.24125628098262,-0.198576817782186
0.038319909772842,-0.00659989237072661,-0.394356590921161,-0.77430293513688,1.07140292690048,-1.2989975107333,0.528321724261363,2.58994842663133,-0.619223328215711,-0.117291432031078
-0.66234350077197,1.96205304191465,1.37576912627955,-0.599844285654715,-0.563122617625841,3.0286289351215,1.15851799870922,-0.59181881482316,-0.839005566291975,-1.44036232425663
0.634894844189156,-1.27898272014102,0.294726428543644,-1.38170175330666,0.579443148973214,0.313865281514068,-0.648261196582686,-1.03308877162285,0.761915869673903,0.176813595639782
-0.96845962825079,-1.01657374664353,-1.20074041941031,-0.303962660145102,0.119830704165217,0.530262996511167,-0.128311342672136,0.297910203183606,-1.25916059563255,-0.167445917048902
-0.0115774636133785,1.71301522039613,0.502154383546307,0.35095073943348,-1.03691496519093,1.65920261073524,1.32669724374733,0.370904643195258,1.27806609272954,-2.72607180197915
-0.453274231085615,0.804708485930875,0.0576521964242101,0.0956689757052683,0.00845464515962363,-0.665902739771724,-2.41817129342393,-1.22842548235611,0.36750776161711,-0.598526653762822
0.417374690557257,-0.0279226542791991,-0.793081975147192,0.118591343459384,-0.26184974595245,0.837341260604657,0.00631661541342616,-0.277243288114848,1.60967188286067,-0.73125362802429
0.889756941967123,0.0018318556489525,0.39128929051937,1.21375264222469,-1.05400772773598,-0.485542596741598,-0.0758759714132595,-1.12257920424067,-0.472947088232975,0.169976916260164
-1.0247576611444,0.535029041627169,1.04385264598141,-0.451737351217043,1.41711844834272,0.702452214921575,0.267555479698746,-0.915021991973895,0.00833646207283614,-0.563500325783008
-0.655083167159361,0.497761111782912,-0.230627096840328,0.577770742220646,-1.14564391194307,0.835280705092038,-0.331597506737667,-1.03030790490236,-2.2867782715172,2.46596554338125
-1.17617358759398,0.5176197334531,0.788185349982405,-0.992583317705613,-1.16008436975801,-1.69183771584308,-0.392403600575187,0.54024242920017,0.791918138487345,-1.11918087127348
0.646479338704616,1.19051762183081,-0.38788125838486,0.0924615640718913,1.09390473273369,0.467019318840748,-0.462281514384904,0.093451373704692,-2.00517897479868,-0.538392988352641
-0.301329205611607,1.58547910337058,1.08676298779105,1.82759163611701,-1.67422649593196,0.353196854890063,0.67870517062643,-0.639109914920286,-0.0791179999530596,-0.248390080861777
0.293349918010143,0.746210194540299,-0.413892590799354,0.300629262532982,0.909386998985194,-0.697248156011465,-2.27951690842557,-1.33733646182551,0.250466338022494,0.0574411891231516
-0.786621454616329,1.17563156105103,-0.719408204604751,0.297831920961844,0.779817423833498,0.722474932360256,-1.67421995927905,0.427881780577025,0.492873915736707,-1.77804773350101
2.35855382409277,-3.13412523957579,-1.70641213124794,-0.381873784268508,-0.33963428388505,0.486977210113643,-1.39889186023709,-0.789969951784368,-2.11411763196622,-1.51945115688834
0.927184785823421,-1.20094314576824,-0.836319649523948,0.0567776550962623,1.15315732870467,-0.0675488831666972,0.194196586006187,-1.00316421564243,0.247224469442959,-0.0885890729130293
-0.527942710811329,-0.871567872849502,0.684219306022463,-0.127915798141974,-0.132229813083193,1.14720558692257,2.80725924134517,-0.907108657468608,1.14851422629679,-1.1356469557647
0.0437835677995098,-0.477287451628475,-0.0608581711828066,-0.425606874550992,0.337696266112784,-0.626857405157967,-0.289087693670332,0.162660362187126,1.08526839595046,0.16059268523339
-0.520210077592805,0.468013620422583,-0.341157306679271,-0.888713477675173,-1.36761940006275,2.24160192675558,-1.36894472737759,-0.056995620295106,1.42230458276744,-0.412558031187775
0.0340865217969275,-0.828200257946134,0.377403173502738,-0.255086006431076,-0.420945774099774,2.21381794392768,0.0881235275026117,0.405396722779146,0.132024817314897,0.212851725300787
0.280810097107284,-0.553463373215719,1.31093956134377,1.41481919011011,1.34252289249097,0.790487841459621,-2.36748320131355,0.717605067023557,0.0211012757809529,0.748163899756549
-0.00320604584077622,-0.105782866264993,-0.711788242054351,-0.992674094412717,0.700765233525786,0.56470335825568,-1.97369693980777,1.33913562283235,-0.364049177977107,1.27177090264231
0.304853745920077,0.20562146314309,-1.91527534628927,0.65763550587405,-0.632539702868409,-0.298374815934736,1.80965402408406,-0.528173668183013,-0.888663325184667,1.31528396295598
0.36693129974108,0.232407506791714,-0.645602194568142,0.506265650955012,1.68102374743565,-0.612554081975348,-2.30059756402328,0.640495126964039,-1.37580136966616,0.724197522761401
-0.364454888576196,-0.147344300257086,-0.585647170605888,-1.20331314144346,-0.882114710331603,0.235180570848956,-0.581144376556871,0.757027852116339,2.26957268792898,-1.51639682285413
0.577826527297624,-0.987159364360748,-0.557970749019833,-0.0137242421718197,0.485117877433169,-1.53560911073912,-0.0665399705781992,0.632313175449847,0.600100195856339,-1.32366868966718
1.14805111492377,-1.15594150704371,-0.349599364471054,-0.330955815030065,0.0606568794241892,0.11328726676363,-1.76562743425869,-0.0575740307603467,-1.91829421320455,1.03629163869188
-1.09582096757958,0.295608966724889,-0.295598487929481,0.55503152633772,0.398054826666153,0.0424664384350971,0.202836648787712,1.93002438970742,-1.37139709550432,0.144428941032255
1.20937673889859,0.970865748346927,1.98488820954947,0.508755548983288,-2.17694533809925,0.517387459395262,1.01988742214884,-0.974477668231257,-0.862307046321457,1.05353276134055
-0.896867808851542,1.13383676805997,-0.30233571578258,0.158269652125247,-2.5687038763854,0.0424418155230945,2.37978713105258,-0.350382017743175,1.06076750215251,-1.12952678087819
0.731194111802703,1.4028068224975,-1.01927720272341,0.780657348347874,0.621740054110344,1.12873758144325,0.309102619440372,0.297403319456344,0.0314805126932868,1.67459854296149
-1.17720975985231,1.6502132054017,1.05859454222108,-0.577674547107358,-1.68799644384771,0.00889195063750356,0.0927672592717844,-1.92798418904499,-0.182498005006588,-0.00380938421805669
3.34340641675691,0.905967145154789,-0.341255607048345,-1.78065721770079,1.02025721694645,-1.51906846918134,-0.74935248026785,0.347289807513747,-0.24927935098241,0.160882012015307
-0.612190561029225,-0.440449148926534,0.200628294197732,0.127607821914948,1.44392319958274,1.09692264194582,0.460837481071348,-0.489128344895358,0.625948911603877,-0.0470345573584204
1.02934325389918,-0.924780142009945,0.557936974492085,-0.324105337626301,-0.768616940790345,0.177666154170402,1.51307302764109,1.62292264792968,-0.241120044987253,-0.429993660427184
-0.124514538441133,0.530174103923113,2.09187591294151,-1.69876397317244,-0.512781401117931,0.424430670111692,-1.97527069206514,0.314542165347173,0.729795750371259,0.159546080450121
-1.32387587321905,-0.405581502062204,0.174189987820467,-0.194737316032556,0.156621677117575,0.64540939875508,1.10268672452084,0.233307894381344,0.37184179373355,0.367869942837138
1.26605283599181,-1.04109175078982,1.17655481015532,-0.909665502776351,0.846152123076631,-0.528998143861841,-1.45816203140056,0.721052113710861,0.97908260620835,0.197313961584273
0.845260769481662,-0.825297102974421,0.935250365473668,-0.466654700393717,-0.589680659674578,-0.093603644761068,1.71485148423512,-0.0797533205144766,0.151165876628523,-0.528477531704224
-0.411555250739306,-0.166974157029403,-0.645601307406688,0.058862789200652,-0.641485545158602,0.421178422151432,0.65744437776951,0.562528219809977,0.702093598093695,-1.88464526395582
0.332640079438628,-0.67988042945216,-0.00130995372116586,1.45951448557221,0.449577803501848,-0.856815852115039,-0.8073244643793,-0.881372345653365,0.152136878700598,-0.0208980211236277
0.113123538706812,0.871847331734965,-0.280188066287385,-0.889467436705812,0.126810300484685,0.0680931581246885,-0.623923043123002,-0.377350446190403,-0.491421517581889,0.0225410747686676
0.00808084293151532,0.219340344408543,-0.138264676618436,-0.494332580924052,-0.420205321076071,-0.670005112082937,0.641371885649554,-0.589954793085723,-0.11429651259623,-0.71749600438865
0.0146756421093907,0.230482699982634,0.0470886561080861,0.382221574561535,0.394679797154553,-0.00685772261904286,-0.544925896484654,0.624381739705817,1.23115830280451,-1.2833814745935
-0.961795076199225,0.426868082713957,-1.54813206509178,-2.09994183101482,-1.73408963054989,1.15224275063482,1.28010647968476,0.609888364080864,0.859351823737705,0.768703064556383
-0.459175326359539,0.944592187744385,-0.447479151893538,1.57210677316821,0.0285491069138199,-0.090381533021801,-0.113286299134904,-1.03143989464169,0.513149496100088,-0.915353027644941
-1.06691711535209,0.508450597625333,-0.720236298745993,0.410362719258033,0.227684272819748,-2.27893064455059,0.0672576146321279,-1.50001958427701,-0.746991224526813,-1.37113657081954
0.881349577259315,0.207342073698506,-0.111658041007162,-1.03666062152026,0.793263058759869,1.48805485243684,-0.28988616294236,-1.36513206842878,0.615575340790921,1.04536360947013
-1.27503400001214,0.816623129479556,-0.961260410731179,-1.28198698718126,-0.616090550142272,1.50963679215767,0.529025006740812,0.318913694483874,0.0882833394262439,0.916777066276477
2.15619598001914,-0.206319634098178,-0.0159122572147865,-0.928549986848953,-1.10899660162613,0.609177830540661,-0.743560249656303,-0.69894667130022,1.49451674521927,1.27557314897887
0.408417024711092,-0.612719027187224,-0.37021295344554,1.33147402082928,0.607732409451825,1.1074367131681,1.12143072874795,0.92767563788113,0.848344043858505,0.50984221268923
-0.181553012405527,1.42099660703523,0.935317176755827,-0.162581073677517,-0.84949689731999,-1.26730091656628,1.22835795653399,-1.19429145187378,1.22104700748559,0.70938709103526
0.428868570803815,0.651694003577949,-0.618304350225143,-1.7624502222262,0.790657928281654,-0.157234859787909,-0.0333204611810578,-1.52765197623938,-0.245241195873013,-0.036371850692118
0.31330264483123,1.17900123616585,1.35252171337855,-0.166560592513813,0.986003704810817,-0.0237621076925967,-0.461926410765242,-0.0174414441851932,-0.812284638209361,-0.76250428232612
-0.0366242451041904,2.3350434184592,0.380557930389698,-0.466500516822823,-1.46471545554556,-0.776173160185411,0.763066558712819,-2.3510992088271,-0.296590861232602,0.324596689828918
2.4880425184153,-0.185624698483395,0.962047446339609,-0.298857791858716,-0.454810736623752,-0.61986701467394,2.29510048528335,0.0742260285755214,-0.162007870145899,0.449893345596838
-1.09108279848456,0.730005310633998,1.02033069595076,0.51198369274489,0.0895495896469482,-0.287676596472604,-0.0182392396278632,0.348186974596182,-1.96553930669617,-0.33503905532036
-2.04164921981362,0.800188127237629,0.0112313540395326,-0.392015543920678,-0.0551979089822042,0.427381203529947,1.41330945605305,1.22067891328811,0.987710294636506,-1.27186315299181
0.325910319187486,0.890579986856098,-0.371613382965275,2.11787966167883,1.20648444027942,0.725442714247148,0.517127810896102,0.407157067888874,-2.46582122875811,-0.279149046770472
-1.78944606455325,-0.440040269235294,0.576254581237216,1.56186739315289,0.0162363916029805,-1.36421239983622,-0.23878977704547,0.7689729114284,1.56319077279752,0.669888758933702
-0.845703882338038,-0.760319330072558,-0.231008398616574,-0.877797174057314,-2.06283715453833,0.246965428314283,0.583889541817262,-0.672103180840062,-1.88950527560201,-0.287584861586666
0.549278601931872,-0.519637906859035,1.03402265805402,0.137641164302542,1.02103006158244,-0.344783561389678,1.781731873722,-0.0677887332255163,-0.489469702483854,0.659914232452581
-0.32323544067364,0.41375302681395,0.158551744169643,-0.815209717468499,-1.24616537553654,-0.0382064818703582,-0.608430839755855,-1.57001963604207,0.00364311238034715,-0.405080033167634
-0.196822481660088,1.27705728586367,-0.492090493758618,0.794583756748295,-0.164190346808833,-0.704327523507161,-0.459590893522657,0.65929859696734,-1.08519926228617,0.807907281509259
-0.576340300673745,0.446771851373274,0.799541025609464,1.38085662758624,-0.235631706229077,-0.0970456225024975,0.665096576262871,-0.443458943685075,-1.08123409394958,0.81400692093803
0.639366877277431,-0.963195356082612,0.294520131830412,-0.451113590018011,1.16435914152566,1.06286407267899,0.186612835891618,-0.287368505367991,0.778676668068311,-3.08939096596275
0.431190945542057,-0.380879542526111,-0.509440259469425,0.558240322827215,0.875503188522622,2.44950937705904,0.514218483484448,-0.0509804641347109,0.931136460819909,2.40074109071167
-0.251039762829699,-0.143390988537252,-0.0753316109294319,-0.0923330148236014,-1.48829423809794,-0.26354861481156,1.01310871366062,-0.821331263272898,-0.897560912905899,0.299794652098161
-2.02970012385586,1.64877550583707,-2.20590052690979,0.329637042093871,0.314023219929817,-1.43974677494005,-0.85535438878799,0.48261761029876,-0.149059913274293,-0.729514681900636
-1.8984477592279,1.85770589295972,-1.00191965517886,1.14629873575325,-0.34693173563068,0.503830927954159,-0.271849255692519,-2.38704640264118,0.606139137938036,0.0205263968122642
-0.6308813118804,0.83667871425731,-0.602829529455605,-0.585578950446863,0.849107697341986,-0.320223231972583,-0.407726003662038,0.623793580312145,1.84474132113456,1.24069035491741
-0.647229312404825,-0.530122655749796,-0.347120155606952,0.0919990597241794,1.53184992113718,0.360567355207857,-0.0590707271266187,-0.430904992186233,-1.23171875485258,-0.233934232378611
0.383846203114384,-0.840473964295262,0.0234452504658872,-0.040913889698181,0.353629607673513,0.489984351865885,-1.05161017941548,2.24817187877004,-0.340656593522015,-0.177838526192521
-0.0393880809208589,0.372732901213834,0.950425861541608,-0.332101233721294,0.851077577428817,1.03918694940061,-0.653824218262321,1.4087798138126,-0.849525200177563,-0.201601805424539
0.793591505429214,0.453007472392827,1.49397642746399,1.44735722837033,-0.61551202816656,-0.721586947271254,0.472647080545125,0.203413323503682,0.515868814827698,0.252219194438657
-0.8535562478812,-1.46486526350216,1.85109570858749,-0.141554743225546,-0.508973954892804,1.18192801986302,-0.349167450322011,-1.13728878095885,1.60528548766154,0.0603320689893839
-0.883560879800447,2.78603925487743,-0.355141525372071,0.557864214023112,-1.56650842591087,0.23731878223484,1.2390121029662,0.511952036129231,1.08460414115923,0.161965339458828
-0.772291889683479,0.544517870489668,1.25418067570539,-0.35661470764009,-1.13874578773336,1.33628160547752,0.559169579183442,0.74549126318203,0.776995060609045,-1.22015424598068
-0.521061317336692,-0.156241325835478,-0.391019051770983,1.04053667818018,1.5462830881449,-0.0461782546285969,-1.04654958436945,0.787616150763297,-0.639763334756942,-0.785993079883827
1.62124453389343,1.20209605061295,-1.79133599395523,0.103052557864523,-1.3090769369407,-0.887444638205749,-0.361190430111094,0.238514852763653,-0.0356296218974148,2.24302841739613
-1.5687411782621,0.631799708168332,0.0339254547463415,1.60685166047946,0.2020631567829,0.450436011071492,-1.6470249094957,1.91339456346976,1.03341499109769,1.23767762818861
-0.686686281995155,0.486570449159455,-0.577328072428674,-1.62123361320433,0.865663596504614,-1.03117640700223,-0.227540644674863,1.22347336641234,-0.084763966785191,-0.303554035246877
1.01671627484338,-0.311697954088871,0.163063732566093,0.27095440511653,-1.15501903800307,0.752588576911216,0.29813269760403,0.656657957126797,0.518907630458271,0.29521151283432
-0.0692561204912236,0.29776608125905,-0.343869094298858,-1.74759868742489,-1.0967832789201,0.848729281104237,-0.570446621045798,-1.11368476305049,-0.17786506836995,-0.00945090431807139
-0.977953327559996,-0.459792085262321,-0.430221676299142,-0.990145241026046,0.594962436749661,0.493532291453171,1.16389493300363,-0.0405061370028327,-0.609166474689582,-0.497729461355431
0.297002833806987,0.725776990225065,-0.210299360741433,0.98301569052178,-0.68867355620536,-2.28256043926697,0.537205800096391,-0.126599455040524,0.355802574488242,0.240327638448962
-0.398023395540969,0.0616617867567672,-1.48761380582326,-0.256951470075786,-0.609859270770893,0.921335281273085,2.37938220223893,2.7325485317914,-1.17368538399711,1.43323447318859
-0.177732733920431,0.247731077961911,0.498698909665061,0.363574107216976,0.0823972851787868,0.457252990631954,0.550197504448865,-1.78366227414371,-0.567130793159703,0.463273157166591
-0.815281470276405,-0.142775468085621,-0.419089130513773,1.07429550714381,1.67746473556607,-0.117393008990997,-1.24483678365219,0.898641011722463,0.360924794781702,-0.167565252740833
0.674335396868168,-0.572776450322016,-0.366985300108706,0.850465442386317,0.578047250038786,-0.41218985769211,0.399341152829044,0.365173827668814,-1.41177344851838,0.101224511219438
-1.0503790676635,-1.66099602590885,1.05045701051818,0.72598858786361,0.808814193690719,1.42586763295545,-0.138688012037427,0.0573668208968687,-0.562572261473093,-1.01608529675617
0.855242624271682,0.516140885796623,0.552020081746216,-0.134416388607183,-0.412246280715047,-0.527041783188275,1.6579408507336,0.166949431652886,0.261320240647886,-1.03504622478471
-1.60629121906483,0.963002420267866,-0.776310915336712,0.283206995793284,-1.96582296980758,-0.645408436912731,-0.504769360205608,2.02647718343342,-1.74036317948534,1.96911701131467
-0.891022912311558,-2.12821312653848,-1.01400170525616,-0.67919789458722,1.05814744325124,0.313396486495494,-2.08043285644356,0.401676892442673,0.287613377386823,-1.6304447800335
0.814825373254783,-0.918494100640632,-0.145221407196305,-0.642501758544024,-0.798943294600095,-0.0528269011319605,-0.0967992428058699,-1.82919402415042,1.79090486877908,-0.784632999802345
0.383881149572751,0.515755291182475,-2.49262034984464,0.32941285337793,0.528691540380363,0.500967253534064,-2.55656838524993,-0.856100591745523,-0.550535844453074,-1.46107011587093
0.28206907831642,-0.0389203541636842,-1.79677068162214,0.548854291620237,2.24228157097931,1.97899654320825,0.197825103002688,1.63078742661808,-1.38067416524843,0.421655056861973
1.36520227533229,-1.28275432282926,0.763513156281699,0.368891807490675,0.425437810903643,-0.589970434659003,0.18313630073928,-0.484259923692253,0.858971915494522,-0.48668891306209
0.219034547033552,-0.461218721123526,-1.31373110944044,-0.0927743000651966,1.01643839468677,-0.473659345748723,-0.897636985681255,-0.292284104645784,1.05620659138993,-0.412453813379603
-0.596359406560597,1.05022995937683,-0.200240887319423,-1.72814597174215,0.212928773165319,1.69008567016615,0.587711498619904,-0.00393887172720398,-1.93147461791435,0.39542688725813
-0.797670871466669,-0.916346260387568,0.446446131980888,1.02423779006991,0.324189815721229,-2.99587077366168,0.612684862744239,1.20949498237508,0.381957499159215,-0.597203276583677
-1.13974433614958,-0.234695993656937,0.49666182338207,-0.210539891281884,0.41200314362493,-0.356830056985651,-0.196593314102429,0.00637649597700234,0.233067320347134,-0.87861366265553
-0.126088467049421,-0.710928173701174,-0.135350932799658,-1.33658197870461,0.648754914772592,0.890022947127136,-0.00393904187509023,0.417754218452761,0.351451777914411,-0.310618434612269
-1.52926399834612,-0.33687059208235,-0.474227334799338,0.71880976120608,-0.195232714461829,-0.0329767418694905,0.0388511633987757,-0.459789500177488,1.61457833501554,-1.7589225919417
1.1865420420209,-1.0987761679371,-1.54750728658614,0.250455054781315,-2.16135985983683,0.0333402567109909,-0.211075097880218,-0.181988906849354,-1.38959649548341,-0.284117427537286
-1.72814513693427,0.0826614376621171,-0.978350512830074,0.269076391065904,-0.183478250776624,-1.31248288667261,0.384494361693334,0.590130397710126,1.85419917268535,-0.369292675281555
0.490166429721008,1.68448799406884,-1.59032942315751,-2.1017933879295,-0.695173399357176,0.40258294348047,-1.18078961803265,0.379225002994734,-0.307459318642792,-0.724234932405499
0.1128776355674,0.610822384854975,-0.271105270617626,0.494590737722291,-0.972979470677507,-0.450017100892047,-2.00224478767601,-0.00232916278785342,-1.10410892015596,0.900902998716902
0.41732117669144,-1.18126275481329,-0.272747619760809,0.984728271915657,-0.0870623539815372,2.21845904834717,1.44740217728443,0.212916073287444,-0.19935811272494,0.146249901657352
0.930399951180163,0.821958528981792,0.318249335913939,-0.205426682794123,-2.33543046146586,0.0282170532217887,0.652093776884774,-1.58130224215367,0.228278505313159,-0.696675902903917
0.447022235236248,0.134691400655977,-0.925495533094684,0.68231761488295,1.51283347937475,-0.685992275044508,-0.703562428668545,-0.0881971446912106,0.37497775631321,-0.638376200098856
-0.926873940868782,-0.902507925423512,-0.256472533627605,-0.264508123959692,-1.17164292689464,-0.400836425032078,0.0116560781111619,1.68373700511306,-0.541628728037583,0.342958403996756
0.920728970674023,-0.271517487711322,0.620649197504562,0.115619340227828,1.48751307776287,-0.846207171050671,-1.74375510812481,0.13980644463419,0.272265703955785,-0.278650363053948
0.818594993381885,-1.04608841455873,0.127560616954347,0.334008147168061,0.194486699403092,0.215415625265831,-0.784205928292719,-0.467672873359105,-0.239341281867652,0.195508467478467
0.710563817453093,-0.814463684519801,-0.756717530175387,-0.464103414844598,0.123440023097439,0.763961664761449,-2.15149321529544,-0.683885945652643,-0.950761538714497,-1.55098245796777
-1.98288998897854,1.07165351011789,-1.85036651326262,0.54192208413249,-0.514698686030186,0.336906090338027,1.1115043765637,-0.00893602947029731,0.451742224991537,-0.218927046849491
-0.64635561078027,-0.429874011090359,-1.64062155563384,1.13512562170058,-0.460357122510866,0.117501863465887,-0.299298313514548,1.65202655006836,1.59640606915108,0.208190535252647
-1.22485865659532,-0.446231478299512,1.3371951494904,-0.8883850083511,-0.213010947208003,1.54572694862487,1.87937069388189,0.192034107110128,-1.43590152076921,1.10350011442097
-0.24568309701215,0.528089354218862,-0.490972612661528,0.162014816679081,0.496862615758986,-0.611245070316794,-0.392198902251505,-0.378856271760231,-0.364096083668164,-0.509204690642518
-2.09563418276936,-0.946148223446368,-1.10808804236343,-0.754343176339903,0.0147046673840075,-0.80858248881136,-1.41839588321647,-0.0996781940368685,-0.840387348914364,0.593637646639407
0.96281396010789,-0.972795565839147,1.48190425873587,-0.435608386566675,0.214499787738838,0.416144345830412,0.690826951451363,0.677578683435298,-0.667126648972926,1.68126297441976
-0.202466914965068,-0.581875193507285,3.62262611566078,-0.801649138906585,-0.977333310089581,0.771380239080707,1.37696475198961,0.176106786735604,0.475160637006644,-1.00859803872264
0.362180970619502,1.78455884064651,-0.128966818681943,-0.868160759347596,1.47999776815616,0.334344145540688,-1.19955470464084,-1.63751433824981,-0.783113091359428,3.07096343790967
-0.991354152147766,0.867990596682992,-0.995829708485714,0.165095877704372,-1.95282081893802,0.861146376173093,1.02968477098835,1.07781175935737,0.258280868046173,1.06509348371896
0.140598166593228,0.141057743850986,-0.298345233430651,-1.19109592879552,-0.0241521747339517,-0.419762744197147,-0.716881071127892,-2.27999161998863,-0.352737866165913,-0.169829495107233
0.392113598966416,-0.466901984607918,-0.610734761908986,-0.595538500872681,-0.861443256600242,-0.373005352156767,-0.284437976326967,0.288467924734856,2.09874416742974,-0.700462340800379
1.12885966939436,-0.199982275362174,2.61312090339258,-0.433043490682479,-0.0757558019452708,0.0312552982488949,0.580559863908791,-0.0377667300185947,-0.91158338414357,0.0938935404608767
0.0831601456386146,-1.22144055531876,-0.137359154960092,0.753766528459682,0.676433699472328,0.925475209571795,0.269156391153231,0.721223913545267,-1.34694270699306,-0.91133178298313
0.290407736929666,-0.716905804794359,0.265185261789772,0.495719464137066,0.624610959365118,-0.397431383616662,-0.0668866096986813,-0.980116960624829,1.34409632789624,-1.27242836167206
0.36308108618257,-1.02499486268626,-0.195423268720588,0.0517047778513063,-0.434813743234974,-0.438093011803251,-0.716325439594463,1.79038374188585,1.01940492978592,-1.92391510141697
-1.15286391544186,0.385263556546878,-0.75607691942617,0.0448953937859884,0.918055850007959,-0.0406013570965758,-1.06404395821288,-1.16330921865675,3.27212154809693,0.484062441376755
-1.97543639032296,-1.21472818374652,0.247351723705285,0.244670805305268,-0.481601727749506,0.655969501617907,-0.642372690042104,-0.3164099313864,1.05539596504141,-0.150509543826363
0.0984299193302338,0.507688401579186,-0.421764264039281,1.49532284736538,0.536165316778708,0.560816936635331,1.0223266288261,-0.197663098097577,0.289794423818709,-0.31169664000632
-1.1849902416279,0.0463666166138933,-0.82153093669736,1.32888007482956,-0.463012528659863,0.0608807458134125,-0.618826201451659,2.14885490735106,0.573469624833598,-1.56020659623376
0.983903644459885,0.588529933668469,-1.28879691129955,-0.179696258856549,-0.241198463526963,-0.119804741984615,3.5415178569255,1.11895956113664,-0.742402327420404,2.28836937969323
1.88500825783842,-0.972471238917736,-1.51256864600075,-1.44353497482515,0.348010227300651,-0.122804671272673,-0.0063171160127741,0.455773310604982,-2.20297598515551,-1.16557567104081
0.362620479846858,-1.78460221512194,1.83433334456579,-2.09888821544343,1.51382826786546,-0.803371872361014,-1.1763578314286,0.0624574855579428,-1.27094937629529,1.34514486953594
1.81447336342377,0.768377828938757,0.364802685598907,-1.03167632869134,-1.42296382136843,2.1635057252924,3.0339858217496,0.482034428851583,0.0072309521394422,0.168576503127818
-0.309318475212725,-0.270511800638463,-0.0100953626220295,-0.42726441237139,-1.25030584065468,-0.947478997891988,-1.35801946127369,1.2206584706099,0.239966356329653,-1.18099851917212
-0.241168222046593,1.10894697023746,-0.253181761075784,0.216872235822775,-1.60646881499597,0.51010642036305,0.157437875374441,1.79540910811375,-0.00409598406778066,-0.706511890663105
-0.496932774746329,0.0424577376833729,1.61266957808293,0.707225968335554,0.386610531401688,-0.681176016716982,-2.12328597884893,1.77285326998634,1.31848722927059,-0.903722155756733
1.37385877143825,-0.488666585422902,1.37786518818529,-0.182260589804375,1.12633557026686,-0.13904215623574,1.84983145761665,-1.15460881133215,0.951375491361787,-0.612843142689896
-0.823662298281037,0.197382127668163,0.719136187023462,-0.121052395546921,0.425868173831199,1.58631306241877,-0.0841987218304839,0.413391198071376,1.42689798047177,-0.0766889682110389
0.0535109222462992,1.94312827604419,-3.0522685100358,1.53628010111469,-0.355424070274888,0.894487212695381,0.421829364650011,0.0791738205676813,-1.07512478861853,0.477018393794565
0.125787181575872,0.862540047016002,0.162211331864505,0.094204517630331,-1.18196980952994,-0.912941937361063,-0.0311930989981075,-0.120839334594941,-0.243924445399241,0.0951507201611591
1.53151963367912,-2.80202622359371,0.518563808469208,-1.01630391603606,0.2891040541977,0.145025309866825,-0.426153864866256,-0.579959608638699,-2.29454624435607,1.45305037832793
-1.09004825742741,0.922580497287874,-1.0457730459448,0.484630272898879,-1.07887723566367,-0.256626911017856,1.45897687911641,-0.103414897395292,0.186338814214069,0.586798951791218
-1.09672645238665,-0.538906072060112,-0.617065148405415,-1.66953789692136,0.706597611294004,0.161496354517022,-0.889091546464991,-0.0400525808918016,1.46093720924839,-0.535247626922353
-0.185595813718333,-1.72285669459481,1.48672869067121,-0.414476523243417,0.285899985240885,1.07120028512751,-0.196766435067645,-0.393492889610083,0.948573600342681,0.276287185146855
0.459335175104853,0.109269042919091,0.266479913205331,-1.19845235787615,0.0911027711205755,0.64356894149538,-0.202248296668488,-0.337789716424051,0.509997382723903,0.339085136989693
-0.296823390943518,-1.33599720321733,0.463651218911333,3.04949032116587,0.161980432992986,0.92339786731035,-0.842121480804273,-0.298194396983555,0.560134766059466,-0.262991108945688
0.669054236233079,2.11732613742091,-1.21654011398739,0.13544159362069,0.428033108147243,-1.02390832961933,-1.0570722352269,-1.73054138595275,-1.46131863131713,-0.6339921418885
0.317352421007504,-1.08683689899812,0.233380149058846,0.120698323661372,1.73620939110101,-1.09888825797436,-1.19222837986,-0.059703251775868,0.976218604935405,-1.78609758305132
1.26146752912151,-0.648321693524595,0.0235040818219777,-0.0725461919542496,2.09194440864177,1.14891454643983,0.241621975651071,1.47393410013141,0.72831095619696,-0.302465833224549
0.746471893641033,0.83359964488607,1.26935842635453,-0.177533676097997,-1.13828653452416,0.383006067579524,0.575576615692992,0.557128721269633,2.23273435766316,-0.68712963872166
-0.734600726142165,0.0110481531923982,1.13400755546907,-0.0227445155893137,0.0265319679495694,0.963930603708034,1.13913454176009,-0.499605502018557,-0.354106011489404,-1.13481032075304
-0.331354995841051,-0.0668136470175291,0.344833430856403,0.0324608702625477,0.442549132379289,0.167301949727339,1.40631709668844,-0.53573468005663,0.0182920030924269,1.03433626050227
1.46756789117838,0.158224428730187,0.34869741336697,0.402466635665871,0.136171844670618,0.582613205985497,0.37185877452703,-0.118888072496422,-0.349584727231893,-0.801852969471901
-0.221694234822343,-0.406687744249122,-0.327650979097284,0.347177097987461,-1.54029846879107,0.248125739512513,-1.20569681391181,-0.190239718389402,1.07481868049105,-0.438227081787527
-0.012896269694209,-0.561672014344766,0.667040380512949,-0.724620510091728,1.02658431315421,-0.400689300757009,0.921158687028015,-0.877277289072605,-1.55656034686363,-0.253387754987301
-0.793216848068942,0.277198481989054,-1.14581620880193,0.0996171143779642,-1.57212369080906,1.0145693120261,1.84391029138784,-1.43334155410744,0.457034957300709,-0.845634999554023
-1.10175024434825,1.39026294926818,-1.41673517903575,0.401359340194288,-0.379133961768147,0.293432984519355,-0.397439168028058,1.4693017495443,0.687862360771384,0.707828478846572
-0.379055202228833,1.3407024226714,0.0496457449220057,0.555409079327691,0.469899339452882,-1.70924430893373,-0.929497083469676,0.76439465127932,-0.194596633119706,0.488621933874282
1.67206068318451,-0.362096775110211,-0.667178371290639,-1.41854156291847,0.0321471568355075,0.179375580205825,4.04219337073804,0.640796827399486,-0.0467087877408796,1.51926669922836
0.128177944608556,0.916953946094487,0.0489832675425486,0.0809710075380522,-0.205182328382902,-1.5538574013672,0.539736179072386,-1.93232051811023,1.42818684362411,-0.99805939276762
1.04133097516823,-1.09359014652921,1.72626479544496,1.3400907740162,0.68944155034438,0.293163733177633,-1.4153749376074,0.430571180438478,-0.0490137010197858,0.495301770689401
-0.563498916640944,1.09511459134901,-1.17219903078407,1.59161046280963,-0.337291206470282,0.203351763918991,0.636012642415105,-0.747529184743531,0.264591069323759,-0.117300896365982
0.182395594925116,0.354233222600989,1.2473921299631,0.515681837943558,-0.076661120530352,0.697401743077047,0.540277388437608,-0.298731913560893,-0.149850983157491,1.05417458673157
-0.910029444591991,0.934439204376886,-0.077111441879121,0.652567899166314,0.824078368526906,1.66390269044788,-1.02542980500433,-1.2313352807663,0.313001678132378,0.478276074799067
1.34836347897261,-0.971755378850112,-0.0180918126438425,0.552278858448282,0.130181210927663,-0.45178277940081,0.18201487175098,0.710640238831032,0.125679880995161,2.23247330002896
-0.871950251223557,-1.38779907470808,-0.325454370717887,0.0832462986554619,0.221481808792405,-0.55425869292722,-3.01055784418534,1.18652555964156,-0.757728973841202,-0.867600903994326
1.48962601809417,-1.59112051954329,1.13327822513587,0.412964999693021,1.46232465488268,0.0861959690165055,-1.08769471817453,2.03282397170672,-0.0784474849471681,-0.807452066198044
-1.00104777647981,-0.16755714393057,2.63612547116789,-0.528581186571117,0.274651322161153,-0.785600367586339,0.0634183745565504,-1.29758002535036,0.308008983644023,0.761067134707225
0.715568130487788,0.619425468064409,-0.439603081723355,-1.08663756155836,1.06771302864296,1.69338251564112,-0.0316544699378316,-0.728563877495482,-0.99230836188387,0.539057563941564
1.12144312479375,1.85214065732622,-1.30529346497205,-1.31889017177428,0.957424598585557,-0.586539503959503,-0.453762946955753,-0.75243440770149,-1.85594249581953,1.95232957151315
-0.584403130027443,0.540930141979091,-1.65421896662061,-0.209204036140853,-0.292963195485269,-0.445887143495142,-0.922299720425096,-1.54790870462512,-1.1039759178128,0.806470101491198
-0.771441513053748,-0.724276489490996,-0.751627932229303,0.738969187291016,-0.0909342187186497,0.100368708565351,0.833934470206838,1.26473864498476,1.52179174245564,-1.34816679887189
0.200395104649373,0.848083889966392,-0.918537976306904,-0.970983396183901,0.966533802363513,-1.80743538438332,-0.060437935904246,-1.77720640825458,1.39577116674563,0.669685854416188
1.11755924345566,0.817083796822362,-0.612240542560768,-0.167458744725682,-0.924007223250643,0.755868056630752,0.0774314267888426,0.863950498224979,0.0653306806470457,-1.10362094540972
0.742581392969002,-0.378958861192736,-1.12450324157106,-2.14156934794091,-0.752852954175877,0.0964024805559774,0.837987948053898,1.12156815537769,0.305452310962284,0.142471667584603
0.496414466397491,-1.49162877171609,0.528582669231951,-0.231734604241933,1.00204579264894,0.324674904085118,1.32305413609914,-0.187605989018746,-0.312421092462255,0.128461375163871
-0.656169769101711,-0.69232394759992,2.10381811004106,-0.633385635621595,0.299381527626419,1.14191854192299,0.845506724892834,0.584251435886518,-1.5589742223153,1.45847133003112
0.0891337231821996,-1.79188671038025,1.35426339182263,-0.690639025876982,-0.160967200201695,-0.00326034030273905,-0.103920957373607,0.521620331234555,-1.32734718510668,0.675231828506342
-0.644821792223423,0.305188158931321,-0.591831808091999,-0.571879950282373,-0.0701476051625532,-0.12022120795717,-0.411081250825226,0.825793163395465,3.12110153054922,0.152991607125605
1.11025442539609,2.57826909417369,-3.29637240277861,-0.230340814655496,-0.140790806492199,0.0152910649160158,0.40717077148558,-1.62495044764417,-0.87865327830114,-1.39427256955297
0.220714802592912,-1.30682395705905,0.0587243290751459,1.24238925445802,-0.70436016332162,-0.143675908767366,-1.31065020517582,0.0149657034715473,0.732329924705228,1.68405829746541
-0.909814682171991,-0.561889049829319,1.11656132792267,0.783603443434084,-1.10701782550961,0.163775291943022,-0.370685835785912,0.809606388669545,0.0485770097116812,1.92711679060413
0.337894846827357,-0.316636938230582,0.128001505513313,-0.5166450205478,1.86447230495257,-1.05244171553794,-0.592665184648661,0.383727345851076,-0.308754846674928,1.72439649061305
0.389042971946871,0.453570859531963,-1.20018939984742,-0.709154869295844,0.9592846678003,-1.32512626193468,-2.81622591507397,0.82525907548759,-0.834294028865926,0.58679260770677
0.384902507906019,-0.912894102494438,-0.123349138901078,-0.933649841156002,1.47191355189861,1.23395077048436,-1.50420393837276,-0.592207481696189,-0.0752746441181001,0.073497964102975
-0.571618587454213,0.00729959826111535,0.915458030108624,-0.197167388126774,-0.0356743972530972,-0.348764345822526,-0.729626781120124,1.29624337849185,0.432338837923468,-0.464870866249523
0.583367217928362,1.47433625906426,-0.379008214002153,0.172577143682153,0.446986485730919,-1.12373258180334,-0.826245869750362,0.474109750974877,-0.0881871203368259,0.194264412157729
-1.88485587258135,0.812596074050531,0.255265536466963,0.262489457619853,-0.0468210814676969,0.820507086761265,-0.0357320250352693,0.916126659815498,0.394761909429263,-0.820328890557301
0.11887952261138,-0.473426013640184,0.777507618934126,-1.21182037905485,-0.161030632238886,-0.48091190028879,0.105004616791236,0.399423005564486,0.998925348874521,-0.870079339071186
-0.742169892357724,-0.0470175735868196,-0.18779525533405,0.155653280952865,0.215425002942462,1.66703385586552,-1.10799605264422,0.0087319805514865,-0.0691204567378763,0.534008129289603
0.390431042152845,0.904771870225199,0.0973579717607546,1.27657667053833,0.260637460255466,0.118462279234921,-0.56661627165275,-1.03432354208515,0.192887454283744,-0.243426185590642
0.959320786803107,-0.280691883018057,0.874870528681785,-0.904685207935695,-0.928492608381252,0.856709595593347,0.993304256791361,0.725117266830987,0.909136275741074,0.0306444985821734
1.55538218539665,-0.611398627816969,-0.134718347288146,0.147712898393066,1.38217279190816,-2.03457053295558,-0.0467651622128575,0.000789729144280288,-1.48472096415983,-0.853333795754737
-2.10639313321893,-0.121418979648181,-0.415182093859755,1.67862191221894,-0.431326306677561,0.242804080385894,0.180883139484661,0.596816484122527,0.526792379760168,1.03736928705919
0.653397212731826,-0.502793889940474,-0.93909150482671,-1.12072225014899,-0.691892686805669,1.07791259952581,1.26752620125438,1.85940812326359,-0.478740474862088,-0.246507817976508
1.05161616531968,0.764816128941906,1.82848136919993,0.0473353564554915,-1.30837865423667,-0.703144393932528,0.0406913583861693,0.654842286879601,0.217933736171223,0.627990863300984
-0.397326100583844,1.06366958297162,-0.328025306411972,0.663324649265439,1.65239622529703,-1.56869067645277,-1.6422862054927,0.390660734249265,-1.91049146629441,-0.338643449109368
-0.320409758888882,0.934952218017424,0.677086712753385,0.560378442015,0.451356210917438,0.89233999284578,-0.596774044206085,1.2231994387369,0.251465205669557,-1.82087315765656
-1.56045766084897,0.279181512938142,0.254803862623644,1.39365882895669,1.6127899064947,-0.444268370229939,0.315907919516873,-0.230479372283445,-1.34688025615345,1.12691044168318
-0.124506394006486,-1.14340377040982,0.719028009014402,2.00200996328895,0.281795668840064,-0.478982243806818,-0.484422096817079,-1.48534102965856,0.0752908814613196,0.330239964910034
0.25220404192301,0.0912553889901675,0.40468635236703,-0.376112360030625,1.44985804275005,-0.0264685799882329,0.1840501918467,0.262170377329204,0.721129784569647,0.560462809579123
0.0663657806041331,0.934016043143068,-0.293175538948633,-0.0897653884350866,-0.700046837113307,1.19993350614969,0.838735061525291,-2.28704080948247,-0.264063846926693,-0.924042113424708
-0.401725586922126,-0.506309122080635,-1.22969825496204,0.574629508837208,0.0165797436605341,0.554446228235855,-1.05360420240427,0.911554296982038,-0.37779898838514,-2.05821637696085
-2.14795301630131,-0.0469073056834957,-0.280465371168955,-0.560568884195319,1.41499135763005,0.291854143441814,-0.522608959286247,-0.0534653832524409,1.86800576378003,-0.334428961702192
-1.06971421554702,-0.397977233815059,0.129625021272322,0.369629209359782,1.61114258626913,1.34184737087661,-0.0335110502668289,-1.09291004157675,-2.31821962121172,-0.163793879637759
0.130930655461657,-0.894321040521269,1.63650052825054,-0.961046728016372,0.996404036403512,0.301855857640787,-0.294246906598272,0.64102708461586,0.36668968964986,-0.500620880169038
-1.48004495134524,-1.24529122808169,1.56915675157042,1.38669440953448,0.457204344353492,1.4651757825091,1.24250502005229,0.413016610804359,0.0705565232228315,-0.491944660113949
-3.23668339828829,0.577495368032017,-0.0246185076588126,-0.36072619405202,-0.375272805486259,1.64448996010413,-0.39557639718773,0.323563812272042,1.95590834953945,-0.524393705004737
-0.773705313432396,0.452116165196066,-0.356928789335628,0.125522882884226,1.13822843292373,-0.461523914639764,0.65025134602928,-0.115003391814959,1.28895147312901,0.784052514931266
1.64458362608093,-1.73240465168348,1.30443297218777,-1.00823086771656,-1.05169567776229,-1.48654176239264,-0.379691118346262,0.243392137613205,-1.89407520282005,2.90484552988093
0.764442497338594,-0.574341801319311,0.388558180762498,0.427871052063219,-0.0981814404710404,1.48902054050822,1.36199725765018,1.32305222613646,1.12439699332906,-1.37658114201595
0.81050489468155,2.65457602844794,-0.559819759699615,0.278125253818695,-1.81284481590112,-0.146203039014005,-1.13293184682518,0.710405174619932,-0.0572669133182886,-0.8486535932779
1.45912932120128,0.147687836082806,0.950614871402529,-0.830529989780003,-0.582252999727393,-0.0755426551837495,0.886415398251292,-0.651238707856005,0.207708632926025,-1.07545181327652
-0.139946575904047,0.16321573124421,0.919847021027748,-1.10607628261095,0.887209517869231,0.888867066743319,-0.731596015169172,2.26131452998859,-0.325051775052096,-0.0489040936851822
0.381581368872482,0.510071628290406,-0.437649843404619,0.260740021302922,0.715158098955745,-0.58161578812015,-0.334626902341609,-0.199594364851956,1.79218830296625,0.847898925863613
1.23643517870443,-0.68385168309101,0.771021159921362,-0.30075414304245,0.90864467974077,-0.764414949623024,-0.81954764616744,0.607417333514579,-1.31040546654038,-0.446902075925283
0.716624323966133,-0.00489351587510595,-0.785444247672847,0.499271369828934,-0.296555424336516,-0.401392882008213,-1.31238083973149,1.26955513747024,0.0378083385282855,-0.56913503988086
0.482240540134017,-0.800235826286764,1.97102605761955,-0.956049722912976,2.08516744175369,0.776186595878254,-2.68504583610061,-1.19521268800762,2.19951869637814,-0.463872142935385
-1.77534598711924,-0.254661361210069,-1.76023569294232,-1.10879149243154,-0.541435231840132,1.00006368758773,1.07654256755564,0.420108143645581,0.771058428315555,0.97846523092229
0.0137827792956627,0.326951683326372,-0.738668386966731,0.350981856088017,0.998805737873975,2.23658293987328,-1.41295906896699,-1.03176164337236,-0.920380960030225,-0.322593134470126
-0.990687959713106,0.826846482503771,-0.0199796391973139,0.535305712268323,0.028409645427212,0.132309099854019,-0.929374787766422,-0.0414646008371303,-0.801838828895646,-0.151856533781414
-2.67235890603784,1.02695322141026,0.769680770519406,2.00264640887202,-1.11453368722831,0.176705111917819,0.242060673573769,0.662024797329198,3.16770201710901,0.979549604680083
-0.539072956120722,-0.953498983274266,0.627960717808964,0.30948889170036,-0.792091766065146,-0.181320372068084,-1.63206649852353,1.19407523830244,0.997942000353256,-1.44672400454513
0.489709998239049,-0.268439883515382,1.28462337046284,-2.43644044417182,0.726039189930164,0.359370070838718,-0.293345560792614,0.74160007805603,-0.441131515773435,0.857229902794937
0.721126895043254,-1.30569340985317,1.45646302095074,-0.325426898689635,-0.271593627505527,-0.918139136736639,-1.45836759232577,-1.44152265282467,0.163579240934513,1.10956199516555
1.31329999270109,-0.767036481425526,-0.314878423881746,0.748487491354523,0.545642172690219,-0.555595220565611,0.927789498879562,-0.620788623563939,-0.461850773211505,-2.44727710100438
0.681057023352308,0.563356476924226,-1.69127398841397,-2.59228450724795,-0.977625137906262,0.119957047206033,-1.11478259254793,0.70645294880017,-1.55326357669907,0.0589527337425442
-0.405320734150799,0.81645792068839,0.0616427948665075,1.66481197136964,-0.622082857785741,-0.929876009111945,-0.289026123560425,0.88739054007467,1.03630292612951,1.1223475170096
0.268779683412846,-1.21603869709044,0.0772356051616699,-1.15717284699442,-0.190263931363308,-1.28867600872889,-0.334625885775412,-0.242331822483758,-1.12140605666721,1.99089298874076
-0.701128224075272,0.606813793747177,0.0047580893989883,1.52558170274573,-0.0372041467275402,0.899367387033474,-1.16622943239722,-0.75782894608494,-0.536822508467923,-0.268274349560254
0.672975836098239,-0.736795278089715,-0.403244515665806,-2.02427232171608,0.813994304136451,0.452653109703472,0.685158647555139,0.966370516367788,0.485691745324737,-0.51311416034449
0.177312461124026,-0.101834764385309,0.243955510908152,-0.602857430184661,1.72205603928115,0.847913030955627,-0.0923793980428203,-0.974896398721471,-1.24359062242364,0.156386950883145
1.25054224879691,1.36556617285534,-0.373223622163669,0.418764463604582,-0.461932200927684,-0.676392771476241,1.76046729898998,1.07190374683936,-0.458236868398141,0.321145712468615
-1.19559295181915,0.303249261181848,-0.411006742098663,-0.513654861028084,-0.232251833840585,0.974031984163662,0.623745355239685,-0.973668721147108,-0.768357593778783,-0.318585130184322
0.994650214405097,-1.25698055602441,-0.171846510025658,0.46707611416381,-0.528218676560107,0.924789536251001,0.674164374458727,0.737462825241325,1.63958569013558,-0.719192046949935
-1.56341383634451,0.504174084694609,-0.972758153858284,-1.8712262367065,-0.457308759407337,0.683171273947855,-0.580771817609726,0.952693200160409,-0.409973102905413,-0.952420667171843
2.10747215353769,-0.558266829911954,0.176091800549005,-1.65903327330032,0.0884017011332916,-0.164519702536684,1.27871002964707,0.12352124590919,-0.504695030516429,0.571649259465363
-0.0397563918800291,0.497619508515439,-1.07818987043737,0.0593267096466747,1.78772449578123,-0.652083036167828,-1.21482243695025,-1.35649331877596,0.257658590261612,-0.463517523579737
-0.232846697561286,0.622649625598969,2.48462482160305,-0.0366847981182562,-1.3063308270868,0.365072224861119,-1.23195121157369,-1.638536871476,-0.624731981269697,0.197024380930673
-1.83214775169042,-1.09470373282121,-1.57647543328487,2.86927626639649,1.09135171684122,1.64141827180604,1.15193429256448,0.338678584528213,-0.0626399837917537,0.30152014206015
0.71779563425159,-0.137033222830925,0.867579988586188,-1.98619796234543,-0.119587986004755,0.147512568144486,-0.329522054677869,-0.194593758589826,-0.400939199742603,0.403105323667551
-0.435733130049253,-0.33333048082638,1.38412915693007,0.5248622404183,-1.03881384874377,-1.01670271778241,-0.362204540710489,1.83367230259738,-0.14141922263229,1.12731452904584
2.31047282254665,-0.744777017406123,0.840746610857517,1.03161919478725,1.42880521016582,-0.221992436065452,0.34917606113247,1.11231582459124,-0.109639637047237,0.218512663246659
-1.48490493837841,0.0162436117918218,-0.418649693221859,0.604508341935736,-2.7630964856791,1.20903631707691,0.601520639421563,-0.641185277161747,-3.49401335359884,0.493815646090145
0.63132107271158,0.906523925361763,-1.53436998969641,-1.59193494755085,-0.413240784185436,-0.712309705242182,-0.670979417437778,-0.185080865855147,-0.0930155113103626,0.200192798761305
1.69123420608514,0.0721289895958312,-0.204173201018172,1.47838816192293,-0.127420024763366,-1.5664330782806,1.30985292806202,0.553420205188775,0.935569971684275,1.04633487238953
-1.4673145646497,0.628934838540884,0.253363221557474,-0.956528090249001,2.09350137765339,-0.232877575292532,-0.44961162650461,0.518169930791314,0.590464307817713,0.28389587234094
0.33778259994608,-0.810298502622014,1.20806551680717,-0.119675876621316,1.47972879627201,-1.76563968927435,0.49713560179302,0.696653695424862,0.448285240931662,-0.423588199620263
-0.311652318006678,-0.05207720666469,0.425185599710568,0.424406827950214,0.300075512116415,0.0852640990873257,0.101069023719602,-1.24396202165477,-0.960647396699534,-0.611016882215359
-1.03588736477025,0.6216130208916,-1.66180900386061,1.09669170238498,-1.86506706420176,-0.477158247494903,-0.867662523796751,0.207271772145552,0.0189186717035166,0.176185176076495
-0.215777757980678,1.1116320645675,0.714161550504672,0.158670012139945,-0.893121132471314,-1.96947596492778,1.54318671740547,0.419076378657162,0.512966322450852,0.953142259341395
1.15688098090154,1.01518857311626,-0.116417917102861,-1.71412838482336,0.790760399437726,-0.516703649741816,1.01973236433368,-1.78805359868751,0.129920395514427,-1.3826660003099
-0.103779736675017,0.840383733061023,0.51784721513966,-0.775206523010827,0.163458479956289,1.23315858714601,1.52994628096766,-0.328640627372279,-0.532674663628622,-0.663457710389153
-0.658607788184433,1.16583149997266,-0.741937581872381,0.639952304141618,-0.383562470341475,0.714562001789518,-1.20039754006176,-1.04684226803456,0.455095367355957,-0.365646256668562
-0.0772176106626167,0.613982242363021,1.15702009828915,-1.25283789602984,-0.111441608554641,0.589178857153038,-0.673700279507495,-0.10384240083528,-0.334129272167791,-2.36458652940882
1.14394852569647,-0.488268358204529,-0.657410154122466,-0.771015138933192,0.3512118349461,-1.81486061357744,2.11599069372491,1.03609612349518,1.11625074301137,0.402471929819232
-0.495039331131382,0.174425126489969,0.605781327055676,1.4717210644095,-0.669984537145262,0.768603621986709,0.639893609328787,1.16599184407912,-1.02013374379697,-1.00962747850087
0.857809701688482,-0.581861197787785,0.100663556164861,-0.188628802409249,1.81885594401712,1.15218497310463,-0.172688796870785,1.10769444962837,0.0453323186383887,-1.09144534568366
0.605303650512905,-0.138065294979714,1.50781790938812,0.294035985896023,0.0823159440181966,-0.583469134868497,-0.325356633954952,-1.09547741443997,-0.076439143531193,1.28185270612266
-0.764193727382873,-0.734275737377383,0.157730518387038,0.234058372239022,-1.90325263209132,-2.62326091098274,0.717444163474995,0.659653305140433,-0.400249929596544,1.8367291176086
-1.29642701087784,0.30529700078263,1.79661397625493,1.26391453830032,-1.81027875737262,-0.0691445744749185,0.894557996980298,1.26289949487344,-1.37913225616271,-0.494541445293243
-0.520709587132775,0.277901612208765,-1.16296447173713,0.367101444374051,-0.379956878540016,0.570217147647328,1.17235916584846,0.0789041848568869,0.974557938980531,1.16361003028435
-0.276933875948691,0.260378947705882,0.485949933596944,1.61291695521243,-0.126637304566364,0.0668672519837215,-0.0743465953054896,-0.0442517231877311,0.380385024632616,-0.485493266347845
-0.623088681198626,-0.855591755804599,-1.05847505742624,-0.865265741195314,1.31744365739934,1.24652927529226,-0.954791329816462,-1.66763770512833,-0.247376362313638,-0.859309961416072
-0.131055960497481,-0.0778519307354406,-1.24974534606543,0.783092881694225,-0.115216600545012,0.424471016100934,-0.24266697581751,0.475469274643383,1.30217993498226,0.279542186677017
1.84199851451819,-1.38600093236493,0.495254163810043,-1.13906672993997,-0.776097901729494,-0.38589467440806,0.304141101130054,0.30827545728214,0.111857776695643,-1.48893328377814
-0.681999050122441,0.414543026606167,0.0313584978959326,-0.841783999995133,0.332660384483843,0.155027603734573,0.109079226800924,-0.852826545663496,-3.12540880044624,-0.467905962570274
0.127230953826646,0.462318822157719,-0.471626589571877,-0.575903461200696,-0.226731960992543,-2.56049569281109,-0.203395273894062,-0.870380235558382,0.891108685460421,-0.0548297742547095
-0.42615563203223,-0.180677883223444,0.0177487570342247,1.71796593785091,0.23266315008562,-0.830386964544645,-0.627846552866222,-0.556312725782774,-0.689929787387631,1.46727862075417
-0.851059597302367,-1.61893381667556,1.99011860174055,1.86425586233098,1.47290497704448,-0.154031132301351,-1.51198661602748,0.550131542093113,2.58623559762348,0.921867992849188
-0.446192347799815,-1.48048434516859,0.349134592971882,-0.0143454604387382,-0.509194536057669,0.466872490121077,-0.444504394698014,-0.0115967580862094,-0.450042101417637,-0.0591529795003216
0.302817637116084,-1.47589323959019,3.18295549723205,0.782650243318721,-0.156172182414673,1.91815630734552,0.608737666701804,-0.423876041799237,1.54639756945663,-0.807639504383013
-0.0605734674784649,-1.28606949023746,0.795143374701352,0.517687753678371,0.834131745450265,0.391717769487904,-2.02001612322632,0.805450921390852,-0.870068970724758,1.12261882603774
1.52849755119147,0.707335538196977,0.627567780858869,-0.875377256401114,1.07151406917598,-0.458883075805701,-0.0478340632235516,-0.391374657512139,1.13222492190589,0.639150179548532
0.421808040933704,-0.63076003603174,0.172531686672456,-0.696920806198716,-0.885843359074183,0.6040993253703,1.33073390491169,1.01579679453495,1.35638737847825,1.37832176732412
-0.814232230342806,1.5493750747917,-1.23706107542188,-0.778086240982217,-2.89651911621748,1.03053921965462,0.420873772686115,0.692074808981667,0.635984780853821,0.329590131996256
-0.443034636322839,1.01025688905233,0.746214879207038,-0.610138091164821,-0.541019923845647,-0.464383210434863,-0.130986525101821,-0.298747785410476,2.09050745513499,1.36299124856014
1.05453988009383,-0.234824354077226,0.0837153163397868,1.77696575706118,0.868267264386439,-1.69348870489451,-0.222332027064474,1.19139722834603,0.807411577088961,2.06404610101126
0.37516491434956,-0.241036434254373,-0.451612008356142,-0.0518402525858985,0.145454394311666,0.497072190931157,1.50547839696478,0.804877810671896,0.257736613377976,-0.55567184060469
1.32165619164512,-0.294719550972839,1.15432788086073,-0.832151010432478,-1.35417411732193,-0.772526887424888,-2.11386011517834,0.715724156260661,-0.862615599184147,0.108260533340959
-0.79752991675539,-0.138268843238214,-0.285341873333526,-0.025554937641551,-0.00304366380652755,0.87606503714862,1.1087396988586,-0.870952257152292,-0.122345824768228,-1.0139232488106
-0.791827803765606,-0.425441691676001,-1.1025018792107,-0.871575437682098,-0.645105490735309,0.758371712833639,1.30377440874163,1.34379309226266,0.870232487396469,-0.00816299537706877
-0.91538543457526,-1.63460331807887,-0.0841092756344462,-0.590458612148851,0.719968344277142,-1.13182078218022,0.08238748973231,0.244767532331325,-0.67679012518421,-1.07845504568525
-0.799126082461245,0.316086285498872,-1.68656009598499,-0.388937175036539,-0.0186477241822343,-0.611184614700102,-1.72642638102229,1.65726652663,1.96583162766964,1.41748937044407
-1.2206230884236,0.563174179518254,-0.0680843053239146,-0.40025361335562,-0.124052428990708,0.108086156639162,-0.662748642705438,0.802181126892741,-0.16332960121003,0.0589707774327814
0.133314115249517,-0.24716664091895,0.149882580733793,1.07959676498812,-0.297666214328,0.504863552612451,-0.447624761143909,-1.64740498116984,0.281139216625233,-1.65780840406246
0.122123067835358,-0.824544730049684,-0.616869398634154,1.80111295124336,0.637305296500975,1.65149137501539,0.210598625356072,1.54109389097997,0.852229222796421,0.272974239818662
0.213336450441183,0.389366502814142,0.459552059497769,0.920248669563319,-2.98372709883991,0.718041584679489,0.392193645806859,0.704453586389155,0.265972018393609,0.894346279731303
-0.464747767987332,0.0572602656963507,0.17542132243256,1.23278330374866,0.287863342715414,1.02806632860956,0.483314433848102,0.0593843223682675,-0.295871172724635,0.462443880325687
-0.961825111945177,-0.207024515727875,0.127375387583607,0.0418745764114952,-0.842425434939273,-0.793254315292375,-0.424537623661317,0.918591256652541,0.168565854846961,-0.973284454243738
0.386077850702662,0.351015411982382,-0.587683711604496,-0.193175176661746,-1.70648566661403,-0.342632779553946,1.83227024100634,1.65416619343838,0.644783456635985,-0.812652096074689
1.32781555744923,-0.656896673536344,-0.438867485200629,-0.543025544651515,-0.688423062172364,-0.884946522373789,-0.975506325439686,-1.08533786838918,0.853326160926598,-0.00632313343291881
0.374396951519237,-1.637954212899,1.27755411009443,0.264859390041515,0.401958478291684,-0.17738382969251,1.04944937261239,-0.308266289671304,0.163171626829624,0.257879172508534
-0.634945554160664,0.518211869734059,-0.213947789015608,-0.0664131799478328,-1.01581348228797,-1.06066482750369,1.52159064951601,-1.94389049995298,0.175775810502057,0.666928355070676
0.58645516182668,-1.22460000751081,0.331295572575616,-1.03740360591975,-1.07422123518324,-1.57417664747669,0.556410163437443,-0.740258314689852,0.512267261512864,-1.62485656963351
0.953571632671574,-0.762701149630499,0.608826464165996,0.765374467499024,-0.783359003301571,-1.00382672672054,2.06803755952204,-0.442422095088188,-0.447993123568481,-0.354405284972173
0.30711494556572,-2.25588914312918,-0.692890212330054,0.0313550533709252,1.15230850085446,-1.00291068409589,0.112305990027988,-1.08118459299234,-1.72585662810854,2.71142950943854
-1.46224771574516,-1.45187593783915,-1.30672765104396,0.818338805608969,1.35300146438605,-1.62324999212916,-0.48658704679837,-0.358611438761124,-0.779770493674356,-1.3926090777779
-1.48012818372095,1.19154523490185,0.0173245968965917,-0.260506083059973,0.596004910700716,0.359861447702306,0.46263562304656,0.577872834914439,0.538043838594973,-0.527673226521175
-0.6121680341014,1.68068995520568,1.02064637781973,1.15505353897259,0.710038223190414,0.196315626977977,-0.555725001775353,-0.207432890563379,-0.0721069836987972,0.778679835225132
0.8998476970657,0.529638729115533,1.18064439159057,1.21872867026195,-0.587850778110438,-0.816110794415296,-0.506459497214081,2.34660574746603,-1.27794463741066,0.450043984089757
0.202864219078844,1.97614772841112,-1.13017475701596,-1.14094646951581,0.612593589451185,-0.752398299370617,0.40699848010686,0.0664665645738542,-0.193582646421017,-1.92504115374683
-1.26048087885696,-0.683500310797126,-1.05670668570797,-0.410353124730642,1.28715865019724,-0.686660651999907,-0.654862417506823,1.77148830801993,1.51732967066091,-0.157859369838523
-0.321704824164872,-0.46773362563811,-0.14386730368618,2.5243776783759,1.40786011347521,-0.118169226709654,-0.345685772751786,1.1033874390949,0.152610893957449,-0.425479883535435
-1.0496923633803,-0.125093901196231,-0.129367922048574,1.3048533147193,0.312213152833465,1.74367673206303,-0.289824649117318,-0.589721095009258,0.545552339608257,-2.02084810560926
1.31313893683083,-2.06274281500159,1.55367318476448,1.76207123015813,0.088372315532693,-0.133065539944848,1.84021664952801,0.394992952685721,-2.04226379025346,-0.0482869344619834
-0.674267411480755,0.430615528055203,-0.638255462171474,-1.47726426165926,-0.0254091741931495,0.180020714462807,-1.5080536709103,0.93144599715721,-0.161497763769576,2.29486706419819
-0.895865465438812,0.517440097061746,-0.289221970418521,-0.380937804883854,-0.913494681429284,-2.49331236887763,0.184192988415678,0.0585315142413424,-0.289418441338094,0.0939121877405636
-0.218802147910886,0.738100975530517,0.609160672993201,0.774637735951412,-1.5222948662024,1.98355213333749,-1.57384359660776,0.704478097582507,1.09820734048368,-0.524052912127929
0.719503718661034,0.149304678135215,-1.25765684147398,0.102556011626121,-1.08019720274432,-0.101887664836638,-0.21265030985212,-0.654129198875022,0.759951603538932,-0.648194183038886
-0.211295285516337,-1.31976584769897,0.31268447662756,0.528507056186767,2.32758420162801,1.68223706863447,-1.22484216957711,-0.260367691099052,0.826830926511538,-0.57879964038167
-1.08863297052906,0.774242224203405,-0.85711380166974,0.35251872641177,0.423352450345076,0.354792379564221,-0.9733438844134,-1.39796134229818,1.27149450002757,-2.06755505151056
-0.471409899992088,-0.781195422521964,-0.118899617129139,0.349827384199289,0.185242121850866,0.519635020893558,-0.00366950901681392,-0.689747018306417,2.05626838155067,-0.0271402084477778
0.440123258804905,-0.454390044425176,-0.0759451248857982,-1.83460441876289,-0.418144080893821,-0.636438077283993,-1.16412218750974,-1.51750181296581,1.22693202499569,-0.1778883680529
1.1685282601113,-0.939992513728992,1.31346364307818,1.14434537539711,0.30551526879716,-0.178358393290051,0.815219886512249,-0.78621177429392,-0.358388685983229,0.293477838578951
1.27063044991637,1.02831080406519,0.379064118002509,-0.291966520528331,1.563624057511,0.74838972794847,0.986241667311769,1.39634138016561,-2.29140888773604,-0.0803692553961928
-0.212741551471002,-1.2136094318801,0.0676168205513312,-0.847368182269496,-0.166221475191877,0.189425912675969,0.393205441646309,0.596863717807032,-0.173223613703242,-0.118950013743096
1.06300444453471,-0.76871179860798,-0.70966748200951,0.973874076179432,0.746576191294738,-1.33426683051921,0.0135890495440383,-0.0296877252980521,-0.766892717625065,-0.750126668657365
0.334412240025254,1.35509548451862,-0.707103679602414,0.715655488936872,0.413475153084312,-1.67988187956385,1.0964295341062,-0.812715732377368,0.730515210047327,0.720127900909029
-0.537352200078011,-1.04544896060392,0.540335853582857,0.535641769723254,-0.0864832531179371,-3.08248765028774,-1.52401577415609,-0.76664129065651,-1.42199912042557,0.810501239818232
0.160327763803025,-1.04652020826008,-0.690787723180195,1.05777334746724,0.039407142303935,-1.51477780077276,-0.362736918837383,-0.190321289715925,-0.730282615108725,-0.140171125829026
-0.715518719221653,0.789849199320205,-0.214777995930471,1.57508908958649,0.577629606495847,1.17124865110218,0.76672328205587,-1.1331713992394,0.751127326933744,-0.759663509396091
-0.118236193125046,1.28302957379175,1.05427322823645,0.0389396872234745,-0.193485692378847,0.41987047119812,-0.236393439059008,-0.380515304889556,-0.516806148027441,1.56610477920717
-3.54905309477599,0.391111203998809,0.130934826557251,0.600140710992363,2.47026703112609,-1.20774872658201,0.470900043408051,1.08166061083057,-1.15977447779008,-0.0470782954966887
2.17014559975738,0.00591780104701466,1.01132901828775,-0.406356016133512,0.318897313658479,0.582838038645949,1.48673657502797,0.725541728750664,-0.263463999012099,-0.00364663976386637
1.14111347116935,0.228827190454003,0.560747052163216,0.724933016973319,0.578879178271393,-0.118171333082476,0.0591467486495872,0.461002053614059,0.710000322941218,-0.773932180559756
-0.471126268902291,0.694775951784929,0.218003125497664,-0.444804327140516,-1.92773670271735,0.268423914317175,0.39157747118899,-1.95977747916316,0.811342314413637,-0.53853394241041
0.697035041547653,-0.962879945435305,-0.3920749859101,-0.516571042226867,-1.72226788578516,-1.70848955686119,0.330146440797151,-0.901721255162819,-0.385662577986131,-0.180444476369804
-0.783421538115268,-1.28802317831193,-0.412279071383002,-0.97475582010661,0.372942688320046,-1.04114391954586,-0.901239751085893,2.1147260236725,0.73714005480128,0.911145433312563
-0.303907213087402,0.776354996891982,-0.317157944828063,-0.728132842681374,0.260464873145071,0.614230382220711,1.46938417661063,1.16416774573234,-0.00504167893175993,-1.00075527677965
0.528040846600671,0.199715238482879,-0.507944203950475,-0.0452029121628774,1.0977577823181,-0.620236801126417,-0.265054802830446,-0.920945115456995,-0.62870013298636,1.1509404250382
-0.602303519407175,-1.7115132659222,0.250640927885777,-0.504961628890869,0.0363353205942166,1.10442964873119,0.0562459331982758,1.35929239664561,-0.845837264757509,-0.337653645680994
-0.280585787974818,0.433577697821135,-0.22345814841341,-0.0938445525588771,1.37871884471001,0.768366692515521,-1.47739313208034,-0.760288377539874,0.505304348920146,-2.57773946920893
0.380826786886177,-0.503806124929553,0.274585966403327,-0.355173889906632,-1.42780587152237,-0.308051330669836,-0.378394397021194,0.596972873536894,0.644422168651119,0.963702684633885
-0.255658903631073,-1.57057129645377,-0.303741424654466,1.53108077112711,0.0743934012376562,0.292268957476497,-0.761981442461433,0.552348717452744,0.370098781367827,1.10207377803158
-0.241763409469948,0.415456073169683,0.853091886066196,1.04204952829941,0.96063048549351,-1.81854992694651,0.312249478646004,-0.345130234466687,-0.92712897629582,1.95713767724554
-0.630874120266002,-1.29172898488628,0.586429688205809,-1.18154150781043,-1.61268498532946,-0.42398226853914,-0.255011546540557,0.882184686299115,-0.450330103311354,-0.681204203028186
1.09227399829754,1.88366276122388,-1.13778959110164,-0.452525653204196,-0.730881759543866,-0.535627985110134,-0.464134680405036,-1.58936372778211,-0.925496093891636,1.61101027413648
-1.33906384757812,1.52393954111653,0.00349782071071714,1.07141426819936,0.595759006852993,-1.35615153628507,0.382658868494536,-1.31979788303807,-1.83070226468299,-0.247020953889206
-0.191491894700785,0.647856748570923,0.287615827434245,0.0117224944706531,-1.22573698879616,-0.805174300391497,-0.316552110854838,-1.70856866892584,0.993083318958684,2.01607382132588
-1.24655991844294,-0.768787493155501,0.287549476225841,0.612796498645946,1.48290424582235,1.21538507073085,-1.13941552932548,-0.194259889779815,0.0175974888294669,1.03707769421701
-0.0996089443142106,-0.972389613924537,-0.685512930835715,0.818907015229693,0.799317032477464,0.223837360780845,-0.552962127102995,0.113031149125536,-1.4605203934091,-0.330464442605071
1.83300921512103,-1.39949142751678,-1.8022906893578,-0.459797511632276,0.620949040881918,-0.701830059942983,-1.59234870992777,-0.48442657653855,-0.448800258577977,1.19239257380305
0.746965909221189,-0.436702986775463,0.641871452774696,-1.47184092324539,-0.516277534581531,-0.021045143417174,-0.859166580628931,0.96120420082208,-1.33107550076493,1.09143277369076
0.269484233016685,-1.4655106641804,0.79074506591388,0.240554871458881,0.960184485979028,0.586983236169112,0.273778379231647,0.935589680028708,-0.492566871664308,1.29892942678858
1.11627057794881,1.03712675557537,0.283227208303617,-0.7421389878885,0.958204739983602,-0.701881887434702,0.0228244226943293,-0.234317718967982,0.160321484885439,-0.291468130424465
1.01864834723481,0.344464105689141,-0.628465487621975,-2.0990157118386,-1.3049240620953,-0.0894196487226045,1.6053859954581,-1.35663377867085,-0.191378668181248,-0.59037485260563
-0.868242305959789,-0.920439360481248,0.854576884128258,0.403867189706071,1.76180571271435,0.54403001061328,-1.18996238383306,0.0400204965491507,-1.64140703402909,0.0574414455456501
0.0874322951256344,-1.1625382007781,-0.719805627609721,1.02903358108839,1.78287454146923,-0.446095219191754,1.26956610701925,1.11425454957883,-0.789610776206914,-0.139220807325325
0.985336969378028,-1.81514413765723,1.11794585979344,-0.328535042225148,0.576253121979348,-1.40546391765564,-0.17982361410162,1.46862041900835,0.109933402014301,-0.359577129938499
-1.78039511499767,-0.180264080570264,-0.61996453991455,1.11376857895702,0.837617374329589,-1.28581000873545,2.09129722941175,-1.87234154113555,1.42278556520341,1.02804865438095
-0.530821292140266,0.0752987263578104,-1.11772533625342,-0.447210279176642,-0.507411929817836,1.8919108486316,-0.075754334463387,0.312146246201797,-0.365758018264721,-2.08646706459366
2.20745985698041,-1.40207559407135,-0.460395189899348,0.287233595225271,0.408771580969885,0.612771067311406,0.302621183609486,-0.599982569709204,-0.495139317526861,-1.12762066784238
-1.64474979031917,2.27292416041746,-3.39232469040242,-0.430659973266614,-1.5382887585852,2.30016754242916,0.950671141264744,-1.74682887454819,-1.36129351357258,-0.951864486013604
-1.19764086863749,-0.448801219149401,-1.11959866063034,-2.18501230596842,-0.117718203211755,1.38376884125582,-0.0500882449868888,1.09171552432715,-0.0149423948354642,0.678459691223906
0.711451132672966,0.541003115095559,-0.75793716473395,0.569312663235687,1.05139111766814,0.211529464227728,-0.769258478457551,-0.290982205206165,-0.667655556821206,-1.83939396478991
0.572823755475665,0.283901402461107,-1.34402080525413,0.740870466324895,1.6929169850554,0.0683811461425009,0.833840516738112,0.748681335524313,-0.779605905331829,1.20415232284389
0.315656270359203,0.537294148802019,-0.241181908814203,-0.73870694935895,0.516237686899047,1.81001094001115,1.61582026388944,-1.36238488581499,0.223128769533602,-0.332810336746031
-1.47494615093739,0.916512172718112,-0.763258869214569,1.26385475108618,0.443210462616599,0.149634566722845,-0.627785288271469,-0.0967680542859805,1.39986263609377,0.330550605135157
0.31550816936436,0.0583161934629103,-0.694777304564832,0.454298413672522,-0.562063159947827,-0.919991617954222,-1.45964429311194,-2.13587737090093,-1.01317442154327,-0.0135438619764498
1.26060005884861,0.565229611865367,0.513566908069162,-1.99115642539919,-0.738687994808365,-0.134843046242045,1.91983862566703,1.7098858811004,-0.710524660096589,0.39718776446467
0.927318175656092,-1.11651341013199,-0.65689240119422,1.28359175893126,1.63011934355415,1.23531902736987,-1.23673724723787,3.25736136132413,-0.239685385096991,-0.575274292338936
-0.283363464181895,-1.33052795574959,-2.44014502930434,0.235059129069443,-1.78384780592496,1.37477286397426,1.89671830237093,0.346338785195341,-0.840433085914123,-1.35888851761657
0.99897368569006,0.990996509840999,0.151106780972506,-1.46092553120024,-0.099812766053547,-0.751050840626217,-0.418235283149075,1.64316295402479,0.0471910812844292,-0.0195578714633897
1.52086188989246,-0.530961519611462,-1.74914220743481,0.691052551266286,-0.651766037340551,-0.209599316554799,1.29581698670384,-0.0306877617413885,-0.297980200797024,0.981474798413541
0.716240091226624,0.163831142886968,0.331078381509482,0.740556164893184,0.107828276707592,-0.376664536364588,0.192066657339371,-0.426705711806001,-0.097825893647888,0.00619647276772238
-0.985179004851982,0.785648454968009,1.7912509202426,1.79099530675925,-1.0505367682474,-0.332054382986183,-0.48852639106499,1.28162791329336,-1.15973996074284,-1.20838441524651
-0.203889707201311,0.175598915552281,-0.696688984572808,-0.677215843399951,1.20010296215731,-0.9555512177454,-0.386644848114627,-0.99206814458032,-1.7102494043722,0.250623862179295
-2.01842022970399,-1.31736656243056,-0.31554908091198,0.582930378111343,-0.443513405916882,2.13217333127312,0.865331640426203,0.787874427805947,1.31382862706549,0.194952869509667
1.33822393806679,-0.150340486130043,-2.46011163721768,-2.44258049560273,1.6185057894946,0.391535557815918,-0.639485947468822,-0.212268604811039,-0.853060484008599,-0.371240016646225
-0.985144731023436,1.15000205887558,-0.500854214802627,-0.0538140148656483,1.04166615961396,1.82396383158043,1.72188130977749,-0.106250866431808,-0.190291261849917,-0.0078721066835427
-1.25271401349813,0.0442055988168792,0.627740749123906,1.62149753366404,-0.456420905930498,0.0489530712691557,-0.244736355239472,-0.861641088362584,-0.603866052446503,-0.221988446539301
0.314654929198388,-1.18229083220919,-1.72027410374099,0.20356019018023,1.27610558294166,-0.891538620627398,-0.751395203401896,-2.20212352860344,0.180078738409959,-1.06327073251643
0.168969014370774,0.948846019660437,-1.34268072099419,0.705764334126866,0.303276115759903,-0.334181156410525,-1.08590267927194,-0.788629596404608,-1.29994984359787,-0.164780254700705
-0.150141005987442,-1.15408757912571,-2.0284969843562,0.00820373465981237,-1.4530152739955,-0.560416604525569,1.44681659129982,0.873100392170287,1.47077331052834,-0.262461517825456
-0.0737196511731578,0.84427481600441,0.677346390520637,-0.584199600904378,-2.07886455966692,-0.0660599236680403,1.0151101030325,-0.290527769855974,0.464353069496611,0.207790286642661
0.98162926987289,-1.20718978775258,1.20578351324672,-1.28915251626062,0.749403857822346,-0.906470687123107,0.913941004581687,0.76342382584285,0.00638402087536765,0.379195212562607
-0.315048300559386,-0.684717232286992,2.36491123611992,-0.533808622965449,0.998648650370299,0.95026634590123,-1.24080569570357,0.0962957800017669,0.842170880774202,-1.93159950638153
-0.128137150714256,-0.963329601978632,1.69309808986576,-0.223364340013656,0.221119347373499,-0.497958476467948,0.692978859834053,-1.3507837547757,-1.32849114235319,0.210158368630065
-0.134474584243134,0.993208221985146,-0.351190656783385,-1.10627905460629,0.197279805889787,0.108609732413,-0.603960776165031,-0.725879319516348,-1.87904936425836,0.125165137140175
-0.486628487877681,0.0430019074359315,1.2756665970834,-0.307144000881414,-0.743207363584,0.896373476997774,1.71933972276154,1.02622445846639,0.457350475759347,-0.281043853493975
-1.63013056036761,-0.0382665334481143,-1.87053124438448,0.551739414732492,-0.652916930612092,-0.906388998589526,-0.41094773064816,0.688954792501674,-1.0363458632064,-1.15186192059092
1.08809600840069,-1.01330469421149,1.11692025712306,0.314305137437795,-0.519980255108855,1.56708299506621,0.174201142393881,0.388089628903043,-0.439963076861507,-0.184737509857011
0.0354959654352831,0.684160803381953,-0.0342153021685153,-1.52974404084923,1.19503177390136,1.01025629780738,-0.951653684174883,-0.398881247399651,-0.873692752637358,2.17638528178374
0.823614239152598,-1.25901336130092,0.41403565561251,-3.0026756414215,1.82409362648018,0.645241088586286,-1.17420472040199,-0.604750424163075,1.03719737825615,0.513230612228869
1.34186456777766,-1.20220141906804,0.313509226785949,-0.847009822710244,0.933693543046326,0.670988879381019,-0.0420258151731226,0.173452975881212,0.310809913592039,-0.879391735819896
