0.25410818663487,1.12362401831038,-0.808704016888132,-0.873005925566662,0.546549521244487,1.33181792845457,0.491475742220508,0.709454491238224,-0.38529766670601,0.236016168753492
0.975549255592699,-0.897998475018548,0.38230587080449,0.319682635243851,-1.13387281085101,0.313162232062765,-1.05648568237078,0.62565430422165,0.6837481478488,-0.615225345613555
-0.642076211647408,0.554769033536671,-0.0616806870884628,-0.887945579465655,-1.12095566981977,2.33070783672698,0.392051293015377,0.490793274604366,-0.92000453694667,-0.924230385124185
1.83304988878653,-2.1585384626883,-0.176339465399217,1.16802330571144,0.870913246947406,-1.04885686884972,0.208650992643548,-0.135238316068608,-1.37017035194158,-1.36733654986042
0.211896180885259,0.393438844730181,-0.121504431060708,-0.337217098950542,0.760500034582738,0.393100079600079,0.568762228001197,-0.261805955759695,0.616081631429574,-0.919040827039531
2.05099299706995,-2.50821053851806,1.24665263695156,0.391021667644703,-0.454257691542827,-0.0874541914954685,0.631975823334375,-1.28600921480473,-1.94793808062256,0.148911904173059
-0.923389937957413,-0.0629266907665901,-0.813130472228646,-1.51972056787647,1.21762746864158,0.841748704155924,-0.944472708184149,-0.748814221290984,1.20585831369858,-1.06777412041006
-0.137907301456317,-1.47133826790275,-0.869191292842655,-1.3295431772823,-0.0690904534185318,-0.337913436906864,-0.152970013573464,-1.69909274873838,0.586878410377557,0.675228913992123
1.19460679309285,-0.437188572450903,1.64924798292477,1.62340637797742,-0.0436003493311296,0.54660839611688,-0.205655774927242,-0.0257321668563548,0.136482203401432,-0.61713040736985
-0.548378367763826,-0.819926762180915,0.170909028716437,0.201816732119585,-0.0607317521252135,-0.384280913199401,-0.150066266877225,-1.19242695407602,-0.241915217518462,-0.926960216894316
0.61180332878535,-0.461646585186504,-0.15647788694504,1.43955368426188,0.235624508466535,-0.530939674120153,1.13534981586889,0.0995992189206373,-0.572299279164485,0.55111651291992
0.37483667253569,-2.39752110659315,1.29297863072465,1.00023054165445,-0.570480665501975,-0.0168893984545045,-0.794109507499726,-0.713552178746404,0.457607108884611,-1.8688736248964
0.604779805141432,-1.26908358489385,-1.62935355009215,0.847265155360937,0.858873216700377,0.868606212240796,0.129827491609437,1.05948709484474,-0.61736112603528,1.00606651758313
1.04729930252918,-2.19183559679078,-0.194890957167748,0.262082618622051,-1.10053002660187,-0.641861661349376,0.159308559696839,1.13337995618896,-0.0773479975065123,0.469700563755608
-1.61605864115974,-1.12171814922434,0.146088656163465,1.3543663249326,-0.953645630517673,-0.914550313857202,0.543204561767726,-0.60421232126628,-0.42527865576464,1.81832093375558
-1.92950557985505,-0.471414440358401,-1.67501845229848,-0.934175811043037,-1.32363783960173,2.58906063612342,-0.760494225333893,0.812505114929659,-0.962801416294854,1.05344452426152
-1.34260619018707,0.405558974485046,1.78366112815439,-0.52801079227377,0.943264141051021,0.259696568193679,-0.97687322945073,-0.277689764737297,0.620224781648522,-0.491852375441815
1.26396653815187,-0.985850439798928,0.8412163993271,-0.383336822702309,1.77714089798666,-1.02555490032391,1.27630366095658,-0.560890782621883,-0.406526389777533,1.52851714895652
0.721519385609835,0.947057176840595,-0.623410868762198,1.70034736555258,0.694471424176371,-0.413883728819498,1.46011801670258,1.4307944342124,-0.472332351445813,-0.32750592891909
-0.195606810097502,0.606555594380799,0.0244774400991231,0.616071628935112,-0.193586397641157,-0.940076712270994,-1.577390647936,0.168433220281929,-0.989372436532048,-0.597036450833048
1.60053140444673,0.704558282882995,-0.68924461866594,0.844206907957866,0.223933233831681,-0.493400260952574,-0.583318023801876,-2.09036949732163,1.07819602111958,1.77505963303145
-2.09122962857719,1.01447272359019,-0.837546418387421,0.302493414296688,0.680128960506842,0.0888340007093606,0.366130725131791,0.845641756211333,-0.737614167810136,0.899828632728315
1.87115145119177,-0.511561291194468,-1.46551406605128,-1.1349523547879,-0.352533772513337,0.50268821596648,1.12603931371433,0.874775346466317,0.996647945879783,1.2524092826291
-0.53827890904492,-1.76032686230815,-1.56801772016637,-0.420085638127956,-0.100718065724994,-0.225237228220031,-0.196234842863297,-0.307458795740787,-1.52372738152239,0.956276536658872
0.550355432144254,0.959143712847999,0.237967936565944,0.968631455524861,0.0702380709818178,-0.541876433136979,-0.376655731589214,-1.50249278891747,-1.26826043243134,0.529518929835332
-1.61664298103738,0.539862095453716,1.41483503509513,0.207456277796254,0.126017397303978,-0.299731696274375,0.521344958811106,-0.9175085519025,0.0108190182298857,0.656239286554106
-1.58492189563539,0.574843854415451,-0.039591293834179,-0.889823579574636,1.49016052896499,-0.991664029857525,-0.293888760780304,0.357874819672026,-1.15887320535169,0.826896991578682
-0.272144729374197,-0.155672259447834,0.401807154956999,-1.39064859064527,-0.474304218678991,-0.565608993997267,0.410667460519893,1.28467990573075,1.15048898951103,0.40592639611635
0.444111696624042,-0.0785523268892879,-0.739499076015842,0.122221026017064,0.750462806414989,-2.81189038536409,-1.28053992239607,0.44847681376196,0.969355706495104,2.2671142836289
0.304665548768578,-1.64648770740778,-0.500627278975124,1.33525018590495,0.34187460779094,0.0859153711840271,0.86757373407717,-0.621196426328788,-1.63870839516358,-0.869260149635479
-0.341873087843334,1.13401764120086,-1.42977120969233,-0.534719897814053,0.40344328166302,1.87884741740353,0.688446420363071,0.30669298321312,1.6432143378698,0.933027691299138
-1.54359224676341,0.885028255410286,0.0198505699673017,0.355688367276216,0.992489633304693,0.988987234956467,0.160259189510835,-0.466364690194233,1.19845234064491,1.89429779618423
-0.748101087513798,0.912711125113373,-1.39407770288289,0.77461028900105,-0.904833822812118,1.18020810442874,0.586292267314843,0.0967803368539881,-0.770951840265338,-0.00363566442024669
-0.814955238746356,-0.0822710601191761,0.22060869217842,-0.734758464941369,-0.27328962682469,0.292711196666831,0.492368044146266,-0.286757009152999,1.93057024837571,0.503770108560325
2.01367524541167,0.546032692225548,-0.936353661906547,-0.227585367072919,0.129778215446994,1.115891588803,-0.947355812909071,0.604998491449938,-0.0909629228633469,0.0496394107458375
0.29191818113128,0.94584450920515,0.503040469881701,0.176392951072612,0.0305754188878479,0.263434379987167,-0.233860581355274,0.287784683196647,-0.0827573192718377,1.57653336169115
-0.681029646466848,0.0992298281907462,-0.43813639090799,1.21659577353906,-1.25297121887771,-1.92880302214383,1.47994357147112,-0.211741021617813,-0.911947948361452,1.22837786042063
1.15764709845116,0.814105212577742,-0.457802110721663,0.500290619492407,-0.20204903935496,-1.49630369990857,-0.759316763729348,-0.453048784862171,0.86786157587606,1.80451909324868
0.766749403476691,-0.0312562956237524,0.804579921536278,-0.00363489510610635,0.27004491230539,0.272456961969251,-0.423209146715751,1.29241839699337,-0.16889079982053,-1.94982722945625
-1.21458618259429,-0.575743085224032,-0.400568161707217,-0.205682615483959,-1.54254941407332,0.828702446306358,1.81740200168703,0.0677253186307078,0.181883575402656,-0.504696913058162
0.555391471461329,1.31000453403833,0.444629387625662,0.302458746217438,1.50947226321549,-0.568988867290715,0.95175275242576,-1.17446415115082,-0.176913737088819,-0.664857043733413
-0.192716263720569,2.88609475135926,-0.640726150807555,-0.94200763373493,1.38508815892071,-2.29105136105969,0.462867527247892,-0.437090844232818,-0.594438728507325,1.97701288018866
-0.98245571009035,1.49353222270492,-0.421738968802245,-0.955443630753733,1.00130510418291,0.428258553411357,-0.317487513275991,1.0576231156343,1.56233020141933,-0.980754212107461
0.713432548623624,-0.644512486300112,0.504602308708717,-0.467061763235479,-2.10955961992124,1.36722406544026,0.446776770087188,0.244325857852192,-1.8546722913775,-0.667920007468365
-0.22937647490971,0.28474352045966,-0.116809269161861,1.01490038656869,-2.12057546487179,-0.0720913313744033,-0.0298747168388758,-0.0145060326468389,0.978466504743706,0.49230378323457
0.58821904084134,-0.272996432591933,-0.268092532189473,-1.3064984371654,1.70271866497172,0.60371342161242,-0.0095078720702591,-1.83971023916047,1.88141279257288,0.725279683902151
-0.0865727123894547,1.20254573388051,0.131096540609934,-0.76428452806888,0.332650774185105,-1.92758253614091,-0.188817517959721,-0.88233986689174,-0.330023774971521,-1.91548960343255
2.11026635244704,-2.30392992972544,-0.481342999561362,-0.769580003105919,-1.09953191700988,0.171657759177372,-1.18902473937669,-0.616345645849334,0.0890647060750713,-1.07962495096366
-2.13204601203415,1.79166145620376,-0.488594210026053,1.6719165569798,0.697922533582746,0.222791933260247,0.377763650851448,0.762579894228407,0.130192914084317,-0.741063899452783
-1.40923134390141,-0.53629617675287,1.64439971152759,-0.34598639032661,-0.647404001890003,-1.59663395506081,0.576601494235793,-0.081567009210648,-0.866287250611447,0.149583908022416
0.488628476361159,0.0168389122806467,0.425482819504167,0.326243774145265,0.694099495304517,0.231232323800394,-0.784308365306007,-0.961966137573615,-1.21713584743664,0.0999399348703753
1.41951129249166,0.243384387719157,0.0996020379915836,0.0418103528235953,-1.35214098206034,0.561659220590992,1.06540452000609,1.81132104500013,-0.587359511537793,-1.46429707258588
-1.22719975529739,0.724639855771997,0.183079306672686,0.408015555235777,0.422420618616609,1.38401416145087,1.00522276584413,-1.76723126466258,-0.963198299802609,0.60865361896225
-0.453630526926062,-0.810509702066186,1.07460551001104,0.156840268274013,-0.0586910321729589,-1.29031008413365,-0.302470726504063,0.25552379566855,0.0346468883698372,0.389598522835117
1.5250935600012,-0.685749244929503,-0.329061758103794,0.480231467105952,-1.45988103954483,-0.0870630148153173,0.0954056278333048,0.510342093916078,0.573396259962423,-1.60282469018825
1.24394467325467,0.39955025502173,-0.894411696134694,-0.430521402759286,1.90652160063922,0.605534584138172,1.19902998983792,-2.08983676989162,0.659364975073606,0.174721614084822
-0.300522819029588,-0.977712630677759,0.496424281695976,0.114275983824982,0.312176439157579,0.418051726434871,1.53577222766011,-1.1195808395877,0.548664742969647,-0.276131327191207
-0.167737126694403,0.973881764406927,0.855567786462964,-0.279025946417434,0.846756689571534,0.496033350236962,0.93971670439303,1.11632510475932,-0.869229886155098,1.17707325441525
0.788256620494396,1.49191839498343,0.338625151482802,-1.06670647712104,0.175603259399884,0.720748798318006,-1.3944760739274,-0.120203015157043,0.888000862615619,1.0243761488451
0.750137551929412,1.10025898730953,-0.0545019853727753,-1.21135519982462,2.01780971294718,0.589511347360024,0.87716523410903,-1.6002375713026,0.0677097835026803,-0.681330153210701
-0.210995943349744,1.56124849407025,-0.11700287447295,0.958715020673441,-1.99697179256749,-1.34231282386841,1.06173736768714,0.0325612192791255,-0.903564495775854,0.415796567391397
-0.700042884952292,1.54597568192359,0.513821447088762,-0.49606354018649,0.0276612409005287,-0.185349174268058,0.584199779639139,1.00203786016264,-0.155234977265871,1.85629367750726
-0.649264111282012,1.44130906661403,0.304790538080093,-0.504753931739653,1.33814326536836,1.05747138842293,-2.23045020200224,0.744437501993655,0.371426294525333,2.70964834417329
-2.96621550373605,-0.0119160541280607,1.23688466746037,0.976796182632748,-0.80911951452675,-0.881299532606196,-0.940660305332617,0.946776493045683,2.3421062912332,-0.172577432487952
0.705538356744036,-0.996611607164726,-0.700171133250399,1.44707842497634,0.153339653017468,1.37490827982939,-0.831344516520706,0.0760339505814174,-0.469477127585831,-0.327007827042334
0.211387484025875,-0.714124770259834,-0.103401121116108,-0.0174768742137326,-0.654408003829955,-1.17960986044301,-0.312072115519226,1.032779253578,-0.734898043302882,-0.766129670408995
1.08722624539978,-0.0307503848839601,-1.85257139082078,-0.883004926526946,-0.52196763187346,-1.89500751213633,-0.9626892748084,0.164842721753715,0.184846038585065,2.25674290707515
-0.0456192612718253,-0.454541820678426,1.41214846421987,1.51284718599631,-1.42991465111309,-0.56370438659589,0.763193214256991,0.234063770491811,-0.459870402251353,-0.355596500218353
-1.75977173955989,-0.24248716853368,-0.513138387226984,-1.15860747294253,0.196304505082484,2.58498436103021,-1.24881753616624,-0.344631559268656,-0.627775932789855,1.88919260101793
0.824413310821949,-0.550106037336758,0.606123311908975,-0.898560247832516,0.286967061272161,0.694259763083355,-0.140514816869365,0.51429872519353,-1.25948710381982,0.708319494964913
-0.452291817276709,-0.181661448837044,-1.07374435741989,1.61015003685053,0.0789388671777931,-0.579218046069042,1.94171322290117,0.940688702523751,-0.28562630797091,-0.823154400577059
0.28477637298111,-0.894933017015009,-1.14633352009848,0.928331033309382,0.703864559228725,-0.0617815959260652,-1.00457838748978,-0.875546080753355,0.410685914916301,0.480440666593133
0.933054018229861,1.75410851629238,-0.131799810540368,-0.726683741756871,-0.202171764835431,-0.882360034525162,0.801045574002168,0.954380081541741,1.93308729103465,0.239584609817675
-0.585864689275607,-0.195430064480337,-0.071808042643912,1.02787666872201,0.675008800075837,1.42753879615525,0.558656169861045,1.0739759174393,-0.141054970778189,-0.0576281808774066
-0.474138160349507,0.440124869637986,-0.421161794063471,0.069690101961161,0.724894639148058,0.633737120782604,-0.394206187093308,-0.778811534355265,-1.02648206699514,1.61411307987008
-0.757291848957291,1.48020608675142,-0.0904982618947914,-0.311055172077582,0.18933492968876,-0.450242273202226,-0.617729729884966,1.79272373752681,-1.01867261029287,1.445196218973
-1.22910988495641,0.0559296232448337,0.0389161491400168,1.12005714928551,0.0470400554195497,-0.687482127571589,1.17083712087747,0.0797136702302154,0.139760201647493,-0.652930250994169
0.159479996385669,-0.184809392147113,-1.1598772767762,1.87306614203832,-1.17599948555599,0.592982632053822,1.76060563197898,1.0257649038632,-0.726261016859195,0.414171917908356
-1.86997033182665,-1.65790492126817,-0.466271475416082,0.606652307175635,-1.41164633177012,0.469896736473774,0.510477872182049,-0.288265055683834,-0.118534394240598,-0.979258108997769
0.228835081161922,0.681743485219852,-1.39658765963844,0.112540485414552,0.238162124210371,-2.72657930807099,0.764800418401601,0.32702649528522,0.629157497194668,0.766150022033936
0.357441195645206,-0.376092533369067,2.15178801515975,-0.122290637140241,0.732815269992983,0.631263204388394,-0.519431726851412,-1.39921051136969,0.0304209203828576,-1.16080118016446
1.26201218637929,-0.996293755746751,-0.803054339288645,0.932707572505975,-0.331766423242102,-0.117164890434462,-0.671110710619046,0.608380745180783,-0.318975921946776,0.824640367343824
0.346426301266276,0.175123017593533,-0.62894561895606,-1.00437656551449,1.04175989207086,-1.11100118331301,-1.51841205776237,-0.430897857743958,0.510407995699049,0.11692403270654
-1.03521708928581,0.792905724415642,-0.258163559138294,-0.806179377261347,-1.77670458995215,-0.668998949997571,0.493856762466528,0.426413030819945,-0.809998751055971,-0.36593156013857
0.673646545895408,1.81856330965165,-0.0648332209558168,-1.20081267664267,-1.07973764705847,1.12081164849476,-1.42273694971906,-1.46006827008848,1.9141298011159,0.884036464857227
-1.05033303027827,2.43372036572496,0.906667316893357,-1.37803467201172,-1.93970688214057,-0.343391766766609,-1.383260601319,0.332403739358813,-0.234665957244161,-0.405225923462794
1.31465617496824,0.106019771058156,-2.16607912870883,-1.07808869111274,-0.707138723805454,0.14920816998122,-0.307048584823078,-0.797532815556549,0.782862127931652,-0.953320349154792
-0.727085348235349,0.275985209722363,0.288343972236444,0.216513049841682,0.624519716511692,-0.888729785364634,-0.965945744120595,-2.86273911195734,-1.10627851430265,0.566851784252485
-0.193605190770913,0.311250826806982,0.353978830193193,-1.8425928122177,-0.785564465179002,-0.469734329992062,0.377550532504877,0.132029004023393,-1.70557916536592,0.258504440463439
-0.580969607095005,-1.72496233019812,-0.485685899372795,1.07776585529862,-1.59474853651312,0.0541878225390853,1.24405966260628,0.163599993187594,0.877395391636361,0.104704679884488
0.236950927118135,-0.684929838703947,0.28775563822079,-2.67353417526251,0.103862700206411,-0.135093547084371,-0.964897383207857,-1.04734971621735,-0.242769244066524,-0.605848031597768
-0.65844144065624,0.237787547181493,-0.388434812407033,-0.34575891986585,0.324126619479729,1.35439374927025,1.51579924972594,-0.869905230239642,-0.712389730503651,0.704056005467587
0.0939051583739453,0.464643459726576,0.235970444204104,-0.0376220672665247,0.619308819586874,0.0407119672118349,-1.46384685380175,0.204044961071779,0.722308584695201,0.0910272381059818
-0.440338522483032,1.64922996826101,-1.50366581326156,-0.387724538939084,-0.661298783670576,-1.8790781919256,-0.243477888296889,-0.293384697833636,1.45181623138272,1.04758585739209
0.149482590469327,-0.706151319737141,-0.374859434676264,-0.36622627728869,0.39191324240993,0.327714429745638,-0.601113002733653,-0.840949978565869,0.768102138600503,-0.979560014385354
0.58613495251151,1.47255472342187,0.0838417886058714,-0.144576691236323,-0.988919752728862,0.161410967312507,-0.546744398699741,-1.21340002472651,-0.898806049856079,-1.88727618024741
1.19396705226355,-0.249290582267711,-1.13809247119733,1.21916134092577,0.577359172654086,0.374321920174216,-0.589329639051667,0.804719739539037,-0.699880685132809,1.69688345810778
-1.26150493473019,-0.443709105408485,0.388988023123692,0.405143566780382,-1.1621614827121,0.228351095717935,-2.41331636612993,0.522358265809072,0.873355723632077,0.283440506559944
0.493219546467979,1.51379105115927,0.783848563837896,1.41680083619444,0.738112324482109,0.546409397195782,-1.02164455738771,-0.876594747229276,0.868433248240907,0.305641049042117
-0.399756164693649,1.17550533126807,1.68549946608396,0.131131195635881,1.13419025191476,-1.54267760179076,0.337494661394295,-2.08432154777787,-1.25858300751849,-0.327468086022454
0.419056003371586,-0.399782831596365,0.992969122966444,1.5929921949363,0.0775375068044693,0.652120864684253,0.991102508124247,-2.28758365842681,1.81118779149106,-0.787507272496973
-1.40046026797537,-0.177188124629029,-0.672010171170505,0.113548482308258,0.137358507006039,-0.00534820160501133,0.244928926674949,-1.32274632431391,0.310631743831536,0.961618431604291
0.726076376492277,-1.07286158595163,-2.224652735303,2.39544052333854,-0.113110273428189,0.40283721490945,-0.098584332222378,0.878529750134485,0.465865657972351,0.0680463342244339
0.5385078729855,1.54646669575973,0.550626976465277,-0.270160401007672,-1.50567245720659,-0.328423197001178,-0.344484392180541,0.0120519074772984,0.00199054518896418,0.0732716966636609
0.416076110479603,1.49312781220813,-0.860587144768918,-0.970939367148967,-0.0858381894729081,-0.634927703926027,-1.46160602209629,2.1580479006001,2.91201464839356,1.24887877428031
0.165855109219781,0.18839797964711,0.167420091674061,-0.0060575968147576,-0.17493052365189,-1.31981934529768,-0.600457486834773,-0.777204962868017,-0.758151554331651,-1.74621042178776
-0.964156315677337,-1.22107601914898,-1.26503336404549,2.1553859542859,-1.05266966339819,0.488666825070702,1.08344796062563,0.555795183655939,-0.633725324126784,0.803872839704319
-0.453776937210306,0.85436167975409,1.06794173543131,-1.44561429345833,1.12397101337138,-0.0866493734971292,0.25827057529975,-2.07903863762435,-0.213556665252589,-1.51692349732482
0.381565169353301,-1.62015514081403,-2.02280755340164,-0.446963641210046,0.533575593598971,-0.0773353023947113,-0.451547954666501,-0.317506458398404,0.00700927455264044,-0.204858533157563
-0.626479933676237,0.289535032362152,-0.403458010913134,0.603374374631672,-0.4174147669202,0.324950035143803,0.87533762577642,-0.0177316268718049,0.25526658771619,0.252808672486617
2.26111432724382,-0.0800623952579506,-0.0670826021712036,-0.138834392095594,-1.04268168063548,0.688212953662158,-1.16056658178078,-0.441480743849119,0.409158079240418,-0.598539441413367
0.788238009988183,-0.466071711798637,-0.959621800574195,0.850530270510293,-1.09955962341593,1.72511160609918,1.03631844932916,2.14983085170792,-1.24388093695797,1.26303921627199
-1.25361050364198,0.692247453143295,0.166419331332093,1.62661101087992,0.446080864104014,-1.24998456010381,1.28354026821447,-0.190343759878526,-0.855483760105159,0.909094537493903
1.53308004317179,0.00725439249811469,-0.414257995049759,-0.0321015764512252,-0.492501328891734,-0.910166739180638,0.578467666248299,-0.474065601111078,-0.100550815829717,-0.618665607971697
1.27598112903003,0.224833151874137,0.523091654083293,-1.20926163580006,-0.394783760983557,-1.2412574359758,1.66290641112421,0.152569093346271,-0.232361362150994,-0.643607368887622
1.0134088416082,0.721613308250189,-0.292589408844044,-0.96824372534153,1.15856895186375,-0.745599998615634,-1.03545268421739,0.372174019701458,-0.459442351712071,1.93632635114165
-0.551174597081881,0.151184905775162,0.288932986388496,-1.3871791341248,-0.201058692106164,-0.561243136698599,1.80537358158434,1.31005474635166,0.358041968030339,2.6510636974718
-1.99154562786414,-1.23469721224556,-0.142935223492133,-0.33255295106153,0.404147514085768,1.71135015222126,0.359558750571851,-2.0239841829546,-3.43548250442936,0.210980695613746
-1.32862917277667,0.88982420423208,0.39766333420699,0.221338333044686,1.1185638044314,0.0743334744147163,0.580399162514898,-0.895615896152673,0.015674359803386,-1.94719844586535
0.00570807419979221,0.949558230260732,-0.0713155296809314,-0.323599877698622,0.914465039951667,-0.718329083123753,-1.09374035872933,0.11165503548533,1.03782357166366,2.54275542753375
0.128186498570745,-0.391006467721864,-1.82548918793994,2.65398256822738,-0.329661330298623,0.804517636691466,0.384181863566494,0.308038558340657,1.54149781371674,-1.53520266109753
-0.619548718345487,-0.151019497916756,2.3049093972277,0.468187517086524,-0.472062021583402,-0.614434901611792,-0.7314974867492,-0.346477067873655,0.76942694589014,-1.73457407475728
0.135845476192292,-0.241713289279678,-0.730949784747249,-1.31612095280992,0.571469851922834,-0.855851134104481,-1.17620610028612,-0.0100555903562852,-0.583075201862051,-1.61517688046652
1.75754907497167,-1.98029357395482,-1.7866404540422,-2.04208149851607,-0.819678325159881,-1.49500675506205,0.798250255018616,-0.834613007639134,-1.39711341112421,0.0080621801468554
-1.51975182340029,-0.723159719954858,0.524355049460676,0.358813697373373,-1.23675147679796,-0.656557338804937,-0.181482068324241,-0.581505597122545,-0.158226107922543,0.0660492292357365
-0.00112086419700967,-0.110099635068677,-1.16515321066279,0.490059931193768,-1.25156174542673,1.02076341940568,0.827088234245969,0.160047348825449,-0.646518252323724,0.518918082157234
0.771305619813726,0.990013610227373,-0.714723691420701,0.933317235692582,-1.98543945119374,-0.920984943496416,0.475349830847024,0.496841898862618,-0.212348848442333,0.32362936211395
-0.33617405837819,1.75116303768722,0.5633990193233,-0.321452512131845,1.16346371348066,-0.945848089642491,0.502779396682557,-0.717892206250953,0.0235647539343451,-1.28885502777536
-0.484440792387651,0.973396528883616,1.39602947740176,0.321628487925878,-0.745953472636223,-0.658499553001434,0.916886720217813,0.789864131421363,-0.406116111243711,0.340941179270906
-0.503060032304523,0.710966614990873,0.402026913174782,-0.494339842825483,-0.0483998594840167,1.54165088668657,-1.43760444868071,-1.34672297714724,0.730991183522874,-0.179868228298605
-0.983237905727689,-0.819274079070565,-0.570416826228228,1.14998087086255,-0.221149543585205,0.302042656265402,-0.592222549262434,-0.794662882622402,0.392933920574988,0.508553956826399
1.19750260609351,-0.730020039878928,0.382546520051434,-1.70019929690497,-0.142096204229756,0.71038530147436,-0.362937609931064,0.690330697501842,1.09801796955945,0.783175080084951
-0.0662281044386514,0.611736835485731,0.888292816532344,-1.13755972848649,-0.293263080324991,0.794181632214711,-0.197429005495667,-0.614575456556344,-0.918047388838478,-0.464143851725319
-0.232787329981828,0.746768016166097,0.187853174872433,0.556267199950559,-0.66750793828302,-1.22655064955098,2.18385656460512,-0.439699113427251,-0.0397242345631675,-0.939852681775957
-0.00265956137132588,-0.358164928759067,2.13492162900658,0.371529024235891,1.13215743064433,1.78507237583808,-0.0167229139572007,-0.496474214713005,1.0207794306023,0.964855586909388
-0.846329677067035,0.0265388389513991,-0.562871173220274,-1.37604853421248,3.06997851123629,-0.545429762633778,0.377057654858382,-0.298712600894915,-1.82923310210552,0.00245114625827324
1.40280360892455,-1.185612751369,1.62879694396664,-0.60477194200361,0.62162270402674,-0.164516241231694,0.962161216172698,-1.24990821247392,0.204413574903152,-0.885562305564107
1.19603779142667,-0.318574964644925,0.212500713253319,1.62015747796463,0.663801955895686,1.6882256249156,-0.997558566026095,-1.29498671379564,-0.667273320999623,-0.224290552526238
0.515170694517,-0.651918699050181,0.128159142301957,-0.905561192652503,-0.300498604327823,-1.52033871317098,1.84272608223514,-0.0843723803492542,0.058883436342648,-0.893406073143981
0.399861619655897,-0.164262192369856,-1.5911310052816,0.545853594424542,-0.318128134734688,1.06593283307223,0.047102379257915,0.653071438688315,1.52339665097811,-0.814465444528773
-0.430801627814476,0.173035432451776,0.0398892805409655,1.16546243846372,-0.422646746369563,1.3893074203656,-0.481870376456965,-0.438862498929501,1.96670640870821,0.675508134661825
1.70806545665934,-1.10782494339836,0.141597628735424,-1.5547130876995,0.0155421237382485,-0.00541348355320394,0.666944670997272,-0.745477693688718,-0.229025503023647,-0.022966792766494
-0.6651667078191,1.87286266004735,-0.564532721089362,-0.501438880608104,-0.482180281252001,-0.403192159392504,-1.79378893681801,1.154230780277,-1.37356044993154,-0.160549812549134
-0.833556610903113,-1.36166313299113,1.33708147300966,0.976227691271606,1.07098808095538,0.751100605262445,1.42098287911729,0.0486683295072917,-0.576739341588868,-2.39372120184106
-0.496460345868353,0.303414821690358,0.539243051270349,2.43445978433154,-1.30864509841367,2.82240603016609,1.44818783852181,3.11363445805417,0.5124846557055,-0.614900749565462
0.231472276310361,0.0610960878836078,1.71095554624538,0.0985685810804136,-0.350934618209596,-0.962876400678805,-1.29747177168238,-1.20521312838419,0.578869213465513,-1.7529463382331
-0.301599011233862,-0.590577997474207,-0.690454976727681,1.63830798211985,-1.26872937282451,0.0658649893464269,0.140914767360695,0.310664301365687,0.754505424533847,0.195802697553442
0.194738846504337,0.539727513588556,0.607632335166835,0.31533627275198,-0.439058952626103,0.00992354781790999,-0.940101851910941,0.815729503551835,1.02468319545239,-0.207917061066827
0.359251261413971,0.528313719045746,-1.00530188755479,-1.50960893568417,-1.33835828472155,1.12186846891549,0.162257416414696,-0.2115538130949,0.876620976431563,-0.000312460677803422
0.29336179497298,0.551172138925448,1.23848276705086,-1.18972142014038,0.855261555153171,-0.11763461570885,-1.56684018455015,0.345084384125554,1.27600153485287,0.572520826080099
-0.20588475242522,0.250102193774894,-0.479396574481811,-1.50790304465021,-0.119397420536302,-0.262921116344744,1.12780317867039,0.479962958171235,-0.0508342694375755,-0.285420775147786
-0.339197733869691,0.739642082827166,1.68309220027592,0.615375268575545,-0.574242913964327,-0.404522068710836,1.57558489256932,-1.30064584954763,-1.56632379085125,0.941072657970942
-1.39987225999617,-0.18507621768499,1.94532925918665,0.0133537640094938,-0.781245079755573,0.316182516049379,-1.74339685214665,0.170875635875352,0.931754339110047,1.81828942683573
-2.47124240786208,0.178683468655072,0.101900268389356,-0.476646826248893,0.484385965442881,-0.765733102657514,-0.21613639188256,-0.501256737725693,-2.31620746912211,0.214678909591962
-0.445358692397957,0.755591386187701,0.558993847537662,-0.417259607859306,-0.0326024152531906,0.129215782483059,-0.15532347231905,-0.270492784119079,-1.19079074946058,-0.983248679346964
-1.4286723347637,0.87128349727136,1.27706648089199,0.64720508624011,-1.23691892105366,-1.35674492940476,0.453083357421016,-1.23042909729925,0.402797256906024,-0.18647123382191
-0.406735789964215,-0.416218951244593,1.69973193982273,-2.77368085244309,0.090761707045392,-1.10161267391587,-1.53302503578267,-0.27693242693627,0.608090692462318,-1.12741768778078
0.556048104346416,0.798370525405716,-0.100104743675548,1.0994550997872,0.182827955362547,-1.82268652744754,0.971081273385896,1.02358336272879,0.0390535561553816,0.873633111788374
0.288209006630515,-0.63821278111598,-1.09079332715278,0.833449784589272,-0.415316485246207,0.779596618651102,0.479742676597037,-0.129731675126523,-1.7024479784097,-2.09974629871337
-1.24052689477046,-1.46942971869544,1.00447742661712,0.890661062516852,-0.463246639914119,1.06967547677875,-1.00054063851655,-0.87557702694943,1.11879105991154,-0.390609925087068
0.205982804465167,-0.105432795265944,-1.05642764784117,-1.2019882417316,-1.24433578376194,1.08839390869343,-1.47405172472244,2.15697600370594,-0.118793602036671,0.282281499391858
-0.561407987354361,-0.635079085992559,-1.43851743804793,0.489989809975903,-0.102786688230285,0.339626991982032,0.360198598572703,-0.626839372853122,1.71246097553772,-1.78853211702822
-0.885113723555318,-0.100770820503827,-0.560899856104494,0.376780409433099,-2.75596952758498,0.0229520766804067,-0.455248796658994,1.79502507780833,-0.505516664508569,2.10462625508818
-0.270657832523736,-0.172321086478009,1.04962099785215,-1.01544699932069,-0.126010283381046,0.706845435714675,-0.810115292360102,1.0011880814927,0.126029661874103,0.228664891017387
1.00045264274005,1.48777880479901,0.424624052132064,-0.737956750938177,-0.416311567318894,-0.14806410229123,-0.958894089883574,-0.645199457973317,-1.22225762975903,1.27199193773979
-0.0515846339704593,1.35095559496509,0.103339379585614,-1.47066223473751,0.0409760503997482,0.626514955514607,-2.34564042480488,0.383175925858872,0.961700154264492,0.937923863867194
-0.253740738298468,0.530933751075259,-0.393571444404552,-1.80772673811173,0.155617012935502,0.697156493246928,0.183479606007651,-0.857863438726294,1.45115537271716,0.00817250547066119
1.22355570366906,-0.373908871585786,0.363897915479872,-0.859380495100119,0.546896342418575,0.354405135038994,1.25402994333104,-0.714371024516212,0.628967122451839,2.42323032889935
1.06347154870151,0.238339757333451,-0.610046463685108,1.12393978467188,0.137711221333282,-1.82923172942072,0.337390040030556,1.47490564964764,-1.27643912259526,-0.63769819339005
0.141296043396068,0.609918475381416,-0.755978728036464,0.405020816856246,-0.742501628690427,0.179397772224086,-2.32178544839224,1.11139054596276,1.91905191744185,-0.344039552235979
-0.146345758144039,-0.30654423998474,0.245713115030919,1.24070363429547,0.203413945675995,-1.7659008326676,-1.46182315622233,0.298168921460701,1.7561297895073,-0.0699372176982454
-1.0040375013787,0.0802699727549754,-0.68521899504301,-2.6701863613693,0.341678364862666,1.87020922834896,0.10693228590314,-0.293663460595399,0.200481942460337,1.37706877308172
0.378327224545176,1.70649986820215,0.374871847089839,0.0147772663084964,0.044828951934521,0.314646591075824,0.741033997409581,-0.305519623014696,-1.09425234087344,0.402671254013084
0.023910921124435,-0.671583813445569,-0.774225095129222,0.0619942354669694,0.23482778685395,-0.902193126392855,0.196991371387266,-0.806749731241816,0.948807101182767,1.27408005631947
0.0374071857817809,0.372077503785047,-1.11127282058938,-0.819732646630075,1.93859444256584,0.931382485557211,1.21434796047721,0.132315093029751,-0.797439026758959,1.68411525689994
-1.40567609908348,-0.269049770508434,-0.648307409846,0.185820162938876,0.931201274168189,0.0768747267107729,0.438195316835264,1.07549493674626,0.961390937707828,-0.912899570058554
-0.03301498809029,-0.284764236997661,-0.333452616594874,0.848355056838653,0.995197637386681,1.20816104656905,-0.0901179499137922,1.93128264826554,0.742440960336227,-1.34729935850931
-2.36796693593287,0.180639817573133,1.43576333736794,-1.07895247996252,1.83202582989584,-1.01062715483932,1.46762818506137,-0.517926391200404,0.480692544549577,-1.94272064846639
-1.72068438164691,-0.520810154903105,1.24767216751837,-1.38306204313689,0.217222120348661,0.037380875146801,-0.424708451546482,-0.416933516217708,-1.20777915433148,0.526911114819119
-0.644398294597713,0.805394854576245,-0.428873342881915,-0.0366969912787028,-0.978190609974375,-0.030798533359088,-0.199892944430049,2.9469833199967,-1.09258081205896,0.0356477295845697
0.948858587601489,1.05699580860637,-0.840776758108222,0.157388449558731,-0.19242650035165,1.14766534153211,0.341273544941512,-0.555665364507191,-0.0500124618010522,0.352369678827722
0.678017796968418,-0.176174966910101,1.55487828964195,-0.707258918657314,-0.500149922886185,0.0557042786867939,0.108566719578227,-0.596987829027865,1.03185262852471,0.753125763020801
0.147880181954698,0.340593569477015,-0.714085170703544,-0.423460585749371,-0.822062155109672,2.14253756345299,1.19708966780157,0.328266586314123,1.39709641499597,0.853450403413182
-0.420618256230211,0.617027088503495,-0.236574932551297,-0.478550608424163,-0.306942423158616,0.0831070451041765,-0.811255983388263,0.963450976544054,1.11487018447598,-0.058333563375944
-0.364343751897785,-0.896841713800079,0.188528314652235,1.6859385581304,0.143677553476576,1.43492501646048,0.46451126904826,0.64394972090702,1.5794322403737,1.77709695249062
-0.514114801011782,-0.0892369964122112,-0.403658122722008,0.327538080661954,1.06203534977125,1.17188709209069,-0.263402230990132,0.288443003824434,-1.53465035567649,1.36459541784477
-0.432245691064146,0.643711131022329,-1.42480932999862,0.600556341943611,0.654652061507266,-0.519757328525947,0.0476929929901466,2.34063287869551,-0.0719779405169442,0.615567178397574
-0.806153113293608,-1.36091816375605,1.33417323159767,1.42231084981613,-0.251200097674813,0.761516282388082,0.49576374317547,-1.31352291414346,1.19256579289871,0.251211001403912
1.54486951204516,-0.766649056967198,1.39254676697075,-1.50879694226296,-0.083211342416461,-0.381508184145609,-0.552152798063795,0.389290679335027,1.3194884448586,-0.499728942970656
0.261430056761584,-0.58077431222572,-1.53167355059825,-0.0545730964936136,-0.297956460344082,0.323154246185309,-0.836992719047644,-0.57696315562649,1.60440979967317,0.608389533767702
1.03669332622804,-0.556197677971468,0.562623738382817,1.69126029425605,-1.70943484921014,-0.91333947736234,0.156532488407275,1.35742605125536,-0.939093483398996,0.684996219587199
-1.05766015816167,2.13975345169956,-0.933370466817977,-1.51489093798481,2.28557682170201,0.391481611056529,-0.603398404645344,-0.321855276629642,0.580372758420241,0.462153840656554
-0.680351307819784,-0.599768447582897,0.248261199813642,0.573906836469106,-0.114117206845861,0.142880177941447,-0.156765783736239,-1.60244833496932,-1.06144263879813,1.58063020206055
1.01924254662172,-0.627412257935043,-0.608437968555156,0.0835706034974676,-0.0967677405960484,2.49422491491855,0.277893608611656,-0.899550781187837,2.06600030593455,0.231036195096128
-0.331656555126986,-0.0178791764826836,0.553333855729757,-0.807194953156769,-0.171443346397872,-1.72189140329003,2.27345960305426,0.515578562835865,-2.14367613023077,0.889680053104114
0.456630025940797,0.535651213665908,-1.08810072380981,1.05023988238998,1.50038660057671,1.04835553749975,1.45520568215921,1.01859937410912,-0.173709538831405,2.17778648798939
-1.3436704081104,0.910930289149121,0.100164708232872,-0.961905674465076,0.0453434234729305,0.34405623796976,-1.75920082055727,-0.847407934925529,0.343049282079617,-1.31106368767175
0.618794621974,-0.752154927117774,0.370322371542276,-1.49951324262938,0.707542568078511,-1.18605859853474,0.672464211004604,1.04293654860602,0.0733659375332436,-1.77927788497208
0.0613046351882531,-0.335884547253561,-0.382249208040243,0.366831853473706,-1.14425627086754,0.0479418866245852,-0.691085897312743,-1.81164148187176,0.581108456153449,0.277490373365773
-0.0960757779368556,-1.32615388836878,-0.425634684592382,1.50566535767306,-1.33816418452882,-0.173431882787842,-0.0505556319595343,0.288380580941854,-2.03483839183325,-1.22535742330275
0.500368532939905,-0.525612373532696,-0.787950941215028,0.503554860720063,-1.32353512765124,-0.627002132068595,-1.38674219112732,0.437600964206764,0.0613784299885793,0.730653778961062
0.822094934165047,1.16209531645255,-0.0192207842125684,-1.16062786256342,0.942300893249188,-0.879421724393368,-1.39897471753992,1.51574567536058,0.0267504027990344,-1.31677026893281
-0.874369127740228,1.02951124645561,0.868947479601923,-0.60223816141346,-0.45947309006524,-1.74260057011572,0.682230700490932,-1.39436863901458,-0.373973033582608,0.405361607758801
0.840883241013135,-0.112509728616156,-0.303793730602205,-0.378502742989982,1.09394487897766,0.0408255218956968,1.6485383238155,-2.10217696092537,-2.2766502682806,-2.42849190463605
0.503846623123404,-0.375436694903557,0.760562448585157,0.201508289821182,1.55207790631554,1.51716870316594,-0.506305493946313,0.0306320739203291,0.452773444782219,-0.285361458135794
-0.0884386383651142,-1.69448446266081,0.522339453638285,-1.64695303388738,1.05798925795196,-0.116774794902141,-1.28537942538415,-0.352362279667262,-0.00664320361149015,-0.6246463594019
-0.369553109003993,-0.0406819226664291,0.172935526755974,-1.15578250925448,3.08185237922209,1.14961240584757,-2.08040166033138,0.1396004428418,1.97953788426953,-1.16609473121657
-0.321046531626157,-0.116307778968619,0.716018576396891,-0.864276975141866,1.52140806570397,-0.0653707767415707,-0.664893893539994,-0.777527217649682,-0.459896991217985,0.644725495924126
-0.84667880799687,0.0633531203324935,0.324110238202812,-0.0407370134514184,0.250654369075688,-0.984600846379834,0.871561683155753,-0.553575988689103,-0.351621127986343,1.25145050289844
1.11410538567648,0.301211602291708,-0.581456694620918,2.01919922775381,-1.13397085170272,-0.198838031923928,-0.0896067016323418,0.117982118582996,-0.144837161795565,-0.0380962508218323
-0.941892903774456,0.719831769075094,0.0821838365764624,-2.20811871386497,0.469306587218884,-2.98087300046289,0.293624857381079,-0.95048097125383,0.634878841161451,-0.928844119525534
-0.515775695223,0.060283570433618,-0.0154893125839644,0.01784864619007,-0.676188738490584,0.470294015119375,0.789711064230143,-0.12447698309239,-0.193797693348307,0.267014976307462
-0.0839728107059611,-0.378669804727424,-0.343948796427241,0.408690006836367,0.727607254974014,2.29799623333623,-0.0751456782485796,1.6721597304677,-0.413562505463409,-0.840763079179285
-0.419168563074449,0.283924483112864,-1.38457684139513,0.560762766347181,0.960033105520542,1.06535944698962,0.535928746681879,2.21258305788719,0.569353868261423,0.23962070772404
1.40269304530363,0.605894291791573,-0.954306649517671,0.758336965850022,-0.720563285910556,-1.52353882987163,0.534976520853632,0.0182550397330997,-0.600061751283349,0.24773757266816
0.721655145882324,1.42297492659086,-0.30534808716923,2.62245269183916,-0.81838992952719,1.44594450930855,-0.74065934904713,-0.304338587400159,0.381311492308256,1.10488769234906
-0.828623605621172,0.269262785872486,-0.275826197431463,1.07857338656216,-1.93715405057365,-0.31916069616773,1.34752645935294,0.0328126309396471,-0.89990341938085,-0.0888222236272032
0.0384175443079353,0.930085969676209,1.54334503676392,0.627069456000011,-0.0582891333723144,0.480079920896013,-0.354930927696943,-0.827538024797622,0.161210052657764,-0.974518039688375
-1.82129001475918,1.59931764611815,2.24247105798319,1.20730761329361,2.51139871305666,0.416793154028123,1.11945385114233,0.483294585890676,-0.281901567622766,1.04953079279624
0.351482660245135,0.289073086613457,-0.780853305910306,0.771138375006046,-0.854948315805894,-0.552544775449357,-0.226579339699705,1.29651134085049,0.209716222002117,0.932441186815145
-0.266919831687251,0.929413046595147,1.2902382620333,-1.17547182725413,0.79899410362584,0.0194600571643869,-0.6444630839355,-0.21527223198268,-0.424369940773419,1.292464560703
0.107637324096717,0.693619457398608,0.848349045151369,1.4779500616057,1.06019102923611,-1.20214424335374,-1.58636116295789,0.194257645322752,-0.678967628432606,0.317031802157211
-1.67661847004227,-0.254455350892584,0.698479306167228,-0.110893421909138,1.48126435090329,0.262705503240575,0.036440871160737,-0.26861220976702,0.654539665819177,0.394415751172918
-0.160067313937795,0.777445394496672,0.351970823534562,0.295257544253258,-0.519862079321697,-1.08840002674671,2.53005825055319,-0.0622353738633372,-1.98019732788957,-0.784336651148393
-0.080773404108312,0.489498082909008,-0.836835283555932,-1.45627682165282,1.39922467500629,-0.804142893692267,1.12345880982924,0.741310698887489,0.339501774479266,1.42771541452842
1.15311683602638,-1.24158483232806,1.97935337523418,0.515195539340868,-2.1747417824011,0.339284715325498,-1.31482218243985,0.359744034588434,-0.185198963979935,0.820443022423155
-1.29469749877054,-0.627697317330333,-0.13409645303252,1.01562630073632,0.242380919167036,-1.30527587546767,-0.751929872561586,0.781727831396412,0.432476830427038,0.406508683324628
-0.108855804153811,-1.3249729285719,0.308973628411087,0.93903526607595,-0.384922020819407,1.35715622101421,0.860751933733022,-0.00863142197765961,-0.097476854382211,1.09446165954697
0.77818252034496,-0.987949403774229,0.570524040265371,-0.237122163649946,-0.362158635401364,1.00758425684253,0.206897699740514,0.330252772991115,-0.570805813384098,-0.847994319220439
0.118543878502939,0.042008396428056,1.11548930074174,-1.43326061377181,-0.959497342137044,0.565427642703028,1.23552737111226,-0.367607018547764,0.72509012507623,0.499658145090011
0.148448081825716,-0.158224523976993,1.73875038706622,-1.47954413216798,0.247937515690042,-0.754372555233353,-0.000772909450194673,0.45428195119696,2.90020016897072,-3.07073958187426
-0.353423181089347,-0.0625861466634938,-0.994366149147552,1.04943206240197,-0.953727944008357,-0.261950061431923,-0.678152328497026,-0.312211087230316,-2.08244823144937,-0.344239592030268
0.213859804841184,-0.689367648216451,0.636482821589888,-0.0893778467311713,-0.188135746509989,-1.52525304207568,0.555013375999629,-0.411995588658388,0.544003612122393,1.04518264646443
-0.436042237948971,-0.454518791130911,1.17828213889762,0.0541841876178247,-0.395840051231064,-0.774817215981519,1.81322720888104,-0.814831074655893,-1.01028960113562,-0.467997835988111
-1.25578789349878,-2.27232998366053,-1.07223214257152,-0.413431032210836,-1.4243052006327,0.373063592744895,-0.699536885907412,-0.985901794047354,-2.16676453845766,0.829571984525725
-1.53996956712192,0.497299025038385,0.599879338644989,-0.513395401595791,-0.637733122066295,0.172069428103991,0.748951803640841,0.580259039061362,0.554267483327151,-0.383705747793422
0.986150190841872,0.310603934047093,0.168140252425451,-0.945136196008188,1.13623520026807,0.704144011785315,-1.47939160934732,0.316578665629465,-0.0622949308857484,1.73370573990003
0.299381521857853,1.32763640868741,0.657022821176309,-1.33662624450199,1.19132078426417,0.698046516459248,-0.137825798199111,1.59554422661255,2.02153584697976,0.217620527583333
-0.248877777086102,1.96271684455884,0.557650771497978,-0.726183906243342,0.0747615045903655,0.781264876857552,-1.44445167088952,0.134514612977307,1.68020692556738,0.630855149315169
-0.086992385394766,-2.23701345259384,-1.02864127722934,1.86368577906179,-1.7091391290626,-0.419669956918821,0.71157178335615,1.35125834539562,0.191035739469045,-0.666965735757098
-0.333606097952026,-0.809431900449033,-0.937854724525583,1.8897502043602,-0.189689575244672,0.232514686520068,0.0909077284898343,-0.963003715067169,1.00393331413844,0.265913181677622
-0.226150873799626,1.89931988721235,0.841171743708622,-0.206683918804718,0.757588653048091,-0.545921348042747,-0.873406530027365,-0.984693079110474,-1.22455810024129,0.698771299657227
0.879192835152593,-1.26728298056612,-0.741994366742308,1.61569300252124,-2.00450157328876,1.19341256126163,1.08554404576088,0.187672462670021,0.600797005583904,0.281910489626487
-0.227002133641268,-1.75726063943666,0.100772381334159,0.344944639219744,-0.960058249982915,-0.785971798748302,-1.57795690306068,-1.2860530920436,-0.887673971346685,1.27591715418935
1.61731379489848,1.42108968903143,-0.873841620342705,-0.748274440207638,0.417466097082281,-1.36778521751777,1.65708339740391,-1.72327657970491,-0.945741797381006,0.510298765431323
-0.780011614291879,1.72361572599849,0.488882049944513,-1.91024033206341,1.4450157941863,0.769254964500111,-1.70172427868636,-0.831230493210474,0.852996316121644,-1.04537713659477
0.829588850133079,0.184758477479159,-1.4939882217341,1.61842885938049,0.72785859461544,0.713699253810675,-1.07845142460142,1.1993875692595,-0.172437427010093,0.238190811114552
-2.62259517006438,0.94433888091104,-0.181246302224468,0.216388046172787,-0.168052357333573,-1.0364916568039,1.68769420279119,-1.24522580364837,-0.00717194957866308,-1.56357043069457
1.31678992834806,-1.98330344007369,-0.244625555125616,-0.327990620008162,0.695435211155725,-0.716317464226388,1.20545893721823,1.33207589184773,0.158605319906673,0.374068003045375
2.02289007260549,0.472007388510472,-0.872659047737446,0.678772677108476,0.887703625125786,1.72537453432394,0.239907505084982,0.703117039089431,-2.70482768850652,0.649083424473308
0.253044492601669,-1.05156554192572,0.892563710943833,0.338951740168751,2.04530365817692,-0.275219883011744,-0.158758754911779,1.19012270097922,0.141544723205965,-0.476316359416967
-0.702313927030995,1.34325626211759,0.840385143019418,-0.164061272435536,0.00763787497640268,-0.698852541000103,0.150939618388683,-1.61313109217305,0.420353102801217,-2.19249535715336
-0.470638579365295,1.06209788030382,-0.0631499359625017,0.687177617029224,0.0883452425393832,-0.804719834271251,-1.39857598132602,-0.169836134403502,-1.61384113644075,-0.641927140555581
0.133068903124882,2.03569728085795,1.07730111539192,0.67023902032744,0.151592048342188,0.66698092134815,0.394199457424502,-0.486218441531532,0.47426455160093,-0.879328539682003
-1.30810565129456,1.61435039426436,0.0326243241512295,-0.18584143440809,-0.600693147713455,-1.37084198184195,0.400529407348744,-1.10846554227432,-0.156687985936688,-1.32255914806985
-0.194603105928421,2.33718836767088,0.517251965195591,0.101874949977451,-0.745070099817691,0.145838917907074,-0.859546808604599,-1.82096622842231,-0.926206405413693,-0.52576624363808
0.580825086769873,-0.0612713358384539,0.982951074205022,1.12233038298103,-0.085679682255196,-1.43835333839413,0.0684839347380073,0.217160069150202,-0.82593258416249,-0.581782942762758
-1.69123265542504,1.02203881767863,0.315327784701367,1.31511127144124,-0.890953490291419,-0.48273728646576,-0.21956938151523,-0.601024542409826,-0.711449344724615,-1.83783063689466
-0.952403411735229,-0.207171110090481,0.841453105309825,0.50751001490936,0.646875987591636,0.0352997769486412,-1.05207792407842,0.807369132441557,1.46088082660802,-1.30310229103401
0.201918023345867,0.326612578563631,1.03167630464587,-0.268136097877411,-1.86010265666843,0.30109870533462,-0.311051872969623,1.9166170839786,-1.59973102334798,0.38834429091096
-1.35634463620739,0.3655489871541,1.87333916506831,-0.475752421065435,-1.20403932304933,1.31343513357807,-0.0657255428919646,0.390096145966657,0.569353138817097,-0.436188637714972
0.556912536007096,-1.32756675111881,-1.47750219665254,0.679342593334669,0.442799493140139,0.318145490052146,2.00322186958765,2.03425549767313,-0.557329902848692,-0.404591391616083
-0.457649483191327,-0.323963410466191,0.670464382225899,-0.218233086251,-1.19216275992664,-1.4831961530565,0.627758754036116,-1.08935430699833,0.859870413413628,-0.0120706184654683
-0.248605719756088,-0.755382221737173,0.0334844608761821,-0.253856511922914,0.389858876842291,0.64771264064734,0.133657134331,-0.280345898370414,0.265852328145251,0.166697101143131
0.440665434474543,-1.4210240289161,-1.09393726222488,-0.701432744505315,0.814265272995844,0.543961208220474,0.244496885221794,2.93701563713925,0.300072042160727,0.254594857202692
-0.729544928652111,-0.559329824732469,-0.554549943243217,-1.11961518747858,-0.486904766768901,-0.316829793254944,-0.200775183519015,1.35103695237156,0.448835012718481,0.633467703552239
-0.14068018444035,-1.72398484319626,0.236788677773563,-0.804411045062148,0.684555788619957,-0.354358035234145,-0.58281275776239,0.535342051910708,0.204828172291728,-0.607071007671213
-1.41264844949595,1.18813272630793,0.244610362557852,0.437678190562929,0.545894980210393,-0.331713872824108,-1.86491698570975,0.748516869786756,0.761028316658303,-0.00392684511909333
-1.12239372908595,0.064695581238772,-0.80749241823631,-0.579742631830155,0.0121970964655961,-0.285907100613535,-1.14760976492397,0.631226752428881,0.0790289915688407,-0.812205026962173
-0.961380091029017,0.0165201211166594,1.43556357231461,-0.158708367963532,-0.0225131201150892,-1.27226378573176,-0.429138111813268,0.419364804209687,-0.835448326878827,-0.519503503875728
0.346412286129281,-0.0454800518313974,-0.0218034680718633,0.110602826552962,0.844625692024375,-0.593219965511678,-0.138262388212176,0.139182820238744,0.130503721900392,0.705503342013043
-0.271019037883758,0.926002336140066,-1.14317487938853,-0.270650161580024,-0.0562159522460153,-0.466519289676693,-0.574949158387176,-1.1424360095657,0.074358500499621,-0.211816703348835
-1.63239824796689,0.204909391760553,-0.0409759104152122,0.440205268208197,1.2829068725515,-0.112635543683957,0.506339703383587,2.19467192872855,1.07672552630195,2.29444812827965
-0.175889778916016,0.924980076826761,0.52243769557748,0.253240824239121,-1.68381946120279,0.275885786790567,0.387622012106494,0.384851495337046,0.834299860234759,-0.371577810101684
-0.532356401358831,1.06502217810592,-0.323989945314041,1.85111259652038,-0.848008765208701,0.453137440100385,0.31273479364864,0.390469163565477,0.260297328794067,-0.260141599989382
0.492243306123195,-1.21909628957212,-0.284335685051955,0.196599664653458,1.1296279640982,-0.618118457545121,1.75283538924762,1.63613866069928,0.855201979965766,0.198944249406586
-1.55510930013077,1.2145196293639,0.702926187131582,-1.24357437300149,-0.244451979817551,0.0317996813487614,0.462946120118552,0.98595652725264,-1.18566242541652,0.227898244708093
-1.1647580900187,0.0802581048400112,-0.942601874020334,0.43655301508277,-1.82173379428113,-0.119118566387995,-0.0653335123576431,-2.01163407084572,-0.430780581408213,-0.958925344399004
-1.5272822897422,0.763181987363401,0.0516075582499284,0.419634088224655,1.10551595516312,-0.69913370541852,1.01330891655842,-0.797997455587126,1.58906076898917,-0.555736070125002
-0.122910899331661,0.889683849046392,-0.175783876760989,-0.603875550846089,0.589105055051494,-1.00142271406747,0.573933711377399,-1.65126051245147,0.901483697593278,-1.7919456776888
0.996074341783631,-0.622949072978881,1.66029678619751,-0.261563242421024,-0.266200042375982,1.14110937438294,0.877301712831236,1.03941058052058,-0.839606523101115,0.265827336695761
0.625226930281324,2.33949337417245,0.406480233349006,1.60395375249501,0.269049231261726,-0.536165048807957,0.857188151445295,0.492642412167195,-1.6509740365785,-0.732329584369442
0.356377779009441,-2.17776908214497,-1.56089718191464,-0.189434625538302,-2.04379791230664,0.585923272177306,-0.684357434230119,0.517023585802609,1.62767729632507,0.730314452045392
0.983244553663534,-0.588853901190458,1.17739756222862,-0.607732732150279,0.372591995858932,-0.0454917187528981,-2.01330006788214,-0.060552362499412,1.17250378540755,-1.42056626411331
-0.77773442335489,0.170650424689739,0.355938971354785,-0.679985170285188,-0.419344982992493,-0.220402738777187,-1.52669996323444,0.582001961627618,0.368041588069598,2.16919361831684
0.227299214435115,-0.694910838158156,-1.29849348131513,1.17294225213813,1.84423652904775,-0.471540655694621,-1.24042673713311,1.07376839639224,-0.392300104665259,-0.573825548781228
0.419102613875418,-0.170727913533479,-0.232468010502973,-0.91868628198915,2.08815134650226,-1.77142304952309,0.362770001993105,-0.462241951127745,-1.78166566075173,0.194082952577476
0.787031060467638,2.1805636801226,0.480119987296631,-1.17029275844889,-0.453966683074784,1.32431904578585,-1.33045134297451,-0.512588333814553,0.555604730214655,2.30651222950848
-1.30064708636328,0.340911508621442,0.534521710033857,-0.0486098574239666,-0.773937236012292,0.949214809306832,-0.515328995767362,1.07413783192877,-2.2393110102054,-0.577613543987893
-2.77509097852016,0.321573624495418,1.2665363039861,1.88431741384468,-1.51365617054713,-1.93657111198179,0.495963755966675,0.555672430790518,0.455469167745007,-0.389406932364202
-0.428774778546781,-1.16284550754385,-0.447022940258445,-0.237321572155949,-1.72231112497586,0.78514802054741,0.429200242680843,0.683180953071969,-0.080731957322958,0.364195068158374
0.727062002319364,0.447728967544919,0.320345429556343,-2.09523349144183,-0.565635923023829,-0.479869629149892,0.654774907089004,-1.75961160590468,-0.423818655864042,-0.988532860891788
-0.103217951989634,-1.34357149548895,0.792766717853677,0.0592964896338324,1.58952528199895,0.439506745285116,-0.270439485098662,-1.816881918001,-0.523536326480686,-1.18725478206524
2.33274348640795,0.830303709379207,0.0143021976304367,-0.123874786586775,0.814414875929848,0.826478617175088,1.92210149210555,-1.53749668299316,0.408238500954544,1.42620485853808
-0.122269452611316,-1.36578747659704,0.00299402820123544,0.851226603068853,0.532236619393102,1.16408857704905,-0.0697420715592336,1.14303583657652,0.76451633431135,0.0420394434166669
-1.1367044304128,1.69206436400017,0.66566352829495,-2.5486688384852,0.397290610572164,0.152835786998425,-1.65905078482552,-0.0552214422778852,2.42964324832309,0.327952609359057
1.15399470761042,-1.52714163210414,-1.27617881795843,3.39188647887125,0.612804897707455,1.04340518213631,0.485092462391525,0.548985608810834,-0.327776802149787,-2.01228944324521
-0.0297266580440675,-1.19635033971144,1.38179018367024,-1.8382228199836,0.953277799423578,1.63692406224366,0.80967057287732,-1.70422065860984,-1.4647908460675,0.563473126614689
-0.000537754567688814,1.00496003833808,0.249907920231317,-0.278073494916921,-0.798983689287522,-0.75816961532216,-0.0347214974380679,0.757465017052463,1.17728445425341,-1.70383145006626
0.350565506915044,0.832045432142122,-0.298691825144604,-0.907510117837546,0.935749992520302,1.14997530045767,0.160406685328787,0.466971351808407,-0.610118092737385,1.30858366930372
-1.95487693652724,-0.22283433673629,-0.5715404426161,1.31264691087688,0.152855911984967,-0.882401226995132,1.34862743268157,-0.629853557789033,-0.967682827366776,-0.22832471767146
0.807928181531374,-2.43367071616301,-1.94208865555489,0.874011889133196,-0.389632858750194,0.344138765852704,-0.424448159727015,0.415753220688,-0.189836957097209,1.48722236213388
1.79424063852633,0.37351219937172,-0.848075627191026,-0.54024817122021,-0.0602320054073151,-1.77729867115416,0.985923664121882,3.26408454308505,-1.65825085715289,-0.540687676513227
1.08600159618782,0.137075420892238,-0.0188172496829596,-0.941449718624849,0.355005439687135,-1.17104784243203,0.132105322461364,1.46633746331877,-0.164178855682119,0.216056610929117
1.71857628536953,-0.319241189734349,-2.28126302119285,-0.227908222326659,-1.34126225272884,-0.169136991132715,0.886524627616237,-0.211596656333826,0.458089439346559,-1.64678918071543
-1.52353329286493,0.682373329053591,-1.32213915503954,-0.540237743466481,1.32623489959466,0.0395615530181945,0.579665248547713,0.26759379207762,0.891283681888178,0.0699997819942704
-0.520158158825348,-0.319629436950509,0.212662727244547,0.332560260473969,1.36952152931188,-0.776438548543666,0.285801036178338,-0.695066249935951,0.185651843375977,-0.178067183931137
-0.361892325818541,0.16473007310815,-0.150538704804641,-0.493305932201498,0.684859198230429,-0.746401697951575,1.67168282008401,0.080107639696826,0.302750230330324,0.480230753996254
-1.64653224673482,-0.230879712513696,0.40639590567371,0.169126663839623,-0.0807315192210411,0.8955820085006,-0.590038616761451,2.50349658008067,0.0583682850534606,-1.50207255511451
0.199598915250339,-0.401722840914915,0.768492620105725,0.945761076416505,0.862243075391607,0.617590468363562,-1.05081731685782,-1.20117676289839,-0.206223243725698,-0.18097580234302
-1.92542760993864,2.32712919637742,-0.21379186560489,-0.508094231731384,-2.6889740626489,-0.773428068703908,0.30182720817642,0.824068217582985,0.389010958399834,1.63608158123439
1.6836416390161,-0.754628772590905,-0.165218740425122,1.51324696566675,-0.207548070334412,0.840241510726832,-0.654724834465293,0.651501576248706,-0.795600737142978,0.422917647697523
-1.75182035230744,0.602191966652403,0.963157057755924,0.256431150573118,1.96825652483126,1.76840078792048,0.696431205451512,-0.202056121602389,-0.585082649764904,-0.028351694697827
-0.323264847746302,-0.316826877643625,0.716989943103369,-0.536762089995879,-0.319213843064205,-0.18290228955692,0.895802849018036,-1.06442823292118,1.56004097787273,0.426949150649309
0.0582816731822841,-0.146747510936006,-1.37259447996485,0.0200845314676276,0.90720125054541,0.733654669568474,-1.26396733969379,0.144547593702059,0.876250682542312,-0.258495700341791
0.199931920611652,1.51268242778191,1.32587714591124,-1.240827133233,-0.175797381512848,-1.31688995032042,0.976660343875887,0.547930433447968,1.32364875391194,-1.62757683262099
0.166437468699125,-0.884367439120478,1.41524004603447,-0.348196702868634,-0.376782082468925,-1.32403772777885,0.924439225232034,-1.21226347354521,-0.235355489592418,-1.97534806274905
0.382953630372973,-0.141264806738504,0.290508157488671,0.860817657727283,0.60249117711685,0.524750907392621,0.158329404466398,-1.62881091962394,-0.808750711368575,1.39694997183564
0.0729858953621954,0.986518926384168,0.170372343192461,-0.718767647433542,1.4330268376092,-0.923006932092754,1.68210665399517,1.53707532035836,1.57919613475254,-2.21713539788964
-0.0209129324572357,-0.0950052952146156,0.426757632434987,-0.471607346501036,1.24094494548773,-1.26953881521351,0.314084693847649,-0.889204437841545,-0.475982802584224,1.46817862367458
-0.878107215143865,-0.957271552635844,0.946038242758224,-0.357908082808849,-0.192520529836306,-0.467947609382145,-0.820646833935454,-1.12466942527839,-0.765560783633061,0.128790868673781
-0.022476409657295,-0.64079259131016,0.190628055427526,-1.08745975419408,-0.0463397574051281,0.744717423675112,0.413984501596499,-1.37235249247029,0.759405536220595,0.599519434556608
-0.236487861712545,1.09535072738521,-0.158250170612895,0.328248863398459,2.13594770400781,-1.77601623919925,-0.901509341650811,0.667686209015877,-0.912225225303189,-0.342153584861214
-0.722920639853597,1.61078506672418,1.6432067671352,-0.799048701847419,0.551044899830847,0.544337317202866,-1.77998573092575,0.424983131743394,0.979333024167858,0.00977579331620916
-0.517882918919553,-0.153378564879712,0.533694183598558,0.887527675244219,0.837525505071661,0.827344490963142,-0.706407549205235,-0.556006313235787,0.780451605925555,-0.492842828799064
0.270979765606887,2.02858482002327,2.00282083079556,-0.90117216122387,-0.120816577166276,-1.16074163610444,-0.687536537675007,0.0712244468916927,-0.311579676861493,-0.298433670273898
0.563963813819341,0.222009795858284,-0.806409799022497,-0.741634070818488,0.579879903119764,-1.02138272334989,1.00788098458837,0.817663202326891,0.367326942602566,0.72980955355985
-0.995353705899431,-0.396936890392201,1.96536002114706,1.8684632985844,-1.35247121330776,-0.203949569175853,0.873948904426195,-0.563680866431775,-0.814364335012553,-0.0769711658011016
-0.972181401730603,0.0265695869254909,-0.053235949944651,0.200542469481315,-0.164043745459394,1.54087177297542,0.189944312614482,-0.426456887973398,-0.150584065320242,1.44850440103858
-0.532918469861169,0.297109796763899,0.896131877146345,-0.71288401359848,2.0104937345242,0.212147173988598,-0.344738965274372,0.91497835369911,0.661711178974709,-0.66553501817944
-1.10640941935561,0.199662513314598,1.6162186027466,0.0166301580754503,-0.26256027296218,1.85222424084489,-0.745903176509609,-0.984248401926568,0.735347132707809,0.764136182281606
1.46828922052585,-1.52144196078649,0.284027765682388,0.106869668348133,-2.37654790156046,0.918835377538649,-0.0934112100349181,-0.361080518232008,0.93002274163975,0.359734317159708
-1.12180003831533,0.426871079425554,0.0306388320155048,0.365458368229062,0.87458017669572,0.521899789803066,-2.20946531451555,-0.212216397473211,-0.89465054048618,-0.504541921829495
-1.0212587280973,-1.14392677687901,0.664152108953725,1.30824453519801,-0.521880575013212,-1.23839641162641,-0.377745895608208,1.66156563544169,1.21751432892821,-1.39676229674316
2.33139832599653,0.598146297606138,-0.396621725496437,1.72751800894343,-0.78454541933219,1.41671973833894,-0.559001420199956,-0.23337550063506,-0.430725105506796,0.195152292713193
0.114493921467498,0.239330850499155,-0.495178206682193,-0.481503263242934,-0.411000249554051,-0.851554187114496,-0.283367257912447,-0.703126997512684,1.86198682915601,-1.00087929295252
-0.13694899001435,-0.37880471787992,-1.11475915119086,-1.1997863971091,-1.74776855815511,1.90970279101809,-0.147074404386829,1.65832594860092,1.18628528578456,0.193656318441755
1.03665531985374,-0.895502076411193,0.520736164238365,1.29762315656084,-0.198001865638327,-0.62729744401462,-0.41698405689602,-0.085726018152012,-1.13130442156747,-0.0576230047334016
-1.13847638498139,0.317297132006689,-0.221788337291455,0.167274413551676,0.256112990034334,-0.353266884548247,-0.0857958605647751,0.718854725711796,-0.985188074645784,-0.889605810082649
0.72330737954636,-1.21462507359276,0.833011564746691,0.176711776795709,-0.913133036933461,-1.14148605969318,-0.32508099401226,-1.46511874509425,-1.43361983193587,2.77143059896932
-1.73626024652144,0.0213057959500125,-1.38650710891965,-0.246829074078815,0.343790335029648,-1.8750924066358,2.03274580554725,1.59855975018665,-0.800818529025258,-0.359307749365457
0.101783330918284,-0.300124776165916,-0.604107895505028,0.945882738137122,0.0542405320517303,-0.464624588026077,-0.511785146354855,-0.450568169882975,-1.12679200411986,1.16795917804243
-0.448720794346584,1.70689524021927,-0.155343208373009,-0.947098336206831,1.29820627757492,-1.45953179880392,1.13921887906208,2.18510097613859,0.774317612114066,0.207145878131218
0.67200479497665,-1.15590884525179,-2.13516997286321,0.356357066868244,-0.201935524205716,-0.0309864625503755,0.558028646017854,0.170226791405585,0.130333173273235,0.083888409340409
-1.56015988101691,1.50276706177644,0.126158004939536,1.90414666602544,-1.34769464967905,-0.263500363518663,0.797932348091682,2.36071844548006,0.383335417312784,0.225015893239185
0.195851505318029,0.634315914921104,2.33890588258932,1.21264387363971,-0.14909379648494,0.662337985597464,-0.240562919524635,-0.644557371382288,-0.425283331024243,0.0790819022164185
0.882148187668985,-1.10943315790359,0.351864850070613,-0.754397909989046,0.187537920164521,-0.787085102754264,-1.38427136667635,0.583064232616455,1.12057811371235,2.34729076940182
0.127584885614338,0.452861517857847,1.67667766461443,-1.00814458620477,1.01279249079115,0.528369063169292,-0.0676138296901141,-0.364695197734875,1.20503423791844,0.231295263250785
-0.700097753338839,-0.801080614558975,1.02305149796658,-0.50874745625035,-0.0865363472752233,0.152129389177448,-1.00176089752646,-0.26501888215885,1.13779295162628,-0.176633548742275
0.547738057536061,-1.46839167076395,-0.976214334599523,-0.0867890676515404,-0.610646852518581,1.37995304909572,-0.802792509232223,-0.343286537767118,0.694509068218266,1.29311840008182
-1.76391228656317,-0.442511275574967,-0.997129073821806,0.118844400328303,0.639562010354482,-0.277642618681297,-0.722172550970871,1.24528833025375,1.29694849702645,-0.660403277133046
-1.88040424437883,0.364351254911648,-0.249770004817143,-0.0312222953204722,1.81247558928277,-0.276257963817096,-1.21279617284423,0.891115549460766,-0.0613126339595248,-1.79394592698446
1.84923277587401,-1.75666276280112,-2.02805912070355,1.27452809024189,1.11473355723374,0.252918200001615,0.14893482060619,0.845296401334742,-0.652856303246202,0.67036098247252
1.46942531346525,-2.28355484176369,-0.106884216615198,0.865530835921491,-0.0801626433403236,2.10029280373957,-0.606471018929063,1.68076476396782,0.341853491863513,-1.17529449797936
1.02976149844521,0.746603713818953,0.0964420056275515,-0.604458125916449,-0.303299909125989,1.60395015405708,0.513715234705236,1.54537965572778,-0.136990334576213,-0.343833123717309
-1.73515483445726,-0.546520754898738,-0.17782815801913,-0.437250573783181,-0.587879813176317,-1.63668571169596,0.942438882730601,0.512948964609821,-1.04194621027164,0.103861030687735
0.614456358022787,-1.93007210099123,1.29561879705944,0.162877652933841,-0.404548008725255,0.557842104077027,-0.305753225769777,-0.909697496241174,1.04914714967283,0.714113319621124
-0.0903095082694587,-0.555927487892944,0.738838728342955,-0.537568295225199,0.412514269084304,1.07178375247879,2.08607585636883,-0.310164700146888,-0.59841395959354,0.0239864665004532
-1.75561789372211,1.09159450679521,-0.604140332823384,-1.34483587935535,0.672408003681524,-1.2739212689436,-1.02858233788195,0.487241428494031,0.0642821001995124,-0.361468343129765
-0.44156437405829,-0.538197300028039,-0.0781564432867372,1.57177657266527,-1.69659176267504,-1.70665861095861,-1.23559551841192,0.495130449429193,0.121494033496892,-0.140341814121846
0.865967701507474,0.153980507077481,-1.68629845762356,0.0988535703077931,1.70232860130851,-0.0506553180417139,1.56396987045999,0.768599164904815,0.425219142545514,1.36741060563522
0.171184944460928,1.04281600934537,0.711249317764493,-1.06322101759526,1.08065175101543,0.758152242274064,-0.376697876283183,0.0108645624427068,-1.00304590147471,0.946416220889597
0.132472670788352,0.00145749735858338,-0.573691876414031,0.257568592885918,-0.154793587197719,0.332500485129417,2.78547516080904,-0.863518770619498,1.08280701051468,0.109427324196015
-1.60937086043636,1.22570267780747,0.618119293620011,1.20683360746295,-1.30714156336443,-0.942024233676226,1.06393966523194,-0.107771843996028,0.818285021373472,-0.656087109153749
-0.0345743429376033,1.54291705328639,0.00919185959304756,0.381188293665566,-0.471296801130719,-2.91975688699729,0.742886805175775,0.625703215996416,1.02638065704211,0.184906147605982
0.876756574597806,-0.763094884489269,-0.433475329270173,1.20237285273786,-1.21921613568029,1.48307230954777,-1.15226381181031,-1.58876876190171,-1.32193060320434,1.42533847312256
1.14032482278137,-1.16913804592347,0.756331753805285,2.06114151794826,-1.49475764694311,-1.47157865197859,0.270057773721455,0.42843801498362,-1.06569088167905,-1.56443046271642
-0.614451919687949,-0.470514157959471,-0.976910293358783,-0.658499613542918,-0.733070295990325,-0.937218043538719,-0.543648919114351,0.511973983304041,0.266658120790453,0.384755352907071
1.00521743497763,0.052606542691492,-0.780867406958033,-0.00706354723453873,1.43567569123927,2.99941598845234,-0.370747091112512,-1.8245811797919,0.29153368381654,-0.594118053996314
-0.660280118669688,-0.728038983158925,0.747558759075513,0.290275466989729,0.549754749244842,-0.617181199431811,0.178497061396777,0.449173533693917,-1.12881835494399,0.357886266598616
-0.568890439014666,0.414171217099098,0.857670850757902,-1.27233503932033,-0.0480914989448121,-1.4927151681498,2.25404824246875,0.748747097113984,-0.87435114241707,-1.37517862044026
-0.240265687833581,-0.405416101100907,-0.463711553512646,-2.20908240432758,1.03204611311171,-2.11197872842739,1.3946468591488,-0.462803224913129,0.316152050116483,1.00546191078132
2.18072943350373,-1.24812413733245,-0.274486495992188,1.58360868034295,-0.955717818739335,-0.825041294114034,-0.0969846871644916,0.598924050864975,-0.596120803423093,-0.605653251604288
0.744268075968894,-0.459291103968805,1.7414099976416,0.590785708302094,-1.61739311304407,0.841236688669586,0.479379521626609,-0.0493510437592696,1.67256268303333,-1.83618032672974
-0.0239038767942956,0.492123164821763,0.575254150714012,-0.0989601181287532,1.1406275063586,0.471827012368902,-0.203164822976402,-0.322666145984232,0.631249672987468,-1.4737840445063
0.33494417050012,-0.111445292308788,-1.3953500701758,0.556392790725568,0.756791911960893,-0.716165684307401,-0.895609806516957,1.23222448515234,-1.0576891753136,-0.854292086772482
1.87437193317587,-1.88931234261414,1.25665715775346,0.379550757669062,0.576048331807323,-0.877536325864726,-0.756768478247415,1.55883174969323,1.45647330260014,-0.339778605322107
0.223293132548153,-0.363727353795386,-0.241467819518083,0.955972374554195,-0.603168233265137,-0.0942354619357014,-0.0606366522906619,0.142055366126148,-0.209320724034418,-0.119047977717771
0.275145237554413,-0.326091706880762,0.372867817377071,-1.2299217922424,-1.00410632347094,1.25541023244835,-1.70454483701713,-1.65721801081957,0.341484518328497,-0.274134542097833
1.60511441679877,-0.256655975749128,-0.074194764892594,-0.669363397787349,-0.234225913759782,1.0725264148016,-0.234660310306559,-0.0236532332440269,1.03714072666601,0.318320887265216
1.30659212060961,-0.483010161705517,-0.853750456368181,-0.88185377674022,1.75940813918573,-0.282301215345838,0.648413284941633,1.39321640951651,0.565812390512323,1.22756862646438
-0.956523177682918,0.512394727701417,-1.09010774783954,0.507285027922783,0.634008601049601,-0.104274957672663,-1.64586518851007,-0.198827885042161,-1.35022582424548,0.2503117237822
-0.179433113625885,1.02584194491796,-2.00977886479651,0.58805537870371,-0.844758056911838,-1.21372991495714,-0.243409502543361,0.500787611733666,-0.766007602543028,0.761845577595674
0.130989906068974,0.980620632525536,1.32689709441154,-1.93925891930814,-0.696037661366569,2.26988277833141,0.760092848169945,-1.7610575311046,-1.18632596945815,-0.637064846776629
-1.57989488679702,-0.635945963974547,1.08017605514683,-0.576016744810864,0.663042080848365,0.676237046197735,-0.0713014117246005,-0.00563484912639759,-0.62707189727737,0.444720155612107
-1.18892202112893,-1.01467654179991,-0.870335855980268,-1.12628676916981,0.20307831283198,-0.0675095148422984,-0.475293918139372,-0.634464521787444,0.632908250253526,-0.716147937640075
-1.33687226045019,0.10783109279188,3.16028061110069,0.712460009692572,0.394210314105944,-1.00381156427513,2.04963345393464,0.720071603573513,0.591211200510284,-1.51541008491493
-0.241789827489067,-0.530295426858809,-0.767664015416768,0.717533497930762,0.415539848082471,-1.30430431196465,1.32550013459345,-0.531699829059731,-0.112728825611863,-0.136364292340174
0.0857057885528523,-0.309058258708669,2.02669327673552,0.507069201741278,2.60614323988857,-0.747086000440181,-1.06200561117382,-0.0510795450045983,1.83358655819449,-1.38588334571889
-0.0750212598921629,0.559526578604839,-0.704025914154816,-0.978652868837363,-0.517860974993813,-0.754023514543513,0.86996411769929,1.02321436649897,0.574465077197657,0.713475620564335
-0.251879308485981,-1.04399027097567,-2.11710798916462,-1.58862131861185,-0.0863169666360529,0.499454647834408,-0.893400750884191,1.14906541470307,-0.066023328572108,0.416794868482413
0.487487019800048,-0.968265690392235,1.06181873508828,1.22330395628517,-0.944908587312652,0.414130101026982,0.0995650700093676,-0.387876486959374,-0.0696863174031747,0.63873826430426
-0.960767747683292,0.189728382704508,1.3300566538256,0.279835023226079,0.564333494944122,-0.508500172891637,0.851301240057762,-0.702351939773288,0.569363524827728,-0.488454659520794
-0.967913312225091,0.199364717419425,1.49044721457766,-0.527034654536459,1.17245178617177,1.96537602062003,1.55674069684128,-1.65981021526412,-0.774461952081139,0.0922641666597987
-1.45891197966389,0.371800449955522,-0.869267058600501,0.573893920005506,-0.169533188994661,-1.57417559271473,-0.00320323356820825,0.395520436879771,1.78855067426351,-0.019764913549521
-0.230827119573481,-1.38272429790461,-1.16924804185317,-0.51221501304444,0.306171505731358,0.0833560479743858,1.36316969631616,0.652043919425709,-0.526876552524599,-0.887302635694915
-0.130186579041176,0.0852002736111695,-0.451584784025011,-2.47883876583109,0.723651504434304,-0.609466191785413,0.478880043860902,0.824814847940453,1.0614967047627,-0.563403784918933
0.826247026649696,-1.11183363500264,0.730173306326209,0.55062574067572,0.160958779129179,2.63147920025872,-1.76107316697459,-1.5719192273884,-0.486645978747098,-0.741073482116618
0.373704560260282,-0.913252329540905,0.355247758573294,1.17546215303492,0.198178081618214,0.823930511451478,-0.383794563599133,-0.514332722631577,1.12040172007777,-0.186013351023044
-0.115483759271171,0.566134177107017,0.0094567955249848,-1.06119215218346,0.467000784736889,1.28000784203375,2.14959725996528,0.0889682589141091,-1.34979460821214,1.97014528462973
-0.20246685009758,-2.45762438816769,0.362005145740266,-0.0119427467871697,0.660820392694735,0.932586100407548,0.344610660601425,-0.629736448101324,2.04490129812652,0.197650732653047
1.17426154494246,-1.74951446890432,-1.94887716753583,0.449320716752617,-0.866807600051129,-0.944083215706223,1.24755441752193,1.46691307298609,1.20875243200072,-0.274321890812242
-0.210207398701973,0.649341428751739,0.524151406070967,-0.21029369253801,0.00373563995974905,-0.0393300428922654,-2.05969401595938,-1.88266817504291,1.39889287251061,-0.414588736486683
1.83179534130312,0.303840129693144,1.16748091122445,-0.791774875817336,0.193026083517966,-1.89340190457557,-0.139891671649724,-1.00938896011619,1.03411905815782,-0.545457244387025
-1.5785465705203,2.7951020614368,0.250084941872246,-1.40962915521757,-1.60470187782932,1.01427325288056,0.981685763267811,-0.0674184688675609,0.442167458692175,1.46646464381972
-1.05751876950192,1.44636706855877,-0.0471160352117311,-0.231011543636147,0.303277396184306,1.83697098161165,0.488019720687205,0.553946164170298,-2.46618122881422,-1.19107367452456
0.481972778982795,-1.59276749207657,-1.97577797590477,0.0648929047474593,0.220268006946706,-0.910384823018599,0.37832219029154,2.36841844214893,0.55824779258591,1.26909867747533
0.0677536251228475,1.34564311964168,0.682146227037031,0.202922939907962,2.89129356529585,-1.86268609817575,1.85208045430887,0.815721544629199,0.417147286165479,1.43675939000464
-0.0836980403598473,-0.564453744457789,-0.217952089855477,1.8424499478906,0.434065748285952,2.2701513791248,0.432726850547138,1.0296181275551,0.647434814866388,0.0412493542359302
-0.253814444467814,1.20425286414929,1.57567933978357,-0.417175785749971,2.53897156106908,1.13361094967766,1.1789825868782,0.275903197415564,-0.433256211558252,0.0577457296553682
0.738154738514942,0.27004804336154,-1.22613215194606,0.0566867822664213,-1.53054518224114,-2.71213826956501,0.406374429020863,0.23177441819116,-1.14522014599943,1.36911349792331
0.0371140850972618,0.834118658960848,0.598406240314268,-0.616227125446554,-0.0819768513641336,0.261265150672437,-0.928449162235058,1.97021750773442,2.51421489143468,-0.816080701769145
0.801152259220397,1.22523282457298,1.84566926632387,-1.42835011333537,0.353436825484844,-0.6897473779967,-0.281759638717671,-0.172294934400527,0.710398143476361,-0.543780859246356
-1.7079870278354,1.30062889201546,1.28082332681658,-0.366830715221923,2.15192863734159,-1.41945705764009,0.921955320941249,0.346376663122671,0.370694305735048,-0.619696778092629
0.101710635095812,-0.83458949190927,-0.305700499982597,0.915242938747202,1.78933904358232,-0.845621956314519,-2.12244122753418,0.889401315641645,1.64386249507527,1.88078599948257
-0.0426652042768573,0.425008738050646,1.10296892974633,2.49564066282316,-1.95416409437161,-1.60310080964526,2.37359650848829,-0.858147401183997,-0.878856450279423,-1.4619214195123
-0.441594043528213,2.1311756566815,-1.45304160562279,-1.78534824703231,0.344943172769444,-0.845898748541159,-0.139668410594258,-0.495971205668746,-0.315329152403857,-2.34822871241264
-1.08528102198309,0.282360894990951,1.68584392916218,-0.748767173016917,-0.946408435950171,-1.18084816792337,0.697509460448051,-0.593719452248786,0.635974049492636,-2.94342655710579
-0.754078127579977,0.914006851827785,0.747938163610595,0.502938941950237,1.05707976630279,0.470942676983313,-0.680141179983445,-0.994476495767249,-0.903939934857007,1.53056890376232
-0.224768266249831,-0.885012356972589,-0.623851424474541,0.336078505278189,-0.227051777579972,1.37687496029431,-2.98875980245865,-1.16411161586661,0.258268178834235,-0.475321278995153
0.920945534853174,-0.151977167717592,-0.916802827147163,0.084627717589228,-0.738486295079165,-2.84579747087168,1.15768261023575,-0.666999310089477,1.06379389478912,-0.325226237253102
-1.28744774953049,0.919450454412851,0.624906989687109,-0.963716921876765,-0.845243632915861,1.21200184161038,0.672701752220377,1.0245033868339,0.805945593120744,0.325161808455968
-1.50207184587835,-0.716924902970575,-1.61080248465316,-0.808240978024018,0.108680011043455,-0.443234174205923,-0.213887620753746,-0.355236204173079,0.0444601594126071,1.52907947401575
0.116927011441418,0.634409971164752,-0.464385794015849,-1.00826840755858,1.0751603522508,-0.537984280472841,-0.396593352376149,2.00978389145594,-0.458591376082536,0.976338421122177
-0.884328183246368,2.19205498145899,0.632192623803016,0.264207469923761,-0.823945107429643,-1.32596104665612,-0.0457688959880231,-1.28338809630547,1.47178913591784,-0.32165881785325
0.514560623249672,-1.75092988982104,-1.5737003298633,1.58829093387968,-0.131220266611067,0.475090333331018,-0.670943275215591,1.07600258278992,0.641407068513873,-0.185561697794219
-0.0886118443250806,-0.508685779351286,-0.104907773947744,1.38598118644755,-0.262275985153493,0.944345238308546,1.41159229950916,-1.93830486055617,1.49708705770933,-0.319084337445518
2.23083627178257,-1.53442894673949,-0.908442667549036,0.21700366118952,0.859148407576411,-1.36756676086179,2.69298385477183,0.613083546655185,-1.97471457779943,-0.127535927421589
0.633978945436092,-0.17125667682017,1.33470341106787,-2.48097945558747,1.19541917689263,0.626405145393699,-1.19927356318829,-0.794035652401661,0.972524984380774,1.13246019193396
0.761537926186658,-0.79255087937384,0.0318566901370322,-2.01795694888102,0.535362705966133,-1.31085836517278,2.94540982738307,0.421121429521746,1.22803461626714,-3.06086715444795
0.605133416627876,0.554652190368675,-2.26223135766344,0.153708572227271,-1.44472670664927,-2.58899428096699,2.43398982154977,1.60453865681784,-0.697199049578144,2.22349837092536
-0.421030448761092,-0.536290481352585,-0.0466971275515873,-0.930217951189453,0.200194812415146,0.727722555759656,0.735850298470168,-1.36859812084438,-0.399211165905966,-0.380087915170804
-1.17971508215107,0.712542620590614,0.398086710260779,0.711478180923267,0.467239305391119,-0.775662303400365,-1.76910877403278,0.706919073769199,2.30498038142439,1.25855868985479
0.550717146936644,-1.35733458432657,0.409400525699871,-1.3028520778506,0.274039422259929,1.20821554658887,-1.08781042494376,-1.52420643098075,-0.0517505993714869,0.6404359519828
1.24787746508629,-1.45390157626615,1.99356849336878,-0.736596646003349,-1.28641775779782,1.32994254791955,-0.487061851323358,-0.550236458259012,1.20490356232657,-1.01896338291272
-0.543110574813584,1.43245303480683,0.128032963350216,-0.600449340896766,0.0659364470216941,-0.282605937789961,0.593047717795642,1.13777426401564,0.754274718234587,0.0735893298340326
-0.2968696905711,1.61329103611816,1.68475591649704,-0.428610831061662,0.45619252387994,-1.58669873584167,0.535664725611143,-0.821876555694699,-0.309086903041772,1.37049119725399
-1.0657022266758,-0.460048686313645,-0.555166590076681,1.27211843557195,-0.766238456129588,1.15956974500172,-0.316934680869091,0.611933735197383,-0.212160677377892,0.171748956090056
-0.509446115187561,-1.17632388420976,-0.671645328626413,2.73257437027997,0.314233525563876,-1.65640841783703,-0.20716460429337,0.378433112288378,0.461814538486584,1.32336774696048
0.663377196882473,-0.0279628085356089,0.750532984952693,0.861356516371903,1.14703802916987,1.28884632535005,-0.00568755334819371,0.666900257849771,-0.548291073637059,1.2570620279318
-1.06509792916063,0.999078094865443,-0.777008579688914,-0.835835106298041,-0.673488792302025,-1.09982026737592,0.288723848782546,-0.135473075902016,-1.2723078073796,1.24758308891244
0.446141785942675,-0.838027306860434,0.482144260157749,1.2220242195969,-0.467536816550758,0.0448241461698318,-0.529825856085098,-1.20129543254259,-1.10968660643283,-0.934265307860502
-0.798014015602839,-1.25412345755038,0.556347855584155,1.66883645823768,-1.2990979098696,1.19682371105985,0.297257989534289,0.913916354835017,-0.926160615850823,-1.20296597431512
1.95473019377444,-1.07081892522874,-0.603366162595396,0.861917856564443,-0.697322851226392,1.52178852272771,-1.3916314801465,-0.473542277241943,0.148999318989147,1.0277933158536
-1.66362842768116,-0.355637271026475,1.64471161214448,-0.396166021628487,0.495517220358947,0.518096231338549,0.439298261941054,-0.467561102836918,-1.1388748656793,-0.470503022153115
2.54388402040889,-0.600890822578232,0.925270305433349,-1.35822255300967,-0.39392842696269,0.806209216124672,-0.264438128519172,0.685912939965566,-0.220204340487671,-0.090275747823932
-0.0634925464300442,-0.604927540699269,-0.744506476404687,0.215309133654906,-0.383711696092104,0.0937235437756379,-0.487960645355041,-2.14170232656854,2.11367740163135,-1.87278707659756
0.625201529703203,0.765738135756921,-0.742247021535935,0.179159901505483,0.861522996849929,-0.40114300408727,-1.47805694032673,0.172452584794459,0.132444872470389,-1.41452027799745
2.36231891644183,-0.668388194070049,-0.60101400537434,0.33186182729836,-0.287320061539723,0.679584313351002,-0.307754417511342,-0.00319104039487867,-0.888020563752603,-0.215718483117077
0.389685917353599,-1.28959234463982,-1.50731552283356,-0.643334963911773,-0.0868563897243085,1.23911183478903,0.156593966427295,1.67617894057627,-1.53114433899481,0.579312474570135
1.97525961688055,-0.48550971055496,-0.365880410125436,1.17825344713374,1.10105632302387,0.795695999498726,0.729629741776045,0.0339916138597554,-0.807674204816685,-0.356506471469432
0.54330558036969,0.25238040828281,0.395743881381284,-1.54151224059746,0.047265894793809,0.991425688583007,-1.11376192994928,-1.32548629860444,1.48433603452858,0.468483863406369
-1.22249036554152,0.720791278500524,-0.250810932648738,0.246334614966266,-0.569475236292777,-0.59069510548051,1.72565923896895,1.04702138664753,-0.688244855761794,0.302453334933536
-2.22987444409247,0.93862069096219,0.703865678753421,0.0986843274262452,-0.127749238883406,-0.251045339840541,-0.383538039593069,-1.18566437629919,0.778457576733196,0.0136235108250336
-0.333374171227672,0.773333612069124,0.82074206014078,-0.0118463380986482,1.54341100298497,-0.123817363396642,-0.919132571281944,-0.680851213929778,-0.809835815739177,-1.51693127360642
-1.28855228646046,0.446230257057611,0.564282140642234,0.261184373218989,1.59973388071011,-0.139158710822116,0.486524673422562,1.1634631080037,-0.0638539460745928,0.930390713950903
0.579715400732471,2.45828188292473,1.08750690759468,-0.284206606622788,-1.2512090585232,-0.0656992913561891,-0.531256958059111,0.289240803523945,-0.745144877212914,-0.33136452561704
2.35479563799154,-1.78330370350971,-0.421381071193688,0.098438824693149,0.0721514983791825,1.24351584299911,-0.506234994674213,0.677828846802959,-0.042389811794712,-0.769710449100336
-0.458734265613286,1.42064558324256,-0.396255773694352,0.412195832238056,0.0659609909198426,0.307257785101071,-0.9854886410557,1.63727178192044,-0.299690133351295,-0.985963015887998
1.87469445898661,-1.86180143413475,-0.227057898053367,1.11361997314958,0.217441328526936,0.137798156042031,-0.00870538325567009,-1.05867989309188,-1.15945075359223,0.487511545546009
-0.0814970345795417,0.819069985466402,1.08887410761763,-0.894418406389454,1.8691100897898,0.590263116773545,-1.35109538224965,1.05665190455818,1.34027926784793,0.249861166921144
-0.363045802719368,0.861261941823726,0.247218083209203,-0.152720752300665,-0.538562107028856,-0.306766431717184,0.514474303075809,0.246908883127688,-0.0840749604651414,0.859640082133501
-1.49453359683829,1.17155170493573,0.609994551594325,-2.24091431335689,0.830912299737308,-0.0747678559347206,0.0191853601469879,-0.5645436338696,0.183197485501598,0.781801168158472
-0.761708883549902,0.327797967272964,-0.499548641881184,-1.28342585668558,0.882608776300084,0.678369884796937,-0.918362235923109,-1.76150001272037,-1.49900320800876,0.792225102027452
-0.323825677866315,0.685732356541,-0.0790036477756176,0.356062910084102,0.436746970225943,1.67341335748886,-0.0720972059204492,1.84558414883338,-0.750641433763085,0.181125955056324
0.767512291070922,0.501059012720023,1.34804950701091,-0.479636441162604,-1.13665748603327,0.50741739725596,0.0909389554341646,1.46650826149868,-1.10297719500737,-1.37590152884646
-0.60918697887359,-0.547239696496278,-1.30212176921602,-0.411895745020008,-0.440769661558825,2.40789469799032,-2.79596106086008,0.4759638988325,0.794368538321201,1.25604328767604
0.887991914930997,0.483418908786835,-2.95963600579778,-0.487834940964397,-0.846665492134266,0.752724290224546,0.60679964830857,-1.61299861029294,-0.479403473699962,-2.30327027274957
0.508822478322137,0.104646035551234,1.5680886620882,1.12018712863177,0.0641964925324123,-1.22333086742032,1.57135043269988,-1.08570293664938,0.150409046636842,-0.298199026461906
0.489065238139899,-1.31549925346,-0.527925684186864,0.711811615429529,-1.0005305777284,-1.29825275266046,-1.10110255414915,-0.616034812582803,0.846392968396844,-0.449341202453367
1.16394859607184,-0.0744890123100785,-0.87191041673134,0.274717692882896,-0.250133748123722,-0.190269701168576,1.65810627738635,-0.148193351603907,-1.31333486202487,-0.68273851597061
-0.0136424428414776,0.680985588466901,0.585258001365737,-0.918716204981459,-0.147897736461654,1.88174444793545,-0.522259541718222,-0.148460520502337,0.641000251178423,1.22447251808512
0.476281590294732,0.580114711362922,1.93694220821629,-1.33529824052494,0.196020195278931,0.191257158663315,0.904183062202388,0.203340098786293,-1.6205988539294,-2.22899770355881
1.20019024295327,0.103259774453558,0.814623698416356,1.04421003918209,-0.182619803444592,-0.0269001331057971,0.117875148669662,0.0821828562082399,-1.34109761373331,-1.38727948032135
-1.65313021734239,-0.650216190591228,0.0571980240471574,1.41163277403748,-0.229612406158387,-0.62353661554601,0.584720858287093,-0.667411138579177,0.181399517424148,1.0660119241881
3.45381829968357,0.59347402758731,-0.527021666819419,-1.10823738357066,1.56031126946832,-1.2411624060254,0.554609818869651,1.080905115846,-1.67985552288387,1.1697871754905
1.32748566714911,-0.589858702490424,-0.975378790125754,0.320707445694102,-0.260516029333915,0.896707832243771,-2.83490209935085,-0.307198902744316,0.375817697007236,0.123109472092054
-0.204705844247758,-0.185561685313955,-0.139166483358841,1.50337581728991,-0.327162025107902,-0.586852241440917,1.2620926388726,-0.318654642038499,-0.81812234192253,1.4214572966549
0.507224958155758,0.720197778196548,-0.298911326714702,-0.062160486629844,-1.13229401024311,1.7161379403984,-1.2617068020741,-0.362024871658548,2.4529322297578,-0.631365176358137
-0.344580081685299,-0.825845195170049,0.352073587478608,-0.716288365922566,0.995640063178253,-0.55925957886795,-0.486831288802405,-1.17596218145199,1.00104662643562,-1.11527326111256
-0.246859148804433,0.891831881342621,0.800818050267387,1.21525549523032,-1.6448977145875,-2.00544402228388,0.405629695500796,0.0275118102241009,0.131355020725811,0.284352001441838
-1.48106070137378,-0.246143356712092,1.04768404451868,-2.05589440805786,1.26266014527417,-1.6295196301033,2.25626346669229,-2.13842184213116,-0.945695409717556,0.253662466855043
-0.545036271175556,1.09394941762135,-0.389268123216463,-0.805683859335849,-0.408578885614467,0.716703061754075,0.0723647908567994,-1.617017206559,-1.64090374485674,-0.537710311873429
0.200926652762131,-0.664669819469149,-0.229379850022123,0.536327753778235,-0.304161640487575,0.734998091353382,0.838496485863447,0.388356167660037,-1.06284270006044,-0.29312737383897
2.06466333352214,-1.33910188610419,1.26898414266047,0.869072692651423,0.0237175409452436,-0.897518770431497,1.18554548175156,-1.61216150701105,2.2977810257439,1.3690767581589
0.0275236909671548,0.673793549786944,-0.380778919742268,-0.746933381862832,-1.75323898272772,-0.989591001040674,-2.08630970695118,-0.74801348938338,3.28486899541119,-0.676952582334386
-0.385722999564033,0.210110052788393,1.06447409198163,-1.54866367206339,-1.77508139117156,0.673621335159581,0.167966179832629,0.880279217120115,-0.225524529532971,-0.0230024562601931
0.394290269194276,-0.402761977313373,0.717591437514654,0.314117485402267,1.16196356618322,0.41007217171274,0.11421588918476,-0.281150316910664,-0.278336111496329,0.932525309361796
-0.462773314110101,-0.14672337358245,-0.608529863491071,1.69896571739883,-0.591615274122522,2.22842580900833,-0.757436043203716,1.15782342896258,-1.3517735286976,0.857418921123629
0.225440083037743,-0.480184472244925,0.284538893343645,-1.13131947030063,2.24709112995256,0.0627099854610969,0.118451915381095,0.170379148229428,-1.54207324867572,-1.04137864413721
-0.571257615542355,-1.10735982799449,1.59669564623319,-0.117130942639792,0.0845433292283905,1.26430912969823,-1.28006527187072,3.24981146205424,1.71121646813138,-0.392539006581872
-0.013525555384686,-0.75194424944884,0.621964865970365,1.21068227826759,0.199725404300277,-1.96702865819562,-0.0925700627948125,0.906906781307025,-1.53003373845387,-0.261846101559564
0.957780426784495,-0.676356219361621,1.05221296226618,1.91775685659886,0.022720575134859,-1.99517808266782,0.78742204115049,0.234239980975962,2.17743182180407,-1.02101884866549
1.03583360898702,-0.566180778798787,-0.9838743196458,-0.769320695079464,0.403708141718202,0.403266957337256,-0.450716208321626,-0.681493193315428,0.121850448713511,-0.187686116034194
0.499811931421596,1.04379657972269,0.7928288727298,-0.564792442093781,-0.095348792478117,0.248932225674052,-1.19613067912293,-0.773336733770337,-0.3621032143258,-1.39093498325642
-0.224295964022062,1.3200111393468,-0.642775399603853,-0.251310921391413,-1.17638926135548,-0.0832644291188951,1.46794003341023,-0.166503434605869,-2.17170035975797,0.0474810394093492
-2.04982481416369,-0.311060057449559,-0.786981790159701,1.3540845856891,-0.632121828155727,0.150027328621759,-1.4737837375488,-1.07377611068072,-0.553565869182428,-0.213848319543773
-2.10899949427925,-0.0594291813952026,0.801752244429163,-0.665274488234782,-0.447209735539031,-0.714139897544298,0.932828255274633,-1.41850112609599,0.17264343483561,0.718673628509008
0.0410983788682165,-1.17019244510606,-0.899537145469331,0.0769432214516523,-0.880717987411263,-0.0381653220827344,-1.53528691380266,-0.623764961120255,2.66106860476138,1.17504450091112
0.196279115137172,0.127739479136099,0.763663952180248,1.51349601407491,-0.486316718339608,1.56223767150342,-1.18095274036187,-1.0720911237045,1.04004862757206,-0.655035660057465
-0.353686562722347,0.629449738283712,0.230927817301147,-1.93772435315864,0.270388131212792,-0.769221967893832,-0.0515743454880574,0.289179984553312,-0.436819292533602,-1.14753115901011
-0.383914557551408,-0.285673324119519,-0.2434773538388,-0.228410716471154,-1.83852260020445,1.75411655199414,1.3911537470169,-1.01658853417811,1.48563460784272,0.300881675724117
0.84344862280157,-1.11079230236799,-1.58782715144946,0.3184858789135,-0.255073214006924,0.147174165398567,1.67665030432921,-2.14130237992477,-1.20402980958572,-0.791019709720367
-2.39288163168021,0.437605855760683,1.52163174213427,-1.45918541387582,-0.135845004456877,0.325663828947334,-0.500565966265869,1.06161628479239,1.82150339562569,-0.33529430460561
-0.3178228267723,-1.48612688050614,0.272247261704631,1.62364849623038,0.839364917204166,-0.475147468312717,0.408748252290597,-0.599517616783974,-0.626287878523675,-0.125926593753429
0.881216747760984,-0.152825144529841,-1.88773179984403,-0.4724418185837,0.514920256553261,1.09295215206289,-0.0951276502323575,-0.89617579465196,-1.76148165027078,2.2171705520577
-0.0324698105496997,-0.454800025989058,-1.41786603579987,0.378136443562075,0.166352775758008,0.839200314436074,-1.42742668990064,-1.97159538797649,0.867683685416937,2.00422355396213
-0.666849680236242,0.341427873611312,-0.539231934223169,0.0686716123264988,-1.15701710351864,-0.880251227680634,1.42331742284883,0.47883141856173,-1.16212325413429,-0.766180304198697
-2.651723257603,0.680212392368851,1.25817084493033,0.179121354778854,-0.632477151459703,0.0527433484315389,-1.69327335907254,-1.27957359174675,1.05647882237329,-0.935670452229273
-0.7613685247404,-1.62678299614051,1.23283634896683,-0.0204840404879888,-1.43305050660514,-0.204299853287269,1.86986384879836,0.198323172530278,0.124403111120173,-1.85601587981
0.694087644363632,-0.438496053552473,-0.245028471204463,0.0634219170235801,-0.445945541176568,-0.335547137825017,0.60593251629067,0.032996897661493,-0.0225513104080818,-2.72539860470694
-2.6835098982888,0.304996739304387,1.44700684864742,-0.664353930880218,-0.504201047744742,-1.55770241369139,1.01950057909727,-2.03798902831084,-0.555862436364349,0.604453176360089
-0.105672260121785,-1.16359506286799,-0.227825987730793,0.658163795048105,0.249082912875997,0.0763320015726924,2.44835561840396,-2.0902032752786,-0.0970625219481255,0.129020806093451
-0.263404428138703,0.758601020426631,-1.0820267833221,-0.155773035710533,0.578547917911296,-1.32354171007591,-0.927290711056831,0.444363910169257,0.402822323227374,1.91196973866818
-0.523285562688804,-0.69166010281383,-0.184851083093974,0.167788008280555,1.03916406481248,-0.835522565144957,-0.464945343047969,0.169461549586763,-0.305969102401988,-0.580725770556621
0.310839453398357,1.70941975139127,0.270889856060498,0.654093993254419,0.416197070575614,-0.526440024391085,0.475817364393325,0.858215512478209,1.01628835780727,-1.13071866160102
0.157050790300384,1.46379699895961,-0.624377481642009,0.999732069783963,-0.833498292561703,-1.20282033431279,3.21519222873894,0.40159713308939,1.51120786805189,-0.586876616141769
0.754375056208055,1.35871617944656,0.287467328718024,1.59766797250298,-0.150198054105274,-2.00123175541928,-0.256588784053897,-0.231602944747758,1.3788860712973,-0.143740313722534
-1.57854590148445,0.626225874869034,-0.697766710034341,-0.788113408992431,0.290000399454393,-2.13456660113933,0.484305846479633,-1.09941530908716,-0.760692670393546,-1.74366798369098
-1.79401861113644,0.184111132468917,1.90523937957957,-2.76242751289832,0.164009375845982,-0.00911249324607251,0.120742769113816,-0.620798332710085,0.863617134048754,-1.16498112889037
-0.975822725484103,0.0634443458065237,-0.295967791937025,-0.908821055457267,1.39351379580371,0.631583137421114,-0.30399507254809,-0.860043139904246,1.89394237626802,0.0120928433009803
-0.680776559774415,-0.220599447117756,-0.393966191126275,0.0994265945960812,0.0358392329313736,0.670557619254907,-0.652302877755606,0.23042529302283,-0.466579529990319,0.586324261876974
-0.384039322397961,0.86054776814559,-0.183861471125975,-1.02621944934338,-0.574006353666913,1.93026751082494,-0.954222566084451,-1.60796821048089,0.141969583843026,-0.114378509101186
-1.03026262832905,1.17546660465245,2.09986139749517,0.711709274361778,-1.00845102336429,0.103971996583049,1.06928738883915,-0.819504791242546,1.19070795759758,0.339388533978019
0.455059681345819,-0.124280700533163,0.459794468696382,-1.56553049366229,0.603875265669785,1.9304744375299,-1.45303812252258,-2.42138393857254,1.03442028047795,-0.759389966276813
-0.49610369314816,1.49629568955622,-1.44894497726293,-1.45769951483175,1.06872942996131,0.0470574108029249,0.555386249687566,0.36041861510992,0.179932517373001,-1.67685985897647
0.168403392507551,-0.849415242331663,2.1678527041785,-1.02835608128487,2.00940618189657,0.0437467686892183,-0.693718130477975,-0.577705142382821,-0.0496823804612071,-0.623033952560577
-0.235305893285686,0.969530197487571,-0.153373189107751,-0.362339550034896,0.554636507655295,-0.550331338337511,-0.583516242522895,0.544643594194656,-0.541579111512578,0.622704964360866
0.836773112655056,1.25645280415114,0.0404804134139955,-0.99640827047044,0.0553148404918352,0.439509219131746,0.705472338381227,0.250121605156367,0.100611742939773,0.646710487204201
0.768916139669973,0.508000167997044,1.04375145535495,-1.06027962766987,1.51540751831531,0.739565599630174,0.25359997249189,-1.03821401786091,-0.632284189491964,1.72186724368339
-1.57163537705919,-0.110001091525167,-0.699946727146157,0.305558259625127,0.0147195578264235,0.566367388536485,-1.4743245713688,0.0532575083185235,-0.0480847492680809,-0.836414651921245
0.291932089235559,0.355199823330007,0.0414002134726074,0.710758280814307,-2.05155576172415,-1.98799627183736,-0.296879102872431,0.380609582295881,0.451497441864548,1.20919975682463
-1.43882191345644,1.42968143383792,0.947819961845119,-0.569391104477212,0.309309506814671,0.227527832414282,-1.25521579511429,0.0116042521950718,0.113565435368847,0.356031345053133
0.111215523011684,0.648764869848029,0.16010494543042,1.14432841684001,-0.424487216484554,-2.00796272599741,-0.0683110236657018,0.0243978981119102,-0.953549205616643,-0.839863750923494
-1.08907527994472,-0.0532691493180119,0.566749718045252,1.11159146311923,-1.48011572804251,-1.37199494936575,-1.08151971476787,0.0407310203536904,-1.77679762905122,-2.12091233619496
1.28265475574716,-0.0981011840627727,-2.36902533773836,0.496963019535618,0.529630746381335,1.48738668560367,0.899592778302947,-0.0887474604703416,0.491863087932322,0.492095609838681
-0.291387950695402,1.75283770338259,1.40700337157948,-0.855204842107123,-1.09153035457906,1.14062772715157,-1.80985234450482,0.241870183030394,1.61599592144994,-1.22174560727299
0.395138275407084,0.715316837750078,0.161726653480652,1.47688510664812,-0.0738697305965007,0.701357165433848,-0.556113707137528,-0.600294283150733,-1.49517303378671,1.47596061338323
-0.919180087976171,-0.672912206524687,1.62179222873413,2.61389426811999,-1.375904633085,-0.112759672277625,-0.056076056921373,-1.76460204159399,0.306230706237057,1.34330258252352
0.0503755254013994,1.68892159660716,0.370241810932338,1.0903191754277,-0.285300292880298,-0.526244138913855,1.03403738342475,-0.983711251211815,-0.541927809884311,0.208533671379955
-0.0985851646444701,0.418142308891377,0.340546544336193,-0.653512602512167,0.229815226088033,0.0596549303056906,-0.128264803283132,0.0994493445733491,1.96584172010411,-1.13440784818407
-0.727849306276095,-0.567825498159474,2.67088439212507,-0.0912060716545948,-0.653520808638506,-0.725107026681088,0.246658329873735,-0.109658747683362,-1.11684298150075,-0.725482546961465
-1.68900637320444,1.58579690939565,-0.343485128263056,-1.22345099105119,2.1598837506547,-1.04522868639548,-0.681440679180998,-0.679759244989979,-0.0512387537485912,2.21614270192671
-1.42083173439082,0.501862243562764,0.635959761370238,-1.67089980040906,1.43432033633692,0.374306882150549,1.11003109607918,0.683378890004327,0.171402171684342,0.164346851270138
1.55007021734544,0.245913429299282,-1.59429440513878,0.278056428641014,-0.0439629575906131,-0.998961646667586,-0.756450073007888,0.902824511209067,-0.574582258535104,1.6022182541979
0.972666089368486,-1.56039611710336,0.393257532610751,-0.264337220656574,1.15977300831362,0.244363858818044,-1.71278065055667,-0.952285018048947,-0.595184936476673,-0.223616058565121
-0.740262299664832,0.412262290707309,-0.132779961817706,-0.264399899464339,-0.877255845009879,-0.185668763871414,-0.275730039347151,-1.03015420213081,2.39742116652307,0.200784883777108
-0.0580825717667094,0.368096933864646,-0.0107498385717272,-0.164406027312792,-0.140539053179061,1.16895213315814,-0.776377099154073,-0.105392578838935,2.32792519344699,-0.77538196740049
1.24773690481358,-0.0406954084278867,0.779451280324474,-0.349570870259558,0.496506083271163,-0.216329366761167,-0.160514687469449,1.05870262488485,0.637577692369055,-1.36815870768018
0.340163912826676,-0.56573484603183,-0.0663309210824117,0.434482878123977,0.746383399760793,0.453486726922964,0.596771426760694,-0.78379545644796,-0.736628985897177,-1.08986279591514
1.20164152282668,-1.45011539907489,-1.38821894144008,0.324247494171769,0.145309543868035,2.35890594273109,-0.88140298160186,-0.300358433361284,1.6048227972715,0.708447376985908
-0.617136192771786,0.24766239443384,-0.773130874766598,0.098700827108768,1.49005416836091,-0.669378393006179,0.770955973118165,1.00150387979137,0.0462602732313705,0.00961286542691404
1.00151762288,-1.20415321482091,0.317027525091566,0.17839395282085,-0.283725273263117,1.33751176754513,0.153060627707324,-0.49010754777484,-0.7241474714985,1.43650938179103
-0.669366884063278,0.13198252889054,-0.48593201872216,1.68836042441001,0.0788572587498637,1.42956383437516,0.48460779731214,1.28691489932615,-0.167036602777235,0.351343464824872
1.67306782012101,0.395959184109059,-0.226735894624615,-2.18343084705697,0.297296289182264,-2.01397249643523,0.872733021962098,0.980636966679634,0.940494172315483,-1.97957225288153
-0.318935665040844,-1.38192659327001,-0.627668136204038,0.126401801542936,0.639177243422091,1.25564832701387,-0.0881828459813722,-0.55047841849407,0.555123448752494,0.335022078860937
-1.29871283443527,-0.0872953456535755,3.46893704116925,0.291607093042046,0.563406059210732,0.412716475380212,1.24054962406647,-1.15215508657164,-0.398533687126208,-0.509629078960368
0.751939969104565,0.843576747241587,-0.35090466684593,-0.320982035423426,0.250371587805003,-0.490563526292528,0.261779322164367,-0.444591197760233,0.690166331754356,-0.154458429965491
0.269584573255225,1.06316330467158,-0.266169140544842,-1.06831613758372,-0.763978095604577,-0.0204066140048076,-0.539834015788248,1.62665336682174,1.4378253161336,-1.72040491683699
0.222147824216455,2.45161904858982,-0.601485525530289,-0.0437822637519105,-0.320991128973223,0.28079353001656,1.83947906672858,-0.300187779814012,0.471144404020497,-0.04778081086609
0.39783780352761,-0.872329235698191,-0.997626225582281,1.4509163697909,0.777587292478145,-0.345538993571876,-0.314631253160337,-0.154955032872409,0.59248500165521,-0.0410364437341925
0.507651219382514,-1.55828982893394,2.89620045273751,-1.5675094745485,0.113165203604201,0.164094535883777,0.0195970318028273,-0.783543925892634,0.28371444477696,0.095954860559457
0.863251448870335,0.788552485537998,-1.3756840701761,1.35499460910039,0.457527472795424,0.93679554161346,-0.321123671158713,-0.787216988874248,-0.816823824455883,1.52859050508539
-0.856722460237102,0.511430273332277,1.49434111908876,-0.504826389128213,-0.790076682591564,-0.807594799800524,-1.0767181897149,-1.60269103652418,1.91543323966581,-0.703981189989937
-0.395887976580846,1.90832194396086,0.320789273992227,1.3286665128076,0.13711621277203,-2.21120496815958,-0.312258176972668,-0.0552931728162548,-1.09958809035344,0.0802727917447106
1.43389812081684,-1.06482570617738,0.508722793692718,-2.03776450599972,0.869785335969147,0.423794464188449,2.04585148912941,0.464893361034309,-1.05184821856767,0.108913076811632
-0.340625171411091,-1.85272460785794,-0.0908094810463354,0.342996991530984,0.998802925872095,-1.4167912430129,0.41208457691073,-0.960924887086902,0.849402858304316,-0.269211661484005
-0.706849449675631,1.01312543137751,0.807702856063873,0.68553103442875,-1.79615391284998,0.40423158127659,0.271739449697384,2.01853811335304,0.80238799943293,-1.47199328409734
-2.00143177398162,-1.74799192389432,-0.381596297337088,0.999991455007744,-1.22844349793287,0.0650572233911626,-0.124441714882242,-0.855523822798931,0.198421164229651,0.530599413683636
-0.595961715052821,-0.614631560138338,1.32071520684973,2.32560443268908,-1.48547415476156,-0.260100710359653,0.0614473421832973,-1.95100928425423,-1.551860034858,-1.20758726795495
-0.729534235181303,0.155067699320398,-2.35211543521502,0.267682562382058,-0.767367799797314,0.343931845253436,0.204302318231836,0.608381088555372,1.22499544395954,1.47850526138484
-0.89830298801514,0.640209543783569,1.18964090907694,1.34186424895525,0.888085745332485,-0.569273331215725,-0.463298858647952,0.285703054424695,-0.0461185476669554,-0.413512000477963
-0.189339865869274,-1.04154211224403,-0.802236753228933,-1.0938500388442,0.0372483510540608,-0.278893122629594,2.04042152092672,0.50665997285342,1.6210620193356,1.02516335761281
0.886455555834366,-1.44142453042531,-0.488732767350382,0.746665280037402,-1.2022193947403,0.667781499783339,1.65306689271985,1.45073456984299,-1.77229871845908,1.63486321184821
-1.95753166496543,1.89567089119188,-0.585588146591986,0.766000401758747,-0.421700403556957,-0.725411176622299,0.930068754649888,1.90469060710062,0.293630873488374,-0.662091050081529
-1.49709676876425,1.19259604545837,-0.345323825717358,-0.105604293115886,0.239271043422348,-0.70861488202679,0.325262405549158,0.699050316083115,1.44068603057561,-2.29575654559583
-0.794522377056947,-2.06364168529052,0.669217118088095,1.74484489822813,-0.755060571371869,1.12685635578091,0.230575162661109,-0.477866233129871,0.467359709804648,-0.0223907109646486
-0.802260054268953,0.115919301825054,0.395612338769809,-0.437265511243362,-0.365344628741292,0.573406440532813,0.617733021700771,-1.91163697170354,-1.0474131589394,0.237319198965027
0.458718293471761,-0.347560071510513,0.37215421904335,0.642198455788741,-0.781181169206298,1.32161781599928,-0.0125102289361701,-0.305079638101393,1.19777156130062,0.149100482092244
-1.60389092046323,-0.986363286208283,0.690462197219952,0.341319583886908,-1.15246470500293,-0.246738863236259,-0.861688086310222,0.985579571298725,0.791445729446416,-0.925199976224438
1.02546088744522,-2.29054976198351,0.384590717936622,0.852453475731472,1.94381827614865,0.154221387765314,0.334544743765957,0.192481419808033,-0.725360193399448,0.132838686843254
1.45847382710655,-0.00913243961851738,-0.0105266826747208,-0.569512649991578,-1.23227018835547,1.40576143895699,-1.15225478302199,-0.143894791193808,0.289749599937235,1.72662587454915
1.30141810373213,-2.7730531398264,-0.37741672511665,-0.439145470226188,-1.76506808501187,1.48903630217013,0.757669839904085,2.24345732894797,0.324345855750084,0.859429270326201
-0.246824663338198,0.634844777300487,0.916877877547156,0.161254090475684,-2.41260468576327,-1.40922985020565,-0.815305604280393,-0.642987718980532,1.17903448922831,-0.692549359238285
0.588022059888917,-2.36616091316265,-2.79849626944347,0.238632362333032,1.4723463220754,-0.0411413895766219,0.255524599231162,1.64653976690524,-0.824843953138411,-1.41476546259729
0.961038745810735,0.215183113113577,-0.393544934517717,1.1235200390813,0.362696508161622,0.229783462827384,0.945997067819546,0.0566413192946273,-0.768102344846193,-0.931539726241675
2.02948813593473,0.176128041404563,-0.0364163422464465,-1.07482671858242,1.02864500304087,-2.55699232841124,-0.0909014624394341,-0.0573616828508418,2.65104536604808,-0.0233612334914287
-0.120246439002019,-1.70504255157726,-0.883669478985904,1.42356754260058,-1.17573269340985,0.375693416381699,-1.70867555431259,-0.0482030814579413,-1.39972143002194,0.51104588370456
-0.737742267940609,-1.15987332334039,-1.65932783872168,-0.800153374369542,-0.451181668415649,0.983946145177813,-0.0945063215088986,-0.529058645389421,-0.329733818811424,-0.146279322806394
0.898670728318112,-0.776630577132185,-1.37045164142788,-0.774821867370428,-0.491368628798213,0.0811398555167803,-0.779552096167535,0.679152094863183,1.12829729704039,-1.38501916630699
0.722241167256283,-0.678304396285395,0.0082611372960797,0.336263700033607,-0.0256315848900852,-0.748327715238831,-0.816501164490951,-0.84045468787132,-0.0688655818892503,-0.82347685340823
0.865087270399277,-1.10070664136588,-0.963693280106338,-0.642183697976064,1.08812963124312,-0.383332604013378,-0.894635745242421,1.10287113225754,-0.251426388636716,-1.19347384164803
0.150283580665783,2.38821733221557,0.352234712892644,-1.43455263905833,-0.100583628416654,-1.81446509299514,0.849758657035551,0.360317689305634,-0.16301353414653,1.00863057741965
0.263293755588669,0.449298527157708,0.480172207836733,0.972129576205873,-0.343826944772084,-0.255329194745792,0.119722715720451,-1.06653823377686,0.345894640099522,-1.17729706687317
2.13646597036175,0.56959842131794,-1.32586927091099,-0.758745584256935,-0.609368182978486,-0.120212024832475,-0.523663994758107,-0.682296288663267,0.239135687791837,-0.100867798737281
1.44647565517383,1.16672505745014,0.510930694660804,-1.42365029568259,-1.39717522160372,-0.33781645510364,0.741906170196446,-0.723725648603145,-0.991560146152681,-1.18465296365676
0.18297301228893,-0.275393812966607,1.02966009128481,-1.86861657813626,0.677961111956628,0.0993951191268277,0.520000736703802,-0.547374455345292,-0.765578377990091,-1.02743407261708
-1.36884486272655,1.69216423804966,-0.678897489899629,-0.387012730065714,0.601274077802204,-0.260672382526913,-1.07773368688982,0.771066930387524,0.0317078222657942,-0.0713223365367722
-1.62688772166809,2.06392969983039,-0.883580971227264,-2.04573339831778,-1.62603149158568,0.351788711899205,-0.238635248897152,-0.948998427901066,-0.126023391629741,-1.46180436620226
-0.919967382909463,0.943881052662445,-1.55617298063139,0.999677620700153,-0.117224997483515,0.0505386089911897,0.391555839962994,-0.415707400534638,0.336149098378907,1.75608721452715
-0.602910997559155,-0.339617953953424,0.511468651832731,0.745331111341896,-0.896459907570725,1.28331841072687,-1.47750954152386,0.942322047585239,1.09793600570807,0.996331815583437
1.32775181253464,-0.630318372107525,-0.657317129191495,-0.0752505275609564,-0.680141819731586,-1.41263101750599,0.017611845680087,0.183623965632904,-1.10672943142843,0.310364274393906
1.24050483613894,0.0979175851316843,-0.767513306059096,0.108124932946248,0.046252154225083,-0.750520053857866,0.92433913189431,1.15461044951797,-1.04889619209034,0.914379370231499
-0.14169552377931,-0.930701319445021,0.63076866796552,-0.364089073775666,-0.332693673852144,0.963486863067297,0.848096025414542,0.982760641149914,0.554219183829583,1.66674642075219
0.346597502701459,1.71641267623588,1.2599347082142,-1.42763325604003,1.29362318869221,-0.982301571510601,0.122346752050739,0.00385027311540059,0.730751922019656,-0.609173331959601
-1.2538810706055,-1.33735046526795,0.432476716859926,0.2619756281419,-1.03003796565983,0.270379351224345,-1.70353220743981,0.360959484797244,0.790546847408987,0.146419678054765
-0.804370324164153,-1.4860805231757,-2.08969588057284,0.88430885974604,0.743276165906546,1.3560964220895,-0.950518865694422,-0.301713346202646,0.788761232501668,-0.0122853768695108
-0.346746200934257,0.654627811749115,-0.984801082814914,0.933125191882851,-1.48811144833676,0.0451480768528838,0.531667633261911,0.732682323293955,0.643018718845122,-0.790911965576304
-1.3249303863307,0.664483651594496,-0.821923124964968,0.301498114824514,-0.506524110690471,-1.48844808568312,-0.331473639914237,-0.103827498074272,0.329272570142973,0.936277429408356
-0.264661306907025,0.907168751949217,2.34733016824013,0.583364456907286,-0.621053150649847,-1.71667099790992,1.03868073623622,-1.60804966973938,0.593961637454497,1.19058561734456
-0.368250504347917,0.403119282648188,1.96559176305154,1.51762129723889,-0.427989630766964,-0.393741024477446,-0.217993900808141,-0.818309913498038,0.750793349635398,-0.763786511944498
-1.58743545017102,-2.11937930713921,1.80783279232422,1.10795128443631,0.681576008898062,1.31913350765403,-1.54078985523916,-0.0865968404759361,-2.17991343779353,-1.05070413546255
1.17070468220582,-0.393702817483949,0.790939397744082,0.228890105089538,-0.335435770886114,0.562242667486537,-1.71335385608242,-0.285129766017665,0.660030356161303,-1.02394249915113
-0.0262387827563018,0.0903300035193754,0.909800302681128,1.53999849975476,-0.820411561764265,0.784754411050306,0.87457232492426,-0.313275953234249,-1.17445788306454,-0.38833335788454
-0.0766766779179189,1.82902843037134,0.588371555129128,0.78241106175793,-1.66419133050703,0.926745063626276,1.11107807285983,-0.442610941987255,-0.444787156939016,-0.189332558611676
-0.430989136113725,-0.475088445083638,0.532428526858176,-0.327691687088532,-0.0484002561275316,-0.21972289413195,-0.152943739758857,-1.29981081801611,-0.686004748829577,-1.74326353868656
0.419424345100817,0.441299876248255,0.064850939916844,2.18409591039163,-1.42880171074073,-0.918829299369667,-1.51834932082344,0.125862039012751,0.854751220726993,-0.568393292523281
1.12007090632152,-2.12806195670837,1.23040418838024,-0.410199490432134,-0.19709452917441,0.582232528860994,1.48135585757727,0.0783315517803973,-0.278547229626178,1.96016629619735
0.382801510770603,-0.335069382803397,-0.462089107648766,1.3770541014288,-1.07136606316646,-1.44052964842372,0.284906460611092,-0.0531828172858392,0.700451851346584,1.36897615002378
1.77025213324982,0.729344620127675,0.653912404833907,0.456892985688448,-0.68254442407036,-0.395301433655657,-2.22543552181725,-1.24950621011238,0.982932306991902,0.248870326800838
-1.70502347964719,1.80622591202633,0.225621742407458,-0.475765018099763,0.236101891417201,-0.210311956471735,0.275963013058074,-2.43095639625498,-0.635921869430329,0.923445778896438
0.197510440130231,1.43286430126169,-0.157920188219754,1.22905032399262,-0.585079083537345,-0.617182131841483,0.199971329981935,-1.30078169930038,0.156725313341765,-0.209196582261009
0.453482622982582,-0.678861111405913,0.272370701080966,0.0444384425451105,0.123014775007638,-1.05702553322531,-0.339718042680146,-0.655722051295002,1.16488050280599,1.21765495823079
-0.113742452553452,-1.93596229906971,-0.0715591982128014,0.529574401440645,-0.241301688664308,0.374212905216104,-1.39675598721093,-0.163147160991537,0.274749858023954,-0.616802848974477
0.314600500885719,0.667873887525074,0.209670925875294,-2.98405629134348,1.03701386261597,0.506368233986548,0.567170546151458,0.708825060236827,0.20436797825272,-0.299968091830217
-0.868315494232834,0.498225708263797,0.0757537415571393,2.29938545385138,0.079982083055317,1.17735585698204,-1.33759560082077,0.810171676749309,0.204347506002216,-1.08669806842699
-0.187256263452605,-0.280268875096,-0.236039266727131,0.193435480696484,-0.544419294471531,0.104241274029711,0.879307086126166,1.29288600404266,0.234005788790829,0.272915336813408
-1.10404984039732,0.631031840881192,-0.714096638487781,-0.905281341755332,0.2694181646097,0.422185676109535,-2.25853863151501,-0.28055784751558,0.84848587455099,0.553026351728144
0.0121807513990214,-0.54439454391996,0.889493243468298,-0.84366006359992,0.26367753959835,0.772826268644115,0.227490713666541,-0.627649291798673,1.16823752425793,0.0796303205111844
-0.119026855198357,0.418818799267675,-1.70010941044536,-0.842856206702739,0.263744205938158,0.510946175061625,0.200635806730963,0.838182088990135,-0.0108178074493832,0.716719040993529
-0.386154795006952,0.365892140565794,-1.01224332720417,-0.917298597608137,1.04008372651317,-1.14226436988479,1.54040892521488,-0.818107269207074,-0.320782888610824,-1.03991735584716
-2.1491256224883,0.742681903376672,0.707340229231853,1.41803457953417,0.228575046041575,1.36292120937012,0.899678815866959,-1.14629881409688,1.87863396660868,-0.0519694508422921
-1.57532843562261,0.712829488918986,0.361062709392641,0.0605206427755247,0.21017945762864,-2.61447352658912,0.364097880588932,-0.462167037664451,0.688496512563091,-0.890847062858828
-0.207027456186713,-1.62215596226328,0.0501340941270758,0.328531173886988,0.0269194673457768,0.33109065517672,0.421049878806881,1.06991702937378,0.753956107443628,-0.0330742617376438
0.547523073385958,-0.150101262927753,-1.40102191298767,-0.117205774830923,1.15648038578074,0.0270023972379452,-0.280083768388392,0.63495438441631,-0.419329050207927,0.192701735188679
0.0768950412387102,-0.923377483409233,-1.25770315430514,0.825236589019378,-0.256143493490976,0.14334974149303,-1.17812086865765,0.233961903404267,-0.134065316375097,1.06848957489255
-0.283768195946961,0.510631352286642,-0.355682595855235,-0.699335364523857,1.11678203687921,-0.970537552179102,0.628961881382211,-0.747410285192534,-0.182717767849496,-0.653608103274534
1.63603548709375,1.27586867464444,-1.46569686221804,-0.821218108227758,-1.33452616719068,1.01823336873354,-1.01346571167955,1.0010685392544,-1.44138615083522,0.47940813912487
1.04501165226784,0.831546437470812,0.297187006768567,-0.605258437227458,0.461429949265529,0.0551147855495346,1.27666680430529,-0.943449500375806,0.474900449689398,-2.08357300742038
0.701803855128592,-0.0177509451108341,0.965407107514236,-0.735335730914707,0.61017940392906,1.55487798627675,0.265224441025308,-1.42852712172625,-0.771318462137565,-1.50270829452152
-1.11310136848753,-1.21296033066452,0.553742073831141,0.8648911190838,1.48403502522626,0.608135867174872,0.477251486217502,-0.360978240618177,-1.91135106045936,-2.18753421147214
-1.25462036768031,1.80502616206038,-0.224443844896946,-1.69717407595966,-1.08777062973978,-0.531894135391034,0.0464553078972548,-0.479619156807486,0.155833925462496,-1.14550120282235
0.807889571043825,1.06365437951031,-2.87670645147263,-2.76344730892378,0.681670166806352,0.759333009914102,-0.769415052412293,-0.36815064011119,-0.537803878259153,1.2974028160598
1.01096652449473,1.12236554448464,0.924408872254525,-1.1891129923994,0.262374128468919,-0.643393011125807,1.65564499173792,0.67445666759442,-0.585387602906112,-1.51804779450096
0.340049410790908,1.48317111670527,-0.201384014090013,0.0156170344760937,-0.527276923047175,0.476278575138778,-0.210826231922381,1.39164528986818,0.146962166993236,-0.262639474947484
-0.661293189193147,-1.82789321937383,0.452035737190787,-1.35995858680262,2.22023789461781,-0.609441441107266,-0.112057049789122,-0.548252363779882,-0.702546025896931,-0.244659181650331
0.841688755955365,0.346201313295818,2.03329994901683,0.816004048994233,-0.573633778050665,-0.200974039553321,0.595344334842901,-0.91939877870718,0.494657852577415,-1.37873184833495
-1.44144897594363,-0.263604731684058,0.96633330473368,-0.443786686559172,0.136314533590865,-0.586668856268122,-0.109544525707137,-0.150255614082854,0.0015870948098997,-1.00986730920449
-0.386713715348256,-0.902610547517181,0.190919195386288,-2.28567776171669,-0.651349587927104,1.6753705366509,-1.09459200598896,-0.0728922928496663,0.968964320899441,-0.263805431935181
-0.349221835622752,-0.284462898465701,0.404507673845318,0.931769248795971,-0.241435563429878,0.710699906489361,0.462932717426197,-1.1416838007082,0.490551931200735,1.23341969354472
0.249635811266816,1.01797488279163,0.86406176816463,0.768887276020375,1.573864781647,-0.298175339491007,0.0317385262936565,-0.61094112298655,-1.30690404582143,-0.060095481016086
-2.12927326841301,1.4814960676553,-0.47115518169642,-0.0531864182904547,-0.601162301069643,-0.317268361215267,-0.231070987606296,0.611322034784402,1.13630189472505,-0.156931421516348
-0.149032474372326,1.18796417193867,-0.141284752339228,0.594337546764251,-0.393846438814943,-0.103641956907528,0.0904698027027382,-0.790943545235523,-0.383366235467365,0.136593141266919
-0.974816262832421,1.56253580155398,-0.0886864180343648,0.505019296510792,-0.188130009481575,-0.788321158097091,-0.466224786223049,0.475852344914659,0.513243216832863,-1.24688829686779
1.8563831708002,1.88499492689766,0.526976464197663,-1.24444411164004,0.706535404501755,-1.10243691586375,0.244896072077027,0.441501493171226,0.496626032175807,1.25995861671341
0.689378399236349,-0.0895768163546016,0.257605596381556,0.885885501020919,-0.854099665828745,-1.95704934125809,0.791144644098688,0.493698618559804,0.270668987405057,0.764000600419798
-1.39839001729676,0.0858721293103565,-0.374095471096503,-0.0165090031410048,-0.308850809004427,1.04022384937501,0.279215444776289,-0.0351944843714621,-0.917307500342833,0.448634604335654
0.721834186399027,1.57859681359245,-0.932307231064028,0.79612044857216,0.640840201148404,1.46691090450107,-1.95097094423867,1.53156595326213,0.996617570514865,-0.114149006322746
-0.850164796655329,1.68476257185975,-1.15943293867265,-1.25829776854279,0.0750918183572473,-0.734545431314854,1.71444239989381,-0.586268327940969,-1.30273715527272,-0.746689039096919
-0.642082512895838,-0.765743634154728,-0.44325642571431,-0.503636059362323,0.225082144043475,0.763976410162142,-2.19448158841142,0.876360556469942,2.43015625372434,-0.430352078038064
0.740217587330117,-0.818241466268601,-0.0114213323534508,1.26905302907779,-0.79810488755676,0.20239062640106,-1.04406080940313,0.710101772525767,0.152889366688951,1.41270142250015
-0.458833740160928,-0.345243758801346,0.856005471865728,-0.691676344389591,-1.1719005302946,0.415891668813894,0.471027972163892,1.64045318524549,-0.354225554807793,-0.766407060670152
0.975068015529667,-0.41184736118331,-0.219360099756916,0.100848759158337,-0.551193584755195,-0.603039078431241,1.16622184724012,0.643638441775445,1.33127384072347,0.653660581677432
0.569778625264696,-0.560024967572356,1.34715837167204,1.21519005652757,1.20070547820554,-0.12980125775599,0.0705644701464457,0.0736281002289364,0.111570851121585,-1.05393752443366
-0.921055750197392,-1.14267184166132,1.42492148102677,1.01967434682573,0.733269554256874,-0.355656444565192,0.474136924889578,0.192639519455375,0.955972175408531,-0.447076878462197
0.916512463626681,1.15399989870306,-0.868601238268352,-1.57350751244555,0.0272227379216139,0.324790343291215,0.275280502558528,-0.793816942744458,-0.619897478905915,-0.134817422182476
0.513861631509107,-0.466779578226454,0.991579461939607,0.747948282348184,-1.12413298430247,0.300542055664123,0.21631624155399,0.953257150978713,-1.37557422435961,-1.34133122303164
0.544271446529816,-0.339467854541389,-0.848353582204242,0.110536820956562,-0.180140344301372,0.93790299682335,-0.740302199197108,1.80993008099683,-0.285420706615311,0.506584775040225
-0.442420973364256,2.16723406230936,-0.917580835712326,0.752935682883224,-1.9294249067851,1.64381878582989,-0.631322318313906,0.1343767138379,0.192592616479261,0.71053115354215
0.454246163377553,-0.138958707888852,-1.54962607828845,1.12903287009266,-1.26938855472935,0.897404674430403,-0.258386936667054,1.2461570043992,-0.860116372703794,1.5404511713322
-0.837294492854914,-1.22141446849331,-2.28773582244032,0.803421146215217,-0.960148641914552,-1.73175156339264,1.44030973910153,1.73737165551884,0.90476147015432,1.83008087765224
-1.15052411062983,-0.256872831965164,0.13102069084405,0.948356971390708,0.0670353837416473,-1.81333937027589,1.91497629058006,-0.389477125891515,-0.760868594249517,-0.604529556813145
1.23402439856527,-1.58802787761801,-0.413321811236571,1.02004939963314,-0.674299036899502,-0.581584780888054,1.85516479880191,-1.79619074446288,0.346794472022627,0.49814010256911
-0.427149048687516,-0.0774533801179145,-0.772830140360002,0.244986635789529,-0.561756172426135,0.797159681841244,0.328731331102266,0.230062400885765,-0.60338342394474,-0.0945470936872176
-1.9918416549412,-0.951289370334229,0.790288071347002,-1.63036131231403,1.14212447188543,-0.565996743372654,0.54594554334962,-1.11050780424865,-0.285464380226828,2.03996590800606
-0.400569258115263,0.131247989588168,0.476693034315547,0.174804547529193,2.00864386724475,-0.227017647931124,-1.30430707320487,-0.498229641925732,-0.00217633216725896,1.93843475046149
-0.512053124170106,0.98691692068692,0.156920577279265,1.16265196083483,1.80025617486652,0.23868309871021,-0.686938388035443,0.0782247495007151,0.150829895143959,0.73219412630542
-1.31657162214445,0.531523478559846,1.08171823192506,-0.432737033312453,-0.288282915252695,1.37275262998347,0.522532235893963,0.497491546108198,-1.23924935072791,0.402541918834537
0.577068191066161,-0.836461750443227,-0.410506530155222,1.41508211409471,0.43324641319833,2.16317253865889,-0.583133530313014,1.58081300499116,-1.04575034987784,-1.14527119082647
-2.39321099038625,1.97236117363187,1.37284622112464,-1.31679988992568,-1.14094755112245,-1.2303274522669,2.162760252687,0.286175343066489,0.674217553726505,0.071653357411085
-0.604909844984916,-0.881602641194505,-0.109945332008251,-0.857518771854892,0.280628196924443,-1.24190174673039,1.06231038455548,-1.54365861505306,0.138319732547332,-1.78179850142702
-0.649981616090396,1.33703977040832,-2.56569165018144,0.405405994525013,0.739058215944587,0.968243083127034,-0.911790010472642,0.942605771844905,0.58867506983173,-0.883998848173818
0.0946802063318032,-0.838784309801621,-0.767841150608821,0.155467818194187,-0.785685801250098,-0.292819072874752,-0.0714128706128173,0.378798371637925,-0.769084369613094,-0.0511092557433407
1.4155031818053,0.375170159993936,0.0427085500132929,0.567450930961844,0.0363241345072521,0.341134235244571,0.0641456759321473,-0.394919268223913,-0.327461061489782,-0.13891573667876
0.088108843114622,0.346055061650439,-0.103163457997665,-0.0299134074548313,1.41195299106514,-1.46036748345385,0.0524208563833172,-1.01449775566513,0.985731338533591,-0.262590442959937
1.9952932485447,-1.29299046389594,-0.491999100241624,-1.28243328822604,0.131303124960869,1.10037009526166,-0.42233167755252,0.167508490094079,-0.0850824466763572,0.266704250965679
1.54293135037495,-2.13889567373068,0.840767313785297,0.108080473650076,-0.476604766145277,0.289987404630877,1.66833767560084,-0.0908176682497189,-0.473086125313257,-1.87453531429588
0.341794093775545,-0.314863970350856,1.63807350748198,-0.251588387944144,-0.825945919107079,-0.272428627274254,0.293238749712518,-0.478111883879275,-0.941211577090949,-0.0866301402833298
0.0580828315615465,-1.53677888932152,-0.715131760785816,-0.542752353022772,-0.743893587120379,0.32252795755235,0.290578272249467,0.100259109404757,0.110362332273543,1.02374979110839
-0.163804329317174,-1.22202019694269,-0.706736835636919,2.44420972623934,-0.0519963560370822,-0.0105250289370712,0.0767150848816457,-0.455877702002484,0.960603337537843,0.586548544227098
0.707279564586627,-1.38009195798925,-1.52785665339539,-0.0303645427997549,0.963890112485018,-0.989405449740638,0.845978892484117,1.14202992406797,-0.548001275430981,-0.177166282922753
-0.89338098673778,0.705111758309708,0.657850284802367,-0.903114256183628,-0.567492680676826,0.431880682373848,1.38929620624953,-0.227610273486801,0.222137993305281,-0.893541066616726
1.51155751727386,-0.292205551118534,-1.88810102744071,-1.11723678240625,0.989754630149579,0.169010407321219,-1.63528314166335,-1.22195147573558,0.233951791999614,-0.085625262130995
0.197045167232907,-0.414986830310087,0.569527918316849,0.226039749921895,1.20646126147147,-0.0705824612803758,-1.27740135139239,-0.696601560033607,-0.0889745800931906,0.2944516343403
1.70718642614814,-0.0375706827423848,-1.08983783172529,0.240191170538978,-0.624802778434292,1.68181258289861,-1.63495587616151,1.75109869660445,0.135831086287779,0.467259579161276
-1.22677264695012,-0.680249360620522,1.32174892226344,1.1979256016673,0.15230771581851,0.169998419728639,-0.923793945044514,-1.08383988699302,0.387209877146886,-1.53167524811072
1.35711197316203,-1.01862803806331,-1.61964598845939,0.355409847310173,0.493569336762589,1.03480154160657,0.977114813405626,0.233671729290043,1.4794452646237,-1.01253426528562
-0.0666506448030954,-0.234790921068894,-0.187035036651323,0.204671186149645,-0.252829315191011,0.9030059182607,-0.457248533056895,-0.812649250195926,0.309062129282129,-0.684145119580379
0.403346429809833,-1.46927028264719,0.836528353600072,0.8636528538546,0.972654829600917,0.253669194633679,-0.163134216238157,-1.2860240996809,-0.0425364073251492,-0.132684559584142
2.12965177682739,0.339074131138319,-0.696957495045252,2.0116964054836,-1.82379586581828,-0.182244818483754,-1.1507212395926,0.00267508532494986,-0.0624475857566165,-1.06504419000529
-1.6304317195727,0.43277576106798,-0.834277802805132,-1.41796649160827,-0.651190858500628,1.15028144585558,-0.182506546720723,0.492618472413565,-0.683881961615998,-0.251234594996284
0.646997103303103,0.0797384504890559,-0.0738684209532698,-0.435608045301536,0.38202789594125,1.03305083848912,0.857995445123805,0.573853811056768,-1.01619847749531,-0.210714739158252
0.0542593561942765,1.39840318846347,0.490635370975876,0.571285773154905,1.0964216811971,-1.16154997717709,-0.365477514626276,-0.05083663626071,-0.243038646169893,0.372044339544707
0.479378202960097,-0.151015190164343,0.319517124935827,-1.13376209462088,1.23569045417843,-1.551247518649,0.606427818806232,-0.493231584727799,-0.538846230320858,-0.538004372968442
-1.43199595539258,1.30501871511085,1.09768458377489,0.679677745142361,1.5603600502555,0.517699237076385,1.30278623327017,0.396167954623046,-0.578695512829327,-0.565912417944875
-0.194885079480482,2.63985833400388,-0.156133383952819,-0.0565132838949859,-1.09885906135922,2.52557985962882,-1.08748649154995,1.53947945709867,-1.05920682448973,-0.11410441446269
0.286174423333304,1.3995042155266,-0.518951165002586,-0.460167818726149,0.240885488413893,-0.794191734066401,1.44206690755262,-1.54982190895627,-0.951562865557218,0.259760756803491
1.88306946010826,-1.24971899022164,-1.11983456238019,-1.36893004103786,1.90648173600164,0.208073137850452,0.0287755033715975,0.68571692137591,0.129813165405343,1.25812446106233
-1.42059878707036,0.789872446994625,0.356587680979614,-0.812897002938499,-0.262455392147879,2.8897997604568,-0.934364254214569,-0.571795648429088,0.742035865520214,2.11803068933264
0.117154583358594,-2.14465883603209,0.394103083367129,-0.289448876453573,-0.518188569758969,-2.06348801122016,0.729333579782099,2.37585521739571,-1.32720331257247,-0.103309084835161
0.299271931727431,-0.365606946377755,0.817316351575949,-0.429693199581408,-1.08807588265482,-0.805756048077462,0.0134294454241125,-1.30522707744187,1.35332855387963,-0.934928296821295
-0.142270583377758,-1.49855770671857,-1.56262071305803,-0.400508805502868,-0.839281486296914,-0.224800142681022,-0.548331178985244,1.61298561033492,0.273865412256823,0.169771853855341
-0.377240584912413,0.559703278476737,1.54242242762303,-2.05416707019242,0.706724988284674,-1.62243653869459,-0.536355658865813,-0.832805849600933,0.928632064056578,-0.450847211225134
-1.0760592775457,0.0592504073612767,1.00229607414369,-0.250968432050415,1.15982710745803,-0.0726239736225662,-0.907317482721538,-3.19746113282176,0.0833344978720366,-0.610480972578
0.322474397317995,-1.24968174308064,-0.0678188147217574,0.313884380859606,-0.332369477578198,-0.887744256274448,-1.84417660109992,-0.000718615208924403,-0.0996454664945367,1.1493303317243
-0.637325984605955,1.2182266913987,0.199612734401245,1.25474587442598,-0.59204417897666,0.0293731248817029,-1.6783278592957,-0.39681539014484,1.30444723476788,-0.031110265697145
-0.200781163243827,-0.0151204245521357,1.89617235198251,0.983187923015037,-0.270252706530305,-0.926726340854354,0.406575308680115,1.31274699979792,0.727481712332041,0.207897551888807
1.56824574829972,-1.19776737862708,-1.0715879431504,-0.0916988337593355,-1.0685153448436,-0.346204431640886,-1.88970788047458,-0.465180727426102,1.11494680196644,0.704934891778973
-0.849820139241836,-0.824301762828521,0.756998889730123,0.222564517831169,-0.655340774158169,0.811928851885245,-0.306479353342731,-1.14019169888894,-0.847031320232677,0.720229491838446
-0.534166446109451,-0.295231091658893,-1.17518490450087,0.912549980722539,-0.766812514876623,-0.236330430337109,-0.00727627845408846,-0.686380482942351,1.04960689376629,-0.383097856384225
0.845799937200147,1.67129310252556,-0.797461769124965,-1.96115461255677,-0.588602781211942,1.47847661873155,-0.370515282645914,2.54562383016317,0.461379298098958,0.303750362147348
1.02010010341733,0.213975385328108,-0.563777644458455,0.478288871872293,1.73376678346547,-2.53698718097155,0.657395546863564,-2.11864813155364,-0.652345717607046,1.22245348778641
-0.979548073860365,-0.938245867701641,0.0391007956881349,0.568951168689298,2.02406773692192,-1.22111884548654,-0.547067891582902,-1.06319914843045,-0.487523011216724,-0.878907023929317
-1.1740918258099,0.661254307438825,-0.651075480587454,-0.929327867478679,-0.793743861204957,0.30566516972087,-0.0955378571097939,-0.5592504112162,-0.0538861353547153,-0.43207368413602
-0.478955234026786,0.779234561346159,0.473619729727558,-0.940496285028369,0.544152354659468,0.0469929363262912,-2.11260297099256,-1.15214076943492,-0.184038560843476,0.987460525151726
-0.751261226174584,2.02079609233107,1.3630157622284,1.11633519777761,1.2095285202057,2.34081191788946,-0.57056936843479,0.564419576634826,0.0069407666167947,-1.11236409756991
-0.743247239723064,-0.437641463725621,1.99553660627291,-0.736201052317746,1.78168343151686,1.5647420464851,-1.06068315266738,0.353102235641009,-1.90368902234391,-0.637144829225198
-0.128279728523373,1.38509467063027,0.692971918434225,2.05678279034199,-1.68774166136899,-1.0032227342669,-0.422642023809987,-0.164247271783348,-0.338217759789315,-0.305296491236973
-0.139922766387224,0.630271059761648,1.48212792711723,2.04361147617056,0.0805854599723014,0.927623599941726,0.0315078419754061,0.641418542124351,0.876926001283069,0.224047399223265
-1.63567800626883,1.83362988791361,-0.201034293776563,0.473736235493518,0.428224141683042,-1.37030091645384,-0.111567563831788,0.744689611436169,0.892601021223715,0.146333780532254
-0.82971279909597,-0.160311072503921,0.887907165952923,-0.484559238746971,0.852648514700363,0.686861517131673,0.202849801027431,-0.00169553173999457,-1.93839236594687,-0.77054848915379
1.17887632117243,-0.581679852946091,-0.68989674246757,-0.227231339585327,0.10162107398637,0.744789467312152,0.799539853418385,-0.31340174291054,-0.42032624969628,1.00262357640149
-0.816189169665335,-1.10354161917531,-0.2391160385546,3.0342381619115,-1.51644720915,0.765015658232828,0.483907352723844,0.522049849029737,-0.683041356110613,0.181090306013576
-1.48354273602882,-1.25154680251961,0.303047292516215,1.29718335751536,-0.0650063397702765,0.682641893664261,-0.342181952887551,-0.485042044515227,-0.611843588777655,0.522456478487022
-1.37614949304983,-0.555844058748549,-0.01724373165558,-0.15290084870742,-1.33400941327703,0.874507040429936,-1.3113104408944,2.13197285497825,0.792257029362625,-0.80815485502607
-0.934822729357847,0.308009353890265,-0.217107041660095,1.52681047485242,1.23801468488969,-0.659854678760861,0.779707888409293,0.59898385055188,-0.132877199494948,-0.12262392462558
1.09530161739674,0.825397268734253,-2.60401717817625,1.28447944763584,-0.143501667604461,-0.136214865894119,-1.20859457714977,0.510780554223746,-1.46627503125157,1.45252428047659
0.553649684656395,1.26713504804424,0.0444500772223977,-0.580838004394487,-0.313587477231858,-1.24218932444152,1.90631168537958,-0.287125739679988,-0.632905322098724,1.47463040763193
1.06915654318552,0.871748454664081,1.38176071505428,-0.559403076562904,0.717781446522456,0.0840987704550628,0.093963951957789,-0.0885058728608942,-1.50811203648647,-1.29818272663791
-0.0871362493352217,1.24218310243358,0.195222251731981,-0.590291688495182,1.04050720317493,0.68538389926357,0.79974044235813,-1.32306912468452,-0.571168448947599,-1.11724049999105
1.51043490337118,-1.47977627662766,-0.391141188424947,-1.35815964631723,-0.292919132647155,0.799966939352332,1.54328309906024,-0.545487579773362,0.17810974891187,-0.1616761640816
-1.24058070537044,0.511042007654622,0.968620328117349,0.277307796922653,-0.258889030616513,0.765290204146372,-0.593677498519833,0.398031531615942,0.347925098061588,0.564364676781623
-1.37148203405255,-0.527139598025966,1.4333348715288,-0.689258034866823,1.50331882299417,-0.233714071790438,-0.491883414888487,1.68464832796965,-0.40279853881235,-1.90655871657006
1.45664756674459,-2.39500759713875,-0.602371385674127,1.45720360808665,-0.502978469909951,0.429513528995403,-1.1809557445394,-0.36782427473229,1.95141522172227,1.47719201032864
-0.524360918221935,-1.05804994137381,1.42435458550992,-0.84662450467743,-0.0110854621477838,0.486507434849057,-0.134139431456732,-0.672117101569848,-0.837117688150977,1.09651137662025
-0.270818972977466,0.353663937665192,-0.705006955020935,-0.723593970075703,0.232120882094156,0.0368760438594238,-0.319813782800682,-0.634223042062429,0.225941161354178,-0.68832768628867
2.1539353522329,-0.913704440352793,1.47347686217955,0.458078666193902,-0.483607720952785,0.477344598377421,0.1595825112028,0.616974814986351,-0.0380166026985441,-1.82146481658233
0.27906715722124,-0.728601213845742,-2.15686620955934,1.75504574452665,-1.01119708810641,0.432915972874626,-0.256325838512075,1.42843355430772,0.451886385663821,-0.871658235049991
-0.0394552228078673,1.09159923814061,-0.485200177641564,0.789907984511783,0.625256707493729,0.16207911458151,1.2957773908683,-1.23893409247226,1.46321115457677,1.84805551955362
1.13321899032598,0.0520283484191813,-1.08926168582671,-1.73495209964233,-0.941697075242044,1.3197206984587,0.234367287898765,0.0945774393301584,0.143798453205089,1.18401245703921
2.54999784402059,-1.29543337192116,1.20438179437637,-0.359635578523802,0.473550372158919,0.754015013186237,0.705002257248297,0.272046283543548,-0.241971352976225,-1.6045954021132
-1.18253861624692,1.80273543095479,-0.334581173272828,-0.0154375670601021,-0.732956190482623,0.68884255688254,0.607220174123411,-0.325908854667142,-0.672111305951056,-0.20908708008338
-0.164773862860581,0.771531941171882,0.0383779205172739,-1.13415456916277,-1.26537538392115,0.352130806334091,-1.30516033030293,0.0907890614508568,0.143281524859885,0.420077936933396
1.02015148610407,-1.84693540234848,-0.595844026642749,1.99511111949753,-0.488911529049587,0.328005609779293,1.17849780467586,-0.438446306894286,0.0574215250341393,0.802552490842009
0.159040617539023,-1.30366534712663,-1.38548653707565,0.493316216117228,0.98060362063741,1.27815784290161,-0.284131047866472,-0.802738914279756,1.17579415622757,1.12942453620925
0.621363087422628,-0.239905263345192,-0.493812267836249,1.17435071405616,-0.838572882840467,-0.231778776500712,-0.45292488933988,0.522128756040897,-0.85151695775017,0.0661893975673439
-0.822153199013024,-0.855813588450989,-0.620962873873499,-0.200856479386742,0.0150217586862645,-0.857228348851047,-1.17632139994805,0.575708688139702,0.453141599893125,0.57564364875854
-0.178268310506763,0.78206966142281,0.55431065764122,0.420459609742214,0.0152225750013608,0.888104872935094,-0.0417784809186644,0.603087816125256,-0.738976563896615,-0.895039078911408
-0.939710683629955,-0.93812447403823,1.97847047628661,-0.47119748081116,-0.490740714992813,-0.142166200377899,0.149222815987103,-0.0164274752037988,0.479751947852101,0.0594583130703233
0.183980558044771,0.105068100883661,-0.708652583405279,-1.74294918510406,0.788316905057971,-0.873942546952654,0.368062358309991,0.454844726316482,-0.614175639715415,0.566222627168999
2.53824526107316,-0.565246875243603,-0.415637741943559,1.21408663001022,1.01640865239045,0.230204524573125,-0.0757011785373488,0.290218596215651,-0.133212966972363,2.02418210046995
-0.924001314875468,1.02433823583972,0.310535175907399,-0.262051762304726,0.105485951836886,-0.445020048409392,1.3179034969232,0.57140963330762,1.00256624325063,0.177368748182162
1.07216276757331,-0.837027432715925,0.697664178835545,-1.24131050067389,-0.787315277573144,1.24365348811473,-0.388872840151431,0.390329292544462,1.05185795842122,-1.8220811118614
-0.903699255835713,-0.319919264756037,-0.207325971020249,2.18772791122307,-1.72595604206353,-1.45169093638965,-0.169777469232789,-0.110891641417771,-0.41253306318855,-1.47842352032499
0.274533019462255,1.48713907289232,-0.502981168490801,-0.351524907004656,-0.396664360819534,-0.934091212392009,0.498462702331397,1.17470658489323,-0.038149158404062,0.130489148469669
1.47502748264866,0.939101513376939,0.498188150665609,-2.25083039484905,0.353144158337574,-0.530595093885751,0.465974016033713,1.03965277380494,-0.0668215963716727,0.832231590253974
-0.409720455673083,0.524994110942607,-0.819293869291499,0.860052585335503,0.0808895985524262,-0.749066655366164,-0.912864325666028,-0.661097813651473,-0.356818674492258,-0.959093999098468
0.175344958440283,-0.852309724765985,-0.14797025247714,-1.20982811873721,0.285301939142726,0.0392804450916745,0.0947705327369894,-0.453112015335591,-2.2042292551577,1.47233057724632
0.146038147390289,-0.59291972483089,-0.434656974101819,-0.0240529149508558,0.107884186578964,2.65386544177041,-0.995267139359769,0.0961562613457536,1.16682711947196,0.986744342267837
-0.955767048782706,0.380877091452463,2.41906648329045,-0.290528574027551,-0.117867692090599,0.125271516357354,1.21435903559168,0.743488223763589,-0.508311898774193,-2.12926839908819
-1.65702495412095,0.0888833008266606,0.215735839375871,-0.888902908818172,0.498572206659392,-2.00620200700255,-0.0937757335121659,-0.618391876435443,-1.63610203384876,0.363547915858326
-0.134693049952326,0.583575950975469,-1.18939200895859,0.203706363724512,1.00939844474493,-0.62489956093803,1.21193074409048,-1.16983681339595,-0.263994386488953,-0.579419844326471
-1.42629493619155,0.467659611304847,1.93344554929145,0.105648158396221,-1.22668383778574,1.32512957707903,1.85123007767121,-0.997525079684858,-0.616751854537501,1.58857449652778
0.716372956632338,-0.0224096008081662,1.69922002379712,-1.29444527565394,-1.05109323194239,1.07123620270898,-1.19565590707089,-0.746752203024686,1.40813583063648,1.03744210348091
1.29826512563404,0.323646016264717,0.337198969993669,0.19056769658459,-2.22481872752773,-0.744473520920286,0.254655428144984,0.228996320334642,0.102301758006822,-0.0551849316650486
-1.23771135186431,-0.0381000702771053,0.865292776431374,-1.97922809966954,0.372890758982854,1.26035903501756,-0.440806522636116,0.00620859650917491,-1.62456657552548,-0.0418104053007386
-2.27247734699435,0.922649153693189,1.17430238130511,-1.14334820572235,1.21293923269407,-0.377179267514531,-0.763278191816541,-0.0108210188977047,-0.827024585958727,-0.833095007123235
0.26857657013446,-0.581689807697399,1.2072113122175,0.511891455180088,0.238110536631813,1.6310085067973,-1.22488707249506,-0.835304443483533,0.0277110783217553,-0.167390743936272
0.767319411757273,0.887020401503063,-0.208268631868656,-1.00804650657186,1.12895781266408,-0.0197906053710412,0.377484290965215,-0.352580545666327,-0.740813415400579,0.773059236875427
-0.974332818293657,0.206921505070186,-0.00373972820055268,-0.0878040024966192,0.75608174110879,2.19803642513159,1.2920758091571,-1.12060623509047,1.28141717513918,0.706311539450099
0.237995550374726,-0.420355434834114,-1.7761860604136,0.734353019333067,0.898182796543979,-0.420522689425906,-0.0127510014032965,0.782357894708974,-0.151670389903599,-1.67512553271902
-0.705961814986255,2.42911313294281,-1.4033035754104,-2.72666794121686,2.05785387162271,-1.66402396979049,1.35403379066441,-0.302585437328274,-0.22825154096284,0.332914122602952
1.81378337900678,-1.47890112757131,-1.20979363757567,1.23899401675843,-1.25417127856467,0.412837085569771,-0.290219679085911,1.61918887575752,-1.72218103175465,1.27840356916366
0.56151416409558,-0.138237060223631,-0.312120373492154,1.46703459399179,0.0329303882003219,1.66805069032716,-0.142620938894624,-0.87415549523325,-1.65924008739326,-1.0161863370878
1.39604408237702,-0.210392507430746,0.469409344458553,-1.01167502282074,0.237683241878811,1.70864476011368,-0.563711560412243,-0.211013521349483,2.69829654093141,1.29812627358218
0.712289434537154,1.17138241717941,0.865715951990023,-1.04754044501501,-0.430643646270441,0.546785694127985,-0.390738845808188,-1.76248705410228,-0.40477090709021,-1.02265871919231
-0.120071258882092,-0.255001492053459,-2.11498197489128,0.033258861052145,-1.01784164314972,-1.36367269076061,0.138477519634553,1.10688987702838,0.752952644692594,0.578404156544683
-0.596295384007533,0.330467300001074,0.230168534668448,1.701388674847,0.202396373608706,1.11169745275108,0.047965459005792,0.792989969451399,1.67793979535384,-0.585628158926778
0.357738309687839,-1.30798801177905,-0.420198205832215,0.877728640004009,0.160984529570896,0.397281122270065,-1.16358534905796,-0.212116916501623,1.89964944277771,0.719669902843821
-1.53547377338818,-0.108896398641385,-0.116258498512589,-1.37487659738618,-1.63894783325867,0.831225888799123,1.01639552909385,-0.208433847533757,-0.37729438814567,-2.05742919612809
0.840373872841986,-0.629273104441633,-1.23975419878264,1.82644589793919,-0.857881327585967,1.46810449830686,-0.402779838823472,1.08461550472913,0.84953500224383,1.39923222381739
0.190276846605026,1.31135580914781,0.451772554992414,-2.1305681260836,2.07472213260486,0.626137962777933,-0.0300233565602933,-0.358838848391593,1.89308544398947,0.22926332311975
0.453374543521482,-1.33984805707395,1.39522771771748,-0.499447786551065,0.136344335044175,-0.723014153373666,0.0543187018548997,-1.43334736548094,0.171127131305357,-0.34965925269247
-0.45751648008612,1.71910549583609,0.775063502790496,-0.752943199954882,-0.0442978637644743,-1.4848636259619,0.633689635731353,0.863730841609967,-0.507819713217629,-0.333507107260415
-0.519066910856391,-0.0207746426454817,-1.66410992623937,1.05636855063644,-1.406483355689,1.43677850594622,-0.559495572969056,0.403345944025949,0.620726571705201,1.38832639524655
0.753850317100264,0.229482787731584,0.247969068710829,0.706692455558612,0.372206546480896,1.36762305529227,-0.211360615319657,0.0838583424953447,-1.98717510515647,-1.84001835172329
-0.423957524660782,0.128618429465123,0.542191731698979,2.87394040935618,-2.7827097830857,0.949756441838651,-0.00427385705131752,0.546823574021427,0.00880875705557339,-2.42704103150912
1.21370602686174,0.987751829123735,-0.0722090649776123,-0.382474256501796,-0.00201754367192302,-0.203028118403048,-1.92187959620613,-0.482072855868941,-0.316323868650411,-1.4140937962064
-0.117315742119956,1.17422045309352,-0.587086021035162,0.411814766204198,1.43698606534568,-1.62788734445621,0.362678360756745,0.212493750277804,0.129572359714869,-0.488152076790215
0.61038140166876,-0.713349148741165,0.542718557297236,0.441710305470697,0.983625488947715,1.06769861430055,0.231080038341746,0.356108152468913,-0.563048052786905,0.569897837210601
-0.610897701092257,-0.608820959655294,-0.513655240134037,1.6229355973007,-0.702117956764724,0.977218081104472,0.997064571657998,-0.274549681628837,-1.52150395745324,-0.74444027362112
-1.74516993306885,0.270761793673646,1.31318946612068,-0.121052613546189,-0.184300159926285,-0.398651436799379,0.218921276346393,-0.305751179783248,-0.0692704206574536,0.0658349373144017
0.795257081098276,0.105753845572574,0.596211088798594,0.458918769964489,-0.481219785181411,-0.644670660558008,-0.275493276934027,-2.06449498617705,-0.38894312146978,-0.654894897418975
-0.0189069650945271,-0.348095959145999,-0.504839222351884,-0.0190121987227328,0.69032275525585,0.82626035150729,1.61385717507051,0.193968321828391,1.05443144316632,0.682761897208059
-0.477925149357204,0.847584617485718,1.36465843004858,-0.304932977594312,1.16582226197271,-0.0176011475557329,0.82262034243273,-1.38851306015021,-1.22339560756408,0.0961511346002354
-1.26235657732636,1.5258110286393,-0.910123594852845,-2.16333870868997,-0.516440014983837,0.125046580943162,1.4285705878064,-1.10627506868424,-0.65951704957298,-1.55423408135233
-0.567016047983668,0.740189278085537,-1.55636739042381,-0.192954795028966,-1.02541409745196,0.0230327336507358,-1.05360354161753,0.724536431657034,-1.8104059963893,0.818378251424903
-0.0569136490040947,1.69428252102177,-0.59844245000489,-0.385810024211353,0.483710031582823,-0.058872459623168,-0.217132704655454,0.423783579788074,-1.02926779360899,0.682848499481892
2.02174377702753,-1.67008172311129,0.370038567186453,0.520960321941244,0.407121157965335,-0.410291943128724,-0.0504682301647963,-0.552658433551316,-1.20617629084462,-0.406737576570393
0.11451300351648,-0.15216358030938,-0.0683108388479763,0.132910224052867,0.751782867083491,-0.0625514270778504,0.421572512508718,-0.422787860371659,1.22290102720572,-0.472310227729838
-0.762174032872603,-0.200256311413985,-0.535698043816237,1.17908597453169,-1.23120636150253,-1.45229587161222,0.773315121262739,0.338992557037551,-1.39550409795189,-0.683421518329053
0.325495035329373,1.3146081062635,-0.804084990512001,0.809605423183733,-0.804550109287925,0.156716087280968,0.848324646912222,1.02067405390686,0.219134177017357,1.38694101519275
-1.37469802601277,-0.681349465868165,-0.181200757784969,3.04649680094623,0.947349019812803,0.874954467155953,-0.495497468306274,0.805506823369902,0.141422899676901,-0.15417954696712
0.625594461509096,0.0337822646203704,-1.07815227502867,-1.46121417252165,0.371055831070684,-0.0437574567376453,1.02503695576065,-0.685233405911535,-1.09445386557162,-1.45043075647871
0.134889081180548,-0.580772994300291,-0.826178789267222,0.241136508971748,0.054265535051323,1.43712456154107,-0.0472464185916938,-0.744777751710444,0.989980736270525,0.270424694374048
-1.60161900416405,1.95762197578855,-0.272773195431335,0.170398811837418,-0.0866329013637193,2.04245896219087,-0.541373680796743,1.24895445436835,0.875831778848525,-0.313570069843181
1.39529306163798,-2.21140423456866,0.654775908251448,-0.0567949464700315,0.0945911340069262,0.975740575426678,0.149192628927994,-0.999151615431075,0.8889930769141,-1.73391526909988
-0.511058029926276,1.55617890438543,0.793576043242813,-0.182489788397795,-2.0094563671094,0.0882265637089132,0.128964470229132,-1.30775052373975,-0.595547750733248,-0.522401943032317
-0.099514934572077,-1.94187111033966,-1.93184720164762,1.32414993325973,-0.819506978154265,0.433925919480253,-0.147283784405833,0.601095123337015,-1.10011085623228,0.98619504334969
1.68815861110822,0.100438349050231,-0.881407554113607,-0.538727632937982,-0.506909107897215,0.240256278301576,0.390537223571634,-0.837163650953171,0.486935668017758,-0.9573683049887
-0.77685303512876,0.0341552472004689,1.41101704137416,-0.585451486052375,-0.492072562524103,2.15173445587537,-1.39945864464228,0.0978470452388712,-2.20597027691159,-1.76740321608173
0.0165124329666441,-0.328959501113972,-1.29046190256621,-0.383116844413791,0.0070827075759364,0.373461014592405,0.0333721351768533,-1.13623029586035,-1.0422783217486,-0.77251721532483
1.54304391820554,1.14295300449958,-1.07661977892023,0.192332228724273,-2.41530079373481,0.603012698291761,-2.77286820108846,1.08936244080615,0.933528622464601,0.425023236755453
-0.590344350173577,-0.789056182461574,0.334471473365314,0.14680247528392,1.45335184051445,-1.06987872250052,-0.606855110717257,0.466125826730967,0.185538223899757,0.45072700738325
0.462753228906641,0.611417257028739,0.412545722396447,0.192399915021449,1.59192254266072,-0.864556688406419,-0.36615559004899,-1.46446097816511,0.242811962470824,-0.608825575960874
0.0717630609352241,0.182395757791002,0.758806232123473,0.978273735979189,0.746052291774735,-1.87133753270269,-0.753166936561815,-0.182640709821666,-0.644926499389861,1.50902502417403
-1.07652883117738,1.58982334258644,-0.018889949878748,-1.07423698075222,-1.29227434399807,0.704236157704679,-0.459295493873785,-0.307179215013193,1.18333695490155,-1.24067335177433
0.346220863088348,-0.530790860102515,-0.614095263846355,-1.66198833431073,-1.26220792420926,-0.364832895056069,-0.911332676006884,0.989265333432487,-0.823059666274073,-1.98972758269305
-0.28305375064425,0.933643786494176,0.965629879294354,-1.22387250635309,-0.17349160341855,-0.395129027188851,0.214659287211493,-0.497093827206161,-0.882645627088067,-0.349234463573346
-0.573339362899638,-2.80554075143689,0.599700712822722,1.82945089703857,-0.786479932946048,1.84573378334639,0.0388983261775469,0.0542462198737402,-1.28314396395571,1.22447708014571
0.758858861215157,-0.125959614264685,-1.46663458703231,1.51742547606503,-0.538509785191241,-0.663765202780521,-0.714603096150262,0.758851321166949,1.31929889728037,-0.323184728515572
-0.592588650568413,0.282233828981426,0.439387202999575,-1.16367412443292,0.572961773538274,0.814270932039047,-0.516230379609904,-0.771184494617348,1.43973282527525,0.477400193400549
-0.425680746331995,0.330048293694448,-0.0572387830718079,0.828132306395411,-0.450413953938555,-0.0529660181848898,1.04709519921755,1.25194586197125,-0.963647647374347,1.4068973931711
0.669928652025876,-0.146790888766099,2.33047568616687,-1.36891669464082,-0.777232294031172,0.813864529038385,0.890767082618746,-1.95488814600166,-0.286665813459093,0.259927379192601
0.267938878392929,-0.0262250571821431,-1.0007440074316,0.621269218058291,1.70604237919507,-0.47227343958926,0.595416900774535,0.331586755640626,-1.32909067201184,-1.6674113331772
-0.617045538207171,2.44590484601467,0.780722680926063,-0.841607531322747,-0.825792771680907,-0.828259523702289,-0.681943879202848,-0.93364746961285,0.343931730291018,-1.00861639824949
-0.20440557483165,-1.10188375575133,0.286917957024282,1.42590648738769,-0.198056838050784,-0.299322420506987,0.029501391523127,-1.20106798433633,0.612147464699036,-0.679123279898872
0.402376631798255,-1.53352611198645,-0.348671211302825,-1.86571609116075,1.60752288006864,-0.816002462859039,-0.0235260191065253,0.544831241216101,0.347450191556381,-0.856117148544436
-0.624525990350159,-0.214436817438781,0.79562723813688,-1.09801499330794,0.321276036969286,-0.170495608171538,-0.6392879367464,-0.592996797923411,0.742738839973431,-2.89489238369103
0.133790793352126,-0.902557850852596,0.000354631848606421,-0.0219850909848405,0.301150285410871,0.0253940638029377,0.025502852492225,-0.114706211754142,0.823029131714174,0.491653404666228
0.105821648938804,0.162180707916605,-1.10197397192184,1.09863387271709,-0.944764330939369,-1.21274721368362,-0.0420153945270094,-0.22850052655222,-0.644379234346707,1.03379424814767
-0.512890549291328,-0.581585954335721,-0.322741725455813,-0.649503968742761,2.04426599122739,1.95900347471738,1.28486222503062,-0.476176224435748,-0.170918182298006,1.80250426213349
-0.214243776872321,-0.0644469411682201,-1.71362793675034,0.658711020131286,0.180226388591127,0.612172971197076,-1.22235600205463,2.0504418180003,-0.183544253975721,-0.570884439420033
-0.368033701615176,1.34642898709486,0.375315468990138,0.580525254052225,0.0011671726475429,0.75701149328942,-0.619617279197399,1.02971448373496,1.55834296677451,0.297083755265658
0.615119716977736,0.639405289877276,0.640385705955769,-0.396839802332554,0.172898167183508,1.15798531881202,0.988876273947615,-0.536223485242367,-0.265445174527601,-0.952403585306643
-0.258956118234262,-0.485181797964729,-0.0278901049186846,1.26245051599407,0.529331863284776,0.669861294371963,0.100887240987432,-1.10499443959613,1.63518340213147,0.0202329205459641
1.30913085676722,-0.88196603045827,-0.254593446498041,0.764412635656407,0.445674661298736,-1.03395540671002,-0.400374883281805,0.564581635590181,1.30911098850856,1.38555544019545
0.477542699034515,-2.26348912168209,-1.12859634502974,0.399547673817132,2.0851190618285,1.17407394334212,-0.0637555423665019,0.388859993914852,-2.14339528372379,1.95717491712433
-0.316089641591409,2.61940530758713,-0.557843302754203,-0.530097587668006,1.28263575313195,-0.561033797345014,2.63901530023668,-0.403816549866129,-0.891048858128507,0.131548693778094
-0.24606921404372,0.948104701039257,1.60291534490661,-1.16094914373,1.25635984173603,-0.273706203136015,0.711161064629597,-1.73884564368923,1.05711086302668,0.104618730392083
1.43901876226762,-0.831368619753047,-0.733418138689007,-1.1217064808394,-0.721060763128981,0.182259504796296,-1.83682396542499,1.08401435450498,1.02868517077666,0.726930101491697
-0.236075021100513,1.18740859956443,0.464897416607238,-0.836201686974443,-1.13526517294835,-2.34456380560744,1.17860485788343,-0.614920501688222,-1.24574725199311,-0.130492333129763
-0.00236925157139553,0.266596260257504,-0.632221366140509,1.46340135196151,0.947220903091437,0.852090301890603,-0.547975079662556,-0.0280314147382129,-1.83671725223636,-0.5080743934188
0.383918636755821,-0.155844663437953,0.377500258323996,-0.480842016221415,1.49825625026119,-0.329804283687824,-1.41141912458071,-0.407160732859241,2.69178164536177,0.416567175919571
0.585169806556812,-0.167227527425058,-2.08115362559095,1.1469599324737,-0.916603934808303,-0.36713657472333,1.11098150581449,0.35784034975797,0.243383106537088,1.27097806096838
-0.143189688135673,0.107193171272937,0.0832634733958727,0.52886723705995,1.1124232059462,-1.67121080676737,0.418154215063856,-0.111110838596568,-0.0670253319172096,0.403247880605616
-0.46751998745129,-0.641622781384621,1.36295279052727,-0.33459941927681,-1.16679250152065,-0.0515554142426417,0.644230105563617,1.03818434130923,-2.08486960279324,0.665842100189072
0.834436960539901,-0.203409032571523,0.29614322810461,0.1202111548132,1.53695238674321,1.14280064095699,1.15186828022548,1.06233538857688,-2.67241191220437,0.0608055736226499
-0.0865477323524265,-0.763095972418663,0.509897404194528,0.710450265617097,-0.378147283850485,0.257744997416414,2.26481578022159,-0.0189617564723664,-0.008267788662738,-0.943613992624932
0.427404515592051,0.732418298099266,-0.573892042879544,-0.91612302224893,-1.71054075153432,2.18632292631726,-1.42978598571036,0.41531261945959,2.10377600525966,0.0278072364199046
-0.13482911767657,0.0190442564297166,0.372893155429527,-0.410976853976977,-0.00962401110440415,-1.89832650355913,1.10624391013263,1.53555757214416,-0.564698802591504,0.403127441186225
0.174254955348611,-0.453359714718779,-1.24916291830217,-0.778572691402485,0.27701787301387,0.0509122512706262,-0.206057998510294,-1.56667017761714,-1.80901334521127,1.86263361892893
1.02995281885696,0.314718764745244,1.04833315207976,0.403896242842489,0.666539284223706,-1.55538622785066,0.0915761626407686,-0.723213337131315,1.70266002189291,0.459920039592045
-0.232217012560493,-0.217467923290673,-0.955933323810561,-0.0836055761162182,-1.65301778341807,-2.60739795827583,-0.343749776324928,0.929136326687171,-0.67267842867369,-0.0551286253906925
1.21648720892753,-0.726110084320512,-0.64500368728437,0.136339139132654,1.48588548892575,-0.157734313222878,0.657416815418116,0.211999166539503,-1.2239880129091,-0.547552243197109
0.974735764591567,-1.74855287826019,0.501268425375944,-0.514247446241456,0.260589659882787,-0.229337982149248,-0.282069852836848,-0.239511018772232,0.095158848407275,1.72734157352032
1.6831716374236,-0.969022541433849,-0.110637467977057,2.61418446818495,-0.906486816317043,-0.574582041632125,0.693883369515189,-0.039628936655505,0.481201088938536,-1.08629912099645
1.30342811338382,-1.57208639395858,-1.26886188851131,0.602282993089136,-2.04354935768769,0.721500990180619,1.12676818538335,-0.879543401263263,-2.34775800460835,0.143462569470339
0.3207156647263,0.934123308217327,1.10050056313221,-1.45125248241484,0.40480105929977,-0.395723271673247,-1.58065477692217,0.35064491162241,0.0578221543978564,-1.47835353065801
0.987817850410492,-1.01200850185282,1.50933652549091,0.455520445650242,-0.0469261508349151,0.130146936572579,0.141787521669512,-0.610090140725274,-0.714918118618039,0.132086691641024
0.737216889622966,1.42787928607437,-0.406700007944328,-1.56594979538924,-0.983919786208301,1.09755439927603,0.172959581378661,-0.122138563276539,0.209079329730184,0.484959260238645
-0.607439695163247,0.588160964106439,-0.190496466979835,0.369474743309011,1.30386538405384,-0.285637261384123,-0.423968989343945,0.0480893762982391,0.620721411353522,0.0506109355905304
-1.27214186385173,-0.334751330003542,1.60966104493892,0.593777043939748,0.0507402577290641,-1.43465785239784,-0.0885972084418324,0.702961034647056,-1.03197583986046,-0.0832945473727086
0.156301242450339,0.206187667291217,-0.419197982071367,1.9118895377387,-1.80647195718053,-0.256253816279016,0.337259650163298,0.399243282820316,-0.605882165837439,0.430899728931029
-0.0615534724622894,-0.509523659749265,0.274976399793943,0.0922288565825918,-1.33883250191247,-0.269711170487855,-0.450880847985011,0.327060600597878,0.653191066762648,-1.81206744050515
-0.669894922993454,-1.13704649996634,-0.49265684588727,-0.602458692475888,-0.111648136808167,-0.435126153357213,1.5038600875973,-0.289951385495661,-1.08897890748378,1.01011240220904
-1.22766814671492,-0.0232616171620075,0.842597928415454,-0.509922011830369,-0.00964580706457311,-0.282332354105295,0.0119590720029736,-0.0460819434431879,-0.782190775010347,-0.601220030196153
0.0732112512447214,0.656918286695807,-0.269325131433523,-1.64010055205042,0.547408261143133,1.73522032737656,0.44412721141297,2.42424773901209,-0.952872553598187,-0.666724629858924
0.639247795389367,-0.18823362375246,-1.87193097378886,-0.540059539440778,1.28712251408905,-0.445982873474185,1.00156145535136,0.637449935899275,-0.775946877256014,0.283656431425152
-1.21397720293226,-0.0673363485621871,0.991342446143291,-1.43873208293058,2.63315540054814,-0.415264117135425,1.2340507273998,-0.043287603630581,-0.911793913421895,-1.03676107869244
0.0566681770090564,0.127527340075715,-1.17224081594127,0.613209835048344,0.995253572313552,-1.79395642672872,1.31565236590461,-0.604882701203299,-0.0602060010878273,0.0130784430546317
-0.736673579312882,-0.774219219551622,0.931643271195273,-0.0861031581936282,-1.40433471260342,0.924724001101368,-0.927928816251007,-1.34616516661803,-1.0003567965021,0.159610456737458
0.462574863032082,0.659811448950637,-0.0842284373204663,-1.51217766118349,-0.162398810300433,-1.06771084457745,0.859554048592912,-0.916632630149075,0.491166216584402,-0.242624702979903
0.208811953804257,-0.121665265143697,0.635482185956681,-0.361005316144578,-0.967326510910802,-0.936695198781422,-0.605005070769204,1.53699592800316,-0.759583688155091,1.51809122784367
-1.90821708226239,-0.143608370363214,-0.0654130210298056,-2.47178332234082,0.990846006516864,0.836893387444737,2.74306113853008,-1.18705363666121,-0.340140813282174,-0.411077021959553
-1.93302997829541,1.49483041311172,0.168979879984107,-0.672933824776386,0.229592142265579,1.44211185006629,-1.2019715941278,-3.40366251781811,-0.144327410234677,0.681374519498108
-0.106146509458092,0.500872928813006,-0.68835640828546,0.162472624087797,-0.256499592650904,0.478414897484037,-1.33290841702932,1.56323126168618,1.17881441917045,1.61774469798568
-0.0678569606819451,0.182982384735766,-0.741134126452638,-0.132058182555272,1.73449394134345,0.0862257237549056,0.878155283496525,0.221138295780656,0.386788309641071,-1.24528809239312
0.765812914667704,1.17451001494562,-0.0661222690032197,-0.366331628265256,2.08925041129148,-1.20019965180578,-0.0152015700841691,-0.0332128616039936,1.19635968973864,1.7342177744272
0.408955139544144,0.0834170237283349,0.858605733725089,1.93966845244084,-0.0641761309688644,-1.89427819394768,0.0886037234939977,0.570263624998459,-2.54289345747382,-0.0809445788595777
-0.969424917198523,0.604306580616788,0.125159080010768,-1.32714270476126,1.02000181012875,0.795966872404854,-1.49718277564878,-0.716226763383391,1.77035532846085,0.144967198048312
0.0179318797070275,-0.344734247043836,-0.0493020831270038,0.812228951885114,-0.253428531587014,0.320051573837846,0.0486207656499206,1.03002969837751,-0.511151940088113,-0.254783842506921
-0.253088205614171,1.83646871141148,-0.676193600142247,2.2874732462512,0.83374317922355,-1.30191596917045,0.7914519417234,0.02881191735461,-0.197135958703513,0.309659756076779
-0.0748070529251977,-0.0723952032626389,0.24282311986681,0.4823008863122,-0.477561620615104,-0.995230314262826,-1.69572217813913,-0.555530682731626,-0.111301448066087,-0.971807253646392
-0.553944272522736,1.11958137331118,3.24391291660465,0.757342834286963,0.84585466739069,-0.832939049554557,1.71431884442235,-1.40565617265223,0.24933987217627,-1.64753259678299
-0.572066425004989,0.650300819589071,0.332181464542922,0.456643843041332,-0.727997975818447,-1.27670945404633,-0.524181189639468,-0.517647154241127,0.217504238695814,-0.0762612904668311
0.213443534376589,-1.88650719281036,-1.59573356048643,0.0613172278492513,-2.18662333220922,-0.701500411201839,0.0345444343769517,-2.75327885274428,-1.4729199749419,0.0555529541311917
-1.20030189083052,-0.876106724811619,0.273263743582132,0.16688525084038,0.354083500471116,0.442273511370663,-0.836314721590615,0.932696372042413,0.0772949705648827,1.57649024885421
0.919003933381571,-0.133407730510606,0.05045099368337,1.02708110491005,-1.13175862716486,-0.246821917681921,0.146849557941825,1.02004264866431,0.563681000543353,0.706130249664143
-1.2379819813502,-1.05426497551697,0.189773749805136,0.679471632442565,0.897853960368355,1.44611462812598,-0.063603319833862,0.0869803732513984,-0.126056986439633,-0.810825418282536
-1.1321874323758,1.81996939539348,1.70830125051475,0.383438953949645,-1.40932556780924,-1.47397486979787,-1.84285270130982,0.0918311275192445,1.9978511933386,0.849316342815542
0.364688866678985,1.36270169427839,-1.25806927731125,-1.33016705319709,-0.0367911060841811,-1.18140063394265,1.73164547230618,-0.44594112340261,-0.0316296295636842,2.58455849363457
-1.00417454249435,0.0426850026463414,-1.34169603123429,0.651816564747035,-0.464612018606668,0.0287558343640395,-1.10661492914904,1.10985217761807,-0.287567024447579,-1.10286691189516
0.0553401063050448,-0.185313971102369,0.34200942420487,0.264513482126549,-0.392026607324678,-0.392439653042571,1.00328903524535,-1.42090794049818,0.577939832627437,0.232142152114205
0.887265879061184,0.089474232612624,0.444935799100789,1.23919000677646,-0.85876075407698,-0.399895426267488,0.770627341469998,1.27207304552622,0.481676530875061,-0.0332596891208611
0.458630823389719,1.74698029061141,-0.405300915855511,-0.792304653253205,1.4288065685444,-0.900833117396317,1.66930550102116,0.334606755139551,-1.97716194704275,0.566216884731337
-0.850913194625385,-1.55356852863256,-0.964874263297836,0.622462067874867,0.683280133251809,0.394402522380047,-0.365820482154688,0.289675258746668,1.3106497018946,0.73357335179447
-0.76092768470551,-0.871481042294414,1.4769743087026,-1.65169595083251,-0.359612785219585,0.173262141727795,-1.01574932074197,0.50256870733768,0.173580133121321,-0.0844523798519379
-0.147920157475976,-2.04660117502066,0.815585191768961,1.37528611979669,-0.507994707253999,0.42733925649982,0.582825362998804,0.282665057079701,-1.07886428171627,-1.03837631933152
0.731404627300867,0.489171904275598,-0.273428986543395,-0.200785857457334,0.353847072622695,-1.13395927726021,-0.203394429112246,-0.27976906936085,1.96673608860439,1.39378756732456
-0.581556747370149,-1.78278936986012,-0.2127101935447,-0.385918273022874,0.249710627165849,0.704776229213033,2.45330677978132,0.602328259842921,2.11225186915236,0.0690609392342005
1.15823704414367,0.542551975794085,0.207471744464658,-1.09889102887791,-2.01841759721291,-0.440202573997251,-0.125671920813292,0.426109863981435,-1.9613498720167,-2.17559963326829
0.182927175576591,1.12112303774395,-0.0524722355157461,0.154234784784535,0.217632284836276,-0.331324789010044,-0.683914322753962,-0.0398987146223417,0.625325264381039,1.02622568089486
1.78127764388222,-0.0985021430930928,-0.33672177358613,-0.334147561197113,0.141068285892892,-1.3850434750306,1.94413650689629,2.18034134265824,-0.755600367764438,0.543691533405194
1.72458106165363,-2.05646297272702,-0.695153524010695,-0.59075730067718,0.476399839379412,0.236918211205879,-1.61664901388695,1.04558995597092,0.00258533839621301,1.19925055853169
0.747118555432086,1.14237958692598,-1.89271702418149,-0.744674982100178,0.591362220603866,-0.126333357963557,0.98337968631392,-0.231834092295831,-0.885263276226205,1.0171805948331
0.847070096368468,-0.0976704473751067,2.3467125336764,0.261981618936891,-0.0795504750166886,-0.566260814012554,-1.40372661670671,-0.40308248963893,1.89785528939261,-1.31635512129239
0.602525949947231,-0.93465401506012,-0.878410834542341,1.05295387409882,-0.959365499713083,0.381381343782311,0.77665574468891,1.37526214222018,0.983422870204695,-0.405066653772843
-0.276180933270736,0.841024982984686,-0.782607351429648,0.523525778833003,0.658716736051756,0.841934012809165,0.37532530838715,-1.05075060394767,-1.26506332256393,0.0492915784646036
0.602573246693104,-0.757289892186967,-2.00175137962394,0.463286226630512,-0.497266478754552,0.225894408841685,-1.96482550087722,-0.993313648489603,0.93142020452251,-1.11711075024419
-0.417062247885386,-0.552214846331909,1.05915533138339,0.640249397969084,0.608552308778303,1.54798707473436,-2.56881240111113,0.0589626025773878,2.1940804696324,0.269663610594588
0.0841996306409288,0.0056967096654051,-2.20832981686052,0.265427473792308,1.54934501819715,-0.0107613664156,-0.196463635670761,1.8244052592987,-0.344578314631844,0.737726594997593
-2.39994711358043,-0.323252150310116,1.71541050203291,-0.843820412485088,-1.3083992122375,0.281893169003584,0.734811398965461,-0.427484295907324,-0.261496036336857,-0.0202313228803276
1.41622639454291,-0.421783199026988,0.823649029997384,0.0956244010112921,-0.974735981946448,1.06208215527983,0.249865043957925,0.275160353818794,0.492150259972053,-1.4071919248778
0.177016493481522,-1.15787393054648,0.514937758402308,1.60525354460583,1.82993815795305,-0.0923157071647487,0.550339884234566,-1.08072377235687,-1.39084215179284,0.786918078576309
1.06631355933448,0.09977806641647,0.0168494487163975,0.881875003403983,-0.678111177092977,0.653571569547102,-0.338493373201974,1.98920510226117,-0.86027353950723,-0.911535150513054
-2.22710853736903,0.685447303500162,0.414507915823725,-0.709031158215364,-0.840617895339889,1.83248975546672,0.0262804888040363,-1.30823707835365,0.623036141085598,-0.11382806164961
0.766294788285151,-0.27124658215836,1.84841512399033,0.410712594326162,0.0352426073887446,-0.766540102149094,1.38152207829517,-0.528533812963092,-0.544342773149905,0.933875114488951
0.28372830160728,-0.112047856132735,-0.999277507364055,-0.741260415055892,-0.334256250726853,-0.293323158769685,-0.0683167099702969,0.314269416010494,-0.166764160650657,0.65178658392897
0.517073888365659,-0.849050164856937,-0.762246086795989,0.892152168748697,-1.84794145965414,0.91428633186436,-0.207186681068654,0.204075202115478,-0.625546069556537,0.148075331466489
-0.847507088519363,-0.333289851248237,0.391817857563179,-1.5650124417909,0.498465757286382,-1.22536449984597,0.285790175806307,1.74127169425443,0.370221550069285,0.344223317655934
-0.193498821240044,-0.0558080087468581,1.49080262790145,1.30448555038906,-0.5182738837135,-0.973373518262038,1.5918938471034,0.0239608251069649,-0.488820879209573,-1.42576689139081
-0.898061291621557,-0.647444699080242,-0.503000350940411,1.83266311203773,0.642733439006078,-0.412128780931803,0.371764477693332,0.576668371557355,0.431059142980565,0.0113467773285901
0.358787939436168,-2.44722756959798,0.557364752811112,1.63929375853825,0.608538260926251,1.84172403917538,0.562539755138398,0.297218161480484,0.154563307904846,-2.00935104334319
-0.3216452896098,-0.700179659853956,-0.403554299486861,1.31455411457808,1.11489564237146,-0.68123203215796,-0.422186773607345,0.631053580411213,1.1259371403218,0.547726676333592
-1.50464355329072,0.433908295891481,1.99465264208254,2.79145173351587,0.114907120297292,0.275652661839195,1.53118486096082,0.605897619134165,-1.47538083522348,-0.504295744963319
-0.704350137082716,0.769918753618759,0.271999335606091,0.426817123760956,-0.450890002703813,-1.01599798556687,0.376010760798117,2.08613474152287,-0.5616505699134,2.19990237651483
0.68398368657826,-0.553808410153079,-0.432748910811803,0.255455470127985,-1.09639600679115,1.52118680463916,0.364840931947308,-0.212412455076169,-0.727701665097423,-0.0547766239657984
-0.376303008867799,1.16842206212219,2.55983294653281,-1.68616507924134,2.09140408112821,-0.0187178552512153,-2.36119394419674,-1.76452218813152,0.761088221098427,-0.739442979388951
0.407696815940113,1.9339379890452,-0.702521458772026,-1.62142993351743,0.365065772064708,-2.19108880234958,2.96741404365858,-0.0463252490044722,-1.9341314179697,-0.499201880006779
-1.72419970859504,-0.768984551871993,-0.214783586483211,-0.402447750601924,-0.198594052964537,-2.25766543166548,1.75843380645301,0.36769232815139,1.5205554116934,1.0578198722802
-0.404842899336605,-0.00592315631174105,1.25310264122656,0.337026784523638,1.15540620872349,0.51332178187324,-1.0076465622232,1.18223657464172,1.66763143156406,0.546295581206987
0.0448840384687615,-1.16646569673248,-0.477925354902993,0.602410288530332,0.798194816199512,-0.0770766220365396,-0.476215314336201,-0.0876873318852807,-1.36983973342423,0.439500741736978
0.50477639004049,1.91851982422309,0.428181505620898,0.29062648926415,-1.64533040913745,-1.35231711932231,-0.529010533297612,0.215174604458087,-0.756416636522908,-0.259209347331071
1.05030110728315,1.21844421531289,0.986000549500515,0.45835360460396,1.11903015371049,-1.11117393312183,-0.0738424534500498,2.04511394572283,1.33160333877032,-0.142109930278766
0.260180376804117,-1.19360803769732,0.95289541950717,-0.177746845005913,-1.5188474572354,0.925062335124086,-1.04292140523058,0.0546370144106037,0.950013396893243,-0.842612075489303
1.51960326732218,1.30583012631262,-0.801982742121833,0.632233186714313,-2.22689931320155,0.716763302686866,-0.792436868682105,-0.135174561311423,0.390200100558768,-0.794014632607636
0.538081940138003,-1.06553786816812,-0.590305321517601,-1.63967447689838,-2.4926639444737,-1.08522009221004,-0.158308986410368,1.46000749788825,-0.0663293913055487,-0.359433990761454
0.550919731768549,-1.73995755140358,-1.31545112151657,-0.0538943901457198,0.528665385148007,-1.00733015286138,0.423588149341071,1.24922521401028,-1.81209163513666,-0.10362584120715
-0.353632775456169,0.307566695040172,-0.286740006487465,-0.157609840436394,-0.410241432266451,-0.331175846097969,-1.45240877817844,-0.0136109111568866,-0.903277501645494,-0.13376884337584
0.253597674805525,-1.52621588109048,1.35687181183473,1.46648923278579,-1.16244194817359,-0.403230135337713,-1.55805758853538,-0.30269428914918,-0.075718231756937,-0.023315463154461
1.58292180276686,-1.75166121458416,-2.08863991439421,1.40973447112991,-0.679789012981193,0.716077253572875,-0.727270989083327,-2.19772653459416,0.461628154455578,1.60652190542254
1.50476033765244,0.513336048127153,0.0301437224350927,-0.0136016016965119,0.548487774706907,-0.676265440677936,-0.88518289263317,-1.94547620539433,1.10780598056436,-0.216394043425972
0.493726653439209,-0.0970124103607228,-1.54685815183396,0.491004345771512,-0.56485184877733,-0.389425877658158,-0.719920940495928,-0.0759380743650074,-1.11946708900403,0.873536103965899
0.624567817478188,0.0814608017887123,-1.16980753596398,0.381315193732594,-0.100728157748638,-0.0659167869184049,0.437106768772794,-0.391081401934063,0.916471398612316,0.535561883466504
0.621653808123137,2.11491481192464,1.5328757675639,0.232313444694176,0.173608306091721,-0.0834152992100798,0.287065009178705,-2.32046847463294,-1.4753541398959,1.13728485552404
-0.804998976278702,0.766506863326282,0.347820548673772,-0.43586439736798,-1.91094593253967,-0.145248320609078,1.5361703468366,-0.423681212468654,-0.129870159134205,1.71874722907301
-0.852580129142068,-0.928051229731694,-0.200983053273464,0.0663598322872827,0.180095291870226,1.33219762502542,0.486603448411143,0.393613782208816,-1.51811748246924,0.341068960371084
1.31505938153007,0.0806190711777972,-1.31481395752019,0.0871004463123945,1.01924416726613,-0.165485739444486,1.83756295907818,-0.0567761176725511,-0.987645253973762,1.1987888004387
0.00845825674746292,0.41870659776784,-0.886427611681364,-0.851842474980946,-0.302132144385633,0.485441352548808,-1.49536469622426,-1.14772009769743,-1.1057594677022,-1.67270037176716
0.695508910567569,-0.131990923915953,-0.506329970454697,0.00612368521281557,1.2759391292591,-0.926092432489439,-0.688714183072745,0.395624021819019,1.72434980603171,0.24320705330733
2.32245320291983,0.610213496105728,-0.0626474487070167,-0.607326031026277,-0.0906921395264104,-1.34881867565594,0.357939319923066,-0.207591479002387,0.395262749944918,-1.01145600773278
1.8353208682006,0.475258409565694,0.0119434589305495,-0.245883041094574,-2.23783824579298,-0.0860558529494268,0.112434966430391,0.853949061144984,-1.09096125051352,0.493232450087253
-0.744175713357946,-0.278112108628804,0.22995250948659,-0.330482833107957,1.11873057558881,0.613144343218798,-0.663669163881595,2.13101168497379,-0.462365700896895,1.4433849164552
-0.70942166174174,-0.452723103768328,-0.228949929055877,-0.00126458097974381,0.625791809746976,0.308594231430888,-0.025006417739195,-0.734721860460668,0.687494390423295,0.294197137311023
-0.371013692595355,0.296688604915321,-0.321415484843294,-1.34884641042764,-1.87852361345633,0.243282657506267,1.82406921993652,-0.394805623968687,-1.28326307173368,0.157116760973128
-1.60166129692547,-0.621503342190706,1.00698171138006,-1.83236655999928,-1.50925073469167,-1.64479987061884,1.65749880690534,-0.583769744189982,0.0242198950161965,1.58706633998809
-0.187797999731989,-0.775734808465938,-0.390531236372323,-0.572835074416227,-1.33433678008922,2.37469519050212,-1.21282214368235,0.189936797352581,0.34426632460678,1.71249000567442
2.49568122421083,1.41964647232499,-0.375889746522692,-1.26068723117331,1.18756480651475,0.0490684130918849,-2.6458254917128,1.47512690438407,-1.59270518724689,-1.13418229316886
0.558412771331903,-0.401512838135069,0.899764382466583,-1.51935035276378,-0.958631332923115,0.405594155910344,1.69703762146876,-0.681375009450219,0.921223560117001,-0.551626225130785
-0.0175139394580074,-0.800144649821017,-0.100571890906644,-0.625163482210947,2.35851628381019,-0.116640953268691,0.327799526065376,0.993488020492965,1.65716381386407,-1.33516560657311
1.45928048830685,0.19968257976355,-0.5965389098066,-1.52772715795933,1.8530923576168,-0.817376938066084,0.32772236292512,0.0579273284262388,1.27913082973899,1.34723931747968
0.0687186305246415,0.212163955940782,-1.52179063796219,0.662849535876939,0.308236560653576,-0.276482892242099,-0.129489230306959,-0.840950047896294,0.791789900219172,0.350557878508257
-0.400108704874314,0.555354603352339,0.574232293272196,0.56876208294315,1.13492560873157,0.88526724273182,0.253624160065211,0.91046595533267,-0.0170780505498639,-0.925475843174989
1.52892881877689,0.437008353716753,0.539706244383916,0.124738113918875,-0.340912612859062,-1.33196964126083,0.688168039453118,-0.571403275329082,-2.3299792356546,-0.567848341564012
-1.46427414282438,-0.451817465045568,-2.18101251260467,1.4538658233965,-0.0215915523256154,0.76433693076486,0.738697107806997,0.651395275488358,1.00758308670441,-0.0181252149507775
-0.800299510361086,1.05532018680845,-1.34339187281168,0.469787194341182,-0.620908060047421,-1.01927638027554,0.89491869141945,0.837496844775322,0.596650949816009,0.481973011499895
-1.09218060319476,0.509699185143042,0.369986660457092,-1.56736878584381,2.00664729040117,-1.39222214532196,1.05714236034199,-0.0787620257353051,0.691846103533711,0.3802192310854
-0.763622340338514,0.768518807103269,0.993120517189792,3.51488699584031,-2.01056306941898,-0.232166260430009,-1.39775859033547,0.216278435554348,0.52070841078079,-0.231644607276126
-0.658265978625499,-0.766168495441088,2.51672628408783,0.540122558573908,-0.769156494350496,1.20900027947553,-0.25748915376776,-0.361504749189639,-0.369536210746833,1.49128314227028
-0.105604113694989,0.450186147795271,-0.737991991600718,0.559735619314021,0.388984388888874,1.44512645467602,-1.97855467664537,-0.761203152504408,0.0568355575742497,-0.308955536423159
0.515083587005023,-0.315796642187266,1.49038128393879,0.792091396138785,0.0346753232261775,-2.23574543943788,-0.189216263058619,-1.48623740276744,-0.211780306623379,0.202927000333289
1.0642170337947,-0.10126976881249,-0.324250410448516,0.941474527653025,-0.895338821106216,-0.446618469349947,-0.864814783567988,-0.873749213298233,-0.537538435003714,1.86492016848929
-1.99173732304117,-0.601974117422214,0.0235900070419013,0.564736621601851,0.166742658041527,-0.509127431195811,1.93511603449142,-0.3025715290643,0.669387312521464,-1.7997895162175
-0.503770687280612,-0.440374571964474,1.0331550927219,0.561305920047769,1.72653562006881,-0.819466490463661,0.639175207400795,1.14759896394568,-0.997130509066544,-1.51520206770121
-1.10797695660881,-1.56780360607279,-0.907448774056741,-1.68024759755881,0.996588890749312,0.656427111814906,0.713596427072159,0.494063687355547,-0.230086291102295,2.93537971372145
-0.370915733499818,0.241020040733365,-0.934823568517943,-1.56956357065467,0.547783391151624,1.97071403659906,0.800109241931432,0.583742803851353,0.871420690847505,1.60238667627541
-1.07610392649553,-0.199807784844316,-0.616406894135014,-0.376447879346634,0.60307958545526,-0.979063108238159,-0.484593530947491,-0.144898634275629,-0.138125658265485,0.873178569896913
-0.254893326586005,-1.44391215202116,0.562791594039985,-0.365313811513501,-0.18986211508096,-0.198218960270818,-0.963494358869344,-0.771385333407127,-1.77284868150451,0.597853035729344
-1.46296269068389,0.822321467687866,0.398490499024093,-0.0189759647158311,0.17040250041741,1.16346796654558,-0.856880364094186,0.170129027277691,0.945495093635895,0.345444969688735
-0.30205651528762,0.193239822664234,-0.315272598347315,-0.341654815768856,1.27839203190303,-1.73393601356247,1.59693741617018,0.486133860902302,-0.0774124373064977,0.44446619911034
1.86982169589941,-0.89099967394867,-1.34385777524471,-0.0162705763418765,-1.17046996741781,0.303454684097076,-1.09560577174442,0.209406503034076,0.913688390890926,0.987491284810241
-0.111665780056985,-0.0801886981097636,1.02750518100304,-0.360610650299275,-1.03396383472758,0.379339087247975,-0.958171328436945,-1.50066713678165,-0.798015227856923,-1.04571929153773
-0.107110197284904,-0.427422448807832,0.0356399675651781,-1.58257106699319,1.14639942054655,0.745316636049221,-0.276542493783863,-1.00143500574706,0.725645418332258,0.634488008261034
0.770169406936001,0.181261984424342,2.13401357478333,0.998561037108162,-0.644452855994002,0.442374930466445,-0.492178153034713,-0.923460211124789,0.131176842731169,0.717778278635126
-1.73111233778832,-0.77733368302113,2.2866142616162,-1.01150746596264,0.00633183664577816,1.60263238878947,-2.1221620717353,-1.34669464103254,-0.706296670726065,-1.47618614898867
-0.544372281294582,1.61085752972047,-0.18319228423732,0.0592755343491195,0.411562825104161,-0.398988802275303,0.805083568795412,0.484334474489545,1.66477461563719,-0.379060725731175
-0.445347232755731,1.14556737984382,0.932232317087384,0.202037882878873,1.18971720766658,-1.18593327103036,1.15762729559603,1.10308804134773,1.1034389286969,0.258646316971473
-0.239838519766196,0.527772328647812,0.297645117092618,-0.541093411302858,-0.228436371227354,0.520924469183481,-2.7653636956973,-0.0194672270406576,1.66725354005597,-0.971473237479392
-0.296526300588341,0.340800021842414,0.191399205728357,-1.13455957525446,0.219874014319251,-1.86309041409693,-0.262810019876604,0.322228237064578,0.0272499505357348,0.935269042585208
