1.16423206061187,0.287351033814808,-1.89105440901004,-0.569596636421241,0.548421865576331,1.15926261466829,0.616203371082539,0.990332896360414,-1.65963257363663,0.405637061240732
-1.0724743711035,0.476102594325305,1.44539658606706,-0.0841601460384087,-0.213394175194554,0.944410398492007,-1.03094387301282,1.78355888437206,-1.09568352021852,1.52600285869721
0.498293542030834,-1.70848983411622,0.184683554704319,-1.10796392165157,1.68839228394222,1.1125831753078,1.16561471480573,-1.59508022925617,-2.27523934024999,-0.899109772178937
0.88747103136636,-0.274206048443792,0.53515773647408,1.32830425970153,-0.136166111205608,-0.639617933525688,-0.519707904117783,-0.21892266056208,0.379566619413695,0.749195599059674
-0.0860631133422694,-0.720322047297189,-1.10707650195696,0.337142890409422,0.243616389867752,-0.556217156641739,0.768324052744688,-0.198921747830207,1.19565534440018,-0.145369759843818
0.0407150147641943,-0.482223183795994,1.51198159544474,-1.01486251632653,-0.504812493453114,0.471261834569345,-1.83073674907542,-1.37115157783821,0.725811934944708,0.307701851813419
-1.7017597020705,2.4280989967372,0.402288654378922,0.641386405746677,-1.06084108202625,1.30784951699594,-1.40079057988521,1.21531931839261,1.35478430734235,-0.445209986433448
0.140451298109374,-0.389312573835457,-1.4373267626285,-0.373066783051671,0.724544395275438,0.899638153554554,-1.569720688475,-0.327608115654363,-1.26628355987602,0.284934581599279
0.421024131910899,-0.479020284909473,0.526533862928229,1.21806431607273,0.461100199506934,-0.909234323869944,-0.57109420430863,-1.09405250179802,0.725222106950967,-0.385932722926944
-1.52633395628729,0.598796922015877,0.45052879415749,1.00195309863216,0.644883139913792,1.97892677558608,-0.835795075732446,0.864550708003667,-0.648597903928997,-0.710767658162054
1.42077774393899,-0.16763966031941,0.165619532162302,-0.0247329856789033,0.6740807503038,-1.78046761257083,0.516254511616979,0.688573217755261,0.697210266139692,-0.268737452108334
0.0171329197665582,0.415415425521011,-0.929229884328828,-1.33487144556959,1.34151211746632,0.42807981430458,-0.0845907231655532,0.173475887632443,-0.614858947008172,-0.845186121789591
-0.851249839475565,-0.305083120163153,-0.7020218928954,1.03794009515039,1.20371451861243,0.406537801349504,-1.93159959244206,-1.69792422094404,-0.310620530158734,0.0996999408387971
-1.59468588735002,-1.44946101759777,0.0334094865339771,-0.346048290209476,-0.224007457177842,0.347257880429742,1.27385675374904,0.149620258925201,-0.871958555324417,0.405607956956985
1.20889323796262,-0.465541626299489,1.56939612832451,-1.58978622161804,-0.189658830773287,-1.12230509039938,2.11994073086889,0.29042625874576,1.04028115612422,1.32451309077953
0.515708990189401,-1.05956978655566,-0.827395957577484,-1.53797434997961,-0.397637766649687,-1.01699191751155,-0.962436484518133,-1.22390942727459,0.294420627456864,-1.38468527987868
-0.667274272765455,1.45387889543851,-1.21471250383903,0.476902299628125,1.09692162794271,-0.735449253949278,1.84074273673877,1.07946132008332,0.624755063901706,-0.979860438372385
-0.0148429845351778,1.56377036003366,-2.71339312342403,1.19153624272498,0.094559042112094,-0.801134822279505,1.09568315533366,1.98550302918606,-0.152156426312353,-1.73074621082362
-0.753305656017418,-0.452786991252817,-0.645634075050667,0.536236206489427,0.243507638056408,-0.370295475923558,0.457430012301453,1.42267652009783,-0.803666995514432,-0.75599762206977
-0.181359935776943,1.7808250547087,-0.182556614692382,1.02722024754177,1.21473296112632,0.529969434729066,-0.533772651948045,0.887305551352412,-0.511903294926316,0.570567147911976
-0.0762929632798361,-0.427372678443575,-0.896604431864632,0.823484781004827,0.472782283367081,0.908996700339504,-0.499581038849708,0.21842889462397,-1.12277828195561,-0.57648621067468
-1.16663334841793,-0.168590283485675,0.176993326881343,-0.780320406644918,1.31015695900071,0.873474125628566,0.770074932940213,0.262830622959065,-0.024491616135071,1.00747207834169
1.39462254976176,1.07511253847511,1.47413091966502,-0.611327647837065,1.38295336000287,-0.033551132920206,0.448989785826322,-0.105962479965775,0.0462707719156398,-1.68144473664738
0.696963849942613,1.33179801814241,0.434758524269706,-0.327273320977687,-1.07702066122774,-0.873725217317203,0.752485297608475,0.184206646040878,-0.411814845252099,-1.27323854504605
-0.450662265021447,1.18988942738779,-0.838546751289317,-0.437329438969604,0.542796770125718,0.374244671250806,0.569093028582883,0.925897501585178,-0.660177440755568,0.692719513904066
-0.231662250959291,0.902706231462762,-0.879699541328041,-0.749848663422879,-1.15118231986887,-0.0594200970957041,-0.929072008950838,3.15644136756939,0.534752811385418,0.187381409393698
-0.655072571396451,-0.617593408182373,-0.88051407386981,-0.602189765650193,-0.288275887593744,0.0964566888116798,-0.121820943234498,-0.966361446691438,0.0571139628701894,0.0508003340216445
-1.15733883846319,0.454429354970597,1.79123898194068,0.865763655176293,-0.258033001941579,-0.736446987776008,0.905513423291324,0.463983539825219,-1.23422912593549,-1.67028499384183
2.2502854419542,-1.70699739353825,-1.50747958293024,0.124091228928464,0.509161231485529,-1.36437250716711,0.951555694185324,-0.27148388409906,-0.0490042224905409,-0.260159183073559
0.547331437895754,2.14653932943609,0.205987517905463,-1.02593659155147,-0.390858089745133,-1.84209342965664,-0.512307937789403,0.787499689215854,2.20288882450502,-0.730979605294313
-1.32548952019385,-0.72696024942264,-1.01559807644653,-0.510151582373202,-0.796858813805533,0.425837127248491,-0.570533484619362,-0.307964104477945,0.626109767204228,1.15659874167996
0.897015409258424,-0.179852990216049,-0.045952606339464,-0.274551036937979,-0.872506201349079,0.409226614456141,-2.47260599892656,0.549140740100872,0.919943130493666,0.261251353809677
1.649331820071,0.130613389051625,0.355244666553826,-1.27602202526826,-0.209785890877607,-1.51255211148468,1.09862923193872,-1.86058155699049,2.71048775168902,0.965906957121198
-1.0500970050621,1.55251893971912,0.514165941313552,-2.33352352756003,1.0983509947518,-0.768400966513789,1.03578098412288,-0.471056924564687,-0.0262229471862494,1.09603164096246
-0.458765687990648,0.40670200649771,0.0870528785161501,-1.00547031843695,-0.242957617077967,0.092078400413893,-0.837799948854358,0.15018648261346,0.473972659715447,0.727716527277284
0.310237430151102,-2.23641686346415,-0.269342304504561,2.32151679486088,-0.75659314821679,0.0264435012592408,-0.421026312367357,1.80703755952238,0.272752800665234,-0.335690028347922
0.44284197120447,-1.54087906682275,-1.08895820004908,-0.128936167993899,-0.631718674934173,-0.419150085362033,-1.97004744514424,0.616524874593029,2.01130878136948,-0.163975298208194
1.56150234422384,0.57615835338984,0.447776197961708,0.0197132794703305,0.233790400902025,0.190882359632855,-0.326977982865064,2.35415257643296,0.88949221222695,0.0237831885085491
0.220385393499483,0.971990897573296,0.540608158765018,-0.114265531370496,0.0718618994294147,-0.732577525103292,0.445185476216241,-0.0107741058418528,1.60142724613025,0.928614531600528
-1.39100587179001,-0.229948296089462,-0.924417558985356,0.483121230929134,-0.966069791084392,0.0371378368749877,-1.48936592224544,2.1474082420101,-0.532488888511952,0.725616481837923
0.607609546627001,0.219026165287588,-0.80645017772672,-1.02634276056799,0.486539268282659,-0.363900098128781,0.628124815161816,0.409653416724942,-1.89938176381527,-0.574882716564536
-0.863877234744238,1.85333383150829,-0.994410027226899,-0.466467591947784,0.396357380607519,-1.04523671519403,-1.96417302068254,-1.52112349780817,0.585232114954139,0.192795483359912
0.721969676841642,0.443191426144509,0.291272977433274,-0.950028162238075,-0.68977528390417,0.427583656969791,1.0299916570713,-1.54910125801166,-1.57318600963197,-0.700610697919302
0.580537236309748,0.538380506618868,1.97356332018612,0.0670127494934621,0.660547396989068,-0.830787798726419,-0.3191884905899,-0.451143921437356,0.0966783201253803,0.442257615936138
-0.053213332041869,1.07884646907455,1.14661121442587,0.768237830820671,-0.748565189868926,-0.488935968420741,1.63454031949896,0.880135557706094,-0.366022480235508,0.936668531458867
1.15988314983204,-1.20356704852428,0.767010537259436,1.07216632244219,1.50018665107099,0.57021537740831,-1.38907275772751,0.789223828057425,0.146358895405392,1.41658403507277
0.367991114451419,0.310357019302481,0.196222985005434,1.05573818744915,1.272331019464,-0.56849753082153,0.392552061185841,0.971737800501158,-2.44749867499714,0.41091898617422
1.54646256998752,-0.803866493028157,0.204749235633352,0.493483442454521,-1.15196050137073,-1.79452432338514,-1.39705482181577,-0.187793393466391,0.523381756116108,0.9397461196927
0.528523196856037,-0.441286223518989,0.324906271386068,-0.922964847857131,0.0788521871197986,-2.28080638147653,1.62689330352663,-0.968712609923998,-1.7505181477749,-0.771100665550824
-1.71587675594071,0.754434610305302,-0.127086337145049,0.979544798372664,-0.481078128137674,0.0337326012225144,0.960977454093403,0.659548044036995,-0.777405626553209,0.963869817923315
-0.25910850076157,1.92512076949086,1.10734667271758,0.480256977749103,-2.513878600873,-0.673272429578112,-0.739607347204542,0.623373106911212,0.0751243726407627,-0.64198333971163
1.23141738621899,-1.19648981065186,0.167505890103441,-0.475159928165203,0.594494363539286,0.701554064716248,-0.392420454008408,-1.17816740002644,0.703989700687965,-0.292641476227514
0.583360652617194,-1.75756877493352,-0.0767639956551311,-0.486820121003707,-0.176698242933617,1.27313512099334,-0.489454384556051,0.108439916758617,0.272204887950314,0.8018681233061
1.75155640411903,-0.642215894080639,0.262255295124539,0.99361409484479,-1.19817553312441,0.304200835117439,-0.585420433184624,-0.804909654232619,0.357787483520667,0.0702102063072425
0.872112987760244,1.8530280299278,-0.642684497708676,1.47326709233396,-1.14324569826198,1.08521646542146,-0.43199926303359,0.0675453533823624,0.390922137340724,1.62322520301993
0.802814870935953,-0.931419308592612,-0.15028510664671,-1.00633258548203,0.948409580797116,0.106542974953738,-1.28590935212694,-1.7563971895888,0.0689855312389448,1.22483488758267
-0.489930741567827,-0.936311103702507,1.67685090098313,-0.00845733216567969,-0.463717766440177,1.05326207063105,-0.717260047570856,-0.474411724627726,0.737670121516085,1.57529248621389
-1.07774672239853,-0.0919930484209276,0.549108693682798,1.74456276826471,-0.898117661545132,0.560055492215049,0.757305197258664,1.12492861949822,-1.8183943806229,0.482870289631961
1.6296830674533,0.179664431610157,0.658018372168318,-0.182136400483395,-0.513391751185994,-0.96354412694349,1.16254453657906,-1.13210224886378,0.573975887127124,1.7564476576948
-0.600246021983762,1.17472965523666,-0.662414339750926,-0.694903291570348,-0.897516126731998,1.09858942609494,-2.02272659012359,-1.5522357558307,-0.744074016354584,0.0132299784505123
-0.276902096939396,-0.716566689091836,-2.11466574294192,1.01607433308579,0.585069715976162,-1.37033835563405,0.969999538666065,0.789167793593162,-0.104063668494167,-0.574378461149044
1.17611631083814,0.713144696160972,0.649429949048123,-0.964012352652442,-0.447917458951271,-1.86198152726763,-0.267134769849933,-0.716806926831484,-0.721913759256464,0.158108637119907
1.9336211452088,-3.07919331558723,-0.536996437735394,-1.73252976968042,1.2843586089709,-0.427338115065167,0.875990351298114,1.89405931762366,-0.895114372799503,-0.802941251502415
1.63858121606696,0.635201667072035,-0.557747102289156,0.872871978085555,0.640477493903884,0.331379177121611,-0.436009335280627,0.463331338750322,1.76283563039829,-0.378089245038488
-0.107602088009636,0.199351415255317,0.16301893178117,-0.51890224178607,1.19492940999097,0.905411658898283,-0.976028544895844,-0.982108831193086,-0.401293249105663,-0.66947581320685
-0.719138940623519,-0.445491788863117,-0.481600534661148,0.83551861245449,0.622446143738883,-1.04720271711355,0.332396503959531,-2.52757807762246,-1.1501704694233,-1.29152424718111
-1.32898352005561,-0.135982767367846,1.36915795858576,0.972304627349375,-0.0147373870725856,-0.280336924218771,-1.8879807201132,0.867002942004792,0.054414195756446,0.623730155081547
0.495765576871959,0.653246259005473,-1.38941522352353,1.66963359031118,-0.524065772639271,0.427123020240807,0.759703130330659,-0.455025948307506,-2.90677925860842,-1.57985411018833
0.574696656810303,-1.08885417890234,1.18582460217151,0.0920621925238801,0.579376829300365,-0.774953226576107,-1.51446432639367,0.850550503545435,-0.0841402353654227,-0.54219717454114
-1.19561888086194,-0.840716378465641,0.465130804062075,-0.985062751941645,1.08171032382796,-0.717834224259554,1.97812829425769,-1.66103974083921,0.4123520182723,0.0128275165733655
1.14453766718062,0.112889194473402,-2.19361888685547,0.73817024016882,0.0862803012004382,-2.19201665709895,2.30443947999461,0.208175235511104,0.687028620894259,-0.0321606642508711
0.660426845431197,0.00523601331291849,1.17269891556083,0.497543199199893,-0.803841507743556,-0.188454238479203,1.72297568926558,-1.26844045563676,-0.555386536559299,1.7027431314708
0.362264427332511,0.795284649918424,-0.541852358070368,-0.0653314493615697,-0.214660400825979,-0.591602374399277,0.870041733356814,0.339312146341036,-0.805352591081916,0.916782078709133
1.68389154858842,1.67597406673664,-0.0321677151899872,1.6220034379848,0.29062097202531,-0.0147364574000426,-1.03461739459918,0.0427036665578867,2.11755795149954,0.413679980728444
-0.397030044420408,0.225342332133925,0.454574256489902,-1.07184644768483,-0.442538866458265,-0.959546265252032,-0.317229957103815,0.68596518123921,1.50455037574603,0.393807629949148
0.448743465446586,0.445810313077188,1.99675696200709,-0.390434712683951,0.346466603277934,-1.3579974743215,0.408685634801151,0.611546598855298,0.190173988439743,0.303285637939297
0.630412231714961,-0.172094157380645,0.847417774553689,-0.716341447895328,0.692449088221233,1.66842077381159,1.6095174475107,1.13684050391935,-1.3077844425036,0.586735753637041
1.56057987512753,-1.42608358664709,0.232744677464424,-0.168315526615828,-0.374638375472584,0.932359911172368,-0.545605844326379,0.413599616744324,-1.14570319126481,-0.972964774175548
-0.367030066775674,0.232084160794912,0.284486916334217,-0.378438075775146,1.37103456494898,0.794038780921224,-0.231640853310512,-0.704650093004153,0.174757819285006,-0.653966080792179
-0.120864659780845,-0.581454247224985,-0.447798466130465,-0.836165934390165,-0.247492293696642,1.61218346025902,-0.387315848954627,1.20197383919688,0.173560979437955,-1.16767808446868
-0.62183049765669,0.264406937578056,-0.315113661166512,0.533861036733666,0.398952308714567,-1.08069401435416,0.1294328325026,-1.10719650803571,-0.618212681894735,-1.94791686599722
0.651172269080735,-0.0993054932963695,0.738104711430211,-1.06883126522306,-0.58973357121227,1.39157988356457,-0.0419490541365175,0.384343838725113,0.703101986431056,0.152855117374595
-0.446823276285396,-2.03872802553551,0.946904939958027,-0.596783899211523,1.30679744968843,0.563486486185366,-0.0886952672370839,1.08416067976167,-1.39905303931924,-2.34692215086729
-0.971982113366931,1.34324249354687,-1.075221817536,0.0521524804636908,0.366780086333271,0.740533187454539,-2.41272584932215,0.719194323901394,1.321231975986,1.34931679281
0.186568683331298,0.0535865899457462,-0.613849969466749,0.223573606405167,1.37276820496492,-0.0139094694474106,1.02877158955763,-0.797549988273288,-1.53443325323577,-0.394497232041198
1.40755697793616,-0.495121203559192,-0.39027365228879,-1.01458249375796,1.61008932653933,-0.430124624165939,0.470934374765966,0.216406216933552,-1.17337209064674,-1.2810856513732
0.541609920790415,-0.106505330318798,-0.709986786300875,0.85106727962848,-0.165159190863355,2.64263933009341,0.267935545934477,-0.571406739312248,-0.255914837625384,1.12677164465534
1.26604899089627,-0.298320833911328,-0.426196767530627,-0.454597693060621,-0.336581788574951,-0.719735560529134,0.677619921432396,-0.482582352528879,0.0534007139094111,-1.4989241716331
0.574800889871775,0.0787154734885584,0.537352882027563,0.381494337877399,0.361764003927351,0.0401395057570316,-2.0218614009412,0.550388734129542,0.20957090825344,0.500038444156568
-1.83020304471886,0.745607298951031,0.597131736735923,-0.013068635778094,0.0614425295534719,-1.6461313094525,-0.856220775278293,1.54497476357562,0.145933711056407,-0.267609192689532
0.237722069471458,-0.233676930774227,-0.804506976638588,-0.332414298357931,0.691469436088451,-0.54309731697766,-0.26648729422482,-0.0916734944624384,-1.07576327757418,0.138612509335055
0.509218307168417,0.211492321120543,1.80957474361038,-0.554472227123169,4.39960460260696,-0.417261295893976,-0.628050105221289,-1.87949583900274,0.168480931813388,0.214040371412812
0.439652175396432,-0.964811420426328,1.09074885565332,-0.0328215064203514,1.34718900126451,0.923910679076477,-0.515859257196125,-0.194221261387923,-2.24867341933794,-0.51008906633506
0.726507338202373,-1.4365584973928,-0.136270687344753,1.15138649939343,0.453871418581045,0.068344298006816,0.372485049090553,0.0725178960398365,0.497234808088481,0.544937441186034
0.447024614378864,0.299660927727298,-0.370992698841326,0.188447323453918,1.44414394417994,0.57813179950625,1.35092760421124,-0.339439066941326,-0.600582541946042,-2.09491518649819
-1.18717205968461,-0.865404361578794,0.33346298908869,-0.137545892970462,0.94794292379248,0.579108803740986,0.545036796994675,0.56297596943028,-0.721780144280909,0.799473319968474
0.69216886997667,0.283089536639791,0.446076154133955,0.479733256672442,1.1065945907622,-1.38555955580769,-0.883352349282096,0.0116822441937182,2.27244893522186,0.0826630805317152
-1.39425974900984,1.53901564346187,-0.409202865058405,-1.02093537211745,-1.0613139655102,-0.664083338780737,0.860778962751636,-1.18904191855388,0.234778237615485,-0.0633015581851042
0.833777197905214,-0.175992237420719,-0.20528850307432,-1.29837537063323,1.82078024309229,-0.654376427411556,-1.21618629712015,0.0326826937543159,-0.629379835301563,1.02336879065414
-1.03540254555887,1.67510349489486,-1.93194341784591,0.0628382853063337,-2.25788196036411,-0.872393175578796,1.33924119846141,0.654481073963145,-1.36940565720055,-0.798193777694736
-0.624714715749776,-0.549908719503182,0.24362376942477,-0.756435463411798,0.0705633678141938,0.97835726132601,-0.985935310550988,1.45702080516742,0.27576695343863,-1.09944746068713
-0.0171976352967123,-0.6576085020557,0.630124651540297,0.353359155601372,-0.274905266376766,-1.43086943441731,0.82635399496648,-0.902076701957682,0.355353196944207,0.348655362798981
-0.60559349312286,1.46639253693669,-0.904686743417923,-0.184727442067845,-0.35703141710111,-1.2841181151802,-1.49256113633822,-0.00117717045067032,0.530270963801856,1.4319682493422
-0.502537041397582,-0.565936467232631,-0.483518176034524,-0.239346692185909,-1.36473894981988,0.970926371485324,-0.193352016941223,-0.634426420315458,1.98274880451138,1.06037776748164
1.44780541476791,-0.327015387993535,-1.2456034200914,-1.05315939460817,-0.603169138986054,-1.81974255701138,0.763768133100999,0.729438127493486,-0.528957421744379,0.809066963770048
2.41840105146631,1.2697733568841,0.29707328625121,1.37534676281224,1.11115076174494,0.749122241283148,-0.444304355422895,-1.79540329607551,-0.326490516670071,0.806676670933637
0.0302963020989777,-0.770909882108005,-1.01284584776914,1.21601585003889,-0.926627686734774,-0.0822658311872846,0.0932757762445136,1.07047212965511,0.27318065121949,-1.20118517861691
0.253811176327194,0.569193545471786,-1.16586945855027,1.02139426484805,0.304476637256421,-0.923793773216352,1.33774831809798,0.319776406579278,-0.480713435651264,0.104584979430844
-0.278654130523901,-0.335442639500834,1.07279126757204,-1.06190245614147,1.45413518078963,-0.121902290111634,-1.0314516276941,-0.0494735141588676,0.322911768112692,-0.364751002657512
-1.12383432280286,0.391093522208047,0.579209171845446,0.411369333828683,-0.376187947096206,-0.634446705380466,-1.08299359010659,0.95211466144523,-0.469867393711938,0.349837321478088
-0.200216851183795,-1.39298656072754,0.436022016395796,-0.00482033313516033,-0.86276320338041,1.17275261623699,-1.41714960493642,0.471754331963462,0.0825336208466597,-0.432220561004575
-0.162753060771632,-0.409330597998273,1.80015940525701,-0.420966212686992,-0.732883731076362,0.469542419865544,-1.87965843053286,-1.81195624901924,1.20131372862622,0.103599316191091
-0.56685430390575,-0.640402185596685,-0.480444793335092,0.216409474405949,-1.00397952594089,-1.45914577780017,0.284411247954436,-0.868108949565746,0.86799545116231,0.615696444427955
-1.21194353985848,1.26551002201503,0.299544573339165,-1.24009949829612,1.07072361230691,1.19085427040679,-1.28282105943023,0.666272608997108,-0.629434359373564,0.941431005713184
0.480608014559708,-0.152424097766497,1.16792058774518,0.110391119416083,-0.873196584719944,-2.05799764109534,0.259351329862452,-0.339827034383785,0.301758510502043,1.00726591950756
-0.454383923315239,-0.363398416774254,-0.127473222237694,1.15966499722981,-0.957416111901298,1.11013703874753,1.30055782495789,0.389553279817898,-1.61454686020357,-0.85970779214208
-1.09197180753054,1.00074413775005,-1.91901225247319,0.271363923993511,1.27674644876156,1.43290373686343,0.567517267929526,0.842756566468423,1.30684473003492,-0.916381626981907
1.03826711036623,-0.960938533435323,0.353253050839223,1.20214238085471,-1.91809563978503,-0.719444647830859,1.67648841530667,-0.931829895769092,-1.65820173398509,0.328358929831935
-0.679451985822808,-0.645009409855303,-1.21331801688557,0.977186473237829,-0.78548465793134,2.19337832148608,-2.30312770421741,0.130611790232497,-0.844917620670642,-1.56842624339689
1.21872213937832,-0.0353200416712901,-1.74905492172871,-0.867812014106282,1.56348340847148,-2.11386073244384,0.813276438371109,-0.00203979169478747,-1.77957658434354,-0.224444523035035
0.78737427447183,1.59302508588758,0.26830227681283,0.247955720630697,1.09731550452433,-0.252450511164302,1.0891936280772,-0.542358952017198,-1.48627946245322,-1.29466731816574
0.502889006587981,0.135935949728628,-0.354990154169221,0.459289316581313,0.820984457859807,-1.05935923139606,2.09594656246153,0.362833025535196,-1.87522270999741,0.276380266205551
-0.728348754014561,0.956835438416344,0.740551218166151,-1.33539000529648,1.76137398594459,0.549761750979259,0.102894189994114,0.18590616787333,-1.51673949359503,0.422450269385974
-1.08750809414678,-1.23679564378506,2.12972613102422,-1.32889516278588,1.2122485595852,0.730876213534529,-0.949319451077969,0.948711741811529,0.509931970300163,-0.53150458837227
0.208887821612384,1.52037800484455,0.502336050700312,0.818307669909259,-0.519643653902035,-0.656039953855271,1.54505960815354,-0.284381552671801,-1.11272874852823,-0.318256192131632
0.199644500085102,0.0127667328207062,1.01032129547823,-1.351442350073,0.127007152480114,-1.09719100467424,-0.0017148522575652,0.0322348515509568,-0.927362262742039,1.40865649291613
-0.079261248160053,-1.04361956456027,-1.45426365590282,1.39105895471762,0.790662365874105,-1.46352048823841,0.590779450918818,-0.357992423459441,-1.82966176568107,-1.63573221099635
-0.939515066520377,0.425741086697072,-2.00772245427233,1.20786258879881,-0.955870668348068,-0.871810730015737,1.46078406813938,-0.121466020483926,-0.573668541640064,0.483970152737199
0.201024103405278,0.691876031315887,-0.125371555106308,0.628452753609264,-2.1102034006059,1.93249755636641,-0.147945613225553,0.361216343138932,-1.86018737557034,0.530228689843448
-0.733923112405537,0.214563808499277,-0.598312809576546,-0.0590037464941432,0.593432455270778,2.22490710726376,-0.924548249520682,-1.48181996792208,-1.40807695485315,-0.102751056202078
1.92525862606914,0.97285414098061,-0.31665113789419,-0.460149284350535,-0.369110288317437,0.314805850179493,0.591539873805676,0.0237421089114459,-0.880087315889621,1.59496989791732
-1.03658137372905,-0.129710980495832,0.877727195278712,-0.783574615782356,-0.439408173048074,-0.826027268249004,0.157156910830938,-1.07638711406507,0.564735701569457,-0.426836500224497
0.513444615454778,-0.333042185871012,0.972774597228661,-1.07913394758677,-0.75943105686758,-1.90689037089167,-1.30853296545306,-0.0979776576519721,-0.964705307477022,-0.502117214078365
-1.67312951605922,0.633830472514945,0.231059259514462,0.799722988457324,-0.886358294329117,1.34347591821446,0.0443306226422909,-0.843788498847537,-0.572717434929665,0.431354813911901
1.0836873279168,0.541177958436798,0.295346955709561,0.618208480195516,-0.828627149782667,-0.187175830495017,-0.0908918852180778,0.011564442600203,0.429179369183098,-1.04995662782909
-0.0628878787714445,-0.89296105206777,0.293193855543073,-1.1884421743463,1.12221762871429,-0.662595974741742,0.455847026903491,0.0980580749573251,0.676026169203745,-2.65809489120109
-0.0670750058760805,1.64040695779092,-2.05129195568705,-1.19001416747993,1.46481309243358,-0.49463954005839,-0.810515541562722,0.801874784994624,0.922955742334431,1.23106970114561
-1.597992497392,0.683354756432177,2.14496147760971,-1.28023952820177,-0.986935436897239,-0.0880323648708408,-0.0875974135370325,2.10623071547624,0.496660594268932,-1.0064948683338
1.6711641259404,-2.21727115179602,-0.147481895767914,1.19354462679487,0.213308743920391,-1.32287628058138,-1.89164055186595,0.338339892728027,-0.621826916301786,0.711547443767426
0.181673265754257,0.218395430624876,1.23182463048796,0.900174374992441,-0.90506871481434,0.167915401711607,0.0918424191845509,-1.68162074389779,0.164368885910658,0.500956591322611
0.0552519445461062,-0.763037015093329,-0.0173387758301441,-0.379394128895077,0.693830264853415,1.34055259289989,0.31716853306303,0.27597316306144,-1.04008240974962,-0.0675894589572517
1.04450800799008,-0.43717405271812,0.314907863959868,0.493327902315032,-0.142799663270807,-0.104682203855633,0.354445344709571,-0.217228751635954,0.936172516982767,2.41490714480154
-0.55980141605226,0.272593199020372,0.570254637576532,0.265197724212874,0.727382638083078,0.425824833039007,-2.32979844993202,0.177693688248111,0.829699198111586,-0.015121495151893
0.352280303664745,0.367130374084908,-0.590632092639147,0.157385543808656,0.320636453197291,-0.604903162249031,-0.263209062617468,-0.543588968606891,2.61711390547726,-0.726724893593456
-0.698818758088576,-1.15384171212146,-1.58146544325168,-1.17493787372484,-0.908325613949561,-1.13066136523966,-0.451359711582221,-1.38039959015919,0.551925637736336,-1.15482009494019
0.244889682359645,0.854715788343469,-0.346489599554314,-0.712391106773831,0.0404651902029844,-0.296729434659644,-0.781234754072254,0.235741192092005,2.18381811219947,0.766833059498133
-0.986350162976151,-0.20229777251968,-1.07016881738504,-0.890581299460344,-0.0569177332487778,0.626700073564055,1.27900164561181,-0.122445098112838,0.159859977482491,0.415625045153382
-2.62372960949865,0.674971869059101,-0.157327849704526,-1.49996858258818,-0.595786813394543,0.460334335225187,0.286602503443393,0.702722305333679,0.706810109810787,-0.344958167974898
1.52552293370402,0.62159673863495,0.991698185509595,-0.175412706304644,-0.177549214298981,0.638373347521279,0.789285079611364,0.0622789349806691,-1.62819409235139,-0.218752599317439
-1.70414832472442,0.464384102013748,-0.800530114413657,0.589866235074493,1.76139833577547,-0.407287251591397,2.49989617138824,-0.429201700346805,-1.77370736654896,-1.2104718994875
-0.362705575673084,-0.00499299383961267,-1.35503605092906,-0.469292529952709,-0.100799895524744,-1.50266970954624,1.73086030554197,-0.352749089680987,0.241046197155704,0.416037565024316
-0.791465073428615,2.14885959863144,0.44692225778208,0.831791181024652,1.13871947864121,-1.39676932534165,-0.737322203343164,-1.79743137745773,-0.784023337321369,-0.224866558340475
-0.521824403023336,-1.14722466799482,0.726132617242687,0.0741351858243177,1.11559141217517,-0.676142293880098,0.646981095372161,-0.493762038090425,-0.0840868409241906,1.83870518520084
0.739834802933568,-0.0184539449902776,-1.40735162531662,0.0253630054634204,-1.2885770242629,-1.11463468128579,-1.13755999154813,-0.100860850875565,0.0367048989776895,2.00314600096563
0.730855909257594,0.6019751461702,-0.290537792132088,-0.324324525228083,-1.49206877808419,-1.75397686620889,0.924137421886339,1.13794186823899,0.218411148978404,0.262868861082583
0.497159654794223,0.627721060627219,-1.9292120682776,1.1051987461866,-1.27680639051993,0.352682372053326,-2.01026787416138,1.76918214474822,-0.342426909407331,-0.152985666306847
-0.560304872363425,-0.00675630144960185,-1.3566743427846,0.240234226705952,-0.60841840614244,0.448612750913038,0.230981747414803,-2.22757821028656,-0.613358806065613,-0.775211885603172
1.16345096600649,-0.412246682550186,-0.580743115585834,-0.794340508477666,-2.37334426360392,1.32004581023241,-0.150547525492011,1.11902247525691,-0.96411564247291,1.08395119691647
-2.51917865863852,0.906620161466929,-0.0626849445133515,1.07683293162399,1.94590633344225,0.872378641969269,-2.11434729130983,1.14037966167845,-0.946572879472512,1.31855340021546
0.378754340203983,1.14916480349068,-0.741784327383135,1.07416791103576,0.588232375720911,2.22734861573428,0.038477922602408,-0.000751080855041763,-0.311490893078156,0.776503920367074
-1.1592867767509,1.07569178402211,0.372542647157449,-0.63885919839058,1.25756569941439,-0.475721989832096,-2.42227348598338,0.689254944446351,1.68259022110433,-0.709740582976614
-1.66898350100786,-0.0012542569048934,0.510979734302043,0.124378405002871,1.1920537187124,-0.517760783111009,-1.15989406857449,-1.03067760370497,-0.60596211034535,-0.290099529231269
0.299170932212143,-0.133759805356382,-0.904051632818987,0.605061245983281,-1.34907808935301,-0.10696723093683,1.2909219015456,-1.91507047391527,-1.79906409421192,0.114595624314035
1.63593720588008,-1.35109682945819,0.115473024390649,-0.631306804913956,0.401650473546275,-1.76706014979347,-0.286549194148317,-0.682057760796935,-0.75419697961038,-0.393099398202068
-0.111063706953171,-1.82166751511959,-1.5822226300395,0.64440779319738,-0.480750760023674,-0.482964715300411,-0.188280106681257,0.645384165292667,0.301912997420688,0.426707395239779
-1.76626873378088,0.312959128620251,0.839031892288968,0.46624495263094,-0.824997198074644,1.14668613723182,-0.353298376921414,1.90573294591851,-0.283205051902115,1.59229674236921
-1.30948836232333,-0.132070675614995,-0.455461771196598,0.634416579798493,-1.75058979660105,-0.373131273919607,1.17845995140002,0.694355523583244,-0.523067160290666,-0.60046561882197
-1.2928870524405,0.795832761400255,0.883158200199782,-0.00452068627470257,1.82752243325736,0.456107355297995,-1.090808395071,0.317400986843284,2.19287608104013,0.741711781930488
0.501400257031517,-0.96395608871242,-2.08610694289959,-0.498474083485372,-0.986097037149127,-0.0973350656326196,-1.74827538363843,-0.428781914580048,-2.32511507799538,1.31270736003457
-0.0717509432159193,0.30127603022351,-0.103201563125434,1.16419893546645,-0.930195315208476,0.465614279132947,0.58425441778954,-1.10763300297998,2.09026588718485,1.4897290273445
0.671942111590704,0.792086630252563,-0.338681275908396,0.48520103782084,0.0840573702320551,-0.0943875083215916,1.43037962830707,-1.35204192006457,0.967419339445123,-1.31533593772351
-1.59791849927007,-0.804067793375377,1.26314544298633,-0.0230272015286337,1.04257093206022,0.159348196686117,-1.1175497330447,1.96090614800684,1.23482798832492,-1.46759610985708
0.407934099899307,0.47199621556527,-0.289645451057794,-0.299605475531334,1.5141510359493,0.580605725576853,-2.46105709604982,0.933281461555081,-1.24510749363872,1.6547142556606
0.244534105582216,-1.41176034870669,1.9238986257576,-0.256836114858048,-0.33343921004079,-0.906374742414658,-0.774027307202544,0.0164972614086836,-0.241364345997487,-1.40850331322953
-2.14621589814355,-0.918290258990753,-0.80465637762752,1.49044529932149,0.892001549835267,1.61294775473398,0.0417673594043878,0.809624323941944,0.203940644943336,0.382104953373689
0.47533832633566,2.36037863468515,-0.376747580801584,0.914224369140055,-1.56919521314082,-1.10437424308921,0.624483104890862,-0.30575151736388,-0.856620438274465,-1.455765450422
2.34613477461729,-0.834704059615562,-0.0537379345826392,-1.46846183040547,-1.19309416347418,0.280162426392324,0.330160503568528,-0.588692142044035,-0.140341168941249,-0.783931285970387
0.128696035480897,0.561894026512058,1.95544715702365,-1.62736890639702,-0.084285287227576,1.65799270889011,-0.801236995550918,-2.49379156418465,0.661474696091999,0.155514839779054
-0.548987903203302,-0.0468712702928601,0.00843837099091217,-0.375457322622936,-1.55935432729304,-1.54420710278403,-0.320412667706156,-1.19650336003519,-0.339285451547067,1.16250992099547
0.0545363010501606,1.20185241954623,-0.542977370192898,1.18737413886576,-0.933421383416753,1.05467020482157,-0.661327056476945,-0.149288495431034,1.67903175367846,-0.0546571051690023
-0.107112721912218,2.10415844815844,-1.00338529013563,0.78428428356949,1.61698887289078,0.436990528902956,-1.65486081884797,1.40667376873039,-0.640417795862659,1.13025720319601
1.1937652465862,0.523053175241725,-0.327443364184466,0.574093383478429,-0.964325117994519,-0.601127560378793,-1.15959577319513,-0.0192077156865865,-0.395558338782282,0.0466780078484029
-0.00599711784514494,0.329811724110911,0.878999498575346,0.0459126495071752,-0.237073745124031,-1.1219896270476,1.31529490718602,-0.598356060884882,1.63599699856785,0.503111566584147
-1.85311591239789,0.268822364000971,-0.57458637586941,-1.31399641775447,-0.546097231179723,0.837943156373477,-0.546025252139435,0.689317065524315,0.878188683082164,-0.730208684704768
-0.60431688753869,0.647726755367982,-1.14016072237075,0.355612717247985,-0.614775805510421,1.01520056019426,-0.793266803095579,0.636259414996927,1.26810223387579,-0.814216973506319
-0.685170298338334,-1.20005331786027,-1.88000532060481,2.37886095506098,-0.278503565156792,1.36794113552639,0.119378496753547,0.502220163397087,2.06303727554206,-1.68967661248886
-1.89306291552164,0.910732476252928,0.163461440904522,-1.34837616390728,0.746079681085333,1.36398833777943,-1.68367713396582,-0.295329605882636,0.650912756485361,2.16564098056875
0.64248177326223,-0.591724389518967,-0.909830297485109,0.334782904815931,0.0179945269402224,-0.967067562052179,-0.635763429722446,-2.27697040100755,-0.15793818347019,-1.10108637178508
0.729820846383146,-0.879512207277841,1.11232808249016,-0.639016088869002,0.742601753875495,-0.330115700864554,0.941402242200448,-0.570551782114596,1.36804370195426,-0.95829274373968
-0.209760357684111,-1.25333914205421,0.409031178071499,0.77595235304841,1.21525112813565,-1.54984415368042,-0.55081034338005,-2.05097601267765,0.432151865777268,-0.53669337672091
-1.18512891214487,-0.262821992141384,-0.944068171197501,0.381625242232477,-0.412418494838514,0.395237164791099,0.0528994791562063,0.611346010066316,-0.231242888746931,-0.328643538430481
-0.673065123845565,-1.54566533818635,2.93874358278125,-0.576977602119553,-1.00879465221652,-0.841196429561411,0.299195230468113,-1.77063770512522,0.690605229898961,0.325739485452394
-0.0955866943031619,-0.353822457618148,-0.757909274052933,-0.0835129126519336,-1.13951103165709,2.05672298542916,-0.959604436453597,-1.3396271296221,-0.51784033169343,0.478812472077816
1.67039517506739,1.21384122508128,0.159557369680283,-0.667854087816604,-0.0841847084646492,-1.11724401394803,-1.24353574520942,-3.0902501879289,0.000550287237884483,1.87978173396394
0.532766156767231,0.959323123359262,-1.95526139138607,-0.200435097987297,-1.32595471728531,0.0162611363636516,-0.315040870398547,-0.604512855214632,-0.450544668116342,-0.835442044830981
0.910825363231318,0.537623402563083,-0.651983912797744,0.637014443371528,0.906337386817782,2.62636190465643,0.0841337831035391,-0.93212948035671,0.312272803007828,-2.04667997343007
0.428188674491832,-0.693081356022933,0.880007326148726,0.154839086605082,-0.901268420825293,0.538733749250812,-0.0942522589908395,0.311956483741995,-1.23626145700372,-0.279730274969724
-1.24601221507822,-0.547749572537908,0.787274659548572,0.611324533916186,-1.48289515345692,-0.182409215585571,-0.0270219870444652,-0.505016813696457,0.582407510061421,0.519252239985357
0.88435905531685,-0.106812165139018,-2.6296693119525e-05,0.0139779401676432,-0.881222797147693,0.0757816037651372,1.53326284014589,-0.971271176868502,1.12375828953725,0.660365395194046
-0.0127462306151238,0.0266937221592659,0.186405359174959,0.282759138860301,0.325658265716433,-1.20137023123768,-0.429948006214762,-0.302291784357639,2.2166481236681,0.158954347603186
2.00962740104829,-1.96782204468569,-0.0966038013044148,0.560205788909413,1.98676840723084,-1.14290457038021,0.566544635512687,-1.5218098468536,-0.177083993881992,0.240502484604398
0.466174986142769,0.151583652268964,0.0873004412880877,-0.193858326648165,-0.565026097683791,-1.17228363713765,0.24187521792602,-0.149702357521666,0.817021768584162,-1.1475482980383
-0.747268652832867,0.702325688249442,0.398252350225891,-0.58069840945874,1.35600794853558,-1.27549682116702,0.308274473030207,-0.328379763671723,-0.130132530467858,1.35864036894845
0.405478392299153,-0.267304508347068,-0.571528034998118,0.410643911991595,-1.99868575008487,-0.6370235060464,-1.55379956498135,0.708825132623374,0.79819032439601,-0.261706935664427
0.843967057520292,-0.218031900671476,-0.727987180571035,-0.666194722408612,-0.51230148820887,0.552177950019063,-0.491868328701681,1.56553970233811,-0.976717715637107,-0.0350571039971732
1.61639902157138,-0.0553061353789991,2.64534576651531,0.0700215562312354,1.58493738662676,-0.631468250339604,0.461609945188875,1.48636279610982,-0.184794442214245,1.2227513487573
-0.72480446764079,0.132797774533067,0.128950567555196,1.32162610468328,-0.664957658642021,1.04160847271336,0.811859367454763,-1.23482684569908,1.2189908132566,0.0551189627417284
0.306018595936167,-1.905661603921,0.224308738007128,0.344634492676012,-0.187824131689669,2.4632545076569,1.18555062425876,0.448694950533914,-1.16545714240606,0.791754391841884
-1.0276171152385,-0.741828797755222,-1.00774352941498,-1.47591469292705,-0.943672131832941,0.0430445681959974,0.606015676086134,-0.611859520235188,-0.396057284379823,0.450121046122116
1.34237317442818,0.328795982693691,-1.60520206390458,0.715651403962584,1.99776732362043,0.695285266559777,0.299066921453795,-1.61943352407878,-0.888510093812444,-0.405847397432714
-1.16107034274686,-0.98828369959999,-0.115510604266164,0.388957129911706,-0.523782481476445,-1.11410470848721,-0.60266290407877,-1.41138857347731,-0.550793067384672,2.85586535574253
-0.679595790696932,-1.12825081156863,-0.0353989356932168,-1.32960910159875,0.04586684435616,-0.332151573033612,-0.667598733836253,-0.0377390242282198,-0.868576961387265,-1.27672478643599
-1.71265299177504,0.052718563611125,0.458489127211251,-0.878431561692876,1.20825380433334,0.240785321423603,0.812994734566833,1.1585422962254,-1.34706150592738,-1.61744746667209
1.03522615128669,0.365932417168198,1.30728591939343,-0.759924451192963,-0.231221403728333,-1.5184076937065,-0.392868544609556,-0.15342861965531,-0.309246283218474,-0.956868986876757
-0.463655667296231,0.361381546077165,0.0556087303183464,-0.0605236438784949,-0.0669039179646955,1.22330415990525,-0.241708973858248,0.893512418094428,-0.560813925572391,0.205825344847843
-1.23817029710459,-1.52331804090032,0.649200417658175,-1.72615666449988,1.3228512005803,-1.28828202003691,-1.48893499916671,0.987442505096307,1.20320510432705,0.540823325661395
0.270550802151519,0.19358750285082,0.594999597069163,-1.01330338078767,-0.062224304172148,1.799459092703,-1.99449239246137,0.904657908445295,0.296943612957408,-0.038864408920636
-0.121910756254675,0.343656866522025,-0.958818420389535,0.699839797794419,0.840293835331928,-0.368003031298075,-0.66018706022617,0.0409725561197604,-0.411299829321076,0.529742924550471
1.72707495862807,-1.4414052368835,-0.193598708093915,-0.587535852938582,1.47111941387206,1.04172885226315,0.480863656472579,-1.44533900469119,-0.888592436036107,0.458377748704206
-0.709628944393284,0.732035820443357,-1.7183643939311,2.14975269410981,0.567291960520091,-1.09264361208026,0.206501120933343,-0.68896037135297,0.418538477746089,0.0577730381943309
0.988204997190772,-1.53038963800206,-0.68877710213782,0.0990145937175056,0.512956382199165,-1.21901522191055,1.0925243084292,-0.933220031530244,-0.0694618306232005,-0.179363982525742
2.33675122220048,0.767130489081396,-0.10493989870696,0.199965780745692,0.846222146270685,0.230289367218943,0.0292454638932891,-0.76263894883219,-0.416355678948506,1.03335610694436
-0.830879796003349,0.515410043332238,-0.925454115953936,0.734932333192256,-0.144012918118527,0.604018741212138,0.574704985178462,-0.620845771382047,-1.41801187759067,-0.665496839539501
1.13554541965877,0.228254486015373,0.981156056835866,0.388468372537975,-0.62332204867162,0.288182729192167,-0.690064999268978,1.31422134633338,-0.478103634690581,-0.0768784969763644
-0.573847686221494,-0.604334446329225,-0.170333294877733,-1.12694654821492,2.21577367797287,0.203806156934052,1.87180709590403,-0.858055530424521,0.644963036727514,-1.60713775661326
-1.05613115374654,-0.461400249676197,0.644018649629182,-0.277288047515798,0.173220610624681,-0.663376508298984,-0.757188048151617,0.678471669899572,0.207196988605572,0.209782462149886
-0.925869333574214,0.0781858483894602,1.03652715198547,-0.2326535500926,2.29379553865651,0.657790873797803,-0.41538368069899,-1.44522247485133,-1.03803729468336,-0.046732979414928
0.251648381395139,-0.644155810366405,-1.80130841213327,0.867081860166191,-0.216694954559135,-2.71101519817843,-1.44966896974292,-0.659378279310545,-0.000136737904305965,0.031730881576994
-0.774996304367541,2.37764363329896,-0.653596624604499,0.460822087171766,-0.414429965515468,-0.983761165997332,2.34839247695059,0.635340624765936,-0.965533482134365,0.0305680020609654
-0.750123872568927,-0.358669476065705,1.38215412110648,0.353204587445304,0.781287668702374,0.378493820980161,-0.363511333740702,-1.90684729276549,0.815629357613322,-1.32827103061394
-1.23895592237402,1.61037705689902,-1.57437420208168,0.585057915233125,-0.226099627266343,1.04861862598574,-0.325516115665464,1.44579256389786,-0.195791584634133,0.742713401865585
0.0335054654207954,-0.912228693291063,-0.690462262563442,-0.0405203649773792,-1.792911828117,-0.101041684929782,-1.69016463100603,0.709109125575923,-0.651450315440356,-0.729189950867379
-0.0241882632732996,0.646920064844339,1.36528785668535,-0.460230984691647,-2.17735090048047,-0.0672025834838713,-0.748462154687883,1.12580337977962,1.13305239417607,0.848908272188857
-0.450961326868124,0.022490459434869,-0.666855065565946,-0.148168655978901,-0.154477179230321,-1.38746015405046,-0.161837070837262,0.659900259317487,-1.65107792677752,-0.710392853207254
1.13638238299039,1.8274714412515,0.403136535562227,-0.368470680998858,1.48026250037807,-1.55927041789145,-0.502192016289759,0.530756335764272,0.144190918311626,-1.17089997460825
-2.94279478079024,-0.0971817288171798,1.50651354148033,0.63373463899498,-0.123911243357641,1.43355445751021,0.587989403984288,1.28547472514823,1.70597233599608,-0.536485436934576
-1.09499249426957,0.919399339746753,0.824398040525701,0.0996178505046131,-1.4426724571793,1.35881887369215,-0.742970394023017,-1.2115299607939,1.38215529241609,0.600489811801075
-2.21474791095672,-1.24443565040485,0.937226042126375,-1.90265465738998,1.33186241995842,-0.479153864160918,-0.346074781155875,1.12999138625206,0.827963809075199,0.172650842075528
-0.037786203183107,-1.02505777570126,0.621734281609297,-0.757876872003277,1.25035252669552,0.0438458441119944,0.694970847901376,0.138762358730418,-1.87391616144889,-0.234134082318962
-1.27822254121528,0.74509030734277,0.390683230087162,-1.61886472821053,-0.545232715465855,0.904279597272137,-0.889392050647366,-0.398381125423292,1.27781429519288,0.691550807262743
1.53269328220414,1.0707231269141,0.849005542994055,-0.325104081289648,-0.535120871335985,0.591178302181319,-0.420079424219028,1.0830683087578,0.264909043943535,-0.366126044794629
-2.66380959273856,-0.365809398844028,-1.02231471239278,-0.905497741893004,0.3624183347116,1.08232913293556,-0.927124977827888,-0.25807404194945,-0.982731725219547,2.74448377828952
0.251724528074231,-0.891741063945076,0.402416944685986,1.22388893529746,-0.464376612766716,-0.706244665188858,0.729612357731335,-1.96430990218898,-0.0294057544310248,1.18383714353146
0.117507748130412,-0.849814167597952,1.12650182429276,0.34571406351525,-1.28941495221034,-0.848346232098676,0.332624126063166,-0.882968960472726,-0.195623930398251,0.0751522249353956
-1.36241673913158,-0.283051053977107,-0.74059588339123,0.45055520042747,-2.97060626475096,-1.12709712595786,-0.839336343674572,0.169831770991108,1.16619533006595,-1.45385942725541
0.778945056197758,-0.547598636683301,-0.291124309422063,-0.763108561213602,1.47645432774655,2.14070869176333,2.12624668385798,0.416759155623911,-0.75273103970158,0.998698391934985
-0.249663411918082,0.32361537545961,-1.07648878872771,0.251897111612961,-0.537077820625041,-0.510422558325352,-0.739372832997105,2.15691397039971,0.651889773702407,0.684551360972627
2.42473782037002,-0.250189687168358,-0.809073147343778,0.678689864009709,1.45669954829758,-0.114625601574284,0.22064212296647,0.483614471357336,-0.145988867753728,-1.31325591797523
-1.37036014631948,-0.797530354314423,0.464642392362012,-0.258378124564069,-1.60595399284904,-1.0146565473601,-0.695925370482782,0.177968756351289,1.29331458308722,-1.11543465428746
-0.169348508659907,0.423607051058071,-0.39500866707904,2.31162040058041,-1.31495650297556,0.594096787627001,0.944093645683013,0.348468217591209,1.57646807181958,-3.56186638290178
-0.980612919080872,0.256852504222283,0.889569874511518,0.0578099835150631,1.02515863096522,-0.494000139523502,-0.0427036639002745,-0.125877481096266,-0.852803685222296,0.574580321738661
-0.662557772102458,0.376885186432458,0.43117793346108,-0.665214524144635,0.97438302114012,0.360811339739691,0.299608893888867,0.289165823281059,-1.29675562354036,1.10440902363515
0.518490526252316,1.17843795717912,1.90535364675045,-0.300485774178033,-1.56812733720426,-1.34427598223793,0.794740710562738,-0.661999743256182,-1.13216224518205,0.432009367305982
0.709371070760909,-0.312952409869235,0.145179780976915,-0.827596804451716,-0.732921704270578,0.16660206920907,2.03951130856599,0.338689846108526,-0.380383044443691,1.54654282438095
-0.651237115322485,1.10103293324474,0.890007402741074,-1.02587702851376,-0.189107545763573,0.25719800398609,-0.30283040132114,-0.0301255835170118,-0.849857040919552,0.848415315113862
1.18476449184952,1.21448191444479,0.05494899369238,-0.369299033721915,-0.420064099692489,0.85099354935667,-1.52000073591279,-0.133105148453364,0.951540642728541,0.779225793079241
0.363961560873758,-1.08589369434165,-1.01472103579934,0.946402011289919,-0.830698427123108,0.530418697720071,0.728729294694673,-1.25417612095193,0.104969948645056,-0.074355382999665
-0.180898126189445,-1.08362327781984,0.00699035708335228,-1.17172521477731,0.554186457018622,-1.90048785581385,0.0660380412777742,-0.504266508712698,0.654626601551601,-2.6388826776679
-0.910491493114871,0.919394331043522,0.491176481807253,0.320126372510037,-1.93681115265635,0.401383246418724,-1.2109686802682,-0.243811018521875,0.859982595094366,1.60781036613153
-1.67482659723929,0.496851281634025,0.205733635414731,-1.4819013403732,1.55613387369186,0.77789379283728,-0.583355624067591,0.808941756172127,0.0840860220250664,-0.244020560456525
0.453450385081795,-0.696077627365476,-0.234168232230684,-1.46011257271803,0.847882210431289,-0.0829620865462543,0.53436238950667,0.169749567975124,1.88578675238788,1.98430575580367
1.2281674238301,-0.765161840638355,-0.611109186807351,0.101973630213193,0.996822407531312,0.537068295525585,-0.844579810156686,-0.576484136399447,-0.703950688931575,-0.0804589521626354
-1.56310056465391,-0.729803832623727,0.43768851734513,-1.13584407109117,0.939120137469419,-1.10353982663411,0.783163027381741,-2.07929131897761,-0.132674999806453,0.387180051261068
0.693462075981557,3.2627276580925,-0.941390786265859,2.41268157504578,-2.28736884745965,-1.15135016299978,-1.80440229659109,-1.56535343759372,-0.806467988759692,-0.705807123457219
0.703856493783567,-0.587060011363653,0.0536083146116049,0.228273270958349,-0.702572869708521,0.985985023478392,-1.4375797231247,0.287394349555143,0.233993529142291,-0.103862243877875
-1.5833235859578,0.67100081407154,0.615887017936424,0.385640210254911,1.01027815832328,-1.08213704301459,0.657257524615941,0.703216777192346,-1.69791263473024,-0.959571236799627
-0.956411395025463,-0.867038307144165,0.139886831701908,0.97051299395393,0.0578987295970502,0.763129848478212,-1.23974161803955,1.951304056678,2.10930225127536,1.45016276835812
-1.50255405805653,-1.01433123416139,0.210080009805033,0.869376228034136,0.928933245160509,1.48598624116071,-1.51786437830832,1.09069160139652,1.77517432989421,1.19192526893122
-0.291684033423049,1.42363626005134,-1.04953284882513,1.06493055748255,0.202141100609312,0.288647398431986,-0.514038008847536,0.851334700620447,1.0027928860117,-0.812899403755739
0.134165472271755,-2.00647650126535,0.592026455667233,-0.150521696098647,1.2350037358781,0.914937512145738,0.585068915797152,-0.178661150633006,1.81445448912601,-0.374312802443946
-0.338093464497979,0.0328015962978184,-0.358810476065958,0.659488053578662,-2.2013392508087,0.334501123666361,2.17626415956564,0.123603711067504,-1.61280692521948,0.820213783590098
-0.0259796661973545,1.77971970717715,-0.835700839405895,0.603096196450991,2.78828470875808,-2.10942438919864,-0.906352068557687,1.553772262817,-0.0189368189889402,0.296421787927391
-0.532127304621046,0.845067117790602,-0.820333832886192,-0.935116805454828,-0.101676211002995,-1.09332400934197,-0.331088620518629,-1.35567507357611,-0.712212184597614,-0.882283985555906
-1.73719541931285,0.342147524591647,-0.581786123370866,-0.833707452955223,-0.420955978927076,0.956031433947668,-0.36288603758917,-0.590067402265977,0.0528701082775584,0.402355658421178
-0.284720121759906,0.816414896171391,-0.57765523320818,-0.610289686957478,-0.223095166424005,-1.75128665265691,1.05789125169836,-0.255622942871887,0.66555704111877,-1.6664523880452
-0.596776123844343,-0.487790670500523,0.98216091957261,-0.0462187065683765,-0.761258409592735,-0.779667123245082,-0.387954697879614,0.644430514716614,0.667265979675736,-0.529459073642673
0.536931654979209,-0.452605952754936,-0.996195340755042,-0.450590187960129,0.975149660921817,0.103784113321909,-0.640900143098833,0.461049929271958,-1.7486435277338,-1.78517907357285
-1.72561472132115,0.21105623729133,0.558207374975506,-0.298440301887482,-0.318394161358348,-0.146873781992335,-0.888138821064127,0.32849339176208,0.710431432646443,1.21330203865775
-0.156765549338669,-1.47333822372726,1.41460375192522,0.842414558600606,-1.52832545216116,-0.0187886795180092,-1.53654281914754,-0.465273155384301,1.19636787760848,-0.165199129199096
-0.958840811472107,-1.10697551156697,0.155297634018021,-0.233034818051625,-0.856159827270583,-0.887777057296374,1.13968447759468,-0.394790653615801,-0.157462984937329,0.950883714389628
-1.26188342829844,-0.4589055895548,1.93048108375905,-1.1112148295694,0.109408747793717,0.191098443792794,-0.551958806023579,0.395926551305527,0.919133382210571,0.778057210785374
-1.64840113310495,-0.266711876441754,1.09204536911054,-1.79919778768757,1.26931337345345,1.63219679802864,-1.4029209322148,0.106111553578011,-0.50261767319582,1.00493904844842
-0.169143526352206,0.582059267799916,-0.902597810813455,-0.302202023269238,0.00683717385228077,1.59319321976594,-0.0017067934296606,1.60472221883494,1.06042115005476,0.974105520850465
-0.234236320925222,-0.0782670392903092,1.29207311027538,-1.08242747912588,-0.336823369306549,-0.562280904780412,-0.555325169447737,-1.34457740541006,0.500780870024274,0.0763792363010765
-1.71134121100325,-0.731361753286504,0.629479771631747,0.217359960498535,-0.143197561149108,0.420484043643413,0.461796294569916,-1.1886117947609,0.793132662250986,-1.36429034980561
0.32920794959073,-0.909609718987748,-0.303089357546657,-1.30707890391075,1.35065425393245,0.115253474967955,0.349195805829695,1.00216133233986,-0.717084841930128,0.0765202432893332
-0.978896863712006,1.22649511944108,0.0818115300653092,0.039233991301685,-1.6713283937747,0.414410055268225,0.709650439880775,0.764575711102859,1.40351828202577,0.220821454290765
1.41617478109272,-0.0198350250480196,-0.463915285630908,-0.0920291693666606,-1.75161936968943,0.936839506498796,0.851306863060333,-2.09000698760822,-0.307202123089766,-0.552419823816732
1.78294618567609,1.40521988378002,-0.355051263002796,0.842820094629022,-0.778782911197186,0.65292119532548,0.311536256083635,-2.7248273588369,0.302317159290915,0.266560968814046
-0.940554490244427,0.268775970288205,-0.165051749504613,-0.0667674680845821,-0.939398576561835,-0.113779443548454,1.50339408629944,-0.00396582140939471,0.0309822645637111,-1.87476992900215
0.270808264849996,1.20632184713846,-1.28418905661501,0.708590238747878,0.257888761889014,1.34563988161911,-0.394584519241167,-0.849765953836287,0.667958750330949,-0.5319646961503
-2.55257679972431,0.292920128020121,-1.7304396346918,-1.40873431789135,1.2423633399955,0.603530071333767,-1.11539204491041,0.858196091326527,-0.261358042693159,1.23346561246596
-0.283249706627717,-0.300440417569051,0.524437121586311,-0.329672052912632,-0.488660460805518,0.135718947099274,0.506189490143435,-0.855563245999763,1.12874662702702,-0.672561597620069
0.0229286529565331,-0.543914765067568,-0.69969114253694,0.651014710479419,1.08850745280327,-0.11023592221336,0.996796829770635,0.345642872476678,-1.49395377951678,1.12719095678492
-0.944686077765557,-0.655271483836253,0.318962281553093,0.0258756824502321,-0.866127074705076,-0.0975159726165109,0.488958820330317,0.743622227012534,0.94591476301012,0.229647692483932
-0.800948145662952,-0.0927345740020145,1.00700520457893,0.967818649215847,2.53941621357382,1.11902317073271,0.454548973662958,1.84036800640916,-0.272487535881523,1.64490171494251
0.541739633832825,-0.0376039797469774,0.108300262027313,-1.32193542988238,-0.653073531260398,0.818614876891123,0.0206795471010127,1.45683806967165,-0.277750956266628,0.238695159519503
-0.857073562866908,0.322890766259586,-1.13727344022782,0.256916338799809,-0.508816282111902,-0.711992337396027,-2.04992021724708,1.27413065366089,0.916364585420246,0.251749537061323
-1.69375327709732,-0.225574131235528,1.76066761971247,-1.82122667789827,0.74537617998353,-0.630900815712392,-1.42525980676569,0.182774073586821,1.6155171494545,1.18485353623994
-0.261234453512909,-0.349300165579471,0.132034949125981,-0.640823425597416,0.907230251265861,-0.177422719843958,0.691586500413903,-0.430528010407692,-0.467846008995525,-0.11888941101323
1.67953830867311,0.367133371324372,0.0403368816525176,-1.34793239122276,0.869930564579311,-0.151207978997079,0.406674505428896,-2.0781110232934,1.32105992772478,-0.0223677350256911
0.560658246755361,-0.85760405837857,-1.11982403254738,1.26437284249607,-2.25549874414431,-1.3117903289327,1.12763461316391,-0.979881935984535,-2.24336495878207,-0.55787026938273
-0.483227702661474,-0.316457785698964,-0.68760471802407,0.808822892134699,1.20982251222945,-0.103673518296549,1.64673857957415,-1.10812457388264,-1.43781019790312,-0.314263155402026
1.13754066445544,-3.63903898310368,-0.698125472366757,-1.23973962627534,2.11820554534648,1.16704451767968,1.27146579295851,0.0371522019093146,0.295027070608947,-0.00464609153659015
-0.868584499664747,-0.730570676656845,1.47752637750311,1.00865065119426,-1.24841619975551,-0.858453959299438,-0.643868594076171,0.593479976263222,-0.321029329609585,-1.13486449557468
0.150368435698308,-0.687113262340008,0.851460386513584,-2.37508558634205,-0.27211632696558,1.91676997290817,-1.47969665233267,0.251745333557966,0.725588216579293,1.15298281554753
-0.258887410561474,0.41726758226045,-0.762821761750918,0.826023932646856,-0.547087627181091,-0.495145358060553,-0.201585187551302,1.76633347371759,0.0685394628423129,-0.131296059860903
0.464724583188825,0.476419460265024,0.264142264791576,-0.196644726468001,0.451704148075993,0.234673545520892,0.204367353914584,-1.50047927771694,2.36162955785161,-0.947709047695647
0.139278565267796,0.326924285475797,0.331106621700083,0.61379102547278,-1.3610156662273,-0.0022756828333601,-1.11333143481621,-0.930571107336528,0.0612754102025106,-0.362691184761655
0.1177638106922,0.485936156767086,-0.0270105613344228,-0.745399543642938,0.171538829564784,0.554333436567559,0.993560154738952,1.4501512806108,-1.62459428944874,1.21363498280655
2.39765248762086,-1.90570776673226,0.474818054451434,-1.9496650223711,1.23378236303295,0.529078607433251,-1.62162923003402,-1.05445438151515,4.22921050245477,-1.63789045515286
0.778292103998631,0.311861287202702,-0.371158681286954,1.81017151663776,-1.56765650124321,0.639166430777696,1.82699095288479,-0.246742749067913,-0.592771331806025,-1.74908085471117
0.090343532990044,-1.31842683294507,0.693050182826021,-0.927345664638236,0.0214130415654189,-1.19102018540923,-1.98458135007258,-0.552501083202986,-0.573752714573238,-0.1869714027108
0.573451111706437,-0.407898582615269,-0.753806524602058,-0.0623079252543681,-0.097146777302206,-0.865473812078866,-0.901649368286723,-0.649345620567533,0.213119854593022,-0.191017231193514
-1.41798633246031,0.147270266678222,-1.71160578494545,1.63906456893902,-2.04310026934002,0.573303122568199,-1.00513423606935,-0.304163033987369,-0.119823157683856,2.3342448064794
0.682839370091052,1.45062714554337,0.398458823479712,0.744496190954319,0.589908390921393,-1.07548640195793,-0.206241643008146,2.02057275263204,0.435355625554244,-0.475994890510248
0.627670115298845,-0.0244770009322365,0.244192933150798,-1.85939196263171,1.73903451295593,0.159549739417799,1.32100174542941,-0.0118017326133654,-0.391763624399649,0.678574268461965
0.240715138115849,1.76342250447558,2.10732893456308,0.290479497110091,-0.435493815997333,2.27011230371741,-0.59298486154796,1.42880313995798,0.313112705516282,-0.221359845046393
-0.987653486970792,0.521348650644916,-1.07760681751579,-0.276319401349801,-0.543128339634886,0.253185327257061,1.36129140158428,2.01151684777327,-1.36076553508846,-1.28148424976758
-2.49557447075007,1.53026803123946,-1.44450998696138,-0.187482926421385,-0.803263723588139,0.774746856413899,0.723943056534624,-0.448800912948912,-0.185896030602634,-0.897705128320335
-1.14546900065161,0.92814225625503,-0.0688779814900061,0.314592127703108,0.10585867034272,-1.15499075879738,-1.4655208550984,1.40091963354776,0.092116473806147,0.61752088412112
-0.531365678737281,-0.289846396161558,1.65245675671518,-1.3703697584769,0.856507956194962,0.998965723569947,-1.40857748893137,-0.536524535121952,0.425811663313079,-1.15037598537897
-0.990424242303741,-0.684232343375921,0.0262396817563467,1.94320766577263,0.0399378706815258,-1.63204047783569,-0.650887192874567,0.0209596499582954,0.529267844936141,-1.14405148536669
0.860572273957995,-1.65513876101373,1.82028723017838,0.255751187988925,-1.23685456121011,0.31523944997503,0.400789652421402,-0.951923689277945,-1.55370836125536,-0.993923336336137
2.42730266685259,-1.04132318395498,0.305638496949687,-1.08560430826703,-0.430928497410154,-0.18833259247657,0.932978269742777,-0.126890570247211,-0.672578086309819,1.79103535430808
0.203190811898653,0.690725418775489,-1.04181143524325,1.3428542339368,-0.459947294960859,-0.942822344264037,0.0843078522311956,0.00491361797519945,-1.3008379096694,-0.717700311118814
0.964398380792737,1.27442524067252,-1.53575798358772,0.45973192462638,-0.283082745587802,0.587369159844112,-0.468558957811134,0.857649988874174,0.0509033984343315,0.700214406552682
-0.00468916680740849,1.28332595773593,-1.13880584122548,-1.25192641340494,-0.0822396091262031,0.505358251804758,-0.316701295215154,2.28848726200561,0.635215412866958,-0.798305231834026
-0.0772676637963077,-0.507680354194798,-0.425597779214763,1.12328643614894,-0.407750625491096,1.05734950727519,-1.6712282892948,-0.226391328660228,0.197397930734219,1.33081058164448
-0.430485610475991,0.0627529027997081,0.666598425075071,-0.387288554007862,-1.95387010222485,-0.322649298232326,-0.728423917308037,-0.00657088074385397,0.872631581987983,-0.227704450347166
-0.380221596215044,0.650458238702636,-2.1583282434556,0.72223108368749,1.23352837430566,-0.142514232522987,0.234778650968265,-1.53167128615812,-0.0797091069162371,1.49020977304541
0.484735359397441,1.02487896497731,-2.01627327143592,1.32956743904784,-0.303357244639554,-0.778654731410543,0.204677600281594,1.39333450024851,0.829543255706612,1.63462987757731
-0.554750935413561,-0.455524755760822,0.88645540103682,-0.0576085019696184,1.64386095900389,-0.0485539572566903,-1.4074166326475,0.412290925116163,0.199791533135683,-0.617997969098187
-2.98875927603348,0.883254674870175,0.907947068985369,1.40132467142603,1.05666566026641,2.45195510303283,0.612700270751436,-0.00313957114294291,-0.201669258276653,-0.660870380290553
1.24952361498169,1.63399434087617,-0.351663154186217,1.11413658605729,-1.37193875844655,-2.77241517116638,0.340908132587091,-2.88906394570341,-0.396879879545816,0.748053818548905
-0.489608369161537,0.36357247095871,1.84984491475051,-0.872907340158896,0.631947872899926,-0.585406322113354,-0.025131595331171,-0.711380167008702,1.70770877819476,1.0062694035245
0.0184080182271587,0.442315786043481,-0.1432465557089,-0.227958527374118,-0.823463862088623,-0.802594544160322,1.31171407789655,-0.90797254449285,-0.395186092689086,-0.493801674149336
1.23584161926565,-1.01369603862552,-0.471108933075712,0.0729423401629802,-0.15473000596194,0.751805144711635,-0.328444271515212,-0.515570446661342,-0.967324246849115,-0.247130581685779
0.663719485331037,-0.478726085736452,-1.01501808289364,0.499448496384468,-0.788176027665817,-0.482316720255703,-0.674209841018508,-1.29646577394697,1.86300011109023,-0.670679803794384
0.298388241810441,1.43556413566575,2.22958697805582,0.972842062461312,-0.754421673639557,1.57343629735214,0.0634642686873166,0.45374902012854,-0.273400465025628,1.58007146688178
-0.9763462262359,-1.0525192833345,-0.395169958107769,-0.920050349214374,-1.68846760454102,-0.856398292607046,1.07269993082827,-0.147961043600528,0.0390055335904436,1.0600165742309
-0.29951035587314,-0.310405039107496,0.903194079460097,-0.828653394708655,-0.143207106652404,-0.126391314468118,0.838035893762893,0.850274957042713,0.527691314669788,-0.658063398239677
0.548784229612121,0.00285918155430467,-0.325976588627427,-0.809263093488292,-1.33173565632621,-0.126192927705468,-0.00253374600916303,-0.434448982011153,-0.0335849446841796,-0.170345733029058
0.673973957361764,-1.57824363038209,0.251884831774079,0.0801273224175656,2.21790415322817,1.00724162308483,0.794100478399498,0.505674376564393,-2.22333267737823,-0.36757634099314
-1.01059424511961,-0.913374458007492,0.0893931095846988,-0.713310512601158,-1.35475270511127,0.418259293572852,-0.20237311081684,1.09691808701371,-0.932192496306799,-1.48766041647649
1.19936471944044,1.23722575144073,-1.26285847277199,-0.194503220303037,-0.108641518247826,1.9959212331928,-0.0314187995856004,-1.29631980125114,0.933233511787663,0.0925152154146625
-0.883415339842594,0.113124217059991,0.549384833488766,-2.04063605734423,0.877888120970167,1.18870937752722,1.65927788460084,0.311690695709688,-1.05378531868703,0.0109730364071787
-0.500086485621512,-1.17228316438081,-1.19252063278598,2.28572500279391,-1.42627029922348,0.531730122277456,-1.70810548343975,0.0351079293796566,1.04780036761768,0.511928761793445
-0.154851565527949,0.763180640553378,-0.593731276346224,0.840465467117676,-0.553121383562938,-0.209458182176077,-0.449433905658244,-0.221450200741841,-2.00401532840446,0.547955883188921
-0.2698363902003,-0.201412043922735,0.314252183968386,0.0958906776027064,-1.04992800725648,0.878394421821941,-0.757513269771233,-1.03239343066628,-1.68598174310513,0.796318256575672
1.21083466483929,-0.482369513403709,-0.357892015645346,1.35217844791979,1.37870525530289,0.0728448749300178,0.556901054291517,-0.799932534490108,-0.909446330482167,0.386819765108538
-0.950276763863995,-0.781406560569707,0.386515880653983,0.306952929641637,-0.323406950132493,0.540408275577786,-1.70304143030357,0.567032996833821,0.731757231528397,0.44857561131233
2.38289684781828,-1.34148174141783,2.50425334370139,-0.301687473631017,1.62228326640765,0.269614296351316,-0.209894462446577,-1.38313219048531,-0.443403923293739,-1.23486092569561
-1.19955722929326,-0.0114418311648274,-0.476197525478201,0.728155618532876,-0.474680548454976,0.656720059718947,-0.439713945168144,1.4363258017342,-1.80610169870774,0.578507348662622
-1.06105834103083,-2.00234012888052,1.20274909419877,-1.74232709084487,0.362842305601283,1.28915398850082,-0.405194020926461,-0.014798671821294,0.515870074069516,-0.752424916117057
1.18937615657495,-0.0700467001218492,0.736815984621193,-0.70467686788882,0.0883420684605974,0.316577680742458,0.885043613694282,-2.24246769026225,0.218788799835275,-1.80504606868047
-3.26172037823574,0.0800891537123404,-0.465989401433667,0.518341874204154,-1.04319297196018,0.576342099096277,0.934746181374818,0.376472531423033,0.555962375652244,-1.25758174401093
1.50708695121717,2.06220085116193,0.137278871817578,0.113486682610816,1.35878079960055,-0.488951904292914,0.747090417154746,-0.788765913106549,-0.696172579805438,-0.926846771063947
0.162754854832522,0.8698740294317,1.17937605587009,-2.78560370641112,0.052583250852339,1.8958986644262,1.00123322797219,-0.492352535393048,-2.08107400698844,-0.217590718275766
-0.782778542585593,-0.366072391711033,0.226163860714006,-0.0886252938900306,-1.15921578970544,1.39057960999694,-2.03460506409584,0.292588093555791,-0.0121784287482566,-0.124415906654989
1.46040345086614,0.362696680617201,-0.17465019365749,0.530151615083841,-0.316541584562384,-1.15606554381672,0.550482899747525,1.63070108887072,0.441321879974972,-1.7389576505671
1.35013264359274,-0.130089970231694,0.750023332967502,-0.859456481482893,0.600087431974194,-2.9176719592938,0.451882725301554,-1.63359080609057,1.31056541105978,-0.486079748127143
-0.333024783775475,2.58412813957581,0.834453354571181,-1.68667874808319,1.10799086887355,0.375027581797256,-1.47232265599659,-0.349214731178086,1.77335074698819,0.63466733850183
0.190916669110822,1.11915196580863,-0.831871221584357,-0.502059360475188,1.04198141782304,-0.314877696257155,1.01874729956344,1.60627937012307,0.768899150295427,2.35787238631842
0.584259487792129,-1.56420287488708,0.415497805087323,-1.29456421135556,-0.697641765296028,1.06862203762517,0.0605046737835402,-1.56469536619506,-0.356374021758277,0.142055249266047
0.626394730517682,-1.09008918910251,-0.680630045353559,-0.733083690718738,0.654097295054106,1.3049663545316,1.49059672175663,-0.346018425266153,1.19368489072473,0.726451930076586
0.0480461949213396,-1.34124646124285,-0.822463163802137,-0.374492536745643,0.585491090152911,-1.64744023079546,0.937600514230623,-0.942067359939739,-0.356221545136392,-0.812320921882222
-1.47451635080059,0.862559823325418,-0.870913359818741,0.282098581200896,1.0954074123908,-2.4559819491494,0.421473625771716,0.10321030571819,0.53575275984358,-0.387177334548989
-0.710442122007255,-0.636500282759152,0.484022626592033,0.291393047684449,-0.948808664703727,1.47702272550862,-0.950595693845957,-0.531128946662851,-2.06455763456038,-0.430125734221284
-1.62428718738984,1.14638410366913,-0.830104496575594,0.235061666542875,-1.18214124534024,1.19651671800147,-0.621683574926966,0.191368927780175,0.838817935561706,-0.467840740322155
-0.591279950814338,0.875289555307147,-0.32695673926363,-0.0520555867116047,0.847688399124952,0.299539997168838,-0.245373947395873,1.55869953448706,-1.11287214130372,0.851746063919024
-0.283684922181535,1.90677201799898,-1.45047593649591,1.05997425800322,-1.49646485850249,-1.10922133382439,1.97226759672142,-0.259583360222244,-0.0947018405946455,-1.56806134831386
-1.3967574353154,1.39757741365303,-1.40363776601704,-0.688215818144194,0.669747778316919,1.11124660191296,-0.152076787842908,0.490849879801118,-0.936787380639162,0.067396242094536
-0.605401106824786,0.688288477652118,0.421476991709766,0.00198933350386082,-1.04282825487107,-0.84338691135298,2.08833179576136,-0.957079153482441,-0.924067477893536,-1.56315642535148
0.371541661347171,0.479715210318074,1.65256884288377,1.16965796076202,-0.248138412456695,-0.142026863297429,1.48748442109312,0.148147612126597,-0.693549818063765,-0.149570954468909
-2.24227265540208,1.76045335247736,1.19667207929821,1.07785516772493,-1.05142733699835,-1.35781928027787,1.27119155449422,1.61581816922085,0.817570977892039,0.815093789376801
0.885339393735768,-1.19828628355395,1.50841268612834,0.650680454825541,-1.30362868398501,-1.9608260885103,-0.938195169144919,-0.459735109647641,-0.0725218730954993,-0.349051017326424
0.412666341949845,1.07349460514123,0.673834032237652,-0.0146046290822456,0.0163095377477346,0.661278389354655,-0.673723364102511,1.25751742114554,2.11685480319928,0.760571833595685
-0.191254686372412,-1.98579202152122,0.573783671606604,-0.0941767903799087,2.37837855563151,-0.929323935064431,1.13756093653139,-0.369812024420908,-0.238275850754041,1.22099306394599
-0.356672182489737,1.27647473968025,-0.376158589335365,0.618242365817085,0.468966148461697,-1.45212665535296,0.833639125169084,-1.5019248988101,2.22405002681732,-1.07388232919836
0.866885524048807,-0.298209612023077,-0.715421996143647,-1.1112171133241,-0.398031658714696,1.50610956142534,-0.190103434950596,0.981292493325163,-1.07062882906338,0.670859293907943
1.55692941395608,-0.474286678358187,-0.446440158581701,1.44056558151558,0.241706124801018,-0.536248109139694,0.0618979608358069,0.0613525327569097,-0.687863540561762,1.65368868596685
-1.52846476356227,-0.504050996759127,0.686637986477219,1.89505567993425,1.19745397312943,-0.847824960911317,1.94148134784226,0.597958258794625,-1.05279000558267,-0.265696061323929
0.144052724812082,-0.706350072341494,0.719353335091552,-0.245921896902838,0.289293323869649,0.965835567714672,0.545327937215445,-0.716884511232127,-0.545953500610743,0.254205615952546
0.479108181862103,1.06316392951583,0.580272455740014,-0.517036141083771,-0.857896053354141,-0.510269858235725,0.287846177617183,0.735515731120694,-0.802858966453924,-1.68060224587726
-1.53772023868488,2.37284448468152,0.0254318177723152,-0.441579919622137,-1.05103879328287,0.38471296508747,0.371786420431716,-0.714189104308255,-0.797231905178895,-0.455796243163464
-0.119799629452113,1.60795788421322,0.0665167252098941,-0.121401619129977,0.459580658694333,-0.0179949941278369,0.0663777517531798,1.35998819317362,-0.833453864581461,0.659246055579705
0.966847760759731,0.345619791245079,1.2226402043424,-1.39802155885028,0.709688438012863,-1.40208411468117,1.32434227815479,-0.110289901594372,-0.792023559672299,-0.436854189247788
0.96531863756149,-0.13130320092395,-0.924000341034306,0.0841861413403917,0.765764835345926,-0.811624336745425,1.02100649424772,-0.321829486762972,-1.4415330689698,-1.11375945728035
0.565763819934635,0.479799184021625,-1.00995702806854,0.0516597187779235,-1.11103916273077,0.249438413250588,-1.73448822570128,-1.12440138154192,-0.449983760593822,-0.0546101679093591
-0.878021298799225,-0.121523636372602,0.707286940598603,0.620688967487846,-0.890347243738606,2.30983488760253,0.330385100800332,1.16654275430044,-1.20216994087571,-0.975394502154004
0.708548446722505,-0.16763390092907,1.5534769148632,-0.900136571799687,-0.494591476119203,0.850035419734883,0.990881125900795,-0.75573459077329,-0.421285445458483,-2.2162516675459
-1.28627705176801,2.90780021634881,0.545046465430685,0.509388723231631,1.32113356592608,0.250315258690977,1.53520261970983,2.44637587418368,-0.326348931896887,-0.353024617305081
1.05769255803769,-0.0162231823085143,0.0556082611608727,1.11287164802957,-2.45477620451942,-0.67937413078885,-1.31254294888351,0.53672707594948,-0.336535475406535,1.85282509271802
2.19312736755457,0.654829988755285,-0.525415087047637,-1.22296391531641,0.758242116709732,0.273582971554364,-1.39124628719035,-2.01203558924692,0.324089153324113,0.43489834498354
0.323744858644674,-0.333604231161376,1.55698770905878,-1.49857506598095,-0.985644860930331,-0.26849907846258,0.628492181343072,-0.572617027124266,0.557309278966342,-0.175270449643695
1.67517648644503,-0.943092087824824,2.24776454586342,0.869346913078959,1.09782130269319,-1.24811197525046,-0.194577969286069,-0.331351923025471,-1.5936306158681,-0.969732287733475
0.0729295360292737,0.642541320666344,-0.613277663365496,0.555545210627489,-0.578112658998761,1.71424018016376,-0.312588193015168,0.464446792677819,1.37997982275547,0.0879424779947671
1.20271322576151,-1.06865494903162,-1.37383246586645,-0.515259198189363,-1.45941546420133,-0.62405244924942,0.701862024282023,2.3188901455776,-0.373874878644284,1.27328079396374
0.68414097242562,-0.723583938725367,0.945671301013226,-1.47106924965455,0.626453887389813,0.236493183241814,0.344024580190138,0.121130126575405,1.56144404883897,0.988188000164231
-0.257138177354534,1.14223142330389,0.931665294267808,-0.855456125897004,-1.37388554235936,0.320836360997551,-2.70172702825068,0.632307088001927,0.5074944864106,1.30191004250555
0.773034657512577,0.725245270304582,-0.925456629808618,1.00189697239819,1.07230815925665,1.81715722755833,-0.302945194490254,1.68089099671053,0.100000491262833,-0.747819701660895
0.498013036287707,1.010654015833,-1.07166316731421,-0.0543718975998694,0.684529199278726,-1.87030534079532,-0.496014984920317,-0.688972267955623,-1.07657469762168,-0.75466196859091
0.442558731551592,-0.417190340612667,1.30663113956527,-1.70712537641946,-0.337811229895837,0.904584434360523,-1.08360852878621,-1.78483303417769,0.00229582372401667,2.56302916296816
0.265791157434124,1.55402968690674,-1.07416183942408,1.33336481382626,-0.13002955046183,-1.5355377505037,-0.992379793864058,0.964461191381139,0.869567128008304,1.02544983741512
-0.0576326730921512,0.418220982123209,-0.40583495872665,-1.9756595844835,-0.270546870532363,-0.307842537031134,2.01665714151624,-1.65291073749828,-0.0762019177782346,-1.03879056977925
-1.15569401505845,-0.711167280097739,0.637875188186554,-0.45985869452987,1.07625803516234,0.659706751277528,-2.04967389022302,-1.73731345738322,-0.501347078619864,0.124205449876829
-0.0595683717724684,-1.21332726821494,-0.679308582907864,1.18301201411778,0.554801829428658,0.910226184772595,-0.985319253532291,0.010916770119185,0.408980825952233,-0.110318963819978
0.60444384510803,-0.804977323912582,-0.0870840673418724,0.057300434774891,-0.921600824857244,1.07961127396428,-0.670551951608674,-0.744935951060263,-1.44323583763855,-0.942363392508191
1.24815009138382,-0.737643043280794,1.55963108868839,-0.575523852282006,1.64916107121881,-1.10621889294573,-0.870823660165958,-1.31725229128668,0.705454027990104,0.165396553063026
0.072643648787496,0.303878440386423,0.524221320928826,-0.242244707896376,-0.435378797499505,0.0415440531615328,0.728408781778964,-1.15813467168489,-0.645190894745247,-0.664383811668502
0.508019016447782,0.293328927861435,0.0232686681823592,-0.925316008061557,-0.267831779356229,-0.900322468624032,0.4342630740297,-0.54603485669137,0.128690943530757,-1.70674293200508
-0.310147122854664,0.977853277738078,0.012036609961744,0.131198605074144,2.91809380983574,-0.194692310858549,-0.933865580002676,1.04035478241339,-1.44450740258045,-0.0504839180166115
0.951152965670532,-0.689610652403872,0.76533131275258,0.87976804747132,-0.921358479382337,1.52857337346555,-0.570752285771445,1.76013664586177,-0.230789107589994,-0.276154704139226
-1.08739291289033,0.26185147673234,1.64987695137902,-0.950208081814054,2.87696612516163,-1.23627334292057,0.537866981165948,0.789020240012794,-0.270238515007845,-1.3586094479174
-0.155858687259721,-1.37133882385794,-0.19088271328456,0.146833748165705,-0.932706713397867,0.130953051088866,0.566224759565851,-0.40888599783535,0.609666724824074,0.0215527734010554
-0.382784345943069,-1.14940512956217,-0.430963365093937,1.77105828711367,-0.982748433894767,-0.738177041956066,-1.09083808380844,0.902624399492526,1.71772118849657,0.669964080459237
0.315305647347289,-0.268839501400764,0.646184532903935,-0.554608086379581,-0.357141069299714,0.653120906495354,-0.845687348994805,0.739954014185205,0.796962193666565,0.389658174668592
0.00738391490601225,-0.0590919806386812,0.627831507219092,-0.332993944675696,0.0904314168800003,-1.73252548972335,-0.891044137768687,-1.64927626635208,1.57974459084178,2.11970067428843
-0.899596943179053,0.808083678150934,-0.485157489006927,-0.32571823544635,0.567295327471756,1.57372712064165,-0.111863364969732,0.360786608084665,1.03010364670845,0.651066554414945
-0.718803864279063,-0.691904756813485,0.804556890339523,0.794246321348596,0.605810684025309,0.532571418019458,-1.30811322989538,0.356152277208497,-0.685450061635653,0.290706540412882
0.480471274289525,0.547601669252655,-0.300751625815273,0.145621024624281,-0.428502046017403,-0.224154373240208,-0.526581202488747,-0.472673829924888,2.11521620783302,1.87005978281012
0.0259505876894266,-1.34573871869868,0.298080903257691,-0.590771673558392,1.44450227234466,1.0722219208833,-0.284917570059413,1.32358942068213,1.1404850721803,0.224030608003916
-1.45032109326924,0.992268660439802,0.608040449940236,0.897358970866572,-1.20291536681059,0.785674837738249,0.629080681247845,0.647101035808019,0.512071088454501,0.0529870573607797
0.626910307686947,-1.23445235311503,0.738835942117391,0.0671684376864428,1.05796217031802,0.193804058588838,0.859008168914731,2.07183929301711,-1.00184823613667,-0.754283467190434
-0.424694815268274,0.111243582569145,0.733957286737255,-0.561966376413301,-2.11561344748067,0.853651317292452,-0.995745663759517,-0.719148344347611,-1.68263250136497,0.368581781873851
-1.21954630514883,2.03926033322318,0.88753076736571,-1.12199504165721,1.06556946906041,-0.0655655680418229,1.76660021059018,1.75091087515401,0.706462540228868,0.78196207969364
0.174809717165254,-1.13717023572958,-0.939023796142514,-1.32380828595945,-1.84047311306631,1.97621071779834,-0.681723735909844,0.972873413989028,0.161115727656908,1.74604095730064
-0.648736583309505,1.43584026689326,0.0385892266591869,0.0892741826877492,1.23699514032506,-0.0157671944351109,-0.99105116524694,1.93075563180806,-0.748473716178429,-0.409912996203607
-0.00852902271048861,0.235645031607041,0.406286122292034,-2.61415972621231,-0.658178487466116,0.173339558281741,1.33166349613826,-0.60302604849335,-0.0607302382240755,-1.19043694170325
-0.489641656486948,1.90638500225311,-0.960744584628106,0.148534976288672,1.04816568137591,0.447394239714572,-0.733963805121091,1.12480050781828,-1.32942777513676,0.413041030256692
0.286537450596992,-0.64111420437171,1.58520645279191,0.128439297277935,0.666049688411925,0.367453716876028,-1.95960498911528,0.213131106042002,0.810704333249528,0.60129244638304
0.477510643605864,-0.272833008354992,0.435180698193137,0.565143587133535,1.55225352446355,0.939118820939484,-0.850594990975445,0.655671848898361,0.0802441093305076,0.175708696232183
-1.72754095981734,-0.871840354088779,-0.125529626154185,0.181163939261914,-0.736250650661315,-1.28884649880355,0.485576503024419,0.853010219581402,1.38595131386314,-1.55304048120428
-0.265499884788271,1.09703682584891,-0.84465240207109,-0.558306290334127,0.0806187898485731,-0.0917343271948745,0.154437095405174,0.350724645439469,0.182613500229168,0.710809192541032
1.59491271265995,1.01294213417005,0.479998788081878,-0.950496341785442,-1.2938803914827,-1.24644071013116,1.79997961562027,-0.481144873758643,-0.352092732473178,0.685362591658602
-0.350374080386317,0.167125177641111,0.122990089190719,-0.509205882453879,0.981512126126713,-1.09891297447683,-1.6802633769706,-0.622546848001196,1.48614837899817,-0.907751277549419
-0.176260927189867,-0.22674469611969,0.698727878194442,-0.897879623078497,-0.106512241902738,-0.83202080377866,1.14008023643987,-0.711653625705877,-0.370303897545304,-1.56004617640201
0.184442634167859,-0.130782122179279,3.13569399413779,0.261875404877106,-1.42136229912932,-0.626807422719524,0.0534920624713152,1.27503597900126,-1.4800044082739,0.203972301381566
1.39216439188444,1.9572898857579,-0.120203036880846,-0.753496994294646,1.23528742046384,0.811431833539077,0.493694403022492,-0.310279065051777,0.358298467874802,0.381927241260639
0.0616122949504883,0.326955870935036,-0.823759115261648,2.08406906055276,-0.830104457232813,0.272921076452528,-0.41334854505845,0.217010888642333,2.29922661695978,0.280447573000801
1.09196373782794,-0.116413039341824,0.282307105815058,-1.07271834896564,-0.597816473841075,-0.198805465357588,0.143927499532237,-1.68533881172937,-0.494908313529276,0.892777613399307
0.134898715548272,0.201683956742895,0.43143297739797,-0.708926936682639,-0.0936565147389794,-1.39645589856965,-0.194530901445239,-0.153222123998079,1.43765658206173,-0.851561794844501
-1.03202269061621,0.0132909876099922,-1.94800434101584,-0.350617741236159,1.36487001139102,-0.660422597810391,-0.253161985787662,1.11789427167848,-1.41803285939226,-0.980503822516494
1.55439677730394,-1.1583980064989,-1.12968494289985,0.0962777280188146,1.13709066621882,0.0799061567384868,1.07687894315156,-0.820321207763421,-0.573553800243291,0.36383975519386
0.677168840381291,0.0363238110244826,-1.0528694779501,-0.526212263187939,0.397987114200826,-0.32989442341017,-0.325830971133012,0.0328237197515705,0.25577930995761,-1.52867040654711
-0.514117269914884,1.87802351177031,-0.447009503415869,0.633931294680979,-0.957701606239418,-0.577343830072589,-0.284099530565261,0.0518375440809554,-0.810716141659343,0.257922219837837
-0.750555164994987,0.337463201829319,0.467845235960464,-0.174328659304448,-1.22743325049227,0.326175036543993,-0.786044002084592,1.47698007750684,-0.483482887934888,0.213713460538213
-2.22012554286163,0.0616476735324472,-0.316394075660609,0.732475146549305,-1.12519997815134,-1.12367129601039,1.23223833582831,2.63022348774556,0.0265296754537578,0.255889795259843
2.15957354829872,-1.51520003503878,1.43090495276793,0.804574811105774,-1.1424538729211,0.994387603469029,-0.0536185895730204,0.460507012202698,-0.0784550134337665,-1.96683456165451
-0.795909639412584,0.0357966203537546,0.318955945930793,-0.747585005108443,0.89330330945515,0.540210260885444,0.629495397351864,0.0508163067362808,-1.10065928949343,-0.908097047861806
-1.07129407790256,1.2334744445132,-0.342844157306381,-0.505904973748425,-0.977612396899906,-1.9156985517353,-1.33065502495551,0.710065600754407,0.733842774743191,2.69705991744551
0.480502022123625,-0.93242322667445,-0.207957637104994,-0.464999958119498,0.338487843511544,-0.171791079426607,1.58261844689033,0.0914670028047336,-1.24072848463067,-0.659257465890595
0.637976681673279,0.482945180433381,1.0948102287832,-0.78226858524499,2.04101323664087,0.350407196985752,0.541515492965479,0.54828773967448,-0.379957984088527,-0.658276064676702
0.792439268982563,-0.136404466874159,0.975885855390721,-0.0526526641162831,-0.80986887595308,-0.608993370549291,0.590997460214361,-0.0510066755547623,-0.266406227750415,-0.00968513691669395
-1.37784527806344,0.969870305138908,0.173876118334828,0.449882021350509,0.172334103551039,0.567197763276633,0.65878023930044,-2.02139027512785,-0.313210639826601,-1.42341114167125
1.25863438196213,1.89544263975757,-0.873591720194015,-0.942962280659757,-1.3345679835043,-0.657131125089051,0.682586767117697,-0.0219212093930133,-0.213916216012739,-0.0333805066146104
0.387549672623914,0.801892345914687,-1.151600854022,-0.924923308608286,0.999811819513684,0.335864779281596,1.17916409036416,-0.56888770822747,-0.65116951707715,1.20282672542524
0.510332572928397,0.36042378430303,-0.522667944232197,0.544202227222694,0.239769274989617,0.545239898884082,0.0675643764071237,-1.30187620987899,1.79801325364926,-1.08699030612105
-0.275267744258412,0.687806935317501,-0.630226429229188,0.807563494086827,-1.44940422978103,-0.639228024894138,0.206536058932844,-0.562167443637245,-1.7374280322349,0.982475629321614
0.0595883762299848,0.601275000729108,0.103165767595457,0.70250928216172,-1.93949901474729,-0.108297209312586,0.542852132597896,-0.239729434016361,-1.80570271208426,-0.193745965122983
1.04435600411264,0.292020506421055,1.52144606563406,0.249732344566901,1.27243556538727,2.26585007055925,-1.85937798502537,-0.138728498185883,-0.287780154323698,0.0468026864443935
-0.521277956373107,1.41452016217385,-1.55311181090521,0.838515219230029,-0.722910973750096,0.438002756364084,1.12825553043881,-1.29058297300915,0.370153724715337,-2.08264343903331
-0.450875439526391,0.127219021921877,-0.9401925182565,0.143870208139538,-0.863094650660203,0.677683399044141,-0.030235828178499,-0.0732462603889532,-1.14524324462438,0.225822339291042
1.1808666551369,0.500322134102856,0.0936996821073935,-0.104271582268219,0.782126326021886,3.49322497683295,-1.8089416882516,-1.36203128150542,2.01093423249534,-0.460839651766634
0.295986497411157,0.888305121140099,-2.48815995655566,-0.0610053204110332,0.642272548923811,0.590319446999671,1.63203707917422,-0.26882724793972,0.286195516497998,0.273214415582673
1.3128124179353,1.07412533022704,0.590750233153467,1.20862594297657,0.80854460339976,0.561506525788409,-2.70773127738176,1.14996261433314,1.76622674033038,0.0890251172556501
-0.459882338696699,0.309741786311957,0.142707775722134,-1.42221839027455,-0.234412205146592,-1.40906407873288,-0.11714534770187,1.22033976199675,-0.524261243256221,-0.246935956351299
0.641245969945343,-0.235775633673852,-0.212223797012606,-1.23811747666404,-0.0768335651033694,-0.501609652333593,-0.11958416496853,-0.0961877210810497,-0.491147659020199,-0.872452228637662
0.313325229487118,-0.200301252508204,1.1705825298793,-1.44652505259103,0.414598910327032,-0.411263667751361,0.113114399196383,-0.622375960865955,0.461215339599996,0.113513073958775
-0.111908645198503,-1.96368603166687,1.08895003547472,0.0451377396801135,-0.453412318924883,0.782907729206274,-0.0663577844437626,-1.25534991979054,1.15946499704242,0.0835548357826871
0.479813277802914,0.377010827902624,1.97505649611275,-1.56533169395687,1.26886194128096,-1.83641378124729,3.1229227492272,-1.61683312327831,0.548803457475927,0.0941089650060982
-1.59991682395354,-0.877919476014192,0.105713990468515,-0.691353580402074,-0.697027897854354,-0.0564361407611434,-0.493685690580024,-0.211424569336278,-0.93289613316414,1.19039761718245
0.431773511911107,0.635734497629058,0.150111932320786,0.926771586141684,1.73085372165504,-0.112012624717516,-0.457088855709482,-0.873737453400662,0.392421307708085,0.528935930721754
-0.491151051978565,2.08999962173539,0.0573611676953335,0.240659179679044,1.06530345009067,-0.0893329887846666,1.30625633206824,1.42559232487512,-0.605674001447199,-1.66877743084526
0.366314523608082,-0.22564442836687,-0.42091740898478,-1.26984281479123,1.01174565736254,0.691403378383202,0.783946103277279,0.459679190779859,2.49048624332301,-0.103545278433201
0.525933341051183,0.784322179460997,-0.43713086293474,-2.13612728641181,1.29594748612188,-1.42532060212591,0.457734752750706,-0.150744487752231,0.334609533538011,-0.935678566052265
0.457534704415732,-0.233362168822312,1.87459779215974,0.898221853643975,0.59007255203121,0.737109996765958,0.194699131372019,-0.840493279057278,-0.922714574198169,0.293167805127232
-0.435691120031042,1.09864196777461,-0.881450109148042,-0.06709824523043,-0.969340000032638,0.252068160330771,-2.16420356898948,-0.0193786990621788,0.385683385967177,0.754984632073264
0.477959408358118,-0.219001519131453,-0.752944223414794,-0.318955993445758,-0.1712373568983,1.03472945252116,-0.0448170477448092,0.353523652015009,-0.99381372118479,0.697660919660533
-0.969482092309175,-2.33984321711088,-0.864353752966712,-1.63289485550053,0.498556774394543,0.910550204270604,-2.22576158501871,-0.031128162204522,-0.841436979207109,-0.0215434958556471
1.06273743854272,-1.00293102506057,-0.0811249903350452,-0.618600063841818,0.855495369652221,-0.64861441342714,-1.31531212957985,0.206338022218358,0.548682250645764,-0.618286865396067
0.441424749523211,1.49266485395624,-2.49801170165136,0.747811857213755,0.582561079249814,-0.652252458675857,0.886936118517329,-2.11736183898955,0.367544638744251,-0.271183155951812
0.567008533508406,-0.869249818908483,0.011093598903572,-2.05235491098004,0.570479761156934,0.182128296156982,0.66264161236046,-1.52292365660163,-0.849836950312899,-1.67531984062119
-1.61574603933535,-0.820879125176623,0.662414595414778,2.24507856532163,-0.513777547982037,0.546683449702398,0.353354706642214,-0.459643205869257,-1.67620458826203,1.87159616631408
-0.664482301839908,-0.0988317215664378,-0.333019855406453,0.118507820176163,1.44537750408945,0.757783816859331,0.357202608684965,-0.0174272970461062,1.72852194256498,-0.0406312046011044
2.71085921063054,-0.318582392506008,-1.55601271405647,0.623293248981326,-1.05807324808203,0.683012310259963,-0.611289881558185,0.811493338278593,-0.202129563295747,0.574530664630413
-0.57541944881423,-0.00863656992506461,1.07909835598488,-0.713916047109792,-0.285172606491595,2.51195288934085,-1.89638706134555,1.09695909747106,-0.0693962284518929,2.3975700298729
0.0184891882197534,-0.359358607294494,0.196601847210264,-0.970563538460529,0.567516008021478,-0.205319594859966,0.80906254395363,-1.60242464401686,0.598246643891061,-0.920134366474259
1.08121596592345,-0.33573959564668,1.39560669113095,-0.17003912743558,-0.20710226463629,-3.01128842783807,1.05922912154812,-0.452807972632041,-0.71297370091538,-1.1941359945181
-0.557163558917793,-0.205756130339537,0.252737702393589,-2.08883451337643,0.169877138031376,-0.48015976394339,1.60193360465232,-0.24607281778246,-0.0157637874878986,0.267583697998397
0.129185913913986,-0.0444105823848816,-0.737869899787173,1.49545463093933,-1.00202025656454,0.551894253094952,0.0863793154247258,-1.1334507327416,0.345183746309644,-0.832137388184871
-0.69922720337413,0.309392559970848,0.388433549622178,0.402938364904436,-1.99608246491525,-0.381582147308114,-0.971586721050321,-0.38954226439791,0.931995436070427,-0.714672336111513
0.71099719047829,1.32841532371525,1.51962563876641,-0.663233015528524,1.80620538055318,0.0282040690103173,0.151140028658046,0.631330222623601,-0.79289417390799,0.359127700454474
2.23372891156363,-0.668821236769528,-0.736657960395304,-0.834078900123006,0.648377331277151,-1.52242466104858,1.17609211984966,-0.261477473520384,-0.36220592170202,1.09460002872096
-2.48121698025312,0.390544469832609,-0.310487081680848,-0.520275301330916,0.315309587552518,2.08772133768212,-1.18889754066551,0.753454478709282,0.467365958822392,0.211827170833161
-0.522899086848027,-0.853461187638693,-0.0261786790951897,0.464216921802728,0.329922148860272,2.46570498910126,-0.492244038191374,-0.44562260782247,0.462169422924955,-0.138976158518583
0.468258298587329,1.97619690039484,-0.833035003241019,-0.931700647971115,-0.350282725856435,-0.438782182168727,-0.106971556231596,-0.737487316775842,-1.82257730853101,-0.394605795945966
-2.68919020916627,-0.687052467359882,-0.213040260703167,-0.253051595593599,0.131861976195035,-0.085786437671747,0.27415142395694,3.89424545413202,0.0969152851753222,1.13765508070715
1.83804215422938,-2.08393254265589,2.02996675189155,-0.421705068826999,-1.12517664248765,-1.08034937359987,-0.707419130664508,-1.9019455438595,1.02608663213745,1.6883688970534
-0.528248288338914,0.537113766080632,-1.5598461402475,1.7742193719035,-0.135070069429465,0.490276990758651,0.575416776616634,1.02322443904173,-2.31417271693353,0.551637501189233
0.478348028722509,0.72671624019726,-0.275890499564883,-1.10395161796102,-0.21641771726559,-0.682493151955696,-0.297822230329692,-0.587204139128661,-0.980650676372355,-0.914086484652337
-0.247678773004328,-1.05084147179643,0.992493796268003,-0.326094501644178,0.154533065582138,0.788370650860321,-1.18859899470802,-0.928028788045365,-0.541837750777213,-0.00235119518869993
-1.81201515585363,1.10833671404849,-0.88497049203201,1.75846946909182,-2.3096670892347,-0.4960265112293,-1.02361870917778,0.475151137967936,0.458014128006603,0.080151767761653
-0.0883695946770919,-1.25102630831012,-0.11478949444384,-0.143495550985063,-0.686624066719512,0.857950160004168,-1.43493524768225,0.947106885074033,-0.327285947806552,0.762560780203654
0.469751798310623,-1.16679558456336,0.0047873100084242,-1.43453216139856,-1.58105421133556,-0.313420096434895,-0.995906699631908,-0.569281212656713,0.0201288159580751,-0.26912681249103
0.98099873064211,0.651406623599415,-1.61562119921336,0.220328751014403,-1.41012080426223,-0.022918977041406,-1.09386547525867,-0.971770049963998,0.474803540946999,-0.491699631330837
-0.394782730035631,0.326743149679242,-0.13205816255366,0.952884055123136,-0.0682540854374872,-0.249603371456043,-1.55795727585947,0.419780031498881,2.35452062005621,0.563008095780205
-0.953327369709107,-0.54668668646101,0.534396101892345,-0.370735954261324,1.08481708702727,-0.652198735110056,-0.116492520222509,1.33487996597668,-0.27316937025793,-0.456648567614314
0.628002813342866,0.496937287723009,0.870797184475572,-0.99638503674061,0.0700800525808236,0.196456555022888,-0.314136039259933,-0.864608991183751,-0.516778301975201,0.927218749201477
-1.92412862894208,2.0244192943231,0.586527152669895,0.677681403449424,0.463822312776783,0.665086052487112,0.155978740392178,0.869374002344736,-0.619441537462621,0.313971294055
0.171227911037313,-0.120154524781394,-0.379101461328611,-0.691520161362507,1.01616125549282,0.0220515314992948,-0.323450779015255,1.61644773429931,1.5481208834724,-0.623104261782544
0.291308235149915,0.620283834641285,-0.727761780815427,-0.115801418522504,-1.0532625635423,1.01940684340124,-0.475404904935905,-1.1034157424494,-0.433822636762584,-0.146540043315922
-1.46494556477111,0.749254654958905,0.031088389525226,-0.924279304200175,1.02807373324959,0.212142054077891,-1.16979616485325,-0.137311817173866,2.31372138459873,1.77487307705775
1.58579742587706,-2.33572682769445,0.918238991835489,-1.08769800921453,-0.586719480403052,0.125885858130334,0.584744564510598,-0.862542420562033,-1.6474604823955,-0.555657640438177
0.324624852929552,-0.0708494526493114,-2.61019425182969,0.919959485031852,-1.06122657364848,-1.66943533420261,0.529478964562454,0.0731580199247736,0.764729897988031,-1.46131920101346
-1.0029839086101,-0.298349676229909,0.334457744217103,-0.746362317562298,-1.16792973651126,0.93876329379355,-0.477949507282727,-0.0622746788657657,-0.999622476362259,-0.44014745281928
-1.53001091741728,0.139756979897205,-0.265352687048264,0.921834632949181,-0.132341704415912,1.20562862818831,-1.58310921694539,0.959453963069923,0.687644652971033,0.94948828310402
-0.652266983225326,0.157695278397159,-1.03223520644343,-1.14961450470869,0.364701451068659,2.51637513810965,-0.731708191407595,-0.339682107107134,0.549349144157702,-1.48097130691557
0.577664738135955,-0.55986224737693,0.189455634249879,-1.05864295136619,-0.420464263343605,0.313221729337772,1.85304206886274,0.377594146337132,-1.36058248646545,-0.241532783380215
-0.0988122736841422,1.99706580273934,-0.428317373112702,-0.783216055186271,1.50940497009675,1.12803529506248,0.169407183635389,0.968864385233933,-0.834169577160987,-0.011968233132058
-0.29267463381222,-1.70606007604286,0.979793230211378,-0.884828129798808,0.559680723332357,-0.498641090699408,-0.78848068205461,0.161994528404334,-0.726073738219719,-0.218360145495703
-0.381758956927453,0.395589352129415,1.49347253783729,0.0838077624462386,-0.821792527986921,-0.523849157880694,-0.09906790454435,0.291880956524063,1.05514177326124,1.00473068600975
-0.584777013255543,-0.9598589060498,1.27063667221371,-3.17093209742428,0.139982730966729,0.875220097764002,-0.368548996507155,0.383762542565378,1.11952626846591,1.36088776465671
0.723450032218004,-0.392132272920532,1.57542598933135,-0.172053955390291,-0.0216953055451683,-0.842661958004341,-1.48565347106707,-0.92871072718901,0.0537924428454343,-0.958526828008962
-0.845446383974979,0.778280151517395,-1.05379579108215,0.495991502565438,-0.0549527465096709,-1.04178623115736,0.00394023913593982,0.318458865014451,1.1768186018199,0.719651879346058
1.59661539793015,-0.976287185134783,0.0996110216627138,0.159666073077329,-0.146023100601628,-0.923219599344046,0.980225488969911,-0.729111001154721,0.166593866820101,0.381875294849253
-0.0497863563623649,0.0794548451999104,-0.201117477788993,0.331342998244324,-0.724419158333717,-0.74873266033419,0.977104117520159,-0.872396151734858,-1.13598057461247,1.324875763331
0.971822216195159,-1.03470430404021,0.0472085570920662,1.10655128484246,0.436766369710275,0.612801123773598,-1.7484054717403,0.97336486081317,0.932379387835871,-0.23153532683928
0.665241952877357,-0.797404927975843,0.037329324274404,1.02384079242636,-1.87212375743604,-1.14057561443784,0.540644011981931,-1.75019950087875,1.90358430407489,0.154456668035153
0.696905181732522,0.11058120115426,1.49684912574569,1.80361246251877,1.00543233911973,-0.986810350739367,1.64686094111469,0.349232084834326,2.32811816153542,-1.31411935238637
0.0813465593947558,0.145133615759584,-0.263443727846242,0.429407198446354,1.27547765789797,1.22600635358693,-0.805689450018936,-1.70428821220017,-0.728982308015528,0.644289352118241
-0.731566544020037,1.95391922124964,0.604531225254014,0.765189042697432,0.845770676960802,-1.19337680939256,1.2537890452945,-0.908056192327562,-0.190210402872697,1.22127545931181
0.542877917514544,1.90038154080184,-0.0442319579764383,0.285360271668192,1.41736447307873,-1.84871735241976,0.590981704476998,-0.323885510639362,-0.389175620818628,1.32219934267482
-0.973667622043054,-0.073886871167329,0.450832585499949,-1.59158120040251,0.939612794307082,-1.47331368084603,-1.06391286142053,0.204351986770072,0.273278709816995,-0.33841125451832
-0.711927111515995,0.985668877981247,-1.01775466394763,-0.374466515318144,-0.895329467232494,-2.01517698441474,0.252938296034633,1.55041650740724,-1.73320344754453,-1.09520676885451
0.685296583093892,-0.369999409836752,-1.1432402981736,0.731772025255567,-1.08889094435634,-0.0849402976571427,-0.318823994193228,0.291098159558471,1.4530674004346,-0.492863791329587
0.108540204526156,-0.44361293607729,0.239927657402962,-0.24149738491598,-0.576992833544896,-0.656829510453354,1.61869626481711,0.656682652258172,-0.433115539035208,0.782971300525876
-0.0501055082584421,1.39775287978547,0.277149997003359,-0.394843068630134,-0.228258672010103,-0.221001403939524,-1.6814241325629,0.199348064461058,-0.0786219434683074,0.867139364373398
0.816633756626699,1.31162604199215,-0.389612145501877,0.0439274398743228,0.323253025848122,-0.788185309828,1.02397357480641,-0.329911771407493,-0.544049382028513,0.861924667775554
-1.68154325151726,0.684095255156803,-1.09844709870084,1.624936227297,-0.122621629313241,0.357830799707609,0.83141198260081,0.309716595412675,-0.388267563913768,0.762518437817737
0.309740248993377,-1.99755735770578,-1.41894027071305,-0.478171561113644,-0.492095000001759,-1.5549089729708,-0.863366342189185,1.87787626590959,1.90050574491129,0.231318005011057
0.369698038056171,1.46464852739335,-1.02435302584858,0.904777006791226,0.765747308785966,-0.321889733999132,0.761910758520288,0.802564200160687,0.460580235248309,-0.319779692027661
1.19199895333795,-0.913214481267602,-1.13965083554669,-0.046134951074021,1.46143718834857,-1.08227076543252,1.61438585826218,0.551941711450967,0.407644003986916,1.11146587156328
0.277853741555548,0.0210860638934257,0.214299777382681,-0.4922061714391,0.45310997662718,0.0830497829495936,-0.796961362592239,-0.246034176176587,0.344266139843684,-0.153061758165438
-0.124710329954475,0.359572709291755,-0.205550086316963,0.758043182440803,-1.18452186007752,0.0283388029797876,0.0962357763623985,-0.37519486308985,0.871496198090382,-1.75552650576597
-0.426160868026697,-0.704673487524566,-1.00435012399543,1.68469781737698,-1.74263442127885,1.976706531227,1.01147584246097,-1.16083546549639,-1.56932941805236,0.302224509488679
0.696794788543365,1.10721414433501,-1.33137371663305,0.231241875543158,1.50809656407565,1.1291818501941,-1.87675122714003,-0.805655400262343,0.972304836030436,0.183895707532522
0.828683391202199,-1.98163871489837,1.10971723974805,0.387126294395217,0.563491921583902,0.940926353485158,-1.15383086186416,-0.65709570532879,-0.456498592749907,-0.0428726216086668
0.38272624914661,-1.51129281530285,-0.707836864996062,-0.405686777179377,0.752035242551646,-0.014174547921986,-0.159234672059242,-0.0339345646511207,0.345204632998163,0.580818623377418
0.236543312111006,-1.06604430241764,-1.1088813074664,1.16874506053098,0.834071357285787,0.400754165443972,0.909800642370914,-0.443482744298629,-0.273231181462487,-0.672687516161375
-1.73991184196451,-0.769772375689595,-0.892076244494315,0.0133251918673751,-0.0798053722261697,-0.625991362156229,-0.732295784226674,-0.624964410456038,-1.23036925173261,1.15737277545031
1.23889674928294,0.0569005875231442,-1.30412584334049,1.04965429077123,-1.18120220007198,-2.90320676278081,1.18503052516431,-1.03245316606778,0.471005948741176,-0.0819903634695704
-0.57461407406083,-0.544136137663375,-0.169681338966663,-1.13926528651028,1.22748532441944,1.51551218546322,0.764290992879246,1.2200311016559,-1.67899747849266,-0.967144323574414
-0.0636811290851984,-0.988346069771791,1.52048595972203,-0.484041518686798,-0.754038699642289,0.929010295837457,3.05070169841828,-0.111368205202762,0.468905137290984,-0.40829251674782
1.02691676756819,-1.44011145970336,-0.77887367849914,-1.42263894241368,0.520642906692264,-1.3718912717993,-0.454333695760419,-0.440368586220149,-1.04160407996517,1.28864890770176
0.678001037758318,-0.183316514519353,0.243398006809598,-0.0155418089808361,-0.806612276215096,-0.167956490325239,0.332992955593433,-0.280841939174173,-0.0941130703186919,1.13997281743868
-0.927182120181928,-0.582446135846415,0.531633494792758,1.98494681916055,-1.63208036243794,-0.259789816581165,-1.04833859761033,0.293494663245602,0.196059224046677,-1.24010987760746
2.04590208935019,0.0419880603589215,-0.534449921355232,-0.682518410364038,0.560148798335019,-0.395315290432225,0.628273962536833,0.286141535487944,-0.193629184919275,-0.888268479717288
-1.08914572595767,0.482001783275856,0.869708459219216,0.239742449244739,0.15189329986089,0.61274790601353,-0.183055768587285,-0.0997256958478708,-0.79385130205537,-1.11157282482434
1.94479075758598,-2.00897889934648,-0.24258144524384,0.31294713716307,1.0933506273142,-3.37897883502974,-0.246815702833854,-0.927075844671274,-0.764360653394495,1.6173193522954
-1.16601507540142,-0.222115835637672,-0.406385741873173,-0.52177505797905,2.311085661113,-1.10270661274468,-1.4070933128946,0.181219157806218,-0.492771923412659,0.68034073462696
0.682975148511839,-1.50480442568066,0.88368569641099,-0.776098396840791,1.11875152109943,-0.0382524916953943,1.13989709191149,-0.512912391132065,-1.79178391095426,-0.47566346938893
0.184767722151491,-0.991746852837258,0.0175470407558896,-0.392171126936434,-0.0489339310410046,-0.944691098122465,-1.11990816653682,1.28975753561478,1.638139173354,0.67828131532461
0.253904619877666,-0.938487884442107,1.14738323466722,-1.44294861813491,-0.762766059483119,-1.47053635421286,1.0614290028281,0.74405812373793,1.11655913684146,-0.334057400463707
-1.76625527003437,1.13370140025966,-0.825416833929686,-1.13445445206103,0.510246876769645,-1.28095637596062,-1.07933865434589,-0.581662259996881,-0.815664406349198,-0.168746509353938
-1.34045212924375,0.549182747727244,1.79670551500146,-0.535632389414283,-0.681552320785701,0.571706593328798,-1.45231359635785,1.06469279994582,-0.571791937662151,-0.2995316586511
0.0111761619519987,0.764394513571428,-0.683172118459528,0.953079544460701,-0.00146033423625417,-0.218770372170324,-0.96217213614335,0.292539791046413,-0.568515681409591,-0.262125227341151
0.531147031952028,-0.385139329650374,0.284630979274169,-0.402772798826993,-0.987017124018048,-0.975752782309082,0.568408797374488,0.426321934607425,-0.119648780945467,0.323101742549343
-0.506191195584408,2.30387020028333,0.257472444997113,-0.599225665460643,-1.85422620383073,-2.01999091098224,1.51043644912453,-1.27720534302057,-2.32468837231776,-1.51069746463411
-0.604852032256523,1.30186402015245,0.567383920119316,0.215372803801748,-0.909398136572505,1.82368471093201,-1.23211044239005,-0.73705948044943,-1.91454203031963,2.19362293378336
-0.647296639167338,-1.60066470797684,-0.0737908565744956,-1.52344783259757,0.183929168859973,2.20617844963214,-0.328668516164942,0.972419429498507,0.820815809554048,0.357560318037215
0.575162388520599,0.127981712708411,-1.84729372108055,0.0258709254214739,1.13969941583872,-0.723827591396151,-0.292186249236178,0.174792191792004,2.34880866568728,0.823918186685755
-1.71167203506864,-1.15909403059483,2.2275702561871,0.125243638869137,1.41971575876631,1.01716731490588,0.775268653391182,0.160807823771652,-0.404208943128895,0.381224757391328
-0.58981922459055,0.51016005878488,0.982057962397848,-1.34406010033681,0.917600076479552,2.11628043870952,-0.071194947117017,0.844180875343425,-0.434039645703696,0.420072800439342
1.36633191939711,-0.3466016909211,0.673755643249612,0.0125035770618294,-0.743173494806227,-2.09947260980753,0.657834175462598,-0.271012608680361,-0.316691804233081,-0.701000030138697
0.974442945922602,-0.358802537521114,0.0926737419982678,-0.143259822378283,0.0157110126086284,0.375775879522978,-0.170323348211902,0.098386825892485,-1.21017113917414,-0.383164003343977
0.924508769581215,0.867604437274642,-0.492951425943248,-1.31651093873019,0.451265224907373,1.04809752736277,0.47354504226069,-1.53859987991715,0.357165646409494,-1.00778907386179
1.28449793646387,-1.20755257747172,-1.00839477135674,0.0977597158443318,1.55512235858598,-0.916761061318216,-0.441625769779775,0.477458656222492,1.21313603575614,-0.341422053714429
0.441874794947951,0.113424087776659,-1.01846279312268,-1.21104632684503,0.137499280829819,-0.599322966489463,-0.358033629471125,-1.12078899141447,-1.1572808813889,0.02892311424151
-0.105475476866104,0.346520792187404,0.0551194580421932,-0.787227669642515,-0.419022099684761,0.619299140353925,0.512178709863202,0.701017602051441,-0.892101696716342,-1.60984813986588
0.440816194723934,0.431293458211496,-1.13857865317045,0.549850585392246,0.682047842194975,1.00179637319871,-0.414675243405011,0.178002339231324,0.549535917415856,0.232267969788252
0.688787326398272,0.470109372899481,-0.901245287871067,0.0515085801425465,-0.739937615632191,-1.77406542520155,-0.189183726339632,-1.30878381349444,0.186660936711602,-0.161446860307321
-0.621518009681202,2.6596208511093,-0.752401983557903,2.46577713158876,-0.300808678553942,0.513772250491851,1.24689553156218,1.1770469392626,-0.809521891208892,0.28371408787937
-1.06366150911165,0.617665986094823,-0.385354437644277,0.818788329284834,-0.70401476366128,-1.04829679238021,1.34019721684443,-1.19730627967308,-3.0109338706123,-1.46281388232648
-1.18563982691924,-1.50825385133383,1.22966788193147,-0.912449974437204,0.608881300702415,0.338795556214166,-0.0203369725296794,0.129892428392385,0.448281541937491,-1.26806481704036
-0.364102738355725,1.11856978150091,-0.873832338215455,-0.336552979106459,0.0704643074605253,1.23299247467714,-1.1101096137005,-0.49249553300517,-0.582177888950282,0.920341140978078
2.14699283114627,-1.75609249726186,-0.713288935557428,0.559610685816379,2.0795351991002,-1.49808725068556,-0.578769706486524,-0.050653712555372,-1.0155126302012,1.7616361321372
1.51101366260311,-0.0843051810782649,0.228214749865601,-1.96661620008947,-0.00746186652730595,0.369292302689512,-0.706668695594998,-0.844994683295073,1.08797298793939,0.469069900007764
1.4021964422349,0.372805775676137,1.64554375430136,-0.867069204322074,0.876182395318023,-1.14516414591667,0.655556746935378,2.04573656396022,0.715968588213022,-0.966746978601986
0.453544678776569,0.150296821738112,-1.21920193505448,-0.38233427507804,-0.186933532944579,-1.21826905841634,-0.440712132839074,-2.37141007189603,2.12819874841865,-0.643800056916163
-0.0085601782509538,-0.980660906077078,-1.19815331772602,-0.246495796499279,0.179386015993271,0.0852676733733072,-0.393052976643931,-0.617311872350778,0.385952647451956,-0.420417769535099
-1.12908596067886,0.755282055748585,-0.54784409597298,1.43650175370552,-0.257110194152916,0.623936093899091,-0.289914374237607,0.464288809953921,0.0585889127538632,-0.0403886174488605
-0.364503281504444,0.301067682056544,0.15022616877083,0.967241042125515,0.356871517605743,-2.44321846316835,0.70342818044941,1.14300899019538,-0.638560037870711,-0.605155799092767
-2.07823645855353,-0.248982687265273,0.219173665559494,0.924416106147725,-0.336962938732867,-0.994423073546711,-0.19004251343392,0.77440860993712,0.375656535807398,-0.446818941392341
-0.157379459626522,-0.00994663554544684,-0.244624688799474,0.352916099316035,0.492442533290886,0.55364472841482,-1.31829366409858,0.256628473931311,-1.32096881409363,0.699076313127815
-0.417408415644996,-0.417689138976385,-0.907376351802874,0.129407627232894,-0.284081028411877,-0.907806445753847,0.0233365844778282,0.198086847539318,-0.852273285526208,1.03679085429782
-1.18174063487573,0.859926161662196,0.911607640820588,0.0320662578288055,0.121242384405818,2.09683464084418,1.23519211405933,1.36924376153347,-0.96525126661179,0.198659186399062
-0.0134292136918775,-0.289492124837292,0.493573931539262,0.00199574550383044,-0.453971967320962,-0.602424111324199,-1.68773976315506,-1.21674384906594,2.11227457873835,-1.75011729231223
0.999124198853581,-0.522072318100604,1.26857879910612,1.06858959123441,-0.210496873493501,0.339940692202259,-0.123069396265609,-0.0140176040179176,0.557818111642799,0.961189025831807
-0.444557200253636,0.838967617408193,-0.856876327339552,1.27365061308304,0.7607700855419,0.82640585756694,-1.19769675586163,0.64988679500817,1.2678416638568,0.330783378918043
0.913222208431002,0.1948535958599,1.02479348285315,-2.4324776758563,0.613190246336538,-0.700038692654128,0.558260992392745,-0.631415177025067,0.627644049409186,-1.0091843542088
1.00331077587773,-0.801893431049757,2.82127101285304,-1.09786394802036,0.819121475619672,-0.542420321721859,-2.44645562598558,-0.413573287124202,0.488292202500566,0.643119006827883
-1.0965503993099,1.02156691479371,0.568126178138244,-0.328698682881578,-0.251132504900465,0.635106439576782,-0.716456041626116,-0.448291295714355,-0.297250957106051,-0.0302164269224855
0.61115217040461,1.5180795651356,1.77925179825341,-1.11371644358561,1.63638619266504,-0.418590593332841,-1.14512609570333,1.31327214518961,-1.23834636491241,-0.656439804476271
1.35896263649963,-0.522714511500656,-0.358654877003034,1.24510770453967,-0.978108329763663,-2.44462952005455,2.11906656862176,-0.710183507501727,-0.983244820121158,-0.298680096201771
-0.479250275897904,2.04075310464996,0.838026572277096,1.5437113999452,-1.0796257816371,-0.523417307086065,0.265700648545089,1.27985517747937,0.957434599371042,-0.811527926634535
0.904393830857437,-2.18171845077273,-0.643743197312804,1.93470474582161,2.69604234074561,0.547545986440481,-0.22836981917314,-0.858076208709604,-1.16306130952722,-0.817825874930624
0.657689057391198,-1.17736959188989,-0.414793284795667,0.348480628949999,0.366616463139596,0.29969017020365,-0.0181921616403111,-1.48019768893219,0.880661962417914,-0.482216315084922
-0.314445880144322,-0.713605381054751,1.55619499980771,0.467341390370681,-0.819231637446571,-1.71625424998488,0.188050905562808,0.964721592245246,0.689956022303926,-0.671170726315196
-0.909751200052297,-0.975013787558512,-0.259974961313268,0.82600735972588,0.738186229736927,0.409161589632177,1.44231841087233,0.120898118433417,1.1806724312668,-0.944976788779352
-0.266872849084466,0.345622394682723,1.87999344277238,0.422651639991116,-0.411007744127312,-1.13312957505447,0.085944722069297,-1.11861030806221,-0.45906603843088,1.74393620394626
0.0446142728286723,-1.84944535802937,-0.113224531979077,1.02667394519129,-0.0810805460776437,-0.615647638864595,0.0635901468258443,-1.44191027263392,0.279887374659238,-0.94018110576589
1.11835895557863,0.0140736147878942,-0.0419898985168048,-0.385719952092004,0.647540118993796,0.206722751265271,-0.297287866382139,0.577949240542101,1.96805007791785,2.6945979743648
-0.425653379791488,0.112426732582762,-0.7954032512883,-0.135039032534411,-0.309771253116344,-0.866081150180366,-0.0869741730636081,-1.94847607166868,0.459260503375269,0.709556034005346
0.600827611967037,0.325275911225733,0.778716768402724,0.549751252871662,0.0161224170141858,1.20979628825687,-0.184476504717756,1.91326249155539,0.611001396465902,0.411437164747154
0.114237432106428,-2.08281906636716,2.9650261930293,-1.11678013763167,-0.280707810598762,0.6974109219833,1.07019378004252,0.8267122208986,-0.429189486472219,-0.157510930234152
-1.39164290296296,0.942391566640691,-0.0245917190627257,1.44406980690114,-0.133174781155887,1.14518260410955,-0.949747680073747,0.790571471205194,1.17105504048973,1.69637085268554
-0.236696902702851,0.430079222450456,0.558059774194188,-1.63806327538154,2.46988599645683,-1.31265065368678,0.104884230488504,-0.11878413249273,0.23312555634489,1.63759750634858
0.959416366663975,-1.46054097333235,0.63547599325915,0.345775511718608,-0.442623383683119,-1.32954459802636,0.568474090210164,0.20981575289126,0.27447700472119,1.49693935780017
0.193527456241785,-0.231010938186487,0.202333497122719,0.667681686189685,1.361990457068,-0.450670189737206,-0.61778984729856,1.44643656410699,-0.200102319507716,3.41917751921674
0.755501287494379,-0.0139872228515739,0.129026275551631,-1.0932969511957,0.819324970186345,-1.75251443767972,0.136313493452173,-0.266150263804681,1.43138631337418,-2.01372473511264
0.523184553768938,0.0532560251424209,1.17763230310286,-0.118370144653835,-1.07400038718311,-1.91557120141764,-0.898997338348817,0.0235633122928692,1.55840606742362,1.13831584581268
0.388736127854891,0.893154143158786,-0.961388934242729,1.6099624563959,-0.714170109520576,-0.719312857276068,0.229565369447774,0.24204188982829,-2.7380977586742,-2.47294593426148
1.87921393354482,-0.67327185840829,1.28004216953747,0.14910516035468,1.49726454073382,0.667083827722022,0.0395933563397683,0.190935230212957,-0.549572896891502,0.816891184137095
0.872266425830787,1.31528357390568,-0.153928032989209,-1.18283515907251,1.06511545988821,-0.0349545772095037,0.935391284617494,-0.978082011131443,-0.228634832114457,-0.765436583494581
2.11857100903644,-0.423364986494651,0.809478143982854,0.501119357002812,-1.66651145025623,-0.333947943158531,0.820509328913778,0.840136853452396,0.748384784276941,0.830123468389913
1.51091162454254,0.405607655886634,0.573435041990441,-0.585290641153917,-0.134757658900258,-0.238287322698665,-0.461458030862117,0.413569492119735,-0.0804618722159525,-0.16008324275926
-0.26816584789373,-1.31141954314967,0.169649833202836,0.741485903453506,0.492863568974509,2.17376213533417,-0.137348515326709,1.41663516327614,0.770723988398048,-1.97312719456825
1.21462901505971,-0.613779509048274,0.275496977025397,1.02418101103675,-0.279822671167354,0.88845389960561,1.20827711894161,0.315434611353618,-0.779521758303698,-0.779005408717814
-0.923033788315825,2.11939062738116,1.38085547617086,-1.24374941801542,-1.07958008487783,2.01018230299863,-0.654489327874701,0.71036861180437,0.451889222893748,-1.03886032242813
0.0524833506372311,-1.049809266962,0.177367031575329,0.662846298853275,0.917863512678589,-0.220830177975673,0.570388642139049,0.961395632026307,-0.113212210910119,1.47344268215444
0.479253268534672,-0.18185136214157,-0.714202837632729,-0.711671972704879,-0.750829451561547,0.586695718056335,0.03243311958101,-1.0982711607755,-0.565659389861988,0.442084907051737
-1.41234865989573,-0.980069680315786,-0.128255941469115,0.65199265496716,-1.54990119655355,-0.325491754700881,-0.698513931716674,-0.241434898202037,2.53167013836696,1.77516143976142
0.657559106051797,0.399306785424073,-2.07508719355444,0.560022843882577,-0.483214367932136,0.33955245030365,-0.251983997679925,0.271206787092309,-0.923260845413687,-0.093206479349796
-1.8443747519594,-0.682395708082686,-0.991662326352105,0.340222690997183,0.420631832506089,1.07456210270604,-0.489182575262618,0.218258706729513,1.70156029778292,1.22434408854425
0.0277468467090162,-0.316992834929266,-0.227788574046527,-1.40405452310389,-2.15661641177174,-0.101392293133206,0.157349228685202,-1.30950707623009,-0.149561334694789,0.919150431887446
0.208989453242822,-1.54797403184935,-1.2359116470954,0.295834240132364,-1.43413447356705,-1.16065592579514,-0.146095036557506,-0.119968668939058,-1.52088874981226,0.27846927345549
-0.302388399759919,0.0983701397636977,1.06053011320229,0.996311655178882,-0.289481763493095,-0.443620488993198,-1.35017814678637,0.422090882661537,-2.13664038687675,-3.17123531846212
-0.0317607696155272,-0.721452372667896,0.796482777909346,0.0524038517798692,0.556464084911963,-0.0783217660796563,-0.609727265364334,0.576575158364636,1.5259865644495,0.515636364425706
0.40033991364504,0.958603120104295,-0.672230216362577,0.280051304771968,-2.63046759933879,-1.04239481703584,0.125462519800739,-0.256483263258111,1.482509967177,1.26562610767317
1.73705711986885,-0.983799926368453,0.67018441598997,-1.42117513942732,1.21322565528057,0.217173059084915,-1.91293662221488,-0.533790396297868,-1.10898105323678,-0.689290635596921
-0.833260535640762,-1.53072319148386,2.06659885649655,1.76517041156305,0.19675946633612,1.65762459472151,1.67982436693508,0.991271062643286,0.782080120331651,0.216124054498503
-1.93082654802697,-1.71466293388692,-1.74715306526954,1.78244942549265,0.572290326699668,1.34813973553619,-0.017424557760916,2.10238272085916,-1.26927741432992,0.499270216395341
0.713005376522587,0.700781303435659,-1.03597588518322,0.127541174673234,-0.941541109936607,-0.552168445476807,0.873918225457712,0.558740077288396,-1.02339043065984,-0.420100908776539
-0.229394452478576,1.62297472684878,-1.32353295734229,-0.198605880595652,-0.628284171387757,-1.52899128378589,1.65885647050164,-0.242946207987295,0.49730144543619,-0.841671920563337
0.488349104080396,-2.54473795629046,-1.3804679541886,1.35700236232823,-0.943060835572599,-0.108063077444979,0.17364167021593,1.06023666128423,1.63836853656388,-0.209823065659348
-0.476390934157638,-0.168840353577143,0.815663532519637,0.797381786505215,0.00845733418036629,0.405100353733759,0.516813262491621,-0.462594416814545,1.95685166055995,-1.12140537684252
0.264774415612292,0.24165159286815,1.21451198898324,-1.12533426412268,-1.01166486820303,-0.457534514148076,1.4292184677436,-0.0746536110011088,-0.619195895854382,-1.54737313975211
0.922626688568067,0.00849919014423877,0.124821105559773,-0.3353960396706,2.62832709514385,-0.0942210389620782,1.55550825670931,-0.778097866159537,-0.0712089162164033,0.275336679660266
-0.909256903347548,0.687989739974404,-0.1142715766505,0.684574734776139,-0.302229024117488,-0.85077966397362,-0.0552265475722196,0.20128799076892,0.43052225696538,2.60660772387385
1.69626949506939,1.57023639051187,-0.378803856880471,-0.942651255436777,0.312384997284869,0.0992584383775404,0.76820288386428,1.98463291238876,-0.580141149139101,-1.84510434713141
0.0194895706081727,-0.469902961312502,0.674962679043754,0.392224319033238,-1.60439520382785,-0.232602305770155,-0.646282929406564,1.98878071630209,1.16909645354137,-0.912559322338503
-0.514357283132537,0.785485976184734,1.59381391821372,-0.202133708375,1.22170820345257,0.670192604139761,-0.724729215969149,0.409768273656251,1.16050145942484,1.06007065540838
-1.16497115847332,-0.922142816514609,-0.487865199982796,1.2566415524409,1.00037281157695,-0.771609725986045,-0.554741166093142,1.174383773389,0.611071453807836,0.561690958752909
-1.35109256573947,-0.136660545277138,-0.882104238685172,1.44821249171409,-1.7976183276943,-2.00997895385942,0.444525738606833,-1.04920475191229,0.247224549146416,-1.90008294517228
1.83916503772346,0.00179351574734333,1.24944232259722,-1.28248748229407,-0.298248779727131,1.20883495593859,-0.316251352111154,-0.507693580730456,-1.46614005616127,1.62933062552983
0.664658265316129,-1.330500241928,-0.594942028442758,-0.354811475443891,0.196892039469587,-2.08021227879994,-0.548628753266329,0.391041701292552,0.0490208600995496,0.0707790599939997
0.37977700534902,0.950430076423404,0.68701438314542,0.144704865428148,0.849171697567112,-0.312746339932471,-1.79880856707999,1.7296538383244,-0.835955832494392,1.32783279545581
0.0228942200115486,0.683175313991051,-0.853197629638333,-1.59742081412518,-0.225148622529037,-0.124147611981234,0.774044711300361,-2.53370842246911,-0.00472006491778187,0.172798023361259
-0.15969055419387,0.0275454704945345,-0.438370194008578,1.50823721428475,-1.89395130549492,0.377438747676703,0.0328659486788333,-0.0776775639403892,1.34312631204728,-0.642178460468316
-0.970392854954704,0.224199781331207,-0.0813161913429723,-0.288742432504436,-0.507517411303113,-2.64203136693498,-0.517815021085418,-1.00638940634811,2.59261383130378,-1.36677959454172
0.268296328777664,0.0952438344335647,1.32512532597671,1.53020845997769,1.02496759229648,-1.45645645402602,1.02346890983699,-0.276076959776539,-0.544382935664592,1.63021964793774
1.19310356151068,-1.9560715379464,0.143527532835437,-0.849524762379207,0.602806190466911,-0.924705658970991,0.43966824827679,0.0261894595099065,-0.594681888787762,0.690165942485809
0.223640670784001,1.18895364963432,-0.045253359857462,0.179081029218106,-0.747934195317767,0.744213086433071,-0.467006304165993,0.983883137283492,0.704480070708502,0.493089168774685
2.11683408085851,0.0971388949712209,-0.112448311687918,1.0040913408998,-1.98021134752621,-0.975717180796643,-0.56407533421131,0.986826341249647,-0.564651202049872,0.0659461542005493
-0.0562008861704757,-0.933727306617602,-0.172462080135429,-0.240288494460273,0.125995744329343,-0.67939245075506,-0.0650597481309105,-0.497464675654848,0.542155681405923,1.37231603277527
1.06947152289454,-0.258324206265407,-0.0219380211009218,-0.289414534900116,-0.125226554980057,-0.547842559034189,0.115042644527733,0.0189463651150732,-0.14629762800262,1.56604060079483
0.439843540332428,0.308929937370288,0.454244213921651,0.083283413127438,-0.702950804247781,-0.84120070599685,-0.954196175077976,1.05412464438756,-0.285780355425528,0.194860179199459
1.58843075830665,-0.0614178707838444,0.909407134304992,0.781943224266586,-1.96166876166468,0.548144354771917,1.19839833626635,-1.49854500598998,-1.66384596007352,0.11901864079361
1.83528700918862,-1.3403905152612,2.14691902913683,0.303667346298604,0.796183568481382,-1.9784545197338,1.14586549805322,1.01384380412987,0.197130934366114,-0.487470136221093
-0.762518089261024,0.913305428737008,-0.132450143109697,1.08203272028279,1.58917444240768,2.03510331044547,-0.578721858526161,-0.550307215064632,-1.29789252867952,-0.593966719349202
1.42271711542001,0.727427844367181,-1.6108970333467,-0.993737865057712,1.29669143609621,-0.23170320071796,-1.43911860368155,-0.74632846494198,-0.925628967625239,-0.890829656682165
-0.0355546936718328,-1.24584672745375,-0.241810002988962,-0.428938244423665,0.0222048378096913,-0.49032454362418,0.377279140829075,-2.29001454217702,-0.524670137566369,1.37387532988629
1.82708430429694,0.383312404442018,0.405637512573631,-0.292496974941056,-0.979020283282297,-0.889131934055848,-1.18305155054911,0.521219372505594,2.43966160717443,-2.477256327937
-1.78423591123172,0.0207325583563863,1.16691367697282,1.19797380369733,-1.55579238486017,0.104741496225486,-0.614187732463835,0.0942686131221439,0.855859242231717,0.455315706564628
-0.267596568439333,0.0528305647378338,-1.70939396975749,0.534577889330194,-2.13088894513289,0.566249507191808,1.09216058714998,0.00961994287455704,-1.08903236099694,-0.982839400911513
0.122112589835539,-0.239711571844909,0.282756166126994,-0.537759142342152,0.0429897728331473,0.716530334026374,-1.13945148823464,2.46863782888977,-0.0717119496621266,-2.05261581079268
0.29509424398512,-0.502694677708168,0.146992780191709,1.00362133756334,-0.193675272756373,0.161434315461106,-1.07167467090692,1.00161502307882,1.02399018805665,0.0449762312214639
1.10432214467967,-0.969535025173448,-0.184508829120147,0.012299121459799,0.483013384722363,0.595334758556606,-0.0724823168254806,0.908704135726102,0.677594544104021,-0.461561651065241
0.199079212095219,-0.610457325386722,-0.208021153050772,0.40088372963217,-1.53450075224519,-0.602104188944407,1.24938677078013,0.433039406868675,-0.0751491254367525,0.272451773839857
-0.223532902697105,0.775412851759182,1.71503056906397,0.221647027722125,0.381845250026512,-1.19411725281452,-1.70812078616187,-0.461800705020849,1.2445878896312,2.01409656386408
1.17875088035001,0.941423374388021,-1.10293234579701,0.0365785962450855,0.104905060223264,-0.234356552267274,-0.215447703232858,-1.64273631562188,-0.000922904435700099,0.849586054675694
0.0379219237059473,0.828660544142587,0.737114474480414,-0.29488980512259,0.737809157511043,0.733275154767114,0.151276294780934,-0.854144338630688,0.320044019732279,0.361623004060073
-0.769586257651354,0.543472849158186,0.363463918959635,-0.0976694781028802,-0.950553915333288,0.459102705368079,-0.131820889663373,0.809677716598119,1.21077981647524,0.235935878535128
0.758741080044956,-0.378597578843174,0.197814109170897,-0.325898907944357,-1.4079981821143,-0.527187854398715,1.99024498114552,-0.0431022146808135,-0.448423560168708,0.66086842326878
0.693172032769745,-1.66103361630514,0.272363893107296,-0.59934415279174,-0.165017702697633,-0.211581404237704,0.81959733408606,0.386894564759087,-1.74692885888995,0.76991005510007
1.46845629461485,0.156274966853802,0.248875616216806,-1.57343448618864,1.06151298302235,-1.25985463985855,0.306375201446314,-0.375948768638828,0.838449600284925,-0.406859029866226
0.384601041444926,-0.891966075418308,-1.49248624322612,-0.879071056502696,-0.101033567693761,0.792167745378642,0.00258857301880668,-2.43931703741206,1.80934304159676,-2.50990627819954
-0.49479070725984,0.088255494252777,1.12425967000335,-1.55698162417329,1.43636214688531,-0.25804342773462,-1.60790954226277,-0.527355392060818,0.736538606041184,0.0697104947584414
-0.0568558454322916,0.0544368360777504,-0.133085258662496,-1.06765666295057,0.901684088838372,0.482035071390093,-0.192529343548255,1.66850748625805,1.07659486090682,-0.0254618819718875
0.364054767923911,-0.717832305989245,-0.0691388911740578,-1.6729688701692,-0.298928104542928,0.559937626772017,0.549521802680126,0.894140802838273,-0.679050329634055,1.75403931300041
-0.215296073583634,0.695415089063236,1.40934143081753,-0.109740995513306,-0.23011099002426,0.149018562300387,-1.74365735169912,0.570140221667044,0.518384521460425,1.08707163084623
-0.362021507125092,-0.460837439061083,0.0401044434062676,-0.589516325953239,1.27968414805074,-0.832946691372036,0.162244516139814,0.536173949244464,0.327632338166922,-0.433841537963368
1.31290033452865,1.36750783808162,0.47282967326117,-1.08317269636418,-0.262852277829171,-0.156266272730706,2.07526449615074,-1.25718964685366,-1.39181442445662,-1.02189839237449
-0.167148442199065,-2.88671863590453,1.05377191229455,0.464619627495335,0.544934705840112,-0.511914264708916,0.720157977576813,-0.828371124732843,1.02167495368393,0.161835858437779
1.02595671741975,-0.82138963684997,0.656865612569962,-1.14404185452906,0.817572550523078,0.492757515964356,-1.11772393155599,0.773821857124194,2.50323678029426,-1.86606530253569
0.90272372678442,2.05955687755816,1.17394882388625,-1.05776018440914,1.15121945324914,-0.383145487102005,-1.00585898792926,-0.179818473831871,0.381496871408219,0.223998121145771
0.106469184781312,-1.48019563175416,-0.948059306100119,0.8987966601634,-0.11696468363927,-0.779100218442195,1.99808897891536,0.194499344072027,-1.23729990118412,1.55186702561485
1.6458825771078,-1.4669734351961,1.47920977022767,-0.605842003271536,0.548039005066497,-1.14982646429078,0.686714711986385,-0.00279345439726337,1.15589867645779,-0.797524853089719
-1.81532002229998,1.29463873687846,-0.699230984337244,0.49834703120952,-0.266869455710573,1.8707719996756,-2.23807064919761,0.976068967301609,2.18074878976318,-0.2921928389685
-0.259691288769917,-0.193199327001268,-1.29683677190371,0.325596663464314,0.888382291691053,0.838424742523579,-0.193641536982938,-1.69875780876316,1.36165839377808,-0.876562228063187
1.48085912973372,-0.901923145082134,-1.52242196639819,-0.185441554685237,0.99597527693027,0.498773482474065,1.15741817212805,-0.0711351258510736,-0.483222420348703,0.175386286894746
-1.93653557295218,-0.23127517543496,-1.38858293045772,0.0753691600305356,-0.888618122503972,1.12915235878973,0.642840313593822,-0.180661695326186,-0.445912606928227,-0.480883045467667
-0.425277935678706,-0.693947254014146,-0.131400695250877,-1.48895939924363,-0.445233234175224,-0.504516167881831,0.904905397765296,0.821997615385181,0.338910077040292,1.55679689135596
0.410833209223388,-0.499938187647463,0.0324749409044853,-0.943280622107125,0.152162649696849,0.29983487448127,-0.0166332464392144,-0.241070926494449,1.06074793040852,-0.506723875547943
0.0336331188309918,-0.333679469719695,-0.0189150431751947,-1.15097652874506,1.11564691300426,1.2691491970453,-0.0992707571164407,1.62191084398406,0.545360076079146,-1.07818235512477
-0.898023093587704,-1.14081255453715,0.954023719545159,-1.2328220155389,1.05570034175549,0.693932826040242,0.374752961957898,-0.282362658077386,0.565378471288532,-0.571657149140266
1.14935564288657,1.0167895782895,0.366895474628634,0.850910940821183,-1.38607324685003,0.920971635593776,-0.59624961823417,-1.45054013781019,0.577032325822984,-0.972208456447166
0.333769842467593,-1.08645197488234,-1.97347432425889,-0.535401402832442,0.00956998622005669,-0.702622853457256,-0.221215187501036,-0.717464096691168,0.216297391793111,-0.0177380083785446
-0.219031120959325,0.511462229694474,1.46246338229959,-0.330633678566846,-0.949865875369799,0.449872135361813,0.715724184278782,-1.77100955671386,-0.536178628011986,-0.698938064535864
0.190123355838694,0.172397115899663,-0.445083239753448,-0.591789442543887,0.713338086970875,-2.30075749543925,0.497141010433765,-1.73926388190666,0.239231099759901,-1.09757605993981
-0.0855089050654739,0.620540564106711,0.12262801040493,-0.547319078319124,1.05082032715731,-0.939129154574503,-0.299817346803638,-1.37798900747745,-0.274545906007914,0.980487673421768
-1.77381764674017,0.00356866292523981,-1.70104276167009,-0.0381070403731719,-1.02172176689076,-1.96258223909099,1.01834048009885,-1.21293020104846,-0.316791115636716,0.78717072579825
0.0350186595417993,-1.46237089493588,0.813796779808807,-0.614419594589449,0.193033705161078,-1.05877101407946,0.234214819816746,0.752659915345348,0.365591369124258,0.155753414200787
1.25764167828744,0.817311679203499,-0.0507396043459404,-0.724330393548511,-0.550526806697577,-0.678840203294993,-0.089980470942056,0.98752158457429,-0.269851303499497,-0.260751131746921
0.000413515057076895,-0.10623449172656,0.617701722522121,-0.965820990471934,0.885992442255392,-0.394223385702755,0.710605914608315,1.25092487561035,-0.986846343850832,0.0710482958436198
0.26618834712986,-0.640178253800401,0.357130274780826,-0.56949355259051,0.573505856572489,-1.16021182692878,0.29896149234596,-0.742279758869646,-1.47728783683967,-2.41711127656739
0.573684098523027,-1.21449462059922,0.593913706152162,-1.91250725737329,0.461816518766613,-0.274545949453201,1.30312661259944,-0.545982688728217,-1.18492001237931,-1.08278954719137
-1.58946458599448,0.972920310486125,-1.06717342991289,-1.03185173229538,-1.28761023548766,0.0583981882522921,-0.584184087704487,0.571865845901625,0.388225386081059,-0.974641002738815
-0.607043794536602,-0.130090592646606,0.920415711110515,-0.150332775058405,0.0840506023560496,0.335203789201697,0.500415550493715,0.190985378120877,-0.194905091519007,0.110542375598176
-2.26079839241732,0.94822299963839,-1.27065174959081,-1.26868157236436,1.01676442685068,2.20156307745025,-0.972382772648078,-0.160130495792011,0.364124730266755,2.16130957507749
2.26112128884773,-0.64833932315084,-0.444105428633498,-2.05480581832305,1.33592982485936,-0.938701693837547,-0.575429644155843,1.04709908995835,0.0796567534675128,0.903494446522775
-0.21709626162379,0.603912900978958,-1.52712149093105,-0.166246008895878,0.888205771655357,-0.425016449977246,-0.355968168104342,1.19139871236558,-1.30782301493574,1.11388048160021
-0.837419230668192,-2.21800554602443,0.0831509621172086,0.839360654966338,0.493082249070461,-0.136375027736935,1.43460280783467,0.138267394356522,0.550417327485792,-0.444308414206012
-0.319306579020868,1.35045150081532,-1.67690955681242,1.01438992843208,-0.792423552765346,0.514937862344912,-2.06231981362059,-0.571602270704727,-1.35268485721377,1.16757160046689
0.389358069320872,-0.982136202401042,0.162297642655546,0.472424486639294,1.28823090069169,-0.910393350959401,1.50206017317338,0.095059797247204,0.173365025197817,-0.556981266008773
0.133475780628267,0.554980815844273,-1.44393856125583,-0.261260842795128,0.205107645014189,1.4983276338624,1.80605007761163,-1.65551358889416,0.180175903707045,3.15352722021078
0.641647712064936,1.9462097167828,0.994757384231547,0.46446718071951,0.920276003610429,-0.396229573918413,0.229422823187478,-0.786964544506452,-0.175278707531936,-0.929441598563175
0.436037206649135,-0.238318936972681,-1.05016864691884,0.80889624253229,1.13479676438915,-0.235407282846062,1.56960403308603,0.752498141806314,-0.393252522620514,-0.565898200450644
0.508007630635855,0.972877493027036,0.225993929045015,-0.0378295796771103,1.76572188080296,1.80159137776343,-0.783700440041733,-0.464468620294955,-0.924816860006563,0.320395659737513
-0.2107943273938,0.803805832584582,2.61187609062946,-1.0227889052543,1.25463551185007,-1.9771142104064,-1.78999763842992,0.42589717141508,0.090075711779553,-0.734608296551955
0.249528191361479,-1.38103278325601,-0.764702375823848,0.16356800250348,0.25806047270619,-0.132653130821038,-0.280450633224742,-1.37447751078017,0.975799808440433,0.513706281634033
1.59783735108784,-0.43253920766527,-0.571936060159936,-0.105849736834691,-0.459117226542432,-0.715196168637061,0.360120627235893,-0.960634109486529,0.158455530967385,1.04977126834911
-0.448259135526954,-0.232013336394962,-0.492655694733758,-0.511796172936481,0.286908335641658,0.185747498728599,-0.570840158654979,-0.72750002964049,-0.641352653389916,0.70690349696925
-0.0393497960736731,-0.0455682541450226,0.118844313404758,-0.562523284173366,0.744259217860288,0.184850527653624,0.342113286801889,-0.855118848056955,-1.07296658620546,-0.985236714702749
-0.660999478753268,1.31630330335571,-0.205977966924823,-0.597497072700372,0.165805984573365,-0.602248012104628,0.595501662231264,-0.761467756277725,0.570035237181062,-1.0685532948895
-0.437343691879615,-0.287943975817201,1.00658601266879,-1.55802804404626,0.449527409462535,0.95952576042785,0.0671944335633927,-0.870540191453073,-2.53410234652671,-0.828336114720038
0.292387543396711,-0.558439618490469,-0.216689345419759,0.272332750212965,-0.616897520666576,-0.127698795107545,1.19209766583601,0.427839722212238,-0.689180038829097,-0.0481015038621852
-1.06741410257765,-0.0645901809356011,-0.338419959766943,-1.55158259174672,-0.233308338422562,0.65214592231151,0.52737062751798,-0.698168603690031,0.854096124836178,0.764549641131483
-0.230430359897198,-0.39608963167144,1.5210475532418,-0.744742482949955,0.129961398261167,1.74519681504079,-1.22067904374216,-0.394855523321415,-0.492969876909568,0.0191919730624013
0.245323311994081,1.16136878618621,2.10575922009267,-0.520600029399322,-1.34628554114144,-0.104816249695721,-0.166343374592536,0.261635067406391,1.84876724527807,0.0758469548379126
0.193421466973688,2.53579122760269,1.28543721450441,-0.663973987849096,-0.181942422828382,-1.37735024637481,-1.02927564139149,-1.30400996767533,-0.961541841923362,0.889853977052833
0.285996337918811,2.05452448916662,-1.13649803543411,-0.487473999696432,0.523592073152219,0.660922147748461,-0.635907909939175,0.642820623074016,1.75079109551858,-0.427177128786047
0.153778626037531,0.077537846324857,-0.727377287614265,-2.07771922285381,-0.646813960595879,-1.62134338562334,1.3506673938306,-0.936025663770292,-0.472772563200976,-0.258006223957218
-0.353338669459864,0.523720532320255,-1.00840440942366,-0.377031304648047,0.869090405107765,0.220959300073678,-1.16319258098704,0.90682840775766,-1.04443364506547,0.330331083090853
1.01756742008881,0.688406346451948,0.150917091786392,-1.22975875435693,-0.168933844993835,-0.22232379379727,0.550275378221476,1.16821103437573,0.802713451497494,0.249117157718719
0.339423931856197,-0.731478459644629,0.17800772780137,2.36718556693932,-0.306694872526069,-0.512555965137671,-0.3762634487022,-1.43067369828239,1.28502153891635,0.977309640592013
-0.478359284277985,1.56229207745333,1.02414723104008,0.445950848260428,0.222158814417924,0.0189048656207082,-0.109057009959412,-0.0817758254549303,-0.532441137048426,0.97246358186206
-0.62242114405506,0.0138103945089799,1.22338440682727,1.31531150260135,-1.19284188778151,-0.0316948046061613,-0.992942663600939,0.329148130736877,1.14538288469336,1.53030327485363
0.644584160397303,0.206064365012256,0.151094704879285,-0.79341894807928,1.08092000549981,-1.06611541353319,2.01722975753106,-0.513117748093369,-0.405592552358726,0.569875660694442
0.775411679275033,-0.890484646781517,-0.0456360151217564,1.57944931741094,2.536204333888,-0.932133137128775,-1.54104665126246,-1.45097460463699,-0.33947960720798,0.599322405875086
-0.90105182025027,0.446834580973692,-0.645238993559976,0.0539228033880389,-0.420382702031689,-0.310960194292486,0.14707897702453,0.566025583292353,-1.27798865616722,-0.540294546732158
2.73663623601873,-1.47669774009805,-0.70622547148579,0.0508729603765126,0.671860432059843,-0.378458347630994,-0.368219078961417,-2.41963498824415,0.0192690266584603,1.16817149844628
-0.657321748291518,0.360583274377275,1.07061972756654,0.48101903738278,-1.08931080565001,0.157299681440419,0.315128987969033,-1.65509917682526,-1.00731093384016,0.526909774666966
0.695404564136387,0.0307391481444619,0.467989539588383,1.86639862953261,-2.49519332678686,-0.448190902846567,0.929500038243217,0.285719020991063,-1.33527563005015,0.493662410287319
-0.0442103746891383,0.0374336929000002,0.18746799726061,-1.60605319832176,-0.00329580831332546,0.263025563078948,-0.28687490596217,0.512157423168585,1.76000009559868,0.0594892077353819
-0.0824393794999647,0.583667100771884,0.715744411838271,-0.239936808604867,-0.62731398684031,0.416705704422043,-0.953503917945557,1.49652626302569,-0.569809459366121,-0.622541661728504
0.769400367402199,-1.41581842489776,-1.09563933389704,0.993467450883342,-0.401325496506523,0.0262237229515099,0.0639336081737924,-0.392747816505175,2.18748968377155,0.353432029819049
1.32111500851064,-0.0883753159594083,0.958277460317241,-0.409286837818731,1.02803563412142,-0.129171229098533,1.47317117318873,1.40874553719953,-0.341188247812405,-1.7095635590429
-1.17614345057652,1.88367410846377,-0.783787596513275,1.44992014501063,-0.148642906212357,1.34823850168907,-1.66869640767636,-0.58303100681706,0.0766645600681796,-0.957709967785919
-0.978659427192917,1.43364147745454,-0.475364571018248,-0.0517726995813672,0.0247366563457669,0.646449538676778,0.0856004655089887,0.307520688997072,-1.36814754227476,-0.840627371628218
0.835244819605436,-0.9875164864755,2.00576537412239,-1.38468747322208,-0.183895382292926,0.128245055160167,0.853362286106535,-0.73649362865496,-1.22262571776302,-1.12378154428599
1.16508582291443,-1.59145650472598,0.775956074339377,1.46593810340683,-1.64972623815577,-1.03823794894636,-0.2279802188143,0.792843163152659,0.225849430168716,-1.14242725656248
0.567306320057861,0.370433315887529,-0.227672386414774,-0.974587828910134,0.225797746406392,0.481554541875657,0.370244828805744,-0.898772560201943,-0.227905477930955,-1.01237593999865
0.820969922749311,-0.742768266141549,1.21567072389078,0.00294049620966593,0.569609577932972,1.52812863007906,-1.19028712601795,-0.0236198351356102,-1.10923565697883,0.0897801813453333
0.335968597619482,-0.759007468516267,-0.0775957794068007,-0.500451629195159,1.54971695567974,-2.38398090414593,-0.126211718871378,-2.11244414053207,-1.37505714708206,1.50263442273506
0.566816570824223,-1.48145640562781,0.249196877900025,-0.708235422535017,-0.270711145854696,-2.06321929139318,-0.704324072137341,-1.67210010607352,-0.897892686113854,-0.792734539559544
-0.919757320258986,0.8148400687333,-0.635734767149458,2.02496962461466,-1.23252917571535,-0.00846378062803564,-0.015559726658048,1.16043182892929,-0.8356666203839,-0.0748430506905684
-0.957297832538827,-0.617682801314397,-0.432981146747356,-0.284620571781037,-0.353389162605822,1.59885531454221,0.448115700864339,0.256220054437128,-0.801005485558737,0.861277159608007
-0.749064040159156,1.22490961931514,0.036159137005109,0.445079657506026,-1.08728926418853,-0.278482449628591,-0.507495662352438,-0.69482879768557,-0.190298115496938,0.775255062834683
-0.679092195801464,-1.26485600043957,0.220757932596529,0.629668473721799,1.04774353844986,0.211712477607128,1.35655778215838,0.755415702627387,-0.561416742936404,-2.27085490656559
-0.886297687313782,1.07407854757004,-1.09922026058837,-2.43242524916908,0.428882403385363,-0.220810282446332,1.00340514386724,-0.653640204574234,-0.418081870817622,-0.589603147335115
0.0566779903920775,0.990366600037187,0.274936176575844,-0.68719003115677,-0.415780789289552,-0.27543177995223,0.366674801747619,0.00300485970320473,-0.517749235537963,-0.54614108303983
0.355784228136099,-0.30404530439435,1.47460844448585,0.276835133678362,1.53585562490936,-0.354660185733023,-0.29483522499562,-0.784193342922816,0.535389420085007,1.0088287319094
-1.04533443198035,1.81592480034552,-0.556855787407339,-0.950266624438388,-0.0645887969773083,1.63479360803117,-1.01390642265085,0.594226103594895,1.39206365366133,-0.133903298824257
-0.239876145771032,0.748799350344215,-0.501547923980067,-0.506630657792327,0.321803797090819,0.250077746470604,-1.16636466529633,-0.480881210704316,1.53158291708255,-0.183646123367311
-1.8339615346905,1.8828881528731,-0.576129572830938,0.160896304073034,1.26207311416267,0.740705096295254,-0.522218371567306,-0.96639047348911,-1.08049566508131,-1.47653078285479
1.46275830390227,0.896131449534392,-1.47324578603131,0.601628861813182,-1.25213258885812,-1.56241288797544,1.50621635040631,-1.24778041068907,-1.14865675988003,0.265153022786312
1.25180663513526,0.616102142063207,0.46621885659621,0.388428499552838,0.0191651945604012,0.145696495648957,0.630735119138609,-0.075721704949367,0.0806808028824696,-1.03976965938807
0.81110657863945,-1.57732431107448,0.958902577518059,0.363976416934735,0.40220646532619,-2.09750772040433,1.13147357939985,-0.424704931738872,-0.118190318201442,-0.559307921929658
-1.08186279684385,0.14302340008074,-0.141795608815362,-0.0937094220441681,-0.909889846213134,0.0499050689954617,-1.25348276633581,0.0182973358969098,0.0304625559969429,1.42406481142341
1.24341772028412,0.563889529227577,-0.498324019656337,0.865277274058557,-1.99177400259733,-0.0209480684582777,1.42339790477429,-1.72040080280963,-0.051214283431073,-1.10554596995767
-1.78567275021732,1.88093208205442,0.0578999584259188,0.0133599200242982,-0.348115890383103,-0.596730085280958,0.53737069616648,-0.489183449862219,0.0182370421077214,0.84368402769891
1.62361944493687,0.604527934062415,0.658992947571719,-0.170822233879138,1.15424833303136,-1.14969892926898,0.591204095078845,-1.68490968980375,0.426592678794536,-0.893747237047953
-0.686639532498254,-0.344692720585119,-0.144542369638067,-2.79884862622047,2.42037055736303,-1.24224271618947,-0.167894155527908,-0.132704789850144,0.679759867897604,-1.78729219112957
0.907717745175915,-0.54622659157582,-0.0191968283514174,-0.329358077146983,-1.11294622613916,0.512257552925893,-1.1186297209677,-0.657145132630488,1.71575666914061,0.13490703045645
1.7851192203041,-0.489611029464405,1.72950834723519,-0.502701674281831,0.700497469685458,0.751572313438502,-0.0532242315378882,1.31755094753554,-0.606392251163677,0.575371151469148
0.0566795964851805,0.0401297154318799,0.198707045735864,0.336436581182198,-0.885115807582596,0.236031642912096,0.893167809165854,0.700674768900007,0.441304591123226,-0.612439024016759
-1.95318922833495,0.410462349335286,-0.0843951009962471,-0.154534091588002,-0.57588974675161,1.69409932924021,-1.21938337951743,1.05119054750455,0.215197428923956,-0.137360339145781
-1.54476404975048,0.0910879306239,-2.51639293318662,1.94553010836975,0.0439339108521893,-0.0274544767358971,-1.27689207774519,-0.0583703565093952,0.164451164371182,0.0262493727909365
-0.981944292283133,0.386161573971125,-0.456332745082709,0.366888952597539,-0.849454800884099,0.81085786166367,0.0110134727693086,-1.89717562150678,0.00220619620064053,1.52585424115616
0.0818904485086593,0.219662203601509,0.412070753069825,-0.945548138299143,-0.717801100122947,0.228246369922031,1.00085358694864,-1.55734261361658,0.361668861455519,-0.851989673772796
1.739036666776,0.163694536704916,-1.54972193966081,0.21278752258191,0.0107719793682945,1.25236137193868,-1.02607000034427,0.00662605728004623,-0.0796820475878723,-0.418993239154465
-0.0313850532245093,-1.12321735267309,-0.20738596690579,0.690422343759718,0.61828225724218,-0.149581424976704,0.616144939870611,-0.97416901898,-1.02483961525501,-0.771504490386923
0.699208858066492,0.792174289704578,-0.156226838582847,1.13935886535061,-0.0990422680041579,0.442522312335436,1.55620049168232,0.571958931939457,0.0896452803930168,-0.620893019384595
-1.56299923186222,-0.651399635269599,-0.624742753816388,-1.27674249218633,1.23789522159322,-1.37995825637767,0.527529843914549,-0.727235947534717,-0.824325173624484,0.330931422095464
0.833212422166888,0.396564038453927,-1.76653435492434,0.338688813234623,0.592708198395804,-0.320112972480185,-0.260377103690625,-1.62062718836842,0.393203060949069,0.00514603967408234
1.49359398461006,1.06005885804404,-0.132211767064607,0.271322970760399,0.0834425427838063,-0.0959238307168918,-0.541688586542172,-0.253699203029479,0.980423653512142,-0.34751411308989
-0.527495871432824,-1.93846288697334,-0.244145003221682,-0.296733200439323,1.18003105855072,1.66482742313361,-0.371478699769863,-1.05531872662918,0.21110854896686,0.614020071631888
0.142985450733304,2.25908197015864,-0.470194855665935,1.29123224071577,-0.810961230180006,-0.741801706858363,-0.741774455916744,-0.195036952218263,0.110692038985867,-0.0227307023906414
-1.10095212150929,-0.378206033026659,0.602312856957467,0.819266216273316,1.64893468291064,-0.912793120576038,1.20235993130564,1.5916664927988,-2.45437411958593,0.695330458724089
-1.3800991706436,0.214850387688323,0.964232272880333,-1.36296137524752,-1.0775479309412,-0.341881770119217,-0.300777443394066,2.98851810526541,0.0791367906877094,0.33950904417836
0.604130233723591,-0.0787028210519063,0.986169608902681,0.964981054832064,0.17740757917979,-2.04608795746522,1.07162541012105,1.45398120774718,-1.23566794890332,0.996216568701792
-1.07343429454471,2.10175928628279,0.930251521045341,-1.03356151824508,-0.634714861746251,-1.61788622993121,0.662736869246259,0.75746768157091,-0.823426643084687,-1.20860605126161
-0.629853915758734,-0.654262602731065,1.78065034674353,-0.886036817017315,1.36198095639979,-1.36437172043388,0.712462080083199,1.05974605271311,-0.199315680656758,0.235827853818964
0.989899113477476,1.22808557063487,-1.01381737330633,-0.165329745510527,-1.085630637571,-0.636766808165343,1.62239092741803,-0.200025226184945,0.789622789915201,1.26889398585801
-0.220948657307131,0.840874812699179,-1.04039445502429,0.509838665915633,-0.124344097798467,-0.185098251184275,1.11723619588595,-0.0850936741140308,0.462740768451382,0.0956165988736522
0.143572292643637,-0.56030812384448,-1.06056046129625,-1.01928922353394,0.606749156853705,0.139187003524356,-0.409190630226005,0.226597124018797,-0.780523914521302,2.06840916423365
0.684141170710353,-0.778032376792226,-0.250240300243141,-2.52272572339245,0.654679054528999,-0.461085979269216,-1.5420414734303,-2.70916464751855,0.421106822164924,-2.14708626979737
1.2760141311515,-1.47216307928154,-1.44605472046856,-0.623416876871081,-0.246487326892335,-1.47869776409286,1.51743352745758,0.684740902147284,-0.824116389625542,-1.7724118591726
-1.17380763261508,-1.01972170686711,1.84161700072003,0.0794955039337471,-1.38407667624806,0.376211041961638,0.384661314658084,0.436170229201603,-0.0171050412043307,-0.0581183190948805
1.16956826045625,-0.540799760165847,0.730625890455179,-0.371555703474037,1.48319299963884,-0.888909295391248,2.02855048829142,-0.378291051412845,-1.28004199282201,-1.42098398662387
-0.915597932759097,0.564876627075035,1.41774972915957,-0.819463101592434,-0.0798528468841265,-1.37632072395578,0.465711195037808,0.293318569411476,0.962297683480699,-0.121507526612526
0.421758385276161,-0.92412572544506,0.637038386902137,0.000475115053782742,-0.681318965379024,-1.06364787302684,0.332363671579548,-1.30039691449796,0.133553225172505,2.57170055752714
-1.29748397201578,-0.880259246251244,1.23233440498311,-0.278029660502705,-1.49643008109465,-0.780229255489408,-0.420775655729935,-0.0663718607595346,1.48178322721957,-1.88008635795376
-0.441480911850393,0.109606271054119,-0.818158884075553,1.1581034372663,-2.15086983005023,-0.771001650491791,-1.6496650009031,1.05353722770821,-0.0785306142805777,1.43042538135258
-0.121477328625738,-1.25284699653098,0.173872082703245,-0.35596647926349,0.688930174943117,0.218999634674535,0.0964442594144176,0.861603120752318,0.595243021988149,-1.26812402165506
0.337924263281979,0.453807890171917,-0.288672456162935,-0.327877803897319,-0.756928960503649,-0.380619759961389,0.315058703330532,1.61412011708079,0.876866207690638,-0.554444038520954
1.8664403818301,0.584277275937237,0.919008149265431,-0.454881501844296,-1.04630000850164,-1.01848002603427,1.23435214903809,0.443444912181508,-1.39511521940789,-0.2565833067017
-0.012684999093622,2.00296275546907,0.174663013086581,-1.04039066528116,0.263360860354491,-0.75067322314075,-0.732238434923532,1.37296862965,0.880058949271591,-0.526639421957721
-0.376491700947414,0.325287132752587,1.15486891453383,-0.343214856488409,0.654418905489316,-1.19097501747808,2.42655446037921,-1.19077971020801,0.129367839100169,-0.205993433298337
0.235851438860956,-0.43512188140043,-0.353765078259671,-0.621762329277889,-0.644840258938267,-0.300636781958405,-0.453761882545563,-0.523224339839623,0.522410253141602,-0.245253310513799
-1.69211620410601,0.906515810567926,2.42801529247564,-2.78045532880024,1.22349864205597,1.06789354484428,-2.50348838392765,0.866723093917652,-0.754723663649102,-0.093146293030042
-0.763106084484631,-1.89088000397079,0.720465319111,0.609798961872994,0.791165165014701,0.917823499513141,0.717109481402383,-1.67022719613807,0.619477665248516,1.28918354858434
0.763173516289863,-0.968059606686806,-1.14034065807993,0.963149782189106,0.179945964586834,-1.22637115357019,2.29890511121213,0.393981148419755,-1.11621380730848,-0.675651112873371
-0.81593432387599,0.817355070458731,-0.70711207031045,2.82616590568586,-1.41641905568225,-1.33637642689608,0.877226751594873,2.09929470197193,-1.74280497947729,-0.308367100804437
0.70758549948591,-0.686268707642146,1.61013352595517,0.698523956149851,-1.07181990143329,-1.06959087799594,0.835297715928071,0.636702579058215,0.119191118984571,0.470999594026567
-0.217040796052309,0.134106206939041,0.784977933337174,-1.01071398562423,-0.256101257400957,2.17030541673352,0.450723710140279,0.220998036682511,2.70716064148259,-0.731962667182912
0.954636793647223,-0.919670915672794,0.144508219858683,-0.0470615619512096,-0.53164710267362,-0.400701122587208,1.69761945733863,-0.608028988562045,0.674719813729151,-1.58853472530413
0.0565009854164032,-1.31283253953195,-0.866559208816702,0.408394194836395,1.01804910140848,-0.769614422926831,1.02511429890002,-0.506752822979261,-0.32990477412349,0.99876983795304
0.72615693208845,0.647328466363203,-0.511320927075045,-0.816448348866571,0.871665716949981,0.785622291252767,-1.27708703677583,-0.291482969949193,1.14128104429363,-0.075273025407545
-0.46189057322874,1.51594847094875,0.0298800328412788,1.17749851231096,-0.886570741020587,-0.727695013999135,1.77991362950443,1.07670841231627,-0.72960761952899,-0.685580932030087
1.31212077686351,-0.774501347318066,1.14666818578525,-0.106746066541849,-1.327452408367,-0.513748844620427,1.50197932385464,0.49289525243867,-0.694165542507917,-0.499749458656208
-0.314673053254434,0.337303657172208,0.424547590838917,0.286602421519011,-0.283145732106975,0.874826749790244,0.704532820054522,-0.632567721036075,-0.466884600959213,0.906447325153065
-0.471940877655919,-1.05236243858717,-1.31675920104265,-0.604518648200355,0.735965380705861,-1.21837178755708,0.201492030611895,0.278293429228239,1.09550548084193,-0.264950109343076
1.87751092730502,0.361189550125034,-0.00761808962728505,0.893125846062956,1.5196309599064,-0.955065144394469,-0.597494846373272,-1.19070450306733,-0.794580987389133,-1.48461000351388
0.647265641879143,-1.00831045866858,0.754285471352005,0.198951934272653,-1.69753129985246,0.268033082434677,-1.46532273257416,-0.505968372512983,-1.21188875998226,-0.362278586008269
0.32196410535017,0.356003124759136,0.0368921907764874,-0.178992375123969,1.55659561630741,-1.41606506835954,0.537891520922269,-0.74895789119591,0.486201281141383,1.60536397023282
-0.42233085475141,0.955728471886136,-0.739682608183747,-0.316856963600424,-0.26018648950965,1.43818428289291,-1.41650810588022,-0.875131578455574,-1.11223325610139,-1.11908508287516
-0.66865267657403,-0.535928957801191,-0.144941566671873,1.71440991803159,-1.0507435930883,0.819055396694359,-0.7850583613186,-1.32518281961748,-0.0141441807875527,1.99400258035917
0.637248604660515,1.13613332785995,0.844295119194965,0.250538463095342,-1.84294221817278,-0.879008673534735,-0.138264399334747,0.777196589405002,-0.902626645663931,0.482759888532063
-0.228020998548926,0.655213203858552,0.907052612072926,0.14847354221014,0.0842887344812309,0.195697757087116,-0.238116960992708,0.85853608847739,2.25122703910136,0.423695562384524
1.39886002369127,-0.807233781113431,0.521983256905807,-0.655699107855862,-0.546464356417407,-2.33551803743501,1.78594953067846,-1.8221582486496,0.77189736826138,-1.94392451043263
0.133396337742406,2.13398005960518,-0.958525059811351,1.41833940170357,0.230344281938377,-0.866569644178586,-0.670197011713917,-0.940085920337578,-1.42472347572837,0.702190906386209
1.00247465730068,0.105295006528342,-0.271840861961678,-0.213719686947595,0.938540900480575,-1.04000131803233,0.310314716258719,-0.454073940727399,1.61182782528095,1.30258262323415
0.00813906664132438,0.356016044544375,0.682661054038155,0.174204799124547,-1.58735036362218,0.104785607162151,0.0424258227126286,-1.15681197600104,-0.405795116608597,1.26787744743614
0.433900632785005,-0.888922504871667,1.72421173732935,0.480814127668229,0.254433289769634,-0.82550472088307,0.00398924953559029,-0.532239482977891,-1.18811269817715,0.178280662712833
-0.297986854124199,-1.18408699431072,0.975992541224397,-0.85323924247857,1.05161765913741,0.879999650472838,0.708797374794471,0.80521148614263,0.213054899101729,-0.0139121537536424
-1.08008364081373,-1.02362147459056,-0.379555177930688,-0.314022693712572,-0.218843435645348,0.386205774781257,-0.959367875448636,0.500874039035179,0.703999346386264,-1.6757820630919
0.25701570817294,-0.136337330604997,-2.25053137991778,-0.646898218454155,-2.04323969632497,-0.995972283598699,-0.643285821632357,0.896104613600474,0.290919080506984,1.93816007874761
0.036914772874415,-1.92261193377324,0.501454391933278,-0.00440840817861795,-0.361867366085124,-1.45590154148267,0.116946709172537,-0.488687629031462,1.7233833555227,0.0190471751183174
-2.0794747694921,0.371555177963698,-0.399694202666588,0.145784977118173,-0.421478513639335,0.191698790189439,-0.00150222023373554,0.773166625320226,-1.69135885789795,-0.782355044932727
0.680956511563916,-1.61707935784502,-0.0420604686977731,-0.0331839818439853,0.0560798602703785,0.91092900844941,0.357784036962957,0.907020897507847,0.826815251369411,0.669261906100922
0.346306970529525,0.663458121536311,0.924380756760489,-1.3535196963116,2.72960151448761,0.0481684529148808,1.1769414407202,-0.69075726805833,0.734145480116926,-0.581443655494427
-0.665042305831581,1.65752947517829,-0.614766752496102,0.000713484346572857,0.0854007415728302,-0.342623997045398,-0.448979106193478,1.66801593643326,0.788262893938687,1.20414568121208
-2.9428334244711,-0.78431438384598,-0.692215194578986,-0.293516043015978,0.798107603952838,-0.856398141681461,1.09717836523286,1.50012569903551,0.101280979239517,0.207347044894344
1.66023503076131,0.60140162933424,0.270299461937701,0.13943340872884,-0.404019499278731,-2.4453120025574,0.140647699826714,-2.81834602663662,0.339540277152751,1.04881265408472
-0.799837661454442,0.545018406126964,-0.174793076440764,0.490752066920748,-0.857409513372937,-1.08803630027856,-0.338089601914786,0.93713229211843,-0.535577502173699,0.706396686961573
-1.32072901376394,1.15489907019595,0.691741280862129,0.90461970494879,-0.166713027519609,2.18143394047704,-0.914771308420898,-0.166637869231009,0.508087572787668,-0.4602783089329
-1.14146806952389,2.04594088032351,0.839069630500213,-1.01491670405657,0.121225164747619,0.974654177386467,0.555228828142447,-0.641220679373589,-0.0492069394481023,0.426656341507738
-0.0980963782731449,-0.68380137833258,-0.458640510581499,-1.15735544947049,2.13513642860019,-1.06837237758178,-2.34714691959164,-1.19536302344423,-0.379287964979703,1.05345850312161
-0.99728958851784,1.12313750896077,-0.832825258430421,-0.52455481403982,-1.79932002727954,-0.551908590066026,0.095494421141807,-0.0295096716218362,0.838321417699163,-1.3404647808288
-1.50101455420147,2.40638448699874,-0.369975673278806,2.4110600241516,-1.57500319281444,-1.30650701206824,0.0459063554306474,1.16799760882378,0.219771564326739,-2.2239921642061
0.138475159882459,-1.41930349827388,1.55466557917147,0.267607612550892,-0.118873590317903,1.11409770317353,-0.125539301777562,-0.265986155039248,-0.651672489005031,-1.53565640187442
0.0487381443911762,-1.47915504871612,-0.826482897076132,0.69476690127125,-0.673300859533131,0.395373369028585,-1.78390548239824,-0.00102549995808452,-1.12195952966759,-0.740482020349392
-1.80641025714136,0.289916647806599,0.334697280459217,1.30005680782711,-1.09249252660421,-0.430217064718097,0.0193476403507869,0.274522750609445,1.01267099909391,0.914855916615805
1.05212512696384,-0.0672772279593293,1.5105813346617,-1.41441771008846,-0.381870286376447,-0.170503254226083,-0.176294668350609,1.26914778803026,-0.437059600663072,0.144178214163792
0.239826617477709,-1.28174772153181,2.37905761180547,0.159696134696351,2.05457152794224,-0.581261096118998,-0.141177317472819,-0.102030008987124,0.881108223471266,0.147066519118753
0.227350263217304,-0.344089207459435,0.454773664487697,-0.0102752263212829,-1.19514539327183,1.13007035640728,-0.0234300086703614,0.0255394610357938,-1.41128595827178,1.16636139098189
0.688972503571538,-0.731660221193971,1.50691251979778,-0.911435828436049,-0.423754239085861,-0.774936233840075,-1.64695728885788,-0.484191468648125,-0.515273175652213,-0.476230468217944
0.158660909150641,-0.499180416795029,-0.122938759784355,1.1107587609284,-1.04767592921299,0.769201690222516,-1.52481984305197,-0.265132691248168,-0.371789977296634,0.903897033517659
-0.225011512478206,0.63994836977459,1.77169859420748,-0.209150563877017,0.972171253451894,-1.34002696511791,-2.37877118816433,-0.761351281696582,1.63525989581529,-0.308460844369703
-0.439772094928236,-0.414430319797138,-0.300109402519596,2.57366802493109,-0.811921630160936,-0.113784980005653,-1.50035626268378,-0.458147833433476,0.0232465858077069,-0.129659558025411
1.930542519618,0.0858866882853708,0.523115795053365,-1.90313412207875,-0.796892504251453,-0.365361019462809,-1.76989598679578,-0.25220109915039,-0.745425436268614,0.710898049805519
-0.414587630832198,-0.650908336101274,-1.13541444757918,0.935432870437552,0.899365147552629,1.78411757308303,-1.57013176284818,-0.0422891103162866,0.996490411837331,0.89298376752583
-0.0248160897619508,0.243566728489799,-0.250463923885831,-0.183699451119183,0.908501457021776,0.00212137175153348,1.09292347259987,0.0909823833834668,-0.235547169959672,0.178986318520945
0.566233040297522,-1.18447609532422,0.103623305167204,0.838718020029864,-1.26526933786011,0.482968510452277,-1.28808598782806,-1.23429339329998,0.920262380588185,2.23898821001078
1.57201425520516,0.974248542897451,-0.257532369339056,0.488758983724785,1.73136408362921,-0.262063162146901,-1.0096913997692,0.775359730955628,-0.0149313431496578,-0.056709763692671
0.174178309168693,-1.687443259741,-0.381650343351451,-1.16201115684306,1.72145370560928,-1.00504199891748,-1.34946752391586,2.13475466227892,-0.0779489043661681,0.501541594391012
0.908597195896378,0.903402975734997,-1.43450550086058,0.941304847622638,1.1931179995543,1.178880314782,0.125023085298972,0.776737383945502,0.172763020039944,-0.347647267981156
-1.18743578593902,-2.12852153315955,2.56289353758179,-0.35180005387703,-0.665498570489288,0.986588508660379,-0.421571971585244,1.3481983072643,1.71463924637116,1.60839816252878
-0.335459193292087,-0.793152943349457,1.92699183902001,-0.27319731414073,-0.0624070147929148,0.103920585875024,-1.8493798840141,0.136241594106089,0.678602395853004,-1.14921700478138
1.06572393311202,-1.39726052053145,1.96997060334557,-0.732998112478722,-1.11831381415589,0.876652781020602,-0.109950095953475,-0.867260449557404,-1.08775473156602,0.225829259457034
0.472343906608563,-1.58320260142717,1.12876456268763,1.10708916887776,1.16247371974742,0.145677760760833,-0.0140492941159088,-0.539024833470856,-2.93422974658526,0.420028763966082
0.499584545307805,1.16440381795658,-1.71021438096571,2.14710753210948,-0.695651431799019,-1.24849424096817,0.225062312282023,-0.77035243396203,-1.00006649964167,0.0916693370535668
0.256305191602519,-0.879323617368801,-1.07567334254829,-0.0288379930177486,0.00667508509431732,-0.791859025531895,1.52687645986138,-0.734743395309495,-0.317834087213304,-2.11998991077178
-1.7202485467913,0.448064954825049,-1.24068756741937,0.64775896839993,-0.302920725661697,-1.20243623516122,0.69791127225047,0.067997744538035,0.538702076486633,-1.71766699886891
1.24106602600885,-1.14627860923934,-0.58019393699899,-0.964899095987869,1.18723008397984,0.261931117112248,-1.01255327671498,-1.08120672448279,-1.037705081759,-1.12632767710359
-1.25433343797066,0.794297669498471,1.03559212158892,0.254369585310884,-2.22950262783983,0.579426300259389,0.0320037848317926,-1.01116527022565,-0.907640588642344,-0.592972972150018
-0.708872684906301,1.47826196453236,0.914087453166472,0.835756988048226,-1.54919326677515,-0.326592060838678,-0.88522460090889,0.596952069319075,0.846877019592999,0.921003832444887
-0.970483328755156,-0.131578017104008,0.90151547627408,-1.6779607175445,1.02091111258367,0.586743342049504,0.802511884949298,1.625463270045,0.0200912533555282,-1.89166329218537
0.671878708887126,-1.24621530831661,0.506151566706754,0.478909113694734,0.0791270502321061,-0.954283907504081,1.20776107314709,-1.83341477275649,-2.22323613206225,0.888618778072743
0.392592745991214,-1.94072295529058,0.715816741848267,-0.866835424682087,-0.18225533645185,-0.1382816143316,-0.329611593393837,0.40653264682098,0.792484787121584,-0.100718081049377
-0.775500634573611,0.142137066242223,0.168387025351891,0.19046899684952,-1.39918581878223,1.77093700239298,-2.39709907551475,0.360827116324319,1.71190258434917,0.822729458327962
-0.502787526210552,-0.276254548659385,-0.688165258988748,-0.495768352804355,2.53283403167027,0.883568229463371,-0.935217969689448,1.41075859660219,0.741613168834697,-0.902349989155202
-0.371601464973674,0.606328965295984,-0.0285154908699011,0.041773656297924,-1.00537448621525,-0.35181894920967,0.214593603507381,0.260169086376946,-0.910905719345218,-0.972329742151782
-1.29701458085792,-0.573194563303919,0.0822676315287518,1.27613293614421,1.51531978736972,0.590927488163407,0.171228852253037,1.52383788195281,-0.560212000358542,-0.737731074504114
-0.326719071247173,1.42598758803191,0.96204916330245,-0.174606117749818,-0.0370531905407992,-1.24979604708846,1.23114823766984,1.23900845076812,1.91647193051129,-1.26056124879731
-0.881350063145788,-0.812301732935625,0.758177576240821,-0.760335530249314,-0.986731383852408,0.702315253877335,0.32748744050524,-0.0210705351490726,-0.442921987883702,0.478361616221736
0.264404886675646,1.22964424262321,-1.46641163656765,-0.894853508777145,1.15541064271439,0.363390278069706,1.21207930823849,-0.624568916729016,-1.45090356006759,-0.0361771542385772
-0.504582745058068,1.74718142045727,-2.19129612894965,0.604989933864218,0.368758392011672,1.48628850547998,-0.0352442335606926,1.13889320406364,-0.391907943097225,0.273149159460022
2.20007446973125,-0.95023943025588,0.552031214924386,0.502953327745389,0.0937134733734406,-0.0054418979467281,-0.395711023271112,-0.850319119806319,1.43539191058616,1.52031665031915
0.616903106214722,0.261030577034612,0.559329077365334,-0.669278502114592,0.974750432852367,-0.776482754373789,0.836335890372293,0.434590339290737,0.0335843686417776,0.0138714990251706
-1.3747702514139,-0.104806016613948,-1.57892788646075,0.796765053807479,-0.703459352214348,-1.07302668629081,1.05421961128445,-0.759075215823274,-1.06206430884429,-0.0330896130412155
1.04200989073361,-1.40787158302051,1.52268650829181,-0.91318450780358,-0.940343333096296,1.25943137663585,1.00125821789342,-0.748010700337143,0.262203718684538,-0.179063410340941
0.469013141591249,-0.0188751631986288,1.83983124954972,-0.299364166720628,-0.13379239806682,-1.10399736976612,-0.42652896269932,-0.171579397747467,1.51156250611327,1.33787461835631
0.542881167615265,-0.792525630448959,0.736607645139575,-0.950426758939992,-0.583541802434276,1.55588799841219,-1.83370400842727,-0.879080609468902,0.39490784174295,-0.239911591194764
1.56321414375938,1.43721053487936,-1.25743049024916,0.754286398961327,-1.45474447398402,0.814457022224243,0.115317562895313,-2.87221896937035,0.585796336631381,-0.125924719570983
0.471883142995486,1.94486577915636,-0.787033932523843,-0.259104519970459,0.41057203970517,1.25054518594815,-0.318740182048849,-0.106761919140437,-0.589169733875958,0.156806200905248
-0.08574436318187,0.0272231887604642,-0.865270067838999,0.0164328440792958,-1.57640122529172,1.5463979986347,-0.590987316089494,0.0833236788097307,-0.281996435974513,0.301756333150234
1.99915427640596,1.91930606257886,0.851075135250408,0.929818346511101,1.40221530807525,0.769646959846507,-0.206693177736135,-0.384794766774468,0.0369213259658178,1.0457373308144
-0.865181632625842,-0.731247017717272,-0.238223436430844,0.241903752445012,-3.03961917219233,-0.318441629761214,1.07530712363187,0.523683385682985,-0.0306270897266087,-0.61748099216927
0.870898572170483,0.406767963960703,-0.969545252237362,-0.165937585161835,-2.17840502442988,1.16003296058966,0.668179714960015,-0.67315236503213,-0.661507570130266,0.202643178997697
-2.55185377735779,1.77263571944719,-0.750286662327898,0.356101289269114,1.05397507162332,-0.205289103702817,-3.10164009139793,0.54144970498344,1.29651870680251,1.49464713752272
0.66779702663553,-2.09937459354881,-0.682599610782411,-0.595906310365324,-0.698971089453445,-1.65090571083055,0.143167243457166,0.12238083718615,0.61457304144212,-0.300437595274299
-0.586675646020993,-2.11927171642556,-1.1366453262189,0.0982665960787531,0.943109000926605,-0.0391374501212663,0.686123774275203,-1.5980154711906,-0.405094218748486,1.01952955716216
-1.71838108035704,0.620176549425777,-0.70681210468819,0.3325981755061,0.834651759143922,0.635854679790397,0.0272554169111193,-0.0296947978616792,-1.35250080900506,0.364283975565663
-0.982422566791967,0.825443016305528,-1.48087898737587,-0.30883542259867,-0.777065508247759,1.30214381822816,-0.438031589725137,-0.149952815807063,1.23100199164531,-0.317294112953476
-0.0878657177169835,2.09118575209218,-1.77686076915457,-0.291900812965812,-1.38436005154147,1.87917793077117,1.37971487147422,-0.454174493112808,0.729007837918611,1.47877483525546
-0.215398866287133,-0.331616670660202,0.541748974927285,-0.311191402215611,1.67121215530759,0.450095261969504,-0.204723347956412,-0.732572319713909,-0.143197266772545,2.63608409665628
-0.0122404862558817,-0.84768119146983,0.193616057194963,-0.118361719315887,1.02085007468351,-0.766589755137618,0.647090428580708,-0.232595105887595,-0.0765891027051838,-1.1467680902829
-2.10733180995249,1.38002297887772,-1.59501483204028,0.334251306690157,0.362132307739258,2.56326653331444,-0.704642572220947,0.047499534280889,0.537593525139105,1.2919098700267
1.04613035025941,-1.41323501586769,0.505410509900483,-1.18764759280332,-0.428215972005703,0.618780448092053,0.155971632106478,-0.523435752127357,-0.156377688090543,-0.904616218200148
0.328371283748611,1.34298324070983,0.141489959231517,-0.0537084833629217,1.3270159702851,-0.605025166770519,1.75405340180988,-1.56404449280424,-0.924979212730749,-0.808124294686665
-0.841851688371188,-0.0116477260269671,-0.427384898502446,0.141231075803854,-1.29380862334571,0.168572264196261,-1.54885855505821,-1.08354390199049,1.81416695655192,0.810377163146425
0.486920312007667,-0.597169586894769,-0.166535550586299,0.97063657506063,-1.67744208891165,0.689517277451713,-0.168716566382978,0.0415117334269005,1.63518529740118,0.508306895403504
-2.37595070173137,1.86640355837991,-1.17813726944349,1.15383659678662,-1.6515119213626,1.86103545640036,-0.611268770235116,-0.772746155931404,-0.309993409112312,0.307522888457567
-0.689870781494404,0.124650248631553,0.744061883969697,0.962015834070649,-0.231278924055528,-0.903098504923972,1.34719614471852,-0.455364483653879,-0.58876029372321,-2.04878107636536
-1.45302080968451,-0.169959512614479,-0.353411368937928,-0.0677614364111984,-1.17672674308815,1.2360223330948,-0.990425730239505,-0.439921533133616,0.951481199251564,-0.795717541428745
1.02884528661651,-1.64502264427333,1.5470702123628,-1.64143327853801,0.33627938192806,-0.135111214258872,1.20329200107098,1.33319099616498,-1.20204218932334,-1.94181542049908
-1.15991970527801,0.469788485812696,-0.171831602294764,-2.80832431717337,-0.882866353053553,1.62055212670944,0.0796974543482904,1.65248535740049,0.406530452904398,-0.991979797688666
0.891817753474227,-0.348505280913413,-0.866881308566865,0.319137166088958,-0.303986575194763,0.123389891348386,-0.751030686647611,0.554051015773408,2.09821886734338,0.369233347064907
0.199029280468018,-1.21418279940217,-2.32621554721519,1.78253683836347,0.109088517409941,0.498153870564935,-2.19918549632063,-0.347357857051586,-0.121942805846754,0.722864177196354
1.61571262959387,-1.16710004955616,0.753029059040101,-0.112288991376251,0.434079125210077,-2.61094791862091,1.94200803627627,-0.893964853565344,-0.460012755811207,0.802723508697652
-0.441166962860175,-0.1603250841269,-0.98467737593254,-0.538346548178698,0.730719702454344,0.764882921063777,-1.0827943252484,0.309990019337223,0.223162480768745,-0.925911929197288
1.51800410759768,0.781804193742847,-2.13459768904253,-0.30390209320439,-1.67236815688721,0.190444121287531,0.946069129052174,0.179285502939281,-0.498918446434865,-0.239534614811532
1.02005844481434,-1.56067540483262,1.97399769952253,-1.02218148620344,1.47310632954803,-0.190477964265285,0.255993026790287,-0.15116550105749,-0.399369475062626,-1.71695461152267
0.685270401453281,-0.471730672323389,-1.37205433832981,0.491251784028877,1.10990643283819,-0.186344325022173,-0.845344928421463,-0.39286097949889,-0.818677348956192,0.250193949226969
-0.389070772897004,1.46363416290506,-0.0774201878172206,-0.102618660499418,0.683759047387268,-0.307097426323357,2.1841297446904,-0.466877018772487,-0.434980654207419,0.0229303121537901
0.636223843833842,-0.710545109434452,0.0584522596090356,-0.1415379303534,0.118588588736143,-0.319438717777266,0.0881826323606295,-0.631837886354019,-0.486211461776595,1.11145939722864
-0.144686456140775,-0.180722924087768,-0.364693486913213,-0.949387842760145,0.185810853022371,-0.0476587630618462,0.466894210327743,0.503226571070268,-0.864508161131998,0.583061578478305
-0.437391641787504,-1.32284910990141,0.896087723987287,-0.259451135787147,-0.353166489798849,-1.73449901176604,-1.88043867113707,-1.61670004196542,-3.00439642730621,-0.745629570584829
-0.0282062840191729,-1.04845503568089,-1.33861788314937,1.79168125768053,-0.363722596137836,1.81043545020166,0.0490110658267591,2.82254863579836,-0.313113234347014,0.593914214227057
-0.897917698075604,-0.102966783700484,0.387448171499687,0.430995349372233,0.614862963291154,1.08046768615738,-0.770815854605294,-0.295069613067864,1.29383258411164,-1.16600475620686
-2.4812706584626,1.05480080577485,-0.725014174803875,0.565359020775787,0.183240798454561,-1.72533176327726,-2.26549923542015,0.967305307605714,0.00661079309321165,-0.0529083605744316
0.858384392960101,0.38603232551218,1.78593286713906,0.671016683361285,-0.910308877084315,0.0251993701676142,-0.378218110476337,-0.608199511309615,-0.820133480714472,0.718571483469734
1.67952159450287,0.808389716158334,-0.283793212887562,-0.794720398680263,-0.46416040339654,-1.33051815218603,-1.14378622999986,0.887708375814707,-0.0355993761728429,0.905429237154481
-0.44287762640461,-1.08950330179815,1.03185226228547,-0.211957083781415,0.553209069059217,-0.173822807619829,0.502924194517056,-1.96013096689115,0.00475195934631571,1.1930500086035
-0.230859239864799,0.139272600856717,0.425375206817905,-1.58131159652618,0.502653945439952,-0.103063356135091,-0.699576386746757,0.348575824086355,0.579289720175927,-0.0890971927825925
-2.43039431180802,-0.0844554912029361,0.95200503499058,-2.10626582569347,1.14143390832616,-0.988304875887663,-1.73617795160167,0.248157323530857,-0.18620784648287,-1.25183533717314
0.195101223447465,0.396650009792627,0.0626805654088124,-0.0861304063139667,2.42158249713993,-0.624898862138707,-1.19492233201665,0.598200504735129,0.603640138580934,0.237288871333757
-1.73632031961797,-1.62435417691488,1.10134386592157,-2.79340916497186,-1.06084592628757,-0.832825293693676,0.896967548534149,2.24095822794,-0.330840108607611,0.211404528640448
0.185689262317055,0.823054750968834,-1.61016738640957,0.352198383352985,-0.551384892983176,0.69899800473763,0.345986433946552,-2.27610413849441,-1.98985074712993,-1.53325153567223
0.236743512611158,0.625743321339791,0.04772610363069,-1.08416421300502,1.8598568249432,-0.33499375026613,1.049741858844,1.81560031391812,-0.128984227483714,-0.640049786493537
-0.781008197956279,0.430813026043283,0.825272555930769,0.205094130311836,-0.860945988619998,-0.0915905777315828,0.375243353775893,0.0666335460429424,-0.843576966763286,0.893682747803451
-0.616061059073568,-0.575945672707931,-0.137555254602926,0.201181849940517,1.66407416834496,0.371107344916984,-0.881459462478885,0.927757075860976,-0.27912455141969,0.53115000389916
0.241902964650482,1.4087082790044,-1.61555247391903,0.664573104508166,-0.674806261164094,-0.310420725210171,-0.260648071416724,-0.376788596840445,1.31047306108719,-1.17429933191414
0.284550549507421,-0.735878857760044,1.55853253199254,0.674871995767306,-0.28354657692123,0.325846637396847,-0.345347557960692,0.9667239112527,1.16055940792931,0.612857318910126
0.897534734869565,-1.65986043854986,0.439241931049456,-0.77215750995348,0.184840453538275,-0.00953492650991415,-0.0422231183105297,-0.996017585599254,-2.37599857962428,-0.106713506725044
-0.288501295373162,-0.44738089453829,0.757188140969598,0.332023546868839,-0.978415543043652,1.36953129589194,-0.367975413764956,-0.954403246244249,0.856414785140925,-1.73907180536679
0.0518492736111998,-1.03088998000709,-0.0906519244514895,0.0545779268966277,0.604728082980613,1.07276461309868,0.496195565387776,-1.37406830837747,0.694800918663975,-0.312299449426883
-1.50859405948006,2.65442256130349,0.296567342441674,1.22404590120272,0.307727023808857,-0.503877554009815,-2.0177542330157,-0.489597805822637,2.54233449806099,0.944805358621469
1.10889115727458,-0.0406622399470325,0.46386402406849,-0.37958051168862,-1.30056787526593,0.349138373242128,0.131773376448753,0.239477995535429,1.33876400388236,0.269590403438338
0.0273139417466683,0.257340143926073,0.633985037209478,-1.29899231112487,0.378532257302653,-0.0709204420881627,0.338549087466223,0.275236914081245,0.667641333856661,-0.370033475429913
-2.13596431321872,0.715267893003855,1.24178554351156,-1.58931272319347,1.8764034821187,1.92354883717308,1.27739278051145,0.390917702899518,0.0559199068115832,-0.25621976214168
2.02956109704834,0.719522308605442,-1.09153074664587,0.632017997803826,-0.614558855609423,-0.946414226914581,-0.164935131047785,-0.403961510690834,0.473242387167827,0.0927907961704351
0.720533444895503,2.59210102637551,-1.4296895951206,-0.292896155123264,0.623361130581986,1.73783241887556,-0.325343497970125,-0.553009198097173,-1.9941346433776,0.886986856098834
0.226196025018984,2.13477466036927,-0.221275536352764,0.217283655233779,0.575598938200522,0.068053108578071,-1.77867824629902,-0.26250120473644,-0.795426688083945,3.62497097356107
-0.816438539243098,-0.835592602455816,-0.150215023828744,-0.150312077242512,-0.152381778665155,-0.991937590226527,-0.57929240337477,0.277766332781462,-0.0952215298823167,1.10469509393436
-0.925908000803991,0.37763146461229,0.298349507403148,-0.262147597860297,-0.070238354233644,-0.615149321565677,-1.65580079804252,1.11676142427516,1.22019015854243,-1.48902093035369
0.52076804334107,1.70724594610627,1.36326006115587,0.891323757234367,-1.42310774681894,1.77552370088404,0.0270340672790885,0.732044192236088,1.30880368939376,-0.0103169302416688
-0.152582826692096,0.0399407152727978,0.068943427491208,0.316806707804531,0.662818525788534,1.13157948478278,0.674923370450419,0.7195676462046,0.600355331940422,1.75680900764983
0.211286616324294,-0.97042665224147,2.24642659698797,0.660981053846707,-0.545431387790703,-1.06179485279811,-0.210660873142041,0.0735244200279877,-0.894931890924256,-1.22857409378959
0.798421622823895,-0.0765235483033511,-0.707341065694724,-1.39743695476556,-0.340790095423518,0.104453830860421,-0.545238707479132,-0.666317880938734,-0.190162209949772,2.23640338653682
0.943010868636262,0.369172409590636,0.846621819736469,-0.641665683940693,0.00866506603400584,-0.781099701202788,0.761431744239004,0.160399916317442,-0.435515346136444,-0.512505429827337
1.33861571274262,-0.359860827055059,1.91662832163176,-1.13094429853037,-0.0877393605225959,-0.367380670747585,-0.294726213061317,0.06886414777477,0.643119075991345,1.99101005752594
0.830909943756295,-2.10758348545226,-1.95908232252956,1.8496836922374,-0.809078922534716,0.968941166296688,-0.0195445611451033,-0.515163597726319,-1.31103003176154,-1.49063809664449
-0.245661871973842,1.19760853024277,-0.199920806815535,-1.17395526099089,1.19287496077308,0.000932981559585221,0.51626015783174,0.400379995100652,-0.600929466482426,1.01396400866973
-0.119103787302429,0.586132399624556,-0.226214747254648,2.18694312558181,-0.176109455418058,1.86666625530553,-0.7549763647053,-0.557389162470171,0.814591684397216,0.490051764718557
1.00153914630441,-0.561114582266846,-1.37655703233497,-0.931285079137184,-0.0731799567617484,-0.716169190606766,-0.101809551990337,-1.01284172296762,-0.894941298836385,-0.707520860892061
0.0112701397768924,0.383239257663737,-1.11842508162454,0.54353715925137,-0.859296789085709,-2.19041846003519,0.584189442465965,0.510249066125154,1.0486395334298,0.0380365294324055
-0.399946457820026,-0.276643277930059,0.57749268194572,0.562107824621156,2.459209025434,0.13970283376626,-2.07798006359463,-0.638853081572292,1.05383345947461,0.374264831797899
-0.0449078541543272,-0.924240039087633,0.402213231146177,-0.241245884924774,-0.725721401718936,3.23349079720489,-1.36050242144159,1.90429649512884,0.804575271385462,-0.340048858421037
0.792595325774642,-0.468084759941186,2.03957461216069,-0.989440112707306,0.882200231483911,1.31134492195562,-1.26340417767422,-1.26532833402524,-0.431053679035626,-1.51443793901343
-0.501532783487804,-0.613767210717951,0.101569475969524,0.803245053779055,-1.04143421775683,1.6194257883986,0.420851540734522,1.28455717520339,1.19880325153022,-0.953024347220067
1.50078438746878,-0.626172535011064,1.54899914390756,0.427204999012394,-0.358040053760753,0.22014619922857,0.862619731643502,0.213916095943192,-0.968369522070415,-1.43976123037924
-2.50769035044773,1.27675117585201,-0.940068496562405,0.125685683194295,0.553695062309496,0.721381445639203,0.209890281721627,0.104695954172763,0.368696430110849,0.170655101266935
-1.20345786260864,-1.17492645439405,-0.0631461133110908,0.440225363912843,0.931411101083699,-0.113816671913982,-0.634389960720162,0.959230777543189,0.513117220653409,0.295540677836303
-0.333825951903022,-0.67320467272137,-0.0903822793071617,-1.44797404949035,-0.552928508300742,1.98263191015333,-0.825747473664132,-2.30900897413929,-0.420798337794814,-0.614887897631654
2.22225664496772,0.980670765151433,-0.427588997207746,-0.58853036133757,-0.360173672094881,-1.22250852013088,1.7369873259306,-0.817090592793287,-0.105331252999091,0.304703478958854
-0.500462140116024,2.20690317441435,-0.538017541708913,-1.01916658154949,0.486125734712205,-0.0502918109281273,0.474803015240185,1.95090345233999,-0.852529232731708,0.52148652919983
-0.526102814342149,1.45061150609327,0.269914892637974,1.67305600073176,0.0453059052228871,-0.349088607765702,-0.480915527281661,-1.08695028074532,0.708903270291289,0.35569324742702
-1.58093697369779,0.854217112858392,-0.670537555195574,-0.518418370150442,0.47213622101067,1.08839941565992,-0.130211731703963,0.0104908654332623,-0.0426435372535073,-0.738696622667324
0.44099146571619,-0.436097168484641,-1.42081555143017,-1.24701687436917,-1.05156157221468,0.420254155071013,0.246126694652707,-2.07369015825964,-0.999328450988539,0.539736986239499
-0.228940480996809,0.343754487201309,-0.969019546707218,1.01460083718644,-2.63676092477969,-0.94947072428233,1.51093727807851,0.145668348918766,-1.32569857583721,-0.13866321909183
0.153371840181988,-0.979315407151433,0.55984391640155,-0.963454144013384,-0.335642255865646,0.127356135300658,0.191203079214594,-1.48963176184958,0.566719130291423,-0.556714119656586
-0.0683188616985129,0.802263855658217,0.716409709345142,-1.36225182567934,0.578962579838601,1.15842392816025,0.747621773571605,1.39628174361936,3.41619196330855,-0.707737851956225
0.271894747459308,-0.457593123974137,0.166551242680181,0.702665995403458,0.38262404593951,-0.803505917569181,-1.80609514941112,-0.452403208572718,1.49767507229113,0.232026410907792
-1.60376242009515,-1.85721237169681,0.871268185359883,-0.231258612319616,0.0744231391153563,1.62963545589832,0.842835481444392,0.624115348851623,-0.315769874698121,-0.993065742592088
