0.0725510107481301,-0.489724840403421,-1.7082646562096,0.630964571644918,0.327607799704719,-0.108281725888848,1.04869299150472,-0.112979241838804,-1.21007705691836,-1.3036629770427
-1.73869302049618,-0.81857486058559,-0.844632966281917,0.525585809262572,-0.318126843371779,0.746258248250014,0.833110848275349,1.27256517152075,2.31423193983445,0.949431331011753
-0.867924291576031,-0.292666779150288,-1.06213248818812,0.488306606739474,2.24696320552717,0.558329842852914,1.42382202020286,-0.489632652749371,0.96141429553196,-1.65782454988308
0.9592048973218,-0.200064338756331,1.81716079712302,-0.796562627760812,-1.36686824645853,0.538805076554204,0.0337280122772281,1.12597862531275,-1.26380351856195,0.525636148746402
0.195595867272576,-0.154916545148652,-0.601224418224009,0.90600378293276,-0.589741567323079,0.686246366462542,0.485912707625836,1.03940343171348,0.38395573713309,0.326818404861064
-1.92536972183043,2.47928347131632,-0.732710838323283,-2.34529538076437,-1.01103441713236,1.75274156163206,-1.14437948212438,0.840267020885993,0.267559118417237,-0.249759423488098
-0.373301996954916,-1.11738855182566,-0.586818719201343,-0.512918553509823,0.76361245723856,-0.441924300578169,0.0905754312575624,-1.20296623667922,-0.347679664555887,0.0394355542501796
-0.991724090984735,0.892359818765565,-0.0466658206216748,1.14987883642415,0.443586171046688,0.934100792706913,-0.0451663893291048,-1.04813179245734,0.173386440271692,-1.07670479216795
0.771789247256638,0.647384660090635,0.702048089934782,-0.114088413672029,-0.287423135423944,-0.634276143619799,-0.233181038693522,-0.300647904753703,-0.112486826569266,-1.80322226405278
1.10756076515653,2.19306865825239,-0.545239387098086,0.435809473810249,-1.57318948574217,-0.496814469639857,-1.81011146767502,-0.220015205062059,1.53545295389077,0.74981659490246
0.0310813238146575,-0.816751192851287,1.37844739557959,0.256950530152196,-0.155565456657767,0.0521866375124275,0.25962558592498,-1.85444938887386,0.532571767992448,-0.743955806886511
0.472881392629256,-0.442192955859211,-0.0641769306354643,-1.23998897119881,-1.46143247549426,0.434730470425275,-0.0945705242285406,1.34615788357058,0.107236102010336,-0.0351527680637329
-0.456637854085329,-0.152273582454277,0.927419418279167,-1.44160198482238,-0.931755308815616,0.862861023472161,-1.88106176536278,-1.02410639989337,1.36801528081153,-0.341564870515282
0.722151383545974,-0.00030857417408852,-0.847787823520158,-1.76388217172666,-0.861573588556068,-0.353891381713307,0.610037085233714,0.103665194538959,-0.0229133177712197,0.172665791072698
2.72396216479666,-1.55040652395238,-0.172569288223319,0.277608691699849,-0.129698976980336,-1.23657523269534,-0.364535347532584,0.390382626931126,0.923481036840967,0.139928350621266
0.918555906189756,0.575434869734828,-2.05010526002164,-0.466566752449891,-0.793967776191882,0.0240657701373132,0.265132329486272,-0.587620390753201,1.41624897905936,1.07819995687272
0.41333084061432,-1.86050282710829,0.720827663024758,0.549667176214911,0.386132789710036,-0.957508428692865,-0.299159595688319,1.54302578537461,0.25534126027059,0.749582183402197
-0.627315879121259,0.17902573378961,-2.35987280351162,0.617079409365372,-0.0312400035936726,-2.74883161431372,-0.265187426597769,1.01021761636512,-0.708010458604151,0.995504297834971
0.644119590235841,-0.820594838071442,1.59922344251042,-1.54245036834908,-1.17539721162087,1.38065265506181,-1.01668340818324,-0.577567491841946,-0.908488472490375,0.135753046665492
-0.907518647874969,0.515936866001319,-1.93247534192735,0.190786311088747,0.284995257668887,-1.8411640329575,-0.100268892807564,-0.224528927620902,-1.01461366929109,1.4570957641006
-0.714205873107406,2.88402898595412,-0.853902081816515,-0.479353541021105,-0.476193540385436,0.454771064199833,0.485451572221851,0.0407507727826742,-1.9091353583027,0.523593391351268
0.695990107470776,-0.189647768296747,0.51982751042597,0.835642832031976,1.14903040560423,-0.618988649138996,-0.120512355388267,1.06429561880073,-0.462792864043224,-0.799263480872356
-1.67773120442161,-0.394707107529172,-0.502985920045663,0.986661996009886,1.47837795192547,1.16779472697081,-0.491133056373662,-1.08451648127083,0.121078621347134,0.881799022509627
1.47358841704105,-0.249327401012399,0.973888677074507,-0.997500990193974,0.38879893234119,1.68898920805749,0.112409236455759,-0.967002537054038,0.882610438755617,0.609182426362352
-0.550176463148012,-0.583538582143663,1.16873219577316,0.259827872244247,-0.47839594210835,0.251497886399893,0.103837896195511,0.0131767874994628,-0.931407641106071,-0.850776714010065
-0.516507369717257,-0.74102183008453,-1.73416139017835,0.441042672213303,0.428276241531713,1.99896733875549,2.01425975322574,0.332488982880397,2.42624177281318,0.289153306728368
0.102420329819614,1.07372158383132,1.57216694285326,1.07669955359044,-0.545150570957811,-1.90795481208764,-1.5097223152933,1.67209870627833,1.3511970223917,0.0136411870195667
-1.18901545002353,0.350530665746845,-0.804491831908797,2.49966244770026,-0.654828365003012,0.163143741041018,0.270677657274132,-0.866489976009505,-0.266109704811467,-0.694121318367494
-1.54849362217899,-0.166021791512481,-0.261234413183385,1.33176315922106,-0.0752218232584645,0.893636501804834,-1.73026900476839,-1.19067624866092,0.779477268734511,-1.48839397144061
1.00909984763255,-2.2148508304658,-0.398874259029028,0.51302114465746,0.413703769784398,-1.59857539352798,-1.03876862199787,0.574255771709443,0.290169462739805,0.176857406143437
1.10658924441712,1.08390530330156,-0.443847655847015,0.582330145990401,-0.612793664747797,-0.241512678794014,-0.276775568702376,-0.892613468525998,-0.677046442265037,0.562844764304883
0.393919412689706,0.560384944821435,2.00226409211241,-0.100151710608003,-0.424763214797416,-0.721077902847331,0.358223762556642,0.0146492443308117,0.15408665830025,1.03938154131044
-0.45159918249244,0.492197733228317,-0.979965000405353,-0.401049114638263,0.629303410020964,0.522809385352114,0.304581802985829,-2.22914023762871,0.806986965321235,-0.17334783020128
-0.0915238789853186,-1.11509622643649,0.000892966612833386,-0.343028837503182,0.686958904394294,-0.265499080894343,0.962134639149379,0.454072276870232,0.283150104257674,0.0671312132323463
-2.18485128460133,0.428054383994651,0.981795358669743,-1.96037975736611,-0.0588870006812893,-1.36687533351864,0.616312082425109,-1.48836894304966,0.864545682052239,-1.30761874852058
0.0181491564942949,-0.526271762366554,-0.555547328877131,-2.02978307022413,1.20357317311628,-1.76434034116988,-0.29780233885612,0.151042407888825,-1.5776135923243,-0.0604576868138482
2.39316071412989,-0.487122629325896,-0.422411145722547,-1.41497611135905,1.32170844294017,-0.170987826176686,-1.55719126546474,0.89195661049743,-1.0816979102135,1.5192433561959
-0.924749577797997,-0.0137859703965218,1.49806289423254,-0.37487094816259,-0.258690597777488,-0.214772844840435,1.04989663779947,-0.107091812577551,-0.893391599103122,0.0385032393122727
0.454131946038732,-0.971432372834152,2.15204488373407,-1.2959381526136,-3.01715962308833,1.53021565563026,-0.396138795491315,0.929476791565059,1.34264897183643,-1.02095083066142
0.770666973808313,0.711743874319093,-0.151642278542057,-0.160824326828477,0.704123460739776,-0.577566624644055,0.868377578770414,0.577409207133713,-0.167487191239879,0.659403546373932
-0.816465534170124,0.587620270955549,-1.71211133096876,1.02877394558944,-0.533067008281055,0.252148159346285,2.08117123441458,2.33433847001212,0.704432145579578,0.675261391085122
-1.0081033468624,-0.604283720604619,0.247251924171809,-0.96631481477344,0.477811745104608,-1.53939285395999,-2.1563603833341,-1.34517421296514,0.483316243238302,-0.14471803736303
-0.699343183309465,-1.84139009605687,0.939372723647347,-0.562133704445428,-2.61863352906179,-0.115429851114727,0.151527802296893,0.274577548001945,0.842928317852254,-1.55338686613842
-0.118552295609436,0.271099706045962,1.31692669098264,-1.9681275295382,-0.622538950225121,-1.57664375090831,-0.647878250683795,-1.43541433943642,-0.809895712877519,-1.04338022652913
-1.37663127272538,-0.0111739566847232,0.431029751673813,-0.464218663263097,0.139725018353488,0.307699950432235,0.485970399218762,-1.69899621222932,0.124528339147994,0.509759149467873
-0.343830586060881,1.0388865223283,2.27114022976016,-0.609647238844235,0.524142352874788,-0.172954227192052,0.132177429554774,-1.52253965283238,0.233678523697569,-2.04269710228596
1.14299571958154,-1.22004867905545,1.12271588719615,0.444948815241279,0.244663009947213,0.574910093059326,-1.09940825274255,-0.965290889469637,1.00136857451774,0.0488792528271104
-0.319392549113843,0.511834245283898,-0.0573254620556032,0.77706709922744,-0.429697981485101,-0.934290959588294,-2.14967942264827,1.08446630168971,-1.55862653435666,0.388206542769873
-0.619516029217311,0.263023009293303,-0.794050556189146,0.553010467842508,-0.0724950224519419,0.00603208701059897,-0.689459671350486,0.943090346465344,1.15551366036587,-0.737237370139859
0.437285410714418,-0.056166332382423,-0.90807992309804,2.40921133638116,-1.0578155789216,-1.21483277411894,1.18905982444429,1.84096033926461,-0.840149560147225,0.536450860605745
-0.429045804782518,-0.810888228038386,1.20565519847222,-0.215717150793053,-0.607951596802924,-2.12795357398304,0.229200575138604,-0.0348961246517326,-0.416387319463832,0.864351320043035
0.987624464144714,-0.74840590164056,-0.57456877307321,0.388063817866885,-0.0234122387133103,1.99165372493005,-0.452961050681897,-0.483745543354324,0.555705950939174,-0.814686235905882
2.14725025420455,-0.407016688294208,1.20468485695117,-1.21784926151699,-1.03556614383834,-0.793933241248922,-0.0326616008929366,0.538628965176575,0.657507037754411,-1.78736937342977
0.277869741343412,0.561330748698653,1.35020109656689,-1.42943316783273,-0.364438843208916,-0.478740471408145,-0.415735260720886,0.0490322976927564,0.351921583839925,0.577340533794933
0.820723525135462,-1.52251899529698,1.45825165353234,-0.938309580103265,-0.100360125745825,-0.526572733529515,-0.284443216889406,0.83717451548785,0.187164198834833,1.85086386344599
1.2049691482018,0.373952129963635,1.2781228818253,0.476662957455537,-0.336584041739734,-0.0135782465954109,-0.0594181910965115,-0.715030902943585,-0.405950691429987,-1.05907382876237
0.254569527577453,2.97676075048071,-1.80749015492274,0.475166441084524,-1.0492715967488,-0.196084350131939,0.575493193889157,-0.63893919140735,-0.849013657121985,-1.51483196581256
1.39929210205776,0.232316419277891,1.22992092742642,1.31849810685448,-1.29455039999758,-0.989679348657303,0.349901420358007,0.283009771052664,0.792385381784583,0.548207646893615
0.246345425172138,-0.126533919223491,-0.000758720707293557,0.665527388142354,0.764059524027434,-0.0204332729059237,0.610573818796814,-0.321664252423314,1.19835947069278,0.264837951962681
0.746616924075663,-0.795915907708044,-0.205401676974261,1.28380158681797,-1.4815148306109,-0.913892275885318,0.644221991292415,-1.16410397485051,-0.398586664503643,0.129255208034313
0.0641110454616357,1.14329040320008,-0.666889928418271,-0.835480657591804,-0.374051214872023,0.556234248550084,-0.645064279224358,-0.919434855591765,0.65201583675188,0.19675528510256
0.479449841403894,-0.52296560715418,0.111757799882939,0.795803463377817,2.07288680724329,0.605259415328593,0.195866979579744,-0.254501633406394,1.24301804053022,0.6318923455946
-0.305321173528547,0.251239689215054,0.894576667805112,0.768653629983599,-0.282105810254802,0.888328684200005,-0.761586231271776,-0.440271898926964,0.0255678112144473,-0.349172085292163
-1.93371798702995,-1.03002116169454,-0.21821397544346,-0.532122826318981,2.55039324285565,-0.8472040291158,-0.171832052387284,0.740435185661671,0.326531661959842,0.953990840412247
0.652937729453658,0.402530374839628,-1.34973513207053,-0.687137518148703,2.01268279402158,-1.17645209908659,-0.462799190624683,-0.168407199802706,0.332489477484237,0.317149972287152
-0.0487452433182282,0.128322260793206,0.0662253389976858,-0.777634156294059,0.362264414888851,-0.73084535148823,-1.24806424389318,0.470365144251467,-0.173573800562631,-0.743230440044661
0.182446731182853,0.535420546448414,-0.538520576917877,-0.691403731364634,-1.40671195990851,0.497827655059991,0.34284571293766,-3.18502437376703,-0.350308660884393,-1.08624204535688
0.431171965824895,0.571313594507025,1.05898280907375,-2.74562632790848,1.15339267039901,-0.337402767664724,-2.05090123868912,2.00921314703808,-1.42580086018546,1.74014499086435
0.0846998731924044,-0.342970984257763,1.63564197838992,1.57509420032761,-1.84638291221986,-0.228310010612938,0.0896074285666457,1.24251069311434,0.275974276521805,-0.896703944723668
0.890912525179024,1.65583014716229,-0.445351916590885,0.366047830767453,0.495213562502981,0.380327429242241,-2.68875346707305,-0.631635080878932,1.56962692652083,-0.0975162710380875
-0.531381007537304,0.022030428341947,0.244836804192274,1.25394533134024,1.77338495651613,0.421948698366984,0.0254446383796454,-1.20535606359529,0.23324302664393,0.113319831541494
0.883366490911122,0.142948393648472,-0.0417222756415097,-1.31170424343922,2.26063543623984,-0.880872221691731,-0.0496123980609893,0.227238859111174,-1.1036871074081,0.527674623239674
0.302961697256776,-0.56097119603336,-0.545608619799521,-0.718315718071362,-0.0475907415346542,-0.508165570630368,-0.21289735878017,0.190557138010004,0.535734878588343,0.665970515984351
-0.506170305246312,-1.34416807224387,0.417205070965849,-1.14764905216749,1.53741979488267,-0.199842521065178,-0.884005955839337,-1.25736360947951,0.0707930337308236,-0.14417795543489
0.181827944392256,-0.743870705175636,-0.496387873223163,-0.726630293039363,1.78747257390294,1.19177523799666,-0.957177118768207,0.110485079839017,1.12529983429446,-1.470923555838
1.27570476073863,-0.763932789373872,-0.542249679918113,0.0688891907304594,0.150170284817328,-1.7531074520615,-0.0244330368098592,0.465842226552054,-0.394605107260868,-1.19469416841162
0.640327504058223,-1.26490399240323,-1.06929504867663,1.06386236971226,1.37759554786656,-0.270666925237911,-0.450945050327698,-1.20270484408594,-1.34694720859595,0.0725208829156021
-1.65190652325731,0.920671117649771,0.674805466236169,0.746910216330168,1.61849893358088,0.668004258505737,0.0595322698610732,-0.215506715828026,0.683000669562507,-0.486801671817164
-0.411146618428502,-0.756592935281786,0.589708779442881,-1.23929083684627,-0.565375800623236,0.120923255872957,-0.872545889294298,2.55659412282541,1.06166240216651,1.22421590086212
-1.31473318451137,1.41271334124631,-1.53492528790923,-0.511028103149635,0.712812454736559,0.0783907022602301,0.740815623253106,-0.465377915324158,0.759726798032729,0.239514704952576
0.803567888532513,-0.299158962500039,-1.45278449355421,-1.60529560897229,-0.611036036892995,0.476169614111561,-0.475759506284468,-0.429777113142017,0.801731076383675,-0.885151867774636
-0.258440674149379,-1.04201692677282,-0.697936388466555,-0.212777835405166,0.469807100132778,0.386442780865837,0.642945227959743,0.622200631243184,-0.987936929444885,-0.00106181998426055
0.0253443691441589,-0.0500541753575898,-0.348759152526668,0.67840208184713,0.405933498264507,-0.855850619295523,0.74628416621026,-0.0685234881027202,-1.18124684612393,-0.711762898692721
-0.00166630611481685,-1.91064195630919,-1.44474494450635,1.98031239735267,-0.174673261560071,-0.879787827878886,-1.61278068551078,-0.261420555500411,0.260226661214745,-0.449952483684438
-2.03810398984089,-2.74358148243854,2.51573182061589,-0.602544256424235,0.201684266008366,-0.387244508289659,1.30248180904335,2.58926793131472,0.34950454578406,-0.342456769796417
-1.4249498279502,-1.20801997971227,-0.700883831921452,0.595989194557962,-1.30718932605265,0.126678300327344,-1.02250543613347,0.148688198835049,1.55103977454562,0.190505283733183
-0.789050350086122,0.789003843586621,-1.30544352921751,0.527897455916068,0.274219091315299,1.02678477201886,-1.15589170541396,0.156811828020295,0.51200242625255,0.769542813751647
2.20317868620056,-0.00185421474423573,0.918739997067447,0.495598656581591,-0.7274366034147,-0.636526071728919,0.0360823179784048,-0.131827151196713,-0.706243843451547,-0.0646114838751172
-0.238278087940262,1.21079920786634,-0.0739153271673509,-1.22738574249898,-0.82573242811125,1.07270321329291,0.0515815455891399,0.0899704354407152,0.299030899395121,1.0439829900434
-1.38715246489663,0.447924025571465,-0.679793988258745,1.37512240783471,1.0455862962974,0.0433713141671317,-1.10432666740977,-0.53079193344034,1.77928809215651,0.321947560188047
-0.490772471339897,1.72944145134768,-0.56951120432234,0.0511798667810411,-1.50674585761198,-2.35855596167418,-0.828816128945576,-0.991435544206902,1.69933440252667,0.767196834709456
0.189992837888432,-1.86266683789238,0.0116970290448059,0.360339682468022,-0.218344694051913,-0.166087723983574,-0.285255163568866,0.441585002469773,-0.207116233800652,0.833690560781808
0.42135590984136,-0.506713508592013,-2.84930720249517,-0.772963830062965,1.57906003138667,0.599878018177968,1.75742909763549,-0.574852614165551,0.0686300628046243,-1.24744266803747
1.00844326682253,-0.982332037835407,1.46355522232577,-0.31069485050334,-0.937720932353864,0.148645646466971,0.919332465920827,-0.564794822958552,0.968383301341173,-0.192805560159937
0.51812156440602,-0.287336427821362,0.996204487533223,-0.766008831107946,-1.41246453446087,0.392181204521283,1.08848585306019,1.00960410484503,0.493864079424464,0.251179438730386
-1.58035444396798,-0.866337514030627,-1.08733836005346,-1.69169078275231,-0.44164384154583,-0.0445803604778606,-0.211961633038831,0.725707168612722,-0.197817889644372,0.384091461891799
0.364208043532243,0.725599007744519,-0.628571402927578,-1.58529869754665,-0.70682912751913,-0.58289042964825,-0.302591162633408,-1.65948888967181,-0.279309972206432,0.481260845097116
0.521557469322044,0.140329270791701,-1.73526918267734,-1.89234259269086,0.244412657903602,-0.0762319050468712,-0.448628349251609,-1.53698800709114,0.764263558944123,-0.674470270325635
0.272848377355077,0.83537188102877,-0.609650236029197,-0.270759266624023,-1.55302255466833,-0.0529248645000217,-0.213422119562425,1.70897672103014,0.574536079254683,-0.2154036802674
1.42615845834732,-1.88768221527221,2.50335861591853,-0.838721155083151,-1.06791472973444,-1.50710307786532,0.207028876686543,0.716442814401339,-0.959134909513998,-1.76124422310496
-0.0685799025218462,0.889937091393481,-0.856872078123059,-0.100161680761685,-1.94577065285974,0.0372835752515355,0.403474337731397,-1.32041082391323,-0.283461028567511,-2.67706017327895
-1.04539994439028,-0.722235036001489,-0.83412921745796,-0.515681163732433,0.00389425359039884,1.4061643040686,-0.509738923351284,-0.012639555752783,-0.0542898688444268,0.7177383230615
1.14219304145565,0.716511719897341,0.281387578410366,0.759073447120591,2.22544655933347,-0.767106418732199,0.472155398142266,0.349346914582584,-1.38260094497815,0.541596425699553
-0.400030124921148,0.969742447355179,-0.255357969824722,-0.0345607741578113,0.736560252415309,-0.913563863863301,0.0233799251933085,-0.312303427141511,0.94482158705079,0.412851380973194
0.39801094405951,1.05832563520801,-0.608529698365462,-0.787172846364604,0.059945224491865,0.455068884679913,-1.18285910747838,-0.105360444817429,0.185680796983233,0.339693584505964
-0.950118186955489,0.668273606610453,-0.371209582786187,-0.515543733214476,-1.79006761997812,-0.444489192034814,-2.09666343936642,-0.109822401782584,0.581209119124477,1.86552887709937
0.0454238919076345,-0.437943769539324,0.496914175214341,-0.487804420171413,-0.0129278265813295,0.766909828076131,0.940269317359166,0.28197830160402,-0.407360152928125,-0.3178395137777
0.742109807812742,-2.10530605531796,1.46007174234765,-0.526173532458435,0.337872079028424,-0.926187260564843,0.198466020296949,1.60457717011484,-0.718300357567256,1.33232388090914
-1.06981475469743,1.77778502044967,-0.624458276573013,0.0273113948925622,-0.442065568133751,0.205907229000266,0.583305764448214,-0.215309993618112,0.827556541150008,-0.502816235919201
1.99898826464475,-0.727003170606831,0.138232977560491,0.746595991149923,-0.824700991030479,0.655461273464864,0.48173142646531,2.5613836301078,-0.567383930245897,0.244164511763798
0.200688267530004,0.529326246213135,-0.343201494721144,2.30683127694903,0.0505580048376175,-1.31042247816719,-0.91296233080033,0.0441533592482237,-0.05114597083724,-0.0178186243669697
-0.689106957920377,-1.03818884676801,-0.313254539217452,-0.797058936056573,-1.31103554425817,1.85726098850345,0.582850246734689,-0.492597517964691,0.820061446227542,2.11172673380608
-0.177055589224717,-0.856972981228283,-0.593303178290363,1.05462089647928,-0.674017976007923,0.324816324780882,0.515903917971279,-0.299369256107756,0.841132473825389,0.266869664088747
-0.305396585126945,-6.6212189208386e-05,-0.765537745125896,0.204323414279601,-0.475217396765029,0.242625527253951,0.179212215836947,0.360591637574617,-0.258393167125716,0.0456730147287206
0.584364274758207,0.0386099696460935,0.65264326251815,0.936533308976832,0.406393860290074,1.21169972883931,0.558478602527693,-0.227279643124446,-0.818172610675137,0.079457951772861
-0.0897783812209375,2.06382639439921,-0.0909106106508153,0.804123236376657,-0.557646174374692,-1.12966847893357,-0.740279669427972,-1.09238939137618,0.357591894367507,0.476890122731079
-0.0477934899611899,-0.537814048493134,-0.0448767511893881,0.11298285619209,0.366977033214449,-0.742928951298437,-0.491221378740796,-1.64730095863868,-0.497037259597608,1.32926941554444
0.0967208153777501,1.56823154836494,-0.293101879289068,-1.81424745690137,-0.79945761659169,-0.0867294996919789,0.457593663861704,0.562302684636083,0.635275864078404,1.14792844355467
-1.69575930432689,0.91177356024568,-0.0931106672825135,0.0990048863435618,0.634398262356823,0.832756501182938,-0.258923709652893,0.211690759648909,0.254265847078485,0.0698815408762431
-0.287178835610447,1.15640982329312,0.172902119395899,-1.80401770648405,1.08900438111034,-0.312800053712125,-0.727317055267982,-0.689849236063577,0.631537387408634,0.8439078988693
0.95484590925379,-0.417212533849944,-0.453720384658419,0.505379812224113,0.891070371841373,-0.318487114216872,1.76047364241362,-1.91514235409179,-0.626900429100458,-0.098164088148023
2.0720975196441,0.153887532995348,-0.828668064397138,0.75539393032066,0.485687798826043,0.0478955497327355,-0.387616680775759,0.761360601905681,-1.16544154979187,-0.472348342656872
-1.54502864518136,-0.0903356648818869,1.7590606557151,0.105906635276192,-0.0604800005431555,-0.671671664920999,0.322383232145552,-0.415994468612678,-0.0821295978160132,1.32592322823405
0.134536206419087,-1.22937860964939,-0.196573761941101,-1.29671120853157,0.783280138547265,0.347997825261958,-2.02458776172409,0.173137243626942,2.50860319339868,0.609808408924382
0.0152291213810446,-0.852540578204335,0.9736151596595,-0.911223056887232,-2.51148298848214,-0.470408567248632,0.483098797354285,-0.123016507131813,-0.413960361315767,0.36516094834154
0.954012482128293,-0.752433540004576,-0.0437492960029428,-0.86604735100765,-0.663921292078169,-1.02642747633175,-1.62892243828371,1.30857167821748,0.931973301014799,-0.718976588725924
-0.125854796127809,-1.16945320898117,-0.723220894261252,0.776467252770356,1.66471139543791,-0.348041440171028,-1.55340960434064,1.77776983872851,0.32364239909563,2.09953802137518
0.154665722785464,-2.74140658309231,0.663646665580916,-0.492252694840978,0.711277834723012,-0.637194731347006,-2.21522423744858,1.84049279087778,1.12277995583161,0.740419436854474
0.862219095306362,0.0125205192587933,0.0328884508900337,0.783815317814129,-0.427798063659813,-1.13400619155976,0.097996643342045,-1.33501716290503,-1.19213774994164,1.32287289258588
1.08490483354855,0.247220605997245,-0.415394803133069,-1.86680597245551,0.637708236987117,-0.124852128262221,-0.813114625323747,0.218815222944404,0.575396043021129,0.0632314503761544
-0.941302417078133,1.19323506603739,0.724417349463663,0.397830826045313,0.125092725648582,-0.648644295719546,-0.127752393276903,-0.187862829802134,0.329575056934351,0.512186431018892
-0.271060718665963,-0.502783736034315,-0.377946328648734,-0.304423517476088,0.284873679376651,0.0574432085724834,-1.32646449156049,-0.152895145018133,-1.03199464981836,-1.05195027297301
0.432936797967441,1.09067771989304,-0.647485624486756,1.48465085142422,1.61239924728994,-0.369088190851653,1.07766860990972,-0.394557776558822,0.831215104068427,0.328823174884844
1.53900062839431,-1.2675866310937,1.13104150247065,-1.07496319386413,-0.617710822554482,-1.03122907356436,0.0929924019430954,1.35134754284558,-1.2996877679724,-0.971066201452722
-0.0369063184462947,1.01537764309817,0.816587097319362,-1.12869870436641,-1.2409511378867,1.11517350011251,-0.670131736325546,0.188760712798385,0.911717004929328,0.200878823716872
0.27150710468322,2.26466558608679,-1.10204494472611,-0.607657131860499,0.370503139101152,0.97212183293337,-1.13454255686883,0.0252340022110035,-0.623879813323216,2.03030983763767
0.25882862032575,-0.798284623333434,1.03094221464683,-0.293746271471781,-1.66051715461519,1.80446183319123,0.449760429011551,-0.657726773700835,1.07562002699579,0.449303857744962
-0.595829438675818,-0.463751030172913,-1.35719785779727,-1.76254414963843,0.533333861740113,0.483391696202925,-0.718847097225325,0.500618731433523,0.961254319947909,-0.510846914060645
0.663577589301689,-1.49882489975052,0.125338424217152,0.70107061059001,0.806903082328848,0.210268340497405,-0.377602835945385,0.532694854058337,0.595725931691668,0.64456032343677
0.2604186692999,-0.567836389549644,0.823390552329208,0.371238544733532,-0.53402360841533,0.0596162849467447,0.913966087238113,0.306030190994871,-0.301880654353664,0.653623739926275
0.850189407636088,-1.83077064098215,-0.0252887014199427,0.592377781521452,2.22863933819961,-0.11289965030996,-1.04042944405749,-0.532221666889133,-0.10262059397271,-0.706729038172863
0.502987486782207,-0.169497106204811,0.948363575864844,0.0125162829954899,1.25749747565168,-0.889331968461636,-0.833031236338486,-0.232876310157811,-1.11662473754976,-0.9699610149143
1.04645615493831,-0.779557340113218,-0.842766826633426,0.91364168403954,-0.165361058280739,-1.28746503298781,-0.939092962355346,0.284983045561429,-0.56093228894673,0.813754772535234
0.891381458378032,-0.674557307413542,-0.559462233432024,1.03973817383166,2.1924381756629,1.28350869654111,-0.0788896701191063,0.294674215791945,-0.494275401742276,0.330394180115193
0.309005398602996,-0.319539211560036,-1.0975725359595,-0.0807021572415943,-0.727204442857517,1.82137591180061,-0.777247884470024,-0.41670663014967,0.727761316468771,0.441910423039987
0.17419762077099,0.728081088787622,-2.05455827984107,-0.25766005311837,-0.356987419513726,-2.04518944519388,1.72661527985898,-0.570643833988077,-1.48537293742251,1.37677016851976
-1.05751009071912,0.708912791235412,-0.0171381597610726,-0.830853947682073,-0.480369992072812,-0.948252665003966,0.121837294350672,-0.307689756750004,-0.267396262915545,-0.791553933120227
0.364903243627329,1.16708123974213,-1.83168581792736,1.08298633029733,-0.336762910857133,1.31347130054365,0.846381227445348,0.163619375591663,-1.108544868492,-0.136929688155046
-0.850863517231784,-0.902350013829302,-0.573505624375743,-0.721304667076918,-0.140416980238183,0.634820162682743,0.354008567504383,0.767335747011167,0.932470066611671,0.865460857926914
0.378741577122301,-0.345507329973495,-0.341991648303613,-0.609765294003086,-0.437165948003191,-0.0974697137246803,2.04740287783184,-0.0590358077020176,0.401578022822146,-0.367443683694829
-0.0262117187868403,-0.973715191179287,1.29913864750867,0.443144235678106,1.09757316420462,0.212427339212489,1.15967910909701,0.432180027953299,-1.77714394826111,-0.378293787375819
0.973187074080121,0.0139636922091316,-0.15069458711915,1.11246255499195,0.604372726903223,-0.40120934815644,0.183201833817315,-1.11351925880578,0.601988580411307,0.439931559687847
-0.733831269155546,2.05686535751746,1.1702946732183,-0.847129952109229,0.722621509958654,-0.580866151688653,1.09018410471341,-1.30258833801164,-0.209878466054173,-0.705335437313066
-0.647359902239778,-0.223772225610022,-1.14681881208043,-0.392058579494972,-0.337960564881306,1.20385400916062,-0.685282534079177,0.450354427970497,-0.0637436391189541,-0.010657789835353
-1.02077538999616,-0.312605568253897,-1.87756452070384,0.150733740171863,0.340872539535702,-0.0651500805222443,-0.242154029415017,-0.818751582798958,2.12304029735795,-1.84496907102548
-0.252067070973259,-1.21718293044839,1.58999586884917,0.489745632533643,-1.03930080929943,2.32820101219614,-1.04991432021192,1.81670813913208,-1.167291068083,1.21848454413651
-1.4549845204834,-0.123505621138623,-0.535462825355551,-0.960041886758686,0.320327806477791,-1.29760382366708,2.51404997674616,0.237112936000467,0.81384238745207,0.507024722052326
-0.265139687515279,-0.852353322435381,-2.0263534492714,-0.802501436815906,1.69766184347893,0.179698005072206,2.51555246821307,0.48448978701604,-0.945669486809711,0.501652765740929
-0.534441230295119,-1.88203708697774,1.39176086765353,-1.62290316771075,-1.53212915956746,-0.775271813169532,-1.85042518013837,1.43382785485747,-0.897750979936524,-1.2692472392939
-0.192856478733777,1.72126618511912,1.03703717686825,-0.608193235736769,-1.08798462606702,-1.38350702660512,0.11029360980339,-0.234907346626995,0.372027878989133,-1.45816750679794
-0.185413603974218,-0.00958268250626597,0.310321841167587,-1.29520973143179,1.60486020255681,0.194740827740903,-0.53285059251531,-1.62564826529345,0.998000210099869,1.4293131159819
-0.568210136789588,-0.619498523926764,1.13244373176059,-1.02848038478114,0.490852426369279,0.037928025551865,-0.814180267019319,1.34926820005088,1.66025346644928,-1.47870406207269
-0.0487659185455028,1.25410270024663,-1.0596778392278,0.728483225546135,0.754938132333588,-0.496856209029626,1.86344567280565,0.0259751440746774,-0.204488239539429,1.01553383791947
0.852306089448612,-1.4109392278002,-1.21133450541751,1.23467615422796,0.155836397248883,-0.856135159053972,-1.45753203644429,1.44949431381538,0.0990374277275834,0.613499294504879
-0.706876332968639,1.27096881747486,-0.131053153907691,-1.45685868661337,1.53966560695603,0.451900609603127,0.227258312544296,-1.63154025385873,-0.00218179232269885,1.41585443624249
0.167684216810891,-0.423365665894724,-0.956209772397733,0.636421281416327,-0.599547560014802,-0.456496925128597,0.561498290541368,0.692199819346033,-1.34781409596454,-0.144264238212949
1.06566219696324,-0.287966821199253,-0.906073351472574,-0.750662129194223,-0.470345678623933,1.05169609565752,0.69353975100855,-0.890249743764558,0.206448372562426,-0.691832888463108
-1.23611562196685,-0.864454051445934,0.473830472121162,-1.35140006809026,0.571276758385403,1.50092346703067,-0.0810408019627368,-0.883948190720478,-0.733614404588323,-1.01816766549846
1.26416756330791,0.376444141739925,-0.569372152549065,-1.66227298794772,-0.0184828776992831,2.02023025696588,1.29668180926462,1.65796136876813,-0.816866761870441,0.310228943689068
-1.74368216021207,0.466641613510824,-0.356760322663077,0.896658806865465,1.31836695850113,0.846965586321647,0.251327510302724,-0.348468166603047,-0.901050107997991,2.05493492256694
1.39464398163252,0.852799754028655,-1.47245340015402,1.32182093380541,0.751718713963184,-1.52045700685978,-0.150679969259625,-0.699097023689061,1.39399700353157,-0.524902122699383
-0.593475472624522,-1.0866089124421,-0.614535528981451,1.71626672937117,-0.468692538985682,0.472263429642717,-0.205431275989296,-0.57151661609722,-1.41118720627679,0.499745864547507
0.102249993404014,-2.89545321783275,1.11659037389875,-0.288475464998036,-0.966052913737837,0.0034555358515282,-0.247802791307767,1.20353243209573,1.4034341166869,-0.738277331080894
-0.586267268998331,-0.459093658931211,0.233966297465084,1.72345597392199,-0.0976585747390707,1.32769681057032,-0.0958456251787022,-0.350331526726852,-1.5573597254758,0.993647913923296
-0.375253013560807,0.877597838390657,-0.695316409587396,-0.0694816145222665,-0.078522003248586,1.49210655943406,0.785627226617245,0.84396782653529,-0.787483963082219,0.448118784639318
-0.428923566507743,0.463183873130514,-2.08201601109696,0.395907114984621,-1.20331392158971,0.757745430526753,-1.92265419371507,0.771886392113564,0.0762647051152299,-0.549430136087489
-0.189342230402956,-0.132553885433164,1.98387071557758,-1.86007617373853,-1.05609627276553,-2.52690706459874,0.242055808866143,1.29761629283586,-0.0455580707179757,0.804274020780399
0.824315740854129,-1.47731362225898,1.69964751918313,-0.501969899549749,0.540824994177124,-0.748374805386686,0.0904599076927788,0.67690622850553,-0.995140689136743,0.168315433622158
-0.967025337298156,1.4519643616953,0.178889555169428,1.69330999706967,-1.95815622073928,2.06263924298432,-1.79493373685063,-1.04763364536808,0.693749617927383,-0.403631066527455
0.0950624360950146,0.740174371783055,-0.687415027224789,0.866948052131588,1.05867835848829,1.12455472455395,-1.33100229454187,1.0355400885285,0.896531639188141,-0.497106026214319
-0.119321681597531,0.110900475266054,-0.300483390017296,0.0208664145378129,-0.0865056053516104,-0.639570389171787,0.403969561365972,0.364555997415904,-0.770657966250099,-0.746411281884357
-2.03338672764767,0.423081124313401,0.659326419608105,0.830377245615482,-0.52320444798228,2.94080133785861,-0.281755483018927,-0.86635952379823,0.318260155108079,0.914478183306395
-0.144454910764929,-0.665867644092831,1.50001995074948,-1.65124559795046,-0.647526193140077,-0.124054380755744,0.705662274558693,1.78758420860368,-0.0764407664401511,1.20835046417193
-1.54360690783706,1.6340116730548,-1.61956953247023,-0.235370649353156,1.10564013386943,0.581608988025874,0.866118307040044,-0.757678008912867,0.116278744950685,1.33008363069411
1.68337652647243,-0.664068085037792,-0.437835002096915,1.10028510918298,1.39241565595472,-0.606417115443091,0.258451481626712,1.5193499828362,-0.800242318175051,1.31690423649602
1.62066324042099,0.851330848158514,-0.767752587426251,0.260964482885792,2.06215061723839,1.20038541887392,0.0970282929029468,0.396571989203381,-2.12177024663028,-0.066895815515818
-1.06605610149313,0.926741896892074,-1.89179877473011,0.210453444758513,2.13205630147474,-2.62325543569617,0.153397177611092,-1.05716603058466,-0.526134345679732,0.0721770182505516
-0.808295295284651,1.85885897570758,-0.11748251709119,-0.559159013833059,3.19084922216985,0.1957493332389,2.1640332127396,-0.573930491009713,-1.09320705141033,-0.715449472420879
0.338409292705408,0.325651325856432,1.02857489069602,-1.52269630153644,0.720779995449262,-0.37685361757594,1.51567817761091,-1.35433005649078,0.347249633610949,0.155891809146237
-0.309428501189111,-1.31089282932124,1.45751798877329,0.479177906492435,0.734170041734883,-1.51788899818341,1.66139171115951,0.0282265482237558,0.822458349688835,0.895912109331019
-0.0739000367791972,0.646346730513251,-1.13973588609028,0.577372515354383,0.51402818806025,1.19875334185563,0.39818136225208,-0.311253818750768,-0.118086572705456,1.18758150538466
1.38343627468431,-0.168545954340003,1.2885412795529,-0.574118989942224,0.619836429965134,-1.25654335159513,-0.489600975986082,-0.529097549901411,0.743667324917341,-0.848929978021197
0.598640647496056,-0.639834862177583,0.239734966330606,-0.455850225730669,-0.611362714836899,-0.199650689632633,1.7924571604552,1.47426194966049,-0.294640553481884,0.928489065918819
0.585723344326085,0.0917648709559477,-1.66970707369954,1.39982446851777,0.989928400637053,1.32772997286897,0.312136119904563,0.228076385878629,-0.711293556029051,-0.200785676690286
-0.218049219475233,0.098573808645972,-0.473995514358529,-0.407016012453434,1.48862610162606,-1.00777205042294,-0.521363896785948,1.13233145944474,-1.35688041526117,0.229967238172848
-0.271717369019471,-0.932021673878669,-0.500075048976962,0.201605715452136,-0.0613564917530815,1.8298211654079,0.0820307957257513,0.420684819340316,-1.50190831806333,0.259407723125978
0.114760626112843,1.35266583153318,-0.189206948727372,-1.58141487101309,0.165827935034589,0.612706129932691,-0.803406357763321,0.642818495051465,0.616195444831748,1.12992482277158
0.369034990258461,-0.724379223918588,-0.392307889444998,0.0950634558227169,-0.0115734305176943,-0.24228126638973,-0.461377754357584,-0.00164412527802661,-1.91104559355152,-0.607238808133285
0.140945807400399,-0.884778787704605,0.83323506161013,1.31704602548302,0.344718510029289,-0.610638032515656,-2.1616319146724,-0.557176286769882,0.424141675767046,0.160472360577087
-1.20061525479742,1.31632163162467,1.49216485968972,-2.58166793676563,-1.3678516237906,-0.752966462013369,0.225851206963256,0.915439909024429,-0.382469757609471,0.359611570384582
0.579210257475079,0.234668564142381,-1.37466673199262,2.9039402933671,2.67804203005749,-0.688233993465244,-0.147920374646539,-0.0116898807818484,-0.689263462539064,0.293841674005745
-2.27263216897917,0.790715281182495,-0.108091047584401,-0.942854004552264,-0.739817188184423,0.199319458499821,1.24689784804321,-0.238611763553915,1.39867379125751,0.654657805621538
-1.07711687111718,-0.402211240139394,-0.209549307360375,0.856696204714576,0.420073032151355,-0.17954063332318,1.55827938800069,1.26503555828902,-0.202393550736092,0.361887496473944
0.447777975622306,2.32267896812832,-1.88513805303318,-0.479248375531629,-0.506422484012627,-0.0792742864485406,-0.981267214810698,0.0441700737129256,-2.06671372928799,2.05208062871554
-0.997890334471184,-0.209419914066931,-0.481572607039939,-0.784992991145306,-0.280990727611011,1.77131174230558,0.166586776245362,1.26003857831895,0.107904823988732,-2.81072191584998
1.69402161530165,0.117581803971253,1.34355229222675,0.740236598482482,-0.27421526591368,-0.712836648646347,1.01909418042925,-2.09482263800171,-0.673906382765019,0.626432111543824
-0.126825920566698,1.19196210996998,0.974501616990266,-1.39312940328967,-0.0491980773016269,0.193290741919367,1.51988525688161,0.0742588565227545,0.926056518985946,0.172340985723639
-0.122836707241859,1.79078503467146,0.669699835372798,1.57205947142721,0.983150928548588,1.02852678385406,-0.0435342096677582,-1.18662308509687,-0.125534260996994,0.934824334259399
1.3653787390549,0.239000814185567,0.448147027717027,1.21426171705898,-1.12119213188637,-0.0432144322755783,-1.16376119659746,1.14350059100197,-1.33880497917818,0.176286913795635
1.19313577752513,-0.106399845720807,1.00619040537061,-1.14515221544804,0.725170863804657,-0.316175159514134,0.885113704586157,-0.290502391938938,-2.021510590517,0.0765085113760515
-0.151709607320317,-0.693184045366953,-0.00451132524924166,-0.927586103332133,0.0401367713813566,-0.00103202381393523,-1.37746942560662,-1.62823185560352,-0.579634718010516,-1.02629955486823
0.0102486030153436,1.85217265890892,0.819646009459583,0.302859459025524,0.841498839669915,0.429740061286807,1.36545533176701,-0.0563891178699559,0.666087217053275,1.21016195710281
-0.466769865473464,1.10092631136055,0.367046970784229,-0.662206733478127,-0.80545308962365,0.157902818572581,1.29691742779349,-0.0885154927378906,-0.511852849743911,-0.17605411749029
0.477263197637715,0.204630461989001,-0.715596679147335,-1.33526911341968,-0.453764358120518,-0.633419496272998,1.05425415340886,-0.5736084509065,-0.768764798071219,0.347336684883117
-0.321020208683185,0.482337936581982,0.0865845211290876,-1.24050026797229,-0.305689241177394,-0.573227127423771,-0.0206867416211498,-0.4911063566076,1.89676431789835,0.0635960706446123
0.221056524083889,-1.96365535897853,1.09859613132732,-1.18306485734906,-1.42977101590681,-0.521424226483507,0.641195013061366,1.63558963539406,0.654066944390079,-0.0655092923508917
0.38591890063391,0.478005900256782,0.270855431005844,-1.63206750475462,0.684952494302984,0.323022013270175,0.696329296628488,-0.619924386363512,0.747756525628139,0.407362940692364
-0.223315063338622,1.61526817091038,-1.89984864421932,-0.597755456991327,-0.711675733266186,1.84872676637224,-0.0781131766809256,-0.568420812011309,-2.15622947163531,0.930478647201547
0.0692368027760028,-0.500255501048209,0.432062386505513,1.93537007273997,0.72488613678294,-0.509291331532963,-1.04616099324465,0.128449031938745,-1.02459600281526,-0.228187543920507
-0.297987194890379,0.0807300373578362,-0.741247681326463,-0.00698029009977488,-1.24611886096307,-1.74794854466311,-1.87921220757033,1.53994107878302,0.282746179133652,0.787479736532149
0.270655964018052,0.663016306793246,-0.642844701509807,0.546546037389719,0.641895307261539,-1.35710704026544,-0.388044812681194,-0.798530527715446,-1.47001096208506,0.241443153188131
0.201828662054172,-0.196858182642936,1.42854900417785,-0.134571971494478,-0.840793333876178,1.37051344877885,-1.13687720012024,0.140539271008205,0.82457735219841,-0.191057204698395
1.91630499579809,0.0521167239864333,0.378733483368185,-1.94924215799837,1.71453803424229,-0.319842401877517,0.270155884811626,0.681449473305332,0.931939325275945,1.38883701804651
0.142767103270007,-0.100800741172625,-0.423774231323703,1.56778133599294,0.497591763274726,-1.23597668334583,-0.640165145326857,1.03595533994523,1.03304627575533,1.22508176694339
-1.03151420696835,0.61662414869912,0.00342352681491297,-1.04969571899625,-0.818137530171926,0.722798930801476,-0.327965125058019,0.971609669479801,-1.28379857896591,2.26132811660312
-0.31307297519353,-0.406642833583545,1.82851512686399,0.489986284608329,-0.110754839566109,0.0168702374497558,-1.03216228563592,0.916786775507261,-0.934137257951233,-0.130386233087823
1.067948944084,1.08469370755897,-2.22187184656181,-0.970886093981441,-0.15768741873301,-0.0580647288297375,-0.625469546202657,0.532684941568482,-2.04676073934433,0.150722742198621
0.203655807481477,0.117385481035408,-0.459045579544368,0.0508593206270886,-0.151827900413905,0.82038622898102,0.981592868679329,0.466279138497489,-0.10860307522935,0.755367522100965
0.208242649059768,-0.628186829419252,0.516741858219578,-0.611929975423574,-1.71268768371666,-1.42029548483012,-0.0498853152469331,-1.7564764251095,-1.07574943659337,0.622309778540723
0.342499257313105,0.369328294095299,0.338607830255743,1.82324617584211,-0.379084157069399,-0.0587781072865243,1.57238916089693,0.0277484294930669,-2.08305981157509,-1.51454761392197
0.216536117600364,-0.865262854707512,1.61504994358444,-1.80462722143758,-0.439634826025753,-0.422082125284558,0.336612393527892,-0.0551320636049432,1.80080494586664,-1.83537274558626
-0.0196965050297602,2.36615631340635,1.16759087854087,-0.707842590458776,0.501196025534598,-0.399875305966337,-1.05151726844951,-0.461498758088486,0.566190616679861,-1.54987630542054
0.106029396331531,0.177323592413749,0.0388366490465059,-0.272805685470589,1.13415618039252,1.95821575705526,0.336700818526899,-0.380061059966903,0.826928900740692,-0.582716834836652
-0.671925239230427,0.521067032866241,-0.940872181721225,-1.38437046488925,-0.0101030828789371,-0.290823618416679,-0.346229459412782,-1.00898010096271,0.83144297778995,-0.358916690568219
-0.0951670313308418,-1.34383100307211,-1.92046145583773,0.333564968254248,0.653011655222615,-2.47723022317135,0.707088597169809,1.61935700678949,0.497195154476557,0.316736906058055
-0.0755269177618214,1.15395775016116,-0.597620994557462,-0.826907479572792,-0.409821039315467,-0.0625622652207879,-1.41759988849744,1.10896463433728,0.269465304800194,1.58688867580738
-0.310933771245626,1.08108965645902,0.995074131915635,-0.548067720252457,0.124532982820453,2.86728626952399,-0.480591267911424,-0.60382071303288,-0.90088890477177,-0.155408457360181
0.194648115818007,0.473954538840751,-0.79401210948157,0.61697829694214,0.677091692678136,0.570899737881303,-0.294287985545276,0.394618187008584,0.52165689972316,0.637795117886716
-0.861759358964545,0.27377850202098,0.877270461655849,-1.31659798034336,-1.25069969318864,-1.83640333688192,0.505132364757486,-1.67491500312135,0.42020729264797,-0.136498311876575
0.648779459960935,0.188747430019299,-1.30017500899515,2.11342257551994,-0.0189326271318673,-0.717526696522326,-0.649263004535918,-0.68822320995868,1.24461183667175,0.781260867108887
0.752675099415883,0.768632717047687,1.34413834923262,-0.575749260475026,-0.500584618341855,-1.12614516963858,1.39895771479868,1.24585043017773,-0.930212268961609,-0.126842319092494
-2.36966584022136,0.527102367531997,-0.144208709936366,-1.03952318964326,1.37381214739112,0.962509218809866,-0.182223882652286,-0.907001454630024,0.122757961090887,0.84067207244194
0.969731319515857,-0.792433877315874,0.730421586132033,0.215706707122003,0.531053981089228,-2.19571405492095,-0.802421166761051,0.109424351725988,0.655909169479684,-2.56331858680221
0.896511624645602,-0.338231083025845,0.274435009675544,0.886233027925663,-0.820265485716715,0.303499098246192,0.772714127185032,1.81456359667408,-0.260007946343812,1.08788193080294
-1.73432630706568,0.920772339415122,1.27961015062656,-1.0419847554079,0.565933580860736,0.793446085903071,-0.749861672936152,-0.454463529291353,0.493884600052976,1.03902463531127
0.984388153717832,-1.21225772751768,-0.335186623718477,-0.406288128278599,-0.137592909934358,-0.595476969327874,-0.492079333338497,-1.93412772938888,-0.616267167999251,2.47056557689708
0.66675642282334,0.7304595189673,-1.06041586806828,-1.19035473678957,-0.0736692186620287,0.196380296878337,-0.519191342209796,0.469945878071848,-0.808083039668068,-2.01067524263392
-1.70687858397064,0.197870141546008,0.395329759640147,0.674547320878446,-1.20367576958873,0.471604873183379,0.238709497744427,-0.00897874990531433,1.182512890578,-0.285207287752511
0.764304881617033,0.74302957164337,-0.962142863166075,-0.390464622342473,0.680320199316792,0.425380323984372,3.042999423619,0.334777048638305,-1.13598178268543,-1.02982108661692
-0.49832316215188,-0.209704102191006,1.82926442492191,0.207967441171759,-2.05595792699801,0.816651586666351,-1.40303201929867,-0.274254662425222,-2.3668871913708,0.459323480588321
0.543382081251188,-0.514168235722401,-0.0188688010334062,-0.554853344800907,0.830983494527047,-1.66821220903555,0.190307165464107,1.81627000421167,-1.78851036717974,-0.188101167271017
0.286847054635044,-0.156397634904017,-1.0247644222043,-0.563748785761803,1.28167291408632,-1.95896927070158,2.18487584489858,-1.32787887334766,-1.78553769564691,-0.886689286800719
-0.574495057347687,0.0415883057854856,0.553535231712857,-0.488401303611509,0.495236018136894,-0.18011621404055,-1.64756658170487,1.66411510460092,0.048816875010493,1.84112359369876
-1.04812426330597,0.852880413529415,0.49049921985944,-2.0619275775524,0.776321397829328,1.05638006368119,-0.756445493281831,0.349745347482188,-0.315615503817689,0.167241779968637
0.5092558199485,1.60391178209098,-2.88349110456081,0.830168723820474,1.23662521545244,-0.245150722299079,1.61890050849863,0.334600429863295,-0.725183392596774,0.258122142883188
0.60771124308843,0.649030410079984,-1.41148506522046,-0.686776974834329,0.101007085147086,-0.767437110098693,0.385409053915098,2.26213830513708,-0.313047935577231,0.615235113834749
-1.21989292573227,0.0743963654063373,-0.896747170766476,0.342248126895612,0.785659889152748,0.3664467071478,-0.301152372736827,-0.821452970142003,-1.06253713241966,1.42735836285328
-0.767762115652391,-0.84671077180514,0.618140587472212,-1.40427904677583,0.177175111827416,-1.68083985835007,1.16155839164119,0.425443999292042,1.37073529340819,-2.53942693824308
0.486020434976965,-1.00923101114388,0.290891665363753,-0.613999308499191,0.722121446270767,-0.435806624786436,-0.114421389655161,-0.298692928711703,0.999674171645792,0.0596151460446548
0.178368939314827,-1.21384957233183,-0.657852587726413,-0.0803020889156885,0.0989189338810782,-1.38974892346593,0.766689494361324,0.446373542655103,0.513268577131269,1.16442079432248
1.526052270492,-1.4310460604681,-0.540031752081355,-1.88533456483154,0.981274781492625,-0.432558350620276,0.730700497372286,2.3359868669934,1.11873447806414,0.773124858754277
-1.89301512563424,-0.736179441438643,0.482503374307212,1.48120276242265,1.45476962448992,1.21580273531086,0.280301969061815,1.11724797288647,2.3230084452493,0.494029129577884
-0.112396718046397,0.846576892998461,-1.27725086892342,-0.296866668857687,1.37015827056984,-0.605827795029354,0.11154233626639,1.53006713345671,1.09308761285297,0.453564131672368
-0.279140102918261,-0.679958790394553,-0.568008482381815,1.57877422685828,0.317102434775351,-0.3257763801605,-0.555781976661595,2.29588899671138,0.44119694863921,0.679720487148188
0.200082674647773,0.647258949599414,-0.792702250846907,0.151917946944018,1.28001415037407,0.0767867243552469,-0.336082559564395,-0.475255922769599,-0.159675377882556,0.0350600274752541
-1.60082736451783,0.405984581741938,-0.343563762613808,0.200329694031722,0.154020050165625,0.215600856611501,0.0834516169443736,1.64122875858082,0.328070732167937,0.390038255315828
1.12005041583586,-1.97069433975306,0.172958929206711,-0.944224009034008,-0.108323988081994,0.0756264764512234,0.230579454320584,-0.168003605121037,-0.850924343132349,-0.281847624803828
-0.520807382838924,-0.104599304430641,0.164364658153039,-0.164086388473075,-1.09652175001833,0.676579108796415,-0.381378981921825,-0.33785971508898,-0.372492255069891,-0.380177687351979
2.13293652598237,-0.144493139609478,-0.0502407378470994,0.571583084341692,1.12001741531808,-1.49089368189729,-1.74049913041456,-0.216104976092962,-1.63988082031986,-0.267618308568734
0.222503276391474,-0.826800623252526,-0.00117978054611829,-2.0587426898701,-1.60801496189355,-0.458160763235966,1.3185109260081,-1.0462675555264,-0.729851038756797,-0.306434828787566
-2.58455486879954,-1.09136363762435,0.545018629785229,1.08249724051866,-0.981211616353795,0.73386948755453,-0.267657069865477,-0.873481774372397,-0.0497256172205015,2.13638346457892
-0.676424942652099,-0.716632214634977,-0.0866496458857205,0.570978084507809,0.554867973205261,-0.339937029795783,-0.541685957371476,-0.391195816281495,-0.346367873488815,-0.694388476584773
-0.326702664572452,-0.0627404745458707,0.798392548508806,-1.12213804183359,-0.659410224454319,0.688595896778361,1.73530336539632,0.37645348222053,2.17118288924598,-0.292968885417753
0.829334981616848,0.238362199796359,-1.46034931913631,-0.766640788224874,-1.54242968944548,0.733397905505407,-0.94896823758786,-0.15751967028484,-1.48468391713717,-1.455153040593
-0.442408347852276,-0.670001359573838,1.42429736021823,-1.35678973892529,-0.788466155296209,0.278012476462657,-0.378646933173593,2.33516997742052,-0.205474085395719,2.00437206214972
0.649782103879641,-1.20031004879802,0.687472773141487,-0.849427891831704,-2.17662625633247,-0.316996485680451,-0.104313991503982,-0.189192313434255,0.433771539751793,0.525581993915818
1.44342004236126,-0.43900884568695,0.91361139995957,0.200266833446489,-0.109271348772843,-2.00357852280439,-0.859719860722295,-0.8753841087077,0.058990862002981,-0.29203473774724
-0.364714622059361,0.24677003930534,-1.1953942900446,-1.73778535823906,-0.33497198777105,1.11277987266764,-0.574972603066953,-0.533762149429135,-0.295033497199442,-2.27648213987402
-0.369540865779693,-0.296122759849385,-0.634514345321433,0.445612086494483,-0.0296321575972442,-1.55175588015202,1.50492470449843,0.829462300581452,0.984480523415222,0.125455988701666
-0.835661496616138,1.25022212198134,-2.67447929444832,1.13091450733968,1.05020766400789,0.557449312114206,-0.313109418086533,-0.242848752524521,0.577640946329853,1.48292810102258
0.944318741870334,-0.458515693037939,0.0881780207097261,1.84477713668966,-1.8121667971363,0.578035404505657,-0.321346345856565,0.169641474277446,-0.0853028729158697,-2.49310493723312
-0.114008238705143,-1.1653529733873,0.612740248649893,0.563821254688917,-0.449241665424023,0.607246487776752,-1.24427688712415,0.706664789551354,0.802811110262262,-1.435877220885
0.352720748363497,1.48269698306595,0.204247653722695,-0.843527135460262,-0.0464836136964547,-0.797589625658735,2.37304319736716,-0.363851945718496,-0.156421646324529,-0.343185188922919
0.469828244704285,-0.700106984492902,1.2658298995544,-0.0498027664813114,-1.16948590701637,-1.03093803684142,-1.31167046447541,0.573077725386309,-0.0944333551360281,-0.0640214238938958
1.66301017136299,-0.917668156970514,0.368624983906185,-0.0248130806945989,0.158948177168773,0.110270735539953,-1.20055625122241,-0.57595651205695,-0.568983457448947,-1.60391279662678
-1.67174979818567,0.43186348108868,-0.183966587094386,0.261011025012698,-1.61755017313843,-2.07710509369368,-0.330367717238251,-0.436461420176273,-1.02895344809595,0.345904931963326
0.592036642082572,0.437401541993711,-1.13232518499571,0.277652455414081,1.36026874818215,0.0120366604173641,-0.726607014433309,-1.05795460416771,-0.281883304928592,-2.07026655585268
0.660627991267336,-0.354649978904603,0.373829746436205,0.630543767788444,-1.24516132549905,-1.08661423435061,-0.115489727129696,-0.260679821000719,-0.983650900716164,-0.345765038870328
1.50328357799089,-1.32739788484141,0.256377656906404,0.778476444129108,-0.491152799667033,-0.231677223902416,0.0596270282733764,0.652648736427497,-0.813300214346237,0.217189608838454
0.721242148398406,2.08035896562818,0.936044929852785,0.156494074268205,0.191427590675014,-0.282797189671669,1.64380681789515,1.64888108323804,0.0023691579349914,1.17510809124523
-0.00798592371996827,-0.549657363193344,-0.4098205777113,-0.80437532929938,-1.22101348877896,-1.54717858204644,-1.21474295000564,-0.557874499010787,-1.22781659797369,0.630016298413432
0.397291964334187,-0.706299363938493,-2.62188068722374,1.58353163482509,-0.746929112175943,1.06469459095178,-0.93727681065773,0.838636623367225,0.0957678441921284,1.92202587606663
0.055092907344621,0.853789749603586,-0.181710020195408,-0.618186597670247,0.315698309178593,-1.71595867990076,0.256590370814618,-0.660981149909997,-0.514262490269968,0.778910801524788
1.56726207307097,-1.06771509940023,0.783795449859158,-1.02349141465303,1.13211529385797,-0.161303072889952,0.878705764620381,1.44062232250291,1.2424795569344,0.348961160571181
0.310726443655136,-1.39316822536093,1.238294326212,-0.955245400006322,0.0617890546457538,-1.02808978556017,-1.00193747316097,-0.619255984387138,0.0478669620546255,0.983398345369719
-1.13635682758785,0.243153915617825,0.580263024387461,0.389755109039068,0.233290095146717,0.46208096570385,-0.891422781092904,0.42151598445153,0.13767060676276,-0.183579124239126
0.386454042859752,0.952213664502217,0.132718572964636,0.539218481656683,0.281161927119332,1.27895045925246,1.05539031469448,-0.310154866552295,-0.26273091785411,0.807152393372831
-0.934697866397551,1.98440559031578,1.53688429693753,3.47053221482106,-0.112564015680401,-0.351112986584102,-1.00717142738552,-1.89920126088287,-0.0718412412034152,-0.649746168225174
1.64252482728632,-0.0526160506899149,0.189134866258146,-0.063390982981036,0.359728983021304,-0.211187231516039,-0.804845605083997,1.41374616378118,0.407663969633836,0.495899308608041
-0.803584023715056,2.00002702961799,0.26952783536761,-0.114734656791597,0.606094201539315,2.91917790832383,-0.0383134173812916,0.446147196786664,-0.763923086780702,0.728165191630772
1.21937490590844,-1.02412650148327,1.26839031139466,-0.188056378721735,-0.190250977206935,-0.751853193713064,0.802404483731097,1.76853180418651,0.589051610574445,0.523527094447349
-0.0858173206570198,1.95988371758473,0.13691740672191,1.11639312600527,-0.804418846438649,-1.89231241255063,2.02808071260368,-0.474194222805098,0.38239137186391,-0.875236205807014
-1.62936497455179,-0.26447869390963,0.361680707478128,1.07446899703177,-0.242473873974559,0.246274588514816,0.95754421559833,-0.556462600910363,-0.543710712670681,-1.4158917366568
-0.00480598948542201,0.362803714711481,0.42305916602428,-2.3980461121507,-0.551748377334428,0.64137314605621,-0.435314954380436,1.02933345845906,-0.460264973676208,-0.258562424043203
-1.37398695030804,-0.131934771967628,-1.55382793903093,-0.241796324364061,-0.505280347102026,0.521436666238598,-1.52442752651716,-0.519169825570851,-0.402554576960074,-0.453118186968821
1.12484234318973,-1.29738929723228,0.0902108096797442,-0.951139000223799,0.242024595057402,-0.376562335633556,0.786199129586317,-0.917401624966581,-0.450659486800528,1.67957948307344
2.2398070000943,1.69744410241684,0.936742266659559,-0.137622220627153,-0.810837618852827,-1.88829633462158,-1.37514963140933,-0.506177489059608,1.75684529153739,-0.605485685631857
-0.219806940046604,1.06469942268658,-0.0728160970823964,2.01520015376785,1.54572026217271,-1.19739807739266,-0.0854520893506628,0.424529004836106,-0.195447410513498,1.01907594582126
0.653703406496781,-2.08318920041138,0.0540224068172102,1.20904742854625,-0.584218263886049,0.250344351867232,-0.823114266415005,0.534512953539537,-0.832700600244698,0.926582621816998
-0.177068455771784,-0.0285413526769081,-1.06617463940622,0.868703478487646,0.648616558483053,-1.22724085133161,0.655913572249852,2.19311341873071,-1.26615618801641,-0.642414745982127
1.11419523935696,-0.0948217144354688,0.159554106013901,0.636824258892535,1.62065485205604,0.104873351623683,-0.374827675091227,-0.134524178775911,0.186546996824691,0.350024453665016
1.18045271746666,-0.138684790507405,0.245903840994553,-1.20266433627071,-0.638601057663324,-0.548416243969473,-2.20863736418017,0.395115684266454,-1.63089726048672,0.518762695561424
-1.75355122839301,2.16627981819755,-0.450271543024046,-0.859604294292405,0.48424833589691,0.354886497719069,-1.04563140607698,0.870636144292286,-1.02652241023521,0.3393011979288
-0.997481510404115,0.164488113054989,0.520341220243005,1.16267831195233,0.343235968589913,-0.928235085778188,0.340383028694862,-1.26645127084179,-0.192457059342896,-0.239582262024946
0.079176788113499,-1.28669864201671,0.40780650874964,0.906538415329773,-1.55395846644695,0.269819261435749,2.62436408446266,0.856946760961865,-0.618099701996993,-0.169788958709541
-0.653931197367174,-0.656041220168271,1.21723193515208,-0.630761899549168,-0.676362579142645,1.52399835864624,0.290901279968414,1.69641842597371,-0.501834875647773,1.4113568164313
1.04334632705397,-0.235277478513038,0.383720497462078,0.39829054571746,-0.637123322456909,0.350691558348426,0.552807985320748,0.896210930873938,-0.374475456619514,0.198600120006926
-0.448452872337104,-1.80641138074621,-0.61325633614454,1.62017399787133,-0.782727671843497,-0.499072330566128,1.49209631146607,0.179054084588087,-2.02591615960505,-0.781365469386724
-0.0423982230604338,-0.156576619361395,1.03671288126795,-0.97860031865766,0.184625404803465,-0.690091800554508,2.43582929321132,-0.118166600203796,-1.82867317394612,-1.64469521053889
-3.4083562093666,1.93462837881867,-0.604623153762247,-1.31572552565595,-1.38087487317249,-0.0200464656529329,-0.0921912046504236,-0.428295701547763,-0.43483254184267,0.370118616595651
-0.282238797203716,0.953094703729371,-0.680742794992074,1.72276630435989,1.43815509668182,1.21125420058323,-1.34654662314089,-0.491209848924469,2.08232216933651,-2.04668279787209
1.56966452018353,-0.566282987012699,1.14912254821488,-1.23200650820353,-0.581752018916346,0.470174464277483,-0.176541238621412,0.27381837589203,0.430442361455231,-0.858845469030087
0.547103389481693,1.2142838408468,-0.504801808249838,0.334982122409247,0.607504617541187,1.52982788774197,-0.433469200325189,0.447266881602856,2.56918144102631,1.08043859025782
-0.166528090396296,1.47357324643122,0.0401255928069776,0.0265483732467942,-0.460112426081055,0.488242231876196,-1.24915822579234,-0.52533617552654,0.273402333988958,1.23712768470286
1.12904311216378,0.749625171023243,-1.19470959184281,-0.234859652765883,-0.917296293156252,-0.678021990557512,0.580395417332224,0.398447156237079,0.0475868988536999,0.951080624293654
0.415302712315669,-1.44838513363909,-0.808915234295963,2.13474053503141,-0.323547747371526,0.756185138494696,-1.45255384589359,1.675630666209,0.463025665512736,-1.08989035027673
-1.01518873557275,0.113462819109291,-0.684305434519997,-0.480542576560835,0.616079673777476,1.2305308521792,-0.1658939842576,1.13017609768345,1.41558348346954,-1.13778646109656
0.321693309953236,-1.63663813104918,-0.609975682824805,-0.999086795384868,-0.420220960616564,-0.596951195639633,0.447651471989692,-0.781689210480867,-1.07926572342366,0.747837660706739
0.646953815211622,0.652860723460473,0.0861280068819936,-1.3021436303701,1.24885159516578,-1.54051960673509,-0.338870868302031,0.78910476887293,-0.828469553978487,0.829512485542207
1.24057755104061,0.0857688825057472,1.23095445829162,-0.429131834309825,1.92127375013246,1.60369386302298,-0.115220166253342,-0.625509311297252,1.45749107601359,-0.769373261683954
-0.230343164929448,-0.906591853076502,2.19251982404266,1.22817230937354,-1.57696948578334,-0.216081147958249,-1.29932966125347,-1.34435861823022,0.435345512278732,-1.15396401912356
0.208516579488272,-0.81224227583025,-0.875444161472128,-1.03340599980117,-0.969372669274327,0.398618675613071,0.515487384107455,0.903664921953936,-1.89828303567191,-0.720271295167743
-1.2266575694301,0.15879921262147,0.271257913293511,0.25746081243588,0.905032740924425,-0.67859012835476,0.430910237790186,0.90493084552987,1.02565849800133,0.481044415764162
0.064106314826354,0.973983459694339,-0.492929873926224,-1.12430257368647,0.156574503311174,0.694175248978963,1.51780188602242,-0.509731371913406,-0.895947190655909,-2.23668123685259
0.768756089219858,-0.63946589637635,0.841104284762883,1.16536282749382,-0.454597420022653,-0.352578677959614,0.490270290321573,0.367355732739263,0.390900355451813,0.69725218188297
1.51643308081373,-1.33315543612309,0.339524850611789,-0.637775495285126,-0.678806141297645,-0.966531225142153,0.382647100002181,2.11821702701643,-0.61141702696277,0.348913611002282
0.193711253816125,0.327328744589237,-0.185594371250775,0.974316619237807,0.689690195967509,-0.691317859517847,-0.34276069216792,-0.491828643563054,0.399950763554199,0.587816031036778
-1.0404328145773,-1.64798622239421,1.06012162361625,0.83674242832269,-0.766849242582891,-0.871202994437534,-1.93327886755251,-0.875898877393363,-0.295281798761324,0.956451082011375
0.851261019287828,-0.701688506204314,0.483859668403446,-0.467094419629425,0.934323427653746,0.213056957589919,-0.987292501446392,-1.40857061162299,-1.36168293933775,-1.22469272860853
0.589412337142283,-0.0178960736139547,-0.282623379549094,-0.663639354405565,1.02069583253172,0.390659508594532,0.919117573174546,1.55272693547276,-1.53170221725202,-1.61191528341921
0.981257902086844,1.43128339570297,-1.29778935283854,-0.477524038610878,-0.39571806626229,-0.482112889596926,-2.29318495697348,-0.869196719566782,1.1608071678477,0.237866165756071
0.539553788778597,0.76330563491134,0.763784764871672,-1.22729033732763,-0.540765214151086,-0.984585603948999,0.556482026035227,-0.0114145180756948,-1.62156676955717,0.824977752015296
-0.635706481205102,1.90011022059244,-1.83515776459301,0.7908812566609,0.507145185069328,-1.5249689715333,-0.527329756645274,0.930246868561623,-0.0773016349368113,0.978725646666772
-1.80815771142138,0.950333768437145,0.0327932031886809,0.794778761646676,-0.0268961223208248,1.70977901160206,0.726374542730839,-2.43710656171519,1.2417729347753,-0.436900552416697
-0.236655886893763,-1.94017294198701,0.801013688469943,0.812784908076986,-0.399985971845814,0.659915789460856,-0.562493099880211,0.731801897322203,0.0137412676376978,-0.967885458189515
-0.747133911830203,-0.245128848213174,-2.04648488006254,0.0896776001163702,0.858579249222568,0.709792244254314,-1.33912851255209,-0.390792625875096,-0.189486637678501,1.7307622832225
0.37105762633952,0.82781825515826,-0.817791319826049,-0.176712818707742,1.66854003759513,-0.788660310518538,-0.937940830905247,-0.106660710820545,-1.94567033051479,1.33065410325451
-0.193762208311904,-0.709604001653207,-0.937858930726086,0.82365158390621,-0.343380782514482,-0.510196244232557,-1.76648852910064,-0.00987315385529892,0.804905796527056,0.545569167939138
0.194777213008246,-1.34120748844469,-1.74429652642244,1.27300314167291,-0.401800418065713,0.265983238074458,-2.09031252374622,2.23857174977046,0.968451913753593,0.121857886021006
0.629175562479323,-0.690346995303477,0.718209280493294,0.859144279428043,-0.426546625879811,-0.946042214524045,-0.14973228499054,0.509014538101384,-0.935831598677903,1.18022190355793
2.13149760375171,-1.14976415563945,0.471695419953313,0.359512022649239,-0.333637311057915,0.0466063147458228,-0.287713258761179,-2.08075108699815,-2.17053673348721,-0.0883409412358666
-0.843550325848083,-0.481474074571005,-0.940676934660687,-0.263327796318712,-0.819780099296883,1.05131227493878,-1.62348179966903,1.1587561501981,1.58760948355329,-0.443367125437712
-0.846419396330849,1.0939846348412,-0.0841651605778636,0.673583953031841,2.70153728440579,-1.2732760317445,-0.831961840473444,1.13477288684906,-1.54162429505051,-1.26318954653263
0.444540048921578,-0.625474853217527,1.10819131239418,0.684522926216274,-1.10721442248643,0.704771798896656,-0.959870683601986,-1.28909134309217,-0.0783311658181412,-0.320994379403631
0.501697041412436,-0.798325493706105,-0.234763874712837,-0.246246455553022,0.0755323748361732,1.6873126238777,0.427388502568107,0.379050718324407,0.0411035760759173,0.725162473068226
1.32409916686571,-1.4180585586512,3.31495721745906,-0.146631947884518,0.494397210821141,0.199810994187177,-0.0186655356831,-0.497472099911536,-0.04839144557194,-0.540472918521156
0.780526573599503,-1.13425926976555,0.747666725204214,-1.08610223425427,-1.29149797640654,1.24069589508864,1.76189737261073,0.209312550354254,-0.434086742193955,0.0738422692762778
-1.07300046038422,0.378792076529322,0.974397887199246,-1.34246265137751,1.15340744473099,0.494054181692519,0.497590484821046,-1.48708253081685,1.05964500084315,-0.75854343801935
-0.256779723796095,0.536569510292478,-0.27260529673289,0.0171728569062303,1.16512228526611,-0.17599090591456,1.21679747448906,-0.299675261823617,1.14120951861832,0.633918171112279
-1.2480830193568,0.269485199877719,-0.30814885566682,-0.568005639161163,-1.13511183228404,-0.167688206352587,-0.175668398289064,-1.16736099167606,0.207569684651946,0.988879633074626
0.705469126898611,1.01092484249332,-0.752661315417315,-0.0333310953982104,-0.752150042786337,-0.937146599857963,-0.449630491370133,1.20452251968231,-0.724829962777023,-0.967221582756441
0.202190611859681,0.0222710957270015,-0.476367668271993,0.470840843646602,0.149610440963009,0.116355287695209,2.03273547579187,-0.71530232324345,-0.222017714612596,1.59739731253486
-0.121284512716013,-0.995625837589619,-0.91196628860624,-0.291500666180667,1.81731422390029,-0.0936728920751666,0.198382284340178,-1.04987932922029,-0.532121427721099,0.401955272833262
1.66389714699404,-0.312140776076512,-0.780483164127589,1.52699079982942,1.01878355254312,-0.743099516113017,-2.25622330037203,-0.256328288834554,0.797571100855382,0.290324813460713
0.911593632317963,-0.151894100660204,0.145842204445646,-1.93977523874292,-0.562224161332126,-0.0975328016043193,-0.495824241547832,-1.34636932804582,-0.279211066650713,0.0450112390281803
0.53005220437795,-0.0759552473976485,-0.644156409469416,-1.50142688051605,-1.06041553992175,0.542869638412082,-1.7723716305629,1.80296708658339,1.3109770466576,0.880518669516577
-0.558882236230926,0.507387021980213,1.00881047630655,-0.517276332985424,-0.975939514030737,1.04701191182225,0.811965780183654,0.740882335384949,0.763960284541285,-0.425999113113501
0.716342831637728,-1.81473927478531,0.990434899587712,-0.50580187327474,0.212465523595407,0.518274567539698,0.528449923619713,0.193813637123883,-1.68375568434086,1.6843136633042
0.288152994390162,-0.851019248508065,1.549466295975,0.931968239059932,-1.09927267349739,-0.795834620826346,0.959518655161708,0.542766639046184,-0.138946194659398,-0.527899477979823
-0.6073571553498,0.128140931730395,0.478926787782694,-0.698122068200649,0.734035933504998,-0.554404162986055,0.873291615810031,-0.302694380574872,-0.963540894642242,-1.42200873743491
0.249980351356868,0.342275287420559,1.91263845243202,1.58144673124361,-1.85611169905798,0.346233167652966,-2.09384635736091,1.06976427046723,0.300009503717862,-1.90319464495914
-0.50147659238159,-0.845399242511555,-1.30548689893271,0.133577942058258,0.21197979965981,-0.464861119228931,-2.17176828451212,0.00538754448630665,1.89566382200305,1.86066804299142
0.0923308616938011,-0.00878225085663614,1.40499209735938,-1.3326367289041,-0.699203567483558,-0.793417676171146,0.252759234367098,-0.12923697170118,-1.21491627337784,-1.501653480794
-0.31150699111393,0.423773795225625,-1.10234807788241,1.57112429483335,-0.118107622896309,0.495775928728485,-1.30225411541737,-0.155845511091286,-0.474958876199205,-0.114137946623292
0.174578004122856,-0.453338904201533,2.50281970110386,0.00779103936343229,-3.34220571599808,-0.475441463147594,0.729796197225375,-1.07267072186034,0.224277832491361,-1.52951023608937
-1.51859708493294,-1.18314883842908,1.25127794483362,0.285115414570902,0.237306293194752,2.02925791674681,0.301196476511184,-0.117191438206603,0.103022001893956,-0.0429128723250302
-2.05093265091052,-0.828024177248995,-0.744239499662024,-0.211808635577771,-0.593278097469717,0.0736766405919955,1.5043689744884,-0.0363406141299571,0.444271075357285,-0.283388688417207
0.574849738249171,0.344230590238774,0.407970969585462,0.597074643922772,0.862070186691966,-1.76780831215593,1.8246622821386,-0.819626422392841,-0.627178614288083,-1.04981140190346
-0.530134633416933,1.37501740781144,0.270364473743263,0.279182823537511,0.77818344303383,0.639028937431049,-0.563234838741619,-1.19021800685374,-0.761030893396458,0.107389709545479
-0.438429674887822,0.510019000297162,-0.325552808875206,1.80522569774582,-1.3482255871682,-0.0516241081916997,-0.470605606172941,-0.20897771098543,1.05901606169723,-0.597880697300604
-0.403395296962424,0.777025896660523,-2.26196000742866,0.515789110604943,0.0877226390296477,-0.299373707052059,1.2207045284627,-0.757344760680072,-0.552478186572026,-0.65636640192993
1.57182296180363,0.403714787951345,1.049284466068,-0.823348252833786,0.631682559508655,-0.411193975071485,-0.71807569197297,0.175595487004038,-1.92970818254699,1.88031645081006
0.277007684582595,-0.509312499125094,0.0174717222028805,1.10346034345947,0.542603521513598,0.233681348467183,0.458598571819839,0.462361606087518,-0.524048704511071,-1.19859239631528
-0.423310396164303,-0.0949822683352402,0.590701780576574,0.0689489562766132,-2.21914651390634,0.28632794013114,-0.162231171138971,-0.313740221249131,-0.881425847476762,0.370409354735957
-1.25650374748213,-0.418530173222429,1.43557964563171,-2.95679055974663,0.31143159170315,1.10098043910435,0.970627820761833,0.915936417633858,0.123341876057646,-1.07497242069119
0.918238185516725,-1.24423096528719,0.709002690283887,-0.701765385566094,-1.94690697750863,-0.00135838238450221,3.06214880447429,-0.364324751747536,0.635792922828289,1.15108904475707
1.26309002968398,-1.27083367043352,-1.13534755017001,1.37327229503729,-2.07435781323885,1.30651921035035,-0.743227593434003,1.05252527719572,1.91299703370806,0.214261959902172
-0.266919736041513,-0.434155054295693,-0.425193806799268,1.23898048183582,-0.846876316366994,1.21873468356964,-1.18269817381826,-0.162975600567941,0.321897874790647,2.03841218612176
0.829082809956888,0.0434700268808136,0.187128952661394,-0.00695084899566515,-0.103956450883859,-1.04342926566782,0.783388094572507,2.03884395754708,-0.62542133960889,-0.482660449134712
-0.624369394384012,1.09000527052015,-0.728539831150091,0.77782667091593,-0.342376596483511,0.499991377837082,0.1464700545469,0.60778308826273,-0.485847841431065,-0.704500101307255
1.07058277426963,-1.77765904712698,1.20265046922891,-0.220533179737705,0.0809888475727556,-0.133164454778077,0.0960825518411295,1.66285084271991,-1.93488421116363,-0.500924640620519
0.78803848151145,0.190144894751977,-0.890751108385594,-1.49121566353237,1.04260202868696,0.150125217829047,1.56931807553826,-0.14939001955441,0.555388017440945,-0.823998963581401
-0.264462412934908,0.886392735662469,-0.329303725728436,-0.0247410331608009,-0.999255099832146,1.83292941725663,0.657218580652988,1.23847536829168,-1.7221835230173,0.574112620905
-0.602905924744158,0.38584437477664,-0.443065860669717,2.08592863835198,-1.45393203415877,0.73090986704954,-1.05631170835789,1.85033863838221,-0.986389146705047,0.0561618544169851
-0.382989558274276,-0.574560564487519,0.526653096101651,-0.917507607507026,0.390005095409927,0.136010981933281,1.02767619152456,0.272448008292213,0.765371310906605,-1.02110277534583
-0.442602819353126,0.214798777919412,-1.23999366936828,-1.77421820308794,2.27045082022401,1.63684410344166,2.61165306834005,0.617258007492054,-0.203185530403085,0.967521487735881
0.798934652344584,-1.51858909198696,0.149497926738446,-0.298642411290231,0.275776173163415,-0.653042937983098,-1.17613121976988,0.66252418878706,-1.33197486928419,0.463100805752407
-0.0322533302592413,1.9189530575186,2.00823099005865,-0.166832883273448,-0.833956071536407,0.813342761018651,-0.303105278243357,-0.0801073053554098,-1.10318750609787,-1.15440831202948
0.713171151706414,0.389706297685374,0.557247371759009,-0.767811987570603,-0.159106309602411,-0.736024289670108,0.881327714216101,1.5711348780342,1.1471440831072,0.595798033471033
-0.826202567022588,-0.403628627598842,0.906847024180692,-0.251320239931726,-0.73400681869348,0.301852704660095,0.116888604375478,1.01087529226078,1.58686179676659,-0.344844273545891
-0.532669678547447,-0.0757638884632372,0.150885626774348,-1.22372099404587,0.983671865238796,0.000457320332321109,-0.170385070075958,1.19783167327989,-1.72650948155632,-1.56260717029654
0.930975145518152,1.66667774147578,0.495592876091897,0.272030645127362,-0.573060037783607,0.289226168918602,-0.119081891153281,-0.542038169827099,0.0630869578078367,1.00861970703525
-0.00249952702840598,-1.72640894371555,0.288566268958034,1.13545982810772,-1.00927536919552,-0.032463094654204,-1.28537595680643,0.554307070097464,-0.934960900435612,-0.47776217992481
-0.962295440392925,2.64408017856874,0.165089347622321,0.12888580615971,0.670215725018243,1.68926808250321,1.76967114024412,0.0913710911186551,1.40577860578691,-0.00458024980321181
1.0403278314775,-0.108594545056779,0.438375045086292,-1.16200135387971,0.964643961020217,0.798345743210921,-0.184298575042158,1.85701658086296,-0.967995920678211,-0.203022872368075
0.499094847278424,-0.920870933811579,-0.11216918171466,-0.0737454537216679,0.426972331325114,1.34762632849592,0.458540109874357,-0.646602922612248,-0.53151043263005,-0.224743386726029
0.955282482944619,0.53792058752282,-1.65692101388031,1.78933283518801,0.426532752514601,0.909144581605915,0.571396376231317,-0.26644814047957,-0.358573568386652,0.416782578609312
0.705890379226119,-0.742293405672174,-0.551542047277301,-0.0857430114572305,0.6001503205616,0.18661207981551,0.164446138809484,1.19763918993531,1.32139852429238,0.140919889694458
-1.67626890449653,1.01088821868237,-2.09308026194022,0.575133837792601,2.00465348852056,0.0694527713598722,0.564104184683814,-1.32422377506632,-0.924785793964014,0.183885413475209
-2.11950293485,-0.458948403135993,1.19944393472265,0.834859261748182,-0.237479164454372,1.55433601115425,2.72511465809797,1.14184684419716,-1.12801402961211,-0.611715042475893
0.0528712688862076,-0.0294589790196444,1.06017683552092,-1.60408336934903,-0.833545939698675,0.53416858710395,1.97088784298691,0.638991472047978,-0.0762221600739181,0.411506125007242
-0.583469908660855,-0.915085925429812,-0.983628425400207,1.48524314079694,-0.251685800866421,0.649693424291225,0.877392596985065,0.939767665786592,-0.0501712402663254,-1.76535252998238
1.17884410975599,0.891516242091684,-1.00351568545517,0.45073821096714,-0.211044521861148,-0.0269376559735527,-2.34030707389098,1.5773852033288,-0.114696549226785,0.599168573935096
1.6158433935883,0.273841243287516,0.938768128271345,-1.26249974506258,-1.79311129961462,1.04691397060994,0.456500420130785,-2.13837894490318,-0.754120057214714,0.0659652390535258
0.505014466616469,0.68104226792016,-0.623001218361636,0.843443037232264,0.3197981940504,-0.877879173936582,0.428617402734447,1.45212472581692,0.618263700847221,-0.773875300421815
0.535262763668286,-0.750284995632792,-0.52083033117796,0.517699735655166,-0.651609245386909,-0.592244313990441,0.690321654369588,-0.956561022203529,-0.805747009746964,-0.631605232814355
1.16864679934689,-1.37509695706559,0.185315467466121,-0.990382977553579,0.853315031262933,-0.222389352297313,2.79349586623028,0.596263310022957,0.904227955304417,1.23760783401437
-0.342746870905526,-1.00509654712077,0.927627473440982,-1.50796069979319,0.687902662087058,-0.968872163327482,1.16672870822881,0.462910874381267,1.52571945126702,-0.261356448701637
0.178648726439525,-1.52282134667819,-0.502148107081289,1.81922025411534,0.546874454225004,0.0609579735728384,-0.15806955889393,-0.389904892403377,0.771040457703206,1.26589762781199
0.730882519370059,-1.1319773260491,-1.1055941890451,0.499382785559942,-0.470582133217646,0.0669289381763943,-1.30382681799031,-0.210463207286132,1.8659483906355,0.643042950507309
1.18037726697196,-0.824708282625766,1.11294814244593,-1.04116942348801,1.11543041987275,1.00289150121639,0.601263155835918,-0.792513091218368,-0.0562111907279264,-1.00067030979284
-0.1057911465145,1.71003059191652,1.31632800273267,-1.39337114510115,0.489785525807086,1.50604819677419,1.48476821707887,-2.01542004145672,-0.708336747887723,-0.203923633787957
-1.47334432384003,-0.750554424875149,0.209959154543276,1.15861710195838,-0.541031755922051,0.796056360450586,-0.609732012150945,1.45292170531834,1.03597444343965,-0.139662395219756
0.0615448197411649,0.766778343877674,1.44538326769697,0.184192227804106,1.6461397767925,0.988049907247097,-0.0168018639147604,-0.624370794821214,1.10770469404385,-1.8018742347343
-2.69171701289425,0.650676290959651,0.373572026203589,-0.0423727566879891,-0.890257825824333,1.04659595888234,-0.103258498637346,1.5479584565522,1.04628019615545,1.24020598924254
-0.852867256099599,0.10679924272981,0.560998883243476,0.438422558842936,0.520082690422151,0.631349815311491,-0.985716798869143,-0.91264474891838,1.40830007485982,-3.67152652258652
-1.57366750741962,2.24276265523425,-1.43771758659264,-0.354454513733093,0.216400089719346,-0.619928587751686,1.37697648124033,1.47339694223051,-0.990924164906079,0.487837074396691
0.607248159489392,-0.483623937415472,1.33639983898447,0.0990509619156927,0.212383335944636,-0.533885959475697,0.717990481263284,-0.470120082206396,-0.901542830636856,-0.344818246038887
1.12477897244122,0.651380635931847,1.11120719997845,-1.12922239453471,1.89925147652517,-2.27430810395547,-0.144891998058786,-0.784457178796592,0.521264289908384,0.557737185754135
0.524530534398658,0.969606872013914,-0.0974009637098227,1.17272047621191,0.810906829298239,-0.136115877016068,-0.104287665099979,0.653088741379735,-2.06947319930322,-1.53114672519322
0.836139614732713,0.554797707841202,0.655475297353576,-0.94746966906839,0.676289116048064,0.076628083172174,-2.45262026832726,-1.57571343496087,0.480431302472044,0.364921192448423
-2.21426661881688,1.96399759037752,1.04305361990432,1.29478962388855,-0.0868221884457556,0.724579173271035,-1.3068600207878,-1.44140123930366,-1.2548210585717,1.00937740904027
-1.18327115820353,1.57157631423727,1.31165247078457,1.73819785441421,1.22916237916918,0.121429118055818,-0.0667630545510229,-0.093449796188384,-1.4127572742881,0.680486206565608
-0.243017271177355,-2.09362197498502,-0.458262859795152,0.635567461952462,1.59275057570065,0.224534508265825,1.01961917975095,1.76739476456196,0.179498865369184,-0.846525768578076
-0.226370415774899,0.281282700235933,-1.32113434320664,0.543482634703107,0.574144487557791,0.0974218018135191,-0.594896138382769,-0.597691305324808,-0.580864231181232,-0.351799298853583
1.53405252462386,-1.12812345994093,-0.417812075347927,1.17989817663287,-0.343242062223818,1.01601035085446,-1.18568488506534,-0.402637590675118,-0.0367831680062086,0.870059985473565
-1.29149495425643,-1.03903213798059,0.301549989611017,0.153155126224326,0.179835890501157,-0.763440956261813,-0.77030337009445,-0.0542059735196773,0.926671988485236,0.30900639326406
0.852733698538743,0.149809399520291,-0.103014278555567,0.0637722126676629,0.041811963610862,1.57074980296985,-1.46832514055689,-0.418408941078647,-1.35859326003031,0.0244038493084753
0.403815305471677,0.352139842475277,-0.486898707151383,0.514526028014376,-0.0605830553107732,2.28305961267971,-2.19464809038274,0.748249194358419,0.959996295032476,-0.338989840036085
1.10895930732933,-0.417336010509383,-0.709374151786775,0.628628867711095,0.735008209830666,-0.54142313325395,-0.859693420015994,-0.124594382763747,0.562482227069266,0.574690611739322
1.17289173505448,-0.7006182554302,0.63208857255811,-0.313975366822673,-1.17233002001307,-0.272996967759782,1.18775167776771,-0.790101960656859,0.893116078249292,-1.82034733465575
1.17610173666656,-0.867335865599877,-0.241932101060049,0.0601811208797285,-0.402995372893081,-0.802577101854708,1.31540159405968,-0.142027908836003,-1.86876790517667,-0.252987393479621
0.0900537465576373,2.83927039041927,0.131649463704092,0.334494062539845,-0.381447458580193,0.613758388651534,-2.03934034895925,-0.0701118286740354,0.660520802777714,1.72435958793835
0.0960616513769882,-1.04318945155303,0.438224611225182,-0.543755104000286,0.272637882692925,0.191497779875156,0.398851081400006,-0.620123611343681,0.120863756011561,0.0605519785583295
1.04236191363122,-0.117523226839177,-0.616160672753389,0.664277355421802,-0.21607894972152,0.176262747442194,-0.795368304272347,2.0371558176351,-1.27571270599405,-1.56628870240873
0.126376899564709,-0.236817106330194,-0.0911196213851309,-0.521850200956545,0.978188463013064,-0.50601935699974,-0.250074355851771,-0.251292553798071,0.0219669933668075,2.67298817028867
0.872368912710308,1.46477549664524,1.34494686935143,-0.938641829743736,2.00077925829578,0.949558500700056,-0.472318298787979,0.523688980556687,-0.146669607102817,1.81892214713736
-0.0194832361073026,0.901412588341415,-0.181718709156483,1.8977240687016,-1.32445213555885,0.680603117668234,0.349760757214826,0.799005138374705,-0.333484622471626,-1.04158593862116
0.389672855875648,-0.408164422795805,0.568018134251565,0.210880939745109,-0.913042404272934,0.327304024140077,-1.32533313498777,0.706128996249028,-0.715016612715688,-0.29924363541334
1.0198809363303,-0.568734321005655,0.296375153482782,0.782667822045306,1.37871913355205,-0.433283851757939,0.263259657866389,0.25449473314902,-0.519221892770758,-0.99601213421091
-0.914790163018308,0.197328683548736,0.463674846688521,0.108734010422783,0.572756606169899,0.0125213604506622,0.682050873669698,0.0592742298535798,0.179727098913301,0.374396352789645
0.445903225137704,-0.781755548421916,1.04207485561006,0.61271713337239,0.0801201091706391,0.917814558817532,1.54876629540469,1.47718939262625,-0.190746034949736,-0.279397779358582
0.677582598446192,1.06467649670796,0.961293000625781,-0.604225668065657,-0.663774183993971,-3.56328248086602,0.0344191306219607,0.946303080811684,0.147865236042355,-1.5355007401258
1.07183217807902,-0.834561572468279,1.61755187199654,-2.00241043836201,-0.912122848413568,-0.746570017942361,0.37211721046769,0.586726312938046,0.374927525881052,0.853899789568652
-2.24537878451031,0.498857562293769,-0.912672273541027,1.36206330664438,-0.129101557659418,0.631454388778881,-1.5831152890012,0.170665367053949,1.88465920993329,-0.0786293349587058
0.371317863889222,-2.03948789480281,1.21907082400773,-0.521851386200488,1.25952097518229,1.32637847695875,1.70536632614996,0.435962873342299,1.56431163795844,-0.612002546466173
-0.855517493499715,0.32922509872895,-0.793695403180377,0.0498624815971385,1.3986082068816,0.707428242234693,0.350104020238575,0.201303425405933,-0.493229533137169,2.87243124996553
-1.57224523093164,1.82281065582697,-1.43872538695465,0.0799106809304196,0.402506105963244,0.47103241168627,0.39716190604522,-0.59482612349453,-0.182355918583553,-0.0174902390335239
-0.283652116523006,1.44792702000657,0.546432219223485,-0.0526996050883283,1.22155855685864,-1.76931672315219,-0.75137659348458,-1.2430897896248,0.447337626653199,0.467430746966398
2.30998920104086,-1.92517742530952,0.0581449735783686,1.0580066516859,1.427858775847,-1.0525559672264,0.754728941351124,0.24710462748837,-1.26282747703356,0.190901136897
1.96516851092502,-0.440870107731499,-0.719299867535332,0.570979809597914,1.15530642538467,0.734612354332684,0.631624845483719,-1.2277066830865,-1.59885616902889,1.02218903467813
0.611757190421058,-0.825452476928089,-0.926001706332026,1.6785217091763,1.59481757610922,0.22219841909153,1.31348985034846,0.123290654775112,-0.399532340773512,1.54880910833301
-1.0354468550145,-0.968782450560977,2.17782737252051,-1.29159544479551,-1.04042832734265,0.833235106454385,-0.890811830277863,1.29700408485048,0.874456037487598,-1.16341578276253
-1.12430596424703,-0.00637465183065674,-1.94390243187253,1.55170073232171,0.737835743708005,-0.911151298286797,0.887284951262762,-0.356732330280672,1.78670521968381,1.06839189838339
0.526417686276627,0.0857768438014418,0.588991178780794,-0.761972855108555,-0.169662099623742,-0.913921591128116,1.27877594755064,-1.04119397795051,0.384879305870113,-0.0822496416456525
0.0665872122649629,0.448724138367379,-0.0639175558024142,0.0191621007201528,0.697911672301737,1.50989733376464,-0.828336310389627,1.08392903808259,-1.08095282103019,0.160237128697374
-0.815967250593332,1.23127889362202,0.0124710700828037,0.42867593873178,-1.47950104416531,0.15792114675378,0.0586864780598697,0.633016075521727,-1.18958570948302,-0.664876249909019
0.41496708877551,-0.0454594438064041,0.919779470776088,-0.0297659703911196,0.552726817811499,1.74024515280577,0.486318924103293,1.98044831050544,1.38296825253523,0.915917164429966
-1.29837088025466,1.09153972453226,0.338535881681757,-0.753004599820641,0.643995165759778,0.938712596515762,1.11510520837616,-0.328700673592695,2.03883336471627,-0.235967031038816
2.43013109133422,0.163535296872597,-0.430115564670508,-1.22896524188545,-0.253639677964333,0.518537737754773,-1.18290453024135,-0.597757118116504,-0.559438796613959,1.69563698678386
-0.0517712902923795,-0.611444927957837,1.14676237135963,-0.244127273827511,0.394411095138731,0.83960718334732,0.530721401304851,0.245988019794442,0.972900749620711,0.218420360257943
0.304103028489885,-1.8102567498155,0.980329025020884,0.0265733111365857,1.04284199611544,0.759774951074505,-1.13971794827587,1.46563856553512,1.11000356506614,-0.617304880284208
-1.24605700058374,-0.859957798736726,0.492593255961334,-0.812765802927732,0.943089959984299,0.29982624253703,0.174479317230747,1.05213198743112,-1.70150654124598,-0.197743286673271
-2.09721901877095,-0.851260047591811,0.705779528973142,0.881063073574619,0.146446906919092,0.413295080479624,1.17107069765488,0.455828858738866,-0.981594245868869,1.30071136860013
-1.57258323419568,-0.430065869242162,0.644819614166131,0.37665897129042,0.341655765158473,0.741280961334141,-0.50439864542127,1.12271752628032,0.545084041155037,-0.560104053519816
-0.762204766488108,0.314183579215959,0.311707288034957,0.514987576948758,0.161490121494611,0.290393395020223,1.60393199396519,-0.3295727574856,-1.01153274540988,-0.081040815182383
-1.63984377865532,1.70314264389942,-1.4141985405074,0.0596325545712433,-2.15827338315102,0.0398421206017988,1.46065494343682,-0.39253815697488,0.0300624159339832,-0.164880981300555
1.43380218489215,-0.63907573135629,0.37363498590557,0.746749739396371,0.332430623091535,-1.45847328785271,0.261559155455332,0.37754692611565,-0.20160123682705,0.0601966717347548
-0.141899045539419,0.232098047347718,-0.816466918573205,1.13905383578379,0.296016975687276,0.148357879173543,0.884114905452107,0.141343552298149,1.49706857738547,0.975054208213296
-0.484658064311001,-0.123885649227551,0.395135148372359,-0.71688616243531,-1.26151995172445,1.61518850825326,-0.304752690565661,-0.243583456485919,0.911715821631051,-1.21196236068474
0.560752754808938,0.421948991190666,-1.81628085078116,-0.412811165041805,0.423789347787254,1.04860030144424,-1.12328589085853,-0.0635782406725381,0.0375065580212718,1.55539584918189
1.82014562099213,-0.765650696532716,-0.259276717658663,-1.31752714807508,0.490404456462988,-0.403851898367546,1.17621058917348,-0.57711195369973,-0.857525087078701,-0.528565199449921
-0.448577015619173,-1.55278259824335,0.095752632373104,-0.422009695546134,0.120468483037925,0.166612326895538,0.220566239975714,0.360417268763728,-1.05486869167221,0.402240521392413
0.0222776731467811,-0.281716402541784,-0.086366330006498,-1.70030096768876,-0.279006577473303,-1.31159919387259,-0.920277326030101,-1.7183691775128,-0.185016683079565,1.86564517822228
0.950067833835704,1.38677884794429,0.285973349071114,1.09334831808407,0.135764993989914,-0.974468586696546,-1.57613914876067,-0.195237456601114,2.14126145866199,-1.34352452537465
-0.887163550588286,-0.654867340240992,2.61797006592017,-0.175162510789985,0.189988516332008,-0.0757507191785618,-0.409616972733214,0.387621182597199,0.113042388663404,-1.59126250255372
-0.634797774981944,0.204262667368897,-0.104196546079237,1.16638218020057,0.368947111371256,0.126646145906071,-1.62691520373234,-0.963906815700138,-0.177075123958084,-1.15404891410046
0.313902082956543,0.636974991952047,-3.6954996356969,0.33693021733348,0.429864488691244,0.24408103005507,-0.534395797776129,1.17005548674414,-0.461427711987851,0.633470567115581
-1.25535887699776,-0.415091062939172,0.128088556828637,-1.24476299995958,0.174554136760724,0.419079588091802,0.297646169566461,-0.074572889818363,0.0937970161267883,-0.0488061798725732
-0.711672652490135,0.0373848732699995,1.57220291445014,-1.05624261107857,-0.103548869846754,-0.184924115951712,1.47099806629296,-0.654893811514152,0.318127622334396,-1.07749341149602
1.43506229529961,-0.464324313651576,-0.0269560409342382,-0.925524206952445,-0.289548780674665,-2.08820076475204,0.682745353321177,-0.054632358765384,-0.454036335287945,-1.67830654356345
-0.949814232793867,0.5859539350823,0.387128603463156,1.81186535922347,1.03436212601236,0.466904528879899,0.327923895824295,-0.576433547717622,-0.00783421735081015,0.127580145109361
0.757289879931167,-0.765978200542348,0.747132727893929,0.124230437721839,-0.95314009456884,-0.109825166849815,2.57070885615924,0.721243494504801,-1.4217296380798,-1.75558417757177
-1.12874847458405,2.54279617401024,-2.01877202371698,-0.394143241990243,0.779855434556877,0.833630764044073,-0.413072978727361,-0.436539571651423,1.56824372754653,0.283127032721177
0.680684266722182,-1.09032576046594,0.118793616442573,0.0556108307022625,0.171263266581456,-0.811670156745918,1.1002695361763,-0.68004166867839,-0.99929825222213,-0.605568772077438
-1.45915949304445,1.11917439716636,0.165736642698586,0.134924158740164,0.450230125867286,-0.507521637119567,-0.957392322761564,-0.209251166877909,0.257875879560153,0.600736316175677
0.928724238229661,-0.638590771904385,-0.0464770849067758,-0.449794019586821,-0.364825940681621,-1.09148528412756,-0.540253392465438,-0.941763181382998,0.894442499796051,-0.190467031213291
0.252170093200924,-0.669755894411242,1.20206184098403,-0.322021537923847,-0.350669897132983,-0.413409784777218,0.0211599121114507,-1.26545138435535,-0.49537475653998,1.3057491981941
0.83111686466163,0.832820761149823,-1.22931722309919,-0.861813637059287,0.851097244361928,-0.19894385031251,-0.493444057492677,-0.211775699276352,-0.32718365604213,0.0505030866287054
-0.972614263154882,-1.2998492515307,0.700478193220222,-2.24009887805825,-0.444442436240013,0.761095950690632,-0.0689551733672685,-0.310706479115677,0.916040165403068,1.00370741371732
-0.971498873594263,0.0972735664889701,-1.95179521032186,0.490735939516619,-0.475710663121698,0.115593120541242,-0.95649784873107,0.0429424242847076,0.768251700968896,-0.593365419842348
-0.293574661168906,-0.300828560886901,0.50753445673234,-1.3342670862116,0.651565071349624,0.278566879057906,-1.14437979852516,0.272155359100219,-0.187436904599957,-0.676247959939909
0.226666652077004,0.0380233499440027,0.302843364919599,2.17273800552941,-1.18885050417779,-0.426303117241567,-0.51418944576572,0.518795981202825,-0.400868697397933,2.57673012889298
-1.38182855527778,0.968089337850365,-1.02091298349179,-0.513616537263465,0.780546564058119,1.59809384256622,2.90608645346798,1.22727629089487,0.6975246516106,0.105286840577705
-0.453497480761343,0.307849748605588,-0.335531936490873,-0.497326348587288,1.08519778609959,1.74776405922858,1.85297557149654,-0.292202862464868,0.130646831320111,2.77554338209797
-1.07521843055756,3.51532891816083,-1.86479244290471,-0.102954833472977,-1.06266892747481,2.54940072896286,1.01723790558507,-1.51240327867714,-0.230417065592544,0.113138602199779
-0.411060466535819,0.686416586710003,0.459537195510065,0.051274087474029,-0.0740927150361786,-0.253945067911407,0.538780453531505,1.57097330908678,0.54515799233914,-0.32794076104846
-0.728720795424216,-0.539387703118915,-1.1610527161472,1.91062326156244,0.916560211856111,0.0873959107125047,0.00406647527114431,0.178872703218059,0.678349207861012,-1.36943287968959
-0.991533746748694,-0.694179657071188,-2.02388351818784,0.783188467633295,1.80418056667708,-0.0783513222811872,0.614311963597605,-0.734127428939542,1.23844924070743,1.85333346651896
-0.872555261214704,-1.06687535793904,-1.07013080523928,-0.0217119513157711,-0.000573782148060356,-0.698755293675184,-0.525216874898284,0.0257638477760264,0.338395938793409,0.724962934241147
-0.112475399757016,-0.91277360175496,0.420413224477373,0.22063257974305,3.01295107573254,-0.576388533860309,-0.256848952331822,-0.173105234263131,-0.842312360837415,0.352065575531221
0.571707456225651,-1.38778166385832,0.653457181752684,0.212931557748159,-1.0368957393815,-1.62407677466009,-0.114712450815439,-0.586170758946023,-1.19194598348404,-0.41553633136119
0.009202204875252,0.219405248801692,-0.396412467796664,-1.12400445397122,-0.4843582361282,0.218821369605121,0.836511362059652,-1.03747098567968,-0.611596847683516,-0.477064557692548
-0.161826681788388,-1.6717951797266,1.21209928609258,-0.190468899660535,-2.62490185162424,0.728928584684455,-0.440860227549688,0.376817481441372,0.448181915814019,0.174224025066425
0.404472882535488,0.624659687756045,-0.35062980166714,-0.37610221749565,-0.632422209165962,0.0570705164493525,0.220429255474343,1.06649968235988,0.0668599104926637,-1.61487964396371
2.08536753469814,-1.50764289120182,0.853865609588034,-0.635710264771127,-0.36233889078183,-1.61905045953089,-1.27794497366224,0.386085809922044,1.21553912825795,-2.25445580390446
0.923253567243961,-0.0865641991880167,-0.0138140570308407,-0.622209404038787,0.278309262848023,-0.877618900169439,0.39078724137249,0.521076230738096,0.0188847966901361,0.811780232361233
-0.463394206098608,-1.21801438613913,-0.485471841535921,0.847880806788847,1.66807058704541,-1.06108815721189,-1.42781761987691,-1.60931377358945,-1.33999501402938,0.0211759393309078
-0.384446301804636,-0.440256938216596,0.0646266645413175,0.319007379251086,-0.525096607246708,-0.445213582573787,-0.632935024209469,0.535603978349378,-0.467661285127861,1.8844423301079
-1.27654443097783,0.0105160531224502,-0.212878514877471,-0.753974028077587,-0.148814522591636,1.61592195000618,-0.724294985783532,-0.133399288527649,-0.610604992805038,-0.0723343318880552
0.557914209930173,0.264885718780863,0.433770308467011,0.178910477217216,0.584375420297991,2.04574210217937,-0.49866883209864,-0.839483779204397,-1.66460445295339,0.133959823832388
0.714383026929349,-0.752511476770028,-0.512890947240424,0.867011938832278,1.03390685940242,1.24394691890387,-0.363105907837909,-0.810963037089119,-1.08911662494012,-0.568250684518251
-1.36868700197629,1.03849498585285,0.148677668744276,1.51458140091664,-0.671308818608738,-0.135210164730908,-2.06240606553521,-0.341031951923118,0.712089517036703,-0.0569705564003191
2.23436819238062,0.704244564565864,0.755482356585752,1.58540410457657,-0.679383412634575,0.493711386062271,0.439503015128243,-1.61422000749654,-0.811634373122871,-0.830763579541621
1.52909128988861,1.75020397358216,-1.8085505337823,1.510718664576,0.112752340488113,1.65685520895846,-1.44554094491915,0.562445627001401,0.35217599037541,-0.0110994427613469
-0.506779738180961,-1.07665047943906,0.398737127013761,0.183249169173448,0.532783115158947,-1.1222113669835,-2.40425855124342,0.0312672907543735,0.93973829284468,-0.874716024094058
-0.533961014869842,-0.284287488709601,-0.65775882435309,-0.226815295023919,-0.723587787990122,0.136057716106773,-0.238471739644132,1.07910764205683,-0.891623534241921,-0.73398806924286
0.555793348598071,0.287313231423935,-0.905220775894486,-0.558178552674029,-0.0540602013569015,0.161245383712168,-0.0182174943408726,0.870473371906254,1.77435671091183,0.178121386566358
0.481814724885999,1.54526202123683,-0.362063996170303,-1.98433213280329,1.09043470149,-1.03926600400489,-0.993908375367019,-0.752170419335829,-0.0449436435229512,-1.11735316100455
0.179271399739217,2.29234180395618,-1.91915861453919,0.377716979581208,0.929881813476661,-1.62873936714672,1.11305403158942,-0.43173685878768,0.215212880662242,0.134690011375161
1.22184333201234,0.0124855227851019,0.0482654092637679,0.9552760866412,0.504496972496074,0.85105852486307,-2.76802064711778,-0.975211173572533,1.57577252753602,0.0319846671709508
-0.562720168076945,-0.053581936022888,0.448870656792737,0.051125957938318,-0.114131777446777,0.047017002912973,1.73971335002844,0.365500991100679,0.286255914409498,0.206402027451389
-0.0808646360343517,-0.0462364213044121,0.494121799699032,-0.0185845742680126,-0.0360364123750258,0.169341673998632,0.243779590525546,-0.426071624481301,0.892094306092985,-1.35235023202897
0.338336486230847,-2.18908226412112,2.36225633556965,1.00714657723582,-0.361609281057817,-0.193014500794629,-0.447602553301166,0.309613182714893,-0.516568516901755,-0.604765563209084
-0.946852655179431,1.69889872939561,0.386887736337379,1.06178840610158,0.658375641679956,-0.169054512251142,-0.105499632691301,-0.132562250137899,-0.0401624869228823,0.610249628021941
-0.0360119749697903,-0.720308081119776,2.06701538168637,-1.16048302605093,-0.757915513610151,0.892567224569576,-0.459206152623545,-0.293173467811331,1.61725509971491,-0.995191499954176
0.642104928313069,-1.20685422911108,1.40213362850082,1.22152959794099,-0.585680768916521,-0.884393575917794,3.06761199236456,-0.696283392010131,-0.822999810578487,-0.311731380173879
-0.990737342214636,0.205702180593409,-0.312354858329193,1.11698091232307,-0.658915690467296,0.253243837143215,0.00811683228921206,-0.547282924387723,0.391148422582678,0.279436205177887
1.81113440361706,0.293110589661413,0.101679899108039,0.0399359901036553,0.592948716277135,0.598649188128587,0.77295111340803,0.159373639211605,0.798800799819357,0.831626503893722
-0.648669121506728,-1.31899284137998,0.575968873700713,1.28122598024064,-0.613246229655817,-1.63755153926622,0.666344112678037,1.05949252167444,0.315691662362112,1.84546760907033
-1.77598655131882,0.451090855498495,1.55698262990986,-1.786048869846,-0.183531724095035,0.259586432445234,0.186627822894277,0.911847137637391,2.29770742052674,-0.883648035172404
0.199448289131784,1.13795749828868,-0.50170767378682,-1.5178035944487,0.337123771169541,-0.575204245874528,1.69140280668726,-0.874102696233877,-1.65046326395734,-0.156076988401487
1.06327214523659,0.975342308297702,0.619811069046903,-0.556085832728071,-0.423843203496254,-0.916613733639333,-0.779767391836577,-0.45037515818107,0.390756343698309,0.426379744949361
0.741674731265321,-0.187614820408479,0.0941903422627034,-1.5465852427083,0.248053105919001,1.9910521131423,-2.6022189142718,-0.0888756250549109,0.818384858192133,0.152323933413774
-0.415141092803898,0.184106927203438,-1.04376902449493,0.0114922699878643,-0.488022718645349,-0.742998300671041,0.175445713442974,-0.440602381024716,-0.795697097120348,-0.727221067852708
1.43009756609186,1.10786080732868,-1.73813404149531,0.410363496068457,0.118487861056486,0.237327601005191,-1.22227032439836,-0.219095133753706,0.878208843130871,0.0106702405956153
-1.01366954105219,0.767778250150142,-1.60249100754871,0.492138935329503,1.18611702405675,-0.520566744184291,0.925800747933926,0.781085583414429,-0.651902217432387,0.953268341769218
0.378157714932599,-1.32458633234197,-1.12371456716195,-1.21516696233545,-1.54854314011483,0.220091344708662,-0.938167234062472,1.15744110908843,0.353524680996407,-0.404415014315244
1.31777966058961,1.05680439822276,0.669358224452025,-0.577905612403635,-1.09201000121898,0.395267652075439,-0.356081977507151,1.32633086642429,-1.74658097066965,-2.43694558666662
0.935917556603574,-2.41171488260527,0.287526714708402,-0.882384082554974,0.479201867381682,-1.08753409945295,-0.0235517382828995,2.36718037302409,1.58290616796597,0.0662882777457938
1.34880316356541,-1.2443524527425,0.0220452455598678,0.546825961701273,0.972061892720457,-0.0842150426642032,0.73260753275662,-1.09591943248933,-2.59703032719704,0.00825118604635764
1.22541849088148,0.447850812798966,-0.646499765700987,1.10846618346449,-1.0181775710472,0.906300868957928,0.269095888154362,-0.0823936180389085,-0.317649162317396,0.249233122571451
-2.18962973214851,1.26242611089442,-0.627241261058818,0.38691763714985,0.789796506437005,-0.715867534350318,1.30329468825191,-0.0587537689401396,0.291511780668325,0.746126446703158
-1.01367839340156,1.08193826028929,0.290488757045,2.13195100586842,-0.00910214288784515,-0.832244878871275,0.319593975517387,2.01159174822927,1.21035305037425,-1.9930145839892
-0.310356711800334,-0.754049655523701,0.0859673338110691,-1.29903661503577,0.790060369276095,1.30173744043258,-0.0803105310173768,0.730081748002574,1.43600993931296,1.09805854944964
-0.0196597921831201,-1.2382280912551,-0.36699553267208,0.378644715247907,0.234781894240641,1.67486438835243,0.0281549029361692,1.31807728511183,-1.62335122131977,1.77924115118889
-1.51386708113737,-0.0667046873657909,2.20113095918775,0.04595040411777,-1.84406421456117,-0.133874637941255,0.450811181213843,-0.817817600668032,-1.4371177291795,-0.0784415514540401
1.38788465755278,1.28716169125179,0.349091727749227,1.05957295534914,0.0870327958914927,-0.207311660343865,0.147209055575118,-1.27578750158963,0.527392010892382,0.132878302784251
-0.0276503675257553,0.721633496442708,-1.61223206802864,0.112343094819194,-2.23554311858164,0.417054261383749,0.379449080658187,0.465002404980852,-0.226666275262886,0.384532818868423
-0.551880375989215,2.05644270979515,0.507387121820308,0.381524526760485,-0.793700577552441,1.00623700708584,-1.32121217365711,0.138120372598223,-1.29432010197492,-0.0875191236507058
-0.507668628238912,1.35391738922438,-0.50013851864825,0.175495588463004,1.45172714350227,0.517205506884792,-3.00114111367912,-1.41686970265976,0.0772763606596762,0.220738499307531
-0.165846894985276,-0.508619709407903,0.000736530637812667,0.998013925679216,1.4478463821687,0.533587460766424,-0.286477784057978,1.77057502828349,-0.776886633224778,-0.492496655720189
-0.711971286695623,0.738543511634335,-1.00837036396256,-0.815955504996591,1.70704083343349,-0.424888990707212,1.45457152280611,-0.801591854541865,1.75819454907877,-1.4985567278542
0.364383372993472,0.507155285870726,-3.04896961031888,-1.58048895696615,0.959867868568149,-1.30442089645374,-0.0576179405505285,0.241407673017718,2.27203818070456,-0.287210875292029
0.426603689013492,-0.125732817564746,-1.10487799148055,0.908414721519141,-0.381873598924475,-1.8124873656328,0.437211741295268,0.454517298900305,-0.413996727476819,0.230830342875146
-0.394590928289824,-1.07701038774326,0.855537037421888,-0.641383310199421,-1.75315044233645,-0.85341299281858,0.439415362897057,0.21488628742697,1.23968226592262,-1.1492708940881
0.614971876644373,-0.306031550807011,-0.175016559211649,0.329466530326261,0.902214765331097,-0.643602963116868,0.550161417755557,0.254274418140587,-0.506533104457103,-1.57232961261399
-1.16713949874996,1.3420196924212,1.55195347390696,0.476319239877345,-0.034072414106551,-0.240545001408018,0.190637581006114,0.201538766746796,0.14209853046362,1.10330445550573
0.866657949919434,0.974035025327109,0.0771729253669425,0.160166309977836,0.871284649693585,0.257718238741255,1.47658833988464,0.233965869996921,-1.41251816036248,0.38915168126642
0.232292745552318,-0.945888237688689,0.840032518228601,-1.30376473679364,-0.36636581064863,-1.43792492732944,-1.26262211110791,0.0849419033314825,-2.35812225054329,-2.16416010193653
-1.16385524456295,-1.60649578620119,0.265051784057789,0.216783954850391,0.0169416444481914,-0.580188157108998,1.7722468942549,1.53484178414755,-0.189359944348559,0.578148845396983
0.549814292359685,1.16374926400468,0.896029248260156,0.785810597626242,-1.86395204182711,1.41976787042762,0.683676796054265,-0.478594597796635,-0.535040043291086,-1.6343100361975
-0.722906374900426,0.174334791702942,0.897039116626786,-1.89818417633725,-1.11952868653799,1.41731901069447,-0.0703882252183094,-1.54387341636074,-1.38076246856663,0.797970707309457
-1.23932807171748,1.0142412614826,0.457204730361289,-1.75937183688811,0.528275556645992,1.19734006525182,-0.228068616570093,0.683859325039166,-0.976590405756064,0.706080116237467
2.47146204637472,0.322036477833063,-0.802744628583249,2.19652259095007,0.413637318695302,-1.0771026918453,0.270703644922226,-0.709812445226981,-0.08286790818124,-0.0493590258711853
-0.861545523036227,-1.2645977426014,0.318952856535085,-0.360842981938748,-0.655916853255902,0.431143144697646,0.32116936105232,0.202080090029927,0.386832620077709,-1.70261562113095
0.444100547268368,-0.844841021119226,-0.0155251479097358,1.07269539551842,-0.573343639006263,0.921391415427263,-0.0769647437833602,-1.14109179315587,-0.415980663737306,-1.2015885757329
1.59750895683462,0.818872248074461,0.643984435767767,0.593154232176725,0.412395596231422,-0.441830475893694,0.619307645421806,2.19531204840272,0.748164216938169,3.34543837271557
-0.778798960397984,1.39476044312477,0.106382886272837,0.14206373170658,0.121230318383931,-0.116023513951748,-1.05624017672656,-0.734812313821575,-0.336919388057306,-0.0953949440441396
1.01474036736404,-1.15356442108628,0.135928968352959,0.145835085399362,0.840690999019474,-2.22418667631011,0.0952399693378173,0.491993937699604,-0.933767064327033,0.730796093040652
0.739230399341901,-1.92987953132861,-0.598108160044847,-1.1318371570589,0.779150037232422,0.828398920672999,0.528859932012816,0.878857979904199,-1.05439232320248,0.251860739539878
-2.49535186050171,0.627524732024094,0.561897027595623,0.726133396121568,-1.2168840739185,1.52743012248969,-0.245459402845467,1.92775959079255,-0.300636212387437,0.314724464817123
-1.29827390025074,0.539102253966292,0.0115657614463229,1.32614035004123,-1.41486800979627,0.882687599381296,1.39534450389866,1.84042098163445,1.62599126804962,0.632110711700857
-0.739844440862614,0.15035620224472,-2.46245840130292,-0.698417752412363,1.67765138120191,1.63845375004453,0.061108342735206,0.120355229299185,-0.222253029501671,-0.541969641136721
-0.471948805136576,0.635946867563175,-1.9588670615202,0.908594144149884,-1.07480145590634,-1.91736230209889,-2.1038723902206,0.56148461414913,-0.381269826548862,-0.638435665118454
-0.705751016441914,-1.18592597748618,0.00820818944949824,1.8994881099099,0.667472208619355,0.279804985626466,-1.34635295948287,0.191664869004243,-0.139026100101437,-0.259374155512945
-1.77865399942024,-0.174762059295457,2.08907756483147,1.23160700319444,0.4937696395147,-1.27162614339419,-0.135658111839205,0.274322080179763,-0.565017186313675,0.339917049342375
-0.665927372144393,-0.0581264619115884,0.223351817890895,-0.827345466057502,-0.60092772375227,1.9813564389323,-0.791437367823373,0.196605985656345,-0.633659449291105,-0.226473534965849
0.298343314027523,-0.513859031298532,-0.554721141615253,1.55976877871776,1.51891289418154,1.26168613262996,0.175891797804668,-0.51736635002673,-0.580514654481592,1.53463628267596
-1.44167938688901,-0.308620619454018,1.14635387384692,-1.45809416638262,-1.93221299425757,-0.346235941187312,0.471556705431208,0.364030359218055,1.75952082659208,0.839035285930206
-0.821244659976745,-2.5097037318172,1.40819061330435,-2.06083218812713,0.483665463596052,0.699853282352018,-0.492609341239697,-1.39954837495472,0.494314358690449,0.714520808885168
0.654997247229628,0.283818284005385,0.023611894892368,0.145330260243258,-0.12068585569481,-1.11031331066599,0.713178187481905,0.911316359317785,-0.484237856005076,0.464708026746942
0.409062677932053,1.14913394286457,-1.34833108686875,0.433967557257178,0.300549398550414,-1.82790999792335,-1.00423422005877,0.399246358200482,-1.04383494614324,-0.120452390126657
-0.603577920766302,-1.43952205858174,0.0714810948783669,-0.61300441547592,0.150854213461677,1.07659750011108,0.67199691493592,2.72734477067734,-0.767158766996957,-0.383767119862384
-0.858804722455312,-0.602666570369891,-0.0685016800389191,-0.44187520831093,-1.83040755688923,1.02315636448939,0.787623518848843,1.79480151119532,0.901713153116939,0.715686682299255
0.494652196534799,-1.41646088765167,-0.770350112474415,1.38572275850338,-0.37626542144908,2.0812074492371,0.161497615539142,1.3224755658732,1.55420820528655,1.30785873692513
1.44399754647939,0.492989648771337,1.52894531029745,-0.628085580579467,0.704177323444609,-1.16808480760437,0.425410421773558,-0.193303751964807,-0.814817095141643,0.679653662716878
-0.61399320314624,1.35757660452648,-0.295872218309626,-0.835962642562899,-0.49963824897737,1.37779254110816,-0.540471020504356,-1.20278609891141,1.56644182758307,0.932859330805552
0.108750548812289,1.15731801446578,-1.95510775819327,-0.378006309440691,-0.323439636758881,3.11816689509199,0.631481498784373,0.521672112854237,-1.80756211151771,1.23639587014479
0.420585156086464,-0.399292007290342,0.857269299370524,-1.86428416896411,-0.685316115350254,-1.03692745558345,-1.71799051718622,1.35212211612086,0.228476388158422,1.86610482757714
0.683947761946837,1.03620797743884,-1.82375645655367,0.443318303956937,1.79445401508073,0.157791112268126,0.678354100737049,-0.0768965283949122,-1.37137404084755,1.2482441128848
0.169908241311317,0.285430409600872,2.11885327870211,-2.45946284414604,-1.2238681757017,-0.0716954522082408,0.621795720017073,-0.503174241042512,-0.355427333291113,-0.707569055369145
-0.254809521298807,-0.15984175158106,1.93625103792334,-0.0188072445311261,-0.580161105641345,-1.74718015219686,1.19649970021654,0.703984889014813,-1.12013976048669,-0.807631544825465
0.205522785232129,0.536889753677559,-1.23852441347353,-0.113789995374773,1.2338988847412,0.428365895154372,0.41343468278374,0.164539879504646,-0.4380905890497,0.527891097869777
0.940445494816779,1.43716137985251,-2.20939343783995,0.798155970080555,-1.5817342946996,-1.45316333676274,-0.404409303735131,-0.823085630550198,-1.43248377205489,-0.62334544558398
2.51545481154943,-0.21258180572909,-1.27887112021963,0.742324427310721,-0.121844633907165,-0.47934383813173,0.978531614882709,0.156591600417487,-0.860745669885243,0.391848847098692
-1.36339229311374,0.750724152625574,0.632585293774641,-0.749512220552486,0.26411135408596,-1.81792956455574,0.24296834983491,-1.03911257628324,0.727848116078909,-1.79010514011356
1.28853571381706,0.0820691831863089,-0.331769385995066,1.11452831030033,-0.108904475486794,0.329325279466227,0.960967544185568,-0.611262230718565,0.215279396739875,-1.07524633977368
0.168735362167753,-1.84036412006035,1.58437517286478,-0.616097209238712,0.604173361750748,8.97072339575166e-05,0.53796970166925,1.12950568196398,0.559746486428131,-0.294260082380635
-1.32237254027893,0.614670040717588,-1.61042078044818,-1.82548399095844,0.642032882506138,0.284389568417684,0.584171080146603,0.182529834671239,1.62066326445425,-0.107211055253676
1.57250752483777,0.0976190822464597,-0.29336803279955,-1.74213695351789,0.560160567704855,-0.651334236655184,-0.621002504992493,-0.333319311706364,-0.547754770279496,-0.75300280850743
0.47783076404449,0.00136049920202988,0.648423361357296,0.225598447009432,-0.493878452809939,-1.64915211892723,0.677394467936354,0.525241221667734,1.32348594285984,-0.208945134837454
2.17367363198845,0.831699419692983,-0.167906830342723,0.807605836699463,-0.44340603185919,0.454532975764132,-0.874771716990141,-0.292020525979719,-1.29288714164964,0.131816295236739
-1.06158118647922,1.10917371379924,0.768389980351842,1.56666874562529,-1.09923565210497,0.103192166130613,-0.0303502653508844,0.690861662691169,0.593151673488635,-0.660256943076735
0.767428823023561,0.517720286561391,0.482903550954524,2.1190819465256,0.908020267992858,0.0448849893227884,2.65570552348606,0.774245749115304,-0.487400468936119,-2.21136402813415
-0.293675130585159,0.251226209537395,-1.10862505564067,0.259023567384415,0.127694306104826,0.225158452225189,0.27557289637397,0.809034094720839,1.6595068192644,-0.457776325120377
-0.244188211032095,0.285582311314192,-1.01037372781822,0.780632925333097,-0.372675323970427,0.609577857781496,-0.563863522638123,-0.122529045196766,-0.46247832902122,-0.571118015304968
-0.0569982022813986,0.770550202413241,1.03094304089334,-1.28906467279074,-0.451083574611846,1.01058913600118,1.05746365032328,-0.281215663568345,0.0124794447817584,-0.368559733040341
-0.195366760023721,1.45672943414207,0.499602916580983,-0.10204925309794,0.261585047122385,0.190432610524992,-0.190943551531533,0.0810785867917741,-0.940891260263445,-0.46939667393556
1.12383496485802,-0.25681202561532,-0.577438108356922,-1.50954178585792,1.23255101047869,-2.4967679377093,0.401389207175062,-0.539221607035139,-0.946630993996786,0.335940187302979
-0.347788813372493,1.90281300330415,-1.90288148006137,-1.57648805724926,0.617573999651079,0.878434907553244,-0.392281638417964,-2.40931183486041,0.472494470638975,0.691839539568491
1.28919861297479,-0.649551014807919,-2.26777930793098,-0.287331517867689,0.380842414301569,-0.732566234782265,-0.660094880359027,-0.153595580506743,-1.40617833575445,1.06717749460187
-0.0801251979661498,0.337457694048948,-2.28398065155528,0.993422711576715,-0.0423385244585857,-0.242624408132742,-0.146097712153844,-1.18843429369414,0.148703250852672,2.3105766337551
-0.732882125266453,1.56858003121594,0.285332772704832,-0.301069955032496,-1.32284625976448,-0.805062550798419,0.0130692140643497,0.614192377852774,0.247687846925909,-1.52030580574407
0.2623488409227,-0.993485054435063,-0.0665084272692206,0.315239048306788,-0.237255536519708,2.0825880450833,1.9710818812276,-0.233096702473341,-1.72981434591467,0.0162183443104562
-0.857191008418082,0.575253356679971,1.73361993083476,0.40935277112009,-0.900791936102713,0.65816724901397,-0.256746379690088,0.190001152722803,-0.450686195874371,-0.617191169291416
0.474186775397696,0.976480845184746,-2.17943204301888,-0.894097586468688,1.0014392159005,-0.0826933949240174,-0.798682969957485,0.96714287703231,1.26438543723912,-1.80474892580438
-0.0452075840999047,-0.0122737086117651,-0.472448699863067,0.07512532189878,0.0301236766055134,0.484744914884895,0.440830967064571,-1.13601715818259,-0.457749771423565,0.244061310629864
-0.68866900803613,0.873021126691617,0.531111607793637,0.381987620968154,-1.8014292597313,0.125214017921013,-0.587301891282861,-1.28828204284202,-0.468984058286658,-2.04083517203894
-0.0569717383168939,0.002528648586774,-0.756209619235101,1.0672393424622,1.04968875776835,1.46532989516277,0.577428371098507,0.654262335284211,-1.03407620017414,-0.831171317890238
1.93700373081198,-0.189518681452205,0.817221629390927,0.79604474787363,-0.728934245686275,-2.270964198178,-1.18858773509112,-0.529638579399708,0.718777260789814,-0.130770634692917
-0.059797302790691,0.380578456606423,0.0296368970200805,2.01292240018872,0.231892125936284,-0.339689332139873,-1.33872268784771,-1.69719835750028,1.23293964231573,0.809480052710742
0.856532454875849,-0.309884541641981,0.0444682995481324,-0.163153574608572,0.877222191863629,-0.61300622732258,0.480126594549409,1.64958409762099,-0.560621498882932,-1.30579568496982
-0.610756218038983,0.962272934666489,-0.323256539523451,-0.774501237052197,1.14084240017638,0.521687225321542,-0.790585157341068,-0.00281964958460493,-0.055274630651422,0.278772685142045
1.15215201677882,-0.239176540210329,0.117432243465205,0.241191858084649,1.10640061671417,-2.66239151799159,0.900380077153095,-0.930167918515843,-0.716453401477761,0.594549646631032
0.594310660156895,-0.0955739178849167,1.39027229044826,-3.10866442367285,1.11024849595685,1.65399238137824,0.452708947216745,-0.340422844203343,1.38673455020199,-0.762434251023201
1.58348544537702,0.372917343227805,-0.0246330269563585,-0.686963499176581,1.42437470592507,-0.263440282270493,0.603391902992433,0.346497264529487,0.843558504302378,-0.951345301202924
-0.667376481347243,0.497181827987224,-0.456306512053818,1.37743188765599,-0.929648818423214,-1.30421757579054,0.00480912416778615,-1.0528183817205,0.130997819180926,-0.100815041399514
-0.246687640247878,1.20060883069075,0.43817003119602,-0.69331283137008,-0.244310860871274,-0.798366245822606,0.488097286110452,-0.506977885760696,1.41362474907606,1.53835688044627
-0.0503353711375166,0.622831579737796,-1.73071107957416,0.371154555198141,-0.954400948735822,-0.172874319809653,-0.8996350037715,0.653806915794427,0.522689797902008,-0.335336305593097
-0.525828191675858,1.43406576561707,0.341823295065938,0.868754167468587,0.10223001758581,0.114785155268524,2.06406956292949,0.256947631834263,-0.205899241959093,-0.0177891811984536
0.379791082149289,0.27448031801107,-0.119825700213015,-0.655983645159154,1.41398264871434,-0.690619807323999,-0.448244526778482,-0.742895149306958,1.24456304793289,0.476788817184352
-0.177826889531022,-1.84733307636972,0.213575178841453,-1.27590207871565,0.265061977985584,0.527574168074885,1.68595137767551,-1.48190342707934,-1.43635015447176,-0.0452600248832994
-0.79362218469086,-0.12962585850559,1.26776301879857,-1.03899505338766,-0.48037882430366,-0.398736015317399,-0.122900634699788,-1.18789465537067,0.00645139859847797,1.0111590952601
0.699176837080478,0.0553031041475978,-0.152351228178843,-1.02689121645429,-2.0711256855505,1.20001033062568,0.522479744544863,1.5384715777733,0.846874053680623,0.410278185733536
-0.981320378848923,0.774334154027079,0.50952849634018,0.236613360618703,-0.361943181382485,0.766449459316172,0.713424785907529,1.84774623972135,1.72204957257284,2.00693384501994
-1.08190495342985,0.440383542851267,0.0554109088149843,-0.115836404212199,-1.63581513635315,0.0860917896674139,0.414040815356928,-0.0634944521117169,-0.650981194878839,-0.334582908270726
0.374457293508181,-0.698986604582097,0.772718947465562,-1.03847852288452,0.347057407108671,1.19448078547696,0.128978869937041,0.757798867208185,0.492857391967721,-0.396762427316113
0.795251245843512,-2.3377171069428,-0.849486054292083,0.401994149891972,-0.218241458474905,-1.17794901157431,0.200540018659656,-1.85262268143768,-0.645960996004142,-0.530864009498047
-1.18005664836842,-0.385141603783792,-2.67653611010487,0.0806588845879482,2.74159711920095,0.016594523508178,0.186006278163542,0.0126778579630088,-0.468835861381913,0.316815141773161
-0.648094604428558,1.33450701999882,-0.481245393466033,-0.313874919477829,0.134673137250366,-0.188587249497232,-0.406727440933955,-0.450617674075114,-0.814748143180006,1.18623076459142
0.410065870358621,-0.894845468284427,-0.458447407011232,0.746447184151779,2.12394501656929,-1.81724872868472,-1.72917077183361,-1.10532102449961,0.130737511475918,0.533678833669102
0.0918181532622793,0.648821525407389,-1.76801271612609,0.533656978795529,0.922794896686058,0.13178596576006,0.655001794949117,-0.0949005963554214,-0.792358516339088,-0.228602522851925
-0.0514594755479173,1.0453760828587,-0.839047992986016,1.0412793500934,0.425161208479026,-0.0150395372172134,0.392365351344527,1.10180370380631,0.0694637794661886,2.88086692554712
-2.65472619172619,1.5580646087719,0.571540269059545,-1.09099499534934,-0.522326463731768,0.827802508262696,0.835767782205505,-0.463711497991338,-0.0108111248554787,-0.450687742324841
-0.811785928796605,-0.963001160188841,0.714508416033995,-0.39152121160879,0.95067382798099,1.21103953616169,1.84339426681944,1.34959617826149,-0.889068473074213,1.32362055835437
-0.397347322526236,0.437834073934978,-0.567561590956435,-1.4105116349514,1.76111750793525,0.506456130739985,-0.209551744392565,0.882378487495487,0.884984974759207,-0.951820690644083
-0.414248657349336,0.282257317709868,0.194248725769324,-0.603096825853665,-1.20591350494861,0.359784789667832,-0.667593619994449,-0.650123375489436,0.426315257661906,-0.481025383592722
1.16309973239438,0.236077148276196,-0.523890358500656,-0.250761901310895,-0.556503718559803,0.369542656953766,0.333804310769113,1.28167687121123,-0.633981572418419,1.23042815066416
-0.0516290558628487,1.65361062747936,-0.0185588895578016,1.51803720600083,-0.454971803736279,-0.634186853120753,1.3235235637545,0.968519064197007,2.02534264822392,-1.31413449573124
-0.486134608070707,-1.11501160182903,-1.17295959327952,0.390773967473737,-1.65464165764668,1.3671847542907,-1.34687819814322,0.537376839041954,0.794490891730831,0.675967531141996
0.0214719491843621,-1.31701997172807,2.19832778735711,-1.52259091014604,-2.137924970143,0.35978057721585,1.5591736563212,0.257965418994504,-0.51036344183527,-1.72615156798667
-0.447452491842837,-0.575328079748875,0.407104875711033,-0.94570509543458,-0.109564083223428,-0.567794682841816,1.11995657526682,-0.507505978000947,-0.294597256031442,-0.861106743735411
0.29000785301516,0.381309857001036,-1.7585523151218,0.0956249393214756,0.0115433152071647,-1.8652607076184,-1.28191389774286,-0.401648651964453,0.620617479372057,0.453951016579343
-0.612867706833636,-0.471684180965376,-0.0928801071489022,-0.12212234317661,-0.660407056431223,-0.228610175114644,0.685441754019066,-1.80265038953371,-0.27938275893755,-0.206661614937621
0.851972931515059,0.201289228437434,-0.702684624931063,0.586250441710748,1.40006205972403,0.0358253752254331,0.324554359260813,2.12129213876125,-0.106427640703795,-1.8716691807499
0.786548897012285,-1.20268920961321,-0.0487472780286752,0.97553430960045,0.0471887276415645,-0.786155426443785,-1.76480440084767,0.266930591175735,0.48962253050662,-0.294899083389997
-0.82555797328234,-0.013522833875195,0.55288494990031,-1.84890346717222,-0.325778913901795,-0.256148794617945,-0.0539832272556547,0.352803862429332,-1.30721506214737,-0.644291591792438
-1.04787686707013,1.55572532422553,-0.980011665328203,1.60352329866048,-0.869138260339068,1.42629878132164,0.18112697669442,-1.22886458534504,-0.31768679040726,-0.91440417379992
-0.253339230726834,1.07024236737844,-0.316996716065554,1.1624066368933,0.539149973169102,0.800423423434774,-1.81019972815925,-0.917736079908536,-0.896539152363038,0.480654288035171
2.00687064530923,-0.30871336902917,-1.40423330739765,-0.808526938899218,1.34976800417015,-1.33216781010834,-1.38914351293835,-0.344882991153592,0.716130360141326,-0.248585570026295
-0.94242749083535,-0.580129681227043,1.8351336988015,0.337075276244904,2.39606810601724,-0.715503378990633,1.15255377428915,0.462977977237242,0.233888244827513,-0.409211459352534
0.804608476192546,0.384323990927847,-0.0340337429756059,0.916225960068424,-0.313334897961352,-1.08853897101735,-1.24559251518259,-1.77681051222954,-0.922737401035687,-0.165670658268116
1.11573880092158,0.0938118038136466,-1.1602863732879,1.51849327824239,-0.697061982850611,-0.391754240363368,-1.12987836209165,0.298936210352842,-0.283699063376913,2.40482112653128
-0.0506541436888276,-0.237142921833539,1.12281470870409,0.120529825661505,-0.0683411689182848,0.899591453301175,-2.68249426195492,0.827400497437916,0.23778369686256,0.621833675325621
0.661535524726352,-0.498960418141257,1.11042617173339,-0.680695706789779,-1.70517308162362,-0.0448601999429079,1.77958792931292,-1.41850778571804,-0.0989396531046898,0.175673734264727
-1.71634542554616,0.340493365978179,-0.0231866921810438,0.0260744726242145,3.01373303213103,0.570214013206416,-1.77539763409881,1.86275203480917,-1.83383134722092,0.831941472612428
0.0684290715973856,1.19739983551165,0.87963575901509,-0.586254697179659,-0.703266074807549,-1.48641055438959,0.281144759748681,0.338105334721219,0.285710383664396,-1.14060339651098
-0.716424220226067,-0.734030566775627,0.202274713248949,0.858660853977676,0.112193633024056,-0.582566975165265,1.42009854485882,0.870417939387194,1.39166814255164,-0.386488302634971
-0.99646606122259,-1.32107013142843,2.02461235727684,-0.524890457648658,0.812077508343047,0.415264241291184,1.40158606663743,-0.599269443286288,0.817739620934565,0.304746324300752
-0.514935104108345,1.53780636554266,0.465771383014985,0.56454285919715,-0.407021377070029,-0.273525371317482,-0.948165321545551,0.796482237766465,-0.657734792989211,-0.434679241620281
0.212999766890254,1.69613496669714,0.365745425033549,-0.23132932798345,-1.85246605093469,-2.49089164355371,-2.21667221584089,0.0806079822727796,0.817195463896925,1.21074543952731
1.0118748775358,0.402492950687033,-0.857402679516725,-0.91798089624541,-0.239629438829652,0.196926805087671,0.778172277138265,0.458013724157174,-0.208726267460124,1.21706816547572
0.212314018259032,1.63449770026712,1.74817978057682,-0.0265559215449798,-0.290357410652898,-1.12407753428601,0.305774944480048,-0.206835720858545,-1.65644444312304,-1.50900120726975
1.41040427527531,-0.779107135505804,-1.54135463638043,1.40886784054884,2.19915240190522,-0.653848669417239,-0.515525492306251,-0.693135735958186,1.30563934374002,1.19749598328988
0.589013157250469,-1.39782636702072,-1.24579196675734,0.421793945800474,-1.01989327877282,-0.0424735026044499,0.962004971069071,0.557731273668179,0.700973457795165,-0.265747640649978
-0.400335734280257,1.09023337190099,-0.912446145273438,0.794196276266388,-0.746894517696071,-0.78334596016549,0.432062192914698,-0.25300264208296,0.176892656227881,0.185418510107228
0.415795039687154,1.20337481085727,-0.720369769979223,1.20156602227456,-1.7743242262127,-1.51380317410623,0.386313140293362,-0.787543342613806,-1.01288318537362,-1.80176561849787
2.06451585454495,-0.867070975952897,-0.926325865098635,0.358779669143851,0.791155581252407,-0.364620721867699,-0.583564861507129,0.723980721278683,-0.668175094706542,0.840021294971859
0.0756540321561523,-2.01037581807662,0.867259280289263,-1.09530315879043,-1.16365431634838,1.1853332401393,0.528659200514714,0.63362203703674,-0.764245615740993,0.988068649580675
1.25315109529847,-0.108348890730375,-0.135160571474602,-1.65896418368164,1.49906936473895,0.472001684902697,-1.63470247369137,0.962249206684192,0.385209018505841,0.924651779172743
-1.06415448550264,-0.611875623579562,1.25342090818846,-1.6682830125889,0.322281905909245,1.59983884861041,1.7190281405921,1.56769316050429,-0.450002607190538,0.616967512795938
0.784766266993294,1.04709289660699,0.164244425340228,0.30981826237905,0.526840015790534,-0.870575448093834,-1.54181523383404,0.887248550942818,-0.361341279284872,0.587431079722193
-0.775686829517725,0.697556179038487,0.505135312953076,0.604104858984979,-0.289799241365973,-1.57310292533327,-0.277616517081664,1.4614375015134,0.153019081828526,-0.520357665444943
-0.704694950864943,-0.152966652135296,-0.213955745011532,0.0736003345387815,-0.470288571106294,0.917255347059092,1.30920485327544,-0.465933214374033,0.394926494970328,0.723765528116298
0.677395843601331,-1.77152105309228,0.93042262841532,1.52746434141585,0.400576822814367,-1.33631722162129,0.225384538830218,-0.208749237178265,0.775192067075814,-1.85605626341848
-0.357318097881201,0.125007167154397,0.654994417600862,-0.13517327041667,-0.479076221858115,0.967990800267154,-0.771708324768073,1.00756682665324,-0.496605747234749,-1.63530242272191
-0.237640182594738,-0.0726916633321416,-1.35540980510893,0.0762891938229244,-0.696312531997317,0.40529977421607,-0.245143625424282,0.279203595103311,0.230762966049071,1.80233398356735
0.684156110350112,1.10915779044291,0.270631228087895,-1.10017959342767,-0.223959648620201,0.101861560902024,0.454592951384541,-0.417658793537472,1.05289543057678,-1.56793714212191
-0.850343778643438,-1.72420535311836,0.997283511718942,1.56761095188277,-1.24534785962141,1.3810521482036,0.958083690730708,2.3281312324368,0.866737160681634,0.741564487795675
0.0774535104407802,2.46570239569887,-0.00186284533218475,-0.579693869431893,-1.73097159320485,-0.269197009075302,-0.138486024782088,-0.0627551219453932,-0.280477700341495,0.280045403161147
0.862075044596816,-0.399328919108049,-0.0613781165108207,-0.684978836711797,-1.77695527897958,1.5718971893197,0.549277493453778,-0.472949336343131,-1.38694759971289,-0.251226989523348
-0.654323089938994,1.09126093671295,-1.07550629595829,0.505052872374617,1.4474360406682,-0.130695513278602,2.69274667336048,-0.0254701437261931,-0.746312582709925,0.142513062450446
-0.557519994164196,-0.827547100159611,1.48914330705482,0.238869089367657,-0.856354843327089,-0.557371957963681,-1.28950822473138,1.89733385612696,0.189268509324594,0.0450665896937084
0.400272736759167,-0.972288750453302,-1.03201956728738,-0.848229661705928,0.104735223115616,-0.0897252234686446,2.34628526862322,-1.18512862106377,-1.03425924171961,0.586833574508802
-2.48857602340744,0.183551292692083,-0.958567566911692,0.2180916930838,-0.31265330226658,1.2981245597735,1.73796778137708,1.86753895639159,0.640002448302337,0.1530375091464
1.28269742375576,-0.843076215654318,-0.0792894440676558,-0.137789047939272,0.855005014358708,1.30207563557122,0.494231134677988,0.778928951364555,-1.18927192843565,1.76861538245773
-0.426838332490216,-0.920378334861631,0.289365012929765,0.0945009652594426,-1.74233328082147,0.0558350132160596,1.50530061255486,0.170100874044092,0.234278455282774,1.11565901070128
-1.46185785913288,0.209008179405171,0.00654468878989825,-1.11918600759256,-0.894152105345137,1.30333303349126,-1.76023430792962,0.377655910347769,-2.43110015731668,-0.302435851681679
-0.866181197082446,0.397434010558818,-0.0215979422764009,-0.806171908614943,-2.14255317729006,-0.670552739451805,0.122790814463157,1.00169436928942,-1.11570692219305,1.47784062371471
0.819389540900238,-0.398994211731823,-0.228968346707164,-0.0750901051680539,-0.281999830363772,0.671714297545683,0.0145540716156394,1.01491705615609,0.823810965544677,0.665785189013915
0.809550157451904,-0.817286006020183,0.519184098119148,1.80428784758207,0.775040240116749,-1.49189807733676,0.50051176679031,-0.845977360011303,0.486254226457898,1.91021606744403
-1.95975106394977,0.333508760404313,-0.334234694270603,0.832224839761523,-0.290274520068371,-1.13065707882172,-0.194121926237053,-0.386413167813423,-0.325005171559532,-0.0233234679810972
-1.03686377597565,-0.624400736832358,0.520520157251408,2.16956826025351,-1.12341981967317,-0.449815227722329,0.254457253252433,-0.520979216372568,-0.000514569933887307,-1.45634704132199
-0.382022345053143,2.2880133500364,-2.64138556179312,1.77683658589207,-2.61342289222055,-0.290847648969812,-2.291350112111,0.914546265266741,0.632137084837356,-0.419746611185655
-0.487577870402769,1.02494295144459,-1.20829778237739,0.129736316003244,0.615338661632453,0.0160694159828668,0.41415928193167,1.19267904838153,0.97993157372254,-1.25298581120849
0.585738851570448,-1.33703306369804,-0.8378718139086,-0.133708893098645,1.2207204199009,0.69397096518068,-0.845901074498428,-0.31978995638266,1.26951019146897,-0.376135467302839
-0.636716341598639,0.209484112710111,0.424472464165726,3.01370069971808,-0.588141973813086,0.282682263370347,-0.726311061089486,-0.957031086558467,0.939649758671185,-0.83987766710611
0.387274851617135,-1.17185395376212,1.34264864342362,0.869508461170574,-0.238770018178176,0.97822209686441,-1.4287377163492,1.81891128357466,0.116991734579846,-0.579135216377175
-0.929607251502903,-0.510088773409677,1.5059322450888,-0.527425281055269,0.515274923827232,-0.552821701379526,1.00515851582716,0.0398217712787425,0.895970276145367,-0.69146049087479
0.576502222984548,-0.245657393807176,-0.0369684812722606,0.13436785844193,0.421282987968232,-0.342248036085825,-0.225883333725221,0.0457177462871508,0.590076502555,1.1565395744339
0.395387734729551,-0.0133415439281904,-0.107645865905393,1.25122600876874,1.29319255182159,0.443494722240998,0.475317834860137,0.0186160573289079,0.0579040270957274,2.1408488962352
1.72566890585961,0.452445899567597,-0.171160923406903,-0.563093539445513,0.212594312889344,-0.639546566525572,-0.162062373754084,0.77689618086139,-0.83700092304857,0.955697148151451
-0.606576845263899,0.54792005829897,1.37239324036218,0.372451609600129,0.945907754942842,-0.0778422367858233,-0.305523558968568,1.35754376825259,1.11010737763269,0.679963867244864
-1.07445398841047,1.53552685478302,-1.77680390153095,0.818591072797284,1.54960058152293,-0.549080032850297,-1.30196494801405,-0.476645005072066,-1.68473835108235,-0.887681693147071
1.29652456145556,-0.189141917534496,-0.911908607965446,0.870870298427594,-0.570945118568828,-0.372821217437767,-2.10949570178822,0.323386032964496,1.46972225591178,-0.444109489435135
-0.541603005006858,-0.926936884611213,1.24369173619041,-0.483644177108759,0.442491817820646,0.868272914378415,0.927420037075875,1.02842312704193,0.960127650970439,0.0417750174598231
0.819679249620632,-1.06131074052032,0.476890801137123,0.567524866625937,1.05616140014501,-1.7795862982543,-0.149756004952641,-0.630044176650228,1.20412827664389,-0.135556018572032
-0.113723162687398,-0.38520053564711,0.802389536955108,-0.340149401651666,0.57563554775929,0.893515520697949,-0.988300488203507,0.243395863059233,-1.3780599563315,-1.57369552016542
1.14806589563757,-0.908571603934342,-0.0147107475696011,-1.21259733832532,0.579228231169109,-1.54833951078095,1.16199183389175,0.8919928820909,0.39939408862305,-0.168971219067697
0.462797357993085,1.75262475790944,-0.996387853906735,-0.12633429334439,-0.926133660898784,-1.35247536657987,-0.695217414767434,-1.16450353474103,-0.344367528321278,1.22363544339021
-1.38700889847939,-0.294813637702232,1.39432856989979,-0.985506807358321,0.0895537765094351,0.042418446858295,0.622745558175484,-0.728115917263138,-0.452782587014119,-0.646458715978252
-0.700825890980978,-0.292946093689672,0.767679670191698,0.144276206636867,-1.2508231883878,0.328932183398602,-1.53646485865376,-0.421212328646456,0.332442702822521,-0.799984990216372
1.48012326798709,-1.71998533278949,0.566259131286477,-0.233219530674295,0.210386655482855,0.0872137080938802,0.436098341112591,1.2230457841899,-0.798528447927057,-0.913850039343887
-1.52525426053184,0.933861554415284,-0.671480995589901,0.4962492086845,2.11480910078376,-1.08114030239879,0.959930405636786,0.0931702434988099,1.21497168161595,0.142578120347654
1.22182824742932,-0.237251153494333,-0.492070799354054,-0.0605778860073391,-0.470840376456311,-0.336046506309843,0.498757707390684,1.62636562364118,-0.461319713799698,-0.404072033462241
0.789356245853658,-0.576664602815967,-0.637117864889543,-0.155073921824183,0.179197029401217,0.262028676767964,0.0319367409244918,0.302439036390215,-0.830342800469142,-0.865413826112956
1.62529670075861,-0.271478302034528,0.72941523119677,-0.118293548511307,-0.529461545125535,-0.956099942671986,-0.276668219896616,1.32499397459777,0.605766657406474,-1.9128145509812
-0.491189720066759,0.329515449090072,-0.281671169907762,-1.00002257694724,0.0344178918115946,-0.339932361360699,-0.314448998747691,-1.93382383306752,-0.366477455866989,-0.93187115808359
-1.1028595663914,1.62519649069667,0.510772713123612,-0.769786408609835,-0.859110230160946,1.6743726303385,0.713354412776958,-0.721133914077329,-0.321298892989703,0.203056615803619
-0.728461329175263,1.47353877492562,1.20018830653593,0.434951000419626,0.170381340734884,-0.529906524654118,-1.70687929456703,-0.105007649214638,1.06439084642938,0.255734253711756
-0.487070194107747,-0.116343115295083,0.320350327486152,-0.780515747662193,1.2440477712157,0.381724721457704,1.0997608431425,0.704488791670037,0.723758862615473,-0.129805472777518
2.18508218226493,-0.278313732700562,-0.178993764768726,1.98324117479502,-1.88646129821503,0.201159842123941,-0.85455767285926,1.04843943306731,-1.18826430776608,0.390778589295143
-1.26524300174901,-2.81302456236064,2.69562934847829,-0.854650884824591,0.193968751938456,0.625332928156299,1.11572567770831,-0.491003549811247,0.76155958631651,0.539532195644329
1.30413798661222,-0.147420644798232,0.789223138323997,1.85164147590299,-0.396603869147168,-1.0449741701743,-0.178230172352513,0.608089660016395,-0.439218617442129,-0.0506329417320805
1.30620521275941,-1.42423131575935,-0.334876495152841,0.477179209622337,1.04131649344365,-0.241623500362548,1.14491827816106,2.23345462928172,0.978060354513477,-0.434562845583632
0.356303079682391,0.922933645728548,-0.926411656784535,-0.659252419198018,-0.000262100296379691,-0.652046057586233,1.93928060731808,-0.648041102650294,-0.969111583647968,-0.618474310513219
-0.182208279789333,1.6965967810692,-1.19658663662027,0.95655796161742,0.950726406951392,0.211839038878315,-1.85598002067099,-0.804486874450071,-0.671579010471612,0.403043834061617
-0.868725759509435,-0.12694824806381,-0.248591325691489,0.237639297231891,1.77948304407242,0.131131261950969,0.726775915278005,0.703966428649468,1.77667342063712,-0.504446423502002
0.420634447471566,0.440244406075668,0.0575673864343591,-0.952073553439414,0.096690937273294,-0.770784632769989,-1.05211967031966,-0.806609853427315,-0.605443334706661,-0.588489175993099
0.651778168366949,0.624774111776997,0.810538508887935,-0.103064595298164,-0.0293010157064137,0.325759903867185,-1.71475304156652,-1.11020427574079,-0.243178926503618,1.56793050443109
-1.01838124523723,1.0777957825446,0.362082323374814,-0.529136536991171,-1.38287616813581,1.10801547394211,-0.915918235468535,1.77164145577412,-1.30026757705421,0.827991906316766
-2.70347985107785,0.23313917321795,-0.515653915925979,1.53014578602418,-2.04833594177842,-1.09197161274596,0.392543911408715,0.673847895950509,0.476577442272879,-0.218524472781152
0.349352002140118,0.322392861771123,-0.253384329390168,0.547706047112449,0.743062882603364,0.141814599118847,0.674158248594258,1.35376871143143,0.187591095925986,-0.45672541364479
0.243078102804156,-1.67380047638844,-0.0681127411157685,-1.39775707672947,-0.838744072363699,0.163086562947239,-0.240318485433828,-1.18247703573445,-0.185944467490298,-1.94317385011039
0.249995980055779,-1.70119468013618,-1.84080441602925,-0.701248927928906,-1.91422117519664,-0.0918239054204525,3.49147567111795,-0.591683479235112,-0.634611525934682,0.884407738668403
-1.38218053501459,1.606051272947,-0.363108446603265,0.374613785411416,-1.45078867231129,-0.0152409712625868,0.197337979611006,-2.37932416877426,-1.799470141112,1.65874849636519
-0.863483841276598,0.258011843918655,-1.26085972985032,0.898967046602327,-0.176428797486851,1.10295342456093,-0.180795305786496,0.273167343611199,-0.115031834258605,1.26083966682677
0.458672246398433,0.762815345536075,0.0695731742459064,1.27200376830017,-0.200162343780224,0.29269699729768,0.656355318441783,0.446814823462388,-0.642460649795518,0.464020441761189
1.04273828787799,1.22569044477396,-0.692969698031613,0.483201175773288,0.141278948005996,-0.288249356070763,-0.702970046620617,-0.350351413316576,-0.167806004865976,1.28481353194941
-0.475245354771241,-0.421805855022371,0.000733988586363493,1.06286663044629,1.54865223462894,-1.08758412322526,-0.890717133353144,0.417558916409104,-2.13424240771407,0.361720499802017
-0.155300219048199,0.493017719725135,-1.0241613934707,0.104153008600534,0.212861875240963,-0.351414371744534,1.13864413604841,-0.224247633471247,0.692808403136066,0.228611086203739
0.29661190408988,-0.0385335457260258,0.905293652585469,-0.0810268768558457,-0.0579971262052513,1.40821463282354,0.546409968539405,-0.19731219632068,-0.188972794746451,-0.447856633027173
-1.5454828573231,1.63325016347657,-0.0553488591645716,-0.716968026311853,0.294982605493873,-0.478990999499769,0.542846203495555,-0.918754661754642,0.899914073352298,-1.37433992509961
0.166047494972942,1.24647050376634,-1.3241851680089,-1.19799844033915,-0.431458517483887,-0.900169352341487,-0.108842536184197,-0.428108392771267,2.01299654691271,0.9764207555198
-0.670367812205849,0.78002320970291,0.935168081832616,0.335759081756223,0.947977673826079,1.72311679016205,0.567060682335043,0.690806358294644,-2.0784597935747,-2.7005841114238
-0.93364973627046,0.570253340998136,-0.296078602844011,-0.547493636674919,0.89205019500207,1.2401474621121,1.67153892838085,-0.562946762637396,0.673304347539681,-0.294805306401121
1.0440174688181,-0.182691450239524,-1.42870995156219,0.715173612559929,-0.311501036819012,-0.932220838181106,-0.451139569362033,1.8352918706296,-0.411708581203541,1.98877216970648
0.578316807516749,-0.425416892618661,-0.488405694205248,1.04523239123596,0.267434094717897,-1.71092270073505,-1.33903952508197,0.484511060424707,-2.47161702796719,0.680636384533582
0.572879548833846,0.269522755392298,1.55867987584048,0.467229024632545,-1.17253009155398,0.389416516380889,-0.270389138488306,0.578735063440178,0.936931037217573,-2.30582605746557
0.548598743534981,0.107589752501942,-0.275910166327325,-1.18596407406246,-0.194735301954873,-0.00518436024429963,-1.63614346519755,1.37395941872712,-0.302104389756026,-0.682642129573149
0.416880798455277,-0.14015200762444,0.711397213782712,0.00797144387066058,0.0829642745105256,-0.395932361959107,-0.0593892034454423,-1.49355465581352,0.682882516016829,0.127468024162047
1.45438467922801,-1.41020172622345,-0.557371669993922,-1.24340050473144,-0.916240637019354,0.191160462988221,-0.0303329256004617,0.754048470098646,-1.82969878679039,-0.769441792662548
-0.595242339682447,-0.170813944854254,-0.0282017154294452,-1.2495227453662,-1.20850738045331,1.26047832997707,0.76523086941315,0.650136485154727,1.01418567781469,-0.440016667246194
0.917018640053679,-0.680909503589035,-0.592561797877784,-0.217971256963345,-1.55515866028996,-1.76030227596869,1.15446275374648,-0.271847503451647,0.39447843440585,1.17217834594688
-0.830763512039507,1.44399890883588,-0.405481519337111,0.101712204867303,-1.006314787206,0.456072188826602,-0.206784907388563,0.238943400976093,1.81719553350921,-0.197362041980335
-1.35352327662603,1.93427362054047,-0.854039615373518,-0.651843446937132,0.0497574995979712,0.498720284483086,-0.969556283960005,-2.05437139323019,-0.337564962322251,-0.355320217951358
-1.06091326134518,-0.749002922024592,1.17052859219343,-1.68142280887684,0.796405743906695,0.448121789276924,-0.313902883583538,0.109745479238967,-0.00258877268182864,1.04865980899505
-0.311911291544376,0.104333903638045,-1.9305667600702,0.673049371181065,1.76793498699029,-0.0639851017993089,-1.74920456044616,0.977066110216343,1.4539076597904,-0.557671185054265
-0.895892931642553,1.26866879787592,-0.476363380903919,0.733947084410983,-0.232547088668705,0.0246315347977754,-0.49106426591712,1.19016083258513,-0.287594742452813,-0.448245729848325
-0.836038854446895,1.90161634469481,-0.0995747429494612,0.777754123650958,-0.379295859629814,1.36173802746693,2.2411503694514,0.203870979841903,-1.65960351652886,-0.29937909045005
0.347982233201147,0.755615460731565,0.0741741857361713,1.57675878085667,0.893822913994701,0.422097776589971,0.657452805407023,-0.389708191110093,-0.698208648079209,0.282442924915194
-1.62210862756054,0.389482574738655,-2.4021202985791,-0.246901272812174,-0.099336316686101,0.871969541070385,0.161613273032302,-1.35322329724318,-0.393959069713752,-1.43157570457724
0.844139372725754,0.697506180592316,-0.123021192052557,-0.791077484791296,-0.400760387157823,1.46782319036858,0.516303424930723,-2.16111281625871,-0.653028028485931,0.545669917131258
-0.0895574765093807,0.0569057861136822,-0.658528926448962,-1.9790985117166,-0.522495071508951,0.195028754745848,0.163925079315613,-1.2076184188016,-1.0510944788484,-0.321398763030397
0.602342800078511,0.520345733240949,0.0594010706838985,0.0631355907360049,-0.749871908659519,-1.02275243909594,-1.53040367598697,0.48681804262965,0.396927173424554,0.547817582307466
1.9881522569931,-2.12324303302758,-1.01567507226763,0.707305165029402,-0.134223657141462,0.734176900378192,-0.573457817452085,-0.430764926936467,-0.643120076101122,-0.421957675025502
-1.8883630193922,0.351021867435206,-0.937282637461596,0.429684602423046,0.734588968635586,1.2435069258114,0.638485535373221,-0.29070382238456,0.967653435506125,1.1318458637978
0.27416494113725,-1.59428026639982,1.08927583136147,-1.62641164189592,-1.7272994722128,1.07893448580489,1.64819338109101,0.0737798136751632,0.564730390243643,0.926960609175585
1.55069759637822,0.480865999012204,0.665424062674671,-0.476441827111993,-0.925665926275597,0.411257002942471,-0.654236431925391,0.539251044324331,-0.807060880366152,0.271263006493561
0.327464911873719,-0.614678367994487,-0.708032730804176,2.5026464906352,1.07893645815014,-0.829375205770337,0.545570518504647,-0.395398695464174,1.09666413578628,0.37344801433852
-0.27076810894685,-1.12970653209913,-2.36592057583763,-1.3964938793594,1.13184382296266,-0.694929361021472,0.24141080177225,0.593747034046087,1.23530497334853,0.220622845531753
-2.3003315345951,2.70269862915443,1.23711145931589,0.0388269571185011,-0.751203493008524,0.529360962109975,0.130977382873895,0.231468344379868,1.45672314473937,-0.962101497248
-0.086260266623274,0.262630544262924,-1.06206765679789,0.966836622640411,-0.430448964417273,0.0394099697847215,0.439332532627073,-0.452911799241718,-0.824211084782766,0.330627588376232
-0.0504002884745358,1.46214782275385,-0.943866512803006,1.03333889721656,0.263927732045015,-0.992010758091467,-0.753502820203691,-0.699453977856588,1.08701089599525,-1.14739634264534
-0.256603908726724,-0.639295852840069,0.154130875143483,1.87589019972282,-0.600522740791832,-0.485930749668735,-1.75936902019068,1.26634671936467,-0.815234129913547,-0.53957746124411
-1.99615086059831,1.2495667406441,0.462931347830915,-0.214953714875847,-0.90932099401208,-0.67748162225937,3.20387204591504,0.375772346625489,-1.29757813879146,0.0636452422146555
1.89451788097767,-1.36028641287263,-0.436757092598003,-1.44269723288248,0.308913417612506,-0.871829312748083,-0.613000175647485,-0.834753172061661,0.330712440677288,0.970440192745673
-0.31493495553879,0.444624811922054,1.38657054565186,-0.850602596905007,-0.290063813193537,-0.943908153593822,-1.82888890190719,0.735821130843583,0.88993478528195,1.88475837286568
1.95121978221587,0.303636851892074,0.36029904388867,0.327418206902258,0.488264613267676,-0.376580308122116,-0.438381419382908,0.300506449911786,-0.667079503910625,0.315152597995381
-0.94890064887636,1.14186422187849,-0.860006282225374,0.0449857214159047,2.08663888891163,-1.54544595760782,0.216312786102006,1.03405711664434,1.6282458709495,0.426886515515015
-0.240788975131184,1.23967837568147,-1.32242625646165,1.31540543111542,-0.0141717604377388,1.12254739833201,1.62305156613732,-0.948055993096417,1.92198630606941,-0.90572399056281
-0.885443463996588,-0.48771885791263,-0.156313545579325,-0.763313136100156,0.766095671781925,1.22179790167376,-2.66485336450585,2.52293869034605,-0.193066895416303,-0.626371705412306
-2.29986473188852,0.0378141233526254,0.81516740324264,1.47757812541685,0.588811668488377,0.506203261721741,2.4191401463595,0.0522409205431734,-1.98397557331159,-0.463019616665247
-0.879865152832339,0.438337749907059,-0.236291811514977,-1.09917776310698,0.072901764778369,-0.241762062788334,-2.03291492975084,0.982542341537143,-0.549572844194217,-2.02726967041898
0.0995291005328495,0.192335746314279,1.92927638554168,-1.55771422753411,-0.397734792705175,-0.166002004991579,0.521248557294933,-1.5988447247112,-0.763111019634417,-0.924261329868562
-1.76092999081249,0.0963151770085339,-1.10859398989331,1.53331667298627,-0.139920242937591,-0.995186626635483,1.08829474112479,-0.230591608216036,0.263123811769289,1.49851236887694
1.48736634969172,0.430257772622082,0.171404029336023,-0.104843027950477,0.0963411635747937,0.741059248418632,0.28538895441945,-1.09041555971756,-0.797337464569669,0.545970377454822
0.652866989234632,0.656085342815166,1.11397674667666,1.74813325292066,-0.786142881961976,-0.440093430371236,1.89476900279175,-1.34901277767656,0.885757051388286,0.487677129239025
-1.59009867940008,0.291026244240334,0.538324209753196,-0.158414125050557,-1.16485365778982,1.05302979927823,1.04409991654643,-0.741882183235805,2.42223777355053,-0.578975820708684
0.867116529790336,1.2674022661719,-0.60703132130269,-0.32347575020249,-0.163922079229338,-1.6675544511534,-1.65071595084044,-0.0442377375904483,-0.875515634994938,1.46633854307254
1.31641888108466,0.536647440534179,-0.654894972295629,0.3166913708745,-0.0311518248725233,-0.87843013232848,-0.326000104368954,-0.334086108425571,-0.995332977345498,-0.898678326454641
-0.971902940555753,0.366205676036246,-1.15483532328024,-0.173220880927948,-0.604670470894689,0.491653727928036,0.371595802197888,-0.0545755584801958,-0.322515840061756,0.0309664566135935
-0.38909701855251,-0.041535417344603,1.87940863140634,-0.212329780613792,0.118460769579192,1.01914585844789,-1.34023032984031,-1.94003758945038,1.73441170050875,0.752168652069635
0.29538168562396,0.446010623524791,-0.12201001795945,0.306083402056092,1.20082957072078,-0.35735393350495,0.184167957080693,-0.17930129116614,-0.522463896430033,-0.600683103766235
-0.860737100431392,0.728126384791723,-0.590181708344854,0.215956335132637,-0.909329946568212,2.569525351443,1.53919797294859,-0.392250389351994,1.30044867975096,-0.784485796311944
0.437439827336727,-0.0510342762279413,1.14653606906713,1.25396604601109,-1.02738704844246,-1.1811506601709,-0.310005127527167,-1.39521446801281,-0.0119134718380432,-1.44886083431225
0.0566095704018507,1.94223198016561,-0.132364671557497,-1.06193206346244,0.0732160096587979,-0.101099565344549,1.63638388029433,-0.0299294186108819,-0.393691802161999,-1.40506836927867
-1.04345963358509,-0.395959272801387,0.592558611932683,0.728001552459407,-1.2268889492507,-0.0125193539990365,-0.841234503508971,0.397175517973326,0.359754709274452,-0.610801604874004
-0.0768825551400233,1.43128704519172,-0.993912580397233,1.12536334534639,-0.0485433001716733,-0.526045066043191,-0.222266531052018,0.631361785126556,-1.37460232587895,1.05232987986405
-0.0443813934112089,-1.44661840488813,-0.476340643445904,0.857876314919068,-1.24395656488053,0.601987270978366,-0.521188304474391,-0.0470428585570189,1.32517562346182,-0.224290473026461
-1.46975071890796,1.61232123150027,-1.2576853305512,-0.744139582952693,-0.117511272674387,1.49030887801329,0.380425420473587,-1.2518688898971,0.30941456299371,0.99410075302944
0.166522197877898,1.443290354823,0.96015187544617,-0.618386939674362,-0.596502753138087,1.23558743394423,-0.672389696096695,0.19067503236693,-1.91911425673535,0.601817811344748
-0.757765166939546,0.956703170470461,-1.26122627751731,-0.371677529349943,2.07236388176242,0.838426591372464,0.155247906207168,0.731181948649106,0.501401673193604,0.882102281522998
-0.275923396127024,0.214606151087392,0.988884976788233,-0.415547751467682,-1.26472025340257,0.010656319477075,0.901308396790546,-0.863941452608366,-0.248126930668102,0.813185348216554
-1.36858273480044,-1.15744057056303,-1.41553823544774,-0.494894525722216,0.648815078117442,-0.763348803920975,0.479010337641008,-0.0422706888442398,0.379098934392521,-0.0152148205384016
-1.79124875930269,0.970929053089675,-0.187047903817814,0.61449899440675,1.49334592010701,0.258965367547949,1.00232184805023,-0.805778094864055,0.838682291410324,-0.863050712280435
0.397293844276546,1.89632980779022,-0.544012195915073,-1.07646075995293,0.377171956431542,1.83493547929083,-2.04701186474528,-0.750113268099593,0.614499787426205,1.19784504703317
-1.7073236319224,1.60501355779535,0.205261873003945,0.517435800993023,-0.406610317289925,0.74232335975011,-0.0406251424372739,-1.1683658330378,0.131719565604406,0.363905923536946
-0.96733167219891,-0.433241515182367,1.791455312262,-0.027612298626052,-0.196303608480062,-0.267382499785432,0.838657640494114,-0.821604474745027,0.0584825335095928,1.16296250000721
0.076177512844542,-0.983560437050086,0.250584662809735,-0.968985554394645,0.446469601899028,0.394386941153515,-1.24203678284084,1.42131630455096,-0.294718794492601,0.821606145453053
-0.0827137805150748,-0.235699368133216,-0.7724616027917,0.326941369608528,1.60545872647551,1.45253051407374,-0.587791953365001,0.199958495209758,0.1130149917386,1.40765714275011
0.971079874713264,-0.991463374356876,0.189843622357518,0.543963491723128,0.676668964521175,-0.405790116133773,0.650309734365352,0.68615307442993,-1.02674955134069,-0.0865561851264692
0.124985453986727,0.0961817904095583,1.14208127450166,0.732291922334661,-0.0307225165134763,0.455859829300477,0.431711212827785,-1.03983461018217,-0.472092937920617,-1.79126681225548
-0.665260421792096,-0.672304865828363,1.22810400509897,1.12909015937303,0.375956145202367,-1.00940518238353,-0.0242554254345972,0.238843625967628,0.178199235228494,-0.214212938730855
0.0212784761508527,-0.257695624562365,-0.0647705345579603,0.543461684419208,0.747526967102596,0.499629822378584,-0.509959282345009,-0.788212010162679,0.837575734197425,-0.459914869376204
0.624320080014199,-0.759136026672296,-0.865914771297379,0.997242813437904,1.58940598286864,-0.461473130445463,-0.420848011347712,0.53615098098753,0.335541297004464,-0.400150172045328
-1.47164654848152,0.185232395751298,-0.277007431032874,-0.387738411794435,2.55726598976968,-1.30898974926452,1.0472340554146,-0.468426311224309,0.999579762505307,0.756541750663757
-0.488706812650692,0.679316260532451,-2.0463959752846,0.00665925121542594,0.170395636409312,0.762469927008784,0.426193976871812,1.52952875931094,0.155842653716093,-0.157351089187781
0.0339857923797697,-1.61485776099459,-0.09711396697463,0.790435593036373,-1.44987077465889,-0.233271376837167,-0.236391886877206,0.0417974108534057,-0.378321916292681,0.138274543337481
0.525464767850239,-0.58147295859436,-1.94924216618355,-1.04205184570131,-1.58456142595656,-1.04356156206179,0.235093218095832,0.99181105162917,0.63016913600857,-0.059635433499667
1.2387126048603,-0.25036259262218,0.376072547428909,-0.433053245151227,0.163344070673149,-1.05690251020812,-0.988337199857982,0.883280475031624,0.0757474547638953,-1.64651523993879
0.0954051627811091,0.278670161337378,0.422027659024878,-1.29228026368237,1.26318218871593,0.391648346660441,0.155376239995441,1.55193105842155,-1.76242105001679,1.03285498056062
0.39717368048542,-1.2711194083873,1.64866634771638,-1.31926514986572,1.23401151358375,-0.804518990520465,-0.208011304122961,0.0815648009073327,0.32132505572216,-0.716993941978643
0.260159621543602,-0.501038439041822,0.353585760416327,-1.49650745206527,1.14281216814417,0.177383651564496,-0.773837021769936,-1.20865844428914,-1.04234748477806,0.294251481044644
0.140063112152678,-1.23166997350881,-1.60168845946472,-0.602532035557716,-1.25963443479532,0.390707745487195,-1.04042587504579,0.526005308818628,0.225076431140914,1.28230538922752
-0.929708405950856,0.21519843266547,0.0421295100129563,1.12346624359361,0.943166078322383,-0.322966675935312,1.55658267332861,0.618919005498639,1.65338062809127,1.0168376226498
0.00522656601700235,-1.18033206178592,0.942513581421475,-1.74007129922137,-0.311291283597131,-0.965753236878579,0.483867910172032,0.174460952149702,-0.211555994175463,-0.598422197203302
-0.748015598025446,0.54997313826947,-0.961279181130476,0.421934313076385,0.714554101663051,0.480255829334566,0.249333929221492,-0.736057444704245,-0.342334785608149,-0.708820969301712
-0.0846624061594267,0.559633561885762,-0.572376105476474,-1.40788384517163,1.09612534191967,-1.52041887543554,-0.796831533703386,-0.0683055084336727,-1.4922315523208,1.51389016174731
-0.485511564227027,0.65805414576997,-1.92397553359273,-0.709377294148762,-0.661613180236687,0.740560893063296,0.881894922056146,-0.569878428139777,0.158572539884798,0.999153041169929
-0.806506519630636,1.09306845377554,-0.843869189271375,-0.774980116676739,0.699225110596014,0.323787680118794,1.41462998798011,-0.74872455192193,0.234472169336872,0.391423901027555
-1.40213506637379,-1.2947830945208,-0.0183802099529783,1.5818591666927,-1.48312917161577,0.337398475286151,2.32589563632138,0.312982287133483,-0.212798488530303,0.571775979144422
0.956568665069454,-2.91139076318132,1.67932753663577,-0.715978236867076,0.444929175940467,-0.396218174313419,-0.274693527884436,0.854521336056593,-1.48085215429218,-0.787760266724352
-1.22792525669586,0.598713651194033,0.107273679005611,1.17477801451879,1.58664837679891,-0.274692053158981,-1.06639929928847,-0.962251395706352,0.591737259768828,0.321691637871663
2.31622240245654,-0.0523154778868616,1.30386507517331,-0.312600600839268,0.40523091064315,-0.470447087725116,-1.16875732199274,1.64682363097685,-0.636532391282145,0.278844408501074
-1.34830245439247,1.17512282217232,-1.02459673594162,-1.2699611761804,0.092777668837571,1.23036810991801,-0.615555532592158,-1.7585077544934,-0.313244528206331,-0.664489594820702
0.543162955237353,0.407877296932356,-0.968969708598728,-0.199103393006381,-0.0945954086009509,-0.605567415561066,0.634366716643876,0.0477687829600881,-0.580976822247277,0.681257535517274
0.0434530391669913,-0.84635987323972,-3.13344634428637,1.37424079390565,1.03803486688742,-1.90323896202623,-1.68910946892527,0.145258368142731,0.404327048493973,-0.0213231470593642
1.22697107681117,0.81766669452156,-0.650399580844424,-0.4916191311306,0.527476124782615,0.655574214320348,1.58311672108159,-0.924106268235568,-1.11314296577514,0.905559288046992
-2.0388581424586,-1.26526927660955,1.27851427413547,-0.920331005987067,-0.482790256742685,0.615854685811376,0.708246977743682,-0.294506447880791,1.4808941206911,0.60577263072994
1.50023987902779,0.241083489649239,-0.4508987375906,2.0610537480659,0.19465776006612,2.28389378345673,-0.196266011567342,0.488210727856681,-2.96193283890679,-1.16411521921666
-1.50011261771104,-0.225098551176208,1.01656932247093,-0.457982112218063,0.954614951297349,1.10787319319716,-1.06967373001919,0.362128897053024,1.93914093024683,-0.761218145715657
-0.749319699447569,1.21943199475802,-1.33677564418309,2.20299321816928,0.580967013416566,-0.416581958241092,0.871253398011165,1.82546883729813,0.557796911036386,-0.674957669888754
-0.597463151044844,-0.619141042736931,-1.25371696073501,0.3465050227626,-0.895877442016169,1.24491830432777,-0.232199347802453,1.15156895605474,-1.28363969254272,0.208593714163118
0.0869346189710243,-1.43449814009306,-0.000497580370758232,0.286652270604902,-0.101867923363469,-1.3003197133195,0.920138223486875,-0.544121040647881,-0.389086572657363,-1.15462847711702
-1.40398273386955,0.42712095414754,-0.454970754000782,2.64788055199162,0.000317584659603652,0.139348802197819,1.69509225980797,-0.640434286981818,1.27336846412593,-0.0924912542552065
0.825401007215133,-0.435329709223587,-0.874102029006455,0.690972321302818,-0.691407479332092,-0.664907958424457,1.35293175187462,0.0357758528056031,-1.06524756429787,0.326049956590132
1.09043663526776,0.217375827691355,-2.09908192682279,2.57234670318922,0.977188841597942,-0.552030273380444,-0.772890027623477,-0.529071300933663,-0.625637025219152,-0.176291204637468
-0.402702233975456,-0.391735077692684,0.719334676877903,0.229012862198569,0.069303237329385,1.33846170315318,0.689130112652508,0.682150854118321,0.141734666727215,1.64624637353317
-0.873181975168353,0.601271209384527,-1.39505463605657,-1.02247310888817,0.0876670410617577,-1.02082592898023,-0.0625748178559836,-2.38001431417564,-0.267347431177369,-1.00351843147153
-1.6269667495689,-0.917641924674073,0.659986189222381,1.08905455055854,-1.17688468034728,1.49281348914342,0.387498863399455,1.03830054454126,0.733560452938718,-1.03370053003617
0.451494799306703,-0.136445305393854,0.345417150201854,-0.257872095149781,1.27822392292972,-0.290711207682952,-0.283885847554791,-0.935387738924718,-0.724806492382938,0.350586191155739
0.27897994635894,-0.259371555652083,-0.318227061419133,1.72211590338785,0.894618044393322,-0.764832012772349,0.96705497802229,-0.452002467207188,0.0950820607857656,-0.0474851876883354
0.221531985667111,0.843403672195215,-0.932278659882706,1.19743151879781,-0.902870398598888,0.654153623866814,-1.24184477658358,1.22604249066213,-0.00306355280071752,-0.295742139501949
-2.16617626206041,-0.0284278203293007,0.25637088572204,1.21044176738598,-0.717741394944722,-0.476053795391841,-0.468347413607838,0.162899834264425,-0.12700663874598,0.834301692936716
1.42499003208488,-1.7032183489793,0.372415014475753,-0.139379350973742,0.86184682922701,-1.16421661406029,-0.351042067232912,-0.124456884682962,0.020721429086322,1.77276289236693
-0.0380811078343845,0.862978733395323,-1.42952347544242,-0.286405948087609,-0.772814235337214,1.87949508332006,0.0757007779758754,1.29642208889969,0.997768710946185,1.91933698294824
-0.395611942635678,0.616307327522438,0.947928034376324,2.77204780120085,-0.260453677905943,-0.415652022561275,1.17957716734252,-0.432574754304496,-1.03763898455383,0.252298594884873
-2.41097861596042,0.694650460299783,0.507752291211589,-0.354550414502984,-0.428700523898413,1.21630669513311,1.52815554051462,1.14903389979018,1.23240098052513,-0.577386130593886
0.067449449125255,-0.068505665802823,-0.362375587603465,1.81188058250521,-0.0675979863495145,-0.635209288678955,-1.11628419433768,-1.53575565062474,-0.274884075367661,2.19673893543577
1.44351772438103,-0.531696067944471,-1.13747308792818,-0.300884688606715,-1.11596451707832,-0.550234166707344,1.77754350482507,0.847227746762091,-0.740157094405411,-1.97902012315128
1.22080828698666,0.208651643111854,0.00922728748775425,-0.37109285628307,0.749739299170632,0.210249940617732,0.392592776534657,1.00128149583353,-1.70220234593148,-0.847814883508481
0.610325871676127,-0.287598735640754,-0.659147175720027,-0.115352703181776,1.08809015030917,0.439679748861297,-0.909376464776131,-0.112586300732407,-1.73657582681491,-1.14506219059079
0.157310273085169,-1.021280207714,0.297422333348516,1.33991443749779,0.204386862156831,1.55774600706108,-0.220469069071425,-1.19864140205646,0.457166835103279,1.3473208174601
0.17215378720793,1.07335817933784,1.71332712735861,0.516365761666911,1.24084482569122,-0.14710574214854,0.870835454554257,-1.43039231351456,0.757202553357021,-0.0668569674100083
-0.190857611350007,-0.879226533537688,0.457169077111298,0.373228621925962,-0.584138853170028,0.283811347328216,-0.380469426460414,0.735034299247152,-0.0405231373383767,-0.539948370334165
1.01923625644747,0.0644743741121375,1.97451584511775,-0.234669394843295,-0.849430327278393,0.17996494292091,0.779959908162316,0.713587722112459,-0.0637060164928956,-2.65515795179255
1.98201375392572,-0.0116736512291078,0.0761883657437125,-0.436358374102034,-0.70134882441961,-0.557151640238238,-0.136184277085717,-0.274907496219838,-0.77000715817437,0.105439301617137
0.848040634389316,0.606890717823594,-0.689283842360327,-0.527389900548315,-1.76709391596361,-0.153070138569613,-1.56593371946015,0.569817443306656,-1.54525981807639,0.37547830113134
-0.464710190390299,-0.0774556468556196,-1.66039290650142,0.722044256181196,-0.342212266232221,-1.25672368876381,-1.1713196743918,-1.16071914022523,-0.263795696941012,0.0476924479275348
0.347295354849231,-0.0116473983033182,-0.781818955042265,0.651469792329573,0.311609237801284,-0.884724489140126,-0.0621963633342346,1.71031530856317,-0.228602110274829,0.355391333584824
-0.251690415211134,0.38377020990167,-0.163442606394114,2.23711977424253,-0.38883785070122,1.22770686786751,0.564099892863944,-0.999348858715868,-0.00971298407233234,0.725620973623035
-0.369046542968984,0.697975564478651,-0.653852479428821,-0.0985138944807972,0.831662091879791,-1.32788441167462,-0.344349133261363,-0.47767477793284,0.931853120800879,0.320566722379811
-0.707015830810466,0.480217382720693,0.223863081123066,-1.52732158604928,0.632407653204884,0.954595606570639,-0.588328824783923,-0.398957290443971,0.267458143934736,0.343838751489617
-1.50580443163714,0.359225775642481,-0.479095904573013,0.865072348149661,-1.11689768083042,2.32533361013098,0.693386020847905,-0.1904815611337,0.950712493760434,-0.0173629306287279
-0.926179430437914,-0.112337082774183,0.325328183273979,1.14090437540056,-0.479243673330466,0.246156102187448,-0.0201172342832008,0.176226124857605,0.788141762274039,-0.16658135138231
1.62341454630261,0.863325527765329,0.278120018887559,0.535384721994512,-0.914129891886377,0.760141820212348,-0.120300503174104,-2.07259042627762,-1.04956694545219,0.84418947783147
1.20113196256834,0.627098182312436,0.791041143314362,0.0852500457361893,-1.74261735746369,-1.8227870007852,-0.428049791358228,-0.634526936030307,-0.159727513702604,-1.01930836786275
1.36843241032871,-1.32336278806424,0.177340278228862,0.2804306617545,-0.27526540729078,0.394322758013503,0.475103205806506,-0.933913419683721,-0.416555523235103,0.689476111019654
0.955652938458571,0.314361040783813,-1.25286980643855,1.25042145775629,1.22214658837622,1.05007956782478,-1.88061237916163,1.21091027694488,-1.43182532353136,-0.607492174277871
0.209684650291731,-2.73762192026379,-0.887596997649174,0.174492975059381,-0.856263230613403,-0.464417634761294,2.71166522258813,0.218008979794944,0.288845547499916,0.797416477130959
-0.63289252283787,0.103630688278317,0.534638384571041,-1.73389399748305,0.207137449000928,-1.55310851752948,0.123172463404929,-0.518773453867617,0.587270067626208,-0.450189388349301
0.800612665501705,-0.458119995558063,0.38348474629262,-1.39749397321427,1.72240860810625,0.476813788745895,0.419351983837336,-1.57197306542336,-0.414855532347293,0.879332551003355
-1.30770310006765,0.154725128414135,-1.12775408332478,-0.185567621148763,0.638399127885229,1.58549817227004,0.895575572088763,-2.39937639843977,0.114290787132256,0.518674141382662
-1.19321953812015,2.02890768394506,0.34747940296505,0.29404675381264,1.50887509678524,-0.100119597704426,1.75288635277395,-1.18799478485416,0.0680602854341777,0.119196980602514
0.66624815452386,1.36596246097719,0.809475865018342,-2.37168013793614,0.185778180009661,0.307465609651302,0.183808329908534,1.28189180907855,-0.576752840959326,1.2078872060004
-1.57310966883075,-0.278258262927483,1.80155617769703,1.01419503116684,-0.417203280632311,0.362780879594302,-0.150553106056415,-0.767495682473046,0.157888123077979,-0.819764166706375
-0.803613867515507,-1.48235297754347,0.520106160128991,0.906288900711119,-0.301210203739214,-0.797573143133618,0.0438151708236141,0.121623456654142,0.0317578279583108,0.976705676546313
2.17095605911277,-0.0455489578257693,-0.923570863126553,2.16371395459555,0.631685845831995,0.0287746165119676,0.94306887437015,0.798061669647339,-0.411283005583869,-0.190901828597791
-2.41651306986072,0.670382971659434,-0.88894251177492,-2.15012243188079,0.498089575615344,-0.890258352864442,-1.66899582527449,-0.347476925698143,2.83433261192474,0.513276764159198
-0.322949216391229,1.76057484677999,-1.60916886064007,2.34438828468645,-1.37518413958955,-1.66821157992828,-0.215117057141637,1.64551476838141,-0.607305955443667,0.0829507369583398
0.189852963431759,2.08711453745353,-0.711015229639871,1.324698722693,0.922673551950426,0.206209025809367,-0.0550588672827798,-1.56919479422917,-0.478036029469785,-0.504158626850569
0.00058531159054324,-1.20398201977674,1.0646319084668,0.999906448725954,0.420021458527925,1.42538155835672,-0.887251926475136,0.605474358834816,-0.0284924552866657,0.404571152635573
-1.24220902813363,2.0187803891954,0.00240885630916187,-0.435625780560535,0.805982230880472,-0.951773656971268,1.06170175899608,-1.82379866356143,-1.03967654395952,-0.912987859485806
1.48301075875423,0.599455747394217,1.0110716233188,0.799927768041269,-0.270260395440051,0.553519112114604,-1.32199056576687,0.796452019563049,-0.559599089152221,-0.439658246568341
0.689982683650008,2.69147310681291,-0.210480740001581,0.752724309796414,-0.563109828819002,-1.31838207253598,2.04440467156889,-1.04113095803422,0.969333658702353,-0.941772342030972
1.02898750475691,0.162991996957535,-0.558966897008203,-0.51400628096609,-1.31289364267931,-0.310331023199693,-0.291926990943858,0.226657994792309,-0.3830638486629,2.10159556889609
1.18543820776767,-1.20597213997589,0.283634819891704,0.208609592977889,0.962276676433283,-0.016636085108087,-1.44310413381431,-3.12690347727974,-1.04548356726584,-0.0364597932249576
-0.922831181115878,0.0719116871995596,0.643854697592323,2.37648983800018,-0.570312201216647,-2.37046429500667,1.70002772184452,-1.02701517154186,-0.234222022356326,-0.221987355402409
-0.944642562643267,0.953474184990045,0.520118285532272,-1.59125585462588,1.15453645203462,0.313567771327412,1.0446125657957,-0.575999065647575,-0.279055554352308,1.65305628352076
0.432819445937951,-1.49093625642637,0.597592526436878,0.636886478249038,2.29759368683335,-0.909743216862473,0.0610568142519967,0.964629329686771,-1.85579899297492,-0.528019827006887
-0.886873942598701,-0.895645857925729,-0.150328309460817,-1.13167104965421,0.937008966738872,-0.609837005560991,0.115479956219082,0.620398016116663,0.470331893854329,3.46210407001406
-1.18020271186401,0.025166966520527,0.075702694566344,1.10755074297715,0.262239337679286,-0.469142840429127,-0.25690898632903,0.774365519802811,1.08767447151241,0.918967891308486
-0.766874964583885,-0.453778982277932,0.483358924472618,0.0504133522911848,1.26083909716626,-0.55291890906901,0.980857854155338,1.84532803907482,0.73340883991165,-2.07726081989118
0.933262957584325,0.678928546484768,0.700501146244126,-0.550674546472915,0.292313143415526,-3.04323983086118,-0.767472871313788,-0.153923106129668,0.582724639834371,1.23021688408077
-0.237190354428682,-1.51854412111333,2.05008647646958,-1.74075112355904,2.21427867486775,1.48971444617352,-0.697764219974968,0.965305767574292,-1.04957851371476,-1.33159747457796
-0.470747089594724,1.71038796736909,-0.305721891607272,0.217156680847454,0.749305794998487,-0.60594742283538,0.274446242999496,-1.9891392667357,0.297891916998195,-2.98790918736063
0.342817471694828,0.65100791976629,-0.465952020635436,-1.32139300507153,0.511220756490537,-0.298970871152914,0.657151550373532,-0.321684136107642,1.71091258070883,-0.760671096483313
1.11703924030272,0.20112310102582,1.75830851442847,-1.53979348803092,-0.00950537222627854,-0.0062463581197176,-1.14044767252368,1.28143484991109,-1.72107690184438,-1.53660513728283
-1.42402808167714,-0.552399215633921,-0.153213908189406,2.45687459484992,1.01486691810865,0.685978410628971,0.012307795680517,0.363197671260378,-0.767314067914911,0.273911878211337
-0.314208517663267,0.0301666239039573,0.849471392011995,-1.96721030736439,-1.02512164278121,-1.39295489807378,0.428237737235048,-2.18136545469393,-0.697229833096835,1.18996776827449
0.648883413482238,0.44312840227379,-0.933716878732164,-1.35151079063947,1.37782156575966,-0.558510910285427,-0.712884686086002,-0.550674498190688,-0.803260569630605,0.708472539502925
0.889893601115059,0.589122054413304,-1.53461298319833,1.68418224139928,0.495220318486327,-0.0964590580490302,-1.42667360736601,-0.0461984906378268,-0.217127220513953,-0.088701271562292
0.972732557406094,-0.460712818602066,2.02805780367649,0.529487682682718,-0.369939344696622,-1.26095058174978,0.310179972425597,1.09242738550169,-0.336229704161552,-0.918132304349226
0.344388178614896,1.12017057353954,-1.49609363928652,2.30089661304827,0.144496742528604,-0.18711617038919,-0.309691539708714,-0.652620071236457,0.145357358699269,-0.546417049089674
0.234183518623994,0.257536249590195,-0.410533814537609,-0.590518154411304,0.14298197685685,0.645051056598931,-0.177644760079948,0.681064270777979,0.701091964427101,0.0691778228799805
0.585862978398304,-1.57429194794767,-0.73508536708659,0.479317061212068,0.59784309338937,0.642067565929264,-1.09473276630407,-0.63623932194489,1.53097685478586,-1.28079494224558
0.302188630004685,0.143194066697464,-1.26630913187738,1.21724181232869,0.640201689346532,1.99343405643029,0.90811582771538,-0.619855475483687,-1.24694857221796,0.983908813487808
-0.10660069235775,0.291566875808171,1.12818132271404,-1.13261457084744,-0.203281362915908,0.625874375292673,0.903932691271923,0.407736538042985,-0.996701875249366,-0.0940882141912847
0.488075529999714,0.752775816377107,-1.62506355535026,0.439997792139537,-0.685209128971126,0.815096860939723,1.125011630836,0.72045585836709,-0.0200303930020317,1.31216149496459
-0.919164137206996,0.590454481311656,0.465485430489168,-1.82421513349204,1.42786317222758,0.600366517519943,0.494207069957303,-1.5552297313788,0.505047234554699,0.385056154290165
2.15150965329494,-0.48930001111073,-0.5396067663953,1.11800587737047,-0.107996446441818,-0.722675638451359,0.677441417926807,0.530883492890421,-0.859400134256366,0.00571168111859521
-1.44206784119176,1.29239761654086,-1.02568329191053,-0.44229435600321,-0.307323197265368,1.46832207060183,2.89291753935021,-0.444826960834723,0.49732633039033,0.884957247124937
-0.957682474999284,1.00476225450152,0.17005449039997,0.0893762390915066,1.01538226117772,-0.533803680638131,-1.19815952730036,-0.748163555683701,0.471237279706914,1.28026004398313
1.14110673912472,0.0418066198122292,1.25314610492241,-0.0532704008833927,-0.0200224820992096,0.107570157444593,-0.786510927313919,1.25730175315314,0.254485771315639,-0.229090654689168
1.01244199810398,-0.50387989138227,-2.72912672091504,0.886933132706537,0.520289821912881,0.152554530743327,-1.5665882695148,1.78207399364235,-1.60488456480162,1.1090922536609
0.713200451176363,-1.45819497296686,2.24155472212414,-1.09882670244964,1.33214181271985,-1.45387297493671,-1.00990807673653,-3.24059408464111,-0.263674828018885,1.17320290584969
0.277168318939942,0.704297787381034,-1.26662764283726,0.443458022055173,0.855105649731179,-0.340554382341799,1.64819943421207,0.694576209408752,-0.191003317712907,0.563578346321623
0.140180509197803,-2.39490098842387,0.556716824305837,-2.18490673695668,-0.0933040777336048,0.33606175615259,0.237009463238463,-0.453935044493044,-1.80170845017149,0.387922876887267
0.981711433093776,-0.157073354492869,0.892514425025615,0.687020544880688,0.608766891825138,1.05962095520498,2.13937933423495,1.65591242729307,1.64475716869544,0.489009559106245
-0.559140082661016,1.3269523550845,-0.175984967678712,1.07838458936931,-0.369260961755788,0.790885605153544,0.0317695182541257,-0.318590460600487,0.641889391571091,-1.32234948387878
-0.711455227810664,0.0577898007486994,-1.54412286612886,-0.0961653034344636,1.11158419701462,0.815714727675929,-0.987017271917944,0.307650943676948,0.375674403771264,1.9765988210957
0.0192894464853026,-0.712166679487834,0.838707302726057,-2.10012291258724,0.297753032489401,-0.672946725971902,1.21292389004632,0.486069690021155,1.92123298455433,-0.70262327126893
-0.945248732636798,-0.651125790608281,0.537076205670032,1.00180312278846,-0.954407640168719,2.70104077791321,-0.678869836328086,1.36130314686514,0.854825427596735,-0.658674122373321
-2.25603917938999,0.713107507750997,-0.915865549020024,-0.0665219244358147,1.77165756954537,0.0453374479118119,1.61653919319387,-0.0390575053303669,1.85503964320912,1.58423047481629
0.515785955883774,-0.464175065381228,0.645438488976326,-0.711432929998797,0.342686699463089,1.26936831545606,-2.04307426367092,-0.478114313142938,-0.349743704436922,-2.09739975477141
0.66649936519528,-1.02563476005475,-0.517167507826573,1.49134110710623,0.444645621993074,0.975196067891029,0.118336466031523,0.44559538870498,-2.30424100893953,-1.2220172953889
0.883223190081669,-0.0402337817581316,0.0244794625222459,2.0406780417315,1.3773202421228,2.21070432616094,0.117922203757949,-0.708872852041264,-0.0417676701661584,-1.04377413537107
-0.91369258595169,-0.816796861058336,0.937580434600417,-0.103256357365404,0.551069207850489,-0.0635268495078885,-0.0695053957441459,-0.167249429879873,-0.633343909911922,-1.89623885014802
-0.841571198492775,-0.903147026196487,0.806079935682658,1.42055478061812,0.0648663221409406,-0.0469089322167379,1.1077007996412,1.56711706178955,-0.0227075682958938,-1.03777657434384
0.130581582411304,0.450029535781664,-4.3359880211161,2.80775955341133,2.19709542119384,2.31808844969943,-0.543079963503062,-0.0577017994618897,0.908423056328505,1.65411504660344
0.809542226293801,-1.76708926913433,-1.16295082975293,-0.155811297681232,-1.54009992429042,1.25414119121645,-0.311835693423529,1.1995981375637,-0.0319668824471945,-1.28078608712621
1.55149196370034,-0.0466572659088996,1.24411866065679,-0.491467798851756,0.816624157483657,-1.53584277523266,0.159826982097649,0.28104721868605,-0.928691647820183,-1.06610610395755
-1.40091830827771,2.06497844846893,-0.138915828405211,0.280915733258178,-1.32432577461412,0.259911942621489,1.34445635541846,-1.82572425128563,-0.14432801641674,1.66559445499563
0.51254704363289,-1.11816006627682,0.37469461641764,0.452006822271445,-0.150700607331562,1.41633151670377,-0.473744598937404,0.259415705773332,-1.46497730394614,-0.015911576525387
-0.100825555883386,1.2410423694267,0.126233727722901,0.574611994158614,0.61906410539247,-1.40335022925566,-1.08579399783923,1.35532802438095,-1.15830760519375,-0.67294109140368
0.748666620807451,0.670002841018695,-0.105730871506388,-1.22849675445351,-0.902160535646788,0.0241263104233293,-0.00211549461630304,-0.641879519880639,-0.91990384821049,-0.0280100486024996
-0.760456119663388,0.475965527731889,-0.82897457225975,0.979447101908866,0.773128800953715,2.27462106861182,-0.468739698156739,0.0389651713381312,1.22230759931151,-0.820903131911461
0.666021819867604,0.159837188740614,0.447380229826608,-2.0190008178492,0.837463340752377,-0.124818124929626,1.12117880693916,1.05707531314758,1.43183795013312,-0.289068927723005
0.314194671840678,-0.393623321941838,-0.04389732066907,1.00989952504507,-0.0269330329779122,1.18949014107713,-0.616037675335614,0.965708102786443,1.52322487578063,-0.0654561795193796
0.211812484762605,-0.992109641370064,0.896258223721675,-0.763968466706989,0.0880629664121949,2.32580345594187,-1.28748597627696,-0.0971402505550998,0.622215091755502,-0.357628255262789
0.0286120970798162,0.051088965725465,-0.832441353256239,-0.941147892030278,0.581220675819006,-0.859029179993449,-1.09689794517626,-0.493720431402147,0.897437942429168,0.481885276536521
0.513570538905475,1.61903570288753,0.6515101694543,0.813241071165175,-1.08281026071127,-0.272427185675741,-0.912850703002504,-0.2563027339391,-0.739580908420134,-0.578139038356274
-0.215291748793364,0.346967073491974,0.406688700986671,1.00819411043611,0.570476508674915,0.105424402457454,0.80406443078932,0.247046914748249,1.93858302356367,1.42442752792631
-0.992715596956691,-1.16963709466575,0.401046928073434,-1.49049075216529,0.625996916775873,0.420381285656016,-0.301901808799687,0.364632533182773,1.44761168240529,1.3045520302866
-0.150216526596954,-0.133858023700448,-0.140235808908646,0.949204032387861,1.27434146341868,0.196033012604758,1.82848679350888,1.07859857139554,-0.0207052916646234,-0.369180053757597
0.451858765661996,-1.20033004118529,1.69399400781779,-1.65513683375789,1.89465910981709,-1.14613979085184,0.48726036325444,1.35362294453346,0.221836170660144,-1.98778737648393
1.96304799401273,-1.53540747833845,-1.05858445523257,-1.44533367571622,0.0235893592089647,0.948124067243893,-0.773748407697719,-0.187623590048101,0.515979856605764,0.254511511873747
-1.12696732430995,1.09282762614376,0.919465502186327,0.482256241669237,0.0453119451541883,-0.994184262221236,0.0869795693310547,-1.55258648970559,0.627679381905199,0.162145898094061
-0.244932633615831,0.322664034911786,-0.270948818937648,0.482329238785531,0.575336608434273,-0.174421925664186,1.50778327523991,-0.126616170381216,-0.34112774528268,0.00826413661477131
-0.200352252011571,-1.84697486399643,0.0105946518902837,0.994080099140012,0.785928212532789,-0.283082606454336,-0.0731833021656446,0.397985161423595,0.500360082438427,0.588128422334189
0.00585273621734768,-0.910511649938155,-0.769401322176785,-0.741254935408045,1.46834010892763,-0.403436656416807,-0.319698717880863,-0.424135607082052,0.230254040868873,0.397550447949819
0.277314695430476,0.530215769741848,0.901857708415203,-0.736801520743176,1.06975189704581,0.945527887714493,0.586601956637651,-1.40010295875558,0.790419139588822,0.0535559734297931
0.414095688251122,-1.53986161551265,1.22820810839701,1.25101222000261,0.896344264358206,0.871273793150189,-0.653687028609364,0.240547172566337,-0.205866033509998,-0.386387010817539
-0.267548053465971,0.502673602861402,-1.34858102629488,-0.492495900071167,0.0128157202999793,-0.478151055412108,-0.387805230894977,-0.951739407480442,0.513222518247214,2.10554637060836
0.623206815192161,-0.751235165874926,0.63573692531459,0.755019005707042,0.476264428164299,-0.94063172213167,0.932600729250722,0.74552977166816,-0.826714348562268,0.0211664015546435
-1.81948249151418,0.761933911487726,-0.217189858203321,-1.17008277502183,-0.0736879839554326,0.730432807498418,1.64390505933349,1.67457167541104,0.527775184874476,-0.0643973922745718
-1.14386640349822,0.271573190119273,1.98106864031949,-0.256597655072417,0.176844644862335,-1.32560353692758,0.974926836573721,1.4289544630735,0.944564201716743,-1.15933239787635
0.418841775963012,1.77366239623506,0.346039695797508,-0.43771712557975,-0.0929067743457385,0.0983785510905216,-0.119925990500658,0.335180465328683,1.86622286665519,-2.41700425102524
2.02355832884199,0.487222966995851,-1.70051195699757,-0.509552209310494,0.255908969904125,0.266035261792207,-0.722432272319854,-1.8902538579954,0.465060747920409,2.38787386218456
-0.97991155350839,0.63014658332379,0.0339927267353074,1.14271521055726,0.672561874465754,-0.190096759324086,-1.69915548422406,0.536271770490641,0.128354233516039,-0.425050142698736
-0.355653172646737,-1.12481514786219,0.644846590945544,-0.0473502301776964,-0.819427731100281,-1.3426707212369,1.57512814389743,1.0811428005473,-1.19194373722181,1.22104707846403
-0.109557806910215,0.287861231069734,0.556015093132674,-0.0724554887524927,-0.284854132009876,-0.846358955069078,-0.131566568569459,-0.271217613833731,-1.71206978190291,1.29231254810349
-2.09849421086203,-0.646214762155667,1.05127827248677,1.14455780582618,-1.04063356965856,0.147600129100893,-0.451374081097519,-1.41043527147078,-1.03121190805019,0.71342623026477
1.41386676318157,-0.783410509372825,-0.519895777321427,0.325662576939129,1.53378813306923,-0.558534952831685,-0.423230036137424,-0.168603425559341,-2.41086495820051,-0.755664185816553
0.0767606502807176,0.505890476025081,-1.56003522815458,0.342845399149217,1.97547949522983,-0.486332108866432,-0.214840604542064,0.75589339732976,-0.0542289946632837,-0.520437316132482
0.640041332305872,-0.482286644377972,-0.16795590034702,-1.02928816837436,-0.919062753396454,0.449179385969926,-0.902430626516633,0.107774890025376,-0.508236885360547,0.71986399628537
0.362374265532478,-0.144270572755069,1.09471065248194,1.58131359865275,-0.54382569259056,-0.142190969776008,-1.6503936466262,-1.72512023724725,-1.1697733786024,-0.80398177224275
-0.927564964346567,-0.239060065362423,-0.655037982034803,-0.213387577067572,-1.06047050683108,-0.677923424643275,0.742838284283475,1.18719424305072,0.597361242625422,0.0736218802043429
