1.55872458674976,0.612732653954416,-1.03999505220974,1.35738454991716,1.65705856147454,-0.563339741026004,0.470569062337051,-0.486593505623329,-0.806812376431047,-0.308889199848731
0.00700734635852893,-1.2915815898911,1.43728932536461,0.719803721935481,-1.98641632024259,0.664426774043138,-1.4181248509751,1.8747261648051,0.0612969445602191,0.499897793830888
-0.583917647440539,1.67923037116418,-1.93486643854278,-0.532602449725485,0.924126866322793,-0.319683041953372,-1.67645182904651,-1.26533737979272,0.78259136241506,-0.728068615843499
-0.822723481414653,1.38713649091403,1.99334194471729,-0.677670470882001,-0.556390802458798,0.976298111103509,0.411813272758722,0.824287020952084,-1.63063821226257,-0.299189879034744
0.280175783426599,0.398649248014102,1.37887067798048,-1.8927593694912,0.838509855369866,-0.246686129882213,-0.129865083247137,-1.24268056318617,-0.325747074231231,-0.181581772509947
-0.809248743188094,1.30114859784344,0.703953191937226,0.000476533717589408,-0.269956476857455,-0.0394993663383576,-2.2857155041296,0.349404664237012,-1.30753231749559,-0.886058452321763
-2.22614456513669,1.13439067388141,-1.29211035356245,0.306283220017801,0.136138323622474,-0.888695964298613,2.54607500979651,-0.850199179481562,1.0251148992593,0.40374606080901
-0.894511396482631,0.0341040184001265,0.414293935007484,-0.988151117363651,0.904913099903473,0.439289566102404,1.38278290130119,0.509131894795571,-1.11638916957349,1.0608199586264
0.0611976802069485,0.0379313466606411,-0.00420421236294,0.111896352973447,-1.26646808850608,-0.791248327180904,-0.650206270744442,0.232293911603222,-1.33720364375113,-0.486385220114319
0.122044763094989,0.907826753938736,-1.0190925888896,0.341499152959413,-0.441492196837405,0.343590031514807,-0.490953127872315,1.32151556903379,2.45371252915293,1.30263190619358
-1.00557224371347,-1.22022375629137,-2.05058069382157,0.528319256291626,-1.39265815540672,1.57182751981558,2.19976938120307,-0.286569426807155,2.2922729243729,-0.342649459991459
0.906541187585688,-0.585155459054114,-1.25277821345504,-1.27297996932447,-1.16991085490022,0.38674914457056,0.930476466560763,-0.347060154470074,1.40698823876675,-0.565789470365216
-0.43506097453713,0.665119623071038,-1.50620733660303,-0.315393141525082,1.02706530561938,0.743620474612432,-0.929561789869187,-0.252742414626415,0.767853303670257,-0.424061238349762
-0.655166873721523,-0.306576943516352,-1.84374576764113,-0.248616205344618,-0.0219867134837763,-0.621486870364957,0.0420219171158357,-0.724705267594953,-0.402075194715422,0.754331781608107
0.462728557789811,-1.65322320907775,0.207692323200496,-0.000517558421933814,0.247495821390568,-0.227382629759804,-1.42453249857679,0.417761826710388,0.364895911588839,-1.3407228873192
-1.63139089627944,1.0443913572402,1.45659766888014,-0.736245124088294,0.21089469163834,1.43090387764528,-0.811773329805124,1.67193666149888,-1.0163279671749,-0.133425552054923
1.31893394949518,-1.01468081864576,-0.566811508216723,-0.155724745270956,0.542980535638496,0.230878809631568,-0.322047251041684,0.284278512567788,2.02317285628073,-0.564288182429602
-0.031269748277982,-0.306654781605193,-0.119780149101073,-0.650095863170906,-2.29901305545388,-1.04471663031934,-0.651718200721962,-0.539288779910784,-1.34528088255293,-0.318406637407207
0.65369082677922,-0.914444635057061,1.24647092688941,-0.00510446379217888,-0.018185059264531,-1.76723837850854,-0.215922839009574,-0.510589191952156,1.37743012507396,-0.757900967358371
0.610650348793817,0.130117836410208,0.0658089874233724,-0.0649988151703377,-0.707647745703533,-0.00311131970424642,-1.79881147486596,-0.451541374794196,-1.73034174356289,-1.00531844298937
1.50388517683766,-2.04735473198446,0.975924115738141,-0.23347396736433,-1.04077000117751,0.208439622352078,1.84297437952581,-0.315641120993584,-0.79595077809948,-1.85774639732239
-0.519760869927864,1.34929058524023,-0.0734717301929535,-0.139441533713813,0.255327058735985,0.146438232869724,-1.95414712228038,0.98730924981832,-0.77444137107867,0.655627979801187
-1.29025468598739,0.83693234065868,0.537816760335347,-0.00578015166465724,-0.651248448253844,0.73677359270871,-1.67530767048835,1.53159727967941,-2.80381744191567,0.117707954688595
1.4367670231333,-0.603458740081137,0.378832157951591,-0.124581549238397,0.453500814852616,-0.658794303733192,-0.28531867371062,0.15790829809612,-0.599573514235783,-0.263397192353494
1.35977044924468,0.0664028582918904,-0.619058236051229,3.57409044046387,0.266612557950064,-1.16073377452351,-1.67027173276211,2.35792247761269,-0.684372392505145,-0.134037031271777
0.174104291335907,1.00830198102622,0.764823717674552,-0.296188685395199,-2.59735150664833,-0.959120225097056,0.127668524610377,0.783984397699768,1.23075585302162,0.0806416724510686
0.173712472017754,-0.670771893209955,1.98327273896546,-2.01957362540596,-0.214129117371961,1.70188007288614,-1.78532999352485,0.500385929872049,0.304255700510079,0.387082447906329
-0.712849564208872,-0.929262704498662,1.94822120985782,-2.06076358281141,-0.858380308315796,3.19708274789101,0.616878964292714,-1.04197494804955,0.914245402485404,-0.376955562224265
1.39972016657379,-0.683570947020554,0.200666717429616,-0.241273247095275,-0.357022586880206,0.61893246280027,-0.391994950012845,0.833961959169276,-0.0664201040577358,-0.548715393398228
0.878218193936482,-0.909443316038738,-0.656627000952087,-1.37466953522548,-1.25295484376985,1.0066357632705,-1.00887512986034,-0.160578965286062,0.653767412052258,0.116211899340904
0.263605353726542,0.140194480748423,0.394748287286578,-2.46696023343652,0.0598879811592887,0.331885455760753,-0.261124539270129,1.35463165712343,0.463832031012777,-0.823508666816637
-0.303368155912777,-0.976237364513339,1.14134819736812,1.31414282088531,-0.300170576083247,-0.327561411112313,-0.730715373962981,0.488563485750998,0.212129987100992,1.9291416555685
0.049818781613107,1.1728663422314,-0.619217835305913,0.999356279783846,-0.31973114181268,0.0317447740782785,1.01219177781675,-0.720814809393714,-0.807189596914178,0.882722857235476
-0.3520913610471,-0.346583288089613,0.409189961007672,1.5116253036518,0.287454552372753,-0.528663216424547,1.89325204176607,0.8692625318729,-1.72558989004331,0.364156964173771
0.276592635918522,0.535150911682825,1.09092322769536,0.85225939416233,-0.786043744860519,1.039672136199,-0.663288144526555,-0.362791072471822,0.0478744421253742,0.902187982687498
-1.11020201230161,0.52559532184275,0.826807701965998,-1.78906444332568,-1.64706735373767,0.382805997085562,-0.421421560253122,-0.20734067589282,-1.07846759331294,-0.438190863609297
0.369102837280476,0.672001754387071,1.47717636689512,-0.493946984082694,-0.231448246559279,-0.534173016555363,-1.05941445704535,-0.385007150085259,1.97030620204579,1.50372358820022
-0.838767402009252,-0.762645637810123,1.34598607655605,-1.45014242486101,-0.549983409606187,-0.0250890454535225,-0.296739479893944,0.0420212051664516,0.448992449339326,-0.459475350952465
0.959533069572331,0.602540293857167,0.882667333107443,0.00855700998862432,0.197887083607557,0.52416072973486,0.350315694051124,1.007619332649,-2.09405875253827,-1.95776788035922
0.102737383972751,-1.1822682538237,-0.604867692849767,0.82537267434895,0.179843616752295,0.9504713545011,-0.803507322997345,-1.47507894082622,-0.994102653822993,-1.17519457339762
-0.201767868667635,1.09149423575023,1.42992909660017,1.44092179061391,0.303299954224254,-0.459468939971686,-0.890989435225131,-2.70434390538,-0.485232259163578,0.754340558120228
1.44562652046173,0.605855232866105,-0.397533667688359,0.545369534820267,1.05826968400582,-0.854808136615277,0.738483733962832,-0.674043642354021,1.27443889824438,-0.177408426351859
-0.553113876209747,0.217766940017285,0.56429937204287,0.377068017066037,0.125184966998434,-2.0330430161928,0.84159406000042,-1.88547936626186,-0.525506023074191,0.933927053455286
-0.954618482999872,0.973720272129106,0.796450740728432,-0.622924831044911,-1.01403824886936,-0.226314476475156,1.04717092407538,0.26803068682775,-0.392044362177671,1.08247981082343
0.16001457062782,0.732796442794132,0.410708254669755,-1.74829146843065,0.72005993246634,-2.93884605852181,-0.303804534692678,-0.944519397967911,-0.493569743468421,-0.698517225195567
0.119701822881466,-0.654026952357998,-0.790316486109113,-0.637340783257013,1.75979477413778,-0.578412105618802,0.724727585064912,-0.375203767663014,1.2795033838171,0.755468970362357
-1.11374068090557,-0.330089534042142,0.646608319081836,-0.0165843195713813,0.575433689347204,0.815331427267562,0.883971315794506,-2.0564006377834,-0.162394133768508,0.816638142029788
1.12541919693323,0.887331128291902,-1.23586575952271,1.02718481161259,-0.670440219090721,-1.33419348595501,1.40968356685657,1.5377305220247,-1.08616790358988,1.98771720458417
-0.619377584025111,0.774502118511249,0.500028950384079,0.0127699661363985,0.288463925044493,0.514170511714695,-2.49548240082868,-1.57531084277781,-0.53155481966529,1.48985490298728
1.62452996646593,-0.831185736883244,-0.869983455062692,0.210300364264216,0.662889103020249,-0.192174593791262,-0.747746535950435,-0.0852611196950839,-1.22514866389613,1.08300827799711
-0.884143199720868,0.377201065691236,0.115310766123601,0.0706500918686608,-0.629595195665516,0.352057684083889,-0.537652005326726,0.904587048543871,-1.11643837962578,1.1110579142876
0.772028678940854,-1.64067237487227,-0.713721621777754,-0.484964738183818,0.711785826537804,0.673975028681984,-0.366212569382357,1.380658430716,0.665944545481405,-0.777082616688195
-0.816962674127625,1.60078673637049,0.725043456254329,0.0458508995386176,0.335800603905793,0.52662269447914,0.249605379618484,-0.433460177660702,0.0565096339863992,0.60059554701675
0.900439471227127,-0.421322902742354,0.712263743636568,-1.48467901350019,-1.37601768457151,0.381655863955472,-0.627813335629221,-0.23677051802713,1.39079075219487,-1.44829024436294
1.69013931039956,1.19019111780077,-1.25309701314152,0.234698593426653,0.663127961927783,0.766511964548609,0.829797001029339,-0.845058186189833,0.544784129209664,0.0573688678612517
1.79560994888106,0.71626996114059,0.417027281790775,0.341159657310714,0.370948839364219,-0.408344931549338,0.250278732289832,-1.18340235277231,-0.00446091858915357,-1.5089905567237
0.0959696617541035,0.093651919390671,0.347689759617196,-0.229042038531051,-0.813969846147267,0.831747662538514,-1.40793030759294,0.632122013481648,-0.242762868379367,0.470589180912636
-0.398017533384675,-0.0189438867547889,-1.0107676134288,0.436794918945078,-0.0403101717521025,-0.567810193953085,1.12040255394956,0.464217312086651,0.872470688546402,-0.555492265477627
0.839270484403272,-0.215091098833816,-0.961422717437885,0.416880570623283,-1.36413165558104,-1.12223908704436,-1.41470442452173,1.89972281545102,-0.370726464864384,0.070134501629068
-0.579749578842152,0.034100412001984,-0.415705512893188,-0.649158845894222,1.77505226092483,0.484650701042433,0.105191481738287,-1.12878267923977,-1.9477982497073,-0.194669674842169
2.55800528773833,0.85940571196642,0.231231709005019,0.638569669784869,0.755300674737242,0.0706520677309505,-0.284470782395784,0.179170142313101,-0.382932845680036,-1.1022220116168
-1.45394717824761,1.86888689604058,1.48028024231752,0.448099956100593,-0.697774283858664,-0.985681583234395,0.122532004379219,0.160249327938757,0.445900275861123,1.75681662146541
0.360619208226735,0.329377727314289,0.972577713086184,-1.68272369240966,-1.15030717439225,-1.03370700979869,1.26482738692069,1.32009243081752,-0.0811373764212266,0.389645963928442
0.758620618195522,-0.812912088276128,0.669385152014794,-0.750879938539865,-1.03189419722155,-2.09866784037266,0.494368654089193,0.568058930616146,-0.20989969337716,-0.0582815765698915
-0.366227524948499,0.203767576717255,-0.399620662885159,1.22283450646628,-0.637356015279257,-0.850511764707524,-0.0185800577934247,-0.253829282345562,1.31653669786204,-1.10231562216006
-0.211240853784305,-2.61478563494222,-0.215152726180162,0.599590062767349,0.279114397459016,-1.01623477142017,-0.5782889429031,-0.0925080721101054,-1.67514129662199,0.212493066522879
0.380210992653123,0.158504739764011,-1.24297309473188,0.631421123333534,-0.825035000287719,0.060670509155817,-0.858856209909651,-0.0087741240146632,-1.2797375991023,0.377284955143506
-0.640078424193592,-0.039322910836879,1.01580959119468,-1.19379645475224,-0.801487223129374,2.29062202477869,-1.21407422435435,-0.0200028123462881,0.869917560408606,0.107649242547171
-0.257890913095269,0.670231101345864,0.403989625409196,-1.39506766662597,-0.824153670788368,-0.518241396583301,0.668124291421994,-1.16717457894931,0.085484047850146,0.757191850024307
-1.47074153429416,0.144415787980787,0.36019892813811,0.333886772322708,-0.859202345479911,-0.297611808509154,1.62750544305101,1.27276752486488,-0.368145727504033,-0.893011949081485
-0.857359357541332,1.43396894063014,-1.16882734383165,1.52864654608758,1.82169020840817,-0.0902749270111995,0.444678425783643,-1.46347502596363,0.600596499886857,0.577576315083319
-0.926035411637518,1.06973300716256,1.03748840535416,-1.06218277684351,-0.351487854366595,1.62841391368833,-0.89685927264244,0.163321650132981,-0.791524869367567,0.692196180952628
-1.74065183191351,-0.500599670816443,-1.64061233637525,0.741809212182426,-0.228906182480048,1.01716339997498,-0.794227379475184,-1.84617465307018,-0.504779099528117,1.62609628865382
2.08636572436434,0.74428372253933,-0.854445671632058,1.69062269858097,-0.82756577060832,2.20805855359433,-0.747855507107393,0.846344285664822,1.03688116414104,-0.0524723816225986
0.540810063968782,0.587557459820839,0.906658594872186,-0.20628238485308,-1.24156590046509,-0.405103834345576,-0.719714668338337,-1.13943758684838,-0.144635674122322,-0.145171878197936
-0.947769717634031,-2.41171721331296,-0.156281497779808,-1.13661862714311,0.640695161322926,0.897215166236517,-0.187697215624924,1.25447159067377,-0.200459611201323,0.763591849891411
-3.36387510431742,1.68616988114503,-0.521246490818252,0.0323597340020048,-0.727512676986518,1.11329045785357,0.888286552141352,-0.206349272421614,0.566828493054007,-0.935036247342509
1.27607799719689,-0.749719192357612,1.65082538474832,-0.209113923321391,-1.16700653907932,0.553594434959942,-0.262550540970565,0.17363418199922,-0.985597827292304,0.490439277513348
-1.49892919614812,-1.23949052385446,1.2340039321954,-0.399906095690718,-0.371065632643459,-1.12500646355765,-0.744894929032228,-0.554458767629276,0.415211524287639,0.230438349910342
-0.0822032677147703,0.131843140997507,0.98416517088606,-1.85045471709495,-1.50479613297138,2.03469315175082,-0.235717852436577,0.822358355064558,-0.435242260725068,1.53849484304102
0.253013525068908,-0.699709809664635,-2.03966188315921,0.0223701972562193,1.0400819840754,0.939611688658837,0.722442003616467,-0.82595914737181,-1.02354800782608,0.497491427248574
1.1898574968606,0.955070965864572,-0.433062415301312,-0.0386348847032311,-0.6202171015031,0.617061076187011,-1.33497040699744,1.43249177390062,-0.754712097524996,0.100491770819392
0.685153517004514,-1.36157699641956,-0.0710594876666987,0.0776569960556938,0.646682527002682,-0.646943126088106,1.37583960465664,-0.137338664145487,0.891382641208728,-0.0792919223967623
-0.0635358649983831,0.438394365411841,-1.160534040698,-1.50780065517867,-0.0291825139502326,1.17671208921438,2.6229755297836,-0.128797529315901,1.12336497603222,0.829398356606824
1.27840878810257,-0.87568890839819,-0.0975506876008826,-1.93648492430321,1.45602653495054,0.883496523770097,1.29637028693658,-0.196439556122234,0.852490303092666,-2.22292268102093
-0.669613921000344,1.10830208218131,-1.24584038307831,-1.62049461799777,-0.691394867061247,1.41364569204072,1.06513412392146,-1.10857528565246,-2.18288362464694,0.246994124279986
0.115296123937677,0.350619711554826,-0.648232107446273,1.18453701236983,1.36342942757455,0.394801581407716,0.149735783981823,0.277648063847923,-0.239613548340552,-0.0343416708718067
-0.760664918289106,0.215943644834442,1.21281510304444,-1.37608761044058,0.260076601177509,-0.360706486097016,-0.512160914324356,-0.786447648627372,1.79564515352181,0.861903023820881
1.01222992930792,-1.26512104490909,-0.679506363529644,-1.10092759527275,0.631666190432967,1.30950534403487,0.477293753419482,-0.389205946514197,-1.1294429694573,-0.57096205671623
1.76674622173309,0.237920345201984,-0.349935945771479,-1.05212527841332,-1.39613310034791,-1.48539630261856,2.1856771354147,-1.29110751296605,-0.0239667741671706,1.27569506215037
0.263170194134466,-0.128112542132618,0.0893556149545624,-0.134801206547955,0.230344833619442,0.564598798403134,-0.389726300605438,-1.07673258122945,0.567101943066471,-1.65689383632291
-0.93758083516161,0.916959304720166,0.838209547409194,0.229485398917703,0.705228596558163,-1.50628605133633,-0.406779233164238,-0.0528081901472714,-1.38143384626218,1.67247231014116
-0.660157878034209,-1.19513864587988,1.22287024608753,-1.56827336747994,0.344514532112436,0.127527783292125,-0.429902315610168,-0.10051545518823,-1.39680965194426,-1.20382134290911
-0.127237117548986,0.0886874156018252,0.212393838070689,-0.565041697693442,-0.608190373521064,-0.38887792406652,0.126907456848457,-0.647175891994872,-0.0414577544497539,-0.613948533585413
0.389892923596714,0.916380343659257,0.0654121140564305,0.271185646318928,2.13286600469627,-1.27563755856414,1.05173933919294,-0.60575986810267,-1.70065454249793,-2.24857910164824
-1.49417664665469,1.12298601335325,-0.229568882921993,-0.0778748933278862,-1.25669160029335,-0.0014958880805653,0.616108668301064,0.91840591621783,-0.309640649916526,1.26501629756791
1.03233233781558,0.701052495012555,-1.14900012107288,-1.58583387629334,0.587475885449943,1.83046227507385,-0.763701639401955,-0.734566012483682,-0.486577373663509,-3.00950479926691
-0.657144593983314,-1.46310832801373,1.03093706937355,0.690054726173694,-1.35469497886002,0.678979702252451,0.0114456252096048,1.99299677857218,-0.368804597710597,-0.873015131158357
1.69830882095088,0.148451098284721,0.381678818680499,0.167750962383847,1.65578927389983,0.928809026174716,-1.01546936312004,-0.0272801250498797,-0.684263294631192,0.610570815431019
-0.380971511390125,-0.964984381154727,-0.012785216716305,-0.526593293218094,1.32698352964652,0.909745027722385,0.107095280568953,-0.728902839256569,-0.312532580880586,-0.918383919917168
1.55805369103092,-0.15320580693687,1.15431471932606,-0.536119758365493,0.706784413468036,0.84012224902233,0.494238705805113,0.763245516037643,0.262655893490522,-0.124252866950732
0.450214505242518,-0.372728099426664,-0.277187586728916,0.941913104491311,0.676269388694353,-2.66302970959256,2.8999825850182,-2.26016271259141,-0.363312889465328,0.280963882444924
-1.275966205392,0.64714999449928,-1.44410308317123,-0.189710246875446,-0.125867249709807,-0.541736375845793,-1.2862854295132,1.59239210567737,0.974836594472878,2.86446361758066
0.832014597106348,0.0490248178262487,-0.875832416258591,1.15872932274359,-0.0485421802928564,-1.16136960038993,0.434064164039827,2.00986870164841,0.402004897222954,-1.39656397262125
-0.593858403799076,0.333842598157688,1.50456067774405,-0.0589805962409039,0.396986082672553,2.449540029164,-1.26028677819363,0.249460883663632,-0.574170616052639,-0.122154727502288
0.627715239750999,1.37531292974278,0.53340252870498,0.571167562932338,0.463624606594919,1.41098699815849,-1.31890178699581,0.399479082592568,-0.613657026604973,-0.428417238211138
-0.808676376756906,-0.372626271606222,-1.06307452189948,-0.0347801270574885,-1.62868014045202,-0.397814068149497,-0.458115634680049,0.24172356284381,-2.19650599954596,1.09157917149198
0.185779596627503,0.780392987699232,1.25465995324841,0.600768730134806,-1.14823125682672,0.551111429134344,-0.0413135222908891,1.94571114818834,-1.09220111960201,-0.224308606453132
1.1973599652457,-0.104291806253459,-0.0829552758712171,1.3444986772456,-0.708592699722963,-0.614116547597602,-0.428784278645157,-0.209779275327341,0.824238379694674,0.860971501144947
-0.0423950988696382,-1.45905432636259,0.452510767830615,-0.184996245499749,0.0122817564114677,0.246618303534253,-1.96569632888247,0.446192719385291,1.09062516546783,1.05375403877415
0.668233592420345,0.0256688871673305,-1.67009655417569,0.753334414715419,-0.00738023994482823,-0.450364020730631,-0.635002795486028,0.180817518546115,0.0151985232095832,-0.942610772685868
-1.42778628722685,0.416617741142597,-0.601427865423503,-0.387595283337173,0.727640270557088,1.38132880214396,-1.32518412384148,-0.000390512186899215,1.3640009266304,0.453518133205438
-1.37592227866046,-1.25694870779586,0.38891426355513,-1.22893961777869,-0.083884774854359,1.09029956428131,-0.344204807966578,-1.12815988353914,0.778060754617971,1.29090353165735
1.16585671750022,-0.704465627188797,-2.96073267629513,-1.24511326588262,2.25305202599111,-0.406575414322336,-0.785223774952838,-2.0795909562942,0.738892276911417,0.768047522242845
0.623473858258934,0.0600070422157873,0.316230476755388,0.232862179479577,-1.40336798977343,0.0252377085387133,1.65474612962553,1.17555186715644,2.08255988701929,-0.983971127007601
1.77943065424136,-1.35059923224545,-0.146191211797311,0.244528032653113,-0.233453136305221,0.944080121598785,-0.484037640008972,-0.389367740772708,0.445518577212735,-0.127490917574734
2.38886610352798,-1.43607348644365,0.468152495139601,-0.426718508641919,-2.5844764073745,1.07873681432184,-0.119497733232954,-0.258850351820217,1.64016849877556,-0.608343435615626
-0.502248624406359,0.525803341269122,0.395635575778537,-0.884664704345245,0.410265923942318,0.592042832906367,-0.0787688791385822,-1.10287822048231,0.266711017851555,0.107952440910163
-0.263228407595907,0.587488314605408,-0.680485139568759,-1.3901767574533,0.491689110651365,0.155098742427482,1.13326480100292,1.46733717453121,2.06412073276931,-1.37293888268564
0.844480831051007,1.22726254068469,1.06891140691575,0.276003125255427,-2.05558511575285,-0.426852771592224,-0.347806351809798,-0.773084726108853,0.739933748941311,-1.72320629719452
-0.548538130668681,0.443846698526699,0.0138051172612803,0.0843221756523504,-0.817240503676179,-1.89887318915795,-0.197553307010914,2.14701266607158,-0.344006871815676,1.08178585206828
0.778017879535405,0.290525194575324,-0.167006447196443,0.191862772001638,-0.363348355026833,-0.244633987577219,-0.740490428954084,0.939730553818597,-0.306555097914176,-0.758085723854764
-1.79115799317228,0.909322880981219,1.08955604227026,-0.0644880503102106,-1.14399768151876,-1.58230282959134,1.89986162457868,-0.0135338546377067,0.877395830765667,0.379778289612694
2.16800715188859,-0.801165441307397,-0.451645245421686,-0.937528614891151,-0.659913298445489,-0.520200543658009,1.50484860682095,0.672942339905981,0.122854512212673,-0.231536223556308
0.724892259087144,-0.454128782429853,0.752572842809472,-0.405627803437155,0.271148490673539,-0.54364257988013,-0.611601049293082,0.969988697444917,-0.0276870126729108,0.543114521019327
0.600122644187457,0.179291329329268,0.717506850130014,1.11122047881264,0.928826610183738,-0.457300483995487,-0.165277878342704,0.242405891954179,-0.099394014120255,1.10519682786617
0.0330181181133901,-0.324122785765404,-1.29259912174864,-0.863606026277958,-0.00185416653993732,0.465948114868207,1.86334792055393,1.2788233166494,1.09071017547312,1.70737164690689
0.405014237643062,0.657266740655856,-0.396879207301801,-0.676734209498164,-0.133906226941241,0.454772926455797,0.480264503776554,0.470490622390789,1.09646864848987,0.292064298600947
-1.08283816862251,0.133434429313993,0.64886597419272,0.889212713030997,0.18238947113407,1.96592258563291,-2.76576167430392,-0.626677128394323,-0.747017930914874,0.442430368446756
0.241214631859627,0.573874820186637,-0.622208159828207,-0.397312427099556,-0.802034533847977,-0.134689926537091,0.502397555141133,1.25076737910954,-0.057969967710312,0.0646132179869955
-0.816163525463366,0.277609340365033,1.28273034399798,-2.05622521639158,0.286035018213594,1.57696126625534,-0.480640577322219,-1.06128685340279,-0.70554986836509,-1.03671716340133
1.67758418553257,-0.880839091049703,-0.00436481187462325,-1.18305937504792,0.277375759838908,1.67274937587168,1.04357689598007,-0.677240029830957,-0.456970822936757,-0.464747682652817
-0.956503339647154,-0.167189791260609,1.1419919559921,0.691253927275377,-0.7641323347084,-0.694156759318166,0.512313637405975,1.6977194861341,-0.411422308898222,-0.727257826284356
0.565550158952414,-1.35094579491376,-1.62940995082078,0.25232735369791,2.26667939717219,-0.352023474123435,0.264489324585794,-0.353157517768873,0.724138747327353,1.91540914351981
-1.02944477809232,-0.648779232879653,0.85689995100921,-1.38525242994871,-0.431346503550569,0.531144006181263,0.893856651099989,0.200950482179092,2.10591823373926,-0.725570495439077
0.619622053082446,-0.771405725330276,-0.883212825983267,0.189972293953476,0.124282788042668,1.77616949998191,0.219445715506027,-1.32149096665111,0.897431700000977,0.828056481007178
0.535190889630234,-1.92479676582743,-0.737510793701165,0.837417051896499,0.505593474605162,-1.13233595828127,0.547721899036402,-1.01867707918369,2.49586974913425,0.946579015561913
-0.177460374709124,-1.63961579794915,-0.214027691585118,-0.846319856103758,-0.358833936188277,0.300329609358599,-0.365982643852043,-0.719367343774507,0.510782910495031,-0.807063704419141
-0.323814811368214,0.271852043000708,-0.989844800829378,0.451858421539974,2.1217201075488,-0.441134515096032,0.283012369374026,-0.250480950014692,-0.710246427236799,-0.454928224425854
0.632773662190078,0.173357736364144,1.46475124350136,-0.711156483667016,0.759889844361458,-0.864556028909573,-0.0752612478461663,-2.59891910318734,0.0421710854233992,0.0280964613141786
-0.779748490453703,0.907606655823336,-0.000981041106479614,0.101099901261855,-0.0290458756563649,-1.01765159423215,0.516590919351922,0.0387085451345368,-1.4801538461378,1.54731315023792
-0.375242385856395,0.320458967791808,1.46394972438625,0.171053065946176,0.0386987508651208,-0.123885135223123,-1.30284809513427,0.989500367965941,1.11277850241934,-0.455221091499553
-0.969198884427234,1.11833409587357,0.681394968519726,-0.00785139200483759,-1.48036102470156,0.65323174281686,-0.115202382682462,-0.412951516208043,0.325860648322022,1.25997734978451
0.872657480747437,0.242317337994997,0.54391843642667,0.889440183529043,0.938399908088475,-0.702357051086477,0.284574906744785,-1.13627812607218,0.374267933028825,-1.26557886355175
-0.528967274717236,0.97708483277045,0.957480767416308,-1.74815885793652,-0.0242759191236478,-0.569345274923028,-0.59733778027055,-0.20807203601899,-0.268996521150102,0.966635260454237
0.0839117337774605,-1.58168325963849,-1.27413169060899,-0.360641354604108,0.767685624821072,0.235441873941661,-0.291685453004121,-0.328802833194128,0.481301780181245,-0.575379536768206
-1.82208574387427,0.970076728858508,-0.239461466772233,-1.76911055120718,-0.665188054330125,-1.18870006214528,-0.623677885838795,-0.803899083554816,0.518903015897258,-0.0137024810384302
1.07268274682605,-0.462916805738856,-1.82225206412756,0.681602031577411,1.61425715537727,-0.74918569458624,0.257644033116067,1.42516293080472,-0.468373525643643,-1.23354433466586
1.35781173324247,0.00592501065810032,-0.474575385456639,-1.43041829812776,-0.282580488991617,-0.660640543952121,0.578239048753952,-0.754296025502764,2.72835625998003,-1.40712550722979
-0.966859334831224,0.795251992238971,0.827204664463682,-0.00717299307068196,1.78814089142864,-0.0870332700354853,0.635642496877,-0.946545559807216,0.161059690524567,-0.838065253662386
1.20270211762482,0.372166910263281,0.260421922021724,-1.33871009692419,-0.222535420811599,-0.628920377480005,-0.576016731936235,0.963029547927137,1.59632272030806,-1.01963827797048
1.27616704977518,0.734242956801831,0.516474030908378,-0.315901205201381,-0.00124146158570799,0.844705749668735,0.307814483397056,-1.34732459533453,0.280853781014857,-0.31190574497003
0.774959480316155,0.863947702403256,-0.222885225415997,-0.538490545656098,-1.13350352380829,0.126075354429701,-0.504517950108357,0.0975065115246839,-1.06027621205457,-1.06267621609559
0.154727374581568,0.840095001534102,-0.0890403555720204,1.53609505990547,-1.7802440211803,0.810107218634963,-0.300938688429545,-0.453268076383516,-0.0826701177605387,0.803620647463557
-1.27675156886277,-0.153295596656783,1.4124669611607,0.371683700928272,0.574293893108076,-0.688226360416099,-1.29159305335998,-1.35555551577588,0.764244139828481,0.548627338732639
-0.510501631761911,-0.82724134658123,-1.89379939593143,-0.537093843653078,-0.735942780711044,-0.205427482100614,-0.46059883841988,0.458658935481374,1.5693309318916,1.13460831906271
-0.854204705651848,0.690174844308264,-0.815448196259983,0.335859293607684,0.136436961743693,1.31223476835855,0.324523724831103,1.79962522361966,0.258306865089364,0.715528995007973
-0.0851451798188309,0.129300023469585,-0.665208500075141,-0.190061039066874,-0.624243703927829,-1.51694164697631,0.894359759903961,1.22448964970606,0.326137627083224,0.707415413253118
-0.495142930907911,-1.17054084709324,-0.957137824720869,0.146234731347995,-0.806909998219457,-2.03628658596407,-0.81537789408397,0.187965187412428,-0.359460240185476,-0.112451165764972
0.0644139649150253,0.0317455731446269,1.37958153233862,-1.21707401358686,0.619003535647479,1.16144282188397,0.397449535455637,-1.0639411955208,-1.18680771891932,0.101648411188234
0.00744836958808618,1.40951913481979,1.06719728422546,1.74708427141418,-2.16662277828537,1.11979446130024,-1.3828019110759,-0.513222518127052,-0.0938891689535034,-0.148768781430766
-1.84921981161605,1.85401868031731,0.233095197690784,-0.881283196169988,-0.925868084518164,0.259604628572985,-0.784195569808734,-0.093463282929995,-0.239064668683259,-1.21040712441124
-1.31670550005879,0.119920569987664,1.65873081734565,-0.676620697532665,-0.102857083587303,0.303200155628187,1.03115371380898,1.64049691406567,0.599761701451209,0.66414871021233
-0.988356634277238,0.334888248252088,0.556036936145781,0.761022761837242,0.662171606156278,0.602499473445742,0.597570342228631,1.21204052289027,0.526036282235121,1.8052473579183
-0.201243476324929,0.697157593566075,-0.268457791124404,-1.86087352790938,-0.649735966440582,0.507425285327972,0.245373883875789,0.983421291826027,2.66510758751377,-0.969888816488389
-0.428305633387327,1.85625294769054,-1.17816795031233,-0.278005632547903,0.286046541426668,-0.637592744468827,2.21252604707465,0.549100843766186,-0.443797891524045,-2.1245600318576
-0.258098206867084,0.882619301786951,1.92907340570474,0.893410760902225,-0.11031552055668,0.814857305965174,-1.6770102462565,0.20828372395173,1.00518680120884,1.52947662533392
-0.656779579370871,-0.328008129073023,-0.265204732583428,1.40531323309336,-0.0106914909794125,0.166452825538187,-0.955350274891368,0.495315080299912,0.715461358609093,0.582701580694316
0.426618914494906,0.375740950783171,0.496264772996503,-0.114899441464098,-0.313184960021032,0.650171884194307,-0.124436331225276,-0.766580602669552,0.215473189101975,-3.07601359780835
-0.819631682590893,-1.17452617795851,0.44621303546104,-0.535936637263184,-1.32948587367458,0.793574398240703,0.497554206978205,0.0893492535288733,-0.0443633792214,0.858829053744429
-1.3812714965316,-0.338813909719285,-1.23457181462458,1.28163343674454,0.539839747253355,0.260457277730423,-1.43212159115973,1.97681751239008,0.973724777492425,0.192107013418195
-0.583912878719896,-0.33855267928774,1.60462893991378,0.706422642825764,1.62470590925009,0.737281238701367,-1.00281556417357,-0.132286825939894,-1.03227701452876,-0.702557676470253
0.784743519094941,1.14124020007953,0.326789896975184,-1.17457571299678,0.243550146143415,1.34227932048574,-0.951736661887267,0.116305140230657,1.32564562563683,-1.36377214539187
0.821955419383245,-0.529573812539129,0.628349087453314,0.513656179570385,-0.0854517123371784,-1.31365656573545,0.17151901664854,-1.84689356174379,-0.652832002918108,-2.51895943372742
2.12062418456609,0.352412231253533,-0.730770178570806,-0.34517566203075,0.207924913383373,-0.579381565414838,0.564339630569594,0.180621362374042,0.429513113282443,-1.384275131707
-0.377944864032239,1.58234361762074,0.23141574534211,1.32552744462387,-0.58855737138601,-0.875509772708052,-2.51349054643612,0.664938704032139,-0.646382986253073,-0.669623582275243
0.61452493853131,0.141178003759092,0.206665070624756,-0.225636060114919,0.211173685984391,0.650956512855345,0.0154990226076727,-0.370674601742762,-0.352656461074705,-0.642275653942274
0.480142136161318,-1.58980975037516,0.86013548432783,1.10288784050313,-0.691088859397426,0.978629239726455,-2.11430676938251,-0.335251541413575,1.50629364203832,0.822936044402487
0.709503629080634,1.23975860871811,1.18193786142849,-1.75583455623035,-0.71999840268212,0.0355681512788309,0.316207834929098,-0.16418298910244,-2.48619216881799,0.511641090597765
-0.764417959129514,-0.818981099071976,-2.18292695674243,2.06468075553213,0.483294887684559,-0.580345221501484,-0.0193617959614238,1.29263138274633,0.385038283123012,0.998557492023326
1.44876014770059,0.316516518803812,0.18118755951786,-1.25880437462196,-0.571245945468525,0.412755291236942,-0.0500084992231008,0.713991469038707,-0.336497596135452,0.398429006093594
0.786320624638808,-0.900358464377357,0.948787087266467,0.817894087114797,0.293298152481644,-0.566322813249613,0.380019221078437,0.0610373447594931,2.05043228147292,0.504226099484702
-0.0553947093853308,-0.715425046370599,-2.16405354690713,1.47000683399951,1.72073347079054,0.705494034153643,0.53560815073321,-0.138230714155564,0.614731782692839,1.26972924055836
0.30388767477195,0.326192685991795,0.108444950369765,-0.264400877440363,-0.178215639980734,-1.10989650535293,-0.424994105675706,0.40285350329612,0.0614335261884723,0.0602786064365964
2.09547602503155,-2.62769603242376,0.0743711157756402,0.0836980851764253,1.01006548162889,0.424136037989958,-0.969217808653118,0.014249271407632,-1.30992172668369,-0.0931580034769346
-0.00608265916101867,0.0288244145029589,-0.488430992405241,-0.541012044092935,-0.448696737557866,-0.241217975714694,-0.14496054137443,1.71912594565996,-1.50450480860624,-0.755961663044213
-0.960374482757739,-1.0403489764027,-0.363465149939441,0.0391840374277458,1.89222395311842,1.82928241453949,-0.372780516359118,-0.57052556179703,-0.421854554189233,-0.650768395792702
0.109653745198721,0.292803515060006,-1.29890548684017,0.289978334697827,0.352772013746902,-1.24125346777158,0.414332360800563,0.19120795742856,1.28776394220654,0.3155828290342
-0.358000302825518,-0.187707276715712,-0.0303836691975886,-0.864496613000176,2.13759986253917,-1.47409665917773,-2.24578642552586,0.0512660967584357,0.0294647033363117,0.418916902163857
0.934574890121713,-2.17703056611269,-1.14149715745562,1.46631170945698,0.406285707210549,0.23500915907644,-1.15913795249885,0.206923614113039,0.141870573254671,0.176634333988266
-1.20101092068989,-0.660185001913216,1.49369454957897,-0.714763762153376,0.695539952505735,-0.137428880296949,0.698276224323472,-1.06698123127678,0.77747834711825,0.3599126803315
1.278017416155,-0.583282579654798,-0.306446200709275,0.146003503445352,-1.13702518739192,-0.519199513449612,-0.0975307874672341,-2.10437936391087,-0.333862291617464,-0.977647655798201
-1.45781005681467,-1.0567550362382,-0.29816182226042,0.801845169601025,-0.166844678102983,0.492136437591219,0.202450798170136,1.23505306366727,-0.426861849779458,-2.68158790171088
-1.65795155182899,-1.19161729583782,0.478773993962751,0.970926420271112,0.315070427960138,0.132766585637487,0.435910739468464,-0.217259464989799,0.187338974077036,0.446310390707941
1.19839526844313,-1.48265742851706,0.0150625979168047,-1.31655128714828,0.760062309954918,-0.953784999779589,1.83851169665665,-0.449759976418036,1.32652118865186,1.4279910104805
1.94250153159571,0.369578161427866,0.383312660151963,-0.967602807763821,-0.983376743934007,-0.481082706063981,-0.905377006449761,0.948533027491411,0.700766306470615,-0.0384321445683156
0.204695189001582,0.402406116638384,0.236001570595888,1.13717142526301,-0.230930718995643,-1.03731242194884,1.45256311122436,0.148640982615542,-1.28118767373907,0.511175466730951
0.25330663512867,0.604362552177133,-0.376854746226708,1.13026902330934,-1.08749082563704,0.879217850602255,0.987954479060188,-0.284931601229335,1.63238455882931,-1.59146476644978
0.819943694031175,-0.631568075499079,2.16834316734439,-0.472700941786484,-0.0596109689435602,-2.10082792035587,0.305404404778315,-0.275787533153912,0.513327782071045,-0.944439184698026
1.15357087318216,-0.67993361483298,-0.676204697459469,-0.000462842539181918,0.25327189278557,-0.617036857679302,0.733346834638526,-0.126104751589528,-1.15422868825889,-0.809321696952349
0.361144083608498,1.03747297484959,-1.62990475304818,-1.7152601838689,1.10312617749485,0.950741747703809,-0.747192430340505,-1.4610439074868,-0.227805201861412,-0.0857625681696987
-1.1841073680281,0.701528548904776,0.199691651784314,1.65793722656784,-1.33739894847498,0.852608840962767,1.83441327840075,1.6071214077069,0.0309494853801808,0.813851776542233
-0.688497312277651,-2.10639031342512,1.12948153667941,-0.831652593630855,-1.80146169738644,0.816726526731626,-0.602058750134754,-1.81106777564174,0.384752042947665,-0.412439845472671
0.673150213325982,-0.569987156927104,0.381092132722941,-0.0650643970159498,-0.284226578092032,-1.43551602889876,0.638974905152345,0.837977070250531,0.167373526689101,1.17440656009309
1.25609676291797,-0.363646148211675,-0.241932951278111,-0.61251670582598,-0.0350963416280594,-0.224775966380945,-0.158846480907644,0.268386100386396,1.01168929495177,-1.28793001180712
1.26095388270844,0.575990236515256,-0.741797813675805,1.5047705207115,0.579530927064647,-0.459772452392288,-0.177716614461628,-0.0811693040033369,-0.162022566836616,-0.838982037887254
-0.282402501406718,-1.7631682954548,0.123868037993099,0.594398112735753,0.515409459437606,-0.429783758886162,-1.00059884045485,0.734245697570063,-0.316581231573629,0.577343930365886
0.0721934103804801,1.06716201998927,2.28385075571537,1.33668700652932,0.389956935632865,-0.398375125618128,0.549427635501486,-0.611058289178445,-0.847275291599093,-0.268517651953407
-0.541889209374364,-0.361152648401909,2.77439240033752,-1.57167375279274,0.0302273696869833,0.19677958411206,0.295041858017249,-1.37879722637042,0.225051598303477,0.752971829503822
0.459884284792761,-0.497970357430144,1.11372684583949,1.39390502744829,-1.48403595421386,0.32866247057011,-0.853574626125436,1.38156873813932,-1.65631369860643,-0.326145846684557
0.840508436601778,-0.600196391487013,0.170642682507303,-0.868096791411119,-0.155599790176996,1.08359666551129,-0.500284655852438,-1.3701421618392,1.33188893881427,2.11975948502646
-0.234786987118151,-0.018134819761122,0.178857398280053,1.10479203070321,1.93033217015714,0.429076263743893,-1.08595567559992,-0.64125657666427,0.498368316385035,0.203061251351786
-0.952234956984934,0.640742914644922,1.22994618335221,1.05706112802225,-0.78939420472438,-0.816206698033648,1.19805295478161,0.420330847748641,-0.699827103344451,-1.05484370160039
1.17417509534416,0.0897562306402423,0.926680493295681,-2.15626191422745,0.187805026124886,1.99810337828808,0.45902947785789,-0.427842504122558,-0.0818763290135531,-1.59633103974506
1.63212962719929,-0.467882983675312,-0.397968242400318,-1.09175063789479,-0.513306061967564,-1.83597868751468,0.819546272455438,0.683584662521168,-2.23890677542524,-1.20236999202078
1.98961810152448,-0.301876163265023,-0.677100209850207,0.0129257120129722,0.707010318009343,-0.13982701693188,-0.629350573307163,-1.4679823532807,1.36847380983115,-0.567143492827117
1.01694753512679,0.718558571581931,-1.41467617180962,2.56421354627568,0.412918162131152,-0.317656727935536,0.125235215924743,0.218525412818244,-1.89555026152606,1.31944194087148
0.661855765098802,-0.819080481480413,1.17493811213212,1.05352144570515,0.67432448413014,-0.899167338031595,-1.37453408739124,1.08360199024728,-0.60910397597718,-0.666765652535287
-0.22476426861392,1.26174730773423,1.95415598804373,-1.40523745410481,-1.37703918906084,-0.0655688748609884,0.021192211987189,1.37489740460473,0.372814949388,-0.567850363279219
-1.49117155565389,-0.630039237693104,0.438350390796974,0.0258581679734595,-1.31088467787339,0.623210632946677,-0.963994910633211,0.968783971608598,-0.558302560122995,1.20664219292169
0.21045921257608,-0.961726667691514,-0.86132678584926,0.178647824022765,0.124978167769751,0.284274673187854,-0.585100427448664,-0.872590821971227,-0.276835473385512,-1.35796660240817
1.25762759108455,-0.963724718458603,2.81872450309589,0.0651693323835174,0.938703590033149,-0.189424424142937,0.50503737379951,0.0631988547587467,0.94206194100489,-1.32135328146106
0.00819644852713257,-0.844907373529436,-0.304151472210018,-0.750585130192789,2.17841740490593,-0.7417812874336,-0.0334058804081719,-1.14737071824919,-0.577821480342526,0.356180807549933
-0.710591748200187,0.215272777555087,-0.813033090986048,-0.781103228751629,0.22841411243308,2.42558078897612,-2.09217302982227,0.447538684196236,2.55611828299691,-1.38692259897982
0.929493511448475,-0.435980014818089,-2.40469483434135,0.98544919823699,2.87829582988037,-0.721990097861774,-0.317761898660245,0.148429218933832,-0.346697970015619,-0.0765738240179859
-0.285693465940328,-0.514167399290876,1.46021343601536,0.836512603108785,-0.939233753690754,-0.28202560241704,0.106300982347367,0.682079271132027,-0.125468314495516,-0.1946548947702
-1.25734715842067,2.07262354241667,-1.07931760314988,-0.324667998353691,-0.112124934980238,0.355822981580461,1.05948331496407,-0.778259371903795,-1.75836273810076,1.43527303604682
-0.664152318074543,1.09473630056528,-0.803341696079499,-0.43264018193037,0.570937283542817,0.556840505864926,-0.522310271521007,-1.10901099358656,-1.29297563043865,-1.40417423105197
1.70345254479796,0.838832059877265,-1.25936393298514,1.26394631067657,0.0898119226108671,-0.62922749068958,-0.545709794857887,-0.670337977314284,0.54391431018226,-0.550886766393062
2.23906073198961,-0.743268480903169,-1.20754959889943,0.726294963989202,-0.761214843118396,-0.779445252518966,0.504961582118071,0.986328082024823,0.0083367839933491,-0.193009695274376
0.709364762808518,1.9617387101833,-2.23370477268522,0.534598322871886,0.902124485529546,-0.258545463652522,0.60191429295792,0.140422435427168,-0.761638710985346,-0.94617752528108
-2.95465873623369,2.15425170361947,-1.17164201174404,1.76294083316005,1.02631856079545,-0.445942712792855,0.344048383487293,-0.954055838329207,-0.120432189555078,1.59784439882982
0.628273176598602,-0.667937586850992,-0.332510158055055,-0.644053023816686,0.146528467536298,-1.34570972872748,-0.907840784479463,-0.83751446987636,-0.380930934549407,0.239478239667322
-0.178670607809495,1.44274315204121,1.03370547509975,-1.74916161820529,-0.339394423900943,1.35564360582889,0.0848488646132473,0.215486555736328,-1.49076635565806,0.332158519115291
-2.14328531362946,1.63995253104287,2.66901142630409,1.45299115930459,-0.880375652464457,-0.179182921907321,2.1881266483277,2.09509355084171,-0.468180780242582,1.60077146826485
-0.394498204677721,1.00703197263447,1.19459028232879,0.811762902577467,-0.448608683627058,0.445071715927637,0.169381692628607,0.530732570247876,0.78408272588412,1.17884661745663
-1.67422691359578,-0.167395575745461,-0.981250736959739,0.472501295174725,0.701670200914678,1.1733367966416,-0.856248360078871,-0.00140752503172881,0.451745014289291,-0.465782969489523
0.806423174794133,1.29448889283228,1.11701622312765,-1.11596413476989,0.746683693251542,0.748515775769955,-0.551369308037461,0.25113278765837,-1.57414259942741,-0.736363100154741
-1.2834408079983,0.887340779349246,-0.771232509303455,0.659640778615608,1.58200263851384,-0.397653666227361,-1.19073124250904,-0.803696770103168,1.00944070096488,0.182942313053249
-0.425455601703358,1.18282607137484,-0.373378809413237,0.792388675355471,1.10009290410576,-0.29339406439105,-1.56625244264195,1.39709392201067,0.501304496398004,0.147591999088431
0.31251067124611,-0.263657484955792,-1.52437714652299,2.00788844741905,-1.79911953812693,-0.862932426571404,1.25002315962468,0.519844308471051,-0.0940623148404716,-1.32663568443218
-0.205387189861612,0.94098661997622,0.471825628641567,-0.511405511658403,0.281966949372819,0.291167242127435,-0.291974117161716,0.0504536701993467,-1.08587429967523,-0.507887924889959
0.739137145393745,-0.236306451763836,0.201346906085565,0.50594327363418,1.76534196362908,-1.3394732098923,0.617115847019032,0.383902319222927,-0.849472215164816,0.976151746110397
-1.64645234400945,1.98430662073922,1.57810532801475,-0.859751652272901,-0.103515357314439,0.118784522260404,-0.256336666459582,-0.0666649768012309,-1.6082043747975,2.62442503897801
-1.28671739122401,-0.312071571906896,-0.207411643012942,0.178959537505415,-1.99680575751894,0.793736283144525,0.685177574844898,0.70191281840885,1.49250502827323,-1.21250360404277
0.0268860329205993,-0.861674872305072,1.15121275081255,0.944129981626925,0.61721481737309,-1.07537260144629,0.358240548957519,-0.531991670319081,1.39119901417652,-0.926158652103378
0.139980074243492,2.47825128189544,-1.33907451386859,-0.592185153508972,1.1175985339179,-2.20592943659124,1.63851629081229,-0.405855701259184,2.67694227203243,0.159858291463923
-0.0702619394390104,0.410485974957202,-0.734183217541044,0.522741174199167,0.294776229777921,1.04623971162913,0.828494877276968,0.634701484103285,-1.01757399399528,-0.232685020877775
-1.88007693537053,1.29249432248525,-0.113743079611497,0.67882210469031,-0.295137474285077,0.581694171629658,0.0761414535861831,-1.81553653565588,1.05262570565427,0.356409390033375
0.329575268114334,-0.584873040754939,-1.48190020107371,1.26523142735365,-1.56977649555345,-0.611659318489737,1.48374818996365,-1.07268776069153,-0.704590988899036,1.81527805752292
1.15412903023519,0.682265728388291,0.860675655410127,-0.709455115486321,0.0323984550599765,0.0165636515113892,-0.214818020786209,-1.15336648512807,-1.2118809664998,-1.86676647026842
0.347074193513022,0.0760019754280993,-0.0535177893822999,0.555532554477876,-1.37288372875703,1.0503741485935,0.179217313205082,-1.05438497645443,0.538514101016902,-0.160318055118623
-0.100734819737403,-0.282686898818065,-1.0759926296298,-0.670173391878708,-0.753316682649689,-1.81354539766585,1.94813143311216,-0.254786815675784,0.486752031801747,0.581440189919698
0.0298246216627152,-0.679444973903869,-1.18985342008161,-2.44270071364552,1.51898149455429,-0.743728196590592,1.13579706684478,-0.454767253880651,-0.871370067114271,1.279376072865
0.510672423595825,0.249072339293402,0.898217425589929,0.0405383076653406,0.213452785542227,-0.202515445405445,1.66366939256797,0.214309411141238,-0.514025025893956,0.49087216437977
0.333904664787086,-0.00761655162460706,1.21074740072121,0.00867525142759624,-0.868897564026283,-0.839869444179515,1.68689881525321,0.339950276932305,-0.440627009812955,1.06712574632756
1.00373268938893,-2.24887267031369,-0.640920037901971,0.6235155572686,-0.619579174754314,-0.270558420544735,-0.63006363372228,-0.530474423050161,0.310170433551718,0.796073453398329
-0.0264165494029528,1.1474346672908,0.50522923269419,-1.30726791572672,0.516318329108832,0.729732597932089,-1.35762149280071,0.368763519365485,2.09521310453341,-0.711718953543014
-0.397956530902851,-0.674663273002276,-0.317836720003844,1.90372704987979,-1.39392732294081,1.94899675334003,-0.633785386581846,0.126036744953847,-0.520470575282291,0.410654733586899
0.833891421635191,-0.313207422995047,0.654215385917975,-2.24739838780001,-0.490190289358416,-1.41296959468279,0.2065908215799,-0.43301540158389,-0.170020960595197,-0.233394503446068
0.508241183926232,-1.45114751585524,0.357372197969544,-3.22902261071361,-1.75939352449555,0.830966268387256,-0.367788858046436,-0.693915887640154,-0.670705587258794,-1.5946252874217
0.342114517709206,-2.16674233939055,0.386829111300813,-0.042442712807611,-0.41165775610691,0.00566426483031602,0.592367612575935,2.0695091403738,-0.40497770175241,-0.846231312835106
0.0841192496228704,0.038274713476546,-1.57650982792806,-0.240587628590914,0.328351197374532,-0.0859333726275536,-1.52802688795503,0.26291625180793,1.01294876669291,-0.429498268145703
0.712207141523612,0.78232141759384,0.199868995654393,0.216069378303089,-0.114182065695077,-0.758554030430142,1.40974479459453,-0.905018674302822,0.0593830112035024,-1.99105182450256
1.38660563539597,-0.407650008092449,0.38867937974078,0.432936254885846,-1.38055703469268,0.483365833719121,-1.44505687539447,1.24181238766745,-0.514137499955465,0.0416572062305998
0.318917675895184,-0.657300997750434,2.06944784884021,-0.806344898837677,1.06448706162557,0.567563017346055,-0.90819322799823,0.0501555799669841,0.677210137054786,0.407000140330541
-0.113492475347508,-1.33814602467792,-1.30648845792512,0.522024000075754,0.851347335003088,-0.457561191102037,-0.0392304911978803,1.17840670550048,0.950380884674621,0.817837786952396
0.622306280644156,-1.02782890290262,0.668752499501857,2.97742100300782,0.924585698389132,-0.426953888229749,0.35599343925655,-1.24654479521771,0.311574379376901,1.39276411002568
0.177587307173999,0.49648578435894,-0.207749214769379,0.539676726424652,-0.435531495128071,-0.456421203921392,0.25401634652139,0.309305521898389,1.3000505989016,-1.21312533068695
1.48054385990761,-1.58789563306055,-0.911188042955168,-0.582547039877011,0.205021298552704,-0.134830717765978,0.0951589797280294,1.4714185098547,1.11520034618327,-0.692464229346895
0.690549550401384,1.37121930052918,-1.45426781985975,0.572316960815855,-0.173661371037396,0.419200576500534,1.26612440107528,1.92772573404183,-0.329008224289113,-0.00297101358236866
-0.49027103718169,-0.0181729311009299,0.609554206215022,1.16859494106808,0.445569762045129,-0.655419340894883,0.57314008385313,-0.930735711824076,0.824002888284173,-1.87684069326313
-0.454085699066235,1.47185912927551,1.18329022013062,0.986553393897727,-1.13084696885966,-0.739115046216317,-1.19137315744762,-0.164150801846277,-0.198875155519776,0.991926078628555
0.705916855554325,-0.626162775263958,-0.361015974887393,-0.0703445169311109,0.0650917603273706,0.501882422184598,0.832645663981422,0.0912655948927537,0.823133681977625,-0.353933626339887
2.14030945287056,-0.150923608614426,-0.587331883214692,-0.598419224764166,-1.41575269622736,-0.48296079116146,-1.86722711899284,-0.411640386617703,-0.523073242491286,-0.0399580357371137
-2.05285285389924,-0.316924166119542,-0.54832079767997,1.14578342033935,0.62742321008101,-0.157950861713129,0.0384348846971691,1.4575155101888,-0.486627398552016,-0.0817543418956987
-0.629871683847944,0.260636923750128,-0.0376182843259025,2.9159599504281,-1.89525682539821,0.580378792781684,-1.6536732804863,0.44248433896364,-0.982145678444182,0.30289049999156
1.66024906242096,-1.70175947132973,-1.79549772455966,-0.495419939947177,-0.765696721914202,0.290950199649453,1.52890705466317,1.23760818696514,-0.297663791407836,0.203853413037683
-0.600750234219267,-0.892681204860113,0.32129714310917,-0.174693159718256,0.465289023855627,-0.736606825223339,0.655381181041135,-0.389317940514043,0.71773221357606,0.314280690704854
-1.29663170119917,0.0248927572707203,-0.425253173575902,0.321039884694109,-0.145526507939446,-1.3651783116616,0.331629849814225,0.915853442598366,-0.815310283752071,-0.334577092535709
-2.0789593205347,-0.815346248386376,-0.176490757223674,0.520780434015532,0.509126074652303,1.25136504052413,-0.579553794886023,0.05316865618763,-2.29253286228633,-0.942938276027082
-0.658595324264562,0.586350577207176,-1.22170524789109,0.500923120219808,0.0446992242829957,-1.18310692214428,0.677747549927824,-1.97097606882802,0.127918118881296,0.316111823973684
-0.113518896088164,-0.901060216219854,-1.22116235470957,0.631841268441781,1.59427169256037,0.888260986118262,0.909571584906052,0.0354896234642304,0.766713437072113,0.0827617369478628
-0.0637695795487411,-0.853045803441101,1.12460710929459,-0.228564411992006,0.458906511282685,0.680449810862655,1.72422823838737,-0.101407776392706,-1.50162828854984,-0.591517462949706
1.1509485263914,0.151436523072503,-0.498067935650746,0.512126906922435,1.40271475915925,-0.509596261133809,-1.02749913662914,-0.0221580687407246,-0.330876649187047,-1.02985570191539
-0.742312478538178,-0.828554086767642,1.39400147068079,0.190081462269056,0.100042705600179,0.882673164729136,-1.12478783919257,-0.324054520952408,-0.234071294697734,-1.4363919891151
-0.784617688705092,0.298074848510614,1.39650784334791,1.56276388020564,-1.27058786175954,-1.39369737648809,0.20521367385339,0.950823526531816,0.616529031894861,-0.509856996196304
1.60385856367344,1.02315578432254,-1.57603460932113,1.9108793707564,0.139168900203281,-1.19367394551365,-0.327444487502984,1.728499958558,-0.188348916282158,-0.0407192068853755
1.29862505018669,0.14419218779892,0.0823984193130204,0.242322851481488,-0.856053058228702,0.218272753291809,0.918713202128308,-0.265724029320509,0.742147365616517,-1.19834766162363
0.358656013990724,-0.37841785874392,1.76862921395804,-0.638718044745919,1.31057780272576,0.408308259868064,-0.231063166914143,0.327373322072522,0.0147845738007072,-0.355666413960731
0.0636730385145199,-1.83221880571727,0.0297893596519882,2.29666693732419,0.294867621146278,-0.667303815413144,-0.104472667407764,-0.190640205692735,-0.454120037420554,0.844006409905772
1.23227553559343,-0.754490574882224,-0.338843553966618,-0.596627777715032,0.359702884062338,-0.874025594316218,-1.69649376238036,-0.966836192688868,-0.292349021950012,0.414517029750891
-0.190298579370965,0.413090726612846,-0.903154592055505,1.04449694004661,-0.962605219318472,-0.807139747063065,-0.340757290230548,1.66564938328558,0.962052277181699,0.143236681464985
-3.31975757773738,1.84587916546102,-0.315026073523429,-0.557069087953083,0.327292454483439,-0.593347924397375,-0.660949525327843,0.12354663626604,0.0330444649442699,0.856447322780741
2.21863352386542,-0.0604994488523451,0.00406853804246,0.09423152861784,0.538206353513494,0.0708148390651464,-0.642817259767622,1.43336554866372,-1.00101133789624,-0.59006429239329
0.521231578181563,0.691838017979034,1.52382306113688,-0.591369153473873,-1.83053505460032,1.81711748359578,-0.692240442992232,-0.16300082722463,0.318149664618588,1.08055237402617
0.158492952238018,-1.01043629561403,-0.35292808856003,-0.974130331331959,0.270257107327342,-1.19326122730468,-0.463249218062726,-1.42800632303107,-0.269672900834075,1.29688064774994
-0.573148651652425,0.740890953548147,0.593826027021996,0.12718114665565,-0.514812229796608,-1.13309331656122,-1.07579442257864,1.65680234453663,0.503633353270279,-0.130783164418772
-1.3653347075361,0.0807330038108304,2.52729070507663,-1.08899020346969,0.574306964253661,-0.837459391136716,1.17917278238603,-0.05007545661752,-0.868879435297424,-1.22512849249341
0.057615164248363,1.3494812745033,0.529545630284225,-0.87748547518042,0.697144577716442,0.608981198361237,1.14609657903562,-0.993985783762528,0.662100497116891,-0.460552324063786
0.707349268927876,0.849965147322719,-0.638543493260353,1.06142672020217,-0.0254175505771356,-0.618503915227084,-0.18952399391095,-0.111880070789488,-1.2740060551764,-0.557859474355088
-1.28450304494292,0.218578651521626,1.89661306672541,0.455742946419551,-0.644373699265147,-0.383283528315162,-0.902734219174714,0.75292623364877,0.107785229222616,1.45409166168472
1.29020027562872,2.73651987363863,1.75763534404049,0.665560540224398,-0.963170739819824,0.889963264744903,-0.104702841226919,2.70838519053667,-0.843398636522602,0.0673589871349102
-0.153848825946255,0.321566853770439,-0.222140972392528,0.579002305913847,1.12118970407735,0.239222560618557,-0.990469887312245,0.156388791278651,0.236440508210508,1.50236448074896
-0.672824095388625,0.845365944968229,-1.54561312282709,0.325640647343002,0.987104806553752,-2.29009531308389,1.47111514694694,0.126954483658891,-0.554836799499678,0.982632083276053
-1.07193759435306,-0.848620421012728,0.0720037157348753,-0.780392014108051,2.02510518951331,-0.391254606394402,1.12711063732153,0.572672424735252,-0.201453744691191,2.00629303122381
0.112824935947976,-0.206490463279169,-1.47958788881722,-0.200005973642808,-0.803035101128692,0.441374063872879,0.313167159443637,0.639735298966644,0.0850072569660797,0.0946094280435594
0.485217690417568,-0.0676961583089838,1.09943106264248,0.749524424675361,-1.31692758755533,0.0435958325237556,0.00102858026341766,-0.215821833464274,-0.15875165755346,-0.556988945760466
1.78862603766641,0.574171679666902,-0.201366101285801,-0.691455426545438,-0.466614790868183,1.04766100130089,0.820550087921644,0.802162677095377,-0.0513553230072354,0.379230194039038
1.63907218611604,-0.563958474115564,-1.85159761983223,-0.623910779121091,0.903937753002409,-0.193832368185276,-1.63432985375375,-1.15704585648315,-1.50796119928478,0.757034259833203
0.674731959040219,-2.14047411772688,-0.693943454531827,0.801713903506771,-0.269888737574203,0.650235207035238,-0.991307265964416,1.2655709075734,1.13723481372366,0.137694431049399
-1.30550774594862,0.105525824290385,-0.18569319579543,0.649597305018217,-0.389771022097509,-0.944770184304336,1.12643317416928,1.76237971520482,-1.73965356888931,-0.160078734926973
-1.20741678256077,0.990028372427931,1.98936516756162,0.547061734238367,-0.651623102347812,-1.00671269315773,1.88414431564173,0.649220421717063,0.377745954708315,0.43097477822637
1.22188723209972,0.629779584803568,-0.315200423489911,-0.262095970915232,-0.407686418023635,-0.470300637368299,-1.20116459265176,0.0797843892638382,0.142607146655557,-1.44421957843813
-1.45088139834283,0.196795400268411,-2.37807148760767,0.310938072109955,2.33113098111959,0.0278549657921404,-0.528398292668616,-1.277077140024,-1.21289207470232,0.383600300614798
0.628700009772136,1.36147547631437,-0.634775100582861,1.53789296177438,-1.96003049856886,0.172962531820902,0.624563334216595,-1.97573429270203,-0.976671359901119,-0.622768124117226
-0.267381927871845,-1.01538088249603,-0.608524317910113,-0.607270243177663,0.726079314144122,-0.570866745599005,0.99313542268936,0.798395817536922,0.167621572264643,-0.295276735913408
-0.0984506568859666,-0.191750978309383,0.512015742089995,-1.54648328348048,0.413811552687943,-0.701597946824042,1.75188735267373,0.136338678221309,-0.686380359616487,0.709588024268465
0.0758716939486402,-0.353379180559251,0.0515232818959391,-0.0317270871533437,-2.16880794264132,1.36427867772959,1.58209768711417,0.112776895323156,-0.783263194520842,-0.916251168725527
-0.141017368589302,-0.428156009997487,0.226614975073804,-0.797780519683376,-0.915666479238928,-1.34925570707592,-1.04568665629674,0.308827547540167,0.454384132671213,0.227297890049449
0.0890952906404284,1.36607570839999,0.00293058649011554,-0.825052431380103,0.154566824365062,-0.100326266775351,-0.0130181267164121,0.290144256496722,0.285875637846324,-0.299637280610145
-1.48390879309273,0.0601335220545999,-1.26360249446401,-0.42518595097969,0.222800599411523,-0.0592779427604299,-1.29759988614475,-0.0969101310101346,-0.81582604224492,0.321328293783547
0.0462113330220528,0.468321702191533,-0.186049779798058,-0.34510608674556,0.595453856314231,0.267546734930424,-0.0133004059192494,-1.47111636705071,2.22865096376198,-0.476612486427077
-2.4083735253295,-0.932693376692705,-1.25684598359818,0.670693357650123,0.189009862192056,-0.386143467414284,0.127223334845907,-0.291484130249032,0.00787137964026722,0.606955502743191
-0.141844705860016,-0.402990579801137,0.109803025026403,1.2265115904489,1.2791827051534,-1.38315069501129,0.345978506331667,0.243989735920898,-0.352352518929701,-0.38151944380228
-0.0433605988622385,0.185820071580163,0.436402846247196,-0.706381055652911,1.42502414182362,0.0326304196842336,-1.11734117110507,-1.07202830980142,0.493458005566918,0.629012339128476
0.875246531462822,-0.775922040268445,0.447437549567732,-0.0281963959272672,-1.66166330865364,-1.22629421733209,0.995534289609475,-0.299810301197471,-0.276281724998258,-0.655012424871768
0.695325632506174,1.08579126109101,0.83546520193295,0.184252613114695,-0.386771412417375,-1.48811851639596,0.124357383709038,0.273315660478003,-0.264140545127706,0.249955836168776
0.233128160573862,-0.361998257839746,-0.390189068022637,-0.360305828145668,0.451887010841743,-0.42787585286845,0.245095218851218,1.35557658065348,-0.869036726585737,1.19404648108473
-1.04249110696116,-1.2874614904056,-2.01925850639023,0.242191302464083,1.4164450395161,0.713583797117352,0.740907261799434,0.137182806274937,0.164442244553771,-0.892314021523056
0.0606697600916815,0.635393687342912,-0.938872917991204,1.05590004593268,1.51910275442773,0.347740915212452,-0.831566330660929,-0.615012257730878,-0.496176448477776,-0.380112291164837
0.552930014931552,-2.45424789958337,-0.373795306235011,-0.469050405382178,0.949430440695081,-1.84950342565076,0.613228913964748,-1.27709666396335,-0.0177376892637318,0.241433246444581
1.55368852891067,-0.476986552377367,-1.15714173120503,-0.62556557098571,1.90543907136224,-0.405093084604228,0.333720797366298,-0.904174343130147,1.15914096036376,-1.23697755986691
-1.39284565537355,-1.14243829602573,0.159768398122835,1.42467420454281,0.701120989876011,0.545524694708937,-0.570608487062275,0.445761427597524,-0.621003868871772,0.16826126544032
-0.0432801885978227,-0.206806235982494,-1.19419226618603,1.25908620843169,-0.522792875927394,-0.438099450715196,-0.16189678752761,0.530602268386653,0.0560403929060442,0.825643248865553
0.824097511591105,-1.2215555299096,1.16917561962756,-0.903684453640158,-2.00459517227569,0.724496985393788,-0.205307627250808,-0.822390493621451,-2.92232911144641,0.03057812381853
-0.917491875348572,0.0662250323068958,0.0643023938478091,0.242465697190834,0.340467832411885,-1.8891768440002,-0.944668860264906,0.695527582260838,-2.06105598002179,1.8411643184567
-0.673176544065034,1.72109607032942,1.55515511778026,1.83279967602368,0.656596621234189,1.10373819933531,-0.532948648486812,0.0273640285948329,0.914625764173822,0.165237575109192
0.0863598571870081,-0.572864237399899,-1.26526554818355,-0.149914409073971,-0.0915360773165865,-0.246135416769299,2.16618958937716,1.41695999124282,-0.113519408192956,-0.243163559915541
0.720614129826753,0.360012653783752,0.387814447569215,-0.751323730099882,1.0887421668073,-0.280145312105983,2.08516196481161,-0.0470656444075345,-0.177146870782187,0.664182213642152
-1.40514691200335,-0.493291884965214,0.697611629886323,-0.0864424266286315,-0.488638387763826,-0.753484067727923,0.612874289243737,-0.557612311497777,0.933107050291394,2.7652368088643
-0.03892448299815,1.54511621706482,-0.864573237227741,0.920598094850684,0.638709920388538,-0.930874779373941,-0.484018310020433,-1.36096672140243,-1.07515632568581,0.839759042904589
0.673489392575718,0.488995389837405,-1.22515425967909,0.0618476729722663,0.411598743056707,-0.417084405523689,0.877189611910038,0.103871386816004,0.57719662493422,0.0896041391063944
-0.22158621424997,0.316940058452733,0.716562969841807,-0.141987325437083,-2.37668630413939,-1.08949674232552,-0.94905450875343,-1.96539026793558,-0.446956201011531,1.33190796452634
0.42646619300519,0.0732204475211653,-0.124754181771277,-0.313229606599084,-1.19369743211178,0.0413480084080377,0.138412522516562,-0.666553971869585,0.460559662169743,1.38684910181397
1.89831775145375,-1.17293661983528,-1.69691609188319,-0.29170550577029,-1.55402586545062,0.264256864367644,-0.0506340929016732,0.142827698633841,-1.03080896947451,-1.35255237211457
-0.204901032256716,0.136150300802947,1.03062460909133,0.622849406288916,-0.60048246934077,-1.26033036611405,0.17745870814403,-0.339366167553808,0.615368979108112,1.92494033546328
1.35796026699935,-0.466660664789305,-0.4789189178289,0.727988206456089,0.633325801244285,-1.57812803425833,1.77222992898252,0.569259785166964,0.950085764567486,0.468502783093284
1.65777619837682,-0.606092290830957,-1.10011539491553,-1.3964058858471,0.391043844447134,0.61488883438769,0.516365306974984,-0.100408994143063,-1.84078331380936,-0.3990442799942
1.0440833439113,0.0706511632993694,-0.960992030783958,-0.296899566820573,1.99887578915799,-0.423913343526209,-1.7602061505733,-2.39650157933171,-0.953814991782807,-0.46040963888535
0.933039895207548,0.212659887307681,-0.332350320779846,-0.54119588455182,-0.212287339626933,-0.345395802531607,0.154386826833024,0.365209240855204,0.494105183511095,1.08273951813683
-0.361253362186523,-1.21843915060321,-1.81809586193618,0.502252692569938,0.469332132261417,-0.14291255102396,-2.10480806195691,0.163439690419717,-0.973237776746211,-0.727944132244422
-0.308175928688296,0.388479287342245,0.681063383011643,1.03079340875963,-0.200921531658519,-0.605108562651573,-1.06545682492688,2.17257789953952,1.05437104940559,1.77758766458004
-0.810853059586426,0.0579003260883832,-1.31958187863844,-0.248287800902061,0.363873122732244,-1.39082925532055,1.55314530845273,1.6182240669424,1.33903685457053,-0.789458497661231
-0.82492544371143,-0.199596982263812,1.78687162753454,-1.01310174244883,-2.02305150122424,-0.478305623190341,0.371903996914856,0.272576055717093,2.88299163275382,-0.948393854247645
0.397103829716644,1.57182026044149,0.406340786058203,-0.109906710463928,-0.721564385995489,0.163986024766315,-0.437908369604499,-1.16506585439634,0.370565009865906,-0.230706559679108
1.29244267466694,0.358826218040358,1.09152911026967,-0.765662461438331,0.425294138370985,0.618359355658466,-0.00307323369605357,-0.500389179752319,-0.232855848239354,-0.299807375941188
-3.16402937572349,-0.140107368810067,1.78090871118542,-2.08543593829351,-0.323481781546661,0.52708315336985,-1.23458044561938,-0.841393269471249,0.289853851608633,-0.33399153983861
1.3918076629308,0.546635143757735,0.488830717886147,-0.173629842569698,0.357191262326912,1.12009409338933,-0.821720265382589,0.952712173593051,-0.432009834430472,-0.101648628784393
0.411637861511322,-1.60060550233141,-0.546807607161653,-2.48851226283175,-0.115271426203998,1.13416196801445,-1.96449605334155,0.608760724323784,-0.271350343954918,-0.0869061058408511
0.128758361268432,-0.305150170936459,0.0197568317409722,-0.154483140387056,-0.0292862604228552,0.0604193140450918,0.402798195362261,1.83461135234059,0.435705781393475,-2.77565545158948
1.18917790748114,0.330053100422531,-0.327381400444645,-1.02180391069027,-0.6387534648247,1.75089649358349,-0.22170056949049,0.830935703006073,1.13433569806386,0.753587457156557
1.46305455719079,0.309638985452436,0.178624784877176,0.787763721282302,0.102135573018741,0.694527548761937,-1.35245798363162,-0.421890594991181,-0.582903678347161,0.331278951210006
1.29632989015869,-0.137357145629015,-0.897682044998834,0.52031108699248,0.469066780552647,-0.73551299074671,0.149102413132036,-1.11711774799403,-0.4199315575324,-0.34402932667817
-0.224581050100949,-0.173373814304542,1.03712348446487,-0.624420796408565,-1.26034857744415,0.795862912423172,-0.23746921121548,1.32752619290447,-1.39091749076678,1.21569280768477
-0.454772912501291,1.59968752973368,-0.101992416909168,0.0288209116826675,0.955770086323892,-0.355651009503452,1.56542445214749,0.0322516112341241,1.07700993989757,-0.229503465182726
1.02244824536548,1.20371158187676,0.393961944450843,-0.3542841759041,0.391237853785153,-0.663249154254973,-1.23294019835233,0.079913245750223,0.977619508263502,0.475092163691888
-0.290569208066319,0.526513866291924,-0.966586184903814,1.20617675941242,1.17394231781463,-1.18867723613872,1.36537389568009,-0.79642558214603,-1.53545314133361,1.12493839219284
0.463238765534257,-0.46284308767601,-1.2596667921024,-1.18847879033476,0.0552797651930486,0.0759828488703352,0.722971701086107,-1.18672416806681,-0.586828842713904,1.36260011267332
2.96571900232866,-1.57500043481358,1.15668790980297,0.706498826281332,0.967930048765299,-1.94436920363498,0.56519244302207,-0.610479899577802,1.0833064452235,0.849849525960395
-1.46548616214893,0.463940722536516,-1.0202527031712,0.305276651285394,1.59244149768072,2.29475163221433,-0.23708185021413,-0.243866231213989,-1.35799073623498,0.213488672188882
-0.423194156929066,1.04096810778513,-0.556759727335113,-0.396264488644889,-0.0114469869517326,-0.326850889505337,-1.12518006074356,-0.924529062255032,-0.228220314288987,0.30369373354108
0.0558052357044434,1.40018879966851,1.24311795619584,-0.864957390012803,-1.19832172727458,0.616578744483821,0.243958859541063,0.178548174514421,-0.275228204710527,1.1818293952319
-0.880665676347723,0.106838874947618,0.857267028565595,-0.497802235369446,-1.00769897258224,0.39310141217006,0.17622013576547,-0.101365085318239,0.784162481057657,0.10265148971981
-0.879592151022418,0.656998528579688,0.804447659582978,-0.220658361706777,0.498465228719395,1.27977540580402,0.0926646393987194,0.503060846147441,-1.29170826848399,-1.02070749064332
-0.986591089082466,1.60854433753123,0.112101402157911,1.10704891939905,-0.346038824172308,-0.956503686321726,1.06727836975343,1.33557337238842,0.253338895022758,1.32375207820801
-0.378349013686979,-0.511188728243871,-0.0795220624532969,-1.05914278047047,-0.523406133449349,1.19995276716842,0.511240119881017,-0.0719134590040537,0.539034332123234,0.30015426490871
1.38588388995171,0.585073788324278,0.420272800322511,0.436554524733387,-1.46493860663824,-0.809753318891585,-1.32477214056814,0.0152636430016401,0.418589085663379,-0.824695713386641
0.511560060041436,0.911208177167776,-1.49568596134791,1.24418761161367,0.541997250603319,-0.615418868971962,-0.600512272885425,0.477223163741776,-1.71819106968561,1.76688341982392
0.106484447693833,-0.534228295324768,-0.262952210033789,-0.566182349992407,0.673818510378569,2.02226517586137,-0.472884897085378,0.319064488733151,-0.0764876654490759,0.411578418123098
1.95358425157907,-0.752369341629113,-0.579185056805948,0.270589989175494,-0.0675940338672754,-0.0568016471353791,-1.50839612837677,-0.740997302621703,0.496117454854689,-0.619423109485255
-0.0578500864184054,0.9563259179907,-0.650712135646423,0.684168172845223,1.46458117318029,2.99355005080566,-0.604054022276596,-0.617588586644332,-1.36427997034307,-0.782525270124155
-0.979566740615734,-0.597583712310003,0.58783760564477,2.940849848226,0.89076901195228,1.7384742184271,-0.641217976340023,1.30856556869127,-2.21717166033119,0.950919288367023
-0.879369257049369,0.654024806851133,0.011032955535661,1.43362868003085,-0.747939602748002,0.0222689045953637,-0.548343180197113,-0.331223087708114,-0.922003746856443,0.726023283035097
-1.38380279257815,0.97547633022355,1.62065318285935,0.309590595943711,-0.681612691271082,1.64640744215714,-0.0155862071560616,2.54352085779767,0.236128964097858,0.640367736247124
-1.09513537311601,1.20289456131553,0.554924068653329,0.0925551755471262,-1.67686885698801,0.469143418482096,1.46694689566572,-0.90612768970702,0.237647154559526,-0.984474888169987
-1.5727865643848,-0.460767458050337,-1.23193756260633,1.22290378460761,1.66672114808473,-1.49182345598168,0.942682897024163,-0.80737321864788,1.14264208062545,-1.34848334008145
0.384583360540992,-0.352222391644388,-0.251051242869692,-1.12805526858667,-1.85508791918011,-0.0514068750716363,0.56676399135667,0.430905880747126,0.465928885697574,-0.589969866731223
1.09440019195256,-2.00358841196375,-1.10415384442843,0.563371881411047,1.49825665610413,-1.52154044588682,-0.419384383879223,-3.90320359146849,0.382165812382927,-0.487676294393961
0.189203907451202,-1.06280060514424,-1.2753185915141,-1.83720197158801,-0.24436676035511,1.24953923268817,-1.49060854159843,1.29797538400046,1.44286912004802,1.0611944497617
0.242565561093776,-0.906880070090918,1.3003489878586,-1.07690209091466,-0.413764149324359,1.22617737158531,-1.00530290167964,1.28234472329042,-1.23885466517284,-1.29973645473219
1.00313182593903,0.641599500746621,1.47758615949951,-0.00839732917048023,-0.310011968344873,0.582967342049697,1.52735479749891,-0.0844993936170213,1.97748935126541,-0.821176211786642
0.257992095025445,0.677261149203047,-1.89967660314405,-1.64731578031791,-0.919896690979534,1.01288440728971,0.602233547245517,0.936293033355722,-0.618710252911666,0.102383512310029
-0.210390351818616,-1.42813554201666,0.406104157660124,1.31616066349245,0.830154212411513,-0.177869534358158,0.0108869310177415,1.73449049685468,1.55912694009032,1.84393649038326
1.32106986129213,-1.76478793638356,0.410758484054885,0.408720011241913,0.599874948571862,2.32098380051359,0.268349363375779,-1.05936456794936,-0.709718077362808,0.0633875992991463
1.24664340593775,1.24444553120615,0.329145217673858,-0.59238813515381,0.033233834717039,0.588422359352394,0.98690010517844,-1.06369193816253,-1.38052083404782,-1.71417337448377
2.01664041463978,-1.99381574225449,-0.561570467640663,1.39916530537527,-0.819490166970356,0.127469993340312,-0.933080308815796,0.568971126568168,0.110172735406612,-1.88663879861288
1.27232704490231,-0.265633029702537,1.34378852780404,0.341651659075669,0.142263382316175,1.54419977492803,-0.397834081341286,0.41510505691799,-0.224415175262623,1.28251299856317
-0.718463265850798,0.667353708722117,0.664819332976487,-0.0386202633727014,-0.593614311422695,-0.281796328099279,0.831506443296638,-0.889231151817407,-0.723773278828975,1.23700133254612
0.5337016395662,-0.270642477270133,0.949319578557012,1.13058311038644,0.0918151888415789,0.421159559831388,-1.35499640380325,0.744994250785338,-0.242385316771214,-0.573012460789079
-0.011682384927703,-0.626638566938996,-0.751220920794617,-0.0358896929942127,0.4567735604904,-0.733796609074698,0.0812139683458005,0.60521363172036,0.93934750971176,2.75590286180113
-1.00144912055266,0.569249538101693,-1.3082997336983,-1.19213661731431,-1.76601368339841,-0.0662475060575282,-1.55147464443919,0.441160724679276,0.0706199557484331,-0.743174934116552
0.0150407979317494,-0.0670609105355197,0.271200039350641,-0.0724843844692378,-0.270039760390474,-1.43709791785376,0.895751638054896,1.27657673079419,0.401167555936053,1.43909110193332
-0.607255490284851,-1.0238068198046,0.251931240444265,-0.745987224180959,-0.123112613274092,-0.196432232202816,1.26792476548167,-1.63531375538085,-0.548323881756083,1.16733253194246
0.748632990755945,1.46132320211268,-1.08221574118146,0.385582519378418,-0.964193538964873,1.01005946663731,0.633466321544088,0.514538461181412,-1.11141728634017,1.03091728127985
0.328669613312262,-1.0812966058509,-0.964087607671483,0.628832883180192,0.415789595564931,2.28736862625974,-0.221841992108507,0.76561494002952,0.993073316022955,0.509239406397444
-1.21786890527171,0.511015055667806,-0.932426932231212,-0.821888769518502,-0.629131511128772,-0.729210446869123,-0.191693308631226,0.00928024410480573,0.0370712574537101,0.738995472176918
-0.683128500057451,0.402672503666352,0.232024069993932,1.37288730523421,-0.876288455547184,0.457493061717809,0.547554549090448,-0.685005987253504,0.394111529995827,0.221409937892758
-0.380618768457288,1.6030478777583,-0.540799592555399,0.6911416681023,-0.628364157915192,-1.1371324510782,0.00742159534376878,0.30570812861575,-0.735649310372203,0.169052593726755
1.89335793809328,-1.32915954066856,0.442181700681407,0.377225941310506,-0.146322072066165,-0.942480794228328,0.177844754063954,-0.835601602326448,-1.18591755285399,-0.870890608469427
0.466633176390924,-0.702531429576418,-0.76969864008077,-0.202063020310477,-0.408330266795683,-0.375294109472507,0.176833946651077,-0.184479239366792,1.0830698899212,0.447112036696425
-0.645493313846978,0.0948371004503362,0.398953593139989,-1.01664957285743,2.80040828683394,0.312224117004665,0.671144136173027,-1.54410237283702,0.176784031432215,-0.947549737791949
0.370245042539175,-0.178943384993943,0.90500629405259,-0.871814258222722,1.03814615781159,1.49905839497544,0.222146128366771,0.411418515258511,-1.70821096502521,1.63862753624547
-0.509979236806821,-1.59173668420391,0.0998388454690104,1.01916257748092,0.793617083468718,-1.40205592489093,-1.06756117101518,-0.747681156939726,1.43919092829273,-0.676273396674041
-1.69920533994511,0.235673127291789,0.583405606059645,0.0352963590339882,0.283788516593492,1.13040667983577,1.20826239736446,-0.92921231097222,0.139805399829056,0.742487664451086
0.444633476052163,0.789488637413897,1.77320129779932,-0.697249697442472,1.85396407994216,-1.2144378865543,0.847033439952786,-0.00871709286834561,-2.35769162923677,0.871649471439672
1.25679886866357,-1.11425256693204,-1.76032235470166,0.609389721595975,-1.53182228815049,-0.896616412263903,-0.875248311890178,-0.31869785238618,-1.69565741980992,0.250540387287118
1.15185099520702,0.268382646123745,0.330904396031304,-2.26951053552805,-0.376180322316051,-0.552806739834734,-1.25764451078866,-0.104922669172758,1.75528503924834,-2.17790702567776
0.378530392016979,1.7069035503494,-1.22875355621348,-1.95022702081457,0.0324546828008645,0.752881793554019,1.49562138443975,0.626306926826315,-0.699563356109343,1.01928028536723
-0.934512322074389,1.38887172201587,0.478003694498566,-1.87657149424066,1.08743394560918,0.840323240123825,0.592534719317622,1.15433941654053,-0.435376134420058,-1.35609989819216
1.6255000623654,-0.656936251477892,-0.900201444139116,-0.700141909556942,1.02924150306751,-0.740954784987078,0.367934316113535,0.0859169085580665,0.536122090868261,-0.0159996016591089
0.71872525384533,-1.3752574285981,-1.6833499107055,-0.52426309480995,-0.139414862556275,-0.777580106966699,0.767464140296306,1.73794443209641,-0.500725310276615,-0.739029623182256
-0.286037961311602,0.91039615458764,-0.954232597375126,-0.564117781844799,-0.485556101443457,-0.08251314810063,0.325023815674185,-0.26170034803913,-0.756669325925568,0.771453078419238
1.10187558825865,0.525573110878098,0.472312206806436,0.233111962613589,0.443128306043346,2.30111004412584,-1.64388896068727,-0.0347452429378507,0.517773118273837,0.809284641634282
-0.00859583554937438,0.104628477358317,-0.868775770843827,0.116569266117909,0.298486383972512,-0.936315026301777,0.364426350691973,-0.982216092263803,-1.89663792832678,1.34660637887813
-0.303841120937247,-1.90739977643883,-0.0109704732127376,-0.305334132361774,1.2770200797689,-0.986539424713779,-0.717567129128652,0.0663377518633032,0.884348907398884,0.649179302978905
0.194157443006472,-0.511113122391739,0.383822003409554,-1.89482778507529,0.432327061476005,-0.789123058231676,1.0495833656961,0.857998418601056,0.434847286047581,0.517347459372728
-0.679412805901764,1.48880816902642,0.97016893435208,1.29823742145517,-1.80097395776854,1.33602944777444,-0.217555523388552,0.603255075183501,0.141570550872515,1.22761252437286
0.684981457568761,0.0606300293864771,0.542832662726529,0.226382461998536,2.17793983532838,1.26475048874649,0.53030378730976,-0.779035204715201,0.39135163930616,-0.535519941726714
-0.203175774838318,-0.681478161383696,-1.64088141893643,1.88943182547655,1.73458990272928,0.62921702896331,-0.710446891274551,0.03901157483928,-0.886974476338263,0.569685967783115
-0.653213344515424,-0.0203855789168251,-0.348259792781467,0.79974039863047,0.82740026321855,1.1936975064814,-1.09687764666061,-0.0873874238092044,0.519448206339308,0.464595767225264
2.57314850196531,-2.39555180553848,0.962057345721353,-1.72639310800775,0.069849836171417,-1.04763228972717,-1.18247626777195,-1.19613082881476,-0.583483896460014,-0.118049583549435
1.3885177187979,0.260399664217826,-3.1445133400081,0.192076087608995,-0.39159935371993,0.684680029885694,0.106107678561944,0.770620322343193,0.320385808942045,-1.41870846683128
0.951459574236037,0.568283320598709,1.88971273487679,-1.33706693245371,-0.0142282949023788,-0.235013098208685,0.0978103908587884,1.37955144081002,-0.312990151241662,-0.700677198469171
1.29411839194234,-0.541697261511833,0.29785784206212,-0.129178723220403,2.07490290083697,-0.843967131115233,1.29640909640508,-1.47907573483611,2.30611201816016,-0.598415683407825
0.544943287209019,-2.16523065025738,-0.70422712078119,-2.49533756198315,-0.459373379480642,-0.284681759715498,0.90089380399151,-0.75574393203529,1.40284173177265,0.158970872353786
0.445686422725196,-1.9752348858827,-1.1477868900215,1.47911922813427,-0.657147887776786,-0.873920455637961,-0.613898823393513,-1.02624830256294,-0.958859558486797,-0.0343278642505708
1.82585824220912,-2.95528567935893,-0.639986787265953,0.096747616963813,0.84458466739338,2.20599520133498,1.62759099499388,-0.125366276806023,0.535999092589685,-0.0657163261126946
-0.383116748168359,-0.256455094772855,0.226119672284574,0.734878543660374,0.285129223644265,-0.631452838156567,0.655836305109625,2.47026433089494,-1.97407523920889,0.0527164115627386
0.988728671037491,-2.22263923683514,1.12570011818137,-0.00617481489142021,1.00295495117144,0.503793839223031,1.57766252989766,0.658005283310042,-0.949013524420196,-1.14846629957543
-0.475400011237605,0.0408381050119283,0.563292300724463,0.75335338818113,-0.0320820090464813,2.06616006537603,0.820038503309792,-0.997648091923955,0.371341194895727,0.506608162412057
0.726230219564806,0.317620082468836,-2.01110382761383,-0.780810420209942,2.07886014405483,-1.50657998349241,-0.792389625959766,-0.775975377220156,-1.68662855031926,1.19724818861438
1.20714454884177,0.136442605263814,1.67084987857345,-2.09361175716643,-0.638994195210144,1.41047523073193,0.188134254276188,0.0175632290637817,0.118662273387576,1.2086803704999
-0.660879323617134,0.191041883516358,0.649060076192125,0.0645712182392212,2.67237216103435,-1.54660477687764,0.158205103588101,-0.945785491255637,-0.656508315557525,-1.93073694880377
-1.42812384672891,2.17158563870243,0.248659214794474,-0.988953142432517,0.286017826341293,0.72392349755192,0.304148766186262,1.42228536490559,-2.35266366966533,0.956803668427838
-1.10954016297324,-1.22772701740271,1.10516111890704,1.26892386586762,-2.120959905432,-0.0687113650983106,0.301729815454671,0.777305600292355,-0.225898760470779,-0.787635659153357
-0.000120608725787212,0.700057072995431,-0.008387657637762,-1.53083359138217,0.526446993610201,1.9497757469924,1.46293510563722,-2.15192141165813,0.999921444500912,-0.334457702151482
-0.385515743173829,-1.20661288224919,0.0419968369892354,0.980428311229344,0.401237994525147,-0.0624903119389435,0.158971999660765,0.864398472021161,0.863410001970589,1.07623020901927
-0.0422859653871673,-0.500893689879417,-1.44879494144777,0.656139838368591,-0.738572168882245,-1.24778081005779,0.263874801924438,-0.0518475768157386,-0.115171526556943,0.220488811559637
2.08412390056903,-0.00569884111413171,0.626457407622565,-1.04979808505639,-0.69552949441552,-1.19091875452341,1.13742186489706,-0.217752581017764,-0.215067191197339,-0.0844274059491105
0.12786056583473,-2.24309835607258,-0.478701354813682,-1.39343818557432,-1.61299901700981,-0.573110685410918,-0.61858517525662,-0.329621273718496,-0.431200902946141,1.37018071245206
2.2880397642045,-0.462766844825147,-1.21514688552132,-1.16407553161995,-0.985278610307708,1.11519982576047,-1.12782295767468,2.12307775677167,1.90760019297234,-1.41677001614505
-0.146510154349222,-1.33076004839719,-0.793976031049089,1.50019350258588,1.69518796579224,-0.901770696395983,1.14701421208236,-1.5197041226838,2.0111875766425,0.494810047575179
1.8655360342703,-1.06912888701932,-0.202298702284333,0.763420398170773,-0.671193711659371,0.894930022158419,0.345434530958122,0.767937786195589,-0.183427494530465,-1.66378199283355
-0.671511982110395,0.75315602692332,0.409413362740267,0.672435000038333,0.151218476717002,1.30440000231973,0.143045508298402,0.0177821070056442,-0.43270423856923,0.946872175579114
-1.52826534877564,0.522836043513199,0.88734248987007,1.15614125425044,-1.44424877005643,0.767960865330763,0.48141991578505,1.10633403929597,-0.219909731350195,0.863164357576614
-2.09479574866243,1.62822514720878,1.98222136657729,1.40998621856205,-0.0461599975065604,-0.299637152642952,0.540096743734804,-0.464390801225434,-0.89071767568315,0.152812564941587
0.685020264791675,0.0141892963955092,-0.647294631267666,-0.429229953391674,0.661119726797015,-1.64053791561474,-1.21940759715795,-0.979942399173678,-0.943381948537046,-0.297122551034462
1.20986486868556,-0.337511444904509,-1.32129522730713,-1.24905694401603,0.718105743011399,-1.43828127826747,0.341021157515488,0.202259671412978,0.367875916733373,-0.0054353110273886
1.1248578707099,0.427019473790949,-1.3980569218734,-0.370522367811547,0.398037244704625,-1.3923201716252,-1.39751871008303,1.78378305366458,-0.555360198454152,-0.648947822785725
-1.1084326065057,1.38234711621666,-0.247416871423255,-0.656851887861935,0.540424471566355,-1.79279470086557,1.57415687772799,-0.55629230983453,2.07628370135654,0.761898299566108
-0.580226777327614,-1.50056594406376,2.2802070311007,-1.33790163503656,0.472078662533409,-0.133515873448337,0.748506241307204,1.16963974704638,-0.0992295036861976,0.106323293604265
1.01161240570587,0.19094033810383,-0.91420182505135,-1.09693836438044,0.0804515397367611,0.478477624624931,1.685419516526,1.31120433484783,1.05641871033516,-1.08651512644782
0.6584137698396,-0.0525507107592222,-1.08068402318408,-1.2849765839303,-0.849119730793217,-0.0323310651924695,-0.503235574742048,-0.337439219794981,-2.0128826663294,-0.953912421955115
0.243450448284987,0.747929061125563,0.20969175194194,2.33257999197001,-1.31314063744512,0.788048354302246,-0.503494270796054,1.9572034180242,0.742028514556413,-0.138368683006162
-0.409958630655854,-1.27046005786477,0.747752494769946,-1.58900538695051,0.16124297367819,0.457613463828467,0.0669672246131743,0.709651894024242,0.515762401942213,-0.226513033560003
1.11510622123403,0.0786676659026915,0.31550760977814,-1.12419985352835,-0.315848635866449,-0.647825230043383,-0.411621841076578,0.110549120940377,-0.402340957723951,0.212055929440338
1.06697806394682,0.59478553374029,-0.0126960386104088,0.41895735823962,0.181210472199216,1.30354675407937,-0.385432766835194,0.245058053440792,1.00522782015458,0.23094995953517
1.36960193094292,0.889313720966149,-1.66931083675622,0.265110902879563,0.715158748166721,0.496778050457365,1.22377586812419,0.0936250212094145,0.458053257032934,-0.755611234640328
-1.30657085559174,-0.93665214345752,-0.130297505763574,-0.13217568221049,0.901276654181258,1.28529315734325,-2.05259083551357,0.296738150911474,-1.72809980916706,2.20405075273623
-1.12077576992736,-0.131744162762157,0.379714871430879,0.822373724366222,-0.0819239349400803,-0.126578404415389,0.367934960671133,1.0713908852144,-0.721962478271455,1.13467300735768
0.495482230230455,-2.65252611396303,-1.77169482544484,2.00666629733205,1.85835773496353,-0.0181282036754331,-1.66096475479526,-1.13902491057944,0.0067263582262842,-1.57016924634185
-1.25683356172528,-0.0291262086166738,0.646825834726763,1.05187773289751,0.233665367327232,-1.53882162432359,0.874584908963475,0.00793049213836692,0.918166779573807,-2.03603235800048
-0.44564831150295,-2.02769925623098,-0.562399587600618,-0.591563872123285,0.553165553567458,1.9343558491846,-0.704628453707686,0.511645262733047,0.650016325939758,-1.41921336712705
1.11333867555797,-1.48077550417977,-0.680299223690049,-3.38298934037856,1.24125044414055,-0.0575689276998685,-0.390958380760766,1.3054530405731,2.63266713950391,0.317290427646518
-0.369941982258601,0.117720671495801,0.111505610042721,-1.00572426854163,0.385517955047235,-0.178651958274133,0.539003839241282,1.59087216919996,0.0891993277700971,-0.376442127846955
0.131786797597201,0.197320653064862,-0.966744974341905,1.059767098446,0.492894587858727,0.990375239706359,-0.905489499722054,-0.281819233345023,-0.640519411312839,0.655368996424277
-0.795443067284625,0.915717833299429,0.21564758648784,0.0715105253663771,-0.371804731949027,-0.564110581941118,-1.09809401786011,-0.473586151666589,2.43696506411549,-0.0240093871605968
1.59616996805424,0.495362494888583,0.808597875952184,0.596200974222275,1.0188010949024,-1.53795652868547,-1.44331510624855,1.63126832188843,-0.258231107208223,0.234485541186594
-1.19745196454958,-0.79632652008522,-0.828314063195939,-0.693613472838173,0.10925401965705,0.912270508472365,-0.500687729266846,-0.456728037054864,0.963256175609275,0.884684161100434
-0.306364809336867,0.522518089210956,1.11040359561644,0.714095896692473,-1.39172789916908,-1.40965945076158,0.779113026068568,2.82488307668804,-0.724455323705162,1.01659746646361
0.482810818745984,0.382484308121347,0.463608998096823,-0.521418890242212,-0.440345703829663,0.717145948620664,1.10003763461652,0.0579938883337114,-0.355304105600451,-0.741505026085225
-2.19178921682927,0.482615159210581,0.998999155004291,0.102015490945159,-1.81125895912984,-0.239622376862493,-1.90106563316884,0.950152260769104,0.423745145759644,-2.1812084068797
0.450440956992385,-0.542555419667242,-1.41019736413229,0.167857139384805,0.721475876526488,-0.448209256165568,1.32573743064951,1.39310387167489,-2.09766901229846,0.612473836449193
0.462040535500717,-0.219924310226508,-1.02743640297884,0.225037863666132,0.928359977562211,0.884528321011868,0.628375407835739,0.977558439586797,2.46181434452139,-0.346919590518742
-1.96253177939183,0.922915741577769,0.299243655121084,-0.869396589145174,0.0579269437809239,-1.08632967124624,0.640073860886935,1.13066643679125,1.10018444594218,-0.379407791845691
0.346746855661095,-0.959290479150301,0.0786525785042456,-0.610345911100893,-0.138318544606517,0.52281001623465,-0.695798959614521,0.658156600469762,-0.530394558781081,0.162728695120005
0.128737586986179,2.92826322688786,1.92672724292168,-0.534506176174727,-0.33789808182426,0.956214908552732,-0.0160632946503974,-0.229114649658651,0.00452304016788528,-1.28510769603312
-0.93066052497325,-1.22404494178447,-0.675617250065441,0.313780417183669,0.678357786918297,0.349050982192342,-0.0356759205117184,0.314524058358795,-0.0862809124353546,-0.0136054182343441
0.0835152439487414,-1.34386096131395,-0.474879058351993,-1.59819145822061,0.127277432548073,0.745422984888212,-0.0217273260684297,-1.25150074554556,0.883544013152491,0.411045793095058
0.0110815008090711,0.205900005085837,-1.16103517539348,-0.553758020143251,-1.4737284313684,0.0851119707652626,-0.398559644573638,-0.226115211206554,-1.64611009689835,1.47938301258141
-1.52318979662093,-1.38248277577051,0.895683612590099,0.568721107801859,0.329282676683322,-0.446892035499115,0.562907801498,0.553394515196379,-0.205202828068744,0.221338421887543
-0.84089430491275,0.85271337208719,-1.33712490896999,-1.14428659130736,-1.38677689072654,1.35034568322143,1.42679707407488,0.908663990172809,0.420139548313842,-1.44488828603476
0.513714155842493,-0.699250138976841,0.0638065583654146,-1.26563342605304,-1.04092373092491,1.26604686763864,-1.57555073758919,-0.2213012414106,1.11542086262269,-1.66521803446746
-0.772243917408646,-3.14445331276355,0.444212308731571,-0.860932859247781,-0.0111604162820066,1.40282156101441,-0.263267003340835,0.433096083451656,1.14496104021553,0.0935977005533156
0.798193095570335,-1.26806611520348,0.95621829130216,-1.02914287788439,-1.35344966257436,1.26639989206737,1.23526118305633,1.0212226569372,0.673232649502114,-1.12574363699665
-0.367047681354316,0.124062879963974,1.96945998129626,-1.43961249368814,0.999509290998731,0.79593035193867,-0.873809445840844,0.527779154783703,0.524394799045026,-0.762914803442844
-0.625411241725457,-0.20865121656144,-0.634963715952774,0.368105429791249,-0.15045025092003,0.554858845686466,-0.146226619677751,0.0886752492882468,-0.133739663951646,0.988759488172414
0.0412930292151856,-0.717780859673687,-1.34832266417772,-1.17649255630652,-0.429699558132085,-0.903621051806875,-0.0532418667093797,-0.646660545287046,-0.478422993679043,-1.52453079915371
0.879576585563745,0.382314041816024,0.43458555533736,-0.976545635228868,1.56813501306757,1.10019882641646,0.213682761548824,1.03125916584562,0.145682721250306,-1.10057688592011
0.924446509694605,-0.2916717660797,-1.04256001127897,-1.05201278752671,0.878878077119531,0.247141153451117,-1.28554572324839,0.237351688117056,-0.0803425424350084,0.881312620411847
-1.64534982367121,-0.342574095441339,0.396055601969535,0.182667658314312,0.292662548767671,-1.73445555993849,2.42723939149491,0.016717810107617,-1.56974311111776,1.25413456930426
0.991883720538524,-0.771491393544051,-0.308244484950248,0.402865258347556,-0.143802434248866,2.18728964101372,-0.771131327613854,-0.606145755930158,1.87848782718719,0.0915562305932156
-0.172476936924982,0.280874679550598,-2.03733514246919,0.656326176589542,-0.627591636977964,1.25361994449334,-1.90024467507751,-0.122283683099193,0.257227888321398,-0.459698905794936
-1.95267087169537,2.057021509062,0.799880791667754,-0.0956027862108124,-1.39978726531441,1.67903131744231,2.09868314194303,0.729522019237803,-0.603885789865147,1.63910780441878
1.64219819401734,-1.23185692426209,0.39532686530675,-0.111747452135101,0.367611777937453,1.42144888511729,-0.490304882485467,-0.177962047684133,2.03222802523108,-0.633486826003439
-0.597798158994358,1.33973282900372,0.432082572269002,1.71392069625468,-0.949482777967814,-0.743744438872619,0.621854307482103,1.19603388343405,-0.42041305717159,1.87882584901222
0.648378917811891,0.408592614478347,-1.35652964947149,1.61510049367249,0.860429479081505,0.435819478376706,-1.1011912971185,-0.399992366501298,-0.633834485396907,-0.421211878521884
0.759092838856038,1.13926758979212,-0.0783071058771767,1.48258182182562,2.27175589324856,0.864747427025691,1.62638149372802,-1.20545022326063,0.793899271689509,-0.134674728429786
-2.24912216404636,1.37423289366284,1.74611752360414,-0.124676834227069,-0.967947987634212,-0.0184496618534737,0.520870711604608,0.0914690085900407,0.344390412456573,-0.168589535880613
-0.166622270525557,-1.11019036722983,-0.768814609444865,1.02103111815694,0.298933157389948,1.01094873869854,-1.20086122225006,1.63766787075853,1.20184488389317,1.21982571947533
-0.578456188287149,1.15222325566091,-1.62774867091905,0.135483696370958,-0.086882384127367,-0.647334857495544,1.46315688109631,0.888975750574975,0.840595927445926,0.247345514902729
-2.63099819951143,-0.340141757867618,1.59586120000235,-1.23944266560604,-2.40975837957025,0.309729871726355,-0.656087667088022,0.461613508548526,0.765000485693416,0.48790278162782
-0.137490789373458,1.05035861923178,-2.53011193099284,1.45792859045639,-0.155289486182743,-0.319854951677449,0.84040484414955,-2.05650258022294,0.375182978331079,1.18313317317805
-0.058468740261232,0.562301249668335,-0.232772056509839,1.2021391124836,-0.38616581982605,-0.836797024530892,0.855169503322688,-0.211253213236194,-0.31765221733198,-0.381867175339181
1.63427150721653,-2.63097692666883,-0.147122899866888,-1.21646454133035,-0.889307526550484,-1.804727411745,1.14853209238364,1.23301405263615,0.362271939324967,0.339547263993607
-0.772578635547398,0.509762844416151,-0.120221949061231,0.260670889507477,-0.224983023239934,-1.02273205656074,-0.0635189636703402,-0.650619986405545,-0.011674497016919,-1.6743408481429
-0.226743480685692,0.20968837893169,-0.803754056894436,-0.60413475966901,-1.20054244670266,0.010887989440908,-0.117564914298691,0.878293148270665,-0.0127163020584289,-0.128371285013073
1.16305192062053,0.560666455151278,-1.13974899145131,-0.396821709826074,0.399161721831099,0.383668439489451,-0.820095844412481,-0.5525683976848,-1.1243638877221,-2.42668811748848
0.611791145901689,-0.884955064204287,1.7006616075138,-0.816381868701003,-0.50401107022899,-0.799067255244032,-0.145596561565791,0.263987639180083,-0.439569054437111,-0.216137292600961
0.286178493490992,0.649863133552373,-1.36266292955403,-0.22492687946272,-0.580016886174631,1.83092256699046,-1.1190156887311,0.28481650041763,-0.0187979960608539,-1.39575065339553
1.14780632951099,-0.420705262911052,-1.17456505427874,-0.186455097151982,-0.21106050432848,-1.17103591672971,-1.00738860263642,1.57565894064158,-1.61376408806,-1.34218466842551
0.75907957991293,0.40244210338551,0.818209372728705,-0.492455834662758,-0.889976004265889,-0.380797164586808,0.200137830042045,-0.595154562074257,0.551044970639436,0.0017343449275923
-1.62584364044483,0.622738979928135,1.17433696554766,1.48164662732065,0.914305115485457,-1.23479157360514,-0.881164138673391,-0.930969647446308,1.19354329896017,-0.846937579887812
-0.742858827979003,0.50573371947153,-0.069582261897734,-2.02912969993529,-0.521477387237877,0.340813669015914,0.532480025859871,1.27616889949341,-1.0517420562684,2.06671237828323
0.362242821057836,0.279646755609727,-1.26124606014976,-0.444354778770345,0.989053466046933,-0.362779604399616,-0.0678412699263227,0.588597059265767,1.65297909370251,1.39412149911636
0.466557614359274,0.202272176794838,0.437321130903782,0.630575375239566,0.143933161423336,-0.837694813168158,-0.962171181918356,-1.03914015904014,0.676574055771109,-0.581179401459208
0.306632500875692,-1.45406179508183,0.426876065366028,-0.838178113652651,-0.909801066966635,0.468771856041566,-0.589228583002032,0.832845436472354,1.03366495807655,-0.395140661492037
-0.747673993569616,1.28647684577012,0.592131385476138,-0.112202695471921,-0.986820483379876,1.29004466083874,-1.05894672616132,0.228346097868662,-0.495988330573371,0.34881365935913
-0.317672213305343,-1.23421730832029,0.865330740799741,-0.0657464762550011,1.0770027394265,1.05551372590824,-1.18921929009416,-1.71897356653304,-1.02318673340226,0.242743791458711
1.01023154299876,0.780489197784215,-0.154446427521781,-0.964287532836888,-0.119204541881225,1.28114914142124,-0.617637600007556,-0.758611350916467,0.299564831566821,1.62918615281596
0.198817553984028,0.830921984250697,0.735882102818722,-1.06411745221545,-1.81278853445657,-0.395473793576373,-2.62881921708136,-0.776410854198633,1.31752909892094,0.71676128764845
-1.09795970499076,1.20848299505542,0.868991913955872,-0.821440223407906,-0.940639316829481,-0.607920472894154,0.680879624237535,-0.273172734367315,-1.4917544069531,-1.68712403464474
-1.35841372921104,0.447406701758001,0.100777159604339,1.69626414466475,-0.49016237992836,0.281166252273867,0.262818280076643,0.848066125874408,-0.189022222788016,-0.490186193279164
1.30430052339465,0.569692563137805,-2.63301770425033,0.239634680036092,1.82630870715318,-0.277497222527177,-0.970562305028289,-0.586725322675559,-0.645483802558974,-1.71130602830235
-0.252987118895822,0.503717941922973,-0.00647221133024262,-0.131295430713754,-1.07466729787956,0.817064738494131,0.207449184826905,0.517265815532664,-1.32233922559593,-1.53876693759876
-0.775136982736835,0.849424556621189,0.985763145011706,1.64166309517043,0.79731868568208,-0.120250874573278,-1.29046433867399,-1.14098211488119,3.4252113836431,-0.590660435249608
1.06427732383967,0.967368605566814,-0.456592127688275,-0.771089677969218,1.19204198777572,0.611686521306687,0.718478906981009,-1.02355475431331,-0.0832548306920029,0.404476127365844
-0.799823536445544,0.521060893329717,1.25775103052904,-1.43537043561055,1.020467437616,0.94778423254771,-0.561602013893661,0.5426167647543,-1.88759681008438,-0.422194325130565
0.668109944989113,1.883266283559,-1.31620731597978,-0.812885642294541,0.865904702415549,1.72143249700008,-0.563021626488589,-1.45421162503825,0.43922328162028,0.243957394098402
-2.08762519495775,0.300184515744839,0.169983156539399,0.492158518092499,0.48770182721789,-0.232936031842907,-1.05319131818668,-1.15749801497099,1.166886519095,0.687044657495651
-0.464514664062227,1.00347403608264,-1.9300348411832,1.51420229575278,-1.42410518862153,-0.425029815687829,-0.0320843065806636,-0.0560946675392794,0.846251423815218,0.843593769317538
0.378112662037787,-1.42767243579855,-0.56160122791553,-1.13980951350642,-1.28699775481669,-2.88472250784069,-0.340612587259395,-1.46901285864928,0.417038171409273,1.63400441069014
1.31830548704103,-0.599534439936184,-1.14978969114555,0.532359709438291,0.107525477115133,1.0027724554374,-0.0613594564394375,-0.828427700342743,0.244091963897064,-0.0997961888033701
-0.402373005380421,-2.10835547112735,-0.216457635178595,-1.61009521501818,0.406519056310589,1.0545615124479,1.75793749668484,0.735205524348794,-0.571270253406003,-0.516097684121273
1.31960186374713,0.310328738390092,0.109329782458293,-0.066070210326718,1.08677389195898,0.656753514801843,0.711054970746035,0.360499851645402,1.35620043734805,-0.281586618008697
-0.61145346219107,-0.674776239370737,-0.274227652576066,-1.04452468377103,1.10206457140592,1.10331576223333,0.375120308081598,-0.568463648894155,1.30491554078762,-0.615475978997167
-0.149779041120194,-0.776595422512678,0.775947192997927,0.739925101677734,-0.0962531300683484,1.14783057919328,-1.02289707303824,-0.274267165453927,0.412405437241175,-1.46010928067791
0.611182034032235,0.0154297038472772,0.288408122067047,1.14609305462394,1.04772241079608,-0.293571514454412,-0.904811380890148,0.86483625900947,1.26885650325416,-2.07204140333479
1.93191470863278,-0.43447601599041,-2.3714395198338,-0.20154735312927,-0.254267737028855,1.2421481239939,0.543387190751314,-0.191801026408055,-0.822216757276631,0.603251679624094
-0.164901246151981,-0.191719919690734,-1.51930730384802,-1.40523861409271,1.85818997136631,1.43671409550844,0.866062668863642,0.536315355777502,-0.569694065892357,-1.59532185594937
0.388767264728316,0.236786686951444,0.681418473256441,-1.16244331159856,0.185099107030065,0.790788664778932,0.794772860682338,-1.50211369476412,0.609500226715096,-0.30026891088519
0.799870585511874,-0.437621607393705,-0.0594698608289847,0.931851198782776,-0.634198144429512,1.22701692361778,0.960933629333966,0.850949473647912,1.00502238370075,-0.949686560155335
-0.879848522918324,-0.318783307818793,0.154021509283722,1.07572289988338,0.00791114499293022,0.406185630979388,-0.902735354708805,-0.00505642191130838,-0.63506869100474,-0.754766357179017
1.5355061029598,-1.93654402730851,-2.1127223671246,1.47579874467199,1.43308160439114,1.48548314112747,0.33872381639179,-1.01045909819525,-0.455080568915752,-0.0527345419392393
2.10290658160144,-0.98954178611806,-1.79890493697499,1.99911810626262,0.545330661808435,-0.299952004750552,0.236443140281219,0.296839094266836,0.0987113546720594,-1.2989599716363
-0.270568598674513,0.0247199299487659,1.65805514941079,-0.0933630714610781,-2.12054830215633,-0.741714613696187,-0.884839314240894,-0.363266109111903,2.04778964137643,0.5180549860653
-0.218795593980362,-0.555715423975166,-1.56157215740516,-0.677179595349642,-0.76935907059177,-0.519046178146973,0.648336800969796,0.692927412199665,1.73017764637602,-0.192957209816465
1.68494334547188,0.769980106393614,-0.34816619139544,2.25948306376173,-0.333491338699632,1.06107163921494,-1.13891853798074,-0.0554895788649806,2.64428679916132,-0.878300333217955
1.35930167152536,-0.603488164325353,0.373427316811257,-1.26972744208855,1.25637898651301,1.18970836934886,0.25030138956815,-0.392976825972035,0.147132706765955,-0.214466719008461
0.831183905530597,2.28677719353411,-1.03630140270672,2.57798389223207,0.384120740419258,-1.09154623578717,0.624222559907725,0.150441510018736,0.57297729291092,0.878337405728923
1.58373869855859,0.414989069157631,-0.857684337838171,0.614595855617021,-0.667133026146808,-0.82619124854184,-0.514759254771773,-0.388446395421068,0.474440296187562,0.397553069001772
2.13800431505192,-0.692240571148561,-0.983817316633644,0.350706228309349,0.281006626529916,-0.73442893516526,-1.22783267571191,2.15786274553799,0.935933801307804,-1.63549862857645
0.980477189269693,-0.637715423387537,0.688584350486384,0.468765807393055,0.97841690707331,0.185253035247296,1.63742277961965,-0.348010807486972,-0.281321621718619,-0.479889672594757
-0.577508181708244,0.450124355300596,-0.999816282256328,0.310368899451719,-0.31101734346817,-1.28072098045613,-1.61851767599518,-0.367761967760552,0.167319092031093,-0.23260219128672
-0.375732940615927,0.336392902746093,1.0550095270104,-0.28883422146035,0.428249324761685,0.795554692203557,0.250058199288946,0.40809133069165,1.13805559380227,1.45089683435312
1.10547625057268,-0.305333130727142,-0.00152742231378674,0.352308794366816,1.28170331593226,0.889150592177448,-1.55221998630409,-0.425464370744166,-0.522354746612596,2.20687015763385
-1.66758380088246,0.669365196200612,-0.0912295119946978,-0.481422145584803,0.810542058275863,-0.205793666657898,0.588590314698874,0.33311818341719,-0.261616182905429,2.96775050425724
-0.214973565101528,-0.588905484722306,-0.81415064762497,0.877522966324769,0.713606079451861,0.714718522213392,-0.866770041768149,0.377606485872984,-1.08622372417075,-0.0869966220649018
-0.0044756691370263,-0.465281201040076,0.610620837947934,-0.494996293293239,1.16646760231664,1.21603348547328,-1.770879575426,-0.273185731100605,-0.0609275977434413,0.329930270435727
-1.90669693566742,0.301150520449075,-0.11023905250029,-1.53397760786533,-0.0681295555479152,-0.768192726741337,0.686310118486228,0.15475562967773,-0.109410950158025,0.0508653104287769
-1.48151542409624,0.339892508971138,-0.707320953202369,0.698238357280658,2.22002313474662,0.468445961095339,0.993890326173144,0.00060194440014996,0.928549390473367,0.266942427360388
0.0109962919405813,1.54972298522631,-1.03022911825854,-0.301679218191245,-0.405277292916732,1.97597013838367,-0.515743560599818,0.723466776984112,-0.797947055773712,0.751838530729738
0.691173061620346,0.0255732664260295,-0.189528793233988,-0.68109359401742,0.467544050644853,1.34975981557507,0.0735009746734434,-0.945044412855881,-1.51706074275352,0.875654159287952
-0.501305701667637,1.56575576311104,0.93913891310773,1.36327742903236,-1.24550206603334,0.318708244220562,-0.620415194300907,-0.381981840283044,2.29283937891906,-0.37246329060156
1.76669410296559,0.121735734668723,-1.17443256127642,-0.318519096674134,-0.728332794766947,0.638761583736581,0.359499397605909,-1.1150177849415,-0.390046114919666,0.375611576202612
0.533895054336267,-2.02328200847034,-0.794530268152988,-0.512328931662332,-0.30200451900944,1.09533161758285,0.301568613310967,-1.84829337821431,3.48481775617412,-0.388076985067209
-0.329686543531109,-0.709611350274125,0.882521449397746,0.52323729963625,-0.337840377951362,0.641227437721121,-0.99324700488652,-0.947465556496162,-0.184170418912255,-0.428376147393087
-0.968679741160757,0.0756898252568657,1.01916650441029,-0.152236608173275,-1.63164577544997,0.892759147494155,-1.79549386067991,1.57205280158396,0.920300161266788,-0.475276978395587
0.86994660320775,-0.713299385073375,-0.181850229992856,-0.261997148648914,0.885586455324075,-0.966467162221141,-0.484903321737237,-0.586036330170047,-0.584892340719571,1.26291195357137
-2.41921550388155,1.37381616072659,-0.715232569739972,0.178922223267809,-0.531527245486523,0.440429516023734,1.01683851416205,1.06901045853367,-0.861391979338962,-1.00304920682249
-0.571635326879605,1.49001737702494,1.15935678165131,-0.51118507599842,0.632370454560184,0.249576288898651,0.642138188339956,0.815584286617824,-1.51199465076215,-1.36699065361585
0.0458271426431111,0.112973407639355,1.34779287342622,-0.97881133910409,-0.778650095871452,0.558357281226527,-1.49937805022037,1.49065244641789,1.69985792186976,2.29407493074551
-0.0135036118843597,0.314732394163992,2.27562510093633,-0.307950961890262,-1.568319157264,0.66122339505117,-1.25747791518081,-0.435061809424459,-0.569172794812512,1.75527879200594
0.786711224914032,-0.179843137896583,-0.441813334080194,-0.588546365430738,0.80634281709552,-1.86820121223361,0.53084931259443,-2.55285794100973,1.28502644080395,-0.485799484257907
-1.07699594650784,1.53303925047781,0.0481865666413484,0.321306760144597,-1.10605315912979,0.783874020221188,1.66456933474774,0.6570096769385,-2.87475131780422,1.79805430232644
-1.89631083545264,1.43347226162643,1.84679674560716,-0.193787327774521,0.64257391842604,0.152007534609924,-1.13868625285975,-0.481560400336083,0.814456691691178,0.811803884415858
0.249572801152156,-1.30058778607592,0.19232895912453,0.303928465840874,-0.662031178503433,0.505079915880562,-1.0497438691208,-2.44931959012489,0.540371692114311,-0.495234948069129
-0.672110056408379,1.26002723214686,-0.23570021519546,0.880659292180108,-0.624851112247223,0.0653168920983945,0.0362931450586486,0.166282465319555,-0.683300870206076,-0.297979231531188
1.29960208569439,-1.18895701926966,-1.54384854739285,-0.2980976868451,0.238267287216201,-0.589786308041076,0.741008370136503,0.377715162837628,0.203086538107763,0.324855828138951
-0.0373186408281034,1.48885018199736,1.09047980269251,1.69402142079347,-0.347753509021917,-1.25092730005097,-0.229418380381521,1.51957917251762,1.56970905410338,0.309835805070331
0.417223830058714,-0.522948592640032,-1.95323960272523,0.261439389120257,-0.040551944118592,0.577565137176962,1.31148358209739,-1.0407053368948,-0.110479014569074,1.77762429535788
0.877895901300244,-0.00867915478476322,-1.51889395668197,-0.272332666980875,0.507203064316626,-1.03003980326208,-0.335962664963593,2.11060831280881,-0.716495310284969,-0.985578884560294
-0.220392347071362,0.312730010065662,0.31079618141926,0.37935439551598,-1.54050074206217,0.468397662718392,1.21850885254047,-1.74533259400146,0.634420650666986,1.88448225214061
-0.681235800150266,-0.475043596655113,1.78289971778972,-0.0515008023460383,-0.510012257419275,0.152064336103932,0.828246942080943,-0.0685034731541786,1.51076188367025,0.0281653902917835
1.84817647854088,-0.504001043421346,-0.0393308054890156,0.0638943029078095,0.783927951402624,0.993082869700456,0.329581890985597,0.828140336440341,1.27989615873793,-1.57013719506597
-1.26915374633595,2.22265699221832,-0.0208312046124451,-0.102606832169561,-0.0833906363636714,0.188512548586331,-0.994813639753049,1.27849421812112,-0.38217360155259,1.31120677384389
-1.23773719743909,-0.127822098122259,0.887835630723812,-0.0228049944689361,-2.60942239069652,-0.157055132896878,-0.267457602895325,-0.0926397232746793,-0.727788566704329,0.519773317758101
-0.756986514573119,0.476652697380621,0.377721523660501,-0.673304840768703,0.284778018930781,-0.457742680553075,-0.501619265167729,-2.71581667028748,0.0655897348294544,-0.607403453673841
0.238492173159941,-0.0414598792903328,1.41637502838586,-0.632266034384888,0.615373686179759,0.224815943404924,-0.289708247043514,-0.493192212881009,-0.667419939773833,0.932548204740174
1.3429082880832,0.324631656264266,1.01791166703529,1.67994439683863,-0.139058260468444,0.549404921670848,0.864591079783502,-1.14762450801786,-0.840292225187304,-0.551031870109592
-0.820164465935406,-1.47054278488618,0.969301178952223,0.974375759370621,-1.87839999959354,2.04203057017881,0.621333018677774,-0.452930520736986,-1.11366187119623,-0.0313231116373911
-0.624273149649563,2.22160446530596,0.969523634366251,-0.623748182842392,-1.9055008361633,-0.233180284604004,-0.509528264745353,1.93016987425151,-2.31539270059283,-0.315601297180277
1.85958415938406,-2.12792424532372,0.587420654762662,-0.209990541347891,0.386486988092347,-0.425467979901607,0.97723970263405,0.899633831123669,0.770876730747148,-0.0458971053546237
-0.59681132052511,-1.05557480858903,1.21399336145526,0.478682965631061,-0.621178992777087,-0.729916621340157,0.460881767133047,0.141081186967251,1.7307951393869,0.452541220549564
1.88377422652697,-0.909716276127043,1.13629578836381,-0.177862622054749,0.19193433655465,1.79365333963759,-1.39542832406987,-0.482116062735267,0.404533691473291,2.10364272956917
-0.538628426427994,-0.654037818643613,-0.570811833365262,0.838306112798308,0.0820531392125662,1.44256854856551,-1.8746252264321,0.87608395697931,-0.395868594126565,0.747131516439882
1.09283141664627,-0.208005133337695,-0.0339460757129141,0.00800265866487247,-0.475342821063658,0.334137690494914,0.666100156931045,-1.27382384272288,0.119180541403465,0.032393177001497
1.0855995586638,-1.32657096303104,0.364268096974893,-1.02352321241251,-0.970160022559175,-0.420210813251165,0.640854319716574,-0.364126241106597,1.46068112980325,-2.526434370354
1.42324700587701,1.04729434622146,-0.583312867689589,-0.749141409418026,0.145015795510881,-0.365973697433621,1.06076854283126,-0.0993869647886229,-0.812074913796177,-2.17236693695897
-0.047156833506431,0.187336827409442,-0.272898906451556,-1.01124998688605,0.339394023783076,2.38071617375927,0.459021039385741,-0.422350735349722,0.405497507483932,-1.61826294829274
0.539912458452208,-1.34934686574288,-1.22317523717759,-0.439420871967728,-0.526270789101756,-0.543799021036641,0.208182048047972,-0.65814012610917,-1.44725972998524,-0.0707531685783624
-1.01912742392555,0.166405524483698,-1.40249207072038,1.09709325609257,0.06653863747363,-0.414780085144038,0.514336350700325,2.15618835064877,-2.50783927029465,1.48109691870673
0.0951444210258338,-0.814565301508679,-0.876034208972682,0.323338180059698,-0.17770695236027,-2.03961218515765,-0.0145364302201435,0.911834444607852,-1.39182440331119,-0.636712227616985
0.0141727458684458,-0.762314035036038,-1.51284537908483,0.237266986192045,0.0353109667902669,-0.198302161343764,-0.839738745358153,-0.702380972541623,1.58576660857002,-1.51187361633868
-1.64852034011336,-0.882464329548552,0.363224824533954,0.128075748282156,0.508067385461759,-0.0531967988014663,-0.870276342396168,1.03698009199011,-1.0706104021485,-1.18578176086187
-0.659690100332903,-0.834780842702867,-0.83699708008493,-0.0246061838595921,-0.565720638039704,2.46039182528082,-0.610667014108111,0.494946811053028,-0.74914576211664,-0.218929605777927
-0.067043318804942,-0.751390832055679,1.79172050757326,-0.0998227806221647,0.651883052951925,1.22305664169685,-0.681354728906664,-0.1925301296799,-0.966062126109938,-1.1504758571011
-2.15460939697216,1.00018333793524,0.7879184872268,1.09650223365764,0.638647208590177,-0.400479501841617,-1.44665461159498,0.395541904699319,-0.688889911083599,-0.842386742794599
1.52427275159225,0.0788926717697937,-0.437884563617742,-1.41162263219693,-0.213855517086583,1.82841107576516,-1.16480223108572,-1.28633915615727,-0.422344346443018,-0.0484724872522898
-1.96351171208369,-0.92030209822328,-0.433691283073757,-0.123104552009315,-1.10032362464384,-0.715687077633144,1.14825004584687,1.07954183626646,1.46416250094577,0.422214664998649
0.01969763978315,-0.483833303094401,-0.38884128400828,0.28127417003427,0.536789657475315,0.492615921150298,0.52759637929116,-1.38071255923554,-0.14475681601062,1.6392174814813
-0.679266505721244,0.940334378620466,-1.34787876739051,2.70306179229712,0.00953885005119017,-0.630307491020276,0.768500907074777,-0.335204392016844,-1.50133046550466,-0.633719066636168
-0.975218495932487,-0.752936416152738,-1.00251244760197,-0.527952525301383,-0.6911370134585,-0.616225134083108,-2.03033562472497,0.37380707254098,0.425291170222306,0.504660869642802
1.25915355713682,0.498178002347526,-1.69498979142132,0.338456217872337,1.40619287842779,0.449871824007599,-0.405586606694843,-0.752970679552828,-0.630506226724778,0.84265174781944
-2.28590422992738,0.797527848428885,1.80327420383355,-0.198305020543177,-0.886769361365422,-0.589319037037841,-0.167795085135271,-1.18243777609706,-1.13725540286914,-0.45374398877811
0.24666741492395,-0.376248745631138,-1.02365203542003,-0.839762245081659,-1.15243704249628,-0.644198574951234,-0.174901617794302,-1.96688531723189,-1.12590380815141,0.776480690071969
0.0476613029841031,-1.21301136941523,1.31791144134633,-2.22616153102513,-1.46160170266032,1.13351486182881,-1.08405424741245,1.03429126088259,-0.72704584619798,0.543956926863527
-2.99821441331896,0.4696539732136,0.00953137484820131,-0.681554454553738,0.999508694888191,1.2664104572403,-1.31121568547932,-2.18547825934715,0.213526476235004,0.980049445726908
0.116773221689411,-1.21478923788371,-0.290533079654131,0.159306220784959,0.624211129184767,0.0450745277869875,0.31657387559387,1.50290689137727,-0.266476138331635,-1.96686900200343
-0.249102622405576,-0.26690348960608,-0.443434458040813,0.670130753706081,-0.114948761502081,1.03956919362446,1.82484721792708,0.297831083466485,-0.390941140132267,-0.55284548746381
1.26797242703037,0.728480800600843,0.74122996719821,0.672610433886847,-0.544660899105508,1.28242774535667,0.170676480784295,-0.319639007986244,1.83094754041625,-0.285506728220065
0.287267604339846,-0.921115205467724,-0.974471026066059,2.11558037978842,-1.27950577419465,0.620289398619854,0.816960837199017,0.109757330040167,0.684684240545962,0.584838098824677
-0.439161871727689,0.0479746969879983,1.54586203990528,-1.11173539687514,-0.278557617006748,1.30634241071159,0.354723164712481,0.569162512507569,-0.303428350835756,0.0972944994807088
-0.395584096654907,-0.318913432295435,-0.989948758018425,0.327952665566457,-0.571690347418008,0.50072155219561,-0.743179579460929,0.210958452181094,1.13290573863794,0.157828810898768
-1.41676715583879,1.20389942311808,0.898155915440798,0.388449906939566,-1.64558162602445,-1.95149998589507,-0.511563385277387,1.73964162801498,-0.856398767283588,0.435965486286664
-0.67950920388936,-0.881496825901784,-1.40262078401347,1.50305392208254,0.700865752245642,0.407576603962924,0.40307302862743,-0.420406358121203,0.670549047132562,-0.0229475710036955
0.40878049395541,-0.886292226981708,-0.814238764962487,0.246059081677557,-1.55292827518704,0.17019849277514,-3.34078051681939,0.946662747412224,-0.31059575194412,0.910801658259947
1.38978119197198,-0.99534712565059,-1.76755203410597,0.540995429576289,-0.0615156142092562,-1.20686367575438,0.646154619275952,0.556362080460827,0.170137291944459,-1.18563653149042
0.890924519377525,-1.37243449840863,0.561132553839738,-0.380776373647133,-1.0221953298984,-1.51502160653604,-0.445441619525839,-1.2433207115476,0.682786649845165,-1.73746059975677
-0.098511659916144,-0.960721966647638,0.0978898062779247,0.69067363986965,0.325433817997701,-0.077965649276248,0.880509947000835,1.88538869606989,0.408642266644789,0.312472932691911
1.21497092558911,1.09989207445222,-0.0552862110858933,-0.106919110009501,0.176972204904655,0.711402787558281,-1.15234458250767,-1.48122606699906,-1.79108413788299,-0.752155565346549
0.99318932199346,0.128021821605721,-1.00096021043972,1.36083868153387,-1.97244632749852,1.38627610528481,0.559457324738417,-0.422888669002605,-0.14761499700825,-1.12472493146254
-0.105957958336472,1.03639941719165,-0.989545334375092,0.827161247004381,-1.77979452533643,-1.1789719064318,-0.335119505309672,-0.378713748130726,-1.18249980715226,-0.455740812602967
0.583376304176017,0.0305533567831167,-1.04461349303635,-0.409406207455843,-1.56198771342715,0.872026528767532,-0.77071688026917,0.674255913402888,1.08368213322844,1.8779938185734
1.45712553974414,-0.0883321619166199,-1.04635290078731,0.780671781427706,-1.28104022057505,-1.37960100344876,0.156131530804396,-0.416653485929287,1.58753438793464,0.0204141829831326
-1.35993875334708,1.08778596723913,-0.921217159000285,-1.8855172084063,0.65326206173708,0.963209446196564,1.23564830657856,-1.09067746070042,0.693479587173949,2.24641277738281
0.579776305412098,-0.345655886259728,0.559217918997669,-0.53187954935598,0.852591464277284,-1.06680793535485,-0.295024958512607,0.583081659935383,2.09625303315006,-0.56049073366694
0.372215664939929,0.754599249603535,-0.106570316249153,0.632829365547283,1.14828891459522,-1.04764535895737,-1.38526230983465,-1.23409663250172,0.969403207510609,0.535688955773865
-1.9613276236636,1.41300189349345,0.664799127964876,-0.0411734913996118,0.557916668253755,-0.888141614610089,2.47056352256486,-0.659562405096052,-1.69691410243057,-0.885393654897834
1.48101361601264,0.74438945460428,-0.523427543140464,-0.658501318149592,-0.235821332574828,-0.463478058292375,-1.90656730042576,0.0123516510676826,0.696441791329644,0.248947531903648
0.909170273279326,-2.52942650961936,-1.19336058285463,1.26515069815317,2.67944599484002,1.04468139280529,0.219037420536664,0.0547390693293355,1.04519179229818,-1.1631969463172
1.38527734492163,0.0216032479500264,0.225480691418092,-2.58486170699102,-0.0583444493717387,1.06748655906323,1.17229834804161,1.22440427810258,-0.124480788415872,-0.338468562193008
0.571769778175528,-0.167155583506754,-0.2293758717111,0.170159405098192,1.33085737717905,1.21451620088473,0.616642197572297,-0.949681048144509,1.01950722278253,1.37487649127692
-0.99464461946953,0.324834536081732,0.283364326415366,-0.369146229925476,-0.331646133906322,-1.17097285667611,-0.179575521514444,-1.66907503916135,-0.638289828898264,-0.721426640729449
0.195398252972616,-0.9774573188169,1.41235067175279,0.217544537312208,0.383058459766708,1.32693312422315,-0.612367128034795,-0.348330461029369,0.278576263877928,0.0744188019614468
-0.825601329112132,2.57561686594773,0.965488285452185,-1.29704808129102,-0.695650515968803,-0.126618281312736,1.66350764443387,0.748316204284033,-1.18919523664656,0.655026706380393
1.92181746381411,0.415953406952905,0.389955589444526,0.88597117824517,0.592025220876218,0.690153270389908,1.30923193559675,1.24281957972718,0.517485826923923,-0.728540501827442
-0.827280171693323,-0.210171834135796,-1.16914268136427,1.830622439526,1.30077772880206,-0.13227605838148,-1.78174012566525,-0.0965784528156921,0.211856601613047,-1.1231719435211
0.255992750903746,-0.975949501557541,0.432292442154979,0.459144280679442,-0.509587900513815,-0.119885272285057,-0.129517832710217,-0.773026984733964,1.08876691585294,1.33247066603605
-0.54203392906295,1.32828834047545,-0.61519764686221,-0.91183306790635,-0.0959751168951032,1.044713352182,-0.251828319061261,0.194115868886462,-0.435436464680516,0.0654079102355423
0.0471847986227467,0.142572148375368,0.943942839951225,-0.323075427128793,0.736512055250547,1.06407814084843,0.323703532161919,0.0563247826916386,-0.645720915589553,-0.00313802365810461
2.20249360536771,0.0412521255058347,-0.64773845841196,0.803145713665946,0.785784215310017,-0.0194190187401065,-0.524748741019717,-1.25306787619287,1.09510190011901,-0.10061856189238
-1.73366205734234,-0.147754842068071,0.628274776836181,-0.197982260651197,1.59925348052797,1.19241535992532,-1.939771612447,0.231231675678994,-0.326357094798977,-0.0626679459463636
0.438087706791032,-0.709918569392239,-0.451215921267631,-0.607819035718889,0.959943467206679,0.461211983843381,-0.711580742292735,-0.68179658177089,-0.11388068019644,0.716964158861546
1.20381506442202,0.358199462485852,-0.0629351753612388,-1.2541981472758,-0.716131410526728,1.73325777603471,-0.996945810613867,-1.34476567319773,1.01707842164256,-1.18280573816044
0.211009908861423,0.678860939582117,1.65489155519719,-0.394753340318078,-1.15569532275569,-0.360445316067869,-0.203891500521225,2.58957997329036,1.56416593153451,-1.70608427985655
0.680652997332427,-0.730190572928479,-1.47939065724077,0.730720366020862,1.53198461254264,-0.100865070134648,0.459229156000639,0.00953344268944451,-0.566981409646772,0.455220667751013
0.979945571883119,-1.27250906003004,-0.881317473135947,-0.382559508617121,1.32450043979314,-0.570415502547207,-3.17385466641347,2.62992426799692,0.962600852394161,0.344604725179587
1.02773836595644,1.15703482338973,1.51715542726507,-1.61054309015592,-0.0696042837996113,-0.558350724214312,0.333061474452914,-0.244061398715145,-0.39819910842866,-0.339168955913195
0.175625014309482,1.11091701409378,0.454178645049196,0.0446276773545804,-0.402147850604284,0.164228720789156,1.84392014242746,0.126593771446536,-2.00945933242778,0.854639461789627
-2.57737607737762,0.405660493568966,1.18639664189506,0.172018671546346,-1.76586253310599,-0.446132446451994,-0.23898327573334,-1.28389118960855,-0.443244406303025,-0.211056226776469
2.0205483517261,-0.0883200364774526,-0.61918537995471,-0.51673933929946,-0.582895393263342,0.0642746317462427,0.302440423504343,-0.145696569399362,1.4959098371854,-0.564816243550814
0.173255844607985,-0.826822485495363,-0.343323433808737,1.17356901850516,-0.0808514583149267,0.47515479141992,0.851476555075358,-1.58093139136887,-0.607118956680263,-1.01948315139614
1.53163459873046,-1.33313151594445,-0.0824636840053094,-1.39017074663435,1.62011676507593,0.110445125222615,1.553592928078,0.487328031494319,-0.074155354341877,-0.451557212468513
-0.821567068808746,0.92437102748617,0.750730318192635,-0.585501590049489,0.713036362406167,0.345015649490256,1.68262400329478,-2.51441884983958,0.437676238867061,0.389503115252032
-1.90571861184856,-0.142700749695944,0.396686326893776,0.6291882681281,-1.19658520881409,-0.919918622885385,0.854779290883479,1.50616598658381,0.239183137985624,1.47732154399044
1.83377860282133,-1.65954760192202,1.54424065517127,-0.490239783439356,0.224653317849487,0.0444246328209206,0.43891255859542,-0.72735638430734,0.720457141565028,0.409450733241918
-0.906697156255725,1.03024937058394,-1.19740529142874,-1.48932150369162,1.87697718869485,1.91418082169125,-1.52843260455445,-0.377177972179507,-0.188233659257663,1.38425747397498
-1.05158907604519,-0.290736894364817,-0.554450378507639,0.991047019010772,-0.878197266547322,-0.872663910604226,-0.92277744341516,0.483677185041427,0.110952256747087,0.407074116030947
0.563571913179444,-0.775882723291508,-0.178307214686946,0.745140106281733,0.198279085142209,0.218449387415006,-1.43519984394638,-0.509409622807856,-0.273861451700011,-0.988476174435903
2.06127446517524,-1.167674631754,1.52446427636386,0.447135967249531,-2.61413925842537,0.177108043484378,-0.867846516622069,1.53845579256765,2.3217572714087,-0.614278114800013
-0.141620675577422,2.06793494248918,-0.692243996880379,0.562549315495029,0.208999660564267,0.0768875078193312,-0.341349070497578,-0.427787197029926,-1.43643867602034,-2.00423004625476
-0.870264216971473,1.64092794630323,0.165612100601355,0.301039156921724,-0.752672121276275,-0.65320584340319,0.522617202791893,0.318308296154744,-0.105456915484882,-1.86729120201118
-0.490853153499778,-1.20319169578706,1.17783990410022,-0.0823265912179237,0.0306536570178581,1.07150057002295,-0.846653624954373,0.0713519421599013,0.0196704933648166,-0.0842660531597788
0.207811130583431,-1.45455552850057,2.29282020076561,0.745354896597105,-0.160727885227288,0.786337735467172,-0.536576648586688,0.494193014226263,1.2523420075186,-1.11871689471708
1.34644638850654,-0.783313161401107,-0.38422138213724,0.849534550312201,-1.92552633100946,-2.08288229341074,-0.392871406977389,0.545314854584527,1.37870085436166,2.72400739625138
-0.471487051853664,-0.668028411582461,-0.933203975102355,0.303509080081026,-0.739021377376015,-1.52299606869659,2.16233217805601,0.303068140119053,-0.238761078945316,-1.68662834020076
0.38625174163708,-1.07696025987939,0.333405336915835,-0.893795314205789,-1.63315111308219,0.409429251211555,0.227461149596695,-1.39967097943966,1.77170355895804,1.64656735935279
0.0710142380081767,-0.0753878441240166,0.532765621322152,1.7282353514379,0.431957777090808,0.9665262725223,0.0219264274042848,-1.26499842055145,0.453587768197566,0.3271626321472
2.38092633911247,1.52042101167942,-0.420795505133086,-0.521096346653588,-1.60387301047839,0.256688402096356,-1.43797652150483,0.702043276931101,0.0134597827838523,1.21297499447546
-0.721173227022563,0.93623576764184,0.528978646914942,-0.573043325790896,0.138542805843686,-0.106600276930772,-0.141857029177047,0.327670216309946,-1.07569259860433,0.571791152898475
0.348240796753605,1.52110289167638,-0.285808831852053,1.50058110012986,1.34540600471703,-1.49108695092833,-0.615517937474877,0.154359892525426,0.665026751390947,1.2307106165806
-0.347521289147938,0.877753192064915,-0.335825644675968,0.363254424632372,1.8216680627263,0.950880711565383,-0.364992825380413,-1.59643312521586,-0.103183415997795,-0.122927471220405
-0.934615719995567,0.0485291226199364,-0.306408082775945,2.05707346642952,0.353747720470421,0.260204769849758,-0.70577537197782,-0.490245478945344,0.106931626402656,0.712795153344303
-0.448576120648704,1.36128193202631,-0.409984449768205,0.460923136123073,-0.317399592324837,1.28729449853186,0.13006998693803,1.06394304388991,-1.0650720127776,-0.544913554311446
-0.230366137484596,1.04763543267304,0.158340891667139,-0.097999109815852,-1.81735313972404,-1.29075816231178,1.49025967979714,1.46175733476959,-1.11636504756854,-0.537787170146877
0.233593985892395,-0.499098490983018,-1.50505359167504,0.439516340910578,1.118476861365,0.692427532084842,1.46283313390098,-0.858854089908512,0.928054680193491,-1.19546399533149
1.06669563441302,0.0653771621109618,-0.374086181032143,1.15216810796082,0.372100302633628,-1.2389886599135,2.24861609507502,-1.55033062855932,0.240053794356237,-1.10373610000608
-0.409642299478162,0.0126561300988044,0.487537844363687,-0.794081789115548,-2.12792679634319,0.920690165962481,-0.703031266990118,-0.351451796669415,-1.48099709805084,-0.214909357187135
0.155873799143782,-0.872809253136292,-0.263883256535144,-0.618922195224804,0.882164111906414,-0.271266749965994,-0.198124748500557,-0.169040632806309,0.182023328305831,2.11237519053505
-0.952430122786893,-0.285969805883792,0.575439213269787,1.22578638933898,1.35546392481576,0.0032428532650556,-1.32116133046956,-0.323746028116271,0.94377001728391,1.45903533647054
1.7343339613253,0.914816386958343,-1.84824767055233,-0.795716557788924,-0.000181722080992132,-0.428863807020139,-1.5273588543392,2.23347359610873,-0.752849531578049,-0.581480007489592
-0.56064595043688,-1.06077804336221,1.02166660989272,-1.02770610125265,-0.333643642473048,-1.22701525781224,-0.205543350281068,-0.322124129365565,1.01719263479673,1.03987564893031
-2.17844026220615,0.869921382633158,-0.0595030227350294,-0.206843757238532,-0.490765180461484,-0.661136528592952,1.18742499721739,0.128455544684445,0.435609348087545,0.353571182764685
0.546007102461938,0.790760163056028,-0.750793787123522,1.19327502221568,-0.416951007509627,-1.27432558945708,-1.30808294975242,-0.436775441279345,3.2771876449278,-0.393426161708136
0.64460907418705,-0.504817430814711,-0.208233319678014,-1.33387626454387,0.393003884064391,0.784421265012367,0.577771721388326,-0.941656514420605,0.539586891432984,0.291904631197416
-0.0974306471680104,-0.883653590729793,-0.888581237447818,-0.754229975119289,-0.28656682406866,0.560661572690903,0.460316999003963,-0.539910338998982,-0.400124564913449,-0.536001253075514
-1.622261270793,1.60448713984118,0.760336310547804,0.799301905566754,-1.8696994379359,0.363491282241627,0.521852971072512,0.699905609553111,-0.687186521772744,2.26864681465547
2.23405307473556,-2.0172450255176,-0.156994546508117,1.83363771152663,-1.05953880560858,0.354077332340239,0.590527905638737,-1.07793905429076,0.322109358852092,-0.186548914653172
0.77845818070248,0.703747340925169,-1.25054601429598,-0.52431728856181,-0.194841335563942,1.6994274736928,1.63756078498269,0.873595131543591,-0.287674988252559,1.27251290692146
0.221937438765671,0.108152141708491,-1.0145481133521,1.34853619709682,0.680551115164646,-0.189551780495552,0.318960639548524,-0.616105989620138,0.0866466532489465,0.401768198408202
-0.101598201261964,0.417242866011849,0.237077855563774,-0.752708730090253,-1.29423755447659,0.361010700937141,-0.890524471180527,1.04599611869144,-0.673360348969484,0.656519593814246
0.0375964647629069,0.236518000836785,0.169781316980271,0.852410596679347,-1.14033350639092,-0.815905115509647,-0.486017567775452,0.744778640970573,1.08690097824925,1.57292994589643
0.0287286529335354,-2.06024899461586,-0.501768327231604,0.73485887978469,0.382190530484893,1.50471937785901,-1.33194707297897,-2.6051765259978,0.60084239474459,-1.05516598002561
-1.0681845633382,-0.704115098838576,1.69534712271479,-0.784071933097786,0.167693117528396,0.927410844980908,1.51914522011688,1.40511721147598,-0.891233745335935,1.06620464388315
0.33889687050411,-0.129339593795786,-0.801346188223557,2.40490729162353,0.785088429025712,-0.79514434086493,1.04362034692806,-0.676263145739959,0.68264995854782,-0.0799257113300442
-0.163480977138925,0.574767472729416,-2.12219054793521,0.802870119435636,-1.69281250496027,0.64760194014573,0.242497883370035,-0.706124260326978,-2.78091148360975,-1.42635407225947
0.331539627959086,-0.169453135986909,0.311367830246299,0.724954926188113,-0.854978361827404,0.155551405772568,0.546324543850613,0.236207914010129,-1.29621569167993,0.671700656875686
0.695366764510627,1.63439454539887,-0.286065385834114,2.0077845458792,-1.12976083867789,-0.971379958980365,1.41669060013113,1.15746395943713,-0.484867181417589,-0.0042714285649383
1.18545190535957,0.217999957612041,-0.204876206035391,0.682077212281983,-0.564692440879381,0.0481766600737515,-1.40240244720981,0.737889007836725,0.531188167563433,-0.551864195115876
-0.842942290360393,2.16831282494362,-0.183424816728502,0.241812501551026,-2.4887268169532,0.635933535724617,-0.80590451781842,0.192907506581057,-0.952323987071466,0.98186950751038
0.72429444889214,-0.652901980646816,-0.13441403290691,0.56366805293107,0.559595507335326,0.543016869134735,-0.888365963934602,0.537331287489327,0.270815963628339,-1.11260677287909
0.345297580690178,-0.926305806249909,0.553736046186331,-0.48187195952499,-0.445886269743611,0.327598323927345,0.921860051846877,0.106921694355029,3.25801762389215,-0.825902691404151
2.22676640487449,0.411933313024163,-1.84510812266363,-0.104990205439354,0.55290764532083,-1.11743936595157,-0.0599053153899585,1.81511150247037,-0.375855578778032,-0.28307470016614
0.00651509788604001,-1.41344650252764,1.16532277923886,-0.674315859204218,0.708115867611417,1.56216692953403,0.843249792852142,-0.661898511680511,1.87722403181323,0.776692732095004
0.0511247170861691,-0.0862609125282282,0.302690019878439,-0.404151143856895,0.0581832978289171,-0.105424514757121,0.89650950749082,-0.91508365488366,-2.45892187477105,-0.202329102043705
0.634214117356562,-0.234543404684303,0.438583638578441,-0.327112976800274,0.652665152833461,-0.241586429566556,-0.491059053422997,-0.394199210244992,1.41001263533811,0.103930418479721
-0.340850412950761,-1.34226270525569,0.274935315044643,0.25194072593646,-0.516059569838734,1.93726172821251,0.751556478943446,0.721112811339468,-1.14434471068414,0.828834928761706
-0.235569922705886,0.653128797205144,0.237370130636082,-0.78963727940657,-0.164979498084561,-0.506039638284729,1.35608402111138,0.55557974096972,-2.04174651370215,-1.38162661056337
1.08170088579055,0.581597539055913,-0.907229553569729,1.77657170203039,0.973449631482494,-0.616394441867838,1.97960890451866,0.123260518578914,-1.42855686595372,-1.35520708107677
-0.127192746865187,1.31670530392255,1.57740851497593,0.454217272477406,-2.08108455890069,1.69326649713114,-0.0723622861588461,0.528795402522584,0.39492697369063,-0.74987603193071
-0.79443742267559,1.1173008549643,-1.63697903848501,-0.180524817711935,0.186914374887305,-0.392125279889407,-1.18789397752968,1.47834386713996,-0.172397417156571,0.924750716829801
-0.980940829001865,-0.826361900231204,0.305158428251095,0.297482412650883,-1.3837624386611,0.764396890607345,-0.221633887621666,-0.0088308047202577,0.15044744296367,0.906662313879333
0.902788813889401,-1.05746815070387,1.49289656106375,-1.40721182895268,0.603373442453858,-0.484256280767661,0.796951897311896,0.608114014048769,0.312506756098161,-0.33045550120922
-1.01470809731215,-0.549298735352546,0.0196101873617971,-0.127219743290543,-1.33243240295754,1.06874764449042,1.62117532821174,0.412369214153295,-0.194011727495682,-0.806212630695035
0.205117251338334,1.11379945921972,1.13292032381884,-1.81060517590172,-1.31161393767965,0.290939890690185,-0.466312894918639,-1.44476005924175,0.387251660403397,0.418815913460614
-0.0133008798639408,-0.430342110499158,1.07008408436355,-1.3448222875397,1.39755373643598,0.525462311785809,-0.949230862441776,0.690408164177401,1.083966296946,0.0207604076945973
1.49173600251253,-1.08382662482604,-1.19509621075213,0.264683165618114,0.0412526585397245,0.235972411612775,0.0610250099876556,-0.773679770457745,0.639319756059325,-0.852335074496895
0.123562478577483,-1.39242860230698,-0.50459922515163,0.0203810203595055,-0.73350855527666,0.897376631160096,0.371924197968797,0.599309139012226,0.0948661601267643,0.877333929380652
0.598556164391265,0.563197565231013,-0.313749242177112,0.123669973105404,-2.15254485496801,0.877558050756266,-0.0508550524435423,-0.797667466813124,-0.888162429864331,0.391416544335265
0.213881829656879,-0.03701330193789,-0.346456832710982,1.46772286685535,0.486636050091299,0.823292041534091,0.725598514065807,-0.448083611486338,-1.81299947185202,0.565360958424565
1.07398804783976,2.20359644548394,1.24340854409103,-2.79639958553224,0.530062733675152,0.653611090883681,-0.871150391961107,1.33408574158886,0.403563618013324,-0.265185397601208
0.0385771145889934,1.28023094558746,0.712421174445899,1.16754428867856,2.15437174596742,2.01989438357102,-1.22034951560763,-1.39215294730022,-0.130352694017813,-0.457027175663119
1.2126961596516,-1.41063800523423,0.497681529118295,-1.40012409513942,-0.420640471145265,0.215523346493445,-0.803332122915052,-0.236149400559215,0.427389379533298,1.42212882677082
-0.227845234012907,1.81031727011417,0.490050394202875,-0.0264635964495468,-0.467883925510118,-0.457948386137125,0.561977657959535,0.853653898075097,0.38519492181871,-0.0633470116629205
-0.0473696444625691,0.464090677664226,-0.529354908530328,0.8555124987858,-2.20351095482544,-1.1527636203842,0.763761815404093,-0.790447039616502,0.302101589081746,1.20945456003495
-0.459817546226002,-0.0522908480655974,1.81811387019275,0.770121614508547,-1.10584156006108,0.151177701207632,-0.525165673625636,-0.461701445213622,-0.717484998829844,1.40027091469909
-0.788438772212599,-0.502742416586062,0.907780050094376,-1.09476012911037,-0.790772773680984,1.4208208596788,-0.660019216599786,-0.857949607125518,0.0689518044548759,1.05090673606094
-1.06435911355279,-1.04861732042689,0.0587863565134436,0.424068325690378,0.0501964768454225,-0.28499569364388,1.44877956292573,-0.141157558588652,0.204035653545823,0.0725199152994973
0.662111995539559,-1.48611845876427,-1.07434028151811,1.55260868601026,1.24603991317272,0.301012332599065,-0.377884897081257,-0.680679968065729,-0.198605345245545,-1.72368408757616
-1.6658796354153,0.198596034431249,-1.41650618228501,2.62694499105593,1.26295033977343,0.268170784131053,0.610032669085615,-0.788857645811607,-0.292512528761242,-1.15911716337268
1.66296669780498,-0.078275629630437,0.277138605192192,-0.118677752462673,-0.316720294084436,-1.72305656874177,0.509882978102111,-1.37669143223422,-1.04336139735255,-0.4908343613315
-0.207831220875402,-1.39998785750367,1.9883403069493,0.954690366366971,-1.40402966371096,-2.60755527240021,0.338707053603894,0.0130457520050573,0.672979337560941,0.441863233412195
-1.19081896361367,0.483792107102122,0.156351407818599,1.91474325739117,0.506869650856021,0.468829885840828,-0.612598168151126,-1.09895245942983,-0.388792729134415,-1.52850531030552
0.392677001152172,-0.283099139685663,0.200603228032685,-0.568094279721475,-0.468393275001374,-0.100861851689582,0.590508574949299,-1.47400720070908,1.22914161088098,0.126612288292318
-0.0143681285475091,-0.125240406948113,-1.11286235220328,-0.00467225020268015,1.0021208559345,-0.683287661638142,1.48374776321323,-0.634094393223002,-0.638271621468827,-0.170396944644505
1.02274921606074,1.23738773306403,1.27315711438158,2.32123015865976,-1.22430874799379,0.0544110731534599,-0.257427382575745,-0.136408953033658,0.576559946103691,-1.06791524907822
-1.16069382833542,-0.123030196473077,0.571132257637898,0.877628846808628,-1.11072969679102,0.0560869725402524,0.45818506417781,1.40691746310241,-1.12759762620413,0.649433883560554
1.15015537287008,0.831562299780326,-0.767410453846867,-1.0227681546648,-1.12705870398261,-0.0988076055252682,-0.104466674086275,0.322145476868475,0.125028277695808,0.193845042525799
-0.854265623115859,-0.197152120932578,0.381629696528097,0.263785234537507,-0.736123628719089,2.09025393521338,1.83815102026917,0.703664121475061,0.480323945701363,0.768653910264245
0.417713372972654,0.394008305083255,-1.67142819860041,-0.0721343262392603,0.0799763246900126,-0.67100340268309,1.9459090204249,-0.661444822918109,-0.333054648798176,0.956163894422548
-1.2268797081038,-1.62841776309171,0.35460415511,0.565919152034196,0.474737627951362,0.858455522078823,-0.923850822524068,1.40882928604284,-0.85446996277004,0.790935032261655
-0.996228103468558,0.741338929266972,0.482816845011721,0.541198414003888,-0.0297531949299966,-0.393892725696514,0.365352461395306,-0.895292855742369,0.867328343991172,0.29255519400117
-0.402999001818916,0.645112126051938,-1.14978442993774,0.85618356704409,0.535655021404214,-0.520241320244989,0.19322933227248,-1.72534273907815,2.45622760634977,-0.434837785585939
1.19150667713418,-1.28142491225903,-0.317616429448085,-0.158104976215509,-0.425843152346529,0.214627201548318,0.198200882895039,-1.09498271149128,-0.799690829192692,-0.755229455362688
0.560329531079196,1.79267626385551,1.00355240714763,1.93054427836737,0.493003299774206,-0.316851971261092,1.00695909011856,0.582086610948068,0.0243531855865699,1.57209396849498
-1.35427447110096,0.301051912035605,1.38405673394519,1.18986663281053,0.210185688657828,-0.315069976432542,1.03712099828233,-1.02843047510852,1.04505754204196,-1.2754686661364
-1.21553161546324,0.416690711834923,0.840794528487143,-0.992713187557685,0.0081058609148078,-0.447288460338437,0.303972207641431,0.476791295223191,-0.683505815660946,0.995216425683141
-0.182291368931237,-0.433648562517512,-1.58634320873721,-0.473714230956086,0.13623308235909,-1.08579432630936,0.719792207773136,-0.443993298701324,1.34862258458509,0.325228508682409
-0.348614154079125,0.16486671432974,-0.0290313607970077,0.941084111986824,0.743040106690912,-1.09270967272396,-0.582179967261882,-1.2180819214011,0.582796072948676,1.16876022586569
0.258097905763302,0.00457777005522966,0.376603692070498,1.33004439264404,0.513010264859707,-1.05114128110629,1.65364839371299,-0.845734065279828,0.0831900692759113,-0.88613755971509
-1.27183468196155,0.334989543475771,-0.395302117530044,-0.258752372099481,1.72374259182379,-0.883984606064125,-1.54254566117354,0.202536832365826,0.692398652194182,-0.188403094919529
1.12310186172965,-0.217471104257629,-0.434334508307638,-0.0942541844210323,-0.182775208584369,1.00170653077272,0.0252929790651033,-0.544949474347825,-1.10641923160062,-1.25620902669454
0.596818079788935,0.775065241996294,-0.734784617162077,0.191603737037722,1.89194108021703,-1.23079860284321,-1.08773184433242,-0.594724507770329,0.0789978250940604,0.848585729255098
-1.5771357544612,2.15496730144328,2.43864884268767,0.517125383808762,-0.472000579569366,1.2659657142672,-0.871700991644273,1.11164262303224,0.550358711120623,1.87897678569797
-0.290109771917762,0.185427211422193,-1.79182026469396,1.25554753909931,0.835340727209324,2.04856092027609,-0.997066287868797,-0.441605834386917,-0.19152741931959,-0.0555034511209214
0.418228341525597,-1.28879287077499,-0.281264414151553,0.202084584270429,0.44742468079695,-0.350895322809513,0.817689965510204,-1.03246743608504,-1.49266672092664,0.0280200900654542
-0.0729847290383806,0.969537904705676,0.913696837618577,-0.232174381586814,-0.620381560027869,-1.51656007557422,-0.00784511677286561,-0.961092409667558,0.630782470566872,-0.603543256539684
1.15148074755394,0.128287809013109,0.665199395237,0.810681558153692,1.11755603347389,0.881505569603713,-0.787419011194753,1.94956398154635,-0.453628488469855,-1.51572497999874
-0.195093754756723,-0.652267354827636,-0.0529546240430192,0.578400626033514,-0.586853156681604,-1.11274270283862,-0.346475838505914,0.885673620307416,-0.15656589129703,-0.468676330338647
-0.62016958508416,1.0798966844796,0.733005977670489,0.516416251057402,0.51111684834463,1.37969221757052,-1.43177553572142,-1.17122673776421,0.482537619797014,0.732133526911817
-0.373207387292995,0.915300346289566,-2.32522941167063,0.0826455040327875,-1.05723353187998,-0.906447443152563,-0.48119183738622,-0.707585327669331,0.657423429081682,0.0156685586300747
-0.548076661870011,0.160331213569726,-1.17196642186737,-0.985044534037854,-1.79209418193711,0.153510822769664,-1.25273147311188,-0.449302445514319,0.486436753625725,0.46354195456072
0.137350784002722,0.499315243842484,0.606751387643846,1.20821320578816,1.96936384726453,-1.45971478590081,1.0747770420013,-0.68261961970447,-0.626056736486212,0.256149925277581
0.894712936405596,1.04741095244174,0.373665121268847,-0.0595470482573723,-1.17046909995957,-0.648872437653164,1.45450481492208,0.640400875801772,1.14705900218437,-1.92588260652524
0.210576433613069,1.32957114287221,0.116630794078216,0.412632450499821,-2.31549584934666,-0.277274667979046,-1.20801725810923,-0.251084997628826,-0.358825312426644,-0.0876758119862415
-0.344188380416259,-0.387141879399878,-0.773403172287893,0.3918542233826,1.26796549487592,-0.582716585689193,-0.102274180656943,-0.311033118997067,0.442346443656729,-1.37092602356782
-0.485987616641083,1.23697740073957,0.59881875272034,-0.210351412589624,-0.132775671829101,-2.39273783731305,1.24980346070568,1.01560595454472,-1.62901021188192,-0.659658641463386
-1.21173127340474,0.201022460684163,-0.874659168318834,-0.550789396870486,0.660443517656566,0.65700724334846,1.2249943591696,-0.15415138953792,1.01735203185205,-0.889720966813334
-0.805633561088027,-1.18383874196752,-1.14382600153913,0.556072352294776,-0.195456226075589,0.766399561466053,-0.116107775540571,0.513068501029907,-0.702939189376136,-1.14930083494495
0.294600917159815,-0.687189654095495,-1.40010296133168,0.127384967998127,0.262492454879207,0.0842156103194477,0.49571255299411,-0.236388094100006,-1.14869475921666,0.484029211342583
0.416965396033552,0.470439483121936,-0.34052121124084,0.132829797215475,-0.0735589505587508,1.26025542963503,0.49486160819518,0.155307105107108,0.53972189224559,-0.603385737610554
0.473663761219211,-0.895587250895345,0.578658729868391,-0.139750969515403,0.457072157119973,-0.376761281703248,1.78648233038058,-0.581727375535092,-0.566270795147582,-0.128844268266534
-1.26040448852317,-0.940623902637638,0.59118756402701,0.239038897751392,-0.951358694296749,2.5483930345252,-0.531119302845004,-0.178578402197722,0.574599175906725,0.0206380138774346
-0.513450036886415,-0.279612090022555,0.258514997103136,0.0783728311324435,-0.965791747627475,1.89620480506391,0.0158549113346746,-0.398761549743774,0.293447086893122,0.720147183632002
-1.32216888879141,0.951315915297817,2.08007974779714,0.158166778704791,-0.824770468115945,1.62948037359175,-0.856607863194045,0.139057079902404,-0.640327496210732,-1.3206173297595
0.822432533346207,-1.69950472803388,-1.08094868761777,-0.208652956287599,0.455362321392748,-0.0885083591681857,0.448579731385234,-0.645887498233434,0.488072545381413,0.628018781620991
1.23323161052011,0.076638666551817,0.437609515736187,-0.391727176798516,1.02292768490388,-0.48407332884729,0.358538571754533,-0.381837929151687,-1.41491162901836,1.28528234319375
-0.525785236267364,-0.43050172887007,-0.03937703329561,1.08192966287981,1.34316893224886,1.46971648414543,0.72300482460887,-0.0558751846397467,0.364182343822076,-2.24151992378414
0.461364793406498,-0.145015662170101,0.406260634433683,0.604225383343441,0.688357194433482,-1.88888770072663,-0.703816769673177,-1.4843200351543,-0.637394790498576,0.169314809405191
0.381401160223116,0.718278518041173,-1.85025174929745,-0.584547139442087,0.0867954826987674,0.379242664241252,-0.481509545265644,0.2849180619512,-1.30519385529068,-2.44811301432026
-0.0443899583489951,0.385004651595527,2.54969200148992,-0.155364089541529,0.75993825351041,-0.965740250068164,1.43840888230737,-0.0995889598609796,0.985480730888102,-2.09229382839197
0.412540523628135,0.602190127904664,-0.653681093856427,-0.875820802273708,-0.995710896447818,-1.00818962619437,-1.10984330424005,1.57682974111122,0.846581365391429,-0.390860207109272
0.334610081452817,-1.77605970098945,0.0256680959477251,0.862885062194756,-0.048515388046017,0.746568404889548,-0.253491268913743,0.988309618649954,0.311429121450193,-0.735863855163383
0.881826065214307,0.477287216186934,-0.32067384676629,-0.654896356371727,-0.952803133666661,1.04127786035685,-0.773398460854483,0.667875701091402,-1.29792583864576,0.859321883857897
-0.347373928878144,1.00241742964252,1.53485097528648,-0.287157646519673,-1.05378575733867,-0.564463678073632,0.910370056836875,-0.167178430298446,0.707106778187799,0.664319969751218
0.106298210939526,-0.00146603548008543,-1.86784009581002,0.483410407933771,1.58647684002302,0.0688927408733193,1.04556932234995,0.270628202431576,1.52095420247714,-1.1475262028188
0.684835280415915,0.181999697871447,0.063922316941621,0.871238071422408,-1.02937743260812,-0.318208893438629,-0.547231758699908,-0.777746420329924,2.47693199566924,-0.986155759094847
-0.21153382398826,0.353644302776833,-0.804428359867099,-2.34281052925294,0.576028797275028,1.16701240631719,-0.425246226172011,0.824445063212851,-0.1315990494926,-1.22607826019801
-0.519075248925631,1.21095647583864,0.951805806326814,0.828936853815281,-0.698821642782236,-0.706943523442769,-1.92988736042356,-0.0652378850344948,-1.83435298752135,1.04614456801353
-0.186954893024044,1.17617130872321,-0.304424364886217,1.01166702959662,-0.0186258004219392,1.04471786322726,-2.49477167545106,-0.679252518656505,0.342682868455476,-0.239986979159771
-0.855587829661628,-1.40504482499559,1.09972890805417,-0.181326960223935,-1.08694280482275,-0.15115434901753,-0.537806175828928,0.935150558471332,0.488935611169597,-0.653298722264191
0.984744418074594,0.427539797840537,-0.311587699256382,1.6026565763851,-0.395220485722433,-1.28301415834617,-0.57301767155388,-1.88728080704394,0.76912068387155,-0.868942738865945
0.245683184163818,-1.91727841655155,0.124255518246615,0.0402544843971927,-0.59430780727569,-0.594695773478762,0.103763947378936,0.904697683332524,0.653884155136495,2.83776993259572
-0.44799374086298,0.527701641133925,-0.279549796297881,-0.548057828543139,-2.41117075880645,-0.863972400596626,-0.603053150269746,-1.12846334435693,0.400002655696818,-0.208038698495243
-0.87506960470369,1.65623236374354,0.345787509245622,-1.83419566105779,0.355522490842425,0.249548997306084,0.624440570439246,0.573940684404021,0.318592604666914,-0.580088378469369
-0.384217183451077,-0.736109899224775,-0.572698465623311,-0.469947001404313,-0.493691266685656,1.6599880695197,0.0454560115119105,1.58148305482311,0.662155092564781,-1.11062976474987
-0.218911256888953,0.242345864688513,0.577770580638365,-1.22898698870246,0.689082606326551,0.771977738399715,-1.44930049780483,-0.350833736076099,-0.395486973112634,-0.190882448680212
0.61993653456824,-2.06812234432168,1.34448925584604,0.623481979200678,-1.5553723986742,-0.126030854451819,-0.75556383415066,0.694175280937445,0.369721716211612,0.0360579998859114
-0.810541605238032,0.906471784180364,-1.93856747950708,-0.736776913015496,-1.33568690273975,-0.161633595903702,0.0425236074116763,-0.739698791609598,0.0775830906235516,-1.11512957218666
-2.37418379057075,2.09033575105752,-0.0714295304978602,-0.324546120418677,1.57608806066614,1.09578319143845,-0.268115184248548,1.13826317973003,-0.861490354068788,-0.278152758604787
1.99167389158179,1.18337729653028,-0.147667766510807,-1.55870723098107,0.324087224925801,0.991619591174201,-0.491838634113719,-0.877106439928301,0.778491418049003,0.639273716716614
1.84825124925795,-0.0166774718136303,0.947588044968025,0.163484891554464,-0.737082541547861,-0.117002487948824,1.86675623247186,-0.739909340952037,1.15862484870589,0.619822985322449
-0.491082598794612,-1.86764528055013,-1.16782060065944,-1.13671275656616,1.65714581232318,0.065487132957349,0.168116913949726,-2.55956096150341,1.32579387728488,0.590327381369855
-0.252894006652562,1.16798656059715,0.284181304292248,-0.0135703297489358,0.783706367883578,0.368973825400411,0.399143396857271,0.919690119735298,0.52933558220104,-0.891668202436719
0.54617775822726,-0.144493117252061,0.0314210245654356,0.0308806307692397,1.62500086979208,-0.828457652392828,-0.937472113531198,-1.1596314792394,1.14133268315921,-0.653616045297322
2.09619005169334,-0.333848858422672,-2.46980607183576,-1.19043058704903,0.302128814118606,0.069854676759705,1.85726751298946,1.4232357784231,1.11229501068328,-2.06489624027195
-0.0214744040120903,-0.821949107896072,-0.306889418788141,-0.0604837623979372,1.34556775478864,-1.04540699975918,0.084285575379675,0.612990477634117,0.171937541928334,0.0577216172562371
-0.737919660411846,-1.05293618114088,-0.369239931791399,-1.71674159866185,0.597084474644551,1.8455093329783,-1.01628835819323,-0.837165927863511,-0.020601050394022,-1.78541095327393
-0.468500062684463,0.0563696389382369,-0.781673475672578,-1.19079701738024,0.216285208976415,-0.688923412208144,0.956761923201054,-0.600849511608027,-0.957309516867554,-0.648091956825301
0.898105210161633,-0.0709052055128267,-0.0299606322917468,0.568723489559277,-0.845071932949343,-0.657937241763229,0.816564090422119,0.496030630636211,-0.861788086268088,-1.53269058626028
-0.813163254637502,0.855202433150759,0.862871326843497,-0.813883638130503,0.564987228624297,-0.0022219575797021,1.03210135665792,0.50899748885939,1.15113871630302,1.21221161615056
-0.265767549971227,0.963176998338303,-0.579230711065848,-0.484436240810016,-1.13986716526121,1.50568097290693,-0.828417269475519,0.94852437834229,-0.977726484670187,1.09702664947245
-0.723834918924179,-0.580176859133383,-0.701957544815012,-1.69532595382251,-0.269699307439775,-0.152442948924976,-0.418000838260714,-0.245456560530368,1.24510840746864,0.589518594491066
0.404933724100026,-0.0910929259307709,0.0594179437008727,0.383456344955519,1.73518151061419,0.1970970357929,0.276416826804394,0.325646137545895,-2.29449944660609,1.0205478410485
0.0134519157211998,-0.872555248901356,-0.527230409508465,0.119648714006173,0.389629338903396,-0.0824079690284242,1.53828153672455,-0.575114568163636,0.707721539141589,0.476983976689693
-0.39757464740395,0.720551767585993,-0.293159618459852,0.0652604900078133,0.932394888014251,-0.0704027814346261,0.582332262431961,-1.63482699963239,0.861919255097069,-1.37162512415276
-0.238850119003971,0.625737970906815,-0.417385175694967,0.0238804333109892,0.154827514343162,0.135374025151922,-1.03452310099708,0.0725736214442223,0.44210521106368,-2.28997718748895
-0.0285283140618114,0.642381971463001,-0.141551622353591,0.879128342899349,-1.35562726094308,-0.0885913561135677,-1.77736502021545,-1.60835263910288,-1.58623872846425,0.0747345758433123
1.36708240428663,0.279476983844538,0.0633831642305764,0.524200267816171,0.545999826941566,-2.18299336418848,1.42442525948025,-1.24325699974805,-2.29056135109355,0.246736941772439
1.45437164064647,-2.22374025095234,-0.709526779517345,1.12227946592365,-1.24914203530192,0.488312757723228,-1.01431890196437,1.32881028174915,-0.416283261348581,-0.871080228767385
0.779905980095189,0.63006414938099,0.457545028335027,-0.0362968764447794,-1.36099688809836,0.450173143033995,-0.865961376042182,0.698544828793764,2.79645162503712,0.542853496082889
0.316084874077681,0.108983013413564,-0.783149388235815,-0.878112105672863,-1.42169831810047,0.967925018392143,0.944190206166431,0.105956670722357,0.955184534208661,-1.5768529063768
-0.79200307872293,1.13309257181297,-1.13395449359941,1.00174086875518,-0.5469777408535,-0.133732652863058,-1.5112154327692,-0.0146458335335775,-1.27378431139536,-1.81307453593619
0.551868705020139,2.29807737888234,-1.01961636041571,-1.26176635661056,0.754622518224808,-1.70183528502226,0.129870557505652,0.0918603024793644,0.30384476276816,-0.167568575171105
-1.20215477433279,1.7029838395904,-0.277590446097607,-0.479003320036333,1.18084610721189,-0.919212310407897,0.200321700964859,1.28736130822028,0.0428024954826088,0.504425722857868
-1.0974612722584,1.65809156590733,-1.31135866366192,1.01845947632779,0.160320006790094,0.0927510977553733,0.225576362656553,-0.60909751543746,-0.484691141831015,-0.127914043755432
0.158544712394977,0.33919300662727,1.01858915747179,0.364666685999003,1.75156717053625,0.116188208194645,1.3040650885,-1.13425250589392,0.39645255942432,-0.325304108590458
1.2309504695709,0.214142426448795,0.463163547648412,-0.326510314950108,-1.38884318957044,-0.566186814441308,-2.19314762149177,-0.419619231546099,-1.67218492387682,0.28781185806506
0.631940952196263,2.50342152257151,0.690373018385041,-0.462107454001727,1.47226278153512,0.83002827559677,0.720231401575363,-0.232549009482805,-0.554993338097661,-0.814377126860804
0.055337868519019,0.405372954387675,1.22877843384747,0.109661633139981,1.26810240357417,-1.33964680138611,-0.508680586043982,-1.11342229836503,-0.29234926258561,-1.72943495136491
1.49963876882201,2.01432609683287,0.578557182615836,0.871705821504535,1.24653960273406,-1.63657078691483,-0.807963392276212,-0.987104799837575,-2.51568733321005,-1.19805041108809
0.043596770009127,-1.4724923355669,-0.178113238832709,-1.56858153471527,-0.0528268068755511,-0.253363438339523,-0.157337237705801,1.38022376963612,-0.483380108808429,-0.0929743500255958
-1.7872412670768,0.608099640027063,-0.690988756516478,0.680557737696185,1.07444109231777,-2.27625501849546,-0.49978775150441,-1.07951956609829,0.0621436613983984,0.808087381765101
-0.589822911983533,1.48026092578764,-1.02863546399621,1.19587520333143,-0.277184043830017,2.34798611568227,-0.866462806266523,-1.3572913842099,-1.72620629281342,0.318931906795729
-0.349276519663622,0.559371090129511,-1.56990389709249,0.378098628767828,1.02080510720135,-0.206709200320186,0.281269827280802,0.343365941504353,0.508773968758151,1.21080895132574
-1.42474592367354,-0.159046203192065,-0.937875473709007,2.71920412443816,-1.12673338442005,-1.14158274845,0.537092685412918,0.932878715510986,-0.00205341549648876,-0.616537657381129
1.25858263268756,-1.15477006499937,0.662851705576901,-0.857628649860141,-0.510421431353997,1.11513642419684,0.680679212687606,0.499115363452004,-1.46342320262515,-0.267233206211691
-0.668832206469935,0.576593882452714,-0.240568178634959,-0.239859388806775,-0.90385676530384,0.539220806327204,1.41849453045286,-0.407157973822213,1.43384521522483,0.594336937256176
1.11793239902245,0.328962849077338,0.0386789300043898,-0.0509938721097372,-0.480108484942553,-0.167018869538414,0.730425966010635,1.36248338023327,-0.988333939825991,1.11745800530128
0.824067051642256,0.591077639840823,-0.723135190174394,-0.160161635757892,-1.02799161705803,0.731120388465665,0.136291876560538,0.729318483930569,1.43253966732044,-1.38321234478605
0.518890635947224,-0.58457926708205,-0.914041385411353,1.52447636193208,-1.03056385346756,-1.96341822274555,-0.18022332398074,-1.47824934192398,1.27559838283394,0.43448786172145
0.321448375897959,0.0605633972160955,-2.0954661343064,-1.52449504876709,-0.774056320168906,-1.11679694892478,0.546921624546934,-0.528144033197142,0.174620652287753,-0.790050723433456
2.35753728520696,0.281488248468613,-0.075975658993366,-2.30047621517535,0.199282919805924,-0.36347227847919,-1.7854769878613,-0.114474262644599,0.750761197874779,0.62964578899571
-0.0699741227434243,0.249433011050811,0.772735890125979,-0.172598290182749,0.834659894537658,-0.218055344621695,1.0699866139399,0.592563051186455,-0.520363260313937,0.118814795862976
0.934805074985944,0.616850447200122,-0.00599826290195091,0.393944359882937,-0.0796982288476035,0.651999766858483,0.316499317229035,0.353826718414032,2.46791060296255,-2.28919007101192
0.612906750552719,-0.194142181530664,0.942185156088998,-0.913737594575977,-0.85217896404364,1.31639204536707,-1.09511311954981,-2.32433705051609,-0.97231982742323,0.158817554346232
-0.456739601882038,0.306600393169859,-0.59865899358828,-1.16763743343268,-0.246333737505885,-1.06282428521176,1.56174617360669,-0.409526588851644,-0.743895093626239,0.754112607479542
0.0666271632091246,0.089532616567764,1.01947921748888,-0.926822023998035,-1.66382805024866,-0.122337173680274,-0.929005521868791,1.80862011922434,-0.691664983827066,-0.950478416064445
-0.80588286503318,0.0299862795921073,2.24262913019599,0.462852350969571,0.203529683361777,-0.943612788977306,0.570417784217846,0.0475520163773739,0.589124943327344,-0.461292841777853
0.477239977814345,1.13311345687391,0.313300277967427,0.751271583382669,1.232471804332,-0.177511795074776,-0.604340855500502,3.28392977875929,-1.37117124337879,-1.23025794507855
-1.55646915573572,-1.26189022273942,0.884210756180355,-0.718327644110169,-0.996789275743174,0.509090123983988,-0.364500073630921,-0.960251216583293,-1.00720122702745,0.174073523270219
0.769961377672814,1.11328963280006,-0.144981248402842,1.61934025465011,0.639905112190637,-1.00584880460452,1.20107435977022,-0.632973939603715,-0.85311828529274,-0.197366262832953
0.0204635157064052,0.645219837737694,0.275156114822704,1.73860286293846,-0.950182059782383,0.112646836452165,1.04552109319974,0.217551740837034,-0.640410667574386,-1.06940341140619
0.298053235102995,-0.238437910495772,0.739734807215445,-0.370627709020262,1.07280515205717,0.145309967095987,-0.203087514898901,-0.787840308684141,-0.898684002454903,0.707266975171506
1.96808285637686,1.33080511313113,-0.367085967465851,-0.309010964445996,1.35772166978865,-0.510510534258507,0.0617935082409672,-0.212578235443097,1.17919704999719,-0.379282213720771
0.190468318843766,0.481879629435492,-0.323247747917711,-0.919831333040729,-1.44806278449258,1.21930330710102,-0.0360172002600941,-0.391990037524248,-1.03005608791009,0.479522834230094
1.37411964307383,0.331355370889757,-0.585361365192914,0.0520749419012132,-0.858531895090254,-0.740741994640178,1.84122083124523,2.28391706299417,-1.17206908305854,-0.643260930559157
0.960102010306353,-0.270547432455402,-0.41885574269757,0.501131958432184,-0.59358885248578,-0.493407594980126,0.107972463447487,-0.420908271198628,1.74047321349002,-0.679653191660966
-0.613788557030942,0.530213823450599,-0.999872175858447,1.33297225581811,0.390984486877082,0.337781822746077,-0.393641970744698,0.758501040872313,-1.03577210726015,1.93092752269154
-1.55402866582235,0.570991722563477,-0.950559116578304,1.61554040544419,-0.277376071931031,-0.0891999323223985,0.00214028566815116,2.27103597726722,2.14783762953351,0.542298495083208
0.662840510304877,0.783746792900578,-0.705036389857241,0.112418817304569,1.19495951269308,0.310020882338361,0.242122948035576,-1.58278750881016,-0.198724932686785,-0.620370739982335
-1.09981400070757,1.38666214820806,-0.128021614351362,0.718106574319708,-0.255857303501345,-0.949178226085071,1.06739096949559,0.762255311442579,-0.145732334021358,-0.0493861365834187
0.676824380318479,-0.220961263770072,0.730465388031891,0.212188958080451,-1.11261214456878,0.0117086325260187,1.25110486057421,1.03201417394802,-0.358095931729971,0.470048710012166
0.746031814101817,-0.707759676004927,-0.698093711710408,-0.497110585494263,-0.0488707494178502,0.497452299439982,-0.366927866760754,-1.05274583072467,-2.9049002059719,0.0201449821913288
-0.175599698375017,-0.0456077289300901,-1.10000335021768,-0.189039093495896,-2.07032111814392,-0.173636766034784,-1.29362251264533,-0.576062987303821,0.890179996760304,-0.222186659751851
-2.19395962869239,2.18432293828116,-1.52423575492722,0.380577562259748,0.337198604655639,-1.15046733404637,1.31897713851488,1.56115060311133,0.152115160637086,0.398970405249889
0.110714278864326,0.65541858718344,-0.353158035064649,-0.300493832020563,-0.157410365868691,-0.705413097821374,0.543374574403016,0.154373941417548,-0.746130756549716,-0.777915806355055
1.61332678029347,1.74585631234263,-0.157203442599755,0.518009809466421,1.74256180292304,-0.4135759170895,1.47059283600236,0.646026166252016,-1.95627132280056,-0.298757746192207
0.540174953617044,1.70329278103545,1.64140228953972,-0.438648818256042,-1.46153833877634,0.0521522744890637,0.386365371694729,-0.358930020398588,-2.21716210675315,0.976496752027843
1.02194433392265,0.632447130702197,0.907270228537134,-1.39189876363225,-1.53298990347685,-1.43625819479733,-0.616436385908618,0.88586768300574,-0.392133720270623,-0.302300416294807
-1.55857137420146,1.94811070589427,-2.17758252178284,0.604929132269452,1.26356962712127,0.184115716253974,-0.674814638197876,-0.554143374485497,-0.373341186168912,-2.44189799833707
-1.60015001575028,-1.00904122883299,0.334626654727239,-1.94296318118028,-0.324255537132659,1.5630067826446,0.154198959331359,-0.47931973122476,-0.841786680428023,-0.0127412156322677
1.13375097840797,-0.69682346406668,1.39629764920077,-1.55683916149534,-2.18683978963124,1.77941589637477,-0.879781194016527,1.256505499465,0.158645050447056,-1.22947326545803
-0.41718600089705,0.484080914070849,1.76717652683301,-0.776702330444674,-0.592056253969234,0.398961745583651,0.813525984180529,0.91665443405909,-0.685507545646147,-0.517125057776294
-2.08978681876363,1.62904484527688,0.854525182269721,-0.56763977626931,1.3023813122733,-0.890866185363748,-0.229971542984583,-0.0153250163805681,2.24134453846879,-1.09965669319158
-0.867183723717773,0.598902922475783,0.377277058799526,-1.32231984442113,0.321109335001946,0.651808340424065,0.126828724759147,0.31376499197807,-0.21543607552013,0.22578214162269
-0.31506207357039,-3.05645740753756,-1.38926369972451,0.534820329439881,0.832725779657232,-0.216414386764762,-0.982525428618379,1.73692943250713,0.941024946356795,0.580070485666748
2.05243903622334,0.0649695245552568,0.993819135416002,-0.615144406401018,-0.300109537411692,0.55067940602873,-0.503280505970896,-0.491298786649591,-0.393474960912494,-0.817135025554119
2.49616864596692,-1.50378481645436,-1.35701480850357,0.859704175245463,0.710336128609478,-0.912346352389299,-0.00650106794961248,-0.311362614485889,0.823795862300037,-1.24021420603185
0.829583683460343,0.250240186292149,0.281778630834712,1.65309883456537,-0.224679188584337,1.02051812337272,-0.434779102358555,-0.708589091949893,0.601683916949728,0.952301967959664
0.147266415123722,-0.0963080924860441,0.78330792787492,-0.0042477693239582,1.03625665794755,-0.449736079567481,1.04071853134308,0.290553566293507,-0.0452325305723411,-0.878838531038633
-0.140229984037694,0.214039048038653,0.553476711048769,-0.46402923570892,-0.971844601237586,-0.98124904273354,-0.256724045709283,0.00375401895940432,2.01864515930426,-1.04758663844903
1.87644658256114,-0.434509936391748,-0.622780772603769,1.04801717279819,0.902624047247139,-0.142707354167392,0.477530524875086,1.6881959508841,0.430936784318299,-0.424362136235185
-0.244754412690966,-1.5575041032784,0.223635074845207,-1.26299340079668,-2.10677404363375,1.1004883607834,-1.12008927594593,1.01971966173752,-0.690945451608687,0.316189169312353
1.49361071097096,0.293740693840618,-0.741508669488443,1.28545586045384,1.22784485845119,-1.19082858921434,0.985208630527182,-0.780091362208625,0.067672267012617,0.189180546673139
-0.955720129759371,0.369111028954243,0.499602779922512,-0.0105960872199584,-0.515956065638504,1.67992900931235,-1.65665310911059,-0.939346482353983,1.93672279864005,-0.951965084446624
-0.479257688812417,-1.18614981471742,0.213711131008101,0.226785456039706,1.80046997069898,0.204184902774919,0.0907068189567913,-1.57869208695526,1.59147857980249,-0.352923791016229
-0.624632733223678,-0.264077454531412,-0.139989703095006,0.428071302409722,-0.445173442524221,0.126999167777608,0.212235350859208,1.48446878995837,1.83453290714376,0.191752042770267
-0.855558245155016,0.243619201026743,1.02804130757783,0.0740059525100402,-0.0135735690787522,1.33874484142681,1.00767849418959,0.436949099088721,-0.885049751271873,-0.679304285949751
-1.69797412652739,-0.669240584851642,0.545967587265849,1.71669628012415,0.152131217336457,-1.0085514757771,0.348499153003593,-0.578478165023354,0.276673635099309,-0.57253869136432
0.0626208087151629,0.110139683640155,1.15423550401375,-2.20639306592106,-0.6076818682618,0.507444776261132,-0.721547645597061,-1.84128003365625,0.0183547296367464,-1.60317755171951
-0.412244827172915,1.63666452125026,1.29958533000639,-1.52496175870996,-1.89222210317924,0.140512168076735,0.101442684528115,1.77283410167622,0.221591071808251,-0.687731827670111
1.20244843326941,-1.35809280092852,-1.43679247236375,1.66161251695406,0.220432295392738,-0.681863479860904,1.10980696728569,-0.120471969305037,-0.82233010066067,-0.96456479628666
-0.508489596786718,1.30632621673578,-0.534080088263524,0.412610071748479,-0.106181365239176,0.109185718013867,0.829153234400889,0.15653679080833,-0.182686076712394,0.423979874101708
0.811724451435853,-0.78501953990714,-1.27171547062348,1.17323441076326,0.590059035829468,-0.950204984958494,-0.815239524660375,1.296285687328,1.54771038633625,0.055111227797878
-0.439175572201407,-0.537400154903489,-0.746699270146045,0.0104161213711439,2.21631962191362,-0.086516520425892,0.256961663198923,0.0459705814459406,0.291642303530374,2.03925802199016
-0.580854595128486,-0.0881332788368235,1.26760074026228,-1.91934758827696,-1.02663456807314,-0.575166267670107,0.60764558907961,-0.903438117932142,1.15774642011343,-0.842903685091075
-0.0464649518421481,-0.776076023446682,-0.169118749156488,-0.673273808306799,0.515864081063095,-0.602599313197186,1.81486048151901,-0.500386989536288,-1.38246778237149,0.983742838823611
-1.00588707274496,0.472783270863027,0.365914482090254,-0.903594836283544,0.906533517797052,-1.23011403492821,0.368012530512499,-0.793154679956144,0.103523924381563,-0.575929614121283
-0.589867169533858,0.606302885348643,-0.153546889174135,1.34598720550181,-0.0997892178510535,-0.425435162572153,-0.71823707546818,0.711584347642467,-1.63202133003318,-0.268671305995846
0.0512857522282832,1.27557540876636,-0.152348162457824,-0.241929820020691,-0.45398198839698,-1.37042250685787,0.781200397464237,1.24171041795686,1.2024143039204,-0.423615816015827
0.765521273583131,0.43577160419091,-0.253291499563257,-1.12339103654338,2.49065865877734,0.308055948825227,-0.845406239853892,-0.647815371126881,0.282946471921155,-0.425466664928633
-0.688044295134961,-2.43835533890082,1.71349775233836,0.341562269727469,0.643183844497589,-1.27463792970366,0.0117752028102544,0.228268264658288,0.418284072560783,-1.25550481009609
-0.654785297276698,-0.123790630485565,-1.15805458984066,-0.213260648087008,0.990087753821855,0.931769861236675,-0.282587100229381,-0.837685063380548,-0.485468313520914,-1.4371532778693
-0.344437354171725,-1.43203087836399,-0.596958967593993,-0.185091907748989,0.822140033970128,1.47523207547599,-2.15650065265937,-1.10674350919579,0.677018119417793,0.361582497365659
1.04955402523697,1.42442471260874,-0.17234939179817,0.592432777649017,-0.815224053212348,0.756740974648571,-0.643173984153447,-1.52539626159228,0.0595075108621034,-2.04473751888435
1.35223010440024,-1.10246958264202,-0.360173220009053,0.0745396980045636,2.994573725711,0.0252806393609633,0.462399797427334,0.660677578657459,-1.263698475143,-0.0800699335297044
0.518887844997232,1.76086575848386,0.494688204387217,-0.21832393413971,0.0546266272409236,0.461382456736332,0.642312512460023,0.0795776846706502,-0.25101165420659,-0.348333366053381
-1.44083940426279,1.10713855623896,-0.690051248013312,-1.03136556959442,-0.607524298986317,-0.405093920549676,1.23533527684016,-0.696664732479398,0.47731249830896,0.958987437803928
-1.10342289512684,0.612665447346334,-0.238582663745813,0.605430930946547,3.03714762091465,0.992360606679636,-0.994289771813731,-0.0178724142383498,-0.600786478438783,1.29457232885444
2.4444714438192,-0.137347287776555,-0.492852413597174,-1.37147855021355,0.209654542106204,0.0177076203041835,0.560127157740176,0.375010898410801,-0.0645662521310089,0.498672265972177
-0.49228193737291,0.407512915672935,1.32700268502279,-1.61259539760032,-0.325315662172851,0.503723023947541,0.927181566661771,1.03864690661913,1.68187736669995,-1.73449164912107
-0.0922633670625522,-1.95440643610711,-0.328657013932638,2.62065904644365,-0.253192043201436,-2.41887066397801,0.157612622851256,-0.652680936216591,-0.0623675887835968,-0.167104305633945
2.52615398521361,-0.89621643049528,-0.412937986442195,0.841711251386498,-0.283670646961901,-0.697983649606515,-1.64081690152989,0.576118377072509,1.92746440779494,0.666910563688187
0.785194140886051,-1.39232241291531,-1.01460576079738,0.712932313099184,0.983890749002647,0.0724914925228107,0.709991126053938,-1.75866068163334,0.495260659602378,-1.21816405495321
-1.06042600856677,-1.18606815103717,1.73959100767522,0.0792495466827426,-0.721399523778892,-1.12963533338656,1.1600253032577,0.275306547179676,0.447209632861519,0.199264413820156
-0.136332420232919,0.44412819053718,0.139741299434611,0.178939528725908,0.149379541027549,-0.397047111793752,1.4174868203501,0.341888886466078,-0.477094181400503,0.481765673856456
-0.957977039008462,-0.700169740405907,0.664828811888443,-1.36538941011018,0.247072388772934,0.340221467017216,1.11905421428069,-0.782744535816576,-0.124609241624225,-0.176546101503261
2.21616834198686,-2.80061052225625,0.223827252632974,-0.287539775364642,0.0981575063361165,1.24835996071189,-0.726147058488237,-2.30632949969019,-0.184757239049684,0.508885124069012
-0.94896488938294,0.267860336630782,-1.56955944982432,-1.11675657245471,0.163953379252451,0.0317926568668052,-2.72497830208425,1.63955852401829,0.391105990153765,-0.664214217710765
-0.382908517989696,0.136984909145656,2.23117764902747,1.3509641186583,1.74055196407074,1.12201238151709,0.0822052056023965,-0.0997424717303475,1.34587582527187,1.53466006096735
0.999278264986601,-0.223632927731714,0.517320534297353,0.0056090859162439,-0.367496636578055,0.434597102511712,-0.53408114216905,0.511367192076334,-0.707056460717386,-0.837685250693526
0.688442467373651,-1.44131485624256,0.395058029411835,0.00322627830712455,-0.103794217701345,0.441790311367395,-2.35919083877231,0.964550770023506,0.40026868713553,0.641075970436875
-0.879274248083137,-1.89684840917804,0.501336040501223,-1.09437056318123,0.304381467352507,-0.167324877283324,0.16496150280107,0.636630164680113,-1.62844447409571,0.290347804146537
0.22419925762793,-0.103279877907195,0.0442589823340853,-0.576884844168004,-2.51018269322799,1.31844090063057,-0.146105544279473,1.08906319714697,0.473131632788958,0.768899537064635
4.37580347875425,-0.0668455009598524,-1.60343399369242,-0.0621083089348988,2.34157154038031,-0.153135971694018,-0.893936589155941,-1.50509838322704,1.36908880123688,-1.98520493793554
-0.938452908438424,1.29779239153249,0.280386247008925,-0.0473939264339234,0.407589965938239,-0.317397880057594,1.17232460444606,0.4693262134341,-1.04973801834009,-0.788781096400337
0.0185536439284012,0.0412625819896882,2.18908945011697,-0.217507359377974,-1.47152851211524,0.707096817134484,1.60780207639867,-2.13154966407893,0.392522009612393,-0.265752096396227
0.815776057411918,-0.502652530450701,0.329233663855256,-0.090235847188433,-1.49203168100279,-0.584172500108519,0.412667538838284,0.98928891581746,-0.435256294355015,-1.03918088706846
-1.84753165244369,1.03757709718054,-0.070943390686324,-0.180650447875776,1.34038549007517,0.359323125764018,0.507871825340273,-0.793075843242924,0.972938256188206,0.741241598959015
-1.8049792344255,1.41610356338863,1.61080027495997,-0.898349948598901,0.252103007212712,-0.477179947153209,0.59720154219355,0.0434152641257116,-0.983662530676169,1.49832821521309
1.68890354753675,0.0245188165624635,-0.563134222630074,1.88842266072822,1.12945209065072,-2.08409775348341,-0.726900642230737,-0.327035992984166,0.788258460648086,0.283708294754902
0.821861100035125,-1.0025281242985,-1.02960422159449,-0.187847474709844,1.0039458113849,-1.71464052533851,0.794191102249015,-2.02401005517372,0.125862258719095,-0.518591305174382
-0.134562079536749,0.74213451643373,-0.642339386421745,-1.83717488378446,0.219614884465611,-0.41579564185118,0.649273235652101,0.521562882103641,1.94063362975434,-0.257841240316326
-0.439217426516842,-1.09865754487196,-0.281750433795901,1.44606068184999,-0.264140903313654,0.80573367891218,-0.18198811765609,-0.758780205321516,-0.00982229372106273,-0.708586525244901
1.47153060320225,-3.14960599603222,-1.25156342699478,-1.10967427562393,0.0831496562663419,1.70473263253354,-0.546375655279013,0.302116108272623,0.125125321418287,-0.195293751603106
-0.460966285879617,0.323703881147861,1.8512614382314,-1.65615099293446,-0.65466324834452,1.08700230590694,-0.148301695669293,-0.332185621892936,-0.973266885966836,0.656863724978633
2.89084608468612,-0.929535054953154,-1.62056984481007,0.867426432145763,-0.112316067973166,-1.15189732473406,0.132570061559873,2.61919577002547,-0.0722046746188388,0.114792857014761
-1.29557156670325,1.41036417445171,1.20088553985558,0.795118612771329,-0.669905979776376,-0.0124576027058151,0.753516230146127,1.53937531718671,1.9686049899868,-0.493502620315239
-0.614437624354671,-0.916757156360618,0.170313119677201,1.40219614095825,0.882400242474187,-0.605516711521259,-1.62307972115775,0.998470217284893,-0.283353174628948,-0.979524247459688
-0.0666944367284915,0.35323273893848,-1.06545901239856,1.03113630541511,0.895005413336931,1.04963267877455,-0.525059185865265,1.45518494105035,0.0412308077922978,-0.0560311287114213
0.334203410491185,-0.401802635001324,0.328647981394388,1.8948163985871,-0.659921922843164,-1.15584624344061,0.449887450580764,-1.12887861967775,0.211691465224583,-0.728343643666582
-0.399699206486043,1.83749434619794,1.68440676331127,-0.811719699153568,1.12346364149666,-0.636159877008339,-0.462035126466962,-1.2292530284866,-0.115082334226833,-0.068947546201549
0.337170647589529,1.00959110613583,-0.825496797735673,1.61573477792919,-0.159436104743063,0.327529653007301,-0.817226811905189,-2.31659308373103,-1.0635811206101,-2.5170918783872
-1.50724503043225,0.699116292430178,1.03472847251285,-0.098285100939225,0.621593345608812,-0.709875402428107,0.257622116777656,-0.768818253060012,-1.24806291026095,0.307862769976518
1.08626655972499,0.08895214106123,-1.50796510605153,0.029594567732186,0.249388764975798,0.207980554565457,0.341953981010891,0.663224713308098,2.03520281859094,1.73407622822857
-0.751348331153003,0.920874422662312,1.59400459427713,-0.237113140048642,0.10118296628872,1.09693061046354,3.23846399098159,2.23029297537499,-1.0335445672535,-0.194230777524192
-1.31206734765282,0.67002197271352,0.197157957746771,-0.99612876799296,-0.605097759068299,-1.5713629377909,-0.229785127451143,-0.71148398862462,0.650396717979874,-0.0328218513646973
-0.372504700388566,1.20387066475022,2.6860587053849,-0.623498477333322,-1.24182624779433,0.975887820210662,0.804653069476474,-0.0467038648944881,-0.209464808691685,0.649758249697625
0.841257015386074,1.20598873968815,0.991148820632443,-0.731541652011048,0.0572862877862162,-0.749672101958828,-0.413655690206608,0.157103616950242,0.448936880310476,1.22803738884432
0.911123140067121,-0.534723310938406,-0.411623438612316,-1.19321758119134,-1.42562637611823,0.136850437095031,-1.93645157669993,1.85025055302364,-0.524172382469504,-0.361493421671928
-2.17011861769393,0.148516869028696,1.25535781765535,0.647539308435805,-0.604134522467846,0.108377381267758,-1.12581194211903,0.58507492428197,0.530952785600939,0.0285569928213028
1.33963310839496,1.81435028865973,0.519890725899715,-0.738592671431851,-0.629830900064906,-0.511603672234366,0.475586293610018,0.167509625714138,-0.0528223901551687,-0.965261710707854
0.278253258095108,0.925315395000816,-0.34136074923364,-0.123035075387216,0.298257494929624,-0.379802315390319,-0.806445557322218,0.175890617544309,-2.12203528820865,-1.0351340147208
-0.500625794840861,-2.27001044765503,-0.201982617227775,-0.605019273178476,2.38651878512667,1.21345982850029,-0.71257426871868,-0.285166528379321,-0.445651696205613,0.0705671769407248
0.488713819901255,-0.23984391171876,-0.0466109284868014,-0.36291948223157,-0.553251137218672,1.2686170453943,-1.26101721004435,-0.671013257416445,-2.53762489559374,-0.0181051546495418
-1.01732099633008,0.01705691711943,-0.612869598789361,-0.390317602073891,0.449694861165836,1.4759690788303,-0.883183113478268,-0.99745785259578,0.198044512862494,0.272122625061894
0.641439352595735,-0.966310248499941,1.04996210027481,-0.285984719431847,1.23486587834827,-0.683269574492299,-0.922213286977322,0.820709119307312,-0.0842571845089434,-0.137085676272469
-0.110716355070675,-0.983481645917137,-1.26756744327066,0.137220604273534,-0.0679620124562367,-1.51279197447003,0.0499797241364536,1.09634570913801,1.54118448013056,-0.206734563815356
0.710726299510134,0.884364839115539,1.59845556240373,1.91779331045681,-1.10400284664423,-1.47276311979891,-0.7084858483596,-0.815477566101974,0.585200736697304,-0.936067645944998
-0.630940952080743,0.162485344663992,-0.838443563657713,-0.678272892935359,-0.044531483645548,0.371226508193698,0.308747552552468,-1.31767784928421,-0.613623988566712,0.27269763731439
2.2340706405422,-0.658968667619419,-1.87076810441936,-0.0446123083482397,-0.303324148207494,-1.79748331302697,-0.725471322802843,-1.77493896948077,0.160817414872597,-0.0596585635485964
-1.04547214874677,-0.232419790901607,0.00946805641589482,1.4572579723186,0.417911730897445,-1.10354595538192,-1.15779181453394,-0.0812648756277393,-0.970211511719856,-0.616226100993136
-0.581990454958542,-0.39761038514047,-1.60567582540029,1.82269311708933,-0.143387943697094,0.529624743596435,-0.340756366058228,-0.0791209941255206,-0.361909312557739,-0.428929808878381
-0.462899808797419,-0.459804161364514,0.786067359584977,0.681071485593926,-2.05161074708196,-1.64093247311372,-0.504410098534714,0.79365463524223,-0.422783708700216,-1.2588189365833
-1.17122037045755,1.70194445445237,-0.408532537398912,0.648749682088235,0.84126506289611,-0.104412178900491,-0.621973118396173,0.0922488554460644,0.483700052785734,-0.389872199033026
0.226780165155326,-0.0963243117876938,-0.545107326427823,0.0268847437982306,-1.41731001543503,-2.05651359774507,-0.648756804732191,0.4540084750226,-0.373605445753485,-0.487423224068379
1.64882841528762,-0.144620044905255,-1.06654098688246,-0.568887011398465,-0.403964387356539,-0.85860431470922,0.584649630154203,-0.0187625963987049,0.659971591474265,-2.1071588533344
-0.39518600086547,-0.310492548831513,-3.10169126281347,-0.25920982582047,1.13472776814509,0.168582257573412,0.228795301385299,-0.853897466150526,-1.26507324048732,0.103110806846522
0.804235642544736,0.213016500632752,1.24858976058597,0.351193385571861,-1.80564139371917,0.701161972681385,0.621120514138585,-0.0437009357829934,-1.8370000236914,0.587033581171095
1.68348187810446,-1.31534750305022,-0.659982434330821,0.315794821941898,-1.98076790848161,0.96060915535412,-1.89552221952368,0.883648991293531,-0.6354555518815,-1.41508692178583
0.301904581133997,-0.414245290243213,-0.660148118255535,0.862126934873132,2.91780641999526,0.376986031951408,2.06774899415912,-1.00719856968092,0.534013030784071,-0.42898911974777
-0.0364390639536101,-0.627826341281844,-0.217106338047613,-0.296043318085197,-0.338523319183855,1.50930492106601,1.2947772919706,0.302178868028205,-0.784294638384445,-1.15507751574531
0.137489721743625,0.977504064940102,-0.075787558006814,0.300324310642511,1.60091314872003,-1.49044525462139,0.473099266204477,-0.473199950710011,-0.253791404083498,0.817978440887676
0.788731427352961,1.67840738453244,-0.905219147255681,1.00125091187124,0.238433632070599,-1.08035467354889,0.0405234619139652,0.536269401707434,-0.264973205078998,0.219262862644217
0.724479335870706,1.16006364115714,-0.854638966721494,-0.0294494178237749,0.108082275994641,0.101927220483969,0.927978066382355,-0.0357875422214737,-0.205257335177587,0.494843447971845
0.377931056613138,0.908881811544847,1.78139440793542,-1.39180108965307,-0.712812790924753,0.93179300204796,1.61459422234448,0.631459512940118,0.172139004135232,-0.498723460194714
0.0300206980821466,1.2937395727102,0.215089280678605,-0.768901318179334,-0.642245657977295,0.539334764459194,1.16955754262714,2.14912417602509,-0.671379080726766,-0.988123761240711
