1.47743463049217,-0.464231915899199,0.14117289394349,-0.0278004523628302,0.823660091475224,0.493952358348996,-0.452107970306447,1.08859799262304,-0.484464813340221,-1.4381953477533
1.08255705647458,-0.238579124863646,-0.60662744237321,-0.245354676093153,-1.08445172090063,-0.995864875303261,0.840452832205312,1.09810010774222,0.627031106010243,-1.5804244402488
-0.587962337827308,0.790858000266419,0.295413086778219,0.198511584292127,-0.111672247820634,-0.399231349541932,-0.750080545712154,2.217182639255,-1.01489919188893,1.01796174437227
0.040472894164655,0.345412463385115,-0.46110860797149,-1.12770637767854,1.94269140173644,0.236238849879471,-1.2604407108498,1.42111208431384,-0.961679244527817,-0.449873232162084
0.0819212712715512,-1.39954927802109,0.0218328575810686,0.205373932275435,0.563549382480971,0.101713710924959,-0.790114319013212,-0.908353963604442,0.71836179635779,1.09315542481104
-0.446333442269099,-1.5765126831208,-0.817348746259715,-0.827505668636786,-0.090739077674858,-1.23782749900739,-0.377618633436238,-1.02194174639872,0.675034080148646,-0.426178395260516
0.525452424297884,0.0121912579683376,0.581922129184583,0.65058355390441,1.66908389940819,0.0474685140390646,0.141966647354251,0.322136133549253,1.46883328067568,0.731786232000748
0.288342703712689,-0.0613038337538284,1.20379628329646,-0.300885161535749,1.44138658121878,-0.526719314743366,1.78333351998374,-0.340904605351146,1.27716334924871,-0.605002188319391
-0.0899497507339911,0.120511956217465,-1.33124334723486,0.640813826878363,-2.10622160444176,-0.339927305287107,-0.685151737763554,-0.877546996894269,-0.790318739358364,1.34792188582962
-0.27924655466438,-0.566254578008089,0.305929132129991,-0.644762418763049,0.181555306645,0.164044942697731,-0.330962759879843,0.241412118888229,-0.902172821767693,-1.05577302923421
0.0800600347319114,0.539518611707433,0.746955728896286,-1.22379497242508,-1.7292256150642,1.02991959038197,-0.18154613235387,-1.12546861839012,-0.221447148405977,2.27110725479741
0.307409572436463,0.84324606932853,0.402752117559255,-1.21292746665502,-1.58164062937379,-0.564326970981042,0.779189720275638,-1.10244145636222,-0.326774707326402,0.272629482146668
0.532271085913207,-0.989275139821567,1.11717881491478,-0.888487200583213,0.185676730011183,0.0709212679699952,-2.06479005307501,-0.895584770637563,0.375310960028014,0.840572236047676
0.0432407487543146,-0.181329329370839,0.707378322844958,-0.708653686016971,-0.372609434320934,-0.867957744744942,1.60065218723672,-0.075889732696353,-0.987759580902529,-0.502853658957699
-1.97201783450362,-0.754431509192524,0.612974481492543,-0.480537687819141,1.00176904634458,-0.123582063647967,-0.405067451883464,-0.694581475069882,1.49764728606307,1.62278110489512
-0.7967463457649,-0.0527364883959976,-0.433526247482337,1.02137499394666,-1.31643943006004,0.324060531517921,-0.742181877859313,1.76225721909944,2.20606061866861,0.857012607885147
0.0529498312256652,0.26090429117021,-1.08122698777458,-0.350727998129786,0.465766414908816,-0.982746452402555,-0.0805568195451085,0.403280661664336,-1.56157004169464,1.78815171276803
-1.16623782976028,0.916932484625302,-0.750267706606363,-0.855483479044711,-0.0819190270573266,1.50262302345558,-0.728013574500583,2.1780870879473,-0.0766061270106054,-0.0843374140443562
1.4794987850712,-1.39718072890221,-0.309497107863844,-0.238485590856024,-0.765284751711233,0.568046398072459,-1.20795361793706,-1.14287490854687,-0.138595853437144,-0.751046102525751
-0.999147128624748,-0.00533736551767115,1.13756427840339,0.152137928936289,-0.57242627354247,-0.453709359139428,-0.579278467720478,-1.42095355204144,0.798106934336387,-0.380135995150588
-0.492631949648295,-0.81611884367641,0.926119573592769,0.632460445327934,1.6973441403249,0.504018977009341,-0.0608427610290022,2.04386747297193,0.934552408016255,0.879550637302291
0.51676447457194,-2.07910832063211,-0.0701980766135415,0.769574801568136,1.42555002428485,-0.613641909166795,0.562224465008381,-0.0151681946686123,0.262929365691625,-0.126957350255257
1.08817358160003,-0.515816999695109,-0.215933196999582,1.89763457969427,0.661370145519067,0.423308577469004,-0.811089699070561,-2.99211114756208,0.730971976805377,-0.115202649870714
-0.906650722568491,1.59504024095799,-0.838226422524118,-0.282166386677479,2.0135890927569,0.193683358975538,0.313558530385399,-1.04836239626386,-0.226961068581582,-0.21496823677686
1.24345338826991,-0.850589429234228,0.0181452383475075,0.331191616427035,1.36965816349339,-0.702908594908905,-0.253399928742729,-0.180086406660912,0.884098796701008,0.724202951057172
-0.158009352569391,-1.24273427517095,-0.438582975552242,0.184897670284041,0.715622706191599,0.716963397979062,-1.84434226645794,-1.07247109035029,0.427643957867131,0.432202280934863
0.602304343559372,-1.76819892409915,-0.723496857327955,0.145511836657623,-0.417834218773388,0.758664083341953,-0.33238016059273,0.69522566450257,-0.228526673246156,0.63134230297361
-0.886531389931056,-0.883712082738528,0.530016798690942,0.0475888728068563,0.779305957454221,-2.25199481993492,0.655278883370671,0.329458133722009,0.697964217330338,-0.258441331095126
-0.784052735307592,0.471342508377624,-0.123421784094372,-0.811959713700641,-1.25966511823917,0.419858871527553,-0.741110066594529,-0.621591519781095,-1.48072381414018,-1.57866883530239
0.955389321630901,-0.62536157909709,-0.30871482990426,0.249353523480819,1.31298534816024,-1.05303586608557,-0.5512948421431,1.63896351184171,0.840307693766072,0.295764357125221
-0.105472092065664,-1.89166317968836,1.45739894250587,1.73834776008097,-0.22261114845944,-0.825317752567404,2.13064534947818,0.755183079898469,0.20654709140427,0.69185322316989
-0.727216604491391,-1.99056329017959,0.539158787910154,0.0429135199606847,0.453543225287197,-0.927009391102847,0.473328510407795,0.908986571645994,-0.201001545609075,0.639735387830252
0.641548834104508,-0.916363787746115,-0.322291638358253,-0.53617816334695,0.674632036351127,1.15566212256886,0.13773784072116,1.20348394010857,-1.4976632089618,-0.00667034353587273
-0.662968681748375,1.73787917702409,-0.422480581322964,-0.917662451220708,1.00609347221873,-0.91777724909501,0.563500777278322,-0.133346005722732,0.594923412556812,0.984200268954357
0.0636855179993576,0.548991510521743,0.677124971786706,0.343523398597347,-2.03874651153514,0.0263463339259217,-0.215836713413417,0.562380011529555,0.904850600087925,-0.758034691272948
-0.598849484369826,-0.423125272275659,0.385090606456334,-0.476594108429131,-0.803294518536114,-0.995700218575946,0.735790613351804,-2.09042609701464,-0.666609566272629,-1.09315190864464
-0.288980174046269,-0.267805256491967,-0.461613368871676,0.286658348052037,-0.396345249790859,-0.570620747614472,0.387113393159957,1.33315983142145,0.144171046092077,-0.983450856484419
-0.145186382158973,0.417162401283155,-1.31054427889768,-0.156378415671019,1.0476081303949,-0.924228313268079,-1.8253029395395,1.44236984736743,0.375424472184842,0.518709182088058
-0.147517094254175,0.771735143438735,-0.3849298643826,0.405800751263623,-1.05125218331095,1.62973620003002,0.557708916340073,-0.338751028963333,-0.0741526289495037,-0.823142136886439
-1.25666710801562,-0.752558683935193,0.000254834474031656,1.36188525057272,1.43328928577875,-0.0535795554925889,0.0668683729064403,0.108602067912532,0.15155451989866,-0.388357212581088
0.60649124909066,1.49886374390479,0.149504467225148,0.397345466186272,1.31421322940291,1.28317319269581,0.0828753874919744,0.0356107903207987,-1.01326373755098,0.757670990494353
-0.511379381720861,0.856513199315312,-0.828567716623948,-1.41112777659708,1.25230143396231,-0.635145282676908,0.896716513082815,-1.04021568378334,-0.0181479101900469,0.0405753470105407
0.917421413318206,0.948840478520713,-0.11812903156961,-0.521040041281357,0.452909213273426,3.04374583031802,-0.816858431834852,-0.907163556520846,-0.835773980214653,-0.536155518474766
0.369260605375841,0.7021510562588,0.713617402832089,1.06992917282784,1.96580681978187,0.404209580862467,1.13081893236042,0.600841188391016,-1.10948141406299,-0.757441072000895
1.31356120141694,0.86056982238499,-0.431668465622767,-0.731558819720916,0.30000043290576,0.866823589092125,-0.782924499169577,-0.682864662623593,-1.24541567917465,-0.682736305607632
0.591832199019395,1.4223805475935,-1.13231313681383,0.236737742420903,0.310939641826601,0.809250530418426,-0.434923720227884,-0.128837154587902,-3.22471523646262,0.499701776199313
0.402627763017054,0.274076070089527,0.890977676317927,-0.260904723948007,0.345721764723657,0.423405407909425,-0.582181989922868,0.0629233627722582,-0.384278524109139,0.918136317547533
-0.656836355931582,0.864681756324232,0.0399789531876821,0.239217617954751,0.326502358573394,-0.781058230261377,0.00415713491593448,1.36679807473215,0.351964108804902,-0.369798047173949
0.180278189265477,-0.0109594779077714,0.270778957610069,-1.07777290252537,-1.05763133269193,0.799180968745803,0.845407397897445,-1.43691475864371,-0.698724327574876,0.641514581892143
-1.1618531020032,0.605738836369999,-1.02343350295884,2.0669016543327,0.0091920874281983,-1.44741520961696,-0.48014272889502,0.109301495480979,0.976121599559704,-0.737890180807432
-0.941572569981348,2.08749905618676,-1.26877206891126,-1.44032533847245,0.0947504796197774,0.0810198574890042,-0.165297982052766,1.2303857910939,0.878274132278344,0.895901625623069
-1.32271456878167,2.00767591116729,0.58547248138545,0.187950893810771,1.45368226931266,-2.11392884570527,-0.228561119185047,-1.48538844140634,1.20734048912919,0.168984039317811
-0.122775052858364,-1.18098126431327,-0.427572904627102,0.406432167170284,-0.454923849810756,0.339251239905619,-1.23889081351439,0.24815314559819,-0.849245594422914,0.96874916055334
0.77313001863695,0.0188252993399987,0.49210929466088,-0.0743957900771451,-2.1762592705823,1.72148076973225,1.07342634409453,-2.08569928380897,-0.136119807313489,-0.138569925988521
0.899824980277397,0.417807404935727,2.07933011335734,-0.121532528227222,1.32580362015367,-0.878096763134797,0.387470875282855,0.487614378284691,0.732996096934239,-0.0184225788291747
-1.31077850674014,0.137060603173783,-0.581981379718652,-0.449294109671777,-1.46304686766168,0.733837334302998,0.0508717509691709,0.0874828591271329,1.1276169437698,-0.364718683905429
-1.558410094822,1.34706318615891,-0.370582997977419,-0.818377001292571,-0.997178038176726,-0.640445485360464,0.414382383318202,0.442708363249152,-0.0166585363972534,0.380259495759398
0.158358661318067,2.38821706312633,-1.10509795555508,0.228160064131528,0.260235001269741,1.43128026147423,0.867912698806322,-0.249811859636194,-0.48363175382907,-0.491891398292223
0.00305025481696941,-0.0641544661579436,0.376989086117868,-1.1703876336636,0.0461070513577823,1.76845590038919,-0.753246568776601,0.818811729168041,-0.671108236162819,-0.124138546392582
1.15834210816234,-0.990929221926238,0.462102135291447,1.07485728634131,-1.29018803888885,1.97872881535313,1.25944384877517,-1.86765427243725,0.684386822945132,-1.64694072285164
0.292614185653976,0.174470788856528,0.984804118398359,-1.00596202996207,0.733143314237446,-0.0615147739948618,-0.53461103301967,-1.13539203322329,2.0825878792135,-1.20634445517441
0.298680733967938,-0.251450175263373,-0.841783828178498,0.135146171868801,0.249752266427588,0.13129027106066,1.48204646421546,-0.554265786109012,-0.252905074111124,-1.83368637747834
0.09518372474031,0.549223286104219,-0.268191554985079,0.049140687713778,0.288119445212826,-1.46474983756151,2.49351611188024,-0.407158087363596,0.589095263500582,-1.05269500167204
0.48299191088665,-1.0921987312052,0.38729170114159,0.542486977925116,-0.992281723065739,1.19752469440875,0.25212512038949,-1.51181343402333,-0.673744517643512,-0.00132330898778596
0.164349196224595,0.10243574529779,-0.502272180886415,1.6611026559499,0.0106039007810615,0.02854001892726,-1.0165952391938,1.08424131811375,-1.97810710879498,0.330773258494901
-0.57320412990482,-0.0210363985375366,-0.868743692760716,-0.988784825391402,-0.732539194190203,-0.939802019819263,-0.923106758289195,1.71944354266214,-2.09727369815675,0.567956386264079
-0.586432427373197,0.0181645875705139,-1.54808657509289,-0.0847022748189673,2.08061227402747,2.11385366770651,-1.52339899037351,1.4138751882727,1.22932173498986,-1.16226110165952
0.225918816525857,-0.183310788474143,-0.0655336556211182,-0.178671483308537,0.264681168720509,-0.74460500397812,-0.230015673600232,-0.968121699561117,1.30335707879931,0.125803927515717
0.518647571572331,-1.33402046247878,0.987188575201416,-0.32535519113736,-1.08365522442724,1.32711777418995,0.502426296398697,-2.67855951361641,-0.877413174121444,0.436260532055874
2.24996915803848,1.02512847148274,-0.279734065284823,-1.02768602286028,1.01962377514218,-1.25527936755137,1.10034361015406,-1.26818489917647,-0.286216463682779,-0.743212610907778
-1.03521780633121,0.137287689847284,-0.232559176518171,-0.202247662318809,0.8001701792022,-0.763160118040052,0.189904158380132,-0.336606295253469,-1.73299704656578,-0.487581334337114
-0.81588539730615,0.494533103571587,0.927818794410995,0.773539786362611,-0.398736436581635,0.00118289034624527,0.542397985846767,-0.200256519853957,-0.571146976333899,-1.6956651591457
-0.266275639073314,-2.07016743111673,1.60772133881746,0.47999246514002,-0.952853853071279,-1.22215883893176,0.669116711237514,-1.68303011048355,-1.76736617797532,0.575088462343944
-1.03478049110312,3.17367906781572,-2.28359142958959,-0.67774502001792,1.08241974878877,2.38367532668474,-1.41670459559199,1.65725294447666,0.833270590061623,0.0505218714473046
0.588676520207703,0.847656493531918,0.585739536019076,0.558351871338763,-1.2381663044708,0.0579955230310838,-1.02940207477598,-0.750173526912803,-0.527075747839894,-1.31027202665584
-1.75882638676746,-0.318907238787141,1.25146401326835,1.41641549692157,-0.447078829393131,1.16280761118947,1.52703850454216,-0.395046317857798,1.14342605066319,-1.58262242209182
0.302499980350792,0.392436139434003,1.00012817583071,2.30593078382813,0.438059030011902,-1.70601202969212,-0.172610881767207,0.859223911274684,1.09472573683439,-0.506832180270248
-0.170692121424254,0.547227878326459,-1.88134334555717,0.856695757703393,-0.0387564372171237,-0.281613222818138,1.27564270330966,-0.838348997778979,-0.478400071816036,0.308242285366308
-0.644508651071779,-0.371365953497239,-0.145911485373236,-1.29234804380082,1.25628306361535,0.708737675803107,0.783688058753425,-0.413999261016974,1.1774162318178,-1.89604497415777
-1.7322532285131,1.22144731641391,-1.03638728745874,-0.49565832040227,-0.00208576829914708,1.386757938027,0.127093211514639,0.735315460868532,-0.243305370530868,-0.543795751119379
-1.03010690729647,-0.196017173254606,1.04402549579858,-0.326487458717294,-0.747985784573534,-1.50543022132701,0.363254205297902,-0.13652981982986,-1.34439258257303,-0.214308315754353
1.21694760017753,-1.08142041213687,0.994733979790577,-0.31770208609696,-0.925653426421259,0.467557423013044,0.162426921407443,0.385494291499985,0.0697366358165311,-0.962784282560977
0.48553000734541,-0.0548069634676912,0.551275118825692,1.20600664926328,-0.461856222373506,-0.569132159132015,-0.320059056398315,0.684685933616923,0.345438927048192,-1.13599630604273
0.428004687372183,-1.15539022271761,0.629853785545556,0.525561842939878,0.73597904577885,0.201068593007565,1.48242176790823,-0.416601214005485,-0.0938627876446151,-0.938359943109064
-0.488856414651054,0.0129973685408197,0.813914945667142,0.0593229040027705,0.646583883866663,-0.668775567443278,-1.67972743394493,1.97122892146052,-0.202381472470982,-0.448504017047119
0.0886535883447844,1.7520546339897,-0.469138002513527,0.722900815482876,1.10862799313919,-0.244176982542268,0.692919460609694,0.650676157757024,1.32801206689417,0.289034372945446
0.527205236261257,0.440726633969346,-1.75063463537729,1.20744627162025,0.339646388778279,-0.531308188169162,0.683066703627841,-0.281421139878487,-0.0981124639872611,0.39309012502662
1.74154031921686,0.723651960037355,0.386034826345521,-1.1842807348561,1.08719665468421,-0.516858271990812,-0.213309645844577,0.823182163551932,-0.262388740103954,-0.750020235847189
1.1834256464652,-1.92040686942179,-0.47613086514537,0.600285562525277,1.1105289954711,-1.94219089570463,0.85742820671294,1.81037733656728,-0.134538936423445,-0.442261287737246
1.1580230534005,-0.750352399296466,0.793134704235628,0.131039209766884,-1.67988537510956,-0.86806313946389,0.53677201912795,0.115499545624549,0.145414164364171,-0.700209461749264
1.51142239113376,-0.516328536792268,-0.835707306807616,1.25284304059515,-0.0944602882728996,0.257499347199502,0.30639120377482,0.973888544092,0.53760071645589,-0.990310544838279
0.418416667606344,0.646078923708512,0.673280693069025,-1.31820916050801,2.36294307427329,-2.62892396677741,-1.38153690374997,0.440992386993637,-1.15583171321329,-0.465893700355672
0.271846437188584,1.14272944913678,0.33263264019471,-1.75495357063401,0.0561645353565554,0.184641630732071,-0.757091734266475,-1.58510843547337,-0.356983397816557,-0.155032398096831
-0.278609220484017,-0.186193982946636,-0.695145572865019,-2.01161659547043,0.580635406631967,-0.11494385612699,-0.35600607936996,0.123417418985852,1.0533744971668,0.232762923320743
0.821215515597372,0.126124397604155,-0.630089194499616,-0.704153351874384,-0.300188435956982,-0.230133773810205,2.59673969613663,0.518779667673162,0.19861009955259,-0.277412522738703
-0.283413606201398,0.0725975855829208,-0.73454475565279,-1.02196056994138,-1.86667519791306,0.473351069725746,-1.07911984652708,0.43995369380937,0.0940124045081795,-0.0696784866663886
0.388660597490188,0.270156213839696,-0.358389051101824,-0.872625735861464,1.03171144604794,0.503453390416089,0.598381971597746,-0.296939467643271,0.0930896621659285,1.70014769061744
-1.09861238156712,0.17624332585591,1.45645117333003,0.728596410979876,0.580496380321949,0.559660987237769,-1.37742520722064,0.199123153682537,-0.00118970940077391,0.239801762391097
0.375637330690835,-0.315692387089143,-0.265017526442377,-0.897440873506147,-0.203620715677632,-0.261337182415638,0.365887868984395,-0.544375720611384,-0.16617301063001,-0.509844159532442
-1.0944676988063,-0.446290714140868,0.649820242751582,0.0630329173828637,-0.309819262464357,0.731552256867859,0.278160486368753,-1.18296375080667,-0.136346349891619,0.217702744146374
0.145063363452787,-0.0702059591688495,-0.526341761390687,1.14988753959919,0.327066549742671,0.518986114975498,0.152177878928833,1.85736129917274,-1.19509359666878,0.707043103746728
-0.605580904217903,-0.559935423136507,-1.86637510690244,-1.27799558651888,0.193540676360034,-0.379098316914925,-0.0971306549858793,0.59982176970507,0.899773544470496,0.895469867868467
0.0411406095997637,0.528355019613388,0.96040676464358,-0.404582971956433,1.27644232423377,-1.35011549296259,0.0255732786982883,-0.862081269270828,0.35168662181884,-0.00454424331638837
-0.0275881303830722,-0.27944508828625,0.736954727538172,-0.483686019993517,0.69835340921138,-0.847817344885683,-0.314219751900887,0.903352513695268,-1.0619659586828,-0.0944307880355478
0.376251671008921,-0.242852834810022,0.428136432239255,-1.3267724532231,0.528876101936733,0.830981364888519,-0.100100464894219,1.48545091682346,0.743510791008629,-0.33690090497296
-0.139189590236617,-0.176670112016095,-0.441342679125462,-0.347975786536266,0.0310888958288825,-1.12537370961289,0.225393273463899,-0.662313442671354,2.01929751268414,0.642599169408723
1.63611335009726,0.946387555482736,-0.758397897810896,0.21826659053443,0.758313891198354,0.275800945750021,0.692323773663964,0.126580316160168,-1.09776141671722,-0.349306343252703
0.396337259599694,1.1044167157026,-0.865994885443234,-1.02429607727598,-0.545097664265714,1.86791491277032,-0.429087668900551,-0.667398378197141,0.987042338422208,-0.132682550049564
0.984380602121196,-1.26445568653099,0.722087812865849,0.909721670158347,-1.01072378661621,-0.37746500427181,-1.64312179728963,-1.00211687602489,0.151911207804627,-0.919913447497483
-0.598857268898932,0.892156636820072,-0.403136368150585,0.73980265753115,-1.65441789176896,1.97331053864236,0.611470933026822,-0.833642846614901,-1.33596377134098,0.371071409321051
-0.044899006587502,0.530346376520102,0.398538758243554,-0.559948291742243,-0.849838912819019,-0.890800174192668,0.503798598472854,-0.873037463282361,-0.495967403248146,0.932429473986789
-0.452108740615582,1.41284452308366,-2.12551835855683,-0.167102216660051,0.448911701987398,0.344653746787583,0.232540528941755,-1.57081644680375,-1.79138909880384,1.31009468623712
1.31901325574343,-0.457987607745557,0.271916684958896,-0.32938352312362,-1.44739379668137,-0.78192589642554,-2.43425983268677,0.468744421269343,-1.07575342387893,-0.53571905639278
-0.279533457227793,0.904245157672326,-0.361536182940764,0.487022394670376,-0.0727019903169848,-0.328322620233447,-0.193886472572185,0.146993278385429,-1.15788006514441,0.424727369031589
-0.180806595782873,1.29159098267948,0.239106537619267,-0.323225384497154,0.283202467137336,1.72682050380554,0.028658300239362,0.422225040041444,-0.504734663545513,0.156675992348719
0.0760947361974175,-0.329515657132833,-0.442426650229485,-0.276215904033565,-0.409307391004909,-1.71393685360896,0.886459520378883,1.03425399006297,-0.708047076183889,-1.51624316603648
-0.560665435357926,-0.668112070153463,0.134819962277214,-0.891624538743976,1.3503915205492,0.593854036155797,-0.1675538031232,0.218127598333608,0.599163069929554,-0.055053462789833
-0.922548594287589,0.0426180537316962,1.854005651523,2.08879267359424,-1.94593297541654,-0.411180531960067,0.0108881209992015,1.19320989315166,0.203001775820991,1.60974302235087
0.864385798231811,0.861232662267764,-0.124995570381088,-0.0306964054909156,0.693834672928992,1.50726984373291,-0.578239746378769,1.47983629795121,0.246120806434366,-0.854542469992651
0.105972715959627,-0.344980219105259,0.893772455674743,0.203837242369407,0.580442635258201,0.19139104237157,0.122031309733926,0.606040554814669,0.807972410296149,0.865086756673926
0.412225204743514,-0.954675663155341,-0.586293966492242,-0.658474091777803,-0.311075739156066,-0.347675392439193,-1.55000035212773,0.794091054551982,-1.82246913079071,0.0489742648813245
0.199196116453829,-1.3697067134696,1.00578898612136,1.18247425167182,-1.71127961080924,0.140533367225415,-0.389321567354025,1.17916299232817,-1.46342081070451,-0.903314090485762
0.273577906386904,-1.49915049322435,1.79932104693406,0.586862682351864,-0.140392416240782,-0.874293614818234,0.155193977720998,1.05210085131326,-0.241421794515213,-0.883850094530161
-0.411893308948849,0.0270428612126559,0.27447481473223,-0.129678548450375,0.681496517522354,-0.0772082641135832,0.611120080750184,-2.03568697999036,-0.101699801956316,0.118172422313392
1.27663311225126,-0.972275775444604,-1.01887873985981,0.612255819005528,-0.85534680214271,-0.16137362275958,-0.894604250346995,1.39453198746268,-0.639736448521265,-0.234691855194187
0.295929617609588,-0.108898229324769,1.15789917383804,1.18782313075812,-0.831293638584635,0.416731048155687,0.5412031646273,-0.953736917891112,0.161102184172633,0.998843293677683
1.3736569484821,1.48578436062993,0.121600730102162,-1.4086804490442,0.0415697432178712,-0.19412827755793,-1.63234662528437,0.54999989064461,1.28405894750418,0.711116408461989
-0.128022208429397,-3.15855305448399,1.00860549987483,-0.13775156293293,0.85782010209549,-0.756794622038521,0.868228334293553,0.254236673737777,0.277567853528137,-0.48234981678758
-0.277517096304007,-0.46234515805401,-0.843059476696123,0.435816947744535,0.998397804071527,0.60206662521348,-1.06834162748151,0.302811779805655,-1.2033907152973,-1.94442946050635
-1.66155123583906,0.208170882319968,-1.03460028010821,-0.64671024054692,0.317628901168502,0.843671755555447,-0.458652066044195,1.20076866243868,-0.424020007522167,-0.671452748522778
0.203102310297891,0.428250466344649,0.48233112948559,-0.089509519191063,0.851449174929883,0.558326797344755,1.81188811110883,-0.933304464067232,0.649460344278902,-0.873958977200923
-0.822481698046286,-0.708249338112067,-1.93486047121544,0.647102239595827,-1.02281050107215,1.36031440786203,0.223946857655652,-0.363509455314843,-0.650576825841756,-0.228417145132952
0.107941456699688,0.393418471576849,-0.952713219819843,-0.783224882421277,1.20136405398592,0.32476788316476,-1.81334465200086,2.09228365646193,0.308165547949511,1.97800760455936
0.957798922802562,0.470931501838969,0.380860386696045,-1.99372699473658,-0.263240119069799,0.330581758694121,0.111230189225217,-0.596897883442616,0.317733694170381,0.654478568279036
1.33494433934702,1.23794019679113,-0.160643315387717,-1.04357314371081,0.944892295376776,0.723053774553707,0.120447096995129,1.42227272945525,0.33233355581674,-0.916891397195939
-0.0600522644639416,0.795374788069006,-0.989995224380472,0.646353224112048,1.52643222748791,-0.182367733604016,-0.403794524573364,-1.83719441891455,-0.277085819211416,-0.380992030281433
1.51899565200756,-0.916893736335747,-0.930860280087356,-0.719859689547738,-0.402919292586863,-1.04938927061811,0.893941608342112,0.239201749224827,0.645542051906143,-1.07110415872737
-0.591999039021809,-0.815937492801225,-1.60267695075429,1.42888726813254,-0.20135311692069,-0.471090897412719,-0.759662728530507,-0.0904003495199745,-0.408336663573827,-0.0967080278237192
-0.84166051547728,-0.0781900034358395,0.312881290989651,-0.862717140478111,-0.123338144699485,0.249427919907515,-2.66145219336064,0.336789491867881,-0.180738775744324,2.06945416618398
-0.815762092396149,0.738125535599815,-0.526243632562581,0.581002709719862,2.93043745669929,-1.04269538702451,-1.28823798741054,-0.171135646093081,1.95415341109375,1.09225310267333
-0.972293301189421,0.0407556955947988,0.973098394517286,0.335289073653708,-0.0833733313690597,-0.0525220361800468,0.106711030469181,-0.796433154781157,-1.26063576435582,0.877274709216089
-1.3865715802131,1.52891317711838,0.230863889711106,0.446672870848066,-0.0645393633688156,0.85903379213421,1.62667100302326,-0.610621447028243,-0.0860038041451716,-0.126058959030706
-2.93118296013093,1.79368182989954,0.527702841803053,-0.897009362194577,0.848386718351832,0.0240363759503576,1.07233021868749,-0.281839135310623,-0.356497270183678,-0.41556095740924
1.46951193991613,-0.178527294629932,-0.43523129907055,0.556626579968129,0.102674816344412,-0.449785279382947,-3.5719279925714,1.19290921874189,0.727709312855793,-0.58855094597788
0.300413471231302,0.572021893129687,-1.01203269987057,0.92454236796113,1.28231315116443,-0.941549131451107,1.03193541862132,-0.298527037817845,-1.18793048331431,-0.251830779030108
-1.11846893131428,0.984170192813195,-0.5566779736675,0.179479501588406,1.00040100303788,2.15496510882369,0.613563064243326,-1.72975738646788,1.14614530005093,-0.112740024769954
-0.062783794878937,0.0996418220575723,0.946674904432851,0.463130422986835,1.01827067163018,0.604766730752691,0.263694739952072,0.0660491590414955,-0.104501033515658,-1.46475025179468
-2.41934042994932,-0.139297526051575,0.642733110721929,1.03928594901213,0.127402463757249,0.574682231014996,0.374486273459485,-0.100643725346652,0.133768989119455,0.494206286520097
0.791571035663989,-0.727947762501927,-0.0279735954540058,1.35347372157624,0.513425089633244,-0.64526485506935,0.18611603202991,-0.294054191527121,-1.76896415514666,0.443128374545233
-0.929381764440085,-0.814561515961445,-0.977731598011624,-1.21629370857481,-0.454802279955971,1.31129241172092,-0.851359288413403,-0.239106467536244,0.885095981096433,-0.195839969952526
-0.00895587413505132,-1.26363899716017,-0.359940603684731,0.779279167252021,1.31035857259422,-1.52147354384744,-0.207551515622542,0.298287323621304,0.694688758461514,-0.976148511584346
1.30810402025672,-0.259550997004512,0.481314183362751,0.87028797092305,-1.130104764911,-0.26782069068911,-0.735674776463763,0.388496321987309,-0.781009682468793,-0.582287523328833
0.122108254039783,1.10541764433627,0.991543312268813,2.06437037526017,0.167263961303152,0.355856436096599,-0.124065367417415,0.106519066722476,-1.02846211051478,0.240379248801905
-0.0150855805787379,-0.779222435410815,0.981906079069386,-0.283068377186933,-0.981533718259164,0.913936705305458,0.46305988396741,-0.0393231084280235,0.0278187764559182,-0.867925176780465
1.17875299487449,-1.41785859452161,0.37522501387322,-1.25099008752859,-0.319770099656566,-0.327477607362685,-1.33096983577008,-0.452177487680467,0.245087720591246,0.901984692423165
-0.496365472892067,-0.9347929133509,-0.00999042916312977,-0.145696333963745,-1.10870399838466,-0.661370962998948,-0.520170682724384,1.01863381117164,-2.53639363539789,-0.625254429933675
-0.978951020472218,1.09188611885427,0.636349350805131,-1.20355690460619,1.37547963097449,-1.34633078704746,0.200631509602019,1.20006002966719,0.059157435860114,0.50232313932809
1.36193352562469,-2.45454176071206,-0.190442586188553,0.463410748240756,0.944081799713208,-0.792302282170105,0.319923111417887,0.470702956059293,-1.19114877089077,-1.81678945238546
0.588980853927377,1.71111582224919,-0.14822543739894,-0.878589259222781,-0.729182642738923,1.78327206227417,-0.412258835128223,0.458918494918895,-1.04006542402249,-0.286754972862741
1.07815676606885,-2.72527813967073,-1.08865365107598,-0.803689740059478,0.77715486140578,0.146385714420408,0.32569418635823,1.25733860035177,0.998326032794462,-0.420269011181395
0.522557954575916,-2.0543794546201,0.48389530802375,0.999864661270205,-2.02230217776463,0.635827077384507,-0.346051571838625,0.268341212248423,0.0853046868914937,-0.212348834522968
0.306126936115208,1.61026730492799,-1.1124600445017,-1.48995795250257,0.44493029811783,-0.842197535782161,1.29825659223993,-0.311355462919689,1.6930601466795,-1.22043100189269
1.34252496476359,0.848968903804348,-0.873582068438892,0.554662333821197,0.117684722338037,-1.67000609299984,0.34918264873431,0.289940799610795,0.710366312918723,-1.00596854693023
-1.17748282430807,-1.44759841297913,0.188633201545839,-0.388972313732382,-0.720033965683396,-0.75076898436528,-0.481078939492242,0.5941197808268,0.387810585986581,0.801153313852045
-1.65423153433163,0.832133000721622,-0.845053375492995,-0.0152164303861998,1.22976536519332,-1.12900106106933,1.73781746749061,-0.636469280943572,-1.68176523988278,-1.6954811805431
0.978292227049458,-1.02202829694884,-1.0597170078645,-0.0192843023679991,0.0668129237586517,2.49774068181638,-0.110303978548821,-0.383614456608347,-0.157152056026985,-1.4634932386369
0.0821277302622815,0.655650738311232,0.910457866757928,-2.52405562004187,-0.230373230064715,0.055093261465284,-0.330758339479933,-1.07183186230624,0.0800917518186339,-0.283884338640864
0.34362787255909,0.186821099805538,-0.839792563266935,1.62991434744778,-0.407449782989219,0.911624668270064,-0.915027414076231,2.08511545502583,0.454639017116348,-0.299174957623717
0.772856213241425,-0.362386307040647,0.103580705678854,-0.578232820937744,0.0789409376574219,0.520104124836116,1.27258538425884,1.34574689951006,-1.32409102489486,-1.26657724013488
-1.50381747891387,0.0758188243445973,0.569451543188005,0.270495192736594,0.546564225715963,-1.54587232896051,-0.295088467584624,-0.242703691191482,-0.62172946145933,0.869572950513409
0.945199164374661,-0.86052930416678,-0.144458766860592,-0.157084714243711,1.28069262478269,-0.848047412724059,-0.378423945958582,-0.529549626786501,-1.33649413721812,2.08516291240077
0.654649329314886,0.49530346898163,0.0302696021289148,0.356732336472237,-0.794702112641716,0.801810733504099,-1.121230588696,-0.327084006537533,-1.71848888075058,1.49982015573388
0.0766360095774883,1.00122070676519,-0.208110479004469,-0.72027912456639,-2.01366259020523,-0.59452882490236,-0.0665045352937746,-0.65194988752926,0.602981315887118,-0.265477050029988
0.593112492701189,0.853253793686439,-0.704267498821206,0.296288452957672,-1.27765265459711,2.3950418517622,-0.717920664551786,-2.0860256359476,0.0566955028933917,1.05652088738938
0.182812844395546,-0.705842346998555,0.0774425338601162,1.61567798818454,1.92536096299152,0.900698177268384,-1.37777168289538,-0.278062159998661,-0.0600585886645068,-1.28485820932761
-0.0382652301245117,-0.0932167859775258,-1.82028163876167,1.40864812972483,1.12338598526921,2.13428528780439,0.395007221333045,-0.442842625392373,-1.33161147245269,0.318133026775601
-0.522610692267789,-0.0350301284401025,-1.22272399583188,-0.822101702826775,2.0428799975434,1.1686469245003,1.62377159395445,-1.1307068323382,-1.11607913645774,1.76833425943054
2.32592641813465,-0.0796779772700122,-0.489203342230632,-1.11431155705256,0.675179198186231,0.929793561100354,-1.74234607623641,-0.527284108722894,-0.113385866930782,0.053099030180431
0.372102074433215,1.86602734022965,0.668616776305694,0.135564212864538,-0.979020594120068,1.36635146328651,0.69929678824289,0.257120850609689,0.189754658583296,-0.284712168774821
-1.37217809988563,2.4145015963991,-0.501895430782363,0.175165222238809,-1.825837667711,1.26583690303643,-1.66993678062963,-0.390006371388322,1.43789404477818,0.77750003965779
-0.749514495460395,-0.695438227969313,-0.477115095132735,-0.960215682797567,-1.55859613143021,-1.00622297406551,0.599912953429068,0.0778916302457707,0.686773760173449,-0.772764065629818
-0.658151259797278,0.555093580228059,1.32047054035596,0.53558450687459,0.0381898463407733,-2.40486767684359,0.671293953400691,1.2222472616347,-0.294564563370096,-0.263132505695804
-0.00359499967221828,-0.269032793288708,0.0683087437751517,-1.72936275619002,0.877935843162718,1.28250901568177,-0.157778173080633,1.01708484606425,-1.95331735656251,1.00818934111647
0.529733605690638,-1.95829589045437,2.13048877823691,0.23588425743698,-1.3032954647028,0.566907437183479,0.112621917086189,-1.77602102708602,-1.03577971165474,-1.31934715453823
-0.84881586435575,0.329545705469396,-0.166764375246142,0.883925185817837,1.32951701209664,0.25789475210522,0.108984898807451,-0.602955863440985,0.102980115232005,-1.68484341031263
-0.786381668037764,-0.209110918726185,-0.391407467538682,-0.270805494184625,-0.10888014099049,-0.848578555440396,0.191371344970827,0.47647980701011,0.438926330896479,0.017985069772023
-0.328782823891794,-0.884799414817539,1.16351098919368,1.50767894090201,-1.37471975728725,-0.528232329279659,-0.762395553644195,-0.456414471469779,1.56069933146608,-0.335537825382863
0.593489026228037,-1.02088502613477,-0.0918573346666803,0.133992666223188,0.239668707640562,0.515445752853456,-1.15529655067496,0.556203037723326,0.455131785874109,-0.600944572877275
0.781935819179927,-0.229640211963362,-0.567702766334937,0.102791500056892,1.1761339925277,-2.02647330174576,-1.94225703355207,0.385084833567408,1.00557611725629,-0.260660500602448
-0.0576771782944581,1.17715016077103,-0.0903204282074446,-0.0382402568846524,-0.726337280892441,-0.930623984450389,1.59134785214964,-0.714059904259746,-0.335932965144604,0.437743722333608
-1.00320675113709,0.405393098368035,0.176435440272205,-1.68346611527889,0.397200554887182,-2.63900192378044,-0.469689978649762,0.0398692575492707,1.48059162237089,0.608673085603316
0.0163011091305209,-1.78766313487319,0.0142107382228653,1.84367764272181,-0.86105494359464,2.21566887694683,-1.87533581278593,0.0731424955066331,-0.879033314771632,-0.111348027918287
0.423440806235837,1.49993798735477,-0.0709076265663219,-0.498797685868661,-0.131631799417595,0.00596549816795162,0.733549113833396,-0.0666000203755474,1.96399131032481,-0.527090933515523
-1.83362936804609,-0.922395025343058,-0.505025715175682,-0.036808697623085,0.613858925970477,-0.66820949345073,-0.0515508927501241,0.495128112333746,0.450477400597998,-1.06385395449848
0.715317112313966,-0.608317094503266,-1.34899964562821,-1.94645200477569,0.917206488868278,2.06395077195207,2.10431238304536,-1.90400830175362,-1.22120075517624,1.0646887122188
-0.614607417932463,-0.0752823585237144,0.226800622403478,-1.0489717814246,0.418051962620014,-0.87499482941599,2.42100449337849,-0.789885348189128,-0.06189016093321,0.240972696913397
0.0495564603539432,2.08995119628896,-2.49259769799806,-0.928140481853626,0.33022886048523,1.42461339342688,0.957517484882514,0.153538896949236,0.297172545289883,-1.46574770225294
-0.0349352926494584,-0.860586652029639,-0.919631523701302,1.71935140522305,1.61950230788017,-0.655574992396285,0.440766233806108,-1.33639233079169,0.353306252867926,0.985619012061181
0.0328671747204664,-0.097638805575564,-0.977256302416091,-0.00669992835735112,1.97321374482334,-0.56003799988047,-1.81126280339507,0.108352019916619,-0.688668628375801,1.25774755503308
-1.16996878832688,1.0690929782444,-1.08779417975828,0.301884557872259,0.166668497923385,0.0817170553291784,-0.0172800441336622,-0.948740124628101,-0.496751072230584,0.208141171018781
-2.27444083298836,0.898559825798026,-0.399269429018072,-1.12911540256419,1.6757249366324,-0.789535390891394,1.41405984282036,-1.04519582792933,1.04987592237681,0.0668076959624934
-0.283656234827551,-0.78411911823055,-1.16084033300919,0.309214201343673,-1.05228212256705,-2.50743087791278,0.158169304724565,1.31730104041809,-1.41745340195783,2.15565119423048
0.642120625729587,-0.646979217100061,1.773121824739,1.08604745191904,-1.37196758336312,0.860746145824008,-1.21964463849414,1.76998013220836,-0.913237648726249,1.22982528093089
1.42017303572997,-1.95219200930903,1.44560377988641,0.116872524945787,-0.116668120844374,-0.488063816798139,-1.61338537183717,-0.348346879898737,-1.17965037021154,2.05953052825204
-1.234762379665,-0.677553883738734,1.18375644412971,-1.57893323770249,-2.86213085185478,-0.474703726808747,1.61906893594421,-2.37035630181945,0.203035873176432,-1.56286479745205
-0.278213740473128,-1.30429331385011,0.634175114771954,-0.498408689580502,1.01858306350433,-0.0433729105809236,-0.45157767068347,-0.669374179427556,0.531305910804027,-0.0588312268593036
-1.34053959879716,-0.278883594500556,0.376230187608442,-0.810001149332758,0.0355513251455326,0.18274871146526,-1.65414185737526,-0.0621960813849166,0.973016551137998,1.76469066561123
-0.492925343662701,0.275079063065917,0.104962871939772,0.655928539830535,-0.32041564590964,-0.505867219343474,0.178355397713325,-0.637478714726424,-1.59758855725978,-1.23828909162026
0.779419851784346,-0.195156423849348,-0.451384517581928,2.02362519628354,1.55524643137598,0.251732894215194,-0.319891040253018,-0.231031422499179,-0.177720872396867,0.900844144022146
0.150536555772215,-0.894874759989535,1.01832246315222,-0.336681387124449,-0.690237939906467,-0.925468597999099,0.459018083414388,-0.76646486574755,0.296265269898756,1.55252387755425
0.114114850524575,1.47062649162449,0.00911216232679173,-0.404523953053812,-1.20367574887839,1.08352479740285,1.06716773344478,-0.264886471847155,0.381401791835918,-0.948409410287252
-1.50162160812239,0.234051547367442,-1.51495228746901,-2.02994211242928,0.950611040038907,0.632082585375394,0.739686143306218,-0.502494780973855,-0.735839005944689,1.0166676141261
0.471780073846829,0.0846528691443529,0.535173467216251,-1.30169398487666,-0.805004785593416,-0.604187607815463,0.169266482221128,-1.0572730544006,-0.885398769672935,0.608729227553659
0.695283400864637,-1.11301151685722,0.592606742425312,-0.444563106772234,-2.02413752388964,0.424614271137972,0.607781622931121,2.33112023373753,1.98760079274874,1.95093435675548
0.598958991543038,0.200706650325477,-0.145037261913322,-2.69278947546026,1.39945773722799,-0.818857662610968,-1.16199995769604,-0.0663680692939775,0.0501162640433865,0.303982791935861
0.696750170675961,-1.14474005560035,-0.453028109050253,0.486323565287616,0.239808783157522,0.86919081375672,-1.24609650616628,-0.43419140705736,0.0427896308181902,1.03713980237947
-0.150259343145005,1.00064312879872,-0.13826984786194,0.469622615888458,1.53408184071577,-0.568144308771051,-1.9024267141756,1.08829602531356,-1.68031948397226,0.571569874289355
-1.26246746092135,-0.71857529984259,-1.78850487582876,1.96210832593499,0.221213676094041,0.548259200693552,0.283824146463002,-0.141976901686647,-1.2078100277647,0.476778963210934
-0.335725549591817,1.62015246348806,1.15855257999703,-0.895987772689849,-1.86054115524674,-0.12331774912828,0.371549317824342,-0.935527105362834,-1.35114661566049,1.23231648783202
1.60003969819503,-0.856086758904237,0.708474946742966,-1.28714550285858,-0.201212021593808,0.476367558384912,0.945052066694465,-0.950575642722252,-0.28996718297098,0.454381650320362
-0.208845331382216,-1.4129636416195,0.568289370456996,1.3833781225947,0.815847234248614,-1.97843153882143,1.26957097862587,-2.27211098272631,-0.434350428712549,0.986830607592477
-0.803723160322189,-0.805875477063712,0.14520882535409,-0.723121022589957,-0.416587920165447,-1.02237878150136,-0.98006988868491,-0.174832791269015,0.225387945963714,-0.0553054332367367
1.04914887920429,-0.67861414112394,0.00256096387709695,-0.579449585387364,0.162970754804323,1.25860207961154,0.31899304219802,2.67613259932412,1.8567131879526,0.830617748113715
0.261463325972803,0.63428792555377,-0.929569312414659,-1.37640764927298,1.31956636873956,0.480404054879982,-0.467121762369322,-1.3605501641118,0.825757590732411,0.754131618069913
-1.16361231494709,-0.367927548372554,0.00948986513949254,1.42473959707014,-1.38038152799726,-1.02683929942888,0.270918090918388,-0.685539497882315,0.551933197605518,0.885757605450783
0.966690972705738,0.250730614850551,-0.595304687241847,-1.74611116398143,-0.830568385514909,0.890657180281372,0.533186407691806,-0.600013932095604,-0.295549797493328,0.241289753914552
0.618223193807084,-0.912616268908167,-0.450085083523711,1.18999947599977,-1.07234324637443,-0.793487385082365,0.0402952252029187,0.817244134396853,-2.24246049625906,0.450878145782268
-0.962493284709112,-0.0188110792456175,1.20916021867007,-0.702033224466219,0.340212990222085,-0.344966607809629,-0.749166878514254,1.96285469362207,0.909587001346801,1.28940823298897
0.568953130582683,1.26040274305852,-1.90400261738844,1.03267251472716,1.01387223357059,-1.5776159912301,0.763274985615435,0.120184291106932,0.0241022230887953,0.760692102281538
-0.296850858804136,0.555163569868111,-0.376427838004324,-0.09429557250574,-2.1577195060392,-0.383218058028179,0.864310845569827,1.38236773115145,-1.01773799810849,0.14540690786699
-1.19523589000365,-0.220435033091112,-0.176049859585707,0.817941746834879,-0.740186822596507,-0.499655246060849,0.314153866301241,-0.734530125907422,1.19948986328047,0.522467680697038
1.2789779415471,0.307471540429593,-1.10331456371145,0.958639005975948,-0.881413240550865,1.13753924061447,-2.16979554949204,-0.280129252135594,-0.204001991409198,-0.33668317003703
-0.0720778382583971,0.121079871564623,0.237738496578102,-0.964147025966488,-2.58643808686805,0.495957665038234,-0.453162645749341,0.0946826867910982,0.250389810585818,-0.464241497705146
0.724960816358707,-1.52415531861381,0.0527582952805363,0.918569723355821,-0.698155824389021,-0.829620911020276,-0.551656332706159,0.49192260999153,-1.24314580690079,-0.141951168145306
0.652949575776059,1.12766661697574,0.884674734656576,-0.907368550284911,-0.646997971003512,-1.40109875690843,0.23819962652251,0.0978896228620383,-0.0778322166911227,1.18509706235955
0.296034208824283,0.717863697017676,0.271786275597154,0.959113820994054,1.33858415716725,-0.7744994631645,-1.53127849183712,0.0680811640355712,1.55995468562141,-0.132013136824571
-0.435148588052237,0.785476747695886,1.82635037179412,-0.184938079956336,0.668619486102382,0.0161193447968296,-0.51959162434391,-0.650341975470152,-1.15470026738798,-0.490886385005277
0.683842112871711,-1.05522849727286,-0.449539556176475,0.0906770771902665,1.14118954052902,0.496735952007237,-1.5132909310913,0.500397702600933,0.102032931820297,-0.195984099021029
-0.153265762919569,-0.0199360295272429,0.834566373183948,0.994318226218243,-2.21270876199918,0.339326955676312,0.980768336067141,-2.1592048242049,-0.687838219529095,-0.397406262860566
0.302772050168219,-1.49693131636681,1.80213926771144,-0.433341387284723,-1.50963820308651,-2.05717744850767,1.14846244957642,-0.0769320875290053,0.332833785059396,-0.595015804493005
-0.419896850729687,1.17960459703083,-0.308913802063041,-1.13643962386398,0.418347282672934,-0.284241879498428,-0.47330502606919,1.46808903984452,-0.631727854311677,-0.075460224126161
-0.165461743114699,1.45640794088047,-0.476093636181423,-1.39831850484677,0.330804281133975,-1.00601363251433,0.5616468672578,-0.725832958338703,0.32706796941913,1.64542712911197
-1.55530870096358,0.389744323280425,-0.114450332811275,1.39466424857022,-1.35807905401371,0.344093382185615,-0.992858685975893,-0.0695690716568545,-1.15385951756852,1.85298305323495
-1.10329822852289,-0.60530935370101,1.53852492402841,0.393011155973252,0.302536783187112,-0.483486512385074,-0.252916182548577,-0.445107600952086,0.0839912036888268,0.00566449445311764
0.891451328193178,1.27801438754673,-0.808307890664025,-0.26791154399519,-0.832929329841776,-0.124488177996195,-0.28488927585309,-0.719795620632231,-0.535056812726926,-0.566239036087868
1.08981472663133,1.63311750343919,0.00138867007758855,-0.115637845188825,0.913362010131677,0.730024359171719,-1.22054274772188,0.119019594912385,-0.432023984842643,-0.229942696455453
-0.498330241426164,-1.90906759734709,-0.22969426812098,0.406270129586219,-0.0944528648795258,-0.470040990227706,-0.501694084995783,-1.47078291401397,-0.599802865253497,0.563466801863226
-1.76276974719088,-1.18542611618352,-1.40589147812147,-0.40756809414454,0.0116698800505674,-0.782242725219438,-0.589113801810546,-0.914163836856482,0.0321200127440739,0.437279719161868
-0.877196172252126,-0.333437899765138,-0.882357178814276,-1.13754040945812,-1.30253706701358,1.66830843059254,1.22961263420483,-0.678702330696651,0.101836128623575,0.682835882243134
1.34648124425961,0.91894901913195,-0.64705666065364,0.451318318280888,0.189027350940176,2.73599950768978,-0.644393474446814,-0.142355046975979,-1.2121480392059,0.776560320354288
-0.830962793845479,0.585896713740798,0.7403006549423,-0.263530438489381,1.43181365677631,0.585289451348559,0.357782475217278,0.30569160087284,0.426823394634965,0.956227361700077
0.975882260948791,-1.78448668931285,1.33308239137581,-0.00531442623661474,0.181943223391999,0.185376239776706,-1.62453376053623,-0.606700250329388,0.845852465389857,1.90281171708528
-0.259710230705172,0.953293215749122,-2.68123018573236,0.0915152878428046,-0.240753436109145,-0.172280987221611,-0.0992749356589307,-0.350945344948699,-0.0240178531115736,1.22596960083048
0.278985250058615,-0.123064876398756,0.10159532108722,-1.64905701443863,-0.0747145147638664,0.192398069209357,0.929439423651902,0.137588748187984,0.645775666101069,1.07243007753171
-0.117760738669114,-0.161848374344995,0.286659854481736,0.975054557163848,0.652065092017157,-0.927754890309482,0.151636685399619,0.167056997726431,0.0561665574319561,-1.28351303308437
0.036576964851559,-1.33897242861006,-0.489814956025991,0.790811452378014,0.952757844624819,2.06337789898761,0.680578641708657,-0.0914294409898286,-1.07035729157811,-0.134681255182382
0.386208282519037,-0.996459265965599,0.471920164371064,0.0773464711608932,0.143574819266487,-0.509677887294066,-1.34139912685376,1.37800718509449,-0.14031194929196,0.658706765052658
0.952897150293625,0.00328354849126947,0.180230138709673,-0.803223655243691,-0.806918845943937,0.423770949907133,0.0470615656957488,-0.125130641094616,-0.990488179899386,0.620020339941561
1.613199425385,-1.82974484294927,0.478781626256401,0.492516927239237,-0.13898381093922,-0.40480638081968,-0.000577296778509214,0.576033216501788,-0.321489445692169,-0.194681576913331
-0.963886690393274,-0.711623305542551,0.955546382399772,-0.939345803917121,0.226804594191453,-1.05886208524715,0.919793638949494,0.139861614281344,1.586451647162,-0.295385650703392
-0.632363298609265,0.336887406684831,0.169852931539515,-1.07742000868231,-0.462499280015388,-2.14140988222512,-1.48154389595516,-0.0177058498462734,2.21168235575605,0.923488509032395
0.0395389739002808,-0.911882862260212,-0.118095522541944,-1.1933731786469,1.8069516238215,-1.01081374723707,0.498528711162091,0.347411949745851,0.991463068845394,-0.735979532470213
-2.16508189391654,-0.238716946530918,-1.27236795660632,-1.05356432286575,-0.41657922782247,-0.353990510619389,-0.0735866811175665,1.11324132883953,0.0767717423679323,0.0901078711085872
1.28756308328172,0.710144197616728,-1.14993484228543,0.981572629213862,-0.929608870837065,0.847583771548451,-1.34373759539472,0.858500402034321,-0.0708284727712487,0.793435731213515
-1.38197469999465,-0.759583364121273,0.306652503699092,-0.68477401744261,-0.190732461529116,-0.590924314817518,0.949336956517452,-1.26041539561697,1.07196662697173,1.08506189543338
1.92671423617617,-2.2118401448994,-0.0208058165045458,0.68957454400994,-0.901903218830257,1.14385880234444,-1.08747985204705,1.48073350676529,-1.3723032856357,0.05913861057069
0.330067145692308,-1.38949542001952,-1.0671297978139,0.76310345135394,0.758317022975752,-0.862068918664605,-0.457700698564195,-0.71465757081959,-1.5784347649954,1.30961789246097
2.36224796997545,-2.13941515414381,0.903799765712733,1.47178189220909,-2.05811925444977,2.04387204050528,0.33108960449228,0.60229082518891,1.17657191086333,-0.309544145555694
-0.397438972916873,0.00910447343023407,1.22233009856451,1.25465836012426,1.53335242647843,0.481124904558219,-0.366582728637957,-0.423174892892586,0.481972683381447,-0.667834234850152
-0.0141944585149624,0.336298505543341,-0.615231492859073,0.622273988356289,0.0200530598772568,1.57981244269598,-0.466008155531777,-0.603668833117575,-0.572129865244439,0.351923451749899
0.427938191559571,0.638817416947346,0.0327515665266144,0.599866108140583,1.21971352261501,-2.26540976285076,-0.308417913833671,1.68777928665656,-0.639485485008596,0.65292628557499
1.28530078633249,-0.184588573073714,1.46388649755527,0.751880605127332,1.47473787152344,0.728011718202185,1.75713998423845,0.0517580695693586,-0.863480789139352,0.678289585660419
-0.0945474284672686,-0.716654993748899,-0.686136369290605,-1.09731081970705,-0.0974478025531616,-0.821101679653534,2.09111892898574,-0.535740632296097,-0.833023511191035,-1.1352154414223
1.56491486183756,-1.22011068953736,1.84085587089632,-0.164965201821609,0.482566106669936,-1.93547159186051,1.91867830974757,0.610621961980483,-1.50596049477622,-1.51958649372557
0.761482579031543,-0.854641201926743,0.395707624483389,0.0372901897574771,-2.45514684338861,-2.09061817357365,-0.851015001007101,1.8886062609402,-0.453924244644032,0.91589748935201
0.0029174583575094,-0.582472924282358,-0.135330695193882,0.16475313537381,0.637467268817369,0.0715317989106686,-0.17854173287095,-0.000646101636053406,-0.0694377503195017,1.33557378161519
-0.391310172060601,2.16916375769309,0.311665652253708,-1.32830121236618,0.197339230528373,-1.12272193604431,0.435523453991598,0.207191644038428,-1.09978844791968,-0.725995818521123
-1.92250054856302,1.69522107156723,-0.20705417562416,0.967767284925657,0.831973497749098,0.92611788415149,-0.66867824567061,-0.830723970110088,-1.30941819247345,-1.23089868293921
0.846466594754644,-1.54043291130959,-0.880623696937974,-1.72866792399653,0.554485141734235,-0.190255823154075,0.211072472160566,1.9732244983908,-0.79294788731365,-0.0970547843996504
-1.10124076429867,0.0508447072843957,-0.59330335628482,-0.900166328980168,2.09832635824088,-1.00243089556244,0.403524878686855,-0.188488247210477,1.07347795480889,-0.659993331793338
-1.24037686791168,1.29673098221798,1.36083168454146,-3.00257807000382,-1.10667903405215,-0.677254313699765,0.500806229433089,1.74638363436744,0.352161980412394,0.370993764523836
-0.651205478819577,0.363015666804709,-0.816273589470767,0.297043930606975,-0.670876668411531,-0.627919404101457,0.559978639526649,-0.348164481615565,0.106530680387994,1.44573093962253
-0.595053771158036,0.659773511349473,-1.21059613005535,0.0549812845996489,-1.25867745696355,1.00299669207007,1.0965897362749,0.0636607174616476,0.0877461788320817,-0.682298303246869
-0.110627514866488,-0.923545122909784,-2.02330958422103,0.550638402788309,0.309854411142163,-0.36932501175559,0.884955739412214,0.234552648054724,0.421451721974591,1.05446742275944
0.87339505725607,-1.11861323510025,-0.841708193937835,0.78466469321614,-0.881740492816753,0.710703248956656,-0.124855396400027,0.830606999884769,-1.62562712081449,-1.21632988673712
-0.466772644852313,-0.503077560228282,-0.628735103126732,-0.93297356880375,-0.714751286753707,-1.02152613496949,-0.426103662600727,0.281644948467611,0.593437370040224,-0.709422979442703
1.11079815990099,-1.50743013210904,0.02055661991159,-0.306924045351522,0.62153195656065,0.00508880028956265,-0.082135545830672,-0.791042392362533,0.975196583858248,-1.11666466755872
0.104215751565607,-1.60792158756527,-1.44353189408629,0.832093503191193,0.367119160742404,-0.208496959798337,1.83051487277099,1.09241051880025,0.528310887634165,-0.142877845764045
-0.259184524794911,1.38517326341876,-0.406028312010315,-0.27123443982039,-0.669721760152563,0.905187665211279,-0.382055870765238,-0.390948561915336,-1.10778733769221,2.48196871542332
0.412065219401472,0.750049904889084,-0.413236082400658,0.35904067332836,0.794466750513311,-0.187009600594648,0.788155028211879,2.09754529507631,0.252232363348583,0.207357310988616
-0.26634477553947,1.36034978571345,-1.85866355673105,0.542889925285236,-0.0363110505591813,0.888268916795071,0.14233411304852,1.63446540419807,-0.589808667874507,0.330055340981408
-0.212238805593662,0.602308767372976,-0.344375145769378,0.246953073757827,0.997019083814958,1.20232893276957,-1.59966418367359,2.78805368360297,-1.36550932304541,1.17636908059825
0.632511252159317,-0.780898586717974,-1.5704003745316,1.04232220778113,-0.124462199180616,-1.12731598558197,0.586072336538673,-0.706883633638692,-0.117368584206143,1.17456550364899
-0.819250476632303,-0.109457492349048,0.730726695313448,0.0437297538129214,0.665244961304384,-1.78304241588835,0.38917937336348,-1.32056574144808,0.632715445139926,-1.24633397171692
2.3071594936027,0.0238375506997155,0.576440645321525,-0.709837588083721,0.909797466996324,-0.430776892234748,-1.32222378204156,-1.14694305330251,1.4076380411474,1.47374589008829
1.95983958059978,-0.389169690424059,-0.484033178337318,1.06096364136943,0.756977904867948,1.11419588834957,-0.697457589688002,2.58006557381056,1.27073635497787,0.198109887831941
-0.88392295911557,-0.607255343534789,-1.64946186510494,-0.873867391067591,0.859332471279386,0.147537270654811,0.927882568740249,0.844560537249026,-0.38040374464889,0.753530548140291
-0.22011156116318,1.48514079232278,-1.78173896416556,-0.306073694334011,-0.492381246619376,0.293671635469507,1.54364366531875,-2.03785336137633,-2.04106966831146,-0.903669473308087
-0.0549525075366448,1.00141987691434,1.07460650863248,0.150915858601943,0.681283427849635,0.976518673616033,-0.164031954957072,-0.826807900486938,0.41191361250923,-0.261062302562494
1.00486512646638,-1.66534095809351,-1.30135742213981,-0.667044119315771,0.191894202338255,0.934157383498967,-0.975449976533028,-0.134780012339722,-0.682014111799943,0.879078008412061
-0.192949226601809,0.393212994348719,0.644844766785949,-1.39960434089534,-0.0658072930936338,0.83293967412058,-0.598029806610067,-1.15434647606181,-0.774114627546014,-0.333417052158202
2.18266388204193,0.300263904549311,1.46031140494454,-0.2527991960553,0.505254039422882,-1.98111217883825,-0.456750025418044,0.717044902194071,0.892713784499526,-0.0211322967530199
1.82327148060924,-1.1228402064698,-0.238093649825405,-0.410406703821695,0.492170384571841,0.117223593926406,0.0202846896647145,-0.551700822628203,1.38376264615815,-1.63447846428063
0.514289922189152,0.0138441187303489,0.063450176029499,-0.218143283809809,-0.267610880753221,0.806192165612403,-0.13933209055024,-0.869006382868775,-0.40596682779988,0.10953844796497
-0.761069673694894,1.7542468917239,0.977137197772897,0.518256096288442,-0.145634448048464,-1.88137966448484,1.06461922019619,0.434105278076821,0.108074140472644,0.154376740070729
-0.0943886023942413,1.23550395996501,-0.838059084483939,0.209044894801633,0.692950534152811,0.791461185278052,-0.0609002926682479,0.0546811802101542,0.770542762156677,-0.69414348992867
-0.801047170485874,1.99329935633762,0.371759101679807,-0.094199003396604,0.674448964308353,2.05106063870022,-0.871904930949901,-2.5424061640469,-0.513834178235572,1.84817588213171
1.72164183518276,-0.161332055921767,-0.00592636625299448,0.0789505579403072,2.06828289422232,2.06880326551409,0.79553970638744,-0.532155551004217,0.127335007507592,1.62200092479206
0.144005797590709,1.42988700080098,0.0244705612101605,0.849071033231851,-0.378880288696847,-0.912985248144681,-0.321124278643435,-1.11934669478751,0.23060132100453,-0.394688968890282
-1.00120802550552,0.448514625797,-0.770710886864033,-0.969754697574102,0.720688546956559,-2.67258687421634,0.707473705374632,1.27642867415264,0.611247933883595,-0.546187424486795
-1.06153755621517,-0.337459597111007,1.57600366151272,-0.218449973177081,-1.13300551410134,0.186941885999944,-1.83697912143425,0.594900215300617,0.190642555511252,-0.668348942720048
0.841064432746648,0.4660844915536,-0.598717812393795,0.146647758991915,0.431373595273212,0.735065330422418,-0.347223444572182,-0.399078645301413,0.0298342193730588,0.235645323252094
0.837469702756847,-0.710462387949719,-0.400366299138729,0.604027555707171,-0.187320897244804,0.592894977497114,-1.57883516291169,-0.817597909332496,-1.43588078262965,0.0699698406791796
1.50269933859044,0.993399402637101,-1.29278385268668,-0.132812552255725,-1.10258568385722,-0.339942174536786,-0.741474234899426,-0.023494915730887,1.61990330294642,-0.521128418111472
-0.813460757196321,1.59273617880329,-0.481840600970363,-0.0787597112057098,0.314533536946338,-0.540254757575096,0.382370044725466,0.694064422882461,0.873302338085632,0.301624610219687
2.34548894158862,1.1025114304986,0.665603197654643,-1.82463983054942,0.668360113440159,1.03207195841006,-0.47230295535245,-0.105269540798717,-0.0116540881209025,0.779507472226479
0.680358735141958,0.939205193718118,-0.048920837685586,-0.719281196668444,0.109292698372421,-0.544903716656488,-0.864493735477759,-0.231336818758337,1.13792233221904,0.742755154323086
0.232105541275106,-0.219189460992367,-0.265287482596034,-0.0832299045383398,1.03179817980716,0.463904124536042,-0.639500300942956,-0.423235934897611,2.76478415409015,-1.41996421427833
0.148323860089473,-0.340942046931539,-1.5485405565004,-0.399900491130283,-0.920123154349828,0.492091436337538,-0.0704142747088644,0.287403314655954,0.914037782399411,-0.0191893596264783
-0.86351327005707,-1.1656351450601,0.954420599652727,-0.998293400155572,-0.474789227349047,-0.776176892806063,-2.52372531929723,0.358496311113074,-0.56529876144737,-0.675090095469083
0.7719249077845,-0.681333926064593,-0.240385809338248,0.564608937242563,0.227587491946338,1.61417669552232,1.53720114532702,-0.198880950444003,0.671005797642975,1.58401738674042
-0.136621865958561,-0.892270072278077,-1.3661429326824,0.38160958867832,-0.713447619712634,0.925519429097206,-0.449508019072593,-0.967607340473965,-0.0272483062133525,0.0350870385328515
-0.502994436111886,0.392334284489427,-0.262103701067986,-1.48498200678769,-0.338957072449749,-0.464704665905936,1.46729115112958,1.66192588601902,-1.36164470626966,0.554846859356722
-1.13921398447475,1.80934981262119,-0.314368728535488,0.722028089512098,-1.30104106516397,-1.07493056308984,-0.990977606109485,0.76568472506439,-2.41290424434013,0.629326623284752
-0.235613420131201,0.77398101495521,1.06366996571194,0.812739738763058,-1.05909705059991,0.634908509154985,-0.55485741954192,-0.53707994540624,0.00828085259211563,-0.29555235772725
-0.478415948922401,-0.133400724434444,1.10173742833926,0.302547247707753,-0.423536745516158,0.872193012824979,1.3911730462115,-0.377929006576419,-1.09283801946471,1.52010743787166
1.74409966296029,-0.250262426822417,-0.880802854783922,0.561258684742963,1.29294020812735,-1.26439909784031,-0.661640953100704,0.392603805218723,-0.399179285303568,1.07959721619301
1.38429859209058,-0.150093987416277,-0.352814241250644,1.49576584313888,0.540369055935996,0.79509830869055,-0.305866951665979,-1.27047963313218,0.0706602315762542,-0.0550012760622267
1.08344372057981,-1.70168953676879,-0.254298825851853,0.856120956346544,-0.361322003274501,0.864564940157322,0.552443377353715,0.0118101996496248,-1.24865630549191,-1.43631425802892
-0.413373158178235,-1.25880299364083,0.804643060197708,0.148828640388064,-0.555532735305865,0.0443711150862807,-0.690860295398844,-1.33567159629689,0.294896574082653,-1.2269912901752
0.960832658032239,-1.52486293716502,0.172910465002263,1.35530036660432,0.322714539917484,-0.412041803684444,1.4453251749046,-0.509640656546625,1.09177311105612,-0.441089682735724
2.25718332764272,-0.505236547713193,1.18667269345893,-0.826155892335531,-0.0806359663884339,-0.676527217323182,0.21919179174483,0.878623847231619,0.875060184140998,0.729338691067639
0.456475822074323,0.868015943400788,-0.218247060830847,0.784459146250535,0.0303691587518854,1.92590669171626,-0.0334363317336491,-1.00376557292959,-0.38609323911541,-0.032879697675931
0.0714734681225255,0.249824259770498,0.387024755863863,0.411389078949882,1.76226141670761,0.115970125300053,-0.546684538142314,-1.75800748143752,-0.0443610195755356,0.478358649386795
0.104056036060299,1.88081467244002,-0.762468793283168,-0.421088559749006,0.441044195188181,-0.0901175016825044,-0.082737699630491,-0.0653291577455049,-1.24335635886414,0.237212103956468
-0.00409901920738288,-0.131850273227533,0.0208386904634397,-1.83460578439012,0.501898554675751,1.28357351241368,0.943371268515609,-1.01985214895259,-1.52673501592094,-0.750191959536738
0.775415585823295,1.60473555129075,-1.81684249296119,-0.0512799321217141,-0.831752649961931,0.959666726849322,-0.597694810857142,1.12306459202826,2.27963904261811,-0.254255524236337
-0.0832261226058776,1.02807216135937,-0.458086722475727,-0.857051760933005,1.40447853299186,-0.0940484350083312,2.35791051226024,1.61488239905123,1.56835675936836,-1.51864576534682
-3.2747650350487,-1.39705531833197,-0.771030757869448,0.0262754874905835,0.612691135062353,-0.131449488919375,-0.183813954401709,-0.965146376377737,-0.329502216752287,-0.528306303518683
1.28704445916879,1.2396785582222,-1.72231250513785,1.44331194133698,-0.830076744039358,-0.42799057888214,-0.227258061919684,-0.0835964622372845,-0.61957900244892,-1.2182829741373
-1.18217716027622,-0.271623442376012,-0.202261877257722,0.709417595101528,0.889381422319993,0.0194599981442388,0.142490662597387,0.206985809214948,1.15801610120728,-0.0608671833516892
-0.0308900937595582,0.92789577082932,0.309521340934204,0.171869353041324,-0.318893871058669,0.548529733404611,-0.162088822689341,-0.628690421948945,0.5324846990723,-1.0459026909332
-0.567404471418929,-0.552354345852428,2.39709966716792,-0.140387742873823,0.928808616134104,0.576888030905772,0.374680939973242,-0.0444472727736466,1.58914071129999,-0.0284258954025783
0.259302860082017,-1.55639383610408,0.199944891158815,0.200994905489698,-0.104376079568466,0.261592900267642,0.66015398605126,-0.538481819635469,1.89224722975108,-0.0317236869535339
-0.175370840877182,-0.0979447644323962,-0.327817497858791,0.886797460569966,0.950841313753465,-1.02976416234567,-1.0754697228668,0.98770315220205,0.956209716358398,0.622011034184197
0.226826676511082,-1.06552777501142,0.171275404193769,1.2520869968456,0.74842071830325,-0.283249108270647,-1.40349198822419,0.372303614486135,0.805786511173081,0.114025713657926
-0.031553928012151,1.32993066634752,0.772642998128847,0.0352604816713049,0.0443495522318947,-0.964771944301792,1.42237146419511,-0.475588256001708,0.381550313675307,0.291365054131001
-0.33048973066076,-2.14278649898517,0.36366017876647,1.37447992582534,-0.108729797455137,1.09021964105454,-0.747358767350886,1.01867221197823,1.08670213616119,0.417598469503354
-1.15014782469938,1.27972051687502,-0.0737414958294091,0.878573410005496,0.156272444100653,0.662582585252933,-0.494667182247123,-0.768936205131712,-1.08145149506355,0.77078375859382
-0.354187710682576,-2.20313140071961,-0.760768947545235,1.76457449002065,0.916973001287802,1.08706061288021,-1.69742863542863,1.18250154293236,0.756358328497107,0.56732617954611
-0.315995923248434,0.525027775059275,0.14269278736868,0.0793569629109073,0.842407525003876,-0.517615997927168,-1.60477081231836,0.16443213417291,1.4988347952844,0.738557349605053
-1.31597016029419,1.53137419287615,0.538780321354296,-0.584555156160602,0.0282619321316445,-1.54631427692936,-1.10787313441634,0.209321321701433,1.2098396532637,0.322164390468399
2.34023224233374,-1.42364082271157,-1.34547580378254,0.0655288581940433,0.798503634424375,-1.13161373325373,1.04248805445198,-0.753720790607352,-0.866565654358368,-1.74728461800428
0.953475110802054,-1.67181982506522,3.18304171755848,1.79741338518843,-1.17943425334356,-0.925684438118322,0.677899860621107,-0.170246491734382,0.0991803744277508,0.838837374011341
0.668335648317674,1.65628054796102,0.95905252774811,0.141894699805764,-0.270694494510095,1.37663777266706,0.348846902514523,-0.473459225795263,-1.09388865992613,0.809580670357392
0.150583964399948,1.30284196101316,0.14033154700069,-0.867269962512615,0.900423473502855,0.661617244310331,-0.27776409312495,0.402445695718225,0.711434956667968,0.163235802928862
1.05156884262521,-1.65228526155954,0.619502299369074,-0.59418818555338,2.12013044161135,-0.221500969240536,0.971810040225739,-0.423625137578628,-0.570841288228104,0.609239323894628
-0.440108060458956,1.49436429835904,0.87713814507131,-0.16359564032679,1.13312386646619,0.388295650411499,0.843076895439894,-0.423893869475843,-0.860450721887201,0.671837313919779
-0.711345586110043,-0.605888598303493,0.154318007304099,-0.490219776698801,-0.382378479166317,-0.853416628415341,-0.177984212788088,1.27573774571475,0.711491367067982,-0.38136570851925
-1.62251334740431,-1.70620969044831,0.283521462318512,1.33902638321887,-0.788478429629343,2.23162984856451,-0.344798736932057,0.902493443953553,-0.675057575828565,0.986002906874607
-1.10410997191725,-0.540022318155652,1.09135178150577,0.189295896554434,-0.279672327858324,0.509003612345826,-0.413510939154961,1.99635591571674,-0.95452518110948,-0.815992213072117
0.761713895579007,0.945033575095964,-1.57754009829412,-1.96611287258416,1.81486984794056,0.0480163095237774,0.964133657653272,-1.19879666040511,-1.47140496898788,-1.2223114961885
1.74067132305353,-0.988749087086414,-0.322401976382137,0.232041106899826,2.0356625856613,0.327064805597043,0.156631741946251,0.524183810704599,-2.93108236022366,-0.621399615095496
-0.867506074780076,-0.536483167644592,-0.268016509491498,-1.35730825222492,0.9499978634648,0.285846136736083,-1.23842719573756,-0.493026682131251,0.381750380723216,0.207143297194059
0.549349019857222,-1.1521432336952,1.11210460094258,-0.39806696689978,-0.552719165271003,1.78462648505917,2.23751573214144,-3.11850224720775,-1.14425771929961,0.0986442585268297
0.590249494741871,-0.191570774902242,-0.599826499333876,-1.52246284555597,-0.909424832414088,-2.26055993782563,-0.0566615023186881,-0.126279990043167,-0.718793814611097,-0.765369398186024
-0.606830863035152,1.22289360229112,1.36963351322253,0.327539724538782,1.75171848401019,1.06651436232128,1.45888845750972,-2.13034524030966,-1.22485877127153,0.524520805257881
0.71483671533847,0.396605108477434,-1.09125921795312,-0.879649753220646,1.00811202144542,0.689270603018102,2.11016966010424,-0.877691998984192,-1.08628465814537,-0.253872986605877
0.541254559858729,0.0767459364516426,-1.0403311471209,-1.36753333415323,-0.555502131007677,-0.67897549923345,-0.788959648401689,-0.84595040458544,-1.82782676726523,-0.54662760447749
-0.62692697119661,1.3826280330546,0.155714224985638,0.389467654952322,-1.31885758216712,-1.02574875531535,-0.748476724723768,1.00486947262825,-0.418947930125774,-1.74791612168168
1.14042642469422,-0.421492973466125,1.68223639397677,1.05940940858302,-0.688432729749441,0.518975013522987,0.140470093635763,2.3595746896956,-0.376564084977413,0.424400834202814
-1.94954279297036,-0.0971520945255215,0.0269263745360417,-3.05908291706796,1.29317349822915,0.276208218766851,-0.342759285826257,0.175632093845073,-1.67881137222807,-0.684934758680867
-0.642925028781853,1.60938329944383,-0.529158778175091,0.399276575463503,0.0270300916931999,-1.15756442703557,0.281827078557793,-1.23125335625861,-0.771907328667092,0.368790985644383
-0.065840495776402,-0.522532410055769,-0.15593868634744,0.156406485247581,-0.81690941393574,-0.164920994313906,-0.956083070263886,1.11896198658399,1.58180272295862,1.78811639514894
1.41064900544516,-1.65427763031222,2.21234257944047,0.263101096707562,-0.339900823009388,-1.4056454377616,0.957801923172014,-0.0423063281307077,-0.467303310561102,0.108700457615879
-0.89120198511683,-1.87089879123882,0.396609730091608,-0.886752446151655,-0.270621353620059,0.133979905981499,-0.11784358693675,-0.567001194368578,-1.72456779927624,1.1420893369236
0.14855513315118,-0.0856645247906851,0.937081279837322,1.2452834762898,-1.10194223341361,-1.99162751207341,0.484112781687818,-1.47042401251233,-1.00298790450629,-0.0779151379187218
0.762613537822378,-0.00338199170856951,-1.02224903621502,1.00909529826716,-0.706335287786507,-0.051850555799208,0.179482249673799,0.323353191418066,0.0433851915827632,-0.747767476457872
0.402331863111543,-0.0941686235165354,-0.362596480803096,-0.46069378850967,0.318863452394702,0.861930020244037,-1.28825535357313,0.365239948176898,-1.17633057115057,0.163413885500293
0.969371357523665,-0.382294167943296,-0.38556186892332,0.567612379514841,-0.0437337108520645,-0.367726648260754,0.0476569437479728,0.85433026006624,0.925474291782829,0.330925930666321
0.418059481377844,0.305133327842871,0.573105809222429,0.951622675405297,-1.19717610101007,-0.202780722604674,-0.733990292497811,0.197383142327599,1.50805660567622,-0.246293801317008
0.571263457226391,0.917701647549976,-0.00734512896671848,0.913103428952422,-0.699688931851753,0.609606333113796,1.19706650630678,-1.37129115700143,1.72673026110638,1.3407218350902
0.117425811302173,1.74307649691556,0.837887051998874,0.046891473125076,-1.46319340640959,1.59976405469403,0.528970792793981,-1.56302770793662,-0.874998931849033,0.7197473495811
0.213404208801633,-0.209333982837423,-0.27407870048178,0.699116929344151,0.23903494395845,0.271155317643679,-0.746126271620793,0.90190966094749,0.197517541372198,0.39302041898632
-0.613038532330048,-0.118875634453842,2.07707123452287,1.45529169771385,1.07010993541363,-1.08643350582295,0.119893398285107,0.718917006179433,2.30744322886154,-0.630240750978747
-0.10951809479018,1.30278748249219,0.935085323325969,-1.53697338347773,-0.994751101077056,0.0801128336294297,0.825681884430159,1.26805361343409,-0.859357578936529,0.428391213403709
-0.0518687298377345,-0.565044360590728,-1.91106495600895,-0.0730042344590348,0.481712016682128,-0.398745479824303,0.333583383813802,-0.733400414205089,-0.278191548021127,-0.280897375739965
1.62936854364688,-2.10574584329151,-1.06223051383776,0.0458102677920611,1.40816248411799,-0.259220475448292,-0.82362333943596,0.056153243024479,2.33419704389893,0.425658078406026
1.99304394970867,0.183292973595231,-0.272311175355621,0.191136510643172,-1.16246687521937,-0.343058369475383,-1.82268187749597,1.5010383126159,-0.63642646484572,0.0976173256659644
0.0495761276037342,0.812624756023067,-0.942414945037726,-1.52990098420172,-0.644591130614395,-1.5106227392395,0.016587048704807,-0.747584172255062,1.31769918813702,-0.0522679166965377
-0.982935320723256,-1.60638314687665,-0.196665493782991,0.140286812364641,1.29062223359181,0.238989504850023,0.291444789754644,0.696871388265298,0.976442099000791,0.775991033076744
-0.654087307480132,0.489256973788972,0.213386315236409,0.150330985852149,-0.368734702635343,1.07473716382782,0.695466611084885,-0.714711011481343,1.13939900994311,-1.08895659500336
0.563025850828471,-0.216715334237523,-0.919388182173581,1.38029211082028,1.91464669092651,1.23922906388999,0.911239816354044,-0.517672615406698,0.0907431850412696,-0.411927423144977
1.28895253824051,-0.152107940695877,0.837042944214746,0.184712948144645,1.54609330583967,-0.873047725932215,-2.40110134853691,-1.35054696907803,-0.555104181722538,-0.160734608261019
-0.514758894544048,2.27106113580968,0.0586829692226215,-0.677116791263902,0.897682489745657,1.99092581055091,-1.08114168278833,0.220631895486321,-0.64641864758035,0.158551358329277
0.327744534180472,-1.72692921710338,0.445102489086941,0.311442372462039,0.309996983508877,0.805829579783621,0.44530586380121,-0.0886105987882271,-0.732385737236762,-0.59715959795608
-0.0519525335480747,-0.400629110019343,0.0558308989288906,1.05211046818382,0.0151441671748719,2.44777148137014,-0.233800745637033,-0.648060871114173,0.631628774454533,0.798429867400714
0.82565859599403,-1.38752652374151,0.325937769917046,-0.535597535404485,-0.969823818655872,-1.5852826544693,1.45340430103566,0.061190976021945,-1.01810593654181,0.01599856545266
1.16906521775682,-0.930922099779828,-0.946550810932179,1.08979101334078,0.267172321324203,-0.2053132398702,-0.849277880511571,0.381619634528568,-1.42669228060716,-1.11895282294622
-1.62560929443026,2.37944914978522,0.12854795509763,0.714147263959461,-1.13084148699231,1.56432196302641,-0.43068590195924,0.153776158556402,0.00831715459423563,-0.0422393763195129
-0.396914979077908,-0.0189772023916064,1.74650634080088,0.924799168902884,-0.388953489967442,-0.20687358223091,-0.108044133785462,0.135008153970919,1.01480187914046,-0.425860365809562
-1.72830325499476,2.20087962855892,0.652036714260234,0.973026573060932,0.534371032373139,0.46890795055043,-0.390842337490471,-1.37042986741636,-0.802777765175853,-0.0492353587939391
1.30783390761793,0.498501545979495,0.245196521282349,-0.241045212625188,-0.65269304163023,0.66900283155643,-0.516829435674877,0.387587566005813,-1.53533411257772,-0.233193742654733
1.54491721988887,-1.59222661774928,1.00326576517133,0.772705336652788,-0.264744414119284,-1.22695239708808,1.47905945604836,-0.122384085994223,-0.761307854104864,0.3288367842385
-0.0993609045868467,0.251377348779242,0.848796726314146,-0.714094352785602,0.341232925834451,-0.100530301217189,-1.38357729869992,-0.0792590226190326,0.354325511150854,0.550223392852567
-1.05760709163416,-0.0374278148283888,0.0312497840240604,-0.662227976432601,1.64114115039212,1.06713155250966,0.0375994123081808,-0.190395297407096,-2.39227241306313,-0.817738691949373
-1.14682362124318,-0.404658742706518,-1.82197998100147,-0.044843945262878,1.01217273643527,0.236083745215533,0.981856624369103,-0.866776594106946,-0.499361351319763,-0.688951830387696
1.6144243054635,-1.1685117673727,0.606063405699035,0.740180865087356,-1.04253298319328,0.795794436938161,-2.00431243141074,0.0490882590489084,-1.61754241648001,0.678391353728442
-0.0873348911548247,0.828043741415525,0.751373423879793,-0.584920714174938,-0.26739996133143,-0.0514413438280548,0.0151784396798947,-2.10174582478306,0.400740070674962,-0.497153050558092
1.19621997779652,-0.394619834280693,1.01245854311584,0.513025378023709,-0.284101884432023,-0.515477127773968,-0.50322171791987,-0.962257347159992,0.903024371092202,2.58443387121904
0.425467168235072,-0.00180184567732016,1.3016085781787,0.528927588920453,-2.57453976662066,-1.24012426527597,-1.28362918459687,2.62416087890021,-1.18181960369067,2.03788716207765
1.5727042413811,-0.766184502979885,0.482694233171458,1.1552547021794,-0.176894402047349,-0.439686442392284,0.596691926309684,0.00910095728293166,-0.750651240900118,-0.821962584867262
-0.147640123720513,0.724176350802725,0.443452162119905,-0.277835222720899,-0.409767850643517,0.343964432746456,0.132876852874039,-1.19172794083197,0.440778724749695,-0.13969143871892
0.469753039135932,-1.86535907945599,1.68562660510986,0.779690161210134,-0.623050747727901,0.425027358558539,-1.24675252947632,0.827247304346606,0.0827172650183522,-0.0409149393196985
-0.646452565749983,0.439216109566018,-2.05626891476778,0.97401326443107,-1.21533139833389,-0.514108251100999,-0.986845226185653,-0.961254055270735,-0.548479027313971,0.282919375328758
-0.18697502103284,-0.045312580514056,0.589808157910096,0.0539071128774424,-0.662902362989613,-0.56105090070502,0.119388029879852,-0.0946703200197454,0.256338127956775,0.214470819635722
0.421049640046279,-0.443577986199924,1.45829424736562,-1.52887218770329,-0.518280454998864,-0.944656848684105,-0.33362587399063,0.685172352300489,0.85837838445222,-0.970070678642242
-1.41674704644981,-0.783428153514469,-1.20586789193529,-1.20289995201693,0.226890512890328,0.982647957633117,-0.554016955722779,-0.277321895803038,-0.269931247269482,0.830142469718472
-1.63813918868932,0.840704122620094,0.0172041036373075,-1.12967557062673,0.403539239509598,-1.62462117918274,0.214277335299496,-0.596549552841582,-1.43546443051812,-0.959601867445779
-0.128362105772055,-2.9717412225197,0.213219138979232,-0.0285189966419374,0.196174454867723,0.0426940797893772,-1.73920944416233,-0.0839553566351661,-1.18144376432793,1.27627897629673
0.400293332026933,-0.723945549750689,1.06987874812843,1.11669266126249,-1.24625128649899,0.333218695465221,0.377831918235072,-0.313729581726475,-0.0742861501949515,1.15466511514892
0.37244271013016,0.743921851182045,-0.466432632167025,0.475374804715647,1.41424757388926,-0.543685825507467,0.235936377954219,-0.380450958620483,-1.321352348758,-1.04630958888507
0.393030022718065,-0.367695597114604,-0.188036052446718,0.638494607759845,-1.18132286137387,2.46223938679485,0.211794568012899,0.852078051876573,-0.252980897374989,-0.20792382132263
0.479245387073927,0.73937347332861,1.98721057210701,0.543203135577222,0.0328879952859068,-0.0254031554081871,-0.727005014404974,-0.831941217966274,2.42983587302957,1.40165368765911
0.468603461045263,0.516217569198691,-0.838972770678734,0.904592270832334,0.169122583514478,3.05403562340244,-1.23205540184526,0.910177756863065,-1.76491454300225,-0.243450422681002
-0.455130327969283,0.042787864806541,-0.868862870582341,-1.21983423210154,0.444625964319406,-1.05279837417382,-1.6819884134846,-1.12592718206596,-0.0960295988198573,-0.392049877173913
-0.641542112086598,1.64258347294283,-0.846794601375287,-0.0615039013799254,-0.176601380166575,0.663265638429297,-2.08215625511418,1.09998631516571,-0.701080841364835,-0.945013004656913
-1.20300162467825,-1.88023604347745,0.893665816326721,0.63446280029806,2.57709193816633,-0.932612589447137,1.53140504702753,-1.56181066875626,-1.1203671263474,-0.598361241319878
-1.01653068069371,0.44784585673519,-0.741010412079494,-0.728159070610038,1.73554118470989,0.348452762172639,-0.794287846690958,0.935916087951598,-1.00491248028554,0.0745633538229213
-1.25708785401558,0.937070603998874,1.2997498518185,-0.430614742243132,-0.953229641361585,-0.547830430226247,0.0213750583558121,0.604645919795418,0.850149013536673,-0.93175441032751
0.558439638544279,-1.46319417066235,-0.346475891734976,-0.250981683101376,-1.50736210515646,-0.168973519021177,-0.921901239871217,0.0946377456934501,-0.495784674813996,0.304837734188322
-1.66925219399258,-0.716849942252124,-0.133838618159278,1.80862347069708,0.660120954153431,1.46955328198844,0.605452626019959,1.83338143254541,-0.0124244261703596,-0.0186343618775527
0.61028074112103,-0.601815615434752,-0.244044245750439,0.104872050401105,-0.401019970920509,-0.117602018365189,0.726873620120051,-1.71005236620388,-0.482193659501195,0.512613186302551
-1.26998825524973,0.876583330638861,0.375464047121054,0.371604582826979,-0.917176159159555,0.348336737046244,1.18812354278725,-0.722319710626299,0.378463489540589,-0.785058824068243
1.05173887443437,0.939627284273441,-1.1960563364575,-1.1259339747848,-1.47744341247211,-0.539698673823712,-0.841041934305007,-0.185632060705973,0.493181574169805,0.78003326976608
-0.709676992564686,-0.95905245546918,-1.20250809174104,0.0774140312456495,0.60701899733148,1.84442928853273,-0.558433729824891,-1.56144018344968,-1.02422423149397,-0.55616719064922
0.346956002126864,-0.939034104564611,1.01847805733442,0.971421697229908,1.62033018387705,-0.335451244325326,-0.0219234840328933,2.35617184194928,0.1615894442672,-0.585347884907525
-1.63734612096189,1.19559345662718,-0.502877966490399,0.959770682876522,0.782035849360591,1.13599631930503,-0.82270772790853,-3.16003932800827,-0.129451867695717,0.142150969955521
-0.841333367704007,-0.820583066330219,0.265091820892985,0.449584493999505,-0.201951908329667,-2.38358164501706,0.235726549980205,-0.77302034541699,-0.0244175180987033,-0.531903680897648
0.227643024661955,-0.0887168463915213,-0.0704509356907885,-1.07324558859428,0.255049784547574,-0.586407802049019,0.798774652384302,0.0975578707824594,-0.349939570095047,0.491183071034604
0.694384662155526,-0.685747422862629,-1.24661747960441,-1.17049079870329,0.137788316646634,-0.500266296691969,-1.24105708229991,-1.56672448336421,-0.805722737137656,0.831968603972477
-0.248270644986446,0.195162903607929,-0.275971968824975,-2.32307265617656,1.52049347368137,2.21994559543524,-1.01463103689784,-0.792734769832003,-0.848813578958002,-2.27798834798654
-1.09176433373092,-1.29841607206997,-0.531139541409328,-0.697293222324129,-0.233483524834568,1.0269629607928,-1.05742248999879,-2.10329033162536,-0.243674090996641,-0.19136657517236
-0.0286189091268767,-0.0613690914639552,-0.229367725969823,-0.358444851078273,-0.947071407482531,0.422709248626047,-0.335068720749925,-0.719731329482604,-0.538024362762859,1.14516082771363
0.165066290060518,0.868806315721595,-0.0755806414559756,-1.19651936532654,-0.302724579526669,0.627824255632298,-0.674424287480606,0.803985708633563,-1.3514493108704,0.0429936348434983
-0.989825123312899,0.319019767426051,0.632472220900348,0.676202219211364,-2.71232467411291,0.986935353846139,-0.0870293939337142,0.726976565541272,-2.60537095964697,1.44350612300992
2.13024440166159,0.577770996205863,-2.15704958089202,1.82757616737619,1.61922569158308,2.46580977666986,-1.44396394915318,-0.222751188220248,0.369955438358872,1.365182252369
-0.845797338314469,-0.64840233814459,0.589310436298405,-1.67153913504337,-0.0408690894212755,-0.330659485472211,0.289809265974362,-1.63908895781436,1.08471409160953,-2.01145374886344
0.193528214409327,1.13323938387031,2.77375114487507,-0.457084711221717,0.450593356096457,-0.456549073997185,-0.0705928198948478,-0.276970705975978,0.500915904007544,-0.371262563294448
0.811456493165669,0.347236611622928,0.288433844572325,2.55975012223281,1.74976536300863,1.45238605384871,-0.846534905882328,-0.73203577057557,-0.113482725767438,1.34127968083587
-0.132216823113737,1.27012055688245,-1.12951848741957,-0.133009776614406,1.30840037218196,-0.283130157817387,-0.51080318344446,0.107737318361022,-0.290483305461229,0.690704625711901
-0.80694905948123,0.636176358941345,-1.54519338212743,-0.0982811645917398,-0.155705197876273,0.544861817714777,-0.933542679460414,-0.174415628574775,-0.0123338922992506,0.937055971414899
0.228340715814514,2.24513247412371,-1.14916612031298,-0.353312027781262,1.04457495768794,-0.795460980386015,-2.41189213167016,0.458722058807347,-0.328855568547109,1.03201445513858
0.171231507001469,-0.967966730655744,1.19663893843242,0.351342395060776,0.910528841573064,-0.17752981454624,0.200472138084446,0.276776593492126,1.67058392002344,0.890131320597855
-0.299294603249415,-0.0658675801271983,-0.0764159851863057,-1.76183830653698,-0.137385287714839,-0.0513674543081623,-0.889614381776041,0.454972321152129,0.15730038414491,-0.423435578748954
-0.125688323201978,0.667047194270486,-0.862262896568836,-0.971588115916881,0.892048166311868,-1.37191674254902,0.740187014799047,0.73724950890139,-0.391215478493933,0.52466263529108
-0.239383451076945,-1.15136062106674,1.2058184757648,0.14588646842241,-1.06947134698004,-1.27105517168441,0.387531827859078,-0.469738398439888,1.20037535024002,0.0350600781338273
-0.639831759486087,-0.593956678949962,-0.212026625986937,0.348666078995313,-1.04465830738936,0.747638772740902,0.744481814689317,-0.818008033262387,-0.913646810734426,-0.280532700854357
0.226258797469697,-1.2498471726335,-0.110504263337948,0.595769551317826,-0.341337197295898,-0.129947221851309,-0.701767852440668,-0.550592883907457,-1.75536091730104,-0.302199726614232
0.592883747149519,1.94107131191108,0.691431826262798,-0.737160370111599,-0.640108867510411,0.249077202176411,-0.380171402931838,0.92124240261617,-1.06159575058788,-0.374726204129491
0.0992505815628092,0.216975231283851,-0.262172637435849,0.756200907593853,0.674771176263417,0.061137394709453,1.3328241812208,0.515461583848857,1.15429423880014,0.634746867730252
0.325288700384801,-0.612014384253617,0.79049484661846,-0.909572943290934,0.81254403693089,-1.00227241434076,0.780263641492314,-0.0876675378843773,-0.774456962108194,0.0851141408138109
0.123177003152019,-1.7164260661472,1.11252595614011,-0.559909305209497,-0.998624951635316,0.260776374140247,0.291122454352565,0.369873749449542,0.599073581860782,2.23388540385976
0.873496118565915,-0.174944531259767,-0.252675683614777,-0.61301058336719,-0.898685439745541,-0.962176820337505,1.1805353019427,-0.551474611971354,0.00410303105492038,-2.71596440505424
-0.536452832800304,1.91084616272018,-0.527302733159961,-0.252124388576241,-2.35910468534713,-1.59125656638319,-0.588523210085689,2.77958887789384,0.842220181510768,-0.72106065605632
0.674749727316695,-0.349745897456068,-0.590314435488301,2.65235224805637,1.1833744735387,0.453721540309607,-0.609247251392242,-2.06487316348041,-0.154960868087501,1.02162006356345
0.868030017348313,0.766384519118077,-1.6972482222621,-0.383753518148697,-1.43272519484609,-0.830506415557675,-1.45084240134592,0.00273342085456202,0.410042843232904,0.0514527458795408
0.0919124498971054,-0.671931615877505,-0.487663367254027,1.04593029602752,0.26736153520495,0.232739395674013,-0.131213824022584,-0.650468560670432,0.436491640881377,-0.0498537767621969
-0.139850169539982,0.326661421630693,-0.295163864755051,0.0827315755742329,1.41181824754404,-0.0800920175778516,0.34281113270532,-0.379171122402072,-0.793332820578462,-0.330371632411675
-0.907140790246712,1.40180175670203,-0.023983496927427,-0.973381847748503,-1.00566915637447,1.03348364755666,2.70071411631858,-1.18441649664352,-0.0574150868340176,0.951513871808385
0.463517657474534,1.16336881598209,0.812122217127356,-0.114423682505402,-0.261996066745045,1.60506343612603,0.550892147326057,-0.260325651180947,0.274435379240371,-0.175128504731699
1.03388348250468,0.767885588095461,0.46773812224768,-0.602003038823696,-0.4372889727334,-0.505729805678455,0.292881116565944,-2.05771337090396,0.00143644261802483,1.10496747040599
-0.576061916491665,-0.394779259979771,-1.28431794456519,-1.25601232901639,-0.855880699882218,-0.582710990913447,1.10022748079193,0.448019857431723,0.187364815129081,-0.997261272836108
1.8957579297076,-1.7339472765715,0.357669785962716,2.09602116197178,-0.197181070206834,0.741782122033548,-1.00099573686715,-2.29135887877591,0.660455781960169,-0.673074136465981
-1.96576760781442,1.4680578848241,0.678993071114483,0.754213259451861,0.211869818679566,-1.03809511681563,1.26758092092172,0.294912311969668,1.02956730537002,-0.220352557463013
1.9149532587035,0.298573839619381,-1.66070514159669,0.60523710222621,0.325567140320065,0.827298547795809,-0.292677304656775,-0.0141116109288591,-0.819773957128392,0.491602360211411
-1.16567552993304,1.50720698691002,-0.863270558261939,-0.88893501432057,-1.52756610458013,-1.61844240621194,-1.39178979279491,-0.660858675983576,0.8879029729844,-0.0394949176960055
-0.686943907401929,0.0872133553796162,-1.51508851957884,0.133101094790503,0.739495664028346,0.645376019273876,1.14009002365751,0.470890977036724,-1.24399671040805,1.58945122113676
-0.801675482820006,-0.00545506306879223,-0.987877279982095,-0.270082873029599,0.280209178977702,-0.94903936760784,-0.412523202083153,0.954453092291188,0.373410474048052,0.257557087406446
-0.0605013153502809,-1.05608917596756,1.04269073349192,-2.97181409660083,1.43177120493312,-0.155388588296127,-0.132302044424893,0.190117516633023,0.72520036132409,0.623091571836225
0.374087647192269,-0.709719594314033,0.971053368085913,0.084945746616903,0.440405501183116,0.242613374218464,-1.11750208069483,-0.810301760665801,-1.36582294884929,0.430498136394306
-1.63628346029229,1.84571391442238,-0.167786312876726,-1.68501823338711,0.411361309984835,0.574041087542102,-0.488147103579332,-0.702442585358592,-0.286184256689478,0.508129148669768
0.743488553863813,-1.11128914931806,-0.183842862625971,-0.856832601946136,0.098375088055873,-0.636206933666824,-0.203669968877802,0.258234540060993,0.64976395111731,1.59851713904935
-0.156321777356357,0.0714332141667646,-1.06600177866943,0.54290431652577,1.98383814335718,0.203173049874152,1.28304311332353,-0.951892982374696,0.631235427789172,-0.239741126402596
0.207362742862803,0.67411519504998,-0.729035936818363,0.577634424272809,0.384821658483619,0.86988161871996,0.0340870908072481,-1.76007135191017,-0.674949234937136,1.66710864144906
0.972871532878312,-0.37484228250817,-0.202717744946829,-0.530956665635824,-1.24897942799306,0.141819322158667,1.11762326941433,0.91835620660971,0.50542010736368,0.336220849702356
-0.664100072960917,-0.0443143513467336,-1.26231775644227,-0.660615194175793,-0.166370029701618,0.389600223519669,-1.39999265699615,0.483478089814522,0.365769702103201,-1.50827174870681
-1.04638807357495,0.502676808061328,0.180782836019372,-0.352978699336606,0.657531997858845,1.5202378881788,-0.813615521782833,-0.185288281616605,0.679438771407336,-0.399665453347143
-0.681292504523056,0.310917853233136,-0.455128146149901,1.46660237733959,0.00299585722893652,-0.184358905480912,-1.36707938676381,0.107093855387445,-0.0779162799454862,-0.417638284494378
0.32665196661019,0.184114906453666,-1.35588794061254,-1.7653671988626,-0.116486583337247,0.555746452686919,1.09084156970849,-2.35783833461321,-0.611415993371445,-0.582957205563968
1.06611956680948,0.317151969386469,-2.45391327134825,-1.67955459818845,1.76445485814109,-1.05640827528947,-0.989482020538411,-0.197686437355808,0.58549034376772,0.622328343727813
-0.404235125994553,-0.372003344996786,0.281454940358118,1.05757752816584,-3.21170447829178,0.237565967979655,0.822110863913352,0.153340741651687,0.732012705113089,0.0335318655183963
0.556413944590681,-0.215263607852828,1.54012435111432,-0.606635252757474,-0.759918435717975,-0.374891464229965,-1.64810020149758,-0.683337692216455,0.248574625488751,0.564631126120452
-0.597143780374905,0.40870924995919,0.716046778709395,1.06278440931833,-0.285537867449594,-1.02243928635433,0.370170201426141,-1.18169691491494,0.404422355442953,-0.199060953595367
0.570953008442459,-1.81203406320249,-0.382889203820089,-1.63392966510968,-0.225607705071923,-0.369292068764219,-1.90637972599469,0.492537862813212,0.236615860920959,1.01778427609918
-0.0782278826064036,0.851057701692486,1.14150380508822,1.78518511293271,-0.0363744028902357,-0.463533399452684,-0.0133686072386049,1.13216797465184,1.2774717665356,0.852508317698593
-0.840690041027734,1.62464466491036,-0.689449807524329,-0.95084573295533,-1.10297505762752,-0.225091308473128,-1.37652319537522,-0.936222335229707,1.17496169381992,2.49450546393478
1.66774077371286,0.494192313138478,-0.190472930415403,-0.969628581455545,-0.219898972801174,-0.471151839099783,-1.34578586344697,0.232296187668354,-2.4620550439291,0.427989007318613
-0.861589986364188,0.235406993326493,-0.578905744799944,-0.237852518090112,-0.621824828087074,0.0274041360670159,-0.829378454456219,0.159197400262481,-1.5427077723227,1.43612636819091
0.504280072784273,1.66516842995223,0.451070355960926,-0.640887136829226,1.08320450634777,-0.452091433433591,0.0955180779452788,-0.26355549468256,-0.524345267834833,1.24429562980815
0.0740137589459725,-0.289417858935328,-1.67425454528527,-1.5234614995683,-0.0166406966745279,-0.0645910252071363,0.286225619787974,1.08775473532205,-1.92278770085885,0.5388667448549
-0.384344390920181,1.12783756988917,-2.2197474586369,-0.543010654698069,0.829114590580843,-0.821437556277178,-0.816336621899222,0.53146452613658,-2.2615678898821,1.89756888695336
1.45158178611543,-1.01967138631084,0.317781729320743,-0.809733410867464,-0.0152602374367832,1.38602669946653,-1.21951182139248,-0.397123122522794,-0.30004500002679,0.443875223142852
0.56238548396938,-1.25177837820266,0.768556913406394,0.704677293932655,-0.808109297268086,-0.542862578354521,0.433239774753997,1.8610763789517,-1.81351732945769,0.671142521334838
-0.4668359006323,0.560935641267627,-0.176876211828136,-0.652708080768252,-1.90230115849899,-2.79757173933076,-1.96847311745828,0.230978527576804,-0.253081697149844,2.22984148646908
-1.85539336584722,-0.949175185395287,0.292221227347625,-1.74692216914161,-1.03256421318335,-1.70077104197988,1.25997914689018,-0.0458676137195015,-0.491422010712715,0.404433835394532
-2.25178371620953,0.738628276787132,-0.225207251804311,1.10321063963016,-0.450803373362854,0.103970745485964,0.450044075173369,0.155540023901311,0.161813010128566,0.129289859412185
-0.251919394252844,0.608512480748052,-0.634968415731444,-0.503388321657107,-0.0648736390699301,0.671255283598516,-1.81877766431455,0.270504733371727,-0.867242708229215,0.762526350614699
0.0802341795240913,0.248334300165294,-2.07504821221547,-0.30296908248226,-0.385919630218867,0.700966903766238,-0.096218954163749,0.982475214485456,1.14379181442082,1.48440954813347
-1.11421233652954,-1.03667866371961,1.20239610824779,0.798138713828161,-1.57707727583199,1.19509834426733,2.19701817743186,-0.160809437015886,0.30708078965316,1.43792692566146
-0.571992278560504,-1.59916098132243,1.33221619428123,-1.18443498357744,-0.441709881589769,-1.67275946226363,-0.514472573374795,-0.733004944559095,1.61379041108251,1.24391074322158
0.190352608772963,-1.87300603364712,-0.0233662312728277,-1.86075739011455,-0.263028944519081,-1.43439134687883,0.865243953436628,0.0855085914529747,-0.900606619361888,-3.30290772214656
0.00368154551031579,0.709775478656774,0.247459052132939,-1.0305616873891,-0.8454594922396,1.11752882738039,-0.222166675835205,1.77859107448595,-0.519323998624989,0.0294846094756951
0.233579609853,-1.35836624534516,0.664587279973201,-1.34200663866617,1.26337589809611,-0.499592117526632,-0.688472090208545,-0.875487359192279,0.00660943596319232,0.813534404248093
-0.225730694529133,0.361343258270883,-0.504599758218179,-1.24103394761829,-0.716994304621049,-0.0260584354300141,-0.825507233128627,1.13709023924878,0.483361241425968,0.500267929726395
0.486747813347689,-0.764293284904175,-0.801582113219629,-0.358909217042731,-0.158477114533605,0.486080182286532,0.500791328637457,1.18150636817713,-0.601242574496776,-0.954685229559243
0.572875426069496,0.880902022910335,0.198221019207136,-0.00838235390143206,-1.94201230336772,-0.374051859133665,1.40049105708357,-3.14589102103728,-2.46655748881845,-1.69547114929887
-0.565773602270219,0.87817709133261,-0.327814114932941,1.92929858142636,0.747995744156297,-0.310927474169425,0.409316681330611,-1.99011032779971,0.597944615502305,0.382397292844934
-0.246937736102676,-0.681165872490247,0.143196571628473,0.0536617059033421,0.738960371606507,-0.957064813469888,-1.00772981990333,1.28583926184263,-0.175150930825616,1.03365149762457
-0.239182721172512,-0.903207988382318,-0.452968866938555,0.279724890427844,2.45992100766561,-3.34528618332103,-0.0683051149985863,-1.75930747161516,-0.132839841122454,-0.235332726814724
-0.169149507142357,0.228335864626553,0.118128959090787,-0.212915937709277,1.7251568005777,-1.32079605451134,0.145339022895223,-0.175564090660205,-1.23019912987964,-1.51087241958496
-1.64867197790241,0.850630029476726,-1.09492142365127,1.70935701621193,0.838912552776726,-1.21297809856592,-0.269564079750987,0.878825280618212,2.71660432732889,1.12926193765748
1.00748789853526,-0.243144790401207,1.04980416926816,-0.577533745890274,-0.20609085791736,0.0331417070493349,-1.44403742267605,0.0206495227929083,-1.25209014984646,-0.0136037657529659
0.742282357986613,0.38312725937909,0.498382810295528,-0.213195557830896,1.10481746917198,-0.270380898753898,0.600903912174767,-0.772079152803236,-0.966969382628586,-2.28819827832896
-0.58762171594892,-0.883034703763296,0.375551221524847,-2.16663822646767,-0.167725562866879,-1.73772071866787,1.03060224964756,0.211914345159199,-1.02029106504891,-1.63174723780244
0.157209614597556,-0.197896413602057,0.503744617261522,0.246228036629372,2.06025342878918,-0.012549725559327,0.0666443819191901,-0.485651854548115,0.908311230518607,-1.43745287710246
0.36551600496386,1.84478004606762,0.606369996220602,1.85702348363504,-1.56320433716675,-1.45307938764629,-0.134997074511029,-0.89310295004667,0.491071530300299,-0.721714361242213
0.382300371769102,0.118330598479984,1.71469084449774,-1.20302523548265,-1.53761738552103,0.176630918697527,1.27095589335974,-1.16696360746872,-0.104703927092927,0.00140069820595906
-1.44803729696845,-0.0979422413449491,0.594826203913655,-1.86617698790393,0.298064067007936,0.250902965126985,1.41689353977316,0.13514471213625,-1.31931265683351,0.451005787298654
0.173188610412649,-1.39663822198682,1.42957033496944,1.219905199326,1.16206225266758,0.372678975648055,1.39375170552599,0.172742390330539,-0.860853807098953,0.199337294294613
-0.234621315507715,-0.254086300332462,0.532862378572531,0.903988649010335,0.196879663359143,0.307599879349642,-0.746411393284564,-0.188784861179789,-0.696022981722502,-1.03815017641127
-0.644289345174651,1.12357527028682,2.24023419553477,0.554658390409743,1.03078076844649,-1.06573628371459,-0.891897118052575,-0.924812204314489,1.74222209891701,-0.974537351693744
-1.31224940096878,1.94202125163108,1.37481318903923,-1.56065784566001,0.332325856313895,0.329896171825579,1.71699747893232,0.509601613539481,0.532701386057246,-0.452483111294048
-0.404908900383759,-0.075841950390242,0.207509716888662,1.8727210524249,-2.11588763868449,0.427101751266668,2.06455623618848,1.06209341680088,-2.81849281642345,-0.907432339533381
-0.335026729181326,-1.20856772416561,-0.395074001016342,-0.731600589576201,0.180818508527208,-0.199949245191735,-0.0469741101009934,-0.757408393411587,0.0263935825450346,-0.425845429008045
2.20127189134311,-1.17435077105471,0.867225536954035,-1.85029596652753,-0.0253945243477041,2.48260711874735,-0.483324440783393,0.703540909151928,0.49496685250735,0.0282251381875132
-0.751540224547247,2.18982407676208,-0.347507418687747,0.346454704175188,-0.76878909378924,1.03491883997499,0.390194859800488,0.393183555175157,-0.632858953866361,0.171967981428625
-0.379384696032201,1.08228639956015,-0.907534429235726,-2.13004166424743,0.610477902251945,-0.291349210218302,-1.01672701948479,-0.109293789155044,-0.199394280513699,0.444399859754955
-0.62098496339142,-0.507872362828937,-1.37329152179577,1.00222632650518,1.26686344981109,0.904924715794882,-1.62965481834018,0.278438704231275,-1.11643684453067,1.61829217980853
-1.30907405362938,0.829182657078843,-1.08537414135893,0.595396061798047,-0.313282840921016,-0.0933650724764358,3.49134693765135,0.118705029652917,-1.04523994981663,-1.63206834328891
-0.19138197548304,0.240567036588258,0.545331472224838,1.27514193121948,0.276767784949067,-0.312807116867815,1.24910720789912,0.627383531736019,0.507203696912847,-0.340412248294008
-0.982550074213418,0.79651414703749,1.95020258194239,0.374517682095812,-1.35399270744758,0.0270259852600809,-0.41800306465613,1.37161379306764,0.410993255649645,1.90591039140658
-1.24273987947764,1.32708369284625,0.071520298421456,-0.889287719157421,-1.99585327292321,0.565663625903145,1.95388201294387,0.341201801944705,0.0430858120451537,-0.0336138675038796
-1.01673332112899,1.51688195031075,0.693230367523602,-1.63075816529828,-0.228232993680145,-1.17358699966963,0.611899582451822,0.420862667357801,-0.635956011891672,-0.408720616388213
1.19543637972084,-1.07750532200276,-1.07881222549123,-0.161483374506788,0.834415404728018,0.202622883851772,1.00438165751423,-2.52803011125817,0.127116582712707,-0.563317396487769
1.44468203297409,0.782865308603198,-2.35171831286508,-2.12490038429019,0.0666850427693307,0.111976733005288,-1.10623141532011,0.0682595098067304,0.932665756011899,0.387704913607493
-0.604265882319212,-0.702144646449091,-1.11509985282679,-1.16036281040363,0.45348043404567,0.13497472668453,0.864957031105303,0.086015761010054,-0.513793750619684,-1.41983108796734
-0.675805576959279,0.381609297876967,-0.864463095048033,-0.300969406097813,0.399839849281887,1.26910281610953,-1.08469250363143,0.195827032733448,-0.95594025863014,1.44540772097971
0.249395038342427,0.0187741367139448,1.19624433479231,-0.493220269281619,-0.693156534017366,-0.993167337899689,0.59341655367567,-1.0180893722246,1.7691270798377,0.279683198110711
-1.16715113552608,0.505704243877829,1.63112426379193,-1.22591239280018,0.0034894962303685,0.0698633634323335,0.286594561310431,1.35020452698181,0.288116669932629,-0.622387912999401
1.94090605688424,-1.95317321612438,1.3933038198209,2.04456360746657,-0.552933287269164,-1.01549875586032,-0.129609135712748,1.13273370679447,1.41800316561927,-0.973801974171149
0.313331118569679,-0.97228371457686,1.33020921306062,0.261916027567885,0.815310483088853,-0.114130777870709,0.876938795982818,-0.0834785380492001,-0.727401737716785,-0.414244810215341
0.23686776637777,-1.64497510666641,-0.567318546158886,0.0916235594368839,0.202450372686731,0.406962643472996,0.772192052584384,-0.0331265009705938,-1.58140605883784,0.105180587383462
-1.67037449199896,-0.0580778134004326,-0.225205929227997,0.26309961460278,-0.0617843238953963,-0.0230506285948517,-0.541766311064051,-0.327247058275843,0.425881738668731,0.248697757976285
1.44765213920196,1.194348016275,-0.564010427254835,-1.23942491382919,-1.14647177076048,-1.6244455807775,-2.44389474698729,1.57900645445548,-0.37998235579288,1.08388567373002
-0.921075840387575,0.153047128166348,-0.513547486420706,1.49845183868435,0.83989509782316,1.37153910302764,-0.619235813027502,-0.706062167811251,-0.900103892419873,0.521928509075896
0.660504823428007,-1.1994450541827,-0.168458342703226,0.94096462518175,-0.364464944901114,-0.625038018292376,0.609826328770987,-0.328069559023734,0.0147363962244104,-0.17715456692931
-0.0691290606011937,-0.273045582300914,-0.97906147131937,1.19433097038331,-0.188599910216717,-0.256369913747249,-0.614342459318739,0.0214148456524901,-0.964089401855217,1.28548712030568
0.473717777308557,0.438838357225562,0.798775531883919,-0.679334890264886,1.05029389396724,0.855790238876553,0.812969913743308,-2.3182416413584,0.290479119702257,0.931069066309665
-0.207484636040211,0.150077339015572,0.846362387070094,1.19482438552753,0.711668379699705,0.731701702625445,-0.718920501154504,-0.51932482956173,0.630358042043691,-0.473034657077992
-1.1894311480887,0.65463574116884,0.278592063903427,0.928916118469186,0.104103749926884,-0.47137671112642,-0.226848579789352,-1.08747303162438,0.0361186452351868,-1.273198625078
0.171692434469009,1.28512173661693,-1.2373229087785,0.899950401115172,-0.663450168134404,-0.0520147379654602,1.92394445387162,-1.77826653662472,-0.726677749470071,-0.900720500505416
-0.448202302597166,0.426409423152904,-0.0266605341294316,0.0162561385018905,-0.0394741213000535,-0.184655822549321,0.489525537229337,0.308693435108203,-0.931936573896451,0.465262407699934
-0.566969054164306,-0.81443090945488,-1.1092686830605,0.00585683396202807,-0.586343109668191,-0.532442869153236,-0.765172006903007,0.226578556914095,-0.187422653930412,1.98413557989907
0.442134748265417,0.48717793091033,-1.20935788006363,-1.43184005796595,-0.24697614367857,0.617385860620587,-2.99865714006181,1.11551915233556,0.0804471517603054,1.73093038779078
1.05357490099466,-0.526912214325953,2.15844729627785,-1.41494628902417,-0.844962730188738,-0.753581438295408,-0.283022817230154,-1.14593764545609,-0.00892655489694471,0.495023194175773
-1.76375373769874,-1.20666416945242,0.345265092134742,-0.445826784189344,-1.55668584556596,-0.048544530780434,0.167144897915993,-0.00621500507831209,-0.454129653069053,1.60106774493729
1.24392150029714,-0.482490212219393,1.44247237452481,-1.18295451173004,-1.28559484896752,-1.46611575841353,0.168706026708616,0.919444302155334,0.279747417127974,-0.561140272615839
0.727252133660532,0.542659775473516,-0.297771381172149,-1.19371079875689,0.142765484169094,-1.45286498569642,-1.03657681689806,1.69061480966432,-0.72730188358388,1.59610439134295
-2.03962400655487,1.79573988417684,-0.838743027704307,-1.98407264091668,0.292678791529221,1.67423255466422,-1.130561069797,1.88068427064552,-0.62859501268451,2.27846065844984
0.0122567957358398,0.35053079305472,1.27352404603837,0.640667826773476,1.07087927234371,-0.374734405669188,-0.649143702772164,0.828385962471785,0.987477327037679,0.728002625207096
1.17815627886843,-0.974060814311278,1.24364975605433,0.464845808463334,-1.98547403257011,-0.242546759751634,-1.60566013019303,-0.625602658099668,-1.67952414690145,-0.832288898295512
-0.899863083671683,-0.271882817175409,-1.2122298972019,0.346381315416164,0.16853171190809,0.647804371676055,-1.03133478188798,0.00506623117814632,1.39734475081276,0.0978027410816561
0.97980365640738,-0.859495432333177,-0.499974724895144,0.264298808577343,-0.493250872615125,-0.159517957671954,-0.0910568081305008,-0.208673286425866,-0.516035631581831,-0.676679584502509
-1.1035713997642,0.271574716013586,-0.811737376994555,-0.778109442804762,-0.440788232731141,-1.0311207548218,0.9773875284076,-0.222686589351354,-0.0823709171893569,0.860868557604722
0.795709873918772,0.806973825542038,0.375220309160273,-0.379867167965365,-0.299583347872712,0.739841127529455,-1.35636548084524,0.467136999935331,2.0198016959714,-0.227939187017511
0.485784357652595,0.87247782272646,1.28484381193063,0.997155418021938,-0.224322935884407,1.83108303284635,-0.612998184037382,-0.188896463067523,-0.637706109910406,-1.84999329253574
0.075678110272683,-0.951134869932405,0.362455797113203,1.29405532263942,-1.78118267367779,-1.61021702108141,1.46660891115493,0.38659226294173,0.654172593193237,-0.434170889881087
-0.519067434258001,-0.719712770526907,-0.864506029494393,-0.175757072861554,-0.43090829580506,-1.01777615715097,-0.9104295304636,-0.108258210497334,1.49988851678492,-0.932058077556673
1.53236488731854,1.25795304986402,0.755721219408235,0.956634126468067,-0.354607183903388,-0.484703185716303,-1.97047307087674,0.950217615090184,-1.14920171762363,0.914381272502914
-2.23084961003067,0.904165208693682,0.0370924239729403,0.658181174221944,1.30404255804952,-1.06677526826605,1.18105256092365,-1.00145881423113,-1.67055234450239,1.92814223533389
-0.361924764481345,-0.442571941685129,0.965387941015127,0.186051404541676,-1.26976869917413,0.248290620691311,-0.390242310253943,0.498625253161745,-0.912857079282083,0.584277017215124
-0.704581622048607,0.643109754143851,-1.05690522640987,-0.850845901918335,1.21694911900954,-2.12173214440721,1.28073111709471,-0.703683664029584,1.20026280232065,-0.681581629559271
1.40398134915193,-0.00933279489736375,-0.573513324985188,-0.578137272567421,-1.42091822027577,0.295482929938969,-0.622027266764662,1.84446574374909,-1.11682239141233,-0.970704056073163
-0.0484760581722051,-1.19734089308991,0.856456877062392,2.04288609605025,-1.23010976002688,0.165258254467764,-1.46837811738846,0.940415987093867,-0.436491098161147,0.158783941668261
1.03633174255861,-1.81687690453764,1.93506303426549,0.647783907226089,1.06823130223005,0.318448960394684,-0.185269950196875,-0.208203190848791,-0.728341509794727,-0.136716225547263
0.655135109473486,1.90104924473622,-1.63965908724036,-0.415769281543192,1.79533611660918,0.808859543300683,0.62611434158123,0.913773804231634,-2.51754115138102,-0.884544543228757
-0.155212378259295,0.367830816513967,-0.0687211104396692,0.46768429074446,-0.456121566873241,-0.50451222822657,1.07959385915828,-0.886784297398092,-0.363506097874341,0.194179953068437
0.00590596835894643,2.03179608954764,-0.317036552251267,0.955903284150126,0.490744061135157,-0.847430718708378,0.823591480449192,1.91864049777487,-1.56609609048982,-1.41862830872807
0.209743906976776,-0.207040441733955,0.233464579246611,-0.378574739512709,0.593117828814347,-0.0646626892254934,-0.682796391073181,0.290957924142256,-0.726807540000267,0.149352326422425
0.266084780685154,-2.34811689507245,-0.414949343595381,0.0342495049913997,0.772694777542375,0.0274747981361601,-0.714347297144659,-0.410155429896874,0.605090078245992,1.61491747610882
-0.640169378574947,0.453080803958378,-0.364415653199137,1.2962691498954,-0.953797114712263,-0.877894608786319,0.8037344764867,-0.773540511596228,1.17313221823447,0.39757906581012
0.446940079223849,1.26684564464623,0.484900731716118,0.548907897931054,0.641955175385757,1.37809956595083,-0.420930343963035,0.145726690897643,0.229244590257967,-0.489317539686294
-1.38910128318726,-0.602603139020808,1.94140683330362,0.650494745908287,-0.364131618372978,-0.805756396975345,-0.123385770634799,0.0673874714368429,-1.2085830180976,-0.819457527279316
0.344923284862749,-0.637177826023826,1.57826427613632,0.573871130900533,0.618698574896124,1.06489370995079,0.824807361537348,-0.140759148060737,-0.828203935024596,-1.05274349152907
1.19203579900447,-1.52653877203808,1.33723886764768,0.443634804371133,-1.55146684382255,-0.312588609341055,1.7821228999832,0.40100324198728,-0.47855770746865,-0.390821008050226
-0.171311576266462,-0.237678878239128,-1.08975981508152,-0.735397926681313,0.705003877895735,-1.03709387752814,0.652580940184916,-1.54430593550421,-0.790577435160355,-0.959916331246803
0.298977550744747,-0.403159372352328,0.855916857526883,0.597482542453599,0.144238291449645,-1.10272698467588,-1.92884392883728,0.597013088467242,-2.07080267633355,-1.41817259943501
-0.629287432991977,0.204875062312398,-0.143733015761788,1.58110404324267,-0.695154008143075,1.4358054932213,-0.525072064991499,-0.647437813932216,-0.685585130089053,0.828214369493722
0.667659022133404,-0.91842506290308,-0.606419051693966,-0.108754647626585,-0.126731895125205,-0.0662685132732225,0.391133416296032,-1.06000201442559,0.410299102834121,-0.165084004712069
0.504655772699747,-0.234930326149238,0.28696068352859,2.56819830519115,0.541528108462367,-0.934371120369794,-2.3583349081521,1.69371621962576,0.198322182397127,-0.139954600569982
0.217778831898472,-0.0317571864872849,0.515054866421254,1.43138863744515,0.754556902921801,1.69249950011684,-0.181983374812685,-0.0567781951102808,-1.20173298533264,1.34486516824102
1.03752039810735,0.411149848121308,0.0756290242704541,-1.7645816453898,1.08532768464609,-0.104925953631354,-1.37949531108378,0.771468747614787,-0.681441995785789,0.686928424589014
-0.705156799474751,1.11273674479297,-0.117933797167937,0.741945099524226,1.25293547497619,0.558150433390616,0.677867483624947,-0.226443722799652,-0.277250209720984,-0.619088410092362
-0.170445502985014,-0.749983407202448,-1.64141282357013,1.09482274072763,0.485249355588135,-0.208232222548785,-0.0374249917580367,-0.983216437655725,0.847478502906905,-0.226822108353998
-0.607702965530687,0.903077028165589,-0.211375414482003,-2.07423186058125,-0.171999084726881,-0.741270509022593,-1.93880025287676,1.43610340123201,0.275548058818462,0.728868727147506
1.71857017818796,-0.266893002720561,-0.046496667215031,0.807090895285889,-0.124570201363602,-0.962858676410004,-0.194726954927001,-0.0872181141678094,0.395815217690876,-1.48469781756001
-0.413516630638408,0.868240614688785,1.07244766868841,-0.0114884558523082,-0.311120246374793,0.0200812005674163,-0.177800015801568,-0.958057570312474,1.36323202977112,-0.167708991175934
0.88357916459799,0.00589513827196335,-1.27044840175629,-0.285517731582683,0.579797975985057,-1.69201402272503,0.836205296058135,-1.60168781896813,1.57460302270736,1.38515257205923
-0.750870026487457,0.162842806691965,-1.14698349346571,0.958416321351671,0.448050194769855,-0.093149698954445,0.728952231470865,0.197255714930113,0.970194584833306,1.29666544573809
1.36244145089665,-0.135687358106287,1.31257856101963,-0.0201365897004671,-1.00101042041955,-0.236840555502501,1.3241471490314,-0.478634971482107,0.0610150941772025,-0.225788197138991
-1.96293240800322,-0.117358610186944,0.0224069188107021,0.273749484630601,1.86892736834685,-0.387708378015965,-0.720842986736903,0.677754733345326,3.55397203692565,0.154090176683386
-0.113118681897625,0.131286295236993,0.240831887172343,-0.0539034233536141,0.140017242792923,-0.00236307835113074,-0.157827649506906,-0.795251620634529,-0.819944495807964,-0.59238265168701
-0.626061499514593,3.78618308606981,-1.05507538544783,-1.9142727266368,-0.881269311775625,0.279777332705585,-1.45534470907343,1.83122479727931,-1.0011502034126,1.20760352896055
-1.26364984090615,-0.52921430805657,0.921107417230922,-0.123710992355675,-0.469685650308576,1.49025919292013,0.48301899266252,-0.246110739951335,-0.085797870880269,-0.66099081721702
0.387043279548263,-0.511875153713928,-0.771092935991542,0.204257831035522,0.508683271674567,0.584322368205091,0.391982017701967,-1.91294799376977,-1.38122439290256,0.292190748776299
1.76888558497728,-0.709579948769933,-0.085582716912821,-0.790128864042126,-0.56070721747778,-0.00594757959139658,-0.326137563941893,-1.01565519115252,-0.396444685920976,1.07191466797684
1.17286671259206,-0.269847561094057,-1.254016184561,0.352148416911441,0.491755114108876,0.227187663602387,-0.0172916941476359,1.178654459329,-0.130622851510961,1.04666383522266
-0.571606207509033,-1.200811903482,-1.14539729066415,1.08200626921096,0.107361463481316,-0.0499701736357887,0.546372538043983,-1.2539181886324,-0.379531299281468,1.03078421793995
-1.77242513082984,0.086620761195529,1.19864055129127,0.896384005233238,0.292690977657129,0.989377644862764,0.914433109799634,-0.801823890984793,-0.3047354778583,-0.983190427393713
0.550194530392402,0.373824784977599,0.101823452360821,0.644488171504803,-1.33955098905775,-2.43446328439732,-0.635307540314873,2.02840357412559,1.59657116044795,1.55225610904417
1.25794833741989,0.187817795667476,-0.122186692381585,-0.671798461389238,-0.463209491294767,-1.43770888252923,-0.801661398260447,1.55710102970068,-1.48944313372369,0.290102536442882
-0.778034245478855,0.855632442154649,0.128719871138698,-0.782033184403075,0.94124144339268,-0.466813576049705,1.1051142788457,0.016798637849354,0.670331515602362,-1.1115790415043
-2.33326134673738,1.64850634832179,1.37041802249442,-1.05262758970134,-0.315500379199283,-1.12932964906356,0.296130582043658,1.21405994967981,-1.12225616871964,0.609038508386452
-0.570482275630704,-0.831038581272433,-1.38948508971887,0.129165658197139,0.36848872130238,1.99069710416751,-0.15852782654678,-0.470099952586129,-0.498323668512252,-0.241631478115038
-0.13946252844803,-1.13542732191552,-1.73650897474619,1.46153283472933,0.39089773256122,-0.424276665434157,2.22457086218988,0.24961377463853,-0.965176753930118,-1.18076940169912
-0.393458349819557,1.28991624686449,-1.5527218805363,0.73222523103379,0.846500470990457,0.328113607933368,0.39411295273472,-0.0945391190384234,0.00914284326817218,-0.85530146292202
1.33779740502044,-0.899037479167936,0.177141334420041,-0.820117152808357,0.381292969458047,-0.677991017690884,-0.563972335360779,-0.332565206754361,0.812482709693994,1.03348502652182
0.514248810046719,0.973193702249963,-0.886653406695958,-0.0934261776580077,0.340596501758357,0.113058463983374,-0.425747886575232,-0.86639614859628,-0.507520540025189,-0.079351973056039
0.863252510169338,-1.26494570040402,0.876459838601831,-1.41254461523654,0.283793401982455,-0.508308116166099,0.352218501733282,-1.70474926714953,0.992579979565227,0.105859790536355
-1.58978140074362,-0.192314970216835,-0.35418014769152,0.60008809217468,-0.74277827882528,1.54102975776436,0.186025373722492,0.48230774662958,0.248276710542424,-1.79500261235639
-0.430710029861759,0.0459089528165572,0.663481525939978,0.501329486820273,0.418330010119085,0.183210304227049,-0.732881842011403,-1.58867055648635,1.39805914382809,0.679274385458407
0.271121962026837,0.572252985806104,-0.233367723802599,1.46987632317623,0.180274846431774,-0.847793366584753,0.422091926843352,-1.38979679094733,0.0751251089505136,-1.42965476033203
1.21415991849951,-0.507629129884652,0.112511839485501,1.26283057864417,-0.307958671374482,-1.42309727909437,-1.36333390968982,-0.128491783069286,1.79313506233191,0.691346866271741
-0.472052511925939,-0.0427808610561254,0.997930294497489,-1.07234182278782,-0.458413974117474,-0.59671282512959,-0.622825965116975,0.305251435389627,0.438582236191212,0.760701542173765
0.0815578500279452,-0.901548190936798,1.12492402328257,1.00539705822686,-0.0229812110363069,-0.406097331288684,0.872724861595509,-0.203133429893822,-0.671004063319194,0.501408716892975
-0.429235323055622,0.846078006117265,-0.148796388932866,-1.34614650476827,-0.744541821688059,1.00252628658699,0.744985093648102,0.251168703361889,0.435251806290184,-0.605835404848929
1.94248086763209,1.08640362195823,0.435928350673651,0.290644236744249,-0.0280545544706866,-0.963995346659451,0.389685671056005,-0.252381227648985,0.642310712585815,-0.386379044136346
0.174501762710209,-1.19386399564676,0.120436099020974,-0.0904144990249452,0.569633913908689,1.43393403226203,0.0748263155171846,1.85104310277416,-1.38981755682027,-0.624183917516344
-0.418086217620738,0.763235840519863,0.142835291020403,-0.246084777919041,-0.333820817605561,0.573377313678745,-0.375183279444618,0.782507393786519,-0.455701925921596,-0.436062731864201
1.38553629611771,-0.402816450987121,-0.107567146100357,-0.282227861020505,0.549113289616137,2.36974104314823,0.605694567804065,-0.169627877416647,-0.81090611554568,2.4952595162061
-0.911967702492848,-0.63606447066863,-0.0277876556824331,0.388437304313757,0.541438186508446,0.18430040535268,-0.175311425067855,-0.303297507403798,0.761329627612592,0.180964182790437
0.387999594166619,1.25740941193079,0.758937291311786,-0.253052556854696,3.23994405403138,1.13670607543744,0.416782535355854,1.47275160076374,-0.991673079634289,-0.293965354201264
1.90663617350026,0.723949709736412,-1.21685768732019,0.65506610481307,0.920224296370618,-0.611849151717009,-0.00265969866415673,-0.496626833832496,-1.2601676342426,-0.224083312110473
-0.0225125017317835,-1.60711292179235,-0.375744001466673,1.72808393251798,1.5522087462834,-0.388141421998033,-0.472267235783729,0.263286722228195,-0.899817873858515,-0.103950439927521
0.0381725583267824,-0.216761733987044,1.1524444846561,0.112728992416206,-0.335439245698197,0.15665891803677,0.573094982288393,-1.01613386080807,-0.930830001104564,0.0934325756439007
-0.588906999799414,-0.175724280679619,-1.83554101464784,0.732747397072521,0.913182386594654,-1.18234585133344,0.136490399865712,0.619065303868651,2.50742786419576,-0.548542752134695
1.51982131866506,-1.1111864011754,0.702302274530037,0.75383163097644,-1.02290898108794,-0.365899912038838,-1.61152974533305,0.243245845645707,2.26878405939981,-1.03387927352373
0.72727676805511,-0.921802013021329,0.309329266410673,-1.1302681222523,-0.0555018790845629,-0.10149442846903,0.138753271406904,-0.262456579474058,-1.14198884135454,0.574155293655102
-1.87601515814091,0.83707528812543,0.754405019482353,-0.135750763938776,0.471513904143602,1.19866226631246,0.658704657216733,-2.3781486239987,0.597312965297048,-1.31233946280532
1.41938511965363,-0.466682238473513,0.8287871920198,-0.570140550035165,0.14299725294353,-0.890745717141575,-1.07594728389466,-1.40416338438037,-0.551374875026645,-0.247250241962323
0.395604813522391,-1.23308484464807,-0.487306428757191,-1.13480320168691,1.18864320463484,-0.235146816838235,-0.71835392342761,-0.353585585411408,-1.90171888173234,0.011660780121766
1.20679902341031,0.606431312769305,-0.788658593629503,-1.18656018072545,0.427795420968369,1.01520413135972,0.978386929605096,-0.811403739952409,-1.99833722872921,0.858359189478341
-1.79655483575353,0.176801710166553,-0.954377885141815,-1.08074250154531,-0.332793936777427,-0.104557931354841,1.20161230656847,-1.29526921487711,1.26175646507741,-0.503314892133989
1.86262279785496,-0.305998566139176,0.0667622935105687,-1.58735705178431,0.63386685937868,0.147632418018256,-0.905658495546614,-0.0456596475856883,0.457197078262127,0.840601164168936
-1.31621302924844,2.32242266710346,-0.944050952607706,-2.74132924630721,1.45917338623841,0.935305885008415,0.397931171321467,1.22654922713582,-0.297872342790565,-0.00444359877369779
-0.208061332860012,1.92760315254775,-1.0588647498389,-0.523073353361183,-1.46153131318688,-0.900022614272281,-1.14877510040309,1.0145626868775,0.428846643761076,0.156260380714003
-1.6242383375514,1.87821331981438,0.700686298788794,-1.08470275848638,-0.486435512038958,-0.574101391001588,-1.04747996405975,0.0556777427518816,0.224240227963531,0.632589585086157
0.193212398565658,-0.563624513405482,-1.09502803065624,0.845664578495391,1.71130619611461,-0.74937684992693,0.148279877327457,-0.405171668011966,-0.804772564935358,0.654473934991551
0.323241430740812,0.0995686302968596,-1.15220432403072,0.618789053097108,0.201034356035447,-0.325649500683049,0.743771741168846,0.0937233790489113,-1.57737779382904,0.997804681691023
0.929514625091452,-0.0615955468180876,1.83635335861996,-0.0119697763704786,0.686730904756704,-1.3580728308683,-0.619686318943059,0.613915378658826,0.418228947368615,2.91910403990966
1.32233602121619,-0.749374845739179,-0.915008641140785,0.148635020045942,0.686475935883839,-0.184287521770051,-0.881193984868606,0.809179635499735,-0.142790183151346,-0.442597936049852
0.455267225945873,-1.2735833129054,0.722050206263609,-0.0566644397685414,-0.802749640622957,0.420404544113727,1.77588907208247,-1.80024742685412,1.21377088991124,1.46183852151178
0.683096736425878,0.0427563523413982,-1.57618370160754,0.544260856750902,-0.0698703294422357,0.261660763216537,0.415201030693686,1.88309738998582,1.65651016034024,-1.17196111060095
1.12403571495172,-1.48970957793764,-1.15573229241218,-4.27158351485409,0.353252035872559,0.095929082823582,-1.087347399997,1.67888811468661,0.308570217941322,0.0371197064131572
-0.546567809427985,2.50692711705414,-0.172184227579674,-2.41797901218214,1.22116363974282,1.33958888420915,0.210372186184079,-1.73289706343423,-1.74767735049206,0.656969963379522
-0.649217079589745,1.79159617658373,2.10821688802116,0.514739505971147,0.307823408980202,-0.52084863420283,0.898237083604899,0.148102349963739,-0.184865520763265,0.00540440361656999
-2.02257131574275,-0.685720550495014,-0.174795376664519,-1.20796420833361,1.08247809175366,-0.707095890171769,-0.486017526237081,-0.136921071352569,1.3193510273351,-0.136387810417949
2.06023270515725,-1.02632896238724,2.29058791237418,0.362072913859435,-0.351136103282237,-1.38998366569424,0.0199933344960572,-1.31687188885053,2.47488536615133,1.43464633962182
-0.413951200038665,-0.957698350555851,-0.561176507078897,0.429229812798249,-0.117643391822742,0.615764868177024,-0.562075474333402,0.806849430178,0.632499693293435,-1.79528226088112
1.32369812128048,-0.426154390096664,-0.242144037674986,0.653662082311929,-0.416883435480087,1.47372757257897,-1.09181804898991,0.895474337197607,-0.533596194504453,0.239821614948858
-1.09771254322324,0.73547501759678,-0.0904044024097085,-0.229482179348685,-0.559098059752112,-0.283310792599524,1.12246557654503,-0.0349496770071288,-0.405645927099843,1.08123537993344
0.491362222518989,1.39885217595662,0.487540024179436,-0.929814275230624,-0.422721733977845,-2.04504838371354,1.57741073928032,-1.74064418689998,1.28356994680296,-0.588860311009772
-0.309105835895885,-0.189220557999208,1.38742444021979,1.00794333671549,-1.11382172331146,-0.38173499592094,1.37869323507724,-0.0824493379800905,0.81884863520703,-0.629617417237028
-1.0555799366851,1.16704591398519,-0.0861575405281147,-0.777056384554555,0.131701808816679,-1.30535997050134,-0.0790989516527189,0.332659290045067,0.42095980092245,-1.58521130974404
-0.287451086168729,1.17345431270315,0.734140994333289,-0.321946073665605,-0.814840043720701,-0.0864113845297559,0.133274316970464,-0.233312388315246,-1.06337408190048,0.819347796835845
-0.339210477792562,-0.279187434446113,-0.824606348782052,-1.17339065899997,0.23114710473744,-0.000683613199708663,0.928309259848467,-1.57882938479625,0.929738490203288,-0.116090064012391
0.303120385590643,1.16520024506464,-0.928502923419927,-0.321300251514711,-1.05442826383358,-0.138149567698741,1.20399905841442,-1.99650071142746,0.0225976027477706,-0.0720858579745798
1.36268145896259,0.326789606274085,-1.50799082045736,-2.31259807005347,-0.0753795470409814,1.04183644774295,-0.752895966879828,0.697270601937036,-0.890203853582177,0.911360428045337
0.500111116935879,1.4370073418779,-0.542507497044612,1.09360225398625,-0.599256073329098,1.31790121255465,-1.15480439833424,-1.79197261702893,-0.577662925456524,0.816132101806422
-0.0946660670726693,2.64747708943339,1.62162669844325,0.0106711627726943,-1.13536681020066,0.841515261554483,-1.32191995844663,0.858739895599159,-0.046302342670434,1.45461415907986
-0.166058753108858,0.835119146571849,-0.422503159759246,1.20271364355731,0.287070057028672,0.231102495807107,-1.11318375475322,-0.666100188702922,0.437548625486094,0.149023251112498
-0.904125250548275,0.00914382696412894,0.596705304598613,-0.211456830498009,-0.5520642427288,0.967424353100078,-0.611560808441205,1.38227890103002,1.16854916356142,0.127298764252881
1.54568094530393,-0.678918555474557,0.659297685287505,0.475316907711775,0.505508764231626,1.6498699165819,-0.452558245954208,3.25811585850447,-0.755542767102808,0.588520789393707
-0.0480808682225484,0.126127819520901,1.75380207407194,-0.856200571682002,1.30194374262402,-0.352579433680203,-0.83389802245856,2.63765725221952,1.89650527478904,-0.218044739303438
0.128580452596221,-2.20189352408412,0.633234218630037,0.451979697463646,-0.517431956893335,-0.963547236444367,1.02192025817042,-1.31228073883369,-0.0144664233617315,1.51791248650347
0.0141349686992465,-0.227523099245089,2.05576337032935,-0.907646808780899,-1.53608009573296,-0.384686841619607,0.0660243151939208,-1.2845950811817,1.04826562525407,0.105796342586672
0.411651053818431,-1.29153966728706,-2.13542487702488,-0.342540451716397,0.591814833044161,-0.218402145510118,2.74300179648457,0.156491496916264,0.609421846612052,-0.994071962945181
0.942890105397767,0.677517992039105,1.28220801657927,-1.13600003483469,2.26894809706635,-1.32923793726436,0.180967440692496,0.295778571637286,-1.39531947708079,0.299675846288278
-1.30444565165453,0.395554469705432,-2.29747665646145,1.23472201804358,1.50452073234218,-0.24378867262888,0.793775581565819,0.536562224466069,-0.397753467575667,-2.60365014694003
0.491197332285887,-0.709104069432757,1.16414968391239,-0.00485689425196783,0.129393968183332,0.342356866017269,-0.726172515031953,-1.02931083061346,0.819658501621684,2.21202260910669
0.976032138035677,0.281106633533974,0.902397114682222,-2.10038775978372,-1.35402436957643,-2.47912187585028,-1.84495400502005,-0.00573029408040942,0.911742195754419,-0.366071175140998
-2.15584273859356,0.878272327631152,-0.534084023386149,-0.534019109444077,0.382542237739631,0.579072273715143,-0.279020916266903,-0.608771577869565,1.4070616891335,0.00886568291895665
-1.73016196220916,1.25865651848012,0.584807230139344,0.065033221835015,-0.661906497321573,-0.209489873218706,2.6851017452399,-1.66913353704673,1.26450142854335,-0.329494268722449
-1.28494387802726,0.225265063606036,-0.21106013423717,-0.091945142985007,-0.257433826004476,0.0108344382922095,-0.322753904538268,0.0934502128819982,-0.731991857926277,0.441535502033261
1.35037981666444,0.16707134910321,0.341301167224615,-1.26327739612047,0.649976209560104,0.807352670144317,1.20155389464056,-0.904198185009477,-0.960120740177898,0.320026256158684
0.559190861019977,0.597608453358169,-0.689701440662591,-1.70303608874604,1.17071066761704,-0.517239294042552,1.46437101687503,-1.38092736719602,1.12474394511835,-2.0545328183666
-0.106485674724774,-0.490607785385507,-0.408996304751574,-0.0197032739117385,0.568819737665898,0.293277425249135,0.446712762176236,-1.57589453767663,-1.09453873515133,-0.201305741201297
-1.60842153112053,0.86872862682086,-0.509241132442753,-0.295049534024673,-0.89162143966445,-0.0628883736158882,1.11789777380749,-0.956842265577897,-0.292416905069368,-0.154129382069302
0.138869933498958,1.40031281843646,-0.836397915282926,-0.743856202875652,-0.5582108789793,1.49747206868888,-0.287753406318029,-0.458212984307792,-0.370357377045585,-0.491763892143838
-0.0842384326653147,0.0257458122073891,-1.02926077398543,0.824846907717713,-1.26524244985368,1.23401091012877,-0.219586931738704,-0.649976253469805,0.283308558853075,0.234977896816711
0.319075480363247,0.072121789128782,0.630873035047196,0.375587337179003,0.271545123474522,-0.0174085775498949,-0.218350835447699,1.52564226742188,0.703923048527477,0.519438508718257
0.811966223595524,-0.892340973576403,0.12755884612501,0.756237254822463,-1.69600374867876,0.0537664535475252,-0.0174552844651278,0.196194463931319,0.267625016574705,0.0131133587609142
0.261690181084603,-1.32611964565098,1.50438077728945,1.14163108840603,-1.1693986656119,0.276308147853808,0.457060552316527,0.112482088375166,-1.73387096487067,0.677176433348057
-0.551260888938327,-1.54927847199552,-0.581831565800606,0.0198284564317566,0.216600942902528,-0.0809927888856331,-0.615313591400431,0.215444636973412,-0.697551378483077,-0.377239828757032
0.327581216181942,0.410235107703495,-0.5634579466779,0.0504887025228181,0.277418060447676,-0.271632066674896,0.23884992768026,-1.27246702815599,0.0878399434612066,0.358439710946655
0.126869798798781,1.24448798319253,-2.0554013717433,2.49768855937747,-0.252312118892936,0.0330591420111794,0.0889021967258383,0.329791085863787,0.663317400609338,0.613997000209154
-0.768370141982943,0.571068106288657,0.385460738283631,0.494049628705398,0.708546410186381,0.376576861275346,-0.797471363756362,0.52282310202877,-0.214702174629499,3.07849100868667
-0.266811485382062,0.10761221101496,0.130171631422048,0.905266104711947,0.563917932114684,0.0142862279979541,-0.0285301199962547,2.16165040550194,1.28509497288567,1.2204729225129
-0.650562657060174,-0.786622261057646,0.581627039849491,0.493363850582489,-2.57981261946685,1.13857008391202,-0.404919457237299,0.448920566564214,0.0710828805701055,-1.33287938785347
0.807555311944836,-0.228745495997286,0.754741871096703,0.677976806024166,-1.13197519207203,1.1305578424712,-1.29741935247268,-0.535523312039486,-0.140475902509198,-0.443033795217064
-0.201679094376144,2.29731370498305,0.0912312331875587,-0.450338436240545,-1.06162895636745,0.295815383732109,1.18311557686145,0.0915669269723227,0.532507855540277,1.08057687062328
-0.365822756946011,0.647229555837047,-0.547692981141282,-0.923957122465868,-0.660725587115601,-1.02923740840792,-0.313117244416612,0.155300936571447,-0.937631053894469,1.22146178900368
-1.21037636538366,-0.0610423999836822,1.00077102406369,2.30156902918968,2.0811848817084,-1.54324127230083,-1.16330202853509,2.13906632441993,0.194864609572752,1.74211797361588
1.29745021930194,-0.450943526333157,-0.456638107172307,0.478278892145401,1.20606690072331,-1.38050101789831,0.704829394264377,0.280154745797348,-0.642416343963899,-0.151283448097421
0.35030719643228,-0.391795297808206,0.734515341091791,0.885083538309974,-0.197840491494857,-1.0648828330641,-1.00402218761492,-0.396733102177617,1.24379170796399,1.1441799528369
0.106841374607015,-0.424850495913045,-0.300560394101888,2.24380371728751,-0.512707595229005,-1.00666409320821,-0.104492555851875,-0.448862601541411,-2.40916672877975,1.33697248694087
0.110290402143447,0.168110525076835,-0.0554742356893438,0.588918295302152,0.301415343769812,1.53027731094197,-0.401815923196231,-1.41860269700593,-0.0356520486262519,-0.726080679108274
-0.00859522397390578,-0.377269689607823,-0.0214612054263305,0.340816362871162,-0.888814971319842,-0.235914486770337,0.186868627281692,-0.661255969733409,1.05772961386251,-3.92227613000785
-0.0560360713560619,-1.55892698281114,1.25292277833869,-0.817876209184878,0.833646040490325,1.5006293400092,1.02972337438488,0.673383249736549,-0.591753748531901,-0.157506116713968
-0.560070939710763,1.10741973614468,-0.625576222160264,-1.78522198946534,1.98720224873827,1.75252898699626,-2.3632270330748,0.951065628607476,-0.256838749500099,0.176822522082392
-2.01205307556624,0.30494340656632,-0.583552310237491,0.724478029529998,-0.563828584170762,-1.34365897297498,0.393982874845941,0.0404945660925808,-1.11301149396791,-1.58415697797978
0.258414453500183,-1.16147975914509,0.749531367600093,-1.18016748461312,0.278734413108208,-0.260005871667149,-0.97582667763636,-0.451317409374009,0.386156922121661,0.271553756160041
1.36548934259114,0.00389692143545851,-2.02876927119926,-0.181300102552929,1.76883634458401,-0.0361271012288915,-1.81971045589967,-0.566634055585496,-0.628900204273369,-1.77463691916328
0.484672906151644,0.471791738153998,-1.45682224452763,-1.33485869265333,-0.390866376481145,-1.50913295192517,2.15046370217516,-3.16923674891386,0.574731318513891,-0.497818801386449
0.477512891152034,0.198216281892345,-0.0792621412890437,-0.167048784449629,-1.17796938487098,-1.82620865164206,1.2477163679829,2.04655608579482,1.57552809450833,1.07980729461285
-3.36670957810533,0.586824110474481,-2.23001575403486,0.16551378940776,1.67525025451076,1.21407950590775,1.3818643153854,1.8808400903824,0.971339633479075,0.97715709044518
2.00490092379374,1.29904449514848,-0.322989940160982,1.77958259770548,0.171622496215229,-2.14723356575625,1.30523356162384,-0.275324452473171,0.698940403707592,0.135551152031217
1.37164692972089,-0.322835197478053,0.123357091675142,-0.755593722101565,-1.12237969591587,1.22162254491005,-0.887655299331444,0.639921456107392,-2.28366485265567,0.299190237943207
0.458243330587396,0.624902089203567,0.939819508552107,-0.945665715445029,-0.545957611624417,-1.18090884990982,-0.667766908911524,0.00508768983141812,0.0481119924867307,0.576108646241913
1.17989409276477,-1.62690063831769,0.0993771168590775,0.578171396030233,-0.56308610539685,-0.066144305784374,-0.728271346194937,-1.69913780460002,0.019031418900025,0.179146792750079
0.146261314859619,0.782322492395756,0.781797133945238,1.05925985795932,0.626312626783764,-0.389146883314203,0.0708451059134862,-0.175669123175125,0.809030313063225,-0.106618316243013
-0.331824293815672,1.25188052367774,-1.86901630390903,-1.0449184736988,-1.16089400729788,0.00901473100862273,0.215690328492993,0.414566317061592,0.169862591525433,-0.0024107264988011
-0.103052937292949,0.0692297656864261,0.115307304265527,-0.673743126849345,0.655849577263974,-0.48738112405001,0.237662938943146,0.805284636277041,0.616829796664702,0.661513728542912
0.472919820205245,0.308648993389899,1.588775957133,-0.225773360197563,-1.38348284191985,-0.181886736833413,-0.6381058491403,0.627466439630622,-0.450837258726157,-0.887452818351618
-1.20756624560131,0.630152302720082,0.394690673736641,-0.0561196572637888,0.467737181523497,0.820534925580278,-0.409963001385158,-1.49226214927446,-0.697315154343243,2.45072785282921
-0.778998548287952,1.15288124438784,-1.26256939665443,0.405312256951261,-0.964733159704668,-0.192359573528718,2.95225240367656,-0.102113952871963,0.25001484827189,-0.843746745423488
-0.776357978121359,-0.762994370480952,-0.300034015049516,1.32392776610356,-0.985877138332478,-0.0724525813590605,-0.201841686638903,-0.449252685750685,-0.700488888982208,2.29351099226076
-0.0891336843782928,-0.114418119669371,-1.00647903017517,-0.3222291003031,0.840581658415142,0.16217316394968,0.282016032687518,0.387014878322287,-0.193764455640054,0.776763753447937
-0.114869637514325,-0.160971474708579,-0.754537739176945,0.975366712049967,-0.974550656491439,0.413708924410823,-0.532337498963033,1.3171554711072,-0.693924852733484,-1.78329259086496
-0.522237147624493,-0.416757699396239,-0.0384071478490483,-0.0228614194797375,-0.682080805253782,-1.26646911078538,-1.40575322024532,-0.0910859453235654,0.384650578883012,-0.292802871723711
0.23566830832906,-0.716636421173665,-1.24412149771265,0.580637272235104,0.546764765016121,1.21083117619887,0.464462325970393,-0.321982699207286,0.112441073100331,-0.697902029506949
-2.35543845335658,0.0670164838813188,0.983416193674353,-1.19014311452478,0.080123966291591,-0.782041774621529,1.51737856503269,0.810887594305912,-0.182845100889449,0.0460110742051389
-1.78681055484686,1.27895272156094,-0.312511334148331,-0.674350061403382,-1.71443729828191,0.372301550542486,1.74298002125536,-0.507677279059903,-1.4134424114432,-0.91007574955741
-1.82540724056422,1.77823034747273,-1.74731217566091,0.268093140214366,0.780081498650661,1.75422054362366,-0.0182771504011243,0.0642274954101989,-0.152982032230557,-0.389385705872446
0.956225929366984,-0.0618959533526088,-0.425961982781956,0.734876458182514,-0.28667826383618,0.886386362837658,-1.2030221086243,-1.2397959682572,0.140779216121478,-0.720007022406753
1.6275840989961,-0.435439222359061,0.982689278494774,0.629134805641289,0.181297433728186,-1.69993715268247,-1.43873707693304,-0.318097970191634,1.03365455120095,0.0918153984282707
0.761529710975354,-0.6772264388416,-0.744217373833633,0.582628218267018,0.234959619268288,0.317351500170534,-1.79275406835794,1.09315040875094,0.53284383502753,-0.54027104364994
-1.86561774329285,0.989125414725024,1.01246253205651,-1.45453456772086,-0.520735894234139,-1.14847591553123,-0.114633349267661,-1.07041018617363,0.240602970376485,-0.347714055398944
0.706515617056448,-1.85631829950106,-1.28872053186938,1.85717769254093,-0.11282401871335,-0.00969186654373046,0.988798413703713,-0.947592797024248,-1.18184234937323,-0.987602438003325
-0.493711854802329,-0.475151749717495,-0.970701740833748,-0.332289588465807,0.46415907229883,1.66871066724313,0.0696717170202423,1.05927018065001,0.6528280944674,-0.378231846778011
0.59448234910831,-0.109209186440137,0.790430351271408,1.77819553578947,-1.39680669077928,0.947765425108749,0.154735977127997,0.852531458610655,0.542337011146225,0.56466945079504
0.950071625520157,-0.714639198182643,2.05111016813765,0.532497420003986,1.39074387676104,-1.11685743019843,-0.77653023855079,-0.854903486689842,1.00000845375978,-0.170586324346525
0.00226831077702097,-0.79512746692475,0.225875633399149,0.118170367451743,0.528419248866802,-1.08566428986972,0.222916896345484,-1.89243267021598,-1.05076592879739,-1.93784748057409
0.797593686251016,-1.71427376048935,2.78087906322183,0.510682947889943,-0.350082892592352,-0.175291872987739,-1.40717092875506,-0.409996945544148,-0.199363608591909,0.296533870319018
0.390505928709603,2.3692072396808,0.104230153031395,-1.1566941323791,-1.11524927431917,0.172890261526578,0.525851428715506,-1.7121361067937,0.751737764563043,0.886522553397226
-0.259845765218773,0.975647380902961,-0.397312169485137,0.0980089456385449,0.530542198472309,-0.379100568200143,-1.20922143456847,1.4438038519581,-0.0450863783770402,1.08332864018782
-0.157077466329168,-1.79964529057312,0.382604566146302,-0.502917012297423,-0.72129321561979,0.14013243237475,1.06581876368446,-1.15112312993504,0.132014851050117,0.891046016552526
-0.650082727349014,2.49192580490106,-0.814193814082561,1.16702496932179,1.65729300686574,-0.700516094644429,0.89139337860319,-3.00074782215188,-0.358737281486008,0.247567018615061
0.923804848071858,-1.16451911783157,-0.00916276963171329,0.959925819552834,-0.990078050576686,1.28058265734142,-0.80024082658879,0.529752699637714,0.335651141512359,-0.0724577192680526
-0.708872544165125,0.564623712361286,1.25672421444511,-0.265310157079845,-1.45527985527618,-0.258707956662954,1.21611797424197,-0.477892839471142,1.39200331559027,0.644134472077422
1.27280455762864,-0.799646014544137,2.10134337212373,-0.645405216414675,0.695667429385057,0.546662364083392,-1.96981327740102,-1.09423615285988,-0.220170581119676,1.07919956234739
-1.27674613472114,-1.32895704460668,-0.407036479599596,1.41980916733255,-1.2925540754539,-3.48510599795966,1.68780016493815,-1.29501001421033,-1.08357778821757,-0.58627654733771
0.44559633564415,0.344664750046549,-0.55505072183295,-0.549996847551095,0.212723302319583,0.203187746477986,0.0253506593937838,0.500283915958848,0.579049675937379,-0.524997250462894
-0.622255187418346,-0.460782025071755,-0.440375496361707,-0.160627621829056,0.598846491941332,-0.510012439978584,0.303683063127445,-0.877783565183448,1.23350290738366,0.0877278256079923
0.334676887206805,0.254801753254603,-1.48343355498215,-0.691861663323007,-0.197468776448094,-1.06702453423665,-0.583555744207712,-1.02922924620562,-0.626909694681524,0.154516506632134
-0.896854651779147,-0.701207879766069,1.45375106391421,0.477470930742147,-0.817044469632653,0.40600841530973,-1.1396401861007,0.999525161761787,0.496984984942889,-1.17451893304341
-0.256147454412312,1.3335844126146,1.18355652920226,1.4293695683751,-0.429239088128187,-0.613392519498563,-0.559012435105208,0.877875962540199,-0.653397189345087,-1.31086298206587
1.19143830959695,-1.48340596956534,-0.326976346573309,0.489089978213381,-0.709651121500623,0.113891600597963,0.675909599906916,-0.642848036721969,0.408187482149437,-1.24172007500798
0.867808073945588,1.60132906153947,-0.905914401800154,-1.85424949483495,1.48374943181104,0.467952125300287,-1.11817915081611,-0.348515351364397,0.711108887839432,0.146272344397913
-0.857418853328149,0.0487505126115548,0.642748830577808,0.670854634564023,-0.469604956030053,-1.17902696365722,-0.454078801619718,0.204135169914283,0.833235282094058,0.370346735544961
-1.39454301447215,-0.0748639657630296,0.874893210094538,-0.660973006943898,-0.798028191556001,0.298361789154344,-1.2898721985234,0.604826887431242,0.972894286554048,0.938348136981617
1.28581637809793,-1.31645628811284,0.0211942650358865,0.915755460449513,0.279399385146343,0.0922176766055302,-1.72332288746703,-0.417976157848478,-1.32636160184688,-0.286317195125403
0.0821455360829287,-0.924417552315359,0.67646332812581,-0.893249274412141,-0.0367399611115481,0.0804513598837405,-0.712834581553188,0.821475345844427,0.194605713502995,0.820666282989809
-0.944233296979549,-1.4041083192161,-0.0854018321298314,1.05607568138367,0.267101902183048,-0.237308409545209,-1.53113660444732,1.11241388611173,0.174445044887824,1.04217357949387
-0.934089249095053,0.42192343163333,0.13539366190386,-0.225418352240232,-0.0184826655205446,-1.31348886972103,0.0415273556108526,-0.519627488799424,-0.974158309200011,-0.78721551815038
0.215939974616123,1.0713005086401,1.60528583909969,0.376199818710494,-0.426069469410596,-0.63982953545916,-0.141756014514835,-1.197830480531,1.10635048924144,0.104610265198199
-0.414736687234444,-0.078448339101074,-0.53200860435415,-0.752683474969388,0.978799072908442,-0.323088334014637,-0.443427320823983,-0.217828526953225,-1.11069789296449,-2.20768185293398
-0.580366725362045,1.73406881623551,-1.892380359451,1.88203250237721,1.91494078699093,-0.912319087542184,1.01938040576753,-0.922033915572631,-1.19100565922281,0.416901738005432
-0.274076767045718,-0.214627052619817,-0.490832741223115,-0.013457642514621,-0.0545673436375171,0.260820349357465,-0.104196884689407,0.76719765085879,0.976565797705771,0.462023700069954
0.305449368227675,-0.976287113875981,0.253791916988519,0.348757549707768,2.13175232605815,0.0421478962757847,1.07933722842886,0.370132176080065,-0.336018086833121,1.9601489570109
-0.265185566092694,0.644350714868763,2.01978499337244,0.623947300186036,-0.419672954148672,-1.14282344877375,0.278608201769895,-0.25007409068906,0.741699164807374,-0.517396045078788
0.849241567528954,-0.0407697321779226,-1.08324284377144,-1.09456355008709,-0.313883589815095,0.870631583993538,-0.2498057866744,1.61221966824501,-0.794560545973706,-1.54192174409679
-0.034388857612399,0.88286420395747,-1.14063256547841,0.0272559712064143,0.523929551030583,0.336861887954502,1.72124641752462,0.205013892447706,0.243954988851549,-1.35455822930219
-0.171980745959178,-0.39434707749098,1.28779034410889,-0.276678161002552,0.52408335926264,0.0492751569661468,0.456583492702762,1.37062755373034,-0.30655072558915,0.0345529196420203
0.460142832319605,0.391737875740705,-1.07091310147294,0.321658926956199,0.53004119828451,2.14043735920281,-0.815957496144036,0.16357857072236,-0.448414716927698,-1.30409831519708
-0.143668481580557,-0.304024421670073,0.356426649158307,-0.493523671253288,0.698510670919903,-1.19492809196936,0.701494714737625,-0.45345603437457,0.0139654744283368,1.25821713212309
-1.63888306686166,-0.0542773789950504,0.124996060545882,1.18977943886818,0.806684540737881,-1.04566092968925,-1.04754343898072,1.28120138431415,-1.32428913570196,-0.191692856862361
-0.315167834687321,-0.840365244151854,0.0332186244636582,-1.23991919660881,0.288044478318103,1.43652135755769,1.03083091613009,1.279422689451,0.471772057590446,0.843033290454312
-0.00259990293795639,0.590556473650268,0.329564865108008,1.45112203125242,-0.779682112197755,1.34180662113912,-0.536686424985014,-0.754314906745508,0.496707946865937,-0.193674025486108
0.154347606794158,-0.571171612023252,-2.84862781650117,0.297187357306446,-0.915123024618778,1.14165854506561,-0.149397509367144,0.180473865245569,-1.59351295205749,-0.846118278818945
1.93814167114386,-1.44433890372683,0.407354528588429,-1.27713597283766,0.270221784596416,1.51760245039436,-0.716887680016099,0.0432918565599886,0.184943937840618,-1.90534798467106
1.12292396688497,-1.3374972022921,1.42645082264525,0.695978627551997,-0.630442795057166,-1.88956263373089,-1.70337225291863,-1.51030082764641,1.02295089317298,-0.20680062558394
-0.855774663795394,-1.82188178142065,-0.12806827249812,1.71406401848686,0.306107288387036,-0.366007473553293,-0.819322121461858,-1.95192678140225,0.00623169216626869,1.26800620865133
-0.33364118815227,-0.276665598063598,0.870899435887417,1.61448760798922,1.51473411634451,-0.719627826489949,-0.181571009277014,-1.18474645848779,0.635842629531079,0.827455268178414
-0.0618073147219328,-0.0552428506078147,0.71704924968253,-3.29544527531755,-0.221299186617909,0.286154339936257,-1.89356010694789,1.04430023396481,1.83573928270143,0.0747035330159193
-2.30833620094777,0.698136835203194,0.163383366705786,1.98178982277408,-0.183705417793121,-1.9998440320966,0.325862867491734,-0.659629182689049,1.01967986733543,0.404954756702571
-1.25755152288139,1.76241025666175,-0.289174738936732,0.815573546717122,0.801595599576387,-0.402353034522919,1.31207457924136,0.77037465614714,0.391295417821726,-0.274712236595047
-0.731088107702844,-1.4927724099298,0.0818258604485552,0.0972568319556026,-0.135173891450523,-0.30935149005698,-0.411521901194885,1.08282547730698,1.43360221170936,0.765175983241284
0.918647720579938,0.995316599615078,-0.188408101761777,1.83681742083188,-1.00328934481028,-0.18133355062147,0.961989591082168,-0.17683039093722,-0.621603119125568,0.217253334428832
0.446610630028263,-0.700942320397373,-0.0721367879054147,-1.7956383311489,0.444091715179436,0.982809297065304,-0.0688361045767601,1.55614286465003,-0.764248292359778,-1.28527998566463
0.581793134756495,0.176059310876621,0.610298094984265,-0.598203127110038,-0.119120837570012,-0.0105101493672903,0.0526715424966741,-0.967115241109767,1.10270810069206,0.366642123668699
0.404150904202578,-0.389135993763055,-0.89602580030681,2.41581994677622,2.09160684035193,-0.924822235112705,-0.380904681379456,0.235968001836473,-0.109726966342447,-0.193192293525668
-0.195724810086203,0.299650658641258,-1.85259272949722,-0.357219216196902,0.712995737895021,1.84908404941122,0.487074182180331,0.0895986774934438,0.712535339657427,-0.0265931628072142
-1.20709537480064,-0.488747456061435,-1.25537944729767,-0.259542940084717,1.6950966403309,1.52866432072995,-0.00950815812708136,-0.730331047055912,0.08511690340719,-1.83073178170044
0.236733355878611,-1.49231646952929,1.40993529290149,-0.381400666886861,1.59530271058816,0.915505468815251,-0.179546543133724,0.389462925326468,-0.605518340096941,0.262631263623125
-0.291802663620253,-0.401471886298295,-1.49323619823336,-0.625364469581666,0.108552299838157,1.2124499542354,-0.0320184111664487,-0.925922561788167,0.497833635149374,0.74505185609375
1.18101161449029,-0.804407315646538,1.22199705091515,1.00287799471035,-0.726365692852264,-0.7312276280574,-0.218577415892911,-0.743777095100334,-0.0705306288392819,0.65483637318256
-1.21297978071666,0.538830924937846,0.608595191172881,-0.498466925439656,0.00319894751868064,-0.829308444886974,2.17835729780583,-1.46440583953639,1.80965090693874,0.0315476457914711
-1.22140030376985,0.268526726719908,-0.318762879790161,-0.671319007612293,-0.114938467043413,1.76805361757561,-0.574362740829721,0.371178751464378,-1.25693787943116,0.816334542768729
0.906211137217778,0.615150539722685,1.83242740187014,-0.152874332035437,-0.712145782531704,-0.659790332463069,-2.15901078413667,0.500680333724804,-0.737636566945366,-0.0610150069221788
1.16149426036888,-1.46834078188377,0.39896392424214,1.44430862694968,-1.06927237457447,-0.507838302268679,0.0638076181584242,-1.27534434913479,0.567471720261648,0.653015672078618
1.67627928270713,-0.864148150693336,-0.432272390349712,1.31197422697217,-0.056374320684564,-1.30365534260803,-0.0769104897638395,-0.0660538827885167,-1.82257847945911,0.658481755516375
-0.463495706379631,-0.440624560349802,0.467887565901058,-0.0714811153504818,-1.44273357111023,0.805535337991888,0.745963912742333,-0.0707363830996596,0.568438985449809,-0.15327168481575
-0.0570667983789154,0.770774519216155,2.30013458385512,-0.305094063682992,-0.0336368260541184,0.69628983086844,0.090929037291743,1.03279198391138,-0.796900252774258,0.0918726205792208
0.0636394154006775,0.241574059360597,-0.970354487518402,-0.701719794119479,1.01827488327543,0.29155799733014,-0.567840131989975,0.160371396469147,-0.59252893419969,0.108066068451286
0.94324790162198,-0.248395707925759,-0.0219661489163405,0.875941880671203,-0.0897727464686059,0.0150465721851774,-0.223055819274068,-0.699778575593428,1.18895643881092,1.28988260514274
0.18756512695754,-0.284096833311375,0.0447349516568026,0.141117572363895,-2.56253759035558,-1.03911811392185,-1.96750857021091,0.976401560858305,0.146938295468024,0.961267442640164
0.590727522417764,0.0621072210102464,-0.41991523059081,-1.23326378906025,-1.57205825630244,2.3177772946558,-0.154299252345655,2.34309365420201,-1.62016852393724,-0.91780748082899
1.66137126380186,-0.367114519862283,0.593284109578022,-0.512334070203024,1.52890731355937,-0.426143709886802,1.06400913632437,-1.02170365720318,0.0400633380838939,0.938362078898692
-0.410903192336009,1.11091425530183,0.62892586189807,0.15625909814041,0.414588702189366,1.08821860577077,1.78628063574782,0.818551029804916,-1.41202143571391,-1.05112702183801
-0.208364634841321,2.36011824277523,-0.35498495734559,-0.507085988697556,1.06897053263307,-0.450481603139229,-1.64015969991781,-1.43844958987093,0.693245461779915,1.86972116780865
0.917488742955431,-1.68201758783428,0.315879482387042,-0.721639393008414,0.281816057010121,-0.9743589235543,-0.628628892167695,0.521954831603816,0.4983309845806,0.823456174020282
-0.279130750141639,-0.771472245258171,0.985412495399812,0.14799808209601,1.73850236193606,0.940849636762463,-1.0908610548919,0.547639507811392,-0.493057414546892,-2.16041462424913
0.808525115025764,-0.589926847573294,0.107460849915055,0.150739327684238,-0.699251304325412,0.367468748119932,0.662406471022254,0.0665718558208029,0.406050020639395,0.844288283081811
0.507279840169367,0.0518679529410255,0.651393561041218,0.377961699455834,-0.882680515415157,-1.6719605427315,0.456114737325677,-0.920148505441558,1.32796975888311,2.60267225293152
0.489168886978953,0.498764470547923,-0.000441158402676429,-0.0316454887209194,-0.838198638366813,1.2441690462685,-1.15558250930098,0.588862040489548,-2.01569865855007,0.284652135459928
-0.330678363757802,-0.716655857408397,0.55809334094827,0.568417065627347,2.22115828153178,-0.689130764862113,0.08709650386276,-0.0325963741978894,0.239210313780049,0.445245431077947
-0.448200030745839,-1.06635621933423,0.762524447282668,0.973460260261912,1.16500378489716,0.942313005407646,0.00847923243906316,1.12061414948816,-0.786164416551899,-0.356562821601798
0.842162995843411,-1.16683774312061,1.10002400973768,1.69684341833016,-0.425434643399624,0.786403334730505,-1.33146971707261,-0.202408628434825,0.513697385530674,-1.3920880109165
-1.57938632951275,0.0951744356118883,-0.00153064133365314,-0.778452615347636,-0.869403891312964,-0.258676845344256,-0.349366821825298,-0.523063953638779,-0.181217523190491,0.976970554988457
-0.202852002600469,0.448991218845082,2.03895035725499,1.57535326976564,-0.802467078382977,-0.462004246211196,-0.29441066218095,-0.39655788129483,1.59869740853842,2.0559500013729
0.551166727965337,0.823862185024808,-0.811257692661143,1.18858563364642,-0.69473898002151,0.906782368089998,0.75487102810669,-0.0744472621236015,-0.421444620839856,0.510799343213459
0.799716580575314,-1.0343587042841,0.16608660095502,0.679437571628641,-1.1910124244732,-0.426590587701973,-0.649250193983722,1.86699326544067,-0.886410165137045,-0.0155621884841407
1.25887699225191,0.156577250483628,1.40939289243068,-0.334679905751489,-1.69833357266301,-1.81266324818501,-1.83883605679882,0.000338945292875374,2.13296909454017,-1.13601346610321
-0.63929405761619,-0.58236405962669,-0.151465401392134,-1.02450712307113,-0.178723317319274,-0.502833238832234,-0.0703196620459365,-1.09433268981729,0.0419421535869426,0.10933409691989
1.6486542774047,-1.15068083340841,0.231829385246706,1.370046279012,0.123664357449316,-0.3066704202103,1.46418636170962,-0.266738546592843,2.51221700957427,1.25385568932075
0.568895619388936,1.30325068591467,1.02630952715254,0.313787712133605,0.362257352941092,-1.85085965378872,-0.511594612528592,0.344313327100284,0.477898931071077,-0.831597367382876
-0.689706154237321,-0.368729923761855,0.493401378165048,-0.118799761999461,0.946568724947612,-1.1392417552059,-0.758961401144263,0.283795517925387,1.13645400394712,0.891180936581155
0.282541576210257,-1.5010503867143,-0.547499372998612,-0.253386019624956,0.46006616713811,0.320741266836253,-0.364588536780168,1.60013355196604,1.28642305133002,-1.75304934114056
0.320418661935018,0.522081847509058,-1.72266863298577,-1.06543965310785,1.38339401800989,-0.0795043640292561,0.0991705484873072,0.709527833255065,-0.149244356516446,-1.43837233644604
-0.288313111498038,0.310628789365125,-0.620144799151043,-0.59978733120893,-0.166665252316698,-0.616859828585226,-0.0390404435098416,-0.774978671594043,-0.451015984351936,-1.72813352233093
-1.6587474797492,1.26150669133712,0.268745624993385,-1.55053109922987,-0.130032885236242,-0.918242123895019,-0.616157233784419,1.31563638825921,-0.769507871852222,-0.109079367424558
-0.60168982837344,1.34908473034118,0.884220593895891,-0.0294930789239294,0.282439989616716,-0.986249939998575,0.299739937143794,-0.258350735170093,0.477648170510429,-0.186722276496284
0.501636969676899,-0.621468841471839,-0.31606904969283,-1.05758394708101,1.90656046885415,1.10800003459065,0.84945514230113,0.438498559875623,-1.28278325600769,1.42396870259037
-0.865820243263771,2.08274687089932,-2.52162647254118,-0.43260673640838,0.0687875978700579,1.49301116340902,1.286351221354,0.243861367713902,0.689769736986349,0.0397458259139788
-0.0248103822318912,-1.07307180984215,0.577889434777384,1.38021020047005,0.963081465398397,-0.443451178645743,-1.77845574846253,2.22559127950369,1.66834183934997,-0.373753926841293
0.0401748742506543,-0.74423760308495,1.38290425892878,-1.17616957449948,-0.0988779019179933,0.250399048016621,-1.58424032426565,0.0300890383519251,-1.06643961440801,0.770933939671336
0.374771225252614,-0.334666944390507,-0.760876831414067,-1.02144614068234,-0.233754605428977,0.900753570220856,0.119917557473673,1.22789226872572,-2.3727270859202,0.854553986919695
0.374139425832276,-0.694966136968643,-0.304059321538042,-0.00114595653385773,0.269687681259251,-1.5561407822665,-0.317994002615126,1.58319388637521,1.35932530037969,-1.44111624907691
-1.72999260634097,0.585551049452055,0.482179750812982,-0.591159055805672,-1.10834717970158,-0.9180102402772,0.55257043760851,-0.468357230268856,-0.231161869589759,-0.665148092588507
-0.330378699833408,-0.948764464239691,-1.64149684073198,-1.14469448251351,0.771495717461322,1.50414311572983,-0.922335084755794,-0.334881407653148,0.336029444230348,0.188881104180625
2.45669219356116,0.272206800543151,-0.649439843374475,-0.691652061824006,0.420888450210658,0.776102314421449,-0.493565593728354,1.40023873113137,0.509431556180866,-0.1379659390999
-0.839889260781917,-0.929602775921873,-0.4042332518244,0.663317418389258,-1.39516563525775,0.220070758101123,0.857160580845678,-0.0114961079033471,1.18628186774867,-1.68767043355056
-0.119992471363501,-0.125069981851189,1.11291580841753,0.466979090085588,0.989809572520834,-0.271903253766661,-1.07059568435112,-1.10830391468372,-0.146017818824413,0.592674912138761
-0.345392025837038,-0.720542399414157,-0.135309756847459,-0.205380727540667,-0.394151490981931,0.912408576155203,-0.920391958957245,-0.426288132215786,0.497020171763582,-0.0906236450912012
1.02651652852839,0.286828041910226,0.268236791851481,-0.485826435615462,-1.02385338157135,-1.20313915801495,1.03509283747695,-0.573747529966954,2.12824515314549,-2.14537682839143
-2.3986419225115,0.177725582138071,-0.629090743412085,-0.967067197546527,0.75600039766956,1.5877456360524,1.7471420166831,-2.3598093641089,-0.432993339002695,1.5102162873956
0.738568559857708,0.0737385998291957,2.46755928337108,0.94188117550713,-0.806160104112782,-0.0663709879375388,0.601938115661404,0.198258871218309,0.85010771224872,-1.6196915404286
-2.73790530292304,0.31963254694174,1.38683908749687,0.43651266982903,0.190434350740431,0.366258938196481,-0.152379220361098,-0.804292897461596,-0.608967477552443,0.119024511755408
-0.164967007454124,-0.345829467932627,1.64739008516371,0.407740272873421,-2.46394098786299,1.12873996086552,0.409226527079454,-1.99687827865516,-0.804184125150704,0.311478830784439
-1.77115131063296,-0.170740024194036,-0.248125981496928,0.284341665087973,0.691263619695468,0.298977506623677,0.635718353690778,-1.04308069625521,0.1123705217158,-1.0434446357697
1.00509322331731,1.36672497734864,1.2350816298491,2.18442624118508,-0.226828417855631,0.12086961146538,0.558808905103989,-0.355054726451381,0.467691795055848,0.173215853839668
-0.491046341436473,-0.88284362283258,-0.0411830150145924,0.174947530186754,-0.259237812687901,-0.993358214838868,-0.619684196050462,-0.0093629152630571,0.306905137211262,0.564645138836
-0.102916269629855,1.31297805240755,1.12217417591469,1.12690283782473,0.201894939721992,-0.182196701283678,0.266234680973285,0.0959789606827136,-0.632743770545665,0.892973923445794
0.194881898791495,-0.259370318689419,0.996099643311141,0.295886993389942,-0.381603255010871,-0.0230021373368664,-0.545815715650462,0.0774394776680499,0.763607966941656,1.10459541946423
1.75981723219439,-0.384206830327078,1.55121859912665,2.56227999554977,-0.0187908532636838,0.778663142543358,-1.36059077443779,-0.658058546302102,2.17463653419419,0.683801811990069
0.117360988033736,0.428977172609963,1.0596530447614,-0.211333445268876,-0.0560653256676436,-0.320695042916156,1.85071816047342,-1.25558575989595,-0.238127493066582,-1.3705225187431
0.789381487848612,0.0215792254167609,-0.304747755636824,-2.06349283532092,1.20074546658824,2.15932628023151,-0.798717061541501,0.385641791515697,-1.70770689123249,0.84916221542132
-1.48631751469779,-0.919629281173189,1.65297976622078,-0.146763541344473,-0.892519820586628,-1.39676534296159,0.964414978459645,-2.09345273841062,2.48323890802254,0.337615525523156
0.881119539136056,-1.98496125481696,0.170052721547884,0.438190352023386,0.00472303724153295,0.697226721530145,-0.800831475862288,0.984807858745999,0.682147129696673,-0.0951065549110707
-0.125621217321799,1.06511956379643,-0.245774708278794,-0.886706979958564,-0.276508501756914,-0.0540519006462432,-0.0815142946888295,-0.820955819226451,0.169798698061982,-0.387679191123521
-2.25285903704559,-0.651450516770356,1.42535821657211,0.69673462341576,0.184279608649863,-1.42139514337262,1.92718727038332,0.0081455666451426,-1.52992873858507,-0.756857616060339
1.08182303892607,1.0821734629024,-0.308252337771198,-0.312385873776274,0.862682260473783,-0.00208864942991012,-0.687513236229989,0.087362881292669,-0.917611428664979,0.227867041562926
-0.18230239272219,1.23166111147867,-0.317665657390366,-0.745486279062549,0.554443916646255,-1.384376225688,-0.0651593442838577,-1.33302509139598,1.51010959285112,0.701082400885055
0.240312705625901,0.183119769377646,-0.201993393614161,-1.89613225403108,-0.130280580419625,-0.646081413729199,-0.234318188623644,0.503069315554495,-1.26872151418107,1.13646395136878
2.43102148127885,-0.0268946993942272,-0.483215160778586,-0.707462000756666,-1.33325023468325,-1.7575465230649,0.100398588001895,-1.49734279962194,1.39318295859601,-1.23999419640587
-0.3564397024765,-0.571419473114312,-0.707035644798568,0.249202553659594,-1.99278382459207,-0.137431568519775,-1.07113304620679,2.33476276412233,-1.91070778942225,0.709927318152307
1.56509470077973,-0.590005050686669,0.0769706231874607,1.3703458714978,0.09966277652583,-0.348801065642177,1.07694842569722,-0.718581019010359,1.78490558981066,0.0633238807243365
-0.316352591229184,0.310549084023706,-0.649530676404898,0.335604623012282,0.907177527165935,0.881834394441341,-0.943721756051565,0.253766523712155,-0.00701435769215003,-1.05143050575874
-1.17497870992824,1.02714506326413,-0.496518028904464,-0.753851511901596,1.49135700585473,-2.28411583425876,0.764494350802766,0.235442879494204,0.265944166331517,-0.449089398505601
0.254371761089393,0.374062244502361,0.644464341800582,0.345060229004995,-0.772209307160754,-1.21777788936851,-0.646526212830408,0.574647161342526,2.59394413554322,-1.63395891820512
0.762884906260418,1.57094570970551,-0.955036699750513,-1.09518985779017,-1.0368155521264,0.614827515884036,-0.611210753925766,0.482032249598257,-0.645622189178812,-0.873165731538288
-0.332195650079917,-1.49159779172392,0.823696773220077,-1.07309317091465,-1.56126221746818,-0.741445807461613,-0.00468178441720051,1.16734396910529,0.056719499970854,2.80561501673794
-0.821008266219731,2.19282402373001,-0.755285812469468,-1.03494745234727,1.04161677416167,0.87604755129365,0.236170061933417,0.442833649831076,-1.17270692023144,-0.553017118588989
0.415696467633259,-0.00191843769004906,0.487605477723471,1.09865656985188,1.02353495638164,1.48651485074491,-1.47045822496832,1.49221424703965,-0.0668484060401996,1.61255987899365
-0.756749062476663,1.53527359528112,0.140011331032995,-0.627969555802017,-1.23868925696695,0.199951053058843,1.19258288283346,-0.122139629502074,0.765583432343454,-0.0526329427615441
0.604275188941431,0.164751907309363,0.794756656038634,0.0377134653319021,0.435744561504029,-1.37197749490768,-0.715612354863307,0.792739467241127,0.0232353223864425,-0.849808472614029
0.173542836791394,0.916017901242655,-0.384877713169845,-1.07700725733631,-0.113438433217301,1.27234455343225,-0.13042876537384,0.464771340832093,-0.885947534714443,0.38111360921891
1.27475638934218,-0.1432591835918,1.37172276985165,-1.14714247849787,0.0427657502195534,-0.913110734857227,0.550336202474647,-0.763384319909758,-0.274359764147602,-0.629407860383299
0.608128662333284,-0.378227217094919,1.74851412403625,0.157879879520474,0.388658459806611,0.0443130513975105,0.0250619351641768,0.431717587519657,-0.462236723694583,-0.371454821266177
1.40982546664689,0.455935681508777,2.22739900398982,1.3269374930159,-1.83959558184456,-0.496832938168582,-1.22947753387057,-0.156097369388795,1.23016550763645,-0.360063531747265
-0.613732472111283,-2.7481394826874,1.05029982974576,-0.641613672400606,-0.257433031890577,2.57727416203086,0.199639658324407,0.936910141535743,-0.787369755619817,1.13419935184272
-0.92937893459431,0.783895339382036,-0.875682324345083,2.29154223740116,1.1920969371656,1.17163311047852,0.170561278016678,-0.309800710813726,-0.658498588588272,-0.779421961117896
-0.17784438231476,0.859788333346187,-2.23892030176088,1.34673551137575,2.12844146659273,-0.0128255845592969,-1.01930772499488,-0.00571909345782356,-1.16375949736825,-0.165036130190171
-0.287314431407471,0.411208557058286,-0.0905594972846039,1.89518549852812,0.13530397537526,0.179059776270078,-0.401215641399047,0.520832867886828,-1.00996994360156,0.195951410512616
-1.37691785763543,-0.854717332913694,1.29970747808826,-0.173134505828894,-0.14724951485585,0.305109266522803,0.973913811074009,-0.213341819315142,-1.19959519130742,0.471086106167297
0.0343644467754381,0.950505595762713,-0.495806067839104,-2.9038834942017,1.31722665205231,2.14486430802583,-0.825407542096241,-1.16067905807716,-0.980906686816535,0.584741725001135
-1.56101074205192,1.66228372050804,-1.56871462624764,-0.471655260418384,1.81935059527944,-0.397904007037141,1.13674881152272,-1.63687264914171,-0.178581223826596,-0.00282478557402295
-1.86080277346469,2.02561597082537,-0.2357268259419,-0.659122216643326,0.226863667448983,-0.00865247063640814,-0.541088035466379,-0.2918018694976,2.66222124158002,0.196135040353978
0.184266423911898,-1.3954620479752,-0.580640225146008,1.07187642988874,-0.192213798006107,-0.298006410742182,-0.486633155304162,0.709285987925458,-0.61540423603379,0.233551424573681
1.18871111286529,0.0913282894363166,1.23619086013078,-0.940411588313345,-0.457054581608488,-1.49107076258425,1.51377897844284,0.603505238217182,1.23421119667593,0.0868729104404563
0.139432870840156,0.180895016446461,-0.111331870749629,-1.76309059983394,-0.486715352574257,0.536536758247027,-0.225086087923339,0.66963222691227,-0.622994453453786,-0.325426284109409
-0.951979269628535,-0.937975624446357,0.0205117379601059,0.840937816580928,-1.46895205909336,0.382902781806949,1.17825130570131,-0.28536927861677,0.240076328780763,-1.17195031595475
0.142048817703136,0.301692271844806,-1.79218153288811,0.437812375541048,1.36363288824113,0.0586941979915002,-0.278622082982901,0.879969592474068,0.0157304272094998,0.721430834589343
0.0999349761610589,1.09755338414237,-0.593684183726046,-1.22923619813156,-0.237806576341521,-0.352863751773274,-0.0962821834603633,0.516563972812858,0.831072135129572,0.663992152760631
1.16271539835959,0.346398531716509,0.0393668134782749,0.820384298568292,-0.0682528845435965,0.595183581374158,1.13976883632277,0.308453413653791,0.860290275591208,-0.838534815880873
1.7621690680516,0.34324457395364,0.399451999229782,-0.739223109963548,-1.2751943669258,2.41911964160827,-1.61697720124894,0.781248497856268,-0.393933227776152,-0.578446670348909
0.63860513972822,-1.61170610333898,-1.92220008313345,-2.14722255045137,-0.0430199263180928,-0.291562445501571,-2.3613253816856,1.39206163930743,1.11313978670944,-0.536329874580562
-2.95646410665726,1.16085278880556,1.25819139366469,-0.79472998941008,0.844825659242592,1.04934015757859,0.133535790129642,0.474951776415263,-1.74272604956844,0.674507819255729
0.274309920102778,-1.08338196483408,0.371928914955539,-1.32681911435504,-0.33330216765272,-0.470685288570899,0.430575867600908,-0.283591501059102,-1.16597743047069,-1.01738412989526
2.20818543030619,-0.136035951127035,1.12841420907296,0.537897625232896,-0.562552001728656,-0.615282341668407,-0.0460584516968184,-0.0532659832140206,-0.445064478618002,-1.50239608109453
1.5689171200005,0.108878087187372,-1.75638618892539,-0.0578533630295662,0.518557048096649,0.814429602366174,-0.799515734864122,-0.593206501296358,0.643672266782573,-1.06255374619224
-0.431234583651317,-0.081503732417367,-0.606069155604754,0.153641348025493,0.480052734095167,0.881935893972358,0.595811192244207,0.320106003177815,2.58738616260479,-1.35348215544867
0.132560944644842,-0.475566359429304,-1.18025277136606,-0.0925270628501636,1.13763317589267,-1.09574201240857,-0.221840070194708,-0.24926402335853,-1.0561613042894,-0.273787810477189
-0.320916040806248,-0.708373780381543,-1.84917943378234,-0.253728432813186,-1.5820502817015,0.329895721260156,0.786073366002099,0.101881988077054,-2.05399389914457,-0.375494800201817
-1.0039442847672,-0.251094439915788,0.62811757621209,1.57948917517652,-0.312183788244063,-0.365880165269697,-0.494485232795636,-0.0169435833694392,0.690177557332205,1.65188108199188
-0.150622130879368,0.840845317450965,-0.950113879478593,-0.946719602661209,0.789903190408398,-0.85288110754372,2.63073013744407,-0.463602679592143,-0.755469512595615,-0.82552812671065
-0.645178814997391,0.424746851929399,0.634759954428963,0.409278992271685,1.52873498237024,-1.46217674858397,1.87571791954079,-0.29101310477933,-0.696426165326273,-1.97365060534579
-0.842040334464789,0.565129748004816,0.835531447229882,-0.667225211458886,0.84717683057856,1.00279124006127,-1.27297728375095,0.367102364965579,-1.13422178283318,0.62967824561335
-0.328702801336638,0.88327485859242,0.718412042823568,-1.07429110222562,0.385123017341865,0.490411270797936,-1.11635549889385,-0.850477708143691,-0.937437497368578,0.417914914599
0.243965455072719,0.366052667573839,-1.62016591723684,-0.0599980396180273,0.479112772614977,-0.574686105815791,0.215893631435465,-0.23267290358087,0.99315281152265,-0.971982209386648
-0.986417061963084,1.12848065668568,-0.552666760540119,-1.1725890771551,-0.239362714844052,-0.690263718184964,-1.12381547962911,0.573943540875155,-0.838468430738171,0.703272342767267
0.0440220607735382,0.219266814010419,0.527531241976002,-0.638618178923845,-0.467902680165967,1.48863904440854,0.0600964597429546,-0.46554150505917,0.922619787587181,-1.79542840460369
-1.76971943786965,-2.1098866475776,1.34969101821201,0.856102140087374,-0.233723484533974,0.238086041513975,3.19154265930158,-1.52790218305832,-2.96409971127872,-1.73553297401899
-0.38808529768058,-0.867830650270146,0.23600416372243,1.32118191207216,0.730911578944002,1.75002190209965,0.70467512107435,-0.741333155774292,0.0796684900089978,-0.20038195751116
-0.589548474022572,-0.283015290040741,0.629729685741077,0.038091074186089,-0.726645242520138,0.45243934647602,0.523838423988061,-1.24435249069087,-1.36372959121853,1.05329580295042
-0.253496938581312,-0.00581718236902365,0.224474698269162,-1.07969238011076,1.56324506263074,-1.71711987231147,-0.922001906227537,0.818277423964011,1.30438499307256,0.808562998068694
1.0390270088544,0.0319271875778894,-0.958591805622431,0.408275029486572,-1.30675164746109,-1.14438528822649,-0.436704686788669,-0.51692297385532,1.56968180053043,-1.27729458834155
0.395595404350616,-0.334887168215454,0.390860498654998,0.76384496317334,0.624394328149906,-0.856480556982775,1.29395471145463,-0.419321130108915,0.826387477960399,-0.243834390922262
0.90029436632345,0.928199633148162,-0.859461319961877,-0.354825453326299,2.06541098196075,1.05663790012551,0.98370648865775,1.61698459148548,-1.04960925247617,-0.503056336009932
-0.555307458375322,-1.3261977724774,-0.498897122020814,-1.24996943571818,1.42545602162687,0.178716362036147,1.42529728307613,-0.604417662851659,-0.7079526387108,1.27166221549887
-0.251700117289875,1.75940213170193,-1.70818808813015,0.052102070280466,0.230150357342686,1.13407682992287,-0.0545178010681449,2.38071288474425,1.8353394556302,-0.849559550773948
-2.27193059698909,0.321591421151825,-2.75421795431366,0.554492823794462,0.0871632390599717,-0.20402098393293,-0.308289442185249,0.400415324367107,2.34120227499462,0.29752352787762
3.39248244568758,-0.511774295034866,-0.725868786492902,0.507842507049535,-0.0671186058306479,-0.318257183452156,0.440220355860708,-0.671967939340181,-0.162769990544709,-0.47291773048504
2.01333819106504,1.03325124175362,-0.158097847698308,0.633176505617756,-2.51285228717579,1.0988777295866,-0.312269999165138,-1.34151322677811,-1.07256074359105,0.284681350377146
0.0697889264481646,-0.739935197462212,-0.670364175737714,0.227711781709165,-0.0831353353750867,0.292490387488028,0.670483650673845,-0.561020182097419,0.928095463065451,-0.669318053349832
1.17624137788722,0.619159641410157,-1.04500844286636,0.602857188871898,-0.765691290889036,0.672448685018088,-1.1914718566289,-0.0511282786532632,-0.04836809505068,0.80265818176958
1.36976549036344,-1.25936878971732,-0.448593169578255,-0.604400262518438,0.326133405876006,-0.300292952119885,-1.32500546673562,0.765093857389397,-0.27123961790103,0.434895374981973
-2.03519416581635,0.16089344819171,-0.430130183515889,0.0367202120080469,1.28897202774689,0.894849077730767,0.535874693488974,1.24828489460022,0.187344925830314,-1.21727012176846
-1.25775868901548,0.742978285677466,-1.07698588254385,0.651629169616603,-0.41056959892579,1.58813308157593,2.32063276746696,-0.97629843799027,-0.513654846007693,-0.946390697254795
-0.478050026103499,-0.627145872182097,-0.130615695838106,0.397965931277296,-0.614217208282747,0.0491719187579042,-0.771492865475339,-0.336074370354952,-0.13730652415312,0.269509042095845
-0.482278066827007,-0.299588856038361,-0.498455180033598,0.117038746955751,-0.919803927924906,1.38336968059646,0.146479112099915,-0.869696354350565,-0.640608644895389,-0.0500237136220473
1.17828833656209,-1.13661905023757,0.699764942841758,-0.591750034891932,-0.283653950559976,0.410514568332277,-0.529049758707669,-0.524468561075221,-0.928702702478277,0.373618955070892
-0.435501967564603,-0.183671430718611,0.0217382209271935,-0.730923729033129,1.70475457948959,-0.104886963739203,-0.791142776628666,-0.281449449045536,-0.98509932688153,-0.725113713289146
0.627340795311908,0.119930970448228,1.03759389487039,-0.854244763764078,-0.435929860714806,-1.42041318393562,0.501724334787,0.156381632147354,0.110002669853187,0.634796705803706
-1.36816775500868,-0.373557061301651,1.17838324926562,0.522420906851285,-1.19259941012561,1.03503469060173,0.749846605933631,-0.256822171165903,-0.433767958255089,0.257335606116173
-0.264725267279663,-0.0222335727638235,0.264478891887073,1.11855193305638,-0.843663852572955,-0.497214787368945,1.22454931678786,1.01917308525168,-0.564131551592826,-0.169842418374438
0.907855277074642,-0.524538760057668,-0.119843823376077,-0.854025218008702,-0.693608102586994,-1.24755394667569,-1.20456124139592,-0.671177722803351,0.722571575832662,0.288279148924235
-0.481626150324957,-0.680291308075465,0.322746799109983,-0.314263954796648,-1.02619299534425,-0.501654924060546,0.197501167810394,-0.398691269414974,0.439809386881343,-1.33334092009366
-0.57500605274817,0.682292937855428,-0.937382313098311,0.223013626601853,-0.0051694660535812,0.93673219917418,0.546997561222265,0.407802630003422,0.495856951399323,0.517467071595598
0.652977541719724,0.0116483886649167,-1.00817491977553,-1.64514780216125,-0.211006617521712,-0.405726213285733,-0.357855851754311,-0.5668252113691,0.237800772479527,0.418439178578706
-0.660108290299402,-0.0836470605145021,0.271189044481094,-0.198675693865251,0.403938708130712,-0.0447884937997806,-0.958498746584068,-0.540331898697681,1.95820135145793,0.301857131596238
-0.250299040591362,1.44266618189938,-0.522962694668447,-0.302388649485261,0.74503777741932,-0.336119799499079,3.29808827579747,-2.54171128048836,0.0105873498756888,-2.73345917265213
-1.37747928954986,1.67368766858905,0.22620841599512,-1.94339760248884,0.719202113639412,0.187862945723712,0.777671516272786,0.966968707591153,-0.782345364003396,0.98164387749671
-0.702873878009516,-0.056699442620329,1.26115902639502,-0.706611924853689,0.0457615012605522,-1.08709912874674,-2.69605381856566,0.306954662602858,0.261664063218523,2.10393597647557
-0.959265176493291,-0.966154645668306,0.133375281352626,-1.06946652427296,0.323118196978941,-0.00499083197156808,0.689248688555847,0.86839118617962,0.16839087013674,1.13407899452447
-0.728714317885181,-0.136734486267195,-1.47577549951536,-0.561528954734257,1.50957515231216,0.99807985275729,1.56537528673749,-0.781956029529231,0.647795809474085,0.0905857710278709
0.728218301382288,0.655605144947028,-0.461352888552866,-0.422827518964683,-0.702080194349373,-0.507249467606026,0.853252152910699,0.689339438226124,0.327848272912991,3.12935504277553
0.39865159268069,0.530586715046473,-0.881212099622749,0.507259914203062,-0.243446988073969,-1.29174723762353,-1.56233965161259,0.188140574319863,-0.36119430497259,-1.06264332106438
0.514855197317028,-0.598472579132,-0.36615281091394,-1.27131675955111,-0.561414012579739,-0.231106652085955,1.07300553350684,0.0496471216678181,-0.0457572863518988,1.37210989958305
-0.544550262066561,-0.636083427924672,-0.372474877845198,0.668236276867745,1.77076689490091,-0.361431001213545,0.637635144252052,0.0828009903230507,-1.16017512759071,0.832060063168873
0.688304208296584,0.875882853462632,2.41447805425116,-0.013630257101653,0.125360349356218,0.817614265761375,1.15258805797536,0.189995130214174,-0.26035578024827,0.114778464023967
0.490862681334981,-0.280823864496009,-1.68572802450256,0.726194414622793,-0.175267346857218,-0.13754878464879,0.0755467437006588,-1.61703680487927,0.630089493448651,0.317459075032045
-1.11290553079295,-0.556849256759475,-0.542027571940531,-1.21190937464969,-0.0997294039398862,0.255985350324431,0.34818285665616,1.37312536915307,0.265328694546265,2.00752239121495
1.85659177668863,-1.80704078329467,0.469284532954693,-0.723723850183234,-0.218644039081527,1.40240990272266,0.0443780838786099,-1.00627723603509,-0.89714461869308,1.98690648878437
-0.582478024035673,0.629759342608878,0.862186332935978,-0.188159358720064,0.850893807992234,-0.273949612459772,-0.334040501428332,1.10585266360198,1.65398752005104,1.22506308690117
1.08585698728447,-1.0479329102208,-0.846011334787948,-1.02409159520085,-0.673798651613436,1.89984778510657,-1.33579883781198,0.835474318501757,1.11802768463076,-0.153468255543767
1.131531819399,0.91335789683746,-0.929959429648326,-1.39122130552334,-1.08984099507614,-0.249437330948936,-0.79131464888151,0.261858670656453,-2.19343674972704,-1.46886901331324
-0.117536176194653,0.0671575780986442,0.876743272634355,-1.01540790882883,0.441927198539185,0.387232266729958,1.33871310388062,1.3397355759271,-0.628658503051003,-0.527960413520222
0.291869353261448,-0.0687594436626642,-0.521358615236705,-0.203420337110518,-1.59861404714643,-0.535025784789246,0.235985135960489,0.253130180337153,-0.0656761621094585,0.0823769942742763
0.18599326662749,0.221703681213353,-0.750045156876191,-0.761621852163667,0.193813748054337,-1.03553142768195,0.295546451574794,0.745063123428949,0.390524373262799,0.709894330659145
1.54344331149299,-2.24341202685102,0.0990223211786747,-0.256133277109945,-1.70553318453834,1.20950367203107,-0.49903324776349,-0.181400087143659,0.589725369580226,-0.442031085550137
0.665867919726834,-0.111688715108007,-0.628465919849147,-0.311357297257607,-0.18074344621818,-1.23258828055638,0.0303769484029213,-0.144486575857335,-0.3132792185276,-0.410881950803331
2.35191652486316,-0.212806822373937,-0.910742575873444,0.102663719925585,-0.178818332860971,0.952623832138429,-0.179419754930129,0.520399173691244,-0.74647189249777,0.404373681635524
-1.34923366246969,-0.900596843050366,0.555446047764279,0.472281113289076,0.22782689419599,-1.16539504660094,-0.695322093031245,0.485529578441491,0.769506435944121,-1.43247826733437
2.14535685878103,0.578093559742578,0.303346685044576,0.040971719300845,1.44904524589232,-0.322959116827344,-2.05308976736738,-0.905511218049932,-1.51791898793475,3.05913007999277
1.6096588622851,-0.674808686491986,1.11109254289347,-0.505237484737247,-1.66015684828598,0.0859172643119049,-1.37995950126114,-1.44688671105352,0.642388892647191,0.954387042636492
-1.02362986402488,-0.632118910098488,0.5928061075169,0.256747960883811,1.16987146756086,0.706811642800497,2.50706592401438,0.0420984551281934,1.45788286253504,-0.200107915746232
0.343049175538544,1.15293401267864,-0.841356850380884,-1.93844698760499,-0.240058907055268,1.15483668248103,-0.0487928240573525,0.300664904341057,0.330258104708695,-2.01456934982183
0.179881732223368,-2.46722840459439,-0.626980125283632,-1.00362401433018,-0.624556454226366,-0.116665333044312,-0.789961566881975,-0.450619101742356,0.561697391146791,-0.155598259794288
-0.554206930561305,0.17664694694106,-0.263415851050536,-2.35764497319853,-0.828405095616287,0.76005344332365,0.84589538335773,0.0687332019725491,-0.364722880621598,-1.15370657353832
-0.399031002970336,-1.07051908605286,0.860227967805734,-0.627824348133973,0.52124923248112,1.9671645752053,-2.0526821319206,0.851914082708852,-1.0268132902743,-0.121766027791326
1.12896958021843,0.00686993237499587,-0.311363721286301,-0.81951589250276,1.79802596154849,1.83835871106803,-0.10289808918952,0.0135328663625192,-0.641579209681661,-1.00484991512858
-0.685832598811918,-0.381162635102805,0.0115810504298679,0.0790414764476007,0.2479051321009,-1.95803409444045,0.547997563075838,-0.308834819834334,2.36065715222,0.0509952989395837
1.02078223421112,1.06836966829982,1.13210223922287,-1.5512450605079,0.47426727985535,-0.117925318566611,-0.688705906687567,-1.41069349573465,-0.5873576353143,1.76696597500459
-0.228725973989509,0.49802485631368,-0.817241723744656,0.452493485531292,1.37772050254792,-0.534189047081296,-0.766321600199212,-0.624844864262047,0.432468465408068,0.164606305634751
1.4048149542558,-1.64110702207204,-0.298483955943484,1.55533280416397,-0.14277396507837,0.595643668228439,1.11591250586994,-0.623128125172329,0.173756074976852,0.92682963159475
-0.645512894713522,0.0941793288289906,0.682639159355174,0.141029987314724,-0.530755240816663,-1.30050298554733,0.0470540315697204,0.28230733779877,-1.63341716695757,0.748865896170415
0.636987563716525,0.759076368953829,0.83240168938741,-0.274815734746731,0.235373133783182,-0.611132573075569,-0.0757080429418923,0.335944891838177,-0.177414146224676,0.973950577698101
0.231811791888773,-0.208959831069621,0.854036335825989,0.745549527106756,-1.0706529368236,-0.954090875718876,-0.921807104074117,-0.0284119101845711,1.44959760704448,0.98029855036106
0.972424296960625,0.550266575591359,-0.208555390844914,-1.33834362726888,-0.251157223752628,-1.18442259427597,0.772254815984013,-0.370744310904802,-0.345600436545459,1.19027092575071
0.783520933640811,0.100180035616058,0.708665239250807,1.54603046425048,-1.37532913373856,-0.102316755613506,-0.329845619707761,0.46643280752358,-0.733926072519152,0.486754227515565
1.18658992114681,1.09282337616093,0.033970863753968,1.33619046440199,-1.30752907048431,-1.27957747073554,0.144371442639054,1.05819017897767,1.85802755833286,0.0766502917366179
-1.89454741147395,0.329776803079145,1.93229785418778,0.37913264236258,-1.33048582257169,-0.551001301840332,2.91452558044585,0.263142005201489,-3.00391842178082,-0.601419062977497
1.5828671421732,-0.171869503906683,-0.112291431018997,-1.73150972154103,0.564467588101326,0.139286269091979,0.476840821670511,-2.00541058241234,0.708902800837477,0.995846853706629
1.06247451874103,-0.227646181009013,0.268170720614324,-0.452200022049599,0.824949807351685,0.735650593936902,1.74339561150955,-0.0496805506765842,-0.624504465002785,0.0902996134848042
-1.12179272169811,1.95581347090983,-1.85871684916467,-0.316719865375056,1.14910874618268,-0.601301806549973,-0.400746657010777,-1.02939887607191,-1.33565620120912,-0.963622070271062
1.03424275916705,0.813821509473021,-1.08851011045758,-0.216158482734053,0.0373153446879882,-1.09566486387684,-0.1428204130716,-1.50093058885972,0.244700276626825,0.128629084793152
0.957348994347769,-1.69206470120002,1.51454745977846,-0.0439910437856668,0.36365422846553,-0.384777055168964,-1.93542805454293,0.11611867302663,0.387608096727278,0.811640512639336
