-2.06176699368793,0.310160186004588,1.08820817394845,1.51219793896803,2.98983803647972,0.27959756650275,0.20665504643848,1.21441916990644,-1.13478553486285,0.292714600002322
-0.736927753552948,0.521086637339364,-0.30745786586097,0.897811381605232,0.99968692523655,-0.355986158254155,-1.38144950961,-0.969559333861371,0.866668841847204,-1.08787045905972
-0.00137298473228778,0.613774845551958,-0.934389817208972,0.577105936601364,-0.833709948795931,0.873357552912361,-1.30379647563535,0.883739206753118,-0.0308864563055196,-0.900074256800579
0.766322944042121,-0.53096615024891,1.75749398750898,-0.196634975150314,-0.74484353106107,0.648852788182104,0.961386890374975,0.673846360329353,-0.0961357517504256,-0.484922473205254
-0.610344437208479,-1.31958403132254,-0.858091730788186,0.621940094517919,1.47402978555753,-1.01814234099851,0.60919653327467,0.404187434107883,0.154937824542649,-1.8084406932315
-0.829566524347566,0.481416069073009,0.0208757097865062,0.597500745556076,0.54711305139359,1.64160024358449,0.995758096153524,0.921273596069674,-1.2147582870266,-0.818467066183448
0.0457367449093372,-1.04425003714489,0.201293280645585,-0.852229458844787,0.328066254631539,0.546556883121128,1.31948630524298,-1.44557868149699,-0.128458053335334,0.0549980797106238
-1.70370934808835,-0.794237889918736,2.12621743666124,0.699612789557925,-0.784247631942783,-0.844114880777644,0.397644552533524,0.230790740792615,1.4398656803085,-0.297611132952105
2.6257456575743,0.782198375924715,-0.494646803843127,-1.48391500159829,-1.34861606877884,1.36640060844152,-0.985228069711623,-0.659214174371462,-0.0289028439246448,-0.0954193938865367
-0.301686719239949,-1.16120463529377,-1.3448484986984,0.0338642901150321,-0.423710546442875,-0.242300345413321,1.66046223239007,0.150693802495775,1.68763969698405,-1.56862269447788
1.11838325891539,0.924997829789363,1.14637182713092,0.909189143501156,1.1990506171138,-0.0912236191464673,-2.6502870293622,-0.701580960687874,-0.0767547521152229,-2.17958981536979
0.772270058517786,-0.668684988753187,0.340985338477221,-0.560665128496286,-1.52192041106997,-0.382157483662176,0.0784499563406564,-0.717990921911657,0.389655698220694,-0.891223873376591
-1.24603224066346,-0.882228586600587,-0.0812444599668583,0.791660012793078,0.898220918653511,-0.0740503426195751,0.289688076503797,0.509243958164741,0.676648141543142,-0.665836396159485
-1.40621067242206,0.191036941373829,1.76599063268775,1.56899722859242,-0.0127154272914559,-1.31635999871383,0.392781275597321,-0.696601970911631,-1.5205311870583,-0.368723735880791
0.541722547279513,0.389372982435693,-0.207499700059861,-0.658186949626511,1.09531820262372,-0.904933799065366,-0.508599163397093,1.82983660478717,-0.630413247897916,1.10234718256744
-0.68294351741172,0.633205148122691,0.901910012455944,0.601876791052073,-0.126382794227531,0.762287554478721,1.03357239529674,0.529633226646424,-1.01654832647837,-0.536432648797436
-0.646318826770471,-0.246943395013967,-0.250390542592236,-0.376165862905221,-0.618045466331276,0.221853058480521,0.549194148808174,0.73810652589013,0.41908250174566,-0.204622557763477
-1.41722402854122,-1.20393828892921,-0.445862429897267,1.30318973723562,0.789481961258883,-0.300998527813863,1.46805100192239,0.751600988049359,0.45122731984632,-1.4332294502059
1.87233811067516,-1.07891526507329,-1.62554590921103,-0.0405486303924813,-1.00916360098079,1.18883038379261,-0.346834962034846,-0.0579755423751092,1.29999111478228,0.0184150748857846
-0.204180792633584,-0.196981295660914,0.85722954330918,0.588899225844066,-0.186236481470446,-0.100945866054503,1.04478883056369,0.587064737318135,1.34049229198222,-0.528774801494913
2.19774811808449,-0.239886165203656,-0.0652000811029768,-0.709197633755015,-0.00387422527374448,-0.296625011897711,0.189265081167162,0.630019858853291,-0.873637074784906,-0.47386093849264
1.00972139771424,0.982983417572443,0.282609004437397,0.602652102467623,0.403353771306829,0.327847686548528,1.31033707251546,0.832742931473976,-1.06174985400435,-1.63778301260221
-1.06675725670975,0.353822131644719,-0.055382123219023,0.970277178564432,-0.219576575543388,2.02830735046457,-0.291008107326411,-0.343428122587828,0.0200518118350279,-0.97101328581841
0.221302342836308,0.777194906377996,-0.227379305273626,-1.41322298193535,-0.370382099212483,-1.97477895530783,3.07260922403721,0.348177779711561,-0.0307662221732693,-0.0741287457298583
-0.244964242457564,-0.788717645379111,-1.19484590805681,-0.0355830890953926,-1.18962502394124,0.536630316277267,-0.0522089847746012,0.125545327683253,-0.234149402249601,1.21193303746885
0.659228049333722,0.270154604682482,-0.291748077699673,0.442134647975195,0.476376864907986,1.81619732651653,0.543017712532061,0.253683941177663,0.526253233301555,-0.0211345920011968
0.413137936080334,0.206542946614438,0.528385004964404,1.09562578698484,0.060465533762428,-0.202417949627869,0.703736526966605,-0.86190277318518,-0.217606396844035,-0.365440771404531
0.738253001443659,-0.200589089569579,0.31656877925004,-0.896817921082915,-1.58101801511194,1.46474079111615,-0.0848033030751674,-1.24451007659673,0.0635935912622779,0.763519251433067
-1.43613918752114,0.516802648008045,1.71603017387333,0.317190505497113,1.2347016468483,0.75884650134002,-1.1607004493812,-1.32793110228068,0.310112700573276,0.950003874013247
-1.52720655501852,1.57816230275961,-1.18205448345005,0.53820702149496,-3.07950047509738,1.95993731765953,-1.65158835066657,-0.424881560004213,0.226578828705375,0.404175768553778
-0.394863154860612,0.955869159601178,-0.676109255055708,1.14613150027949,0.880363514628606,-0.394061092132011,0.51110509277379,0.322204635235123,-0.854458662008065,-0.248260157334481
0.146141454066458,-1.55719618772688,0.539745024074077,-0.483715273666732,-0.574167774040383,-0.763782682105747,1.74122647572,-1.16335386308092,-0.349282491274193,-1.30873766538363
0.956285659992111,-3.76513863917044,0.0812615659867982,-1.30879714403248,1.64539175890341,1.8720547894561,1.15858566520945,-1.32436370802835,2.29805890522422,-1.98877479903627
-0.0415026661471544,0.318693791678903,0.161370801008182,1.18981397006415,0.0738796229561357,0.148095085716837,-0.409875636657533,0.194150932015333,0.382653942516986,0.252551085893823
0.607996238079591,0.349952131915628,0.121767498743066,-2.43911397050466,0.364288832358204,0.296608158367917,-2.40030941273408,-0.789340038219721,-0.412133463230252,1.34190679072449
0.212994188672273,-0.646272979017926,-0.735411273721636,-0.929678845395514,0.697220561068153,1.55579629477335,0.701014786311861,-0.668427145459591,0.38523908155529,-1.49749360408064
1.7865217753009,0.162669911379823,0.427198700333796,1.48347558372701,0.38964152993551,0.358875020761315,-0.275827745260195,1.06986854076198,-0.768207774326763,0.575333324389259
-1.15083176621505,0.306366227471561,0.657342201681427,1.28840215298808,-0.362226769345417,0.00909676447257623,1.90701122134286,-0.861955994227399,2.63869650444843,1.99108012439432
-0.362320436527939,-1.25771237698423,-0.511694544590236,-0.183079802977348,1.20068323654046,-2.16679913584455,0.128650924942267,0.524629467889301,1.14869580385943,0.20500336685741
0.0690548018902767,-0.160930260377026,-1.38220051429456,-0.968663096919138,0.992419522826392,0.573126599172257,-0.275694136761578,0.412014162496695,0.150571000087884,0.604459799081666
0.99859957062753,0.51212520994544,0.325092937299255,-1.45367673326195,-2.22060277557752,0.358389322264711,0.141294020489442,-1.60474211002746,-0.225711711469021,-1.26042335944912
0.914049639306334,-0.537480889787851,-1.08611352222436,-1.18500307996964,-2.07495330676903,1.13222612377959,-0.749808234403285,0.715728850600557,-0.60535067629603,-0.710149224064233
-0.958649127599956,0.156206018646306,1.53277516851193,-0.187836214558813,-0.648070246819884,-2.07180896570816,0.399933834369677,1.34703162294504,0.60784797367522,0.880205850524987
-0.00905778690290979,-0.165389350259305,0.471790730395969,-0.689751980057887,0.215334709343078,-1.48800914157753,1.62260910939611,0.78766760582071,0.450609774108772,-0.389303915643592
1.31527997407355,0.245419545939434,0.263224825409616,0.566492019116793,-0.650580562310262,-0.663342637277538,-0.162167738988524,-0.134694570923326,0.575965726366467,1.84741607652696
-0.505122766467269,0.0754266390220005,-0.664291548112369,0.958517500788292,-0.340751979279419,0.499266183933556,0.70503106688965,-0.524544795692791,0.807824251201611,0.185530259614746
1.3227784809248,-0.169498202958298,0.12757743104305,0.194714513452502,-1.43878778811695,-1.2148211503865,-0.650041722014586,1.47273843026311,0.370812113175707,-0.0509527475725567
0.254537696967451,-1.18282763465305,0.305257143878367,1.23105561254444,-1.04511216488897,0.559269638949153,2.22698753583702,0.498142493727199,1.42569260453114,0.171607814953069
-1.491528996672,0.388511608868163,0.0875401191493054,1.02848181579188,0.158661998558792,-0.202635515127999,0.986576667741017,0.549897577440293,-0.304638650072624,-0.0192249512722433
-1.38636948717669,2.68804590864661,1.59553026078009,0.20005079893099,-0.939248918523044,-0.0868563048068668,1.85320875409097,0.281584710811624,1.00716951993364,1.15509534900212
1.04515797121432,-0.269351952839171,1.38889418839635,1.42779687030299,0.7688302389072,-0.209182037397891,1.24829833483728,-1.24062594210479,-0.798277794699814,1.61304679698743
-0.362786932131494,-0.316799018937198,1.13337754760128,-0.673309704580875,0.294058008374551,-0.0907704113658411,-1.58890228313969,-0.900524163701545,0.278805913873833,0.324262805999011
0.364206926946312,-1.59765376409639,0.316584666933593,-0.0976544902301421,0.7526228371223,-0.357528224668388,-0.371528042053579,0.463219956662717,-0.438341806363507,0.29797389087789
-1.01030782571705,1.48615327002827,-1.10891467738581,0.22099970499482,1.08601805748188,0.0583833142397764,-1.40112213079052,-1.39836038484339,-1.57887346257242,0.615382238628969
-1.86499167115266,0.410253034929504,0.0252756138443446,1.47383804273757,1.62476401877947,-2.37807686252009,-0.0245729774900169,0.13552594774588,0.987533697930926,-0.962995035927847
-0.562799204569065,0.389555164296935,1.96989506219406,0.407734861427564,-0.566075350108732,-0.294115126712753,0.620083893657342,-0.994287958876494,0.579923936209501,0.321538435133311
-0.521189560708608,-0.123208643839663,0.686267596765618,2.57321709659562,-1.54012969776736,-1.58576332353779,1.17185899134973,0.095339316083003,-0.947612244674496,0.405554338504534
0.478132050454163,1.9251941811477,1.1148777844319,-1.62949774032085,1.22575754931379,0.0180704473169845,-0.192661967714942,0.051702139650681,-0.614299580289467,-1.21877663398514
0.623707997613912,-0.373520488428213,1.31515608558493,0.962280257139892,-0.793805112878518,2.3282696042932,-0.2477665196644,2.0210958322092,1.66007455074366,1.19524371022853
-1.49333082313925,0.194354694148011,-1.36203289087478,1.39480223244916,-0.0188112559641654,-0.625970649133328,-2.02859076537671,1.28064284471793,0.0619117866722608,-0.534426090855745
-0.161624052013056,0.0693678042917466,-1.36999663547184,-0.496551839649689,-2.09485399139631,-0.730717545126838,-0.23681328835415,-0.356296182603978,0.454769166684569,1.10922378219033
0.291076352611537,-2.45790329812445,-0.827723358735738,0.714132462852528,0.634874316646955,-0.267741125848316,0.434470925857067,0.569158467501108,-0.242905817066908,0.00669351364487715
1.05913073229441,-0.749069224323875,-1.72543942244808,-0.42535562472759,0.758816092290468,1.3433924901222,-1.00082513072401,0.711518647097798,-0.212892311117712,-0.138848348884414
0.326942497721123,0.359218055237812,-0.941396240859575,0.276405349402446,-0.590027829286277,3.32844999353304,0.188660956612861,-1.43194681324798,-1.32579971047322,-0.126763973264999
-0.840926738168999,1.11185488232692,-1.221525093462,0.375137476559028,0.845044670017123,-2.22836944465688,-0.367405270370244,1.64378866667134,0.14429027437223,-0.807409158817017
1.15618610409309,-2.1608338441773,-0.0560841500721195,-0.0314542322453798,-0.283291999635341,0.420813011213297,0.962486046986466,-0.331942721811112,-0.246542757461354,0.707330011478465
0.25087299585974,-0.149202745029214,-1.36061983555284,0.311506330199911,-0.603970801412952,-0.344554114535572,-2.34076803838792,-0.00744836935995142,0.596589390804244,-1.27641984658013
0.295551585323929,-1.23437603183279,0.642790297661667,0.0490865421443112,1.68332239948619,0.232123576990566,-1.02347300305723,1.10445445294483,1.15467070824782,0.0262902944206893
0.303746934421921,-1.3894123427433,0.0594084439161136,0.303892761445064,0.144158497660856,-0.948478058954755,-1.05949934929962,-0.644431792695132,-0.840144004606787,0.49154156881852
0.230751156512708,-1.75837435205587,0.119868603422768,0.0420876165334555,-0.670106439820341,-0.281713892371135,-0.810145295962346,-0.927480719697278,-1.18816537841121,-0.0212446824043474
-0.209924561647105,0.147033296053488,1.01792751148354,0.0213912784747903,0.522257848541759,0.305403352743346,-1.04606129043844,0.237381679272678,1.19014138567204,-1.04230208663366
0.355926419048247,-0.888223602712075,-0.154645660634878,-0.813764734565077,1.74934522974031,-0.0100265462738516,0.604160296571327,-0.393510813392818,-0.779627049664475,-1.88471043430229
0.246946091460422,-0.833262419180662,0.645271363689604,0.428819731894042,0.77148365923682,0.896708778573467,-0.313346153432174,-0.185804548742603,1.14701624665185,0.143149075931871
-0.102790687124172,0.0415389318412435,0.48860941438838,-1.58296686576052,-0.675993023814808,-0.350393347205463,0.203174284447947,1.35598120594889,0.365306991277702,0.000818653789640093
-1.50678543005697,-0.456696014657316,0.404208187875162,0.90156579961343,1.60118635183794,-1.00205976130822,0.434304591767974,-1.15491267954112,0.277098533393469,-1.39028272147512
-2.17904562442914,0.437948418972371,0.420100319554498,0.894915449580448,0.156556760709824,2.60316181939224,-0.193787175646298,-0.137874010601905,0.181937889002218,-1.44087525969056
-0.50676183996449,-0.666394909624083,0.696345547421166,-0.832577212362164,1.18364396251789,0.206044398398829,-0.642217028674917,0.770686501039854,1.36558983859062,-0.126642342896988
-0.945612116984579,-0.493967378239387,0.458142900033722,0.658604313112911,1.88007785765439,-0.672421986649684,-1.69039847335178,-0.0990956392762641,0.323683812197915,0.75455550265896
0.458033055256731,-2.23676060772933,0.409755029391436,1.16040975525981,-0.214400147012162,0.366164550210183,1.14637027298443,0.110671557143285,-0.0308717888125,-2.7756871008514
0.954520880216382,-0.469880598533279,-1.65798586779588,-1.10904905682605,-1.37898090149494,0.346121977015522,1.19996772286783,-0.21437052371703,0.705704773281209,0.338832618795523
-1.76473893352748,0.191948028270388,0.626106078153015,-0.991508379383768,-0.952178963967025,-0.305844952542457,2.49045711802926,0.303731499129187,0.15393409074445,0.0425260115017408
0.95598501577426,0.308988960122135,1.29227156408127,0.501544638207808,0.96972325127689,-1.98192417328041,-0.368441304204095,0.906081609608159,-0.241018296760322,1.86663105591446
0.668192135398487,-1.74797627243293,-1.69455185704596,-0.48668927317921,0.080806432121803,0.582309425142154,0.861615443456101,-1.94817820892941,-0.0612831141420991,0.171803727621145
-0.311127086219596,-1.11412354618693,1.80796824776324,1.94067306352633,-1.42116924949444,-0.230604809894503,0.699388542004962,1.130565180802,-0.189504828220513,1.35439252541037
-0.803863703396763,-0.021788913218699,0.887372632516976,-0.569320839084553,0.201934309972432,0.150195466815702,0.109317088270096,-0.110283225489669,-0.0494688538432974,-1.09581915982149
-0.271625467054168,-0.142614044769367,0.285271503412019,0.944583746868272,-0.0410636640458939,0.382584189104895,0.820020729349472,1.49371798682128,0.282790535738314,0.293276167794236
0.550721731739587,0.00264065201603525,-0.169290432439308,0.0912514749148909,-0.527567910135603,-1.82119946905723,0.620014665392489,-1.55548573433172,1.93897463730947,0.407903325706705
-0.452531938721355,-0.903115403724855,-1.0040232780156,-0.925557955060099,0.693891936775499,1.64856441700155,-0.267749901365141,-1.0085953244291,1.36340200744372,1.45096526925185
1.12319540963581,-0.0365402156369408,0.172904818070737,-0.533504547269306,0.331863967166387,0.226754039322229,-0.281266986473082,0.0278819512797896,1.24647702102533,-0.212536627146923
0.635336369769615,1.50781828849654,-0.915599244802596,0.568572248346845,-1.29098392614808,0.312252407043858,0.345525811464053,-0.281324306389909,-0.301766724411572,-0.929713601556403
0.439762197116744,0.157879069930355,0.707530831787274,0.133637375096231,0.273094969123738,0.0141955407959804,-0.0668625313659607,-0.715096509237949,0.255575436115942,-0.41610668844525
0.807981530396061,0.605214116386763,0.734585130835831,-0.324708170138153,-0.252332304424955,-1.04832847090068,0.944943630199283,1.37272824257381,1.44904375524237,-0.0174539271209452
0.208694232852839,1.798092491815,-0.980199917356095,0.361894318970296,1.00141121326237,-2.08191393418758,1.39747118181946,1.01855969199972,1.36388003205196,1.31671183793502
0.634584373331647,-1.14009862930509,-1.77882519864396,0.534903298483161,1.53826265529582,-0.748447930239705,-1.86019877089144,0.277832416133284,1.5087431591965,-2.73873622082652
0.554989537226784,1.80199884832832,-0.714877201021225,-0.0644758166629524,-1.11225972473509,0.782875220683854,1.01687721233798,-0.203734851631112,-2.71558765831253,0.917259344272162
0.255931126951261,1.79645855074951,-0.420653567551004,-0.7627627906063,-1.2123559659391,-1.45896238171057,-0.638087507068638,0.473769906611322,0.090365536035633,-2.0747905656033
0.569360499452204,0.971382815023753,-0.452816585748679,-0.223327608635195,0.495056382389822,1.42642249712525,-1.15551882330338,-0.330068958269294,-0.852740500720935,0.439056517739081
-1.79130744468345,1.08929882308563,2.07868037911495,-0.85069538595048,0.056433132253454,-1.14509612275975,-0.666110376732625,1.71350866803487,-2.3906922968328,1.66590180172224
-1.2393507870883,-0.264171860151643,2.79477899693667,1.0367468809237,-1.82602401228068,1.06568032109564,-0.149037808613964,0.155082359156173,1.56564965977408,-0.0747930874527737
-0.395916744475712,-0.944842101942297,1.14096334044594,-0.158761066837621,0.891163772296257,0.0379394125801931,-1.29702232655222,-0.522343869574917,-0.514858491313524,0.923154960593748
0.231188966094765,0.191444974340284,-0.980966300444699,-1.59275944106774,1.12108452022551,0.824668741103968,0.759390601374412,1.34176992163859,-0.176375043512701,1.68303852721558
0.467370306511012,-1.2024063864135,0.324549436618188,0.747665033063564,0.0966215556537818,1.27076846931687,-2.90062229755762,-0.0880156054551385,1.06885906783209,-1.54611206320803
-0.163116598161977,0.196053343097639,-1.46953583590625,-0.0982531767263111,0.594104848097433,0.275424993428051,0.268548410954066,1.34609455488122,0.989825135013116,-0.818836567126638
-1.48968709543769,-0.629712063211949,2.48668632648054,0.387134989825717,-0.793414146551068,2.17980740563495,1.74738726930252,-0.55268317694053,0.853597168691101,0.150834021404948
-1.72934466535764,0.412238609453521,1.26405362411875,-0.75701658840198,1.5325664374477,-0.243256946831588,0.632003128925088,1.45236493106607,0.957618776922798,-1.10700083833702
1.95620974324222,-1.09810078167183,-1.4908151238338,1.02382810161511,-0.527370637927746,-0.732006810299547,-0.473670012782341,0.31509583628867,-1.42578264801999,-1.32914295135489
-1.13008610104664,-0.0558890330421714,-0.127333283294804,-0.172182205371471,-2.51594931438401,-0.544001659727733,-2.22217282584245,1.15212175630943,-1.44734691561622,-0.182631587162226
-0.575667121759255,0.463673934187313,-0.381287269251192,-0.2428343316727,0.171492342031062,0.360289245511018,-1.31920291133703,-0.286645207354746,0.789228822790829,1.57338698094157
-1.22749082709582,0.149323903185083,1.12420635891678,-1.20027459941089,-0.861505359690901,0.014564796375753,-0.616113991927811,0.832243737510082,1.66773444351253,-1.55930811076627
-1.00355268068469,-1.09762146163931,0.43625558886156,-0.0471945419994635,0.120884853332673,0.321688145215476,0.123818146156676,-0.505955181182734,0.157749589042895,-0.72267048993877
0.53718859022,0.084892268876003,0.944772686148063,0.0943912758477363,1.74380941275245,1.03634429007691,0.540566310219093,-1.12080993587608,0.199352861732589,-1.44077991764244
0.782803318240872,-1.47777961544087,-1.80461166241589,-1.12560576575858,1.11088358941472,1.90701133171674,-0.0698327187024128,-1.17335545354777,0.595511083074229,0.0627700607726603
0.732741754997098,-0.893479330828693,-1.02796624476228,-0.890008606540809,0.457988089746856,-0.286018350350264,1.27831097054882,-0.348752898480172,0.489706836830986,-0.0349555922523875
0.204553538158468,-0.568525775685677,-1.41113653933961,-0.0890402610531159,0.777144135853772,-0.8147473105984,1.02368508371753,0.52143705381603,1.11820820759332,-0.184432376424985
2.04560787709205,-1.03620314154505,0.0315841776780513,1.04161612182039,-0.402123127237738,0.240580113336164,1.05926389385378,-0.197468809364341,1.1720892528681,1.10730022047694
0.156763624444632,0.696697469223932,1.31784872398543,-0.426501552136706,-0.755164032244671,-0.221543575130185,0.2759579810934,0.26755601633892,0.343832949937996,-2.35595418045264
-0.184690653522529,2.53240698089422,-0.604078084942015,0.0443552826570592,2.26197731487298,-0.496448921977008,-0.124652072777356,-0.501243993792538,-1.76901721493796,-1.05302249822928
0.352456275990906,0.0995946808405268,-0.594337476077314,1.69347831073606,0.531664349395964,-0.723070522652909,0.741184241002338,0.367444558672936,0.0405928235532859,-0.401946349755719
1.01969381189736,0.677893910343866,-0.302278471683077,0.269108003090896,-1.78460442923294,1.56785630493499,1.05379505982929,0.389429063457018,0.967196968877957,-0.0615796358060928
0.00798866125441267,-0.779127686035954,-0.967949396396438,1.52007036635319,0.762872764347766,-0.00899883347223902,0.170584018109969,-1.1078265574033,-0.0847876138637295,0.890623228150793
-0.381591164092377,0.170228494555267,0.218057844213924,0.206032324848387,0.995806759758675,0.111145922017207,-1.132632995004,-0.269296269269228,-0.122914241513088,0.128614910068745
-0.525382066603472,0.0561768984625167,-0.106934945602264,1.05366478960635,-1.93684126676753,1.71939464584835,0.316332846211352,-0.436969879146219,-2.52891735511447,-0.42681602533908
1.42513048667723,0.498673797524017,-1.62895982466864,-0.892642114890074,0.367981792958864,0.275793900439496,-0.927646200478158,-0.13242911270313,-0.380822552230499,1.30863690742962
1.17786449817442,-0.00368431989025284,-0.854412375576596,0.417283214037998,-0.424899589082869,-1.20569779668692,1.85628236199058,-0.218528875146043,-0.396538338484093,-1.4217270850653
1.98080937921399,0.119214072009112,-0.997744050394848,-0.610543470596674,-1.42107824014407,-1.05878331996331,0.0585516030615193,1.32605903176565,0.34395705173852,-0.901308780771459
-0.619573589346089,-0.0949056795947934,-1.6890109019856,-0.228712439692413,0.887743034065064,0.972784751332277,0.79581884767529,-0.997121518350528,-0.403087347824542,-0.414063346405677
1.36698728942201,-1.76778309222805,-1.8293590587547,1.0927062609536,0.661509569372775,-0.345890922713819,1.78288216636215,-0.783078979454372,0.926657813881068,-2.29943001949943
0.475114535884129,1.23859713716642,0.810664448347264,-3.42138507131305,0.520224144515859,0.70134391624318,-0.427217379526523,-0.9715466763502,-1.29983757470444,-0.0494904390793001
-1.59230102095815,-0.38604895524934,0.597756148670867,0.798933779641284,0.759265048714112,1.04571565879756,0.167757280405083,1.72227937649535,-0.285012014974433,-0.392372222518401
-0.671748906782078,-0.379839907383064,0.469490067319271,0.109002698265674,-0.429411797071213,-3.16782935572121,0.539152780962335,1.04153550451779,-0.530153231410476,1.14464900156186
-1.02757007719437,-0.883468199589639,0.10812273878854,0.963142827824689,0.0743807509313093,-0.772175176343992,-0.929112291634876,2.03303019585504,0.624868730554401,-0.456383213891253
0.0490922008486996,-1.6183801181735,-1.29117507273677,-0.370740414361032,2.08201926310764,1.32650464978641,-0.725790202338663,0.0889087643896675,-0.187843210107473,0.4643275975752
0.952232820639508,-1.06950056918946,1.87165166992155,-0.456432928926487,-0.886334566947779,-0.620281689809012,0.510922644645388,-0.460940795329382,0.9110017579647,-0.323498409050328
-1.61168308522883,0.975390097894998,-1.40437078705462,0.595957476901033,-1.2202200002473,-0.268915013146407,-0.850114088401625,0.407095998957802,0.609121253587338,0.250709128463343
0.716404791869203,-1.52718765262312,0.383459676642752,-1.06466228144442,1.18567997744117,-0.788147977088942,-0.761652788718117,1.01406243008968,0.707277871368212,0.968222924777044
0.192511311646412,0.927530077819505,-1.3904862916101,-1.29284971402938,-0.758383663091108,-0.711923190052068,-0.679433882408014,-1.39555743589368,-0.707313240064146,-0.734166133874511
-1.37059662216365,0.971893942914789,-0.924197262275772,-1.8185521246556,-2.02168471026671,0.815720986065477,-0.350711512665256,-1.02249687409073,-1.24279791803267,-1.5229394061682
0.145829694061602,0.440749231048667,-0.31730876068366,0.718525039598553,-0.588426734402579,0.31614505880844,0.360432922233016,-0.240058869418613,0.0650446043422912,-0.888639647473752
0.615996685588742,0.514039627060366,0.413000825395795,-0.745685692030853,-1.17488577921392,0.496760419217961,-0.531040602471423,0.682321288447454,1.51729350830745,0.739222799783708
0.0378778837464458,-0.828894766118165,-0.391173417246541,0.147300596181744,0.467902288056281,-1.37989469495471,-0.333625091275022,0.148529240180972,-0.391211124685092,1.65952210563266
-0.389090808283789,-0.144854505997364,0.486713796749284,-1.0865321637863,0.293377430713588,0.292876794471361,-0.990066173984442,-0.705931485187664,-0.765214270128233,0.454377472833942
-0.411155450591745,-1.75764144044378,-0.0426165545311609,1.51529173487467,2.04499683217202,-0.931617642914488,0.629941233685525,0.376245045319886,1.24338999928863,-0.297002418878937
1.07644273468008,0.511867251624879,0.348079652840551,-1.09210527863858,0.462409023341321,-2.27908952177495,0.891298493273957,-0.602562496500612,-0.544553757396733,1.40715447759485
-0.0848564111262519,0.19042509593554,1.56316482102173,0.300395195690267,-1.1816539135153,-1.37493944553981,0.202092011307343,-1.09036120408897,0.255582913613905,1.58304997753859
0.675745802358885,-1.09211601998981,-0.00212184142702422,-0.257909644971902,0.862669989871614,-0.22404751552779,0.279278059587876,-1.33043047579682,0.928576933672819,-0.837109980122097
0.878820197704276,0.255797864488645,-1.4693124109767,-0.680283112296081,0.338373798047019,-0.600462486622943,-1.12227339047614,1.4877510291629,0.176694808951738,0.882022314015231
-0.471933571832695,-0.879830457008422,0.825345621386196,0.205845707591751,1.00571931019755,-0.00179512576404151,-0.698769556254741,0.666824666024173,0.201925789972025,0.40267182631232
0.730503845947349,-0.79677757924855,-2.09592470158344,1.06226697864335,0.14788292264087,0.0925083446360733,0.317295243624646,-0.39723250914326,-1.41275927887788,-0.812754959362872
0.877534319517049,0.199183609334367,-0.270938051487901,0.577374913857713,-0.0817149445018138,-0.219165662199869,-0.21818417729667,-0.987442138364072,-0.922123002882642,-1.05184411801859
-0.0304743478136475,0.554221320499414,0.656375013702304,-0.453528277345387,-0.718425308047964,-0.526749293110293,0.0308484892411264,-1.12517792961718,0.545961277651679,0.54567769312655
0.301266465532046,-1.1573418730853,-0.736254631727289,-0.723067942737776,1.05864160440765,0.222930729697876,1.14377185548647,1.84551581589933,-0.156541542275155,-0.999887709365485
-1.45265531900207,1.35640861297987,0.121340462108155,-1.05890690769219,-1.08295562508346,2.70234691284154,-0.111933061870379,-0.0880819125182405,0.322236254954405,-0.625690009290808
1.85400271973133,-1.23130246565825,0.0255938452212201,0.244313524021891,1.90617578527006,0.556506365406672,-0.169888999934094,-1.47821096227996,0.286595208223777,0.523582603900678
0.00742309668564482,-0.899784585553239,1.29242178883227,0.637206837559617,1.12047112762795,-2.15130022067576,0.356662715182272,0.481481037122815,-0.908316641279713,-1.54772164275118
-0.0685499700792171,0.0978309596290382,1.33141362336051,-0.738309403052754,0.178710142770905,2.26090513450974,-0.689014833450828,-0.609962102804347,1.16268774289918,0.997708328458873
1.13145085859599,-0.123577891081885,0.0958245982282087,-1.3320236786486,-2.18060874582505,-0.900022951917019,1.1612761995285,-0.399903893600337,-0.489252543107434,-1.59322306818576
0.0561112723250104,-1.06520955345435,0.997322264023407,1.43180133347052,-1.53808127559873,1.36734631687972,-1.77387763892029,-1.46567278226498,0.689486033005553,-0.450104495722689
0.797644913802784,-1.1576762749034,-1.11732750090223,0.461343114762504,-0.69979057483775,0.46548724133396,-0.733227764848509,0.473416981550645,-0.246872134785881,0.433465203010503
0.69298520193646,0.0499728164858415,0.125372463482044,1.20066840490782,0.353105001386259,0.757622802294117,0.787975827052956,-1.44844179836779,-0.0321192941210906,0.978248432814611
1.10589921954879,-0.554683443530104,-0.437444284682072,0.753572239065553,-0.457683263800324,0.131055383457759,1.72717765058464,1.76879219556359,-0.748738010145988,-0.589814562195926
-0.498513727254376,-1.41217024852191,1.8023017764501,-0.146932067176753,0.61371212256912,-1.14387892871114,-0.354916465319996,0.205625199035152,-0.182099276699821,-0.313072095411358
0.147594482989945,0.611111463023465,-1.03382985899388,-1.3976117481428,-0.118123543271705,0.32606638955927,1.38348614834505,-0.944493369897515,1.28090408704869,-1.71355896122773
1.74088235618861,-0.672455532980452,0.610507476175208,-0.013470965870708,0.491625337853704,0.64167408143729,-0.621728320742172,-0.737992862247952,0.34978993501499,-1.62280484267324
0.106181199625865,-0.92416657969102,1.50483191652778,1.047432185875,0.686175333078663,-1.39398049085842,0.394025551621097,1.22643364013407,-0.396199773940754,-0.263561225899907
-0.032377130322343,0.633560758433896,-0.25090521167029,1.14403664510846,0.00453297515379769,-0.630662058191501,-0.388041164761412,1.32382666418211,0.924259921380084,-1.02861919890204
0.976681363072199,-0.473817850013919,-0.466651916208649,-0.581989473757222,0.347527262559156,0.983255876436939,-0.986569905773707,1.40075344191934,1.08556040594524,-1.83361818007753
-0.355429168636965,1.4054159771177,-0.00313500305578298,0.723193755108872,-0.948904895529359,-0.974714197666797,0.779142808997776,0.366912205136712,0.570662404053107,1.43520986156029
-1.43738131406348,1.37949455612796,1.5100800959939,0.968046236039515,0.158168994811084,0.851439899697342,-1.21032727936263,-0.779882675321185,-0.377176769080922,-0.0663202196254745
-0.60149404536783,-0.911350283841297,-1.32263922991458,-0.273504752837469,1.37204680547993,0.411549918411572,0.0122222884023488,-1.05612982277197,1.89280444727902,-0.961753420795814
-1.34916166504482,1.19556562232107,-0.38993617117746,0.0951290287696164,-1.2274399256856,1.14638187739218,0.300540813950189,0.513309314115996,-0.66014072771589,-0.129553760834087
-0.442207896900243,1.0929084077062,0.704677144235911,1.63496444501227,0.885694207417722,-1.44408630634493,-0.189067583013138,0.792674040202781,-0.0188303229888254,1.24393280508991
0.342355461962418,-0.17563989346398,1.99088458305131,0.915546894799715,1.0889334291051,0.305314027839751,1.82408742607876,-0.690954946312278,0.193204864388344,-0.121007508504518
0.151230259679564,0.516381798505608,-1.31447514838378,0.609688674851859,-0.282086137732197,-0.882018352353647,-0.449044886415278,-0.540259911600582,0.421524178292059,0.993462077525718
0.615009137326198,0.316531600422553,0.947337553863089,0.566120676847384,-0.181945581228184,-0.354236628946611,-2.91451780709859,0.0737768560702194,0.325733987173773,-0.399109776025386
-0.371293625118875,0.85820067864481,-0.56327417994438,-0.57441725474283,-0.853640398464168,0.209355669220622,-0.306620977462541,-0.282726870377571,0.26550855562862,2.03955038292453
-0.335880388767483,0.458374608169973,0.69342882982691,0.287180376464822,0.698692449348517,-0.523020228539342,-0.020735390603586,0.623985405249545,-0.903075391819653,1.20623744187415
-0.176400255133022,0.329261971557038,-0.986275549553771,1.24646341833985,-0.531630927025948,1.29778424988876,1.7077228142862,-1.34416842875731,-0.693342787638504,1.28047892542423
-0.908984909216907,0.754586936024672,-0.442881152378443,1.05350672972836,0.393531269747908,0.265174567942629,-1.87936995559691,-0.532254027748734,-0.283546343067437,1.17032547703601
-1.89253133527654,2.48589349897428,0.745392548516694,1.7419931531896,0.195572405054017,1.61279218106654,0.954475828952561,0.196670972440639,2.49562897992908,0.994139387896005
-1.8858529557519,1.28586843099012,0.721087280469997,0.5932696759395,1.24465121952282,0.338192281987775,0.331691167356181,0.384751621020603,-2.9998982513027,-0.0872438651322014
1.17611970514955,-1.48829740522425,-0.211786375411128,-1.884182800433,1.94962381049441,-0.0129350303535322,1.12079309882621,0.446525642499586,-0.732454430640624,2.22028804651917
0.91457378635678,-0.988907096214684,-0.662499320010865,-0.723086733775224,0.364175002176515,2.3292347217091,-1.18993603177256,-1.44467946047299,0.076769067748943,-0.405802392190993
1.52290359655026,-0.643059493387647,-0.0153151322903317,1.01271268788069,2.07740544295783,-0.121470077567597,-0.864671257732819,-2.75780851409843,0.27475357372183,-0.394262408714356
0.363573596960038,-0.0152772074578913,0.637138092675816,0.484665756017014,0.394688959010822,-1.7595175775049,0.158748120209689,0.911578594028975,1.29513049258756,1.00515270834733
-1.44275820883404,1.1001287926502,0.99349857642513,-2.64162478884381,0.78314588118635,-0.137195752199574,-0.593900224457172,1.31789199191469,1.04140541201859,0.388869805687642
0.631398865540046,1.46190391514548,-1.84271727790919,0.12612903724438,0.721287540916728,-2.51234924866892,-0.116410640740783,0.941562749010256,-0.981077226491135,-0.187125823137247
-1.25317335765895,-0.564605183197824,1.10464572776218,1.7559794375774,-0.867925309550257,0.524943827532007,0.633216959077153,-0.139792493096267,0.726924862829402,0.520384380749749
-0.813913143367034,-0.267654329398502,-0.337914640976352,-0.994554211599787,-1.06442972516155,-1.52678389226949,0.680442328351019,0.664238276674793,-1.48452573721804,1.84236211344082
0.0686279138242112,0.101767625980807,-0.534895934321297,-1.38335426005151,-0.457207418883478,1.44876900298853,0.547289171348088,-1.05337951178694,0.888552531402725,-0.634107475558644
0.710456462753391,1.26319364853692,1.45657114545878,-1.27940688271551,-1.19862107670626,0.80990755697369,-2.28281377523305,-0.201813193025347,-1.54200228897024,-2.18453296414357
1.37737701802525,0.366049671646192,1.83006796379605,0.195867051338643,0.846452620500828,0.376034905400095,1.35020201119052,0.253261269906706,-1.3997656878915,-1.1275638717325
-0.94345128762613,-1.51206016656215,-0.220369475660865,0.292742611654726,0.864586609566562,-0.244331863481688,0.606436734169316,0.263771111161804,-1.22811791348918,0.0681950715053744
0.34411338582309,-0.891921707041732,0.5087091546535,0.470794261456085,-0.552523234694702,-0.621601343449067,1.91726751213289,-1.86961259156686,0.214205570905375,0.0569466914418825
0.543053131654152,0.640576094701375,-0.478246025540248,-0.112804982737643,-0.0981806910337164,-0.364090698521109,0.106936306681276,-0.991074849140368,-0.541667817707528,0.0658332637077781
1.02869255465298,-0.470003780487624,0.542289084913763,0.246756301703435,-1.72054040135266,-0.90766520221495,0.452086808743164,0.474677351966703,0.325288456721109,1.5629889937028
0.512977532295536,-1.88495695812185,-0.109315827150669,-0.732725592624064,1.68496659030217,1.62286845639591,-0.124206572963701,-0.787989969170492,-0.045837167199409,0.309922351999464
-1.02087665750269,-0.579723894289422,1.02775152906644,0.599008700548315,-0.537060903848267,0.338751127387369,1.8424983065482,-0.283451592236657,-0.599987596564599,-0.0134384840413541
1.50706098425328,-1.18451419263239,0.498698733041547,-2.27876155047555,-0.0128308484059073,-0.0170423134095346,0.265234228828256,-0.337818898746459,-0.807580338721996,2.10771186758585
-1.72264554168355,2.38915971296395,1.29872372184169,-1.03896653878045,1.26772027378176,-1.50248960854757,0.767932894366237,1.39023996088415,-0.0207521915660605,1.47906057058433
-1.23207470868697,-0.177202911130235,0.40558139021851,-0.962016491910606,0.105927057977437,-0.503477771333229,-0.706487604693979,-0.195299802233784,-0.121201348321232,0.0835688316924818
1.60968832940216,0.163764358687553,-1.80313458582611,-0.248439971195007,-0.192343706686492,0.856707448536234,0.843756198850041,0.617810499399392,0.381480772600155,-0.132098145886339
-1.42221754617644,0.180264152403117,1.00871881558791,0.758037598685994,-0.0352390389033864,0.813383685198035,-0.518441209538177,-0.618227651889862,0.923274918631321,-0.242026453245984
-0.744053051898669,0.435834414063413,0.393974209993033,0.549743925947207,-0.58627669318064,1.37219942924598,0.03819231106452,-0.000232541978873096,-0.78578767780598,-0.0831834076933145
-0.420687323787051,0.361124531197166,-0.81246795203964,1.50237316564483,-0.455553824736905,-1.79188563268967,-0.0490442948001167,0.781286786074856,0.196236501002234,0.526132914328478
-0.498658140599368,0.237557916008756,-0.213447710416849,-0.550991564521895,1.52781275829751,1.09297218506404,1.99673158214124,1.06009316380232,-0.537782411978341,0.198270466917056
-0.305782380047984,1.49285670542302,2.1832874410437,-0.157330163978258,2.36154867479335,-1.19687407038751,-1.46249094267603,-0.283940118519206,-1.05973411128431,1.01988457267186
2.02540629094463,-1.7005544178193,-1.50754734598193,0.804972547165466,0.659092570460785,1.23848482394095,1.67242144175167,-0.855644923744761,1.29247396194611,0.0856891531120674
-0.654058059304866,-0.198315565047223,-0.658086247910329,1.27425481753589,1.06428353471486,1.45846768953695,-0.824010295444478,-1.18688912467628,0.475909100416964,0.146363300492205
-0.081487027618363,-0.503008532483468,0.721032238490784,-1.73236687495009,-0.679080555100739,1.32272027333991,-0.299642567828862,0.950974093223955,1.37551900249452,-0.0480226182443965
0.317237751037648,1.51781188953696,-1.27073150509442,0.104304679187438,0.800018018925224,-2.60729409425871,-1.69184858633087,1.36577258022966,-0.555367804732346,-0.753089703251
0.947468578461094,0.961717913597027,0.51929864661821,1.06715323329614,-0.110126762869305,0.193192352257779,0.498471473938596,1.51658305736826,1.45936200539921,1.74482842010821
0.108633282452713,0.893502365218396,-0.993182591624599,-0.383084514651219,1.51850756232151,-0.593938938268842,1.03870390152871,0.0438778314948273,1.32195284205997,0.628776166652227
2.04295599990713,0.186949032879775,0.47460276739317,-0.147032712494769,1.31053508243018,1.155698850897,0.33927024811028,0.734342621022828,-0.559265811860282,-1.46691426420458
-0.924593296952532,-0.183043106228773,1.00009911647028,0.00509883558999413,-0.0457145768632563,0.785722485314471,-1.06374811792266,-1.1242866998273,-0.836072363062332,2.0018152176078
-0.811454470258116,-0.292542081383101,0.291114580292407,1.14739682120872,0.603220770643439,-0.866528368574528,-1.292141679659,0.243772752951223,-0.645744523762604,0.257448651055202
-0.462543271728507,-1.10027222355502,-0.04357106482767,0.0342364289924438,0.443055033197702,-0.216813386084733,-0.0240950699155855,-1.7725566020694,-0.278242962325806,-1.80417828323475
0.319930305701858,0.537824932605117,-2.31296211168166,-0.144189562046218,0.059246665156034,0.0512698789595974,-0.472028269869067,0.406187213064748,-0.129924206986436,0.726513910628142
-0.693108219245295,0.363048425376887,0.174719223025105,0.390326567869386,-0.0535092945924282,0.640682912236984,0.607642667751955,-0.462813107203484,1.54946373667469,-0.938277930732366
0.521379838039767,1.13290428043251,0.289164665381319,-0.270048453668421,-1.24172520577892,0.350250915129869,0.462716604559321,-1.33658762955403,-0.343045100582004,-0.462701429792362
0.0325735163113762,0.15119705237595,-1.82203356523666,0.339824585990955,-0.317859571416593,-0.325254550178938,-0.859369615602608,-1.49810092380042,-0.0994481498269497,-1.80487416557811
0.532847252813327,-0.838244680166798,1.40154799587316,0.371357232190063,1.66285198151809,0.366989972417624,0.873635066596966,-0.714992107344145,0.318321239603047,1.24510487890813
-0.901677212359017,0.4156769778754,1.25799797299685,-1.04273932352316,0.460840693332759,-0.0035546067339418,-1.54328373153517,-0.506620911770207,-0.563505661982445,-1.48744314153582
1.01264349026401,-0.541365054839417,-1.72565480320643,-0.0286136888116162,0.00623118680447331,0.206628290839313,1.40996167456524,-0.753897990786667,0.165434744018732,-0.302235768813916
-0.916480382417755,-1.09204117383025,-0.778201053655545,0.0220181577169363,-0.9655338549589,2.25405819142942,0.864565050959246,-1.37239961958653,1.15525146575643,-0.182906189436142
1.08588487711055,0.122503195696901,0.8373116465619,-0.0828365962684773,0.120202954606734,-1.20431687784247,2.40111862217473,0.461692812805153,0.0475456878167096,-0.812866895431657
0.411078774672589,2.31246711530541,0.562062493323804,1.0968086687045,-0.273704076539849,-0.590422667569892,0.647220223703659,-0.269443357948409,0.0992722069161779,0.267816770254047
0.670294324687507,0.529737745341812,-0.324117317159696,0.570778544500511,2.10526696736909,0.74539135391688,0.303148393222929,-0.372059176953607,-1.03527496297503,1.08828540027128
-1.49160859344698,-1.13101516128307,0.503635280380638,-0.0299164740030998,-0.705169388872068,2.65291542035788,-0.853184571847657,-0.777607600852798,0.446863407366065,-1.08756082764196
1.43719689245147,-0.747061433471764,-0.898778709828969,-0.125387890282155,-1.38599386854256,-0.0308205236047035,-1.4261044906183,0.554848175820863,-0.859537675087525,-0.444808615325635
-0.419207565250972,1.22142582895954,1.43785182080655,0.0739966347288825,-1.01267663501205,-0.863721032335937,0.090249218808,-1.80170668310044,-0.206976471878435,0.95525078374298
-0.179522196782876,-0.753836965280993,-1.31760534043916,0.392138526556787,-1.15488391119572,0.262408403548572,-0.00574470900142178,1.01567238089986,0.754112475285504,-0.0239113237359463
-0.191431862396842,0.605855839221749,0.531844069824264,-0.464302071024183,-1.39454514045286,0.985151253890992,1.24304447180413,0.63604107535689,0.783523793537731,0.374479369182495
0.358665106554933,-0.971438329084481,0.408984214781966,0.972496071897788,-0.163894746182183,0.144543742981527,-0.231358386511042,0.643392627888667,0.00535571115749438,1.03740018619427
-0.941678079887814,-0.0779498277483271,-1.2818693349409,0.438158998297706,0.950846184515264,-0.0956582761628885,-1.24257647933309,-0.178634402071761,-0.50911018597439,-0.676438165465254
-0.0993177590883169,-0.957464724063866,0.151496229311604,0.621241769611674,-0.81239638829246,-0.814782713359205,0.935490863681162,1.98689512826145,0.658994497931759,-0.452800781766026
0.619107966611874,-0.248216618004084,1.01197212729593,1.2531036170717,-0.0910869844721225,0.370311713877206,0.506766748171498,0.769233208541433,0.140374055992074,-0.265115937446381
-0.271922906743121,0.261378321872105,-0.746057413391444,0.615606714896148,-0.411040518827635,1.45843760102634,-0.170115865482201,0.238303974327162,0.0337683015088984,-0.969602643176709
0.92204001855837,0.385793166097773,-1.53439857927367,-0.165775882882248,0.165849670372746,-2.45672087155952,-0.4344337938368,1.81685679323617,1.14488276915628,2.14893526469966
-0.110307076481871,1.025061043746,0.212624162277933,0.381098581406127,-1.66145275202723,-0.916184776714899,-0.362172888407801,0.611764241197718,-0.477548421233309,0.241743021672542
0.802381839120728,0.938182667464272,-0.100302238828276,0.753210433050778,-0.870374800677406,-0.0413326434798335,-0.524412676900195,-1.67986082915903,1.19488199761607,-0.32560653227103
-0.314598976389011,-0.408473410618744,0.931279741461915,-0.146059437816757,-0.641116300517576,-0.303424185847166,-1.78288090716191,0.882968048977299,1.12613284743351,0.100611791090773
1.20777372401492,-1.24791432301296,0.851720402308183,1.53495111219788,-1.31442568494121,2.16687489312369,0.357236720461224,-1.52807900803667,0.640254946388577,-0.149483368342001
-0.287247410743568,0.569772723356996,1.71042450631516,-0.321144719666206,0.341610158792461,-0.966909172863489,-0.175028877852585,-0.633416593552781,0.106174567058152,0.808031435792562
0.757887226815648,-2.43159546747902,0.216894238374329,0.590182504880448,1.06641637268939,0.169797444546436,-1.79485152258779,0.985150819942079,1.04616378592824,-0.461873786087918
0.455922505050136,-0.322655722962266,0.508398319123723,-0.566287316382009,-2.33024223598184,0.614911519443312,0.00388360517848727,-0.114523227215471,0.155915163876393,-0.550939633868247
-1.43951812460138,1.18923319727507,-1.23570659027181,0.554291892396164,1.60571378065073,-0.485941550718523,0.17778185420978,0.210276630020317,-0.346042362189892,-0.918015292515284
1.48733767239044,1.12031938602714,-1.36862637760315,-0.453174964733594,0.737957580142006,0.842728276678058,0.812554672479533,-0.257548767787384,-0.566205721462214,-0.359497507887232
-0.96205655660693,1.57186080250209,-0.24079355883805,0.217208548860659,0.566906510885746,0.387108283158175,-0.0820087642005433,0.731430422777337,-1.13721335791069,-1.07964693912176
0.84282698060402,-2.23321403730029,0.332735727996134,-0.0868610317151652,1.22242315363309,1.09646942860852,2.01880586286914,0.197486299313349,-2.45744797159512,-2.62199082724888
-1.03064262157901,0.417713756083786,1.03151410697313,-0.781304154233188,-0.480448692274473,-1.93250890732428,-1.35938294590054,2.06620706475196,-0.168346281010582,-0.952541423803647
1.56107549598522,1.60401137923606,0.896286797051427,-1.07050198991276,1.48692670643632,-0.120073274084224,-1.62712900163966,0.834867323005549,-1.06703475354702,-1.68922061255321
0.807472953959481,-0.857418635911399,0.123596213209831,1.08756335201602,-0.978846556067649,0.645959041604801,1.24282567668258,-0.847064297453796,-0.0320720745143137,-1.05367510391058
-0.488375223229946,-0.851005078604215,-1.84067346777289,0.785819643023194,-0.91877849672708,0.381137164451463,0.489405698902386,1.19293440736675,0.237736392352128,0.617109329254018
1.06435559013626,-2.64790496993051,0.269659846733688,-0.902648794110529,0.836420757567061,-0.122719407373397,0.557373708501727,0.10515604469318,1.1930604135403,-0.988176583988197
-0.24024837066188,-0.0990081532917264,-0.807416882150687,-0.466396780582641,-1.54405653772105,-0.387491523383095,1.1185473434053,0.604190506136779,0.578354333601074,1.05074142454142
0.491096134851004,1.89725009454607,-0.0967440536256705,-1.45370085265476,0.216965067661892,-0.547166281382314,1.58015265126851,1.68361816291633,-1.70352518251255,1.1107015907415
0.0582267768770076,-0.922594966150752,-0.0488124178976064,0.576451021865748,0.00671293580826131,0.117579409094391,0.371294168688171,-1.5606600274619,-1.39835476676342,-0.828343376548229
1.30630887556352,0.780962684867554,-0.165042747940854,0.250800552712091,0.355522627135378,-0.177154902738378,-0.370207521713716,0.104400774773968,-0.0436552918958762,-0.0336949372442567
0.512848816456294,-2.22195340732722,-0.811951484751121,-0.520967510753367,1.06078816108547,1.8384352749708,-0.272531420063932,1.54862321506498,0.882862644139353,-0.288226234306874
-1.09526229613031,0.298808425949365,-0.32541283162788,0.496403813496306,1.41985292846878,-1.48104563323825,0.282989828590871,1.22629462610038,-0.815819490600042,-1.07986712314034
-1.35291820630089,-0.148298910639925,0.628552248579328,0.78967783298273,0.771800937430774,1.27323041113047,-1.77778843501508,-0.747379763171678,-0.391670191616083,0.0800817675105272
-0.269816756220878,1.06437046724807,1.22028909206447,1.54498950562974,-2.43718334811028,0.56286499599816,0.164981285540459,-1.95027842377501,2.57607146775596,-1.27939035769237
1.44492278291236,0.0916636191829912,-0.781681436587022,0.101577158893188,1.07269835409756,-0.842469603508074,-1.69420286218052,-0.812964938201317,0.267286730088942,1.37694889721645
-0.825403103116479,-1.52881447663277,-0.90118510696475,-0.283900919316247,-0.570536859649477,1.07659553579681,1.30596701424389,-1.18337955368571,-0.351519075294614,-1.17977977762605
-0.572659224078383,-0.185397727807657,0.692667124871511,1.25335427630778,-1.02679714880745,-0.0596283905783261,-1.82509197876966,0.173682292724055,0.439520777473003,-0.0128117151645226
0.27640856608304,-0.0674294685947931,-1.05458732578858,0.779176822404819,2.75493287818556,1.64133436620884,1.6144253494425,-1.05077862464555,1.69023611913903,-1.47224569134578
-1.30551553781603,0.818233416866559,-1.59819412199634,0.28234573805255,0.340154875098064,-0.433959234055555,-0.709877869560189,0.576199735731641,-2.21572380197021,0.980256279026258
-0.464687085463477,1.28405195368576,0.283690646301828,-2.11631662517289,-0.415520390926774,-1.16423447749441,-1.29962203594635,-0.170564995413601,0.659411173247291,0.660403422363086
0.347096818032489,0.454860594507825,-0.739993793939198,1.00879165145935,-1.64209818613531,-1.72604329260842,0.740605208433073,-0.327610949665555,0.102499044067881,0.234706714168968
1.18140137426229,-1.3589785456424,0.453067995664428,-0.503342100407568,-0.119636056276069,0.0548742737538697,-1.00445687997036,0.942069143865287,1.39164734423913,-0.591737239547846
0.944018851675236,0.934064052147649,-0.500981089757373,-0.556162565263368,0.0703850150728294,0.366271048710043,0.799830874747799,-1.81939487139984,-0.690291607631137,-0.232347565255076
0.196903335272236,-1.22015818365791,0.92214949909266,1.06023909993874,1.29648601370683,1.45431751258155,-0.836258410275025,-0.677722795258643,0.481794416384961,-0.0408413765477075
0.996812156768579,-0.742267203579261,0.475010620879123,-0.670838398621162,-0.473458331954844,0.405477157173482,-0.542543991293662,-1.42168376282159,-1.23735751001597,1.49608590604612
0.0272779889489963,2.47776258027362,-0.471739848970877,1.02728225014799,-0.510471456081249,-0.0534019936312073,-0.0519474423088884,-0.668810976827173,-0.0597178599271687,-1.39861383230458
-1.02399437322408,-0.10038305581822,-0.182379456138692,-0.824561373997511,-0.0316469849439693,1.10846116996632,1.30694812719394,1.31525363330194,-0.986358996724659,1.93537222016007
-0.355275242074131,-0.256893896031781,1.74604920665608,1.59500062667375,0.0834103599054057,-0.612035901724083,0.137336338109825,1.4370194526791,-0.0840341055175831,0.988190679609457
0.371383060838518,-2.79902474397061,0.63753685865225,-0.111113700038539,1.24498445022482,0.839446445908183,-0.0995421483127688,-3.04199060245686,0.262245672468317,0.352163474702687
0.938470920825293,-1.14364430645386,-0.0467323161239129,-1.90087736009319,-0.768872745284592,0.536521511538084,0.898760317163143,0.552080561065857,-0.673287211509402,0.860503072730874
-0.21923129114929,-0.378389130016205,1.97696369131572,-0.0339447033295601,-0.974587113983862,0.372120416939352,-0.174001497058723,-0.281571521815304,-1.56436080891845,-0.486089501639841
-1.81850106434746,0.214776711627903,0.779873192606791,1.80606765470271,-0.381069896389882,1.19729438357929,0.224251334821784,2.08863542863941,-0.167981831167805,1.61016362596069
0.800947385093646,-0.122647635325595,-1.12993846731425,-0.00437464014061678,2.27777481587005,-0.459419425463839,-2.08132567833465,-1.11841690989883,0.249463886745779,0.490046382835021
1.54389944010149,-1.24452509257569,0.420840120531713,-1.36291660037401,0.401343664275171,-0.611686521244133,-1.01841063332629,0.20115632399232,0.992654751169068,-2.15313009580556
-0.078389640483937,1.2179925613557,-0.0697602775699287,-0.78426799654578,0.673624220559681,-2.38026156176254,-1.263672304563,-0.0439843238683893,1.7126913453094,1.79212852140688
0.26373813982811,-0.322862231431699,0.179776323731642,-0.185719121441433,1.48775312035867,1.28080472614646,0.106003850790181,0.513876913176849,-0.181151484622839,-1.32914645148151
-0.956211231900358,-1.23719610531242,0.412519862276748,1.04059017818978,2.84712831425575,1.04106379910562,-0.0222195878373752,1.74340340263366,-0.645646199706055,-0.812651780303233
-1.03627779522324,2.13513534696666,0.324411083348239,0.77485209305956,0.285269455268684,0.165882223989648,-0.238611365554681,-0.190000489670556,-1.13269938671151,-0.890828108487928
-1.49788946813756,0.214941470475801,0.0708596668490192,-0.1412180747415,1.46079475793958,-0.430623308249015,0.671706396257091,1.550062597617,-0.00866809903265822,0.631967695033966
1.12041483603213,-0.124097416807475,-1.76721708316718,1.14767842504294,0.542901440158253,-0.467041066022268,-0.762773074910814,0.865947278775615,0.499699785120721,-1.55652140187354
0.732666130305198,-1.6710395136845,-0.143558689013766,0.226266644562669,-0.599208768290519,0.349999673449129,-1.2115742370448,1.92511434886883,0.55099526873041,1.54158044253811
-0.42594809932957,0.0436829597891794,-0.49231086805587,-0.715879094161536,-0.433770746987896,1.93708824821019,-1.07179445121327,-0.602515395218551,1.12254826370286,-1.02329338801991
-0.147198628370725,-0.659254664386686,-1.66309135824105,-2.81999488677525,0.325899331555599,0.299210175275839,-0.525950536408663,0.648866839682855,0.78830955588823,-0.99933243612111
-1.45452005704603,0.907059740505962,0.416234761998964,-0.380628310516993,1.10422008787462,-0.824900841058921,1.42770907784486,-0.973399553152986,-1.04556590496466,1.39187443069009
-0.662312148632931,-0.678027900665493,0.633651484982476,1.25565618585854,-1.83851499084603,0.542262580770815,-0.185671846547832,-0.473805437948626,-0.974492248641087,0.39446206815049
-0.095993297703893,0.912552390693768,-1.61579452204456,2.41644440584545,1.18918620103975,0.33967237496962,0.118265282402879,-2.03579252977666,0.156690973652957,0.926672540097163
-1.52503673100949,1.06645685575148,-0.0693651272568113,0.512352384841164,0.230122159423368,0.849411104789331,-0.689652009070158,-0.0109249262664592,-0.034938595838494,0.487671044233009
0.746746347917981,-0.920902289000911,0.620920040098254,0.629027034992173,-2.14896213664662,1.33179025982029,-1.28286197955383,-1.84733617874992,-0.00446398009795523,-0.763779885066115
0.33180034483377,1.0329890626734,0.0145495056471413,-0.245319663161051,-0.48219151557094,-0.894464672858166,-1.14360322949991,0.520077489766195,-0.193927472285599,-0.304094461934106
1.47152348287177,0.772923827006347,-0.12249412014597,0.154724354473452,-0.373967577466268,-1.57846922828895,-2.10541805653899,-0.582237186429248,0.183899005276338,0.58466029945526
0.853144685089358,1.30258098851723,0.0951443375284118,0.699454432292235,-0.793586023799952,-2.11109425672371,0.488448701221028,0.690465204435335,1.29170688360446,-1.99200740206551
-1.24882351165287,0.663548739904203,0.308969418603858,-1.83310771397949,-1.02610509912502,-0.498380013940986,-2.02906516958044,-0.94292875501517,-0.43401504262539,-0.14606806684893
0.856678409629639,0.627224356822048,1.50820886851973,-1.25985095549901,0.505998471121866,-1.02894368177779,0.218338183615865,0.968239379410095,-0.0911092701745601,0.0293864545659612
-0.556179037967545,-0.665198716221542,-0.606483718039033,-0.90723187342436,1.32609076206144,1.30866535243987,1.29520725966549,-1.4409312313418,-1.22310940274163,-0.333202836452801
2.15402727351353,-2.32708409063695,-0.248782292215729,0.023516914886214,0.828838664381715,-0.429919482245015,2.06554410558546,0.79927798609802,0.925349782328952,2.78834310305263
-1.01753003171886,1.56418020669048,0.0758205300414253,-1.38631095536684,0.0314461050725827,-1.79749682771207,-0.221235926514751,0.42160260110205,1.41618109874402,0.55181735011747
-0.470440489008541,-1.09046515997576,-1.83474098933234,0.916315797540742,-0.500683411808009,0.298371605259461,-0.568723148991533,-1.57668505132138,-0.166570230902828,-0.217862147259444
2.12154459151571,-1.35570857012593,-1.21716780626434,-0.0676625380309035,-0.557529369976199,1.14967175986785,0.29265395520017,0.588206812073591,0.292368410734568,0.535407931164062
1.18531509598758,-0.17456638195161,-1.1764790613115,0.653994979553812,1.30240491881822,-0.612592998084736,-0.0890842265076707,0.476871302210973,1.35113807165436,-0.399902126139124
-0.07261371375317,-0.453852272299933,0.629903701368507,1.40707752847527,0.318835565503374,1.63817660723857,-0.976486794526111,1.68243609157934,-1.28056433011068,-2.13838062415637
-0.562555166333007,0.338867896388031,0.256156213149976,0.942381877418954,-0.757976407987702,-0.0768697692584374,-1.48416988200908,-1.11283063031108,-1.70109873598647,-0.34924182480995
0.0127753430458876,-0.551245230451308,1.38660076080716,-2.60354050976468,1.35628361104629,-0.219647687307566,-0.29954023671697,-0.301774301172601,0.450634042941348,-1.16631189807364
-0.227917463102821,1.09189145907238,-0.384323685372021,0.0957043896426844,0.289485660375537,-0.307705206165568,-0.261164239275274,-0.523457935989728,-0.54941336664142,1.05276815486185
1.02135363286122,-0.861229801318962,1.14536964024108,-0.175956898836021,0.145293887562223,2.56461741287067,1.22776471279164,-0.775050280954274,0.218611316339347,-0.462324921205526
-1.06405699743271,1.51240340082111,-0.093542738071044,0.783434216418793,0.71522377817198,-0.61813519845938,1.44271136075208,0.968510148075921,-0.707691342883563,0.839301635343705
1.52622838155493,-0.58962029631408,-0.708954928685736,1.53912819805111,-0.587353250745268,-1.75074240062615,-0.203096261024036,1.68824814495056,-0.798862643834676,1.10794303375017
0.751506207504229,0.591351868387072,1.28613405378946,-0.163261880057927,1.60721923170086,-2.01843951425995,0.690085262238804,0.970913122405501,1.57923529319147,0.164650997210312
0.241043847553018,1.13017383672199,0.35546477591126,-2.12372899085773,-0.533118679193314,0.778695691315729,-1.11556989203464,0.471251197291752,0.469861435991128,-0.346733922547527
1.04766854900372,0.518552731909964,-0.479550430651184,-0.712102866579701,-0.217868170570889,-0.323878238450164,-2.76419081107095,0.749883955034991,-0.530414214524115,0.208321304835955
1.12518377966396,-1.7445084622646,1.48546358318425,-1.13801696291471,0.483162989597096,-0.255908711639441,0.696155695007214,1.33769688858133,0.933518730386502,1.02879300179248
0.549160367793375,0.242681509320398,0.513840950935328,-0.760365891517229,0.156926005625048,-0.230723481767564,0.781468677161654,-0.175493436727619,1.48075128747146,0.136068541463721
0.903898300435035,-0.810010652115994,0.0164220167799607,0.767137901661744,1.07876516548179,-0.118452029994825,1.36078144165495,1.7812466006666,0.526487662461495,-1.39948322876938
-0.555544800498417,0.419069858138277,1.57762809528252,-1.14181671266702,-1.10324064464719,-1.98482706233569,0.68004906848121,-0.580697980188072,-0.0514319483028176,0.0829017339482701
-0.968507030071382,0.713496913284939,0.440557591650034,0.446242478072584,-0.0443798173764461,0.276866844984881,0.770268085695601,-1.11649910294993,-0.330605656016829,-0.496478694407529
0.172027198229692,1.79674002519474,-0.233326564187353,0.00704371570151827,-0.628684796594768,0.53173782380733,-0.511587284368469,0.113517962317974,-0.901647990918152,0.00908951995509533
0.720843428802051,-0.831174876473099,0.409644987854922,-0.617421508608394,0.4022205791736,2.03812335559246,0.448816472691323,-1.67632444938016,0.693195881813782,-0.270308198439581
1.08428125457718,-0.129623949800635,-0.494204745758734,-0.792292776418992,-0.0389924349866017,0.720454756820389,1.02869598891276,-0.917556782290818,-0.0356372132888863,0.057794348070871
1.05844225821169,-0.72354831901711,-0.731326368875853,-0.0885116560227818,0.395568904466779,-0.295096288366098,-0.342187209670128,-1.32654746335566,0.179506260419764,0.914916010601957
1.92563078402217,-0.318444634242341,-0.11184871144505,-1.57760854679498,0.245880603887689,-0.404529077992381,0.1766148496564,-0.542857191114751,-0.218910570557109,2.31033499309661
-1.3218646879655,-0.430261069971696,1.04056709175548,-1.03590589087067,-0.159843808128091,-0.605920582975837,-0.101549968811262,-0.637522512718895,-0.53133512489015,0.883964117995117
-1.27600947975505,1.61841816918836,-1.19088745098965,0.697892616429063,0.629137635023802,-1.34128744851635,-0.298885415889681,-1.42078592456147,0.356776558810196,-0.930034453907224
0.0944538738412885,1.64976641428776,-1.62909049058485,-0.185636643691719,-1.47251920264151,-0.499583665741664,-0.133483154425995,0.555801082490662,-1.43551739070938,-1.1073334846912
-0.439360146237645,0.292279761951918,2.2355521137931,-0.175265089407319,-0.203543821607485,-1.35349152242431,-0.120845134787609,0.509578451838848,-0.141283843547462,-0.737175713821951
-0.451460342946084,-0.719048780797325,-0.589290220584781,0.105189307191939,-1.33670003391799,-0.213320880392012,0.126632484512492,-1.13379067503328,1.05329245127553,1.17419034134885
-0.0959774742451339,0.777351835222322,-1.14415628848736,-0.717738001144838,-1.03752531721106,-1.292731074916,-0.877509313442906,2.76101428041288,0.733428696228469,0.0736384181452508
0.181167618186348,-0.124909402485533,-1.35131645071977,0.515012110137986,-1.99961522195298,-0.132848373936798,-1.45007512653807,-1.59091025034698,0.412542239455611,-0.243710161548007
0.103137574027562,-0.313225954889808,0.568409471784527,1.03750727867776,-0.486494995401503,-2.22231626589827,-0.22241567854134,-0.984411848878071,0.446073836588114,-0.439841912285985
-1.03195317929233,-0.85193223127653,0.34106320020439,-0.496566174031524,0.770882217033796,0.330060271966784,-0.750220868138391,0.910105200813984,0.826210885152813,0.250372182473129
0.781602190583576,1.3544988035831,2.45109007015987,-0.971785617873524,-0.870011551864123,-0.50565447355023,-2.01114243924408,-0.967953255966457,-0.297774607710957,-0.161452035944092
0.760816782397623,-0.914520675635574,0.511245637109756,-1.77782777847274,-1.78156315668999,0.336266942553842,-0.0315745246250212,-0.735012674100373,-0.0314799968875719,-0.105321063670031
1.0116766040317,0.488213414747193,-0.0798865113525705,-1.70655160678547,-0.340693264182933,0.268407706488977,0.255380493159322,1.04497187966805,1.74488588404528,-0.160896434455135
0.32891975736793,-0.203294120841524,-1.17348633592705,0.237453393918394,-2.47614942670757,-0.982314017321455,-0.239984494280151,-1.60671859685245,-0.585795596142862,-0.414848892916675
-0.510845900619601,0.291966095649241,0.118852544816662,0.826907878529241,0.79230322238953,-0.124929383584131,-1.20825428228306,0.131081500561633,0.0949092274404002,0.511941277573019
-0.663419569038471,-1.00918534635616,0.453566349333426,-0.800725653844875,1.44787605930121,0.251311928756644,0.968898714303611,-0.340763223698211,-0.459058149944861,0.552593920365808
0.118619042654047,-1.39389352545996,-1.88722853008546,-1.51230178528264,0.545066072284826,-2.05336762384548,-0.478385988609363,0.189251817846942,0.761784573865318,0.423654802225904
1.54717361453467,-1.18675459864586,-1.82381546887731,-0.131741953002328,-0.521194248894234,0.32690913729755,0.627188438032507,0.222995973975825,0.649103566122626,0.632870837325376
-0.130923768038572,-0.678120119900714,0.316410708410937,-0.845580750440263,0.32222568533381,0.15645258490618,-0.533139004695071,0.89084344103191,-0.777301442148414,0.438184819617694
-1.89622798312794,1.06845908797258,-1.39384650697202,-1.66282828385376,0.168592811711112,-1.00849687367944,-0.0676402099045474,0.533264125060702,-0.108045585307174,-0.389877829407328
0.281455306269747,-1.41639354901617,-0.191997310387227,0.997427895158185,1.99902104704186,2.0928074805785,1.17813985081013,-0.573502385609646,0.934350975258456,-0.308900269002348
0.605197231385171,-0.0185268709435543,-0.164194800881017,-0.530452068810212,-1.50990051545309,0.420635298920003,0.394081059327194,0.997659788794025,0.228130379856503,-1.43563318194486
0.599303752556904,0.402298762719807,0.0231169308812396,-0.241974845192056,-0.933604999314565,0.513890006033901,2.10419934122461,-0.275265977326438,0.145016981374655,-0.0861980954778126
-1.09003377173848,0.644521281724936,0.31702994921093,0.302414799012499,0.674447283006021,-1.19103397542907,0.228318322362261,0.628251323091904,-1.63460191243191,-1.01608320540932
-0.875119834505233,-0.471899510908344,-1.43143223726919,0.268912414712967,1.82444861576184,0.207653989035571,0.459838437908924,0.784002545983754,0.0401823321703189,1.23135920466247
-0.227910565338087,1.00773674065246,-0.482130343990456,0.803680957165597,0.0757564359115751,-2.09608405519518,-0.56238603468209,0.295080003673712,-1.02083981077517,-0.664995214606733
-0.702482297521947,0.373280115402794,0.188642905667966,-0.353612671189816,-0.660567025039532,0.532493500695779,0.457852140045042,-0.586889952997308,0.401350600184392,1.25869719063081
-2.18527336786945,0.0157076658349626,0.824437040847917,1.08314174520472,-2.40994177877608,0.831808999503066,-0.0133514547379933,-1.48695990551461,1.03031155827715,-1.24609163513129
-1.04193920979412,0.482384034181336,0.700668617070098,0.0448290566035664,0.245137185999141,-0.0897098059683,1.5801741553747,-1.05082966741762,-0.936478993388236,0.480319608684063
1.21978630965666,-1.11425327386053,1.70724213068774,-1.14404508111542,-0.530658011624889,-0.14268365470976,-1.52067683919809,0.113481283044364,-0.413811964289833,1.60808467458809
1.58095957313521,-0.223261395217354,0.460674371728481,1.07735032493773,-0.278493689256362,-0.320626790158926,0.202217488949078,-0.267151029894801,1.20656082573574,1.60997195807994
0.119625258936577,1.52870337513632,-0.183363858236116,-0.960293166011761,0.141886015753062,1.97914457485891,-0.874373704378756,-1.20023925356644,-0.863295349339588,-1.16911090640376
1.00136117029812,-1.48939770694071,-0.261101539423882,-0.625940461151586,1.04335329034445,1.21006700497826,0.11420481605434,-0.659668752300027,1.95904154265187,0.544939863269294
-0.182739653798096,0.315543167527831,0.736927357622456,-1.61763834150257,0.067335351179815,-0.873558225245027,-0.63460069796477,1.5314068984438,0.665764531503973,-2.4367689231507
0.0284115349954997,-2.18259742518372,1.23294831744145,-0.836721195352853,0.620041374964246,0.164756241273024,2.75917190941923,-0.724521560166501,0.473224649859344,0.233313428953685
0.813495251388936,-0.739822476153936,-0.121940962124728,-0.490552240422594,-0.573193605327515,0.51889426673382,-1.14364870050001,-1.18055759461324,-0.31356425199068,-0.0985188293296399
1.04373597542317,0.759304812916762,-0.0217551632295019,2.0719370887291,-1.55642024603693,0.132331528182572,0.286754499824064,-0.0183509659918063,-1.37401312996933,0.991326564822338
0.913929178803441,1.74262715821706,0.7377869145132,1.19682735593513,0.879498640742964,-0.406653044293392,-0.655798965794171,1.25725566504055,-0.0610699689710537,-1.30278432650744
-0.546723765102305,1.94520824764978,-1.23077115832171,0.0228033287602253,-1.67712445219757,-0.370511802227531,-1.47868419813918,-0.706344751110265,0.141360927204973,0.500531584891084
-0.707327467765548,1.07358151149377,-1.45751441602785,-0.0854813917965065,-0.167963219034415,1.83007855700653,-1.91430462298733,-1.05354805234842,-1.28251917644119,-0.0966499802450965
1.96501661571919,-2.35832138139988,-2.06218026464298,0.46362593675008,0.594241944885756,0.062032858892249,0.33975701305071,-0.0533336339341387,1.33027201360697,1.16321250750995
0.49913808603454,-1.24883910122902,0.460477137570662,-0.835658532558435,0.755794432317475,0.0706425507983221,-1.50419077748981,0.139137955983938,-0.403751722493035,1.3538511446024
-0.2750064053291,-0.399376562591335,-0.147830418880316,-0.521377211511368,-0.524089003776892,0.989005333481441,-0.994857442834894,1.62495520799762,0.745372963473283,-1.25388434188156
-0.957811138819654,-0.125751812178841,1.80419989377924,0.145010124604169,-0.966161651082436,-0.363296916437127,0.259910288760658,-0.539274394413419,0.513648949262523,1.10937911158709
1.72731209416525,1.20427726226308,0.736481554673017,-0.434842960601865,-0.583621183623152,0.230964276307044,0.432018349708036,-0.247488842936122,-0.794419167922378,-0.958024245953132
2.40140903162519,-0.389290150938561,-0.195496198172538,-0.706950792385916,0.73832175872448,0.775219220257062,-1.05279773081835,-2.7353327694643,-1.07284153003565,0.594010689899412
-0.306309337062616,0.806548634981344,1.00735457033578,-0.27401217957904,-1.63198947188386,0.15390130820452,0.679702871076228,-0.177458129166026,-1.06326408036279,-0.475578422007101
-1.02682169489071,0.992894942275281,0.805510225370126,0.506645181855605,-1.19552650396891,-0.495707726163542,-0.048952181554036,0.368092609498456,1.12929106416371,0.0201455043421811
-0.299311217835279,0.83611137881643,-0.477671260548878,-1.41635621366737,0.0734260898974825,-0.394422419608594,0.0289515524594203,-0.251631644517292,0.819096361750617,-1.54678099741623
0.128471953558806,-0.162954460356012,-1.09926040805698,-0.314711548943742,0.623403620690877,0.427639829440439,1.23170491554732,-0.841212978681413,1.6036444586296,-0.407631851598742
0.514493070118554,-1.77294630187103,-0.432883782059507,-1.21710206375781,2.68851576669443,-1.14970735565939,0.138813981107343,-0.841747617681389,1.17972757513707,2.01093362117722
0.648397773378963,-0.331843952680034,-0.592138330507542,-1.73209761451857,-0.611164675118038,1.36374740799816,-0.220063863869012,0.0226936634683966,2.02503867317249,0.952013923517176
-0.23669243081569,1.72223171207943,0.703195190366994,-0.417387879030902,-0.152866493745924,-0.587737270276489,-1.04374752515973,1.01424688577222,-1.6179263779906,0.32071575992172
-0.822812377062244,-2.05683282900988,2.08522881006858,1.8314075067641,-0.317263052671802,-0.0927555513210538,1.6748743671336,-0.630422697006455,-0.130569737298302,1.23282123424876
-0.210528231393675,0.659651341468411,-0.859709545244323,0.276615735853263,-0.215413711673515,0.421993612333685,-0.15097734681856,-0.699294343845642,-1.0540433195873,0.520387438862411
-1.2000426662825,0.733853086423139,1.51710256640884,0.717208754271916,0.496615298892388,0.639955413584002,1.20623720377587,-1.25679681552816,0.44173478183223,-1.32031164998723
1.45575412810628,0.802556477471602,-0.225146090338334,0.297807547407619,0.821264083818944,-0.102384411434433,0.0348827402742764,1.30359855791971,-0.973618515557965,-0.0170430558360415
-0.49401060614429,1.1786685708831,1.37777725230689,-0.57499754959169,0.484823288744714,-0.0711238812395795,-0.947260236740325,2.05115965927682,0.101975371970261,0.688289118653858
1.48644439437263,0.270420452067863,0.406295480609696,0.348756316919993,0.10264279610565,1.10150813926296,-1.33431790789275,-1.15945197009835,-0.765469028504223,-1.70348651038231
-0.222709671573441,-0.0163901284133751,1.49052662885567,1.24055051286034,0.435067533125573,0.206052287788757,1.16105422278667,-1.54276102086537,0.0195383190008958,0.779259160198106
1.16499181904643,0.489091819459817,0.544432905334196,0.173840341681626,-0.187762389940038,-1.38191887960576,0.848557526751297,-0.440266251769819,0.985143691753414,0.150897594763441
1.23124071941385,0.808241584292,-0.130100996084579,0.238521838082658,-2.12801267917414,0.0364750098579753,1.29787686797065,-0.827067881058366,0.576619568561184,0.0411274537585315
2.36741945005141,-0.929717854403141,-1.38609303034643,0.601604167757876,1.77170337079013,0.891352317018411,1.42824157759902,-1.14045645939155,0.618883534036586,0.796372098717959
0.0901535422651574,-1.53288166816863,-0.842013267009855,-1.29825235209675,-0.517782388959214,1.64400356603237,-0.199392827506242,-2.97314116708598,1.95809801456092,-0.697135919449447
-1.25230083263851,-0.642230620776996,-0.414122820119203,0.781195145670881,1.00971961153003,-0.540250054409319,-0.703830905378334,-0.603760337204346,0.178868903523944,0.65915631891889
0.774717905249899,-0.929882780048447,-0.401087722449198,0.861450532725423,-1.26874489943376,0.174796518358228,-0.0883456725125951,0.696020282369233,-0.279112249135282,-0.0407678257327292
1.60778309522425,0.167129821497131,-0.720968003980705,0.226241631998024,1.08982535170319,1.27726000683275,-0.549494981185886,1.3190194110464,-0.945969244308448,0.396783821930327
1.88996165061771,0.395956850713477,-2.00805794348102,-1.36023700759659,0.432129305161757,-0.964367633986366,0.0145231765009251,0.863455682479346,-2.67966373672674,-0.643691727559828
1.13438829665988,-1.55479096520561,0.369157958863031,-0.257464887630605,0.249168049157271,0.884385062936307,1.00625864507825,-0.0837522518378372,-0.958071828141336,-1.3442814952192
0.393295401007103,-1.52399821617195,-1.07653042751094,0.686765526884966,0.930738787118972,-1.08558316633825,-0.349918484441851,0.28681538339891,-1.15596889249724,1.01086727498666
-1.37420694847213,-0.771619918440889,0.998811240237448,-0.383713102860064,1.23148989643997,-0.589126439005926,1.22126470496956,-3.66764022068161,0.96723684151793,-1.45573542200007
1.01541344674945,-0.200541753455517,3.07749574021411,-1.14016544658843,-0.448744513361005,-0.795433848822787,0.0448200719515841,-0.52915982594136,0.849994946989138,-1.98188975302292
1.07408514481066,-0.056095428114809,-0.93094128029374,1.25384782535719,-0.410239037356385,1.37018126088272,1.0337693030625,-0.0765422241156254,-1.10984044870611,0.600213689578009
0.871200661702534,-0.274683382282921,-0.950033050466257,-0.476396349705033,0.701139197509486,-0.238452669909527,0.527020448983956,0.625050083948505,-0.342860605892029,-0.770649499585621
-1.56528123198727,0.986040311428086,0.666396818075969,-0.707760774569578,-0.0467764884423993,1.63716685132441,-0.282905728048551,1.56769906470436,-0.350762820185549,-0.783429660538784
0.0366547319442273,-0.379995501030926,0.347009328887473,1.29449418272185,0.641790459127932,1.28678184535236,-1.90009737996148,-1.1556720796211,-1.02619394884139,-0.239785952928215
1.14808710679069,0.388429521076909,0.607351190964157,-1.57859497294191,-1.99219314526659,1.50197721424721,-1.35884350094184,-1.27986614023048,1.38048778669629,0.813265996863736
0.680271079566613,-0.736566668517838,0.00360860512472811,-0.723756720007516,-0.204974890164446,0.795511027818249,0.573879273733523,-1.03632964810558,-0.109910833495351,-0.80256044694255
-0.165122338545827,0.403713455019016,0.674828013247694,-0.0559811366395392,-0.426526607041272,2.75963012351402,0.18859256504961,-1.36794595243053,-0.12933724716053,-0.117641191226454
-0.97040340628695,-1.78447220441721,0.243230062171245,1.37014737813533,0.881852702690718,-0.16969616633647,0.759868784413442,0.701237678201715,1.65955635710408,0.871308306410558
1.00813435074588,-1.2494846686469,0.110350042969764,-0.301865499297238,-0.891948053099621,-0.0338978587368699,0.0428046696503657,-1.30631997528655,1.01734155165695,-0.314420669362206
0.376195321360651,0.298746326693305,0.124942063894705,0.0467792516302619,0.539090910525686,-1.70095561153068,-1.2465742966319,2.0382315687575,-0.467393170970261,1.85708712102535
0.0392924540957612,0.705192550994048,-1.06597603183832,-1.32479083901792,-0.240923851955025,1.11353655624814,0.878625821508679,0.53996008629421,-1.81891243956555,-1.59332525227612
-0.622205212033813,-0.26060583874654,-0.676596645467694,-0.325040912330324,0.264705667532647,-1.57947341626549,0.4437117205351,1.86523257576554,0.95232295094543,3.08306971182894
0.428588402714935,-0.391405458121717,0.64283111461106,0.450828803771003,-1.20160319611707,-0.580283323672331,-1.78421911281101,0.870580985677349,1.55466474503432,1.7750569761681
-1.58657353039077,-0.00036420853197805,-0.18812096318571,-1.35372065269346,0.259951867420033,-1.46626843955266,-1.09088402176038,0.563306170782066,-0.868772216757531,1.55716453570986
-0.712406395423392,1.75540593874403,-0.504775233202971,-0.669338143936631,0.191343623154788,-1.46554756282503,-1.05839362074656,0.89144757050961,-1.49650850724482,-0.413829953704374
-0.108682219111157,0.73139908490668,-0.442272333952979,-0.543302319295713,-0.684647137640373,-1.40656244488233,-0.458569087507424,-0.731335204148226,-0.6238863582165,-0.706046089846289
-0.663685248968793,0.566995848682534,-1.1404125958527,-0.61989066547839,-0.874321534390485,-1.41061623096424,-0.0561858282588217,0.715016738395939,-0.354311421749312,-0.723095841939007
-0.165029836174874,1.03316129575138,1.27598071720678,0.506200522051574,0.0075638484464156,-1.05510314018999,1.02652547176748,0.329882387659827,0.376301682737311,0.247044499051004
1.71201838868722,-1.16765519477808,-0.614292735809414,-0.508070593356978,-0.983984078811377,-0.297915226561925,-0.0239714819354617,-0.726030424280233,2.20353603060181,0.430420537859465
-0.666815989203537,1.73039156212717,-1.1269794670982,-0.4931517361985,1.29918627891669,-0.988278917240313,0.0978474171511875,-1.05933083904748,-0.152277850921808,1.2453939184773
0.115085877427241,0.29869682711799,1.24852361693545,-2.3360094932037,-1.30591652702349,0.192402725624734,-0.308836812003429,-2.85169614209563,-0.184659619214157,0.357997382696313
2.09378111801976,0.561816522316893,-0.163126454423542,0.00775253651815907,0.0694370870598202,-0.183409333084445,-0.294140890010483,3.07222966571509,-0.71331490605512,1.08972535397492
-0.641567398065407,-1.28110169221596,1.53368534786931,-0.266558839035514,1.77849083091419,-0.806630069864056,0.518697803187426,-0.731608707296321,-0.336201033268791,-0.0859897863791378
1.54986428820516,-0.83539172995759,1.3126845708105,0.958224787885273,-1.56102106106055,-0.252732769506406,0.448235001759166,-0.0213727616628049,-0.213407118253532,-1.46469705170085
0.515857277123392,0.776478447325397,2.46790594732592,0.415998435303532,0.94193203598143,-0.125108940235818,0.768398382388613,-1.61644876969307,-0.610236550210185,-0.107946697153792
-1.38332576518399,1.48702787859893,0.315508307412552,1.35991402191135,-1.10422085734022,-2.22552630090245,-1.1083062499949,0.555478088215044,-2.18659886622802,1.03564204629513
-1.62229554482356,1.66404257770351,-0.423236029725961,-0.679760033936876,-0.643374455551686,1.39143459586773,-2.47821163956291,-1.15774975608769,-1.28696865709441,-0.139851547562756
-1.38940869090906,1.11063426423212,1.90171135126272,1.06245178860894,-0.106822230261582,0.763638357214894,0.739597504901349,-0.0408716465435367,-1.08521595885682,-0.972878191128011
-0.344801937034602,-0.600014150633646,-0.630945369551892,0.335658803787739,-1.51064205547511,0.496349928118235,-0.142419844672952,0.225858773147415,1.31665407441742,-0.70343487324916
1.22245356341282,-0.0223844110171814,0.0281922171501853,-0.490878850375674,-0.817229833283424,1.47161237673943,-0.165901824887861,-0.298540268951373,0.75068685978442,-0.853213660519747
0.688120084119112,0.383622571856896,0.147961712086752,-0.286009936414149,-0.0489423277227079,0.292494208853934,-0.323640815626631,-2.02136376488368,0.627465849504581,0.0521128446139983
-0.677982714133283,-0.95691552121666,0.561824681559133,-0.632823796642622,0.381171156797245,0.286298048910647,0.548544435591386,-0.0262671921993462,0.30924760666587,0.101999329870206
0.0442659079623728,-1.13291898529696,1.3809325292185,-0.260688461504965,0.906856797629332,-1.04397279441559,-0.252826006807715,-0.0896032066810522,1.04888571133445,-0.135326752790892
0.321529181096255,0.688979115981426,1.47692665398014,0.157511978169219,0.422413098451474,-0.570777133792883,0.19826280995682,0.920171947648065,-0.651216496647984,-0.558562804179989
0.632135324405874,0.931747379365345,-0.626984845686138,0.255834516568555,-0.586872134829098,-1.32375034040684,0.777296428216071,0.368368600469659,1.01833953916778,-0.872038276924675
0.678321990830096,-1.19199125628415,2.25370128500961,-0.614691945285045,-2.66043388883766,0.969877430385447,1.41840988615966,-0.248848309484713,-0.0330322231499826,0.708556372009984
0.403931641639578,0.367590406222272,0.515746671079977,0.710822599360414,-0.483535964078318,-0.68247444568898,0.60396082767163,0.533869722168479,1.52726478354817,1.32429040144961
-0.367292380723625,-0.812135669523704,-0.909496136444436,0.0981644247713695,-0.0215290060938535,-1.14160368099536,0.229117613409209,1.59958364082124,1.5657840267669,0.788408814237021
0.325610828346306,1.15703541327774,-0.310676917801241,0.753287618744104,0.320706508541587,-0.0233637556973721,-1.35652164308373,1.71261391869933,-0.0442959163488612,-1.40170669641103
-1.77996412562758,0.932667370573757,-0.241948698481535,1.46721168833754,-0.652544950338484,0.854869900301596,-2.41665201855853,-1.53885647579471,-0.32656149725364,-1.37641186304726
1.56095747022261,-0.302620321329103,-0.771691664496511,-0.449965883915619,-0.852157217291374,2.23055494124059,1.10475383913173,-0.081371453551753,0.147234316200521,-0.105700567431592
-0.771612500076459,-0.867065360540013,-1.35688549973953,0.677914576645601,0.173314002698187,0.126516992456117,2.43531526703083,-1.50376200982575,-0.679423655228622,0.710052701292855
0.199452322636522,-0.345708957817787,-0.251066917643181,0.916787676738327,-0.502452761860982,2.21865379777125,0.676681548871743,-0.640287456399296,0.186804974917661,-0.183696217570311
-1.30209934934725,-0.278792965412799,1.74922096841158,0.449603364207683,0.328929949050811,-2.13234360690196,0.555317773734268,0.570465917924442,0.771602933692764,0.733025139225232
0.98159578782778,1.28289615831979,-0.932703247438724,1.01459261660993,-1.06253443338734,-2.29101387660001,-1.35322697084116,2.68951213154153,-1.30671824867249,1.07498541258723
0.549481464175331,-0.0815904409883548,0.484931625990336,-0.142846446830941,1.42306201254167,-0.511894651461792,-0.482092347828047,0.830426804034852,-0.580384448005328,-0.0400934021084176
-0.985027739567078,0.466534127755941,-0.742092270778732,-1.14281957407413,-1.20400136131797,1.4392684247564,1.08256671195229,0.214398765395902,1.32787712945592,-2.29700668688876
1.0023558466162,0.678771846631597,0.0142800545017145,-1.91958176930898,-0.181925061895414,0.240239659800133,-0.894069100359475,0.171940457633748,1.64308152883926,0.569214048790812
-0.453724507642697,-0.0433893295120435,-0.266691746244666,1.7317024897383,0.57569517378718,-0.923324578574239,-0.406775313766931,0.522248805731096,0.0196933795289504,-0.225136054203225
-0.94567968113974,0.709789065429139,0.485690974085014,0.540659927436834,0.636021550896397,1.09692211502634,0.158817264059942,1.44438802691658,-1.71145369007014,-1.59895895892064
2.15675804017184,-1.21582349205964,-0.245196589598127,0.260599638321861,0.532861188131994,0.632392238336705,0.00975019710285194,1.82650079431068,-1.48686165197349,-0.718678214209153
-1.17749287599426,-0.708969005284531,-0.747468677014818,1.57767616704333,1.23562795884669,0.356875359865013,-0.885834663518669,0.77884612025793,0.39304908740797,1.29110544724844
0.0419662253831024,0.282203789038867,0.503042881421575,0.482504552060879,0.888202659706813,1.26654594661432,0.709276099858312,-0.510928889640646,-0.582096348582461,-0.440943616958541
-1.38624832285245,-0.198184776768886,-1.15519689323994,0.301697201289785,1.52664150722945,0.631944649439394,1.02490715974671,0.883763629977052,0.284388199977496,0.748567360278142
-1.22489745668207,-0.168581024257925,-0.950437967014472,-0.518032170841606,1.77257245937334,2.0832747480544,1.14555012692908,-1.98355701428013,0.109106036873303,-0.698627286057365
-0.74600870442481,-0.54437382249617,0.86289925043134,-1.14006251295734,1.22122300675037,0.241570566253605,-2.16875093683916,-0.974347034352063,-0.409214875098938,-1.004388487594
-1.36858005348802,1.33352815906724,0.535707111270239,-0.687572376514079,-2.83407042053898,1.79709799458568,-1.25815181944807,0.815765148528611,-0.389184400142416,0.492300399379445
-0.752300347369536,-0.955919848569145,0.306473782524948,-1.55161553913895,0.202082127579955,-0.00822263981026701,-1.31860637505071,0.899773939170054,0.914650710333651,0.0659436985168554
-0.376332525968786,-1.41102877753716,0.023439954862797,-0.696170091511572,0.196348436586142,-1.4624896252473,-0.815522537453547,0.659436358628414,0.0805820963104046,0.154365704613664
0.32252204769004,-1.56516096919936,-0.574773397810502,1.92411692732813,0.571798841095927,1.05956390818753,1.03971499757942,0.50421942609579,0.126851475054296,0.734353341769621
0.170479489261023,1.25870917654911,-0.0439241321532777,0.141911138331671,-0.822396156492954,0.924200425664714,-0.433128768893465,-0.529305349915691,-0.0183785990170519,-0.386505446810001
1.26854896227837,-0.703794640438431,0.765216038147819,-1.68233422891093,0.585998641827074,0.51435011802335,0.797617495264306,-1.63810148055379,-0.0794230333006301,-2.40176102850376
-2.2146647482246,1.1625425152276,0.271374082659634,-2.00526352339018,-0.233653228594374,0.340083066261782,-1.60501086500594,0.70879200212202,1.18601165925611,-0.307965547168569
-0.235131747540666,-0.14765723886552,-0.17426043823709,1.75635665646141,0.323704215181426,0.101576005171401,0.569600503049402,1.08032529645266,-0.387342907247102,2.40234317954726
0.499897631402271,-0.619291171347995,1.38781753902173,-1.21903627931661,0.581411747987543,-2.02208073479945,-0.364739740672785,-0.397872831626473,-0.156127846106545,0.465807404689822
-0.84546266897953,0.680145415932685,-2.72383537079007,1.3467998386897,-0.164962628998805,0.329189554347233,-2.08013084796389,0.199841909533382,-0.774721064500833,-0.442803104525449
0.364809868057174,1.18281582968545,0.515560988620303,-1.03651336930396,0.687510044409386,-1.41621983216982,-0.0509665482873899,0.603999170686395,-0.403427445560684,2.03557676219226
1.82169262738267,-0.245768404284563,-0.675416669477538,0.617530129530815,1.16568268365391,-1.14802809233024,0.769096455616727,-1.14202225922378,0.691384920947148,-0.582429437989381
-1.01317582808499,1.89195513746906,0.153069383793222,-0.717951951042174,-0.190820778565298,-1.04778348824036,0.374066862967601,1.4372040910455,-2.28682118092635,-0.418567128554381
1.05706166659924,-1.22859171433725,-0.222969911929373,1.13374853438875,-2.18794035559258,-1.63315335975484,1.06773590378608,-0.408057210573153,-1.02246403761917,1.27464955360529
-1.34138230620185,1.62252717144265,-0.00270456997528912,0.877787909471123,-1.05447379547148,-0.739169290488595,-0.588381645560765,0.648437382440534,-0.464715923825917,-1.54441608544117
-0.278337280203367,0.817033073467377,-0.818372221439226,1.30546652736559,-1.84155389299304,-1.65589781916833,-1.88979434088298,-0.0565238641681842,-1.40627235675059,0.718971683595498
-0.741254406096774,-1.45201444567339,-1.20868722639525,-1.00108235264506,0.945441198502997,-0.205474428454682,-0.0924955317826427,-0.731670143201113,-0.625524285186456,-0.188932283045357
1.40506372749539,1.00357613468107,0.174955393068914,-1.14914895019852,0.667368588475133,0.758724622151806,0.223605345244894,-0.285423698664494,0.0813454654896756,0.834173946132186
0.738597128074566,-0.340528949535012,-0.201171838663891,1.16064871147962,-0.262393022779208,1.51297279449732,0.773109265626909,-0.0121843130020319,-0.694217335424589,-0.175761484360204
-0.419524476134496,-0.771939575833553,0.923378172386352,0.892788416790352,0.67144514733748,1.51907243764013,-0.266756359933371,-1.11181366865009,-0.744291330901834,0.554453180224763
-0.948435348282929,0.241615443160923,-0.355170988133242,0.0331425057541515,0.469965632727221,-0.82915932366599,-0.296369377699125,0.479525566557482,-0.720337294743485,0.358732148029627
-1.07048304536576,0.0473532774484406,0.630172995822374,0.459955301602377,0.28810308315617,-0.10631148466645,-0.628171560274851,-0.368344812699708,-0.396704406775946,-0.586179483685508
1.40978664897107,-0.588542584146681,-0.683350933227344,1.53011473607178,-0.415485317982101,-0.812792276375817,-0.341153787105777,-0.212355987290522,0.686303375059473,-1.11868563223635
-0.184114958790501,0.116379189405493,0.764239495652674,1.21129694988677,0.521939712296543,0.893781255841039,0.0168825457582515,-2.22617883931997,-0.675061762916061,-0.27856099745423
-1.13311183824379,0.452237633163547,-0.00380312031547365,-2.32315822316093,0.7433680174339,-0.716028890361456,0.695011557950306,0.365854611436283,-0.046298055503532,1.15285434022334
0.658964495675593,0.398798466286656,-0.306233103036415,0.170709335547183,-0.929366493459359,-0.969678915306465,-0.0741167532824781,-1.21500402146975,-0.80567073768592,-1.22830247139235
0.177470200578741,-0.459680755028339,-0.808409618372012,0.798657787528855,-0.363777997851498,-0.685997961259741,-0.580989837624833,-0.435470069519478,-1.92142473350266,-0.00153050254695776
-0.180951341696962,-0.102878445735588,-1.20785950331244,1.0053810298957,0.44378979053945,-1.82120654772573,-0.783977775305488,0.571261709199,0.941125746093666,1.02080381402726
-1.58361965604662,0.533835267285345,0.78615168570076,-0.467735584010033,-0.339756973605643,0.968535317451522,0.356528509348073,-0.947759634239619,-0.866045941223948,1.48163723423658
-0.728340718424107,-0.408636319154501,-0.0202163755862031,-0.810170593419219,0.719843077996145,1.37952485124551,0.315712890566747,-0.53258624084877,0.440917212027689,-1.66699204853457
-1.7560580639964,1.15142304004297,-2.09704613831021,0.163487506884716,0.578196343305127,-1.13889147724059,-0.228596534386883,0.335184342963502,-0.676650972446329,0.365485238685172
0.0697753582833876,-1.00207271984833,1.95148630350382,-1.97046397779429,-2.06406196112829,0.656249179791237,0.298169796108703,-1.48924068990792,0.623524690385145,-0.972479184901691
0.688992230383442,0.290321725099343,0.0235550802556639,0.861939754016793,0.942550897287196,0.656733651825082,1.05769092943307,-0.998759885812947,1.67420107215731,-2.70546346408674
-0.00730534198716174,0.569881175756508,-0.399752543115699,-0.120732365403736,-1.59401158373345,-0.136619084338289,-0.483591757908795,-1.46976403889659,1.17155645556776,0.434959887031069
-0.491465574819982,2.64911904785133,0.0255255606565495,-0.0241871997724026,1.57613602151067,0.450682393417156,-2.41363099960187,0.268517220737936,-0.796956269501219,0.246404952745893
1.0996907854164,1.18197628315575,-1.27059483759356,-0.42311497436117,-1.95843767404415,-0.643179147328221,-2.11213649398055,-2.40429239683965,-1.02529654477227,0.897667086918628
0.374213444422612,1.25262098700158,-0.0878105732383591,-2.0010956491434,-1.14483498051087,-0.759216098317364,1.52287062644135,-1.99298642397898,1.81779698066666,-0.979566493001942
0.075022394272798,-0.239071453056825,0.204568376119434,-0.0210365919562922,1.44585517898862,-2.1205687608879,0.674797011387398,1.31863880572433,1.11235456667875,0.343451469403296
-0.612807891247582,-0.238287024064019,-0.203398905042516,0.0168603779809256,1.40314761412453,0.374044563357197,-0.713137172969116,-1.30109774010117,0.736340967015002,-2.53699030216181
0.337809184894678,-0.582443109387314,0.544021263361446,-0.470831971604411,-1.65055310193186,2.14361929067655,-0.171201911091952,-0.591644974725876,1.33469914434347,-1.13036572309517
1.13358378704924,-0.690888373158032,0.0621533177584686,0.544837365488098,-2.02421494809178,-1.08162628297699,0.064657164650188,0.324423566724873,0.429338296067112,0.556764804424931
0.701618171313314,0.670503979961439,0.0844236939818952,0.798841375363064,-2.15803038106567,0.787230575620869,0.334387435971422,-0.282893946215664,0.30075565155038,-0.494161510458831
-2.12238490197865,-0.604945219696975,0.605524614208968,0.97196687593442,0.630375476062901,-0.758601548381021,1.13973825726883,1.444612643082,0.116918165453954,1.22375486987642
0.712068485110285,-0.703806321296126,0.501498495577029,-2.15821505654323,0.945120023172677,0.401858007390969,-1.74640815241645,-0.27900983938282,1.51000179232871,-1.09610713504782
-0.0396473207233589,-0.919671751766557,1.37004645830312,0.723312908506191,-1.72893231314141,-0.123943457477703,0.96810595538263,0.0558882547651682,-0.692363710216283,1.00169783265791
0.47768865619894,-1.0486137824438,-1.57626501333618,-0.093741158621508,-0.191893131408297,-0.000718361277282446,0.0176490891163922,-1.18412597209504,0.145442232139198,-0.295989782044322
-1.44199719068364,0.118416456151608,0.265984231612439,0.867228789728013,-0.668056504745774,0.346714370326537,1.90775691606119,0.618278354726832,-0.159069659793956,-0.867682481489999
-0.317256304690545,2.34873257126004,-0.631522314109385,-0.0532136439961969,-0.386847646758527,0.378237054240539,1.29586542187085,0.27082310461759,0.670171829960783,-0.584061229249423
1.91961184515046,0.277701406079923,-1.07285487186232,2.05143372393016,1.5936340391378,-0.450121361332799,0.301394486345502,0.132821385800563,-1.36390617321559,-1.95327172539362
-0.767760403286085,0.935565080223071,-1.73550403560726,1.05426317714767,0.00498635598826117,-0.71111281460101,-0.599290105661029,-0.277870695691161,-0.648725978943296,0.588122340719272
0.239919027103351,0.651502822516584,1.81409323733614,-1.43780526702676,0.134369530817746,-0.504812941622198,0.415961914840327,-0.478637810619155,-0.971669958742512,-0.329117981280739
1.32082249004332,0.887885031304293,-0.146534939839767,1.41411660164258,-0.35001721859866,-0.454208115909887,-0.132572492684267,-0.694042156447822,-0.388394760774746,0.949221976773682
1.7525096828264,-1.04241620569397,0.989973702113812,-0.552542571256656,0.734239627225815,0.875829347490787,-0.7658536679409,-0.53549342748682,0.259555389354159,-0.759515177536995
-0.534259407929655,-0.689519056125097,-1.02633488885036,-0.0542810502554044,0.203529667117839,0.070319751246726,-1.10082427343583,0.0649157973268861,0.372488335641514,-1.81344267979739
0.11769819958641,-1.37451100970022,-1.06276586811226,-0.118528213553316,-2.19003885017234,1.6786171772977,2.18045185872311,1.20512873603002,-0.979979894677186,-1.57532359242572
0.00907461362268794,0.332709043830036,1.13730077969843,1.0022470944933,0.543823574343835,0.59020961926502,-0.0434968000270172,-0.44089355102052,-2.30693413172903,-0.920201574963123
-0.834474669963,0.512515642560277,0.531573982441001,-1.21523017347892,1.19843426925815,-0.101018596519183,-2.290772784806,1.05335732883895,0.301033438348452,-1.02769425937446
1.19726389394974,-1.73714119568866,0.34148417559214,0.117790381381415,0.955123123966867,0.19878408588252,-0.71455022734796,2.94157246154525,0.0443084892752494,-0.0585410889124467
0.794728999635185,-0.457875933022678,-0.0935414985568678,1.2091873323184,-2.22541033297182,1.81469946489212,0.667465339422911,-1.35527310719108,-0.484760938466594,-0.435502520928478
0.397616091921326,1.44831704433097,-0.564202965293097,0.229431754171618,-0.188244261975541,-0.395209077398679,0.277292822204473,0.361588007342878,0.0990530327208375,-0.0952761553547598
0.342615925221957,-0.437433298407734,0.3757314791551,0.592201956096774,0.425865405288368,-0.70128059085953,1.60441840640805,0.315733703216352,-1.50865273543808,-0.799003671355386
-0.36095069795889,-0.434117527903629,-1.18228963813343,0.477744027751251,-0.33129993326984,-0.0105516309398311,-0.361694334061204,-0.587167186057298,1.28423707510246,-0.584376025426225
1.71546081209378,0.90638866711372,-1.37257078145624,-0.549057053144905,-0.456558922693244,-0.152340701830222,-1.50332122811477,0.269524371189209,-0.676009477063168,1.25524630401676
0.204276876829638,1.3752618744023,0.629706291506938,-0.877642132690052,-1.58731365731826,-0.350833998092869,0.266556225799912,1.06477643304587,-0.626990005074746,0.0219887136337142
-0.77357412076695,-1.50719397323454,-0.642103560935143,0.0631663235960496,1.78003700576449,0.240178001074596,-1.51141312478563,-0.516367442051718,0.61803312568982,0.168786530395717
-1.1927000048071,0.137255491918904,0.382858001078873,-0.0352732966784585,-0.136343494517134,-1.71063835181934,0.674877647861083,1.86391597889388,0.186378190931612,0.816973135925739
-1.03456418405925,-0.890226479842436,-0.0702736673849243,-1.34014629453093,1.0251897791345,0.206964019335254,-0.295279601642862,0.148989271132945,-0.652342654510798,1.0674217885762
-0.838871825018548,-0.732043345921379,0.473659529724293,0.53441796572251,0.698496046562463,-0.0881545606036475,-0.548147658348966,0.564342143453622,-0.438474209972079,-0.949886001434067
-0.550341381687481,-0.192963646165172,-0.758385185803996,-2.88277140951816,-0.31735662203475,-0.775348301245071,-0.143527994611818,1.16136682198179,0.344690434305448,-0.0320342754330139
0.00314622942274842,-0.372294945911963,-0.301170890480445,-0.360489297267418,0.402555502904217,-0.761432176137174,0.927090848718866,0.316940163214468,-0.0979302496292497,0.329546986377838
0.858032718501579,-1.67872624658446,0.48154454500062,-0.632371780042294,-0.726923004693497,0.265891923132015,-0.0272751601744607,0.813398508183785,-0.185782569022004,-0.927549265025763
0.396247191286712,-1.52042049763976,-1.89069944481976,-0.567026530425435,0.0469188334920989,-0.163793790619565,-0.229343601237319,-1.88378114749458,-0.538608659491022,-0.215444473745839
0.0180932648220466,0.0315314906181113,0.39417269820415,-0.203295536725943,-1.05649260370628,-1.70402201173832,-1.65202141722887,1.02699692461772,1.51420114481954,-0.467005125765344
-0.35670253608136,-0.386120482010742,-0.757584488122532,0.613931188843108,1.20589070038544,-0.325192630074378,0.131895911557035,0.854436247816929,-0.217734345754153,0.742897265735515
-1.28964762865097,-0.311618838847408,-0.365403337634992,0.4808931044317,0.837453944965063,0.907375433281001,0.389099941050686,0.481503096400216,-0.948996055067198,-0.177172141789353
-0.83899144573985,0.446419569842906,-0.499426202507255,0.484912752559049,0.717145931977653,-1.5813402549236,0.312542099243035,-0.818264585350373,0.56121570020509,-1.18937377130769
0.290201659516152,-0.801794803155775,0.713381207916995,0.374164846594147,-0.727244145971467,0.383842069455646,-1.59894017617482,0.625742399057218,-0.172948955775159,-0.876467678295207
-0.289602918743786,-2.0340335185989,0.169267174662822,-1.6113534368888,0.561179097198108,1.05987698470489,0.287167339126111,-1.23450638440617,-0.633198583107464,-0.0154567483493381
0.575673497782979,-1.01945288821842,0.246372475395683,0.211601210056364,1.16651856235147,1.19414405935046,0.505551496933669,-1.53789673272333,-0.185522325133749,0.404360782231274
-2.22357418926606,-0.639616291420348,0.213998257083275,1.05761448259014,-1.5719423341607,0.997576300988825,-0.73285922494984,-2.39528699747893,1.34357960789098,0.368394045234661
-1.41725028623443,1.17388918149064,0.870818677033894,1.07934694861641,-1.85186357166767,-0.658982639125529,-0.364929818077044,1.98656970621787,-0.0173653756424504,0.930687887795024
0.687573587007901,-1.03622915625537,0.64077641037851,-0.263624771448448,0.0593915439639338,0.271843945412952,-0.782532898711972,0.242118537008082,0.956434515201529,-1.38730555075396
1.32280899586127,-0.204758639540757,-0.0910600269121631,-0.88593924924401,-1.51822063215628,0.0463638196076865,-0.752925315956314,-1.68762678260844,2.53788772716964,1.31846402796763
0.928452005753414,-2.76615968814329,-1.19819955502356,-0.937442769467437,0.016006112884633,0.967480299866016,1.1393796934,0.867017636726232,-0.268129115992767,-1.32022723197405
0.53322279207688,0.0465985431353155,-0.585658448392069,1.51935400343981,0.0505192848858455,0.627515229672413,-0.545674157646117,0.372858076674357,-1.42370038074489,-0.863038934957949
1.12590586554392,-0.353324557934891,0.858580846537291,0.446603749195539,0.965974272367012,-0.20721450947248,-0.473425997335182,0.859222246134126,0.453865145997841,-1.82294708938597
0.692218065059183,-1.02100658556074,0.645970530355958,1.407835299083,0.642998187074402,-1.13419265430598,-0.814282716008231,-0.786705502552623,0.0466853082310242,-1.3286415003049
0.703359179173415,0.518021798509974,-1.9629455452114,1.03274772832502,-3.018286732136,0.645309303872214,-2.3853539086921,0.23568477176219,1.15644755911233,-0.281586296984623
1.5822020131768,-1.73041402909614,-0.88866336944423,0.605850659412136,-0.2508438896702,-0.557972931684502,1.20143748539012,0.519725074539057,0.118489622794329,-0.0751325737116797
-0.0986858664892286,0.454353173318338,-0.0102083164581689,-0.0205701964612685,-0.710622135127724,-1.04340802771901,-0.636576374018193,0.549821159617664,0.418615175355107,-1.01956605093534
0.332854286271758,-0.982827482507845,-0.919866252328175,-0.203107238172921,0.0969771324889045,0.962436658230414,-0.80953314554232,0.557788627637152,0.371360453376273,-0.200322534715136
-0.0701338933032071,-1.9991640064426,1.13615846434205,0.587208760203576,1.64896548444195,0.731358117331969,0.786852504183945,-0.109393357591622,1.42237739631484,-0.597157298046881
-0.496627759303033,-1.47472322735206,1.93163334631483,0.016270144534756,0.630540599732068,0.976253802960977,1.46362504921141,-1.46367946967774,1.73256251381531,-0.362989080233283
0.521578442822002,-1.00843568330549,0.266385210823552,-0.529055639138338,-0.347143185408324,-0.351429870395363,0.275350234146739,0.530695427059821,1.613497815384,-0.142652253392808
1.06731704105652,-1.22907920760613,-0.109741009898434,-0.683651281215764,0.458249662248113,-0.132991704903029,-0.439093005297112,0.572853092019154,0.218982116331182,-0.339914575478738
0.169017372639525,-0.470371980203,-1.17246184209366,0.232467424318846,-1.48859095918581,-0.405422260351996,0.857322284428261,-1.72952112933765,-1.15447467340114,0.0516527105607807
-0.106619950066443,2.12275551046146,0.411223614731401,-1.77906889450347,0.705653118655801,-0.764495718946143,0.20035667604505,-0.46644194395201,-2.81077423930749,0.764037582351278
-1.20721311735998,1.23693332888751,0.949609473139331,1.54786911478465,-1.43200216780074,-0.16557553582112,-1.79001097111423,-1.0267167565385,-0.0706879994941598,-0.968822227803299
-1.79596421820245,-1.01957458657332,0.458504093422766,0.705040212178151,-0.709652551722753,0.58171137486724,0.247590214553239,-0.152194996571888,-0.46389366281286,1.87156598875247
1.28321810696845,-0.411324453512632,-1.42030525632366,0.701129071381801,0.163045836864054,0.956728848350253,-1.3797207020184,-0.89104775780186,1.19058812110234,-0.247103715061892
0.495810184833688,-0.929160303136712,0.0493173228954622,1.02847240703047,1.28014059180482,0.46022954694643,-1.12407369238111,-0.844914679389332,-0.460620882466865,-1.38858907957298
0.18898763446778,-1.00136503144157,-1.35766172715083,-0.416918855105255,1.34204071330641,0.832192624917082,0.36407494537911,-0.347389030921383,0.504549439394552,-0.119350326936552
0.32201376428263,0.993968125377617,0.262775376133295,-0.480482858231095,0.0995767138844041,-0.011339355579542,-0.103810224111476,-0.587528782426923,0.576265028960864,-0.603409172267205
0.29088021942883,0.127799594343698,0.15026765793979,-0.586787799611445,-1.32755536634035,-1.42992073302602,0.00294551389210355,0.313651046137743,-1.2301884496719,-0.0784961783493882
1.05583308517617,0.0694557896692085,-0.697373539312355,-1.90766321663883,-0.0964276954115461,0.303992437790865,0.115138542369016,1.94935208172584,-0.0414874341973564,-1.13058987788923
0.370012228146602,0.374372019944782,-0.13445109396693,-0.142900557195963,2.0930850589846,1.34556593967261,0.496014297710359,0.405389133166465,1.69063009406087,0.258867967749101
-0.421051382241923,-0.30887803125947,-0.18428585174006,-2.1195675726555,0.656400753480613,1.42675216897001,0.529677509044414,-0.790568308887018,0.796460728743901,0.31320263917593
-1.74418274446349,-1.08938777862478,0.425553347980908,1.0753158199123,1.16143733671,0.194563148582275,0.655021884807274,1.98022919974564,0.0949523050365672,-0.0159701228519399
0.347392538975407,0.242883563014059,-0.232514367787639,0.684141347217402,2.53281184055199,0.452849073171773,-0.422149048046536,-0.181941951628067,-0.0813864929625783,0.878708126543269
-0.421062625568843,2.40951980832376,-0.0581927139646322,-0.595672473830745,-0.998568041322072,-1.60489759833725,0.676236469935362,0.976678384262734,-1.20329259399528,2.06062019958105
-1.28517428787261,1.34650843168448,-0.00435069135838909,-0.39707727211347,-0.620041805432506,1.8100680733681,-0.775641930545071,0.0979302017413477,-1.06370196382599,1.33727392950277
0.817400661286222,0.642141253010415,0.363794233310149,-0.454292871037925,0.349627593319796,-0.263311780256504,-0.300309336219991,0.53434363619729,-0.17351670287034,-0.918189498187275
-0.665136512371752,-0.291296777190829,-0.154239076755385,0.758785590011445,0.181266847851643,1.2266706379057,0.684383615426197,-0.0459495820993848,-1.79784404746927,0.639758254742797
0.603120809352292,-0.136005863979404,-0.275829270092555,0.0179074108919255,1.30209759798563,1.12541691371353,2.03597978750865,0.572814567250956,-0.705965600481881,-0.585879686013652
0.489522587348348,-1.92511158210704,-1.44956003486278,-2.30907224415452,0.401719646655261,0.198053088570427,0.419693546134829,1.31405802414,0.674114893906838,-0.24599253300998
0.0167602817091078,-0.565074420694585,0.41616614322892,-1.11112015004136,-1.39677324664218,-1.42474721327069,-1.13923437368774,0.529886952143282,-0.0180457304613852,0.0512296358287547
-0.115241369769911,0.532350664580903,2.26756309352147,-1.19738255039709,0.432483212643438,-0.0991567389410355,0.539518856598525,0.736626017401305,0.270860730272415,-0.0155063919285729
0.693701816017689,0.850705206260957,2.34105559656534,-1.87937026022048,0.214106658129887,0.314588074866543,1.57745901815616,0.286643986202543,0.0685112776146833,-0.439773603489819
0.396660640041595,0.79570930502861,0.300197044516678,0.687733943904347,0.561687134426584,-1.99232144123665,-0.675428400904296,0.76320580491639,2.47919181442733,1.47128640063807
0.105968286621987,-0.0669756719323896,0.588364590943357,0.181087274958489,0.0423475671246761,-0.81151376236741,0.153256690058288,1.63204976142193,-1.07262525967353,1.15492379170071
-0.428794423559337,0.037148008340007,0.341715764118781,0.363804580546166,0.248765631428126,-0.758308715292445,0.283185312504653,0.285816850222191,-0.33035699315026,1.51099233673736
-1.27835976819509,-1.76902863343323,-0.301681782653514,1.71218603134159,1.66625648023181,-0.173954596510397,-1.39099623024479,-0.714032698811799,-0.443332817397919,-0.343350438523551
-0.178066152495122,0.852971115667785,0.140263361906737,-0.908773245682235,1.77438208095106,0.028336391750338,1.34287484352471,-0.165255933087795,-2.13915029389225,0.709439466584033
-1.41296008241024,-0.0384203740825013,1.03125391622896,1.69082738758262,1.25743800559691,1.32723857079438,0.209631847850068,0.310904993802595,1.70115404921609,1.30848810339176
0.0924570326665264,0.877737372736734,0.0170030228366944,-0.392661349864316,-0.081059265428288,0.297899322994277,0.390597251458728,-0.4081738353102,-1.12423141178143,0.760300662911156
0.185040855860088,0.704428300150525,0.123975333506313,0.345570949751201,0.0212656836460939,0.162442004795853,-1.24551552847278,-0.8361456759368,2.52896350225665,0.901027575636575
0.260704148542686,-0.709738120124813,0.347216584115477,2.212206377651,1.12634529281597,0.27098460088458,0.58532412507075,-0.611029266179132,1.27651928862912,-0.151518778504195
0.00600216933538436,-1.86583685456246,-1.49345909813804,-0.406765880693819,-1.28791515209956,1.30723891262975,1.87131814847312,-0.0505386128805399,-1.81466496599472,-0.994720874982862
0.278520745760791,0.904708080285907,0.078112500209953,-2.48320839323443,-0.55234756604655,0.984838429613191,0.432935202763802,-0.115253706016994,-0.606289852861617,-0.145874069099822
-0.0380751361931145,0.349540467877863,0.0812502388067204,-0.317209959445423,-0.387914342100532,-0.0392627332682107,-1.11575774430379,-0.156741600522606,1.00152620263265,0.0455727943650361
1.83858623938359,-1.07024726410197,-0.851525212376304,-1.07835617179495,2.17843763738942,-1.12690016900655,-1.8856227025984,1.23131942952706,-0.169616985907223,-1.10119167213373
0.0433490058149909,0.0862761317967375,-0.49781946247259,-0.182607480047965,0.302425610411833,0.273091643390548,-0.0699592761104028,-0.830119609655572,0.0294601312003598,0.794894263067524
-0.485937308330834,-0.395016838179732,1.51063671972082,0.621318739880903,0.0992642823873725,0.266108084952376,-0.150609170313838,0.0001393849254009,0.126400349166699,-0.397361258229467
1.71806274763319,0.315360663601352,-0.385765313493646,0.409921051178601,-0.148006248179452,-0.0693207078935508,-1.34303861857658,0.496874183630273,1.06249306210472,-0.62302427297557
1.33007617579568,0.0734275771082815,-0.182985987955122,-0.598329370766997,1.74857876016603,0.0217230905889245,0.51963902767588,-0.453604326411929,0.446500010556047,-0.137292298916039
0.678650926220561,-0.0364146233375995,0.374414290977334,-0.230126046407688,-1.93446523118848,-0.278800389509861,-0.378551907856029,-1.15029667422825,0.833797074892488,-0.304680061964815
-0.221854545082038,0.25350824360401,1.69176289757392,0.723589064358083,0.584746228517024,-1.21589529019156,-0.886110511369934,-1.28880100042373,-0.181981635327757,-0.0564745663748403
-1.31458682490688,1.99392456921031,0.748843863205138,-1.2857579120368,-0.409822926575253,-1.8904451485548,0.0301279813817851,0.918885246568458,-1.72995031649404,1.86765391376323
0.0822476504494827,0.397547295263741,0.293692564147489,-0.705565303338108,-0.366881849646962,0.548994038363235,-1.29359114322458,0.751619836289937,-1.30389190975947,0.194503099952792
0.531823265853636,-0.746832332478306,-0.19090326034075,1.02251283498553,-0.526397799722056,-0.454059562677932,-0.326700591835418,1.561253710238,0.847656183634528,-0.098649387911932
1.42983927903622,1.06104085995504,-0.64020613788301,0.605909861739448,0.799960124315144,-0.741435330314239,-1.03226984515748,1.04607749062248,-0.527457396877898,0.155518241979806
0.743599955629529,0.0122611693323129,-0.657318689069087,1.5397991704807,1.23106539695183,-1.55736515336208,0.420880588648771,1.57682294419968,-1.88382908131464,1.47436936715771
2.34394040686249,-0.0340703373220515,0.939872655427112,0.208224186737257,0.523441276595542,-0.743159199057118,0.30685954851145,0.18796443587556,0.993378740504545,-0.10784083265878
1.14734321355776,0.425307941984041,-0.880819807185663,1.54077186959167,0.798366901853131,-1.39800295860496,0.0761524776967281,-0.389662728356158,-0.0461400806381105,-0.719486240508524
0.224326070094037,-1.12315071661035,1.00366582449356,0.406160298303555,0.170978246519528,0.906454254398418,-0.0731671849952953,-0.0660290066334807,-0.672032038821822,1.37475540179298
-0.125597956113012,0.470455975045314,0.241300569038273,0.720156020960938,0.447522946571768,-0.397497023811967,-0.549105416846267,-0.622947524135425,-2.14707770252455,-1.07375167378268
2.5023050342917,0.385079684083986,-0.347440173922355,-1.63263689469836,-1.34019879765105,0.809081394375953,-0.579877958984961,-0.414049605259412,-0.539034280936336,-2.31610009135579
0.480390098435379,-0.11159408292016,0.660241215859853,-0.5895198994749,0.901195088773386,-0.956107207306404,1.10472181320609,2.74058188507819,0.392616698743434,-0.72569745455645
0.766202843070866,-0.102887062866451,-3.41095832903065,-0.04349924732005,-0.698095525694089,-0.117829219874705,0.430573006187496,-0.430326170454791,-0.0184346572084933,1.17412539169154
0.273777531444823,-1.53061289914262,-1.68454008728874,0.754551830320279,0.732282845048878,0.131041796883723,-0.0875820829215096,-0.325172688411023,0.490234439640953,0.231752438820194
1.44637604182633,-1.26940776057893,-0.346380766969736,0.630660697665742,1.33008359899506,-0.928290548934514,0.58294691906607,0.124814589502325,0.699769953422345,1.08491264923417
0.0793124696417977,-1.39744257300171,0.637845762852504,-0.702985337454811,1.88674881557505,0.29055200035163,-0.0572164981367725,0.34597769860181,-0.596682385552355,-0.818970969869686
0.953979785426162,0.442177431775959,1.28815567728268,-1.00361688761492,-0.106888086045507,0.287829710866219,0.692361134175297,0.644325385058188,0.596903882790931,1.4254665800866
-0.566798063665004,-0.726003959707629,-0.190651335787659,-0.554001841053914,0.346945451804856,-0.961226491626219,-0.545691704173431,0.568474319359457,-0.248318746083558,-0.534603925414074
-0.990313065047191,0.333106690172956,0.411630175586296,1.32659678119947,0.266042211691671,0.796044609541914,-1.83713784528656,1.17249860212683,-1.76704896462973,0.533640895933567
-0.616764942565625,0.140057103199994,-0.27415622628559,-0.425165292060419,-0.549920549232191,0.33860679801124,-0.819904356600984,-1.60549981065855,-0.769700637299464,-0.72726221435803
-0.359733368959534,0.742120797895894,-0.236128909050684,-0.751343970352842,-0.442919717627252,-0.593535784755093,0.70654084863101,0.408562235899053,-1.20349436549103,-0.273716596166304
0.417672930317881,0.0902099571324315,0.995728047312988,1.06713630140816,0.594400375099673,1.12137986767497,-3.01184456508409,-0.804426390596077,-0.0527584727782216,-1.84366067167212
-0.867183844701275,-0.168338598538414,-0.772116138664049,-0.743970742487963,-1.12691818297058,0.914759421276299,0.870847870625326,0.138635670451673,-0.938628721173693,0.282909620448585
-0.57102305954626,0.229177056762841,1.2338324328269,0.255414612273026,0.17266195331612,-0.203725805275089,-0.673680338798056,-0.826990888638994,-0.581674148199723,1.23899670278472
0.420736296033163,-1.45455389765361,0.853739480280543,0.651885204202762,-0.373698415511567,1.73299674292913,1.46075370513385,-0.850240550093052,-0.424993805161346,-1.5137735440292
-0.246035322774953,0.059071191467923,-0.23742287484087,1.00894448009484,-0.567333038889819,-0.573762448816719,-1.136789956876,-0.89769496021184,-0.430100874710725,0.101546930653081
-0.0846522413211046,0.091776370914848,1.53311384528883,0.180138263769784,-0.94109827537472,-0.939151238570126,-0.558049931145017,0.163716001887155,-1.85566578417108,0.245734054862657
-0.120213886778693,0.0974161216512825,0.21725865979743,1.8902111699967,-1.06768792682643,0.619424940610213,-0.434546647599638,0.38674435000562,-0.054751704079282,-1.89971573188386
0.545489320686153,0.318463203590145,-0.307380907714764,-0.454629831006282,-0.334057297617365,0.396186931407776,2.30663284688808,-1.18032158564401,-0.915740705677081,0.641059789550016
0.215039428803873,-2.21086497097583,-0.827123947737221,0.349322595187441,0.763912724144486,-0.396499104429296,1.77892037602447,-1.56222991248095,-0.807340798952232,-0.277025401541097
1.44803163749153,-0.565696137494266,-0.24539974071177,1.2598871624267,0.864088579352769,2.26584100142222,-1.02887386473307,-1.95940285923456,-0.504017795150458,-0.784085763453443
1.60820849416454,1.00026347876279,-0.743681884829983,-1.74704529692096,-2.14986052550577,0.00399516762850655,1.52965103253301,1.20288726798678,1.21319197523495,0.841264624387238
0.433276293611846,0.0446680308164906,0.842204344848473,-1.13561605267028,-0.489138148910512,-0.0377557995866988,-1.50805245933269,0.545338593062087,0.791406253552409,1.24139227832773
0.754160519373759,-0.31315988852323,1.96487407555417,-0.95782249090398,-0.431808639002497,1.90409458009156,0.30075911909427,-0.272301949166981,1.75941388739835,-2.16656956801364
0.891448990406826,-0.306485701100446,0.325464061780177,0.773516560786315,-0.36310807008632,-0.0261613915523961,0.874121842937133,0.342969196202561,1.48289192762439,1.35515018366046
0.742512400709306,0.96279025830554,0.143563294055532,-0.0931203864895082,-0.338748581774189,-0.0201291085759043,-1.1160087852875,1.1658551319712,-1.91926400371473,-0.145067706558354
0.345233232467859,-0.124899911884877,0.547650140439322,-1.63056361324437,0.543672272720574,1.39113642493257,0.495681525150274,-0.415101487076272,0.283239202644256,-0.704697508223461
0.439256188145343,2.43704528943085,0.686900409590772,0.0246164008896254,0.00387575748860976,-0.352873558032662,-0.978338365268031,-0.687049488209265,1.285494880897,0.693424057025215
-0.0862178064292302,1.2217954390707,-1.09703584487959,-0.292212716204189,0.520761201620869,0.62418599204538,0.39316423672381,-1.19223172146746,0.569105862881238,0.0654644460078506
-0.403571166186892,1.15657437883121,0.0227974620802975,0.249853605746649,-0.344486710632716,-0.183282874134128,0.229638582491552,1.70871097210399,-0.674594071053638,0.659875236151649
0.701440782446488,0.914825315599944,-0.108312001286419,0.062807267693528,-1.34151926082702,2.04594829121656,-0.189950516677738,1.62513398438752,0.0333246954324316,-1.38593475045492
-1.24044029585299,0.355990456126421,-0.251750276119914,-0.418876604301063,-1.76532669149254,-0.110219567662835,1.32387541262867,-1.13412683070835,0.728906294856645,0.176682884286921
-0.0593521766715658,-1.08107495464714,-0.285436697052402,-1.43524102210895,2.11408168729782,-0.89923962648295,-0.0799802502600713,-1.54934671403213,-1.02784271457217,-1.13896071605204
-0.314362959468091,1.80204313783116,-0.780229670402112,0.767900048115391,0.588218693983491,-0.529319903846459,1.17629975758908,-0.0248526725826831,-0.398647218644652,1.02530395979275
0.256163063519507,-0.426288142680351,0.526710963505628,-0.777005759346323,0.404428891789269,-0.567194708242459,-0.347597704982218,1.15377237241406,-1.21536006924061,-0.180160946376428
0.372235251183758,-0.28171459203648,0.410520588304894,-0.848440825554908,0.0534967751771886,-0.0869784321278469,-0.668044772745578,-1.90965618437304,0.0454974307698386,0.968116553845801
-1.19068474243934,0.928447576653101,-0.422350744255331,-0.282159967457736,-0.687611668911204,-0.74269305637573,0.156084912604496,0.682343995376555,2.2130036636542,-0.199575494650981
-1.61317876393855,0.725639028900577,0.94247335500187,1.28395552131501,-1.47954574097593,-1.01699090267324,-0.423594391534842,0.483781511271674,-0.98616568689123,0.653274089946029
-1.50597697450319,-1.62671335049249,1.23041347935441,-0.516801897573187,1.30339894305928,-0.007866713118572,-0.0892722704844393,2.76184366637156,-0.472888027138598,0.879955028513005
0.612402406261145,-2.70867509966175,-1.52299150552702,0.924952009504079,1.21264438987505,0.791104940289133,0.0375579352496182,3.0174458593562,2.34412451902739,-0.175248209682898
1.19796571162543,-0.916006783765578,-1.09418010863799,-1.39206780865123,0.298069502637713,-1.52969153559,0.378354639051351,1.80496725952634,0.527662545597731,1.18550056360916
0.112783130000245,0.0840792530905898,-1.43161931217383,-1.9848526997726,3.8691324703895,0.905692575821304,-0.370615267758921,0.138928420387827,0.546439960821373,0.0689060968442208
-1.71429798692071,1.31177284643713,2.29571815265663,1.07336086304052,-1.60426227924161,-0.0794841157468544,0.144725371535795,-1.07884176172841,0.484540509806843,-0.0748736334659334
0.832392815712595,1.05340450670957,1.19414889222595,-0.763947708288296,-1.66322781345524,1.38705896663112,-1.67655281767657,-0.913178979396605,-3.02004339042133,-0.681074568011732
-0.352240885575593,2.27032983729764,-0.597499654641325,-0.464141167125427,-1.13681093570373,-0.948775969855668,0.245435318704511,0.862329215104569,-1.7877138466851,0.15482104092081
-0.217107609316511,1.52494838677503,0.591232940725812,1.55172516158709,-1.33442023834547,0.338597016464585,1.78074702732554,0.738905081436137,-0.150051805803526,-0.270863320473323
-1.97433371319535,1.13649897140789,2.16854287189071,1.85820526142724,0.590484510762258,-0.3942174375753,1.36002105906813,0.427485932595315,2.2516180554974,0.551658313292105
-0.197440222038845,-1.15414886343183,0.0674418394847736,0.0124275215726451,1.39547790201733,-0.660279573074563,-0.041750095708017,0.0901717212385448,-0.0223465861568055,-0.195700975962084
-0.233993030203954,0.610995902203377,-0.129075337418604,-1.46484521002075,1.28425365599409,0.841973316144555,-1.84670027816085,-0.73660121104366,1.05593998250842,-1.62393582030294
0.370195822241949,-0.561713517408501,-1.75573310737153,1.5249896880437,0.428273235082702,-0.040383056073558,0.0497643842519232,-0.237893309063384,0.580337871057929,1.32838066270276
-0.156202941428688,0.31378879885823,2.31810188175975,-1.01858274102894,0.597068424304714,0.409581599008487,-0.510555213898662,1.16609722157807,-0.73406135012783,-0.499187525813778
-0.197776281726451,-0.566460774192919,1.10192701543273,-0.256878941317874,1.95935917160581,0.379969178085857,-2.20867206628578,0.646565605415035,-1.60540794097041,-0.125365658202715
0.35977990122395,0.475514168829877,0.98234002454081,-1.21233248681133,1.70545461698588,1.37887351268605,0.847211947611687,0.0408781805155442,0.232009018195912,1.33058596848227
0.596128162915026,-0.269262733431774,1.85958668573212,0.231829310631077,-1.06364917100741,0.10515600010552,-0.482738765529446,-0.355223371819407,0.084684593839453,-1.57934089096766
0.137747903412532,0.217000549287016,-0.273732391715974,0.334937075474067,-0.417768116302482,-0.365677492703857,0.878899713127542,-0.75568613590439,0.764364285252497,-0.548755003182409
0.845032769074199,-0.897535845854851,0.412939849220532,-1.21790489092026,1.80460057326862,-1.02717901567337,0.26926727548812,-1.35174409882488,0.0927137905145402,2.52355047379667
2.02256094457239,1.14042304176919,0.143297077885506,-0.947332923989076,-2.24951580963246,0.0296636077421565,-1.28657476492377,-0.782728928380802,1.20123779621885,-0.641265180105458
-0.987442706494837,0.404988399291357,-0.412985731980126,-0.611430610784464,0.184740585739021,-1.45576736319845,-0.18271914517108,1.53949305829829,0.231797321369215,0.229973129086917
0.0978626888963566,0.70789880876403,0.467655138205332,1.78597801345678,-0.805971954269093,3.02532364527201,-0.0296904980696423,-0.787814433946401,-0.968964654922243,-1.85966855680083
0.268512610956072,-0.207208935085035,-1.44719595823146,0.33827928336767,0.106472359485889,-1.19663222384329,-0.709974996798038,-1.5851074045972,0.587535142167909,-1.80366244719054
-0.874234609096208,-1.75222175481991,-1.34764436772548,-1.03574152272519,1.85110129314276,1.12432214703407,1.20305848631334,0.0297726479936253,-0.537567961212095,0.0875165140796873
-1.00870395872802,-0.169580898058898,1.23425974870116,0.511712392913358,1.20146616354474,-1.18976339946335,-0.545085074022611,1.27912509831029,0.297933302157051,1.2759701430556
-1.98104633988483,1.58706231646464,-0.343887940433545,0.307338314431777,0.829270895265179,0.880911162710211,0.661004668608731,1.03737880991897,0.368969109717255,-0.197691997526462
0.653177663933817,0.224849308762894,0.749296723408103,-0.0204306153308999,0.0446730810406614,0.395700287681504,-0.864163963960013,0.00582205500665785,-1.68667742078933,0.0935848635415048
0.244035613275389,0.0146523324754984,-1.05815565521359,-0.346807047586019,-1.06031924353427,0.854397481187928,1.22247090018607,0.345419401313271,-0.45119115714858,-0.202826025813168
1.37142479630404,0.681376003969917,0.587224222486321,-1.30115011196713,-0.850471475305697,-1.11700063541137,0.62537888612207,0.593821453392443,1.10390086857142,0.198970306219017
0.681145622426033,0.159569805746948,1.1953936820615,0.928453170473055,0.370070540300659,0.360846706323616,-1.15713906378537,-0.556995226354873,-0.125825216983101,-0.15403067557686
1.07541674015158,-0.176908325356587,0.759014232073414,-1.67230222200564,-1.39511053456706,0.731083862651636,-0.983554692484268,1.0157600877445,1.09522214520125,-2.14973857246549
0.471624265508477,-0.43085425619706,-0.357179510736379,0.749888058576395,-1.33496581014242,1.26116131367705,-0.171383047526903,2.03529497839014,1.88402749319667,1.42766456555633
-0.512151798959447,0.34018150276474,0.553501447265217,-1.63138425444772,1.37901595561567,1.63141803173643,1.37593060476825,0.551191915581196,-0.12209982426375,-0.219954129907954
-0.128550847176353,-0.934562988257286,-0.981970587772848,-1.11069767239879,-0.127436472692651,0.3860499782995,-1.00105382561426,-0.306269349999785,-0.353699261681494,0.736824871426885
-0.0332229234256266,-0.24418712794003,0.73737194692491,0.795152714045932,0.933114582088166,-0.61974649538019,-1.01864196684319,-0.167463828047424,0.809707785413435,0.0918021429522834
1.05985932836315,0.572377240658163,-2.09965241761696,-1.10965148368003,0.564369687530174,-0.173371533954479,-1.75132546683889,1.62899299475349,-1.19705086377264,-0.459882743396561
1.59015397542323,-1.21150173298473,-1.05250206257132,0.986403389495724,-1.28649200050608,-0.924099859041372,0.725345720025055,-1.64477624241696,1.34574849570549,1.74046344028809
-1.53754007148715,-0.480251721957821,0.189274856210379,-0.614508165866471,-2.12694989883184,1.714623920422,1.09772557524974,0.343468349267347,1.27310250168567,1.19579318643068
-0.389590949776248,-0.0939542243713261,-2.46659140254743,0.835890043666645,-1.63881674274721,0.730474004477515,2.67069822136249,0.553130738669416,0.116658095686402,0.523094608021635
-0.511217475434791,-0.704803722142611,-0.339611973057192,-2.05201889137949,0.723428777714821,-0.353339544131181,1.8103799780732,2.57834378956682,-0.475629782938213,-0.0389226059328086
0.495221494036549,-0.280710531967509,-0.477974239651517,0.12953019647188,0.382751975798492,-0.0145287929417602,0.02457569596102,-0.941085457911296,-0.122293284051329,-1.13302949079412
0.144914951217017,-1.2033340210302,-0.520988963222389,-1.89894626969761,-0.316238794626656,-0.400963949199072,-1.02869247253539,-0.353354293841142,1.5751226938328,-0.596704747526341
1.44708633027036,-0.504325779082388,-0.766791575417082,-1.12415966208567,1.01624279744052,1.52979598896371,0.434006720605971,-0.384257252761918,1.0097549374575,-0.683723712265509
0.49049534750845,1.10501446261964,-0.167160199122346,1.53386149763112,-1.46087430129183,-2.06091551166914,-0.728180546670299,0.870260473726904,-0.423600469978821,-0.875256768233117
1.04921863070805,-0.672231271909182,-1.67143901835321,0.647223656244545,0.326860484698258,0.177317360499909,-0.734162436231854,-0.836723629812448,-0.107321732598507,0.486464867568125
0.266488488000634,-0.0370189948443294,-0.48200881366242,0.485698494170044,-0.111794456097272,-1.18652605921294,0.375958163486917,0.547578381852436,-1.20810520552037,0.101781511584891
-1.50626916700367,0.520881047155289,-0.000854615971233389,-1.22459053062412,-0.413024859806949,-1.33290611712003,-1.90705811908959,-0.06367229606089,0.49314019261393,-0.29111361362297
0.796500013664224,-1.41746631144351,0.699426227989184,0.406730559503595,-0.307432047002907,-1.4546616822121,-0.6159782645253,1.06451942236755,1.99798438529962,0.634177236533324
-0.0760495592342577,-0.376713566628794,-0.110312346779141,-0.929379439476556,0.873678782267865,1.81819605643987,0.148540025565842,-0.761302823697895,1.03595473523075,-0.948769280769999
0.68147486456895,-1.48547448661441,-0.564554111081038,-0.361100372326095,0.189300779605639,0.394220908046612,0.179156114315892,0.461860625367119,1.38090750491117,1.07687673270218
0.826076773110475,0.409517784130216,-1.07383555902432,-0.888987843568855,0.393354712387337,-0.40151753498794,-1.67669411419618,-1.2219675391862,0.398661126863108,0.148709677300738
-2.01163806991803,2.37621481302348,-0.137489335372969,1.10340797195322,-1.02365237889913,-1.81475274119889,-0.668478495495002,0.259879853447874,-0.061314968218529,-0.0457977980198879
0.472601271916376,0.812723224903578,-2.33303241109358,0.218028294232367,0.182808494668576,-1.06632071303399,-0.657039181596103,2.00510698473999,0.337344750159923,-0.571827883876893
0.150344195708772,-0.101143634668201,-0.471833380564987,-1.11301649946313,-1.22331775303304,-0.285954273994639,0.610169762015624,-0.60487385200373,1.53207692172276,-0.202173110007196
-0.507876716883042,1.43270855171689,-0.0342518363744906,-0.256102469516038,0.193678462602682,-1.18851716859262,-1.65938302599092,-0.636281900554055,-2.03089467188457,-1.10400365621946
-0.90307533065903,0.493378877151634,-1.19730835458924,3.07444342235883,-0.325473761965706,1.1864019706209,-0.920122173978984,-0.250164548211556,-1.61500263521637,0.11326340066182
-1.10103229045281,-0.919754433364191,-0.698542499526965,1.53359050691373,0.0226634160195237,-0.121561011066645,1.7667295451129,-0.213552713914059,0.0012475799902879,0.593858780432985
-0.788722971395477,-1.07986518595689,0.953353289697501,0.462194681901944,0.278845948779741,0.572636470144885,0.498668447893841,0.0859820196007732,1.41184201207287,-2.83104031906084
-0.728614883068315,0.216802122321793,-0.436650266901802,0.88766116388651,-1.31557232143371,1.78426739239439,0.506170596109199,0.503305919434563,0.511118265178228,-0.902508518072355
-0.30539905633042,-0.341896224663072,0.431626578507842,0.120085752196848,-0.479253895951745,-0.375383787282113,0.100036002568535,-1.05166125980551,-0.758502700057486,0.823856140470255
1.29012663551572,-2.03306555942924,0.545250458143896,0.830884694547258,0.159371604811479,0.882919633593489,2.02976589202026,-0.00697959840368201,0.0048875030207358,-0.33293725113777
0.759715847077198,-1.50032540368591,-0.565168133079152,0.441851056806003,-0.0521418870856643,1.64663521120981,0.117123914385766,0.567621534149535,-1.25759344943042,1.81056574017679
-0.580920374770466,1.28624855062564,0.624311827381525,-0.166693021008649,-1.36611969585749,0.610418907601827,1.54552644158141,0.873324500285143,-0.132660222953445,-0.789913375571086
1.61807263390679,-1.64629944778521,-0.758577099411389,1.73033822917803,0.879558433299272,0.523484903364327,-0.485696728243245,-0.409385211097028,2.29019014381212,-1.47727158188184
-3.58552683548982,2.05020648570306,-1.03671708817819,1.98450197944614,-0.296582411053447,1.00792981743494,-1.23085296820269,1.31746686250548,1.315061764278,0.125294133914074
-0.435232769200276,1.44191988714289,-0.430754592120596,0.472956282107395,-0.513829209298709,-0.355804467426548,-2.25558302662053,0.611635066241352,0.243934110634077,0.191477997640221
-0.359373423838343,0.432326459016357,-0.366697997259136,-0.203244098214058,-0.669265193164983,-0.882397293598389,0.734834728468277,0.953414271465097,-0.79569499690627,-1.41713655466856
0.227306826457659,-1.01851155559728,-0.784188217043438,1.20393846349189,-0.770976854816759,-0.68768692298934,1.99655364405307,0.40526913637646,-1.01316810655621,-1.04099094499205
-1.07744985051983,0.375062798575238,-2.50757030550696,-1.61122602909453,-0.989409739540872,1.16269026814904,-0.983124328904292,-1.02955212760493,-1.91360067697273,-0.26154532068449
0.908967951668068,-0.35125767402001,0.896685747165966,-0.103556514521954,-0.828047854507326,0.643021092099376,-0.387744934629595,-0.9633664693155,-1.23603362551136,1.78442299744739
-0.073701010545981,0.799378390025439,0.142047359763872,0.39544030245863,1.21202195252706,-1.07945364393895,0.402704909915448,-0.147970286071482,-0.375704439975207,1.50833797854742
-1.27921969496658,-0.087596117677576,-1.51778173949161,-0.745538107999097,-0.155461761894147,0.15652731389471,-1.61881307469141,-0.817505753055343,-0.94359169469633,-0.318560731921088
0.85871618245702,0.235606193817174,-1.73604641593507,-1.67563935091416,0.966487546110639,-0.517458843522459,0.459412899489821,-0.522171057189583,1.04953876593435,0.810495441685485
1.64726390350084,-0.0584678016466155,-1.06787599144009,-1.51470236462961,0.0872519300383278,-0.264197002117936,-0.966718405750009,-0.870156066443027,-0.155155731634027,0.0340890609596715
-0.313546519312739,-0.585730602195319,-1.32579796336018,0.898672443703375,0.0222510166030803,-0.157580687294621,-1.81131640150621,-0.584135781780277,0.0201517830048081,-2.0882830617127
0.599191187736489,-0.592440034639028,-0.293384448276462,0.626482034739781,3.1638057008327,-0.0900101570284478,0.450045712003033,1.07146722565088,-0.106337315330808,0.434824386116909
0.801434725832139,-0.540027621531556,-0.888617686507569,-0.596483283281628,0.0857104048004607,0.115853198872019,-0.836993945040616,-0.172711982701958,0.113925106634842,0.421422753222964
-0.982240056322084,0.422236090786311,-0.407386299888514,-0.790861410427704,0.037383324255796,0.683849733642953,-1.20485723275691,0.627898438735029,-1.51486535389765,-0.253594863417511
-0.243637094677792,-1.27416796318621,-0.188259133144682,-1.61738402671718,1.1772527913342,0.523797478349287,-0.273197408580513,-0.673207384960311,-0.0957398950959936,-0.391200524315709
0.517974605896541,0.571709864127082,1.68376308624543,0.150637167732745,0.239405218813938,1.01461599779927,0.0772229250916714,-1.21083107994992,1.5883856856946,1.14494711605795
-0.424103822600062,2.33430577550328,0.973196487851098,0.0260784840377468,-0.303453326417939,-1.53476727140438,-0.0365379089086017,0.0466851196458213,-2.81296213892981,0.703657250099848
1.17235249684952,-0.455174912643408,-1.01398569283555,-0.0342860199292719,-0.730393421320017,-2.04940692276656,-1.14017004150091,-1.01942328909488,-0.475470032157203,1.69728753146327
-0.0423256335405857,-0.283415999173083,-0.562171493319075,1.55038502762036,0.747551580609434,1.73769835637173,0.395970771749748,-0.654647010005284,1.8793788325013,-0.0505156598321535
1.16931372557614,-0.722422509741021,-1.54297774238273,1.26208202501738,0.421216028318779,0.365118684585427,2.41938654925274,0.649470677524482,-0.123754243645212,1.20342173261652
-0.631669172108322,1.25733793760655,-0.461806082747942,-1.17424726216103,-0.947938184961138,-0.894113403970909,1.40080028050099,1.28190230067663,1.32939959801127,1.73773572216712
0.491775381579066,1.3813351758582,1.78004141760612,-0.260745081623529,-1.70309782383168,0.30074324323479,-0.159831302856759,-1.2827572507482,1.48274063964999,0.778402243286467
-1.7126456893305,0.0342307127269344,-1.22371999152145,0.664217278156109,0.159773599899451,1.18843901147662,-1.06774115915407,-0.49248168348301,0.180965935392103,0.666968946240137
-0.342845166379178,-1.73550704600476,-0.338074618485229,-0.146742915921268,0.571105997389191,0.47349137818067,1.4029826772711,0.441657919293668,-0.639831292606164,0.585906676583575
-2.72330664970591,-0.493003491313449,1.20991330505481,-0.133572579555377,0.173137823348646,-0.0362157835015725,-0.0760391722994819,-2.09957578749867,-0.118195578257088,-0.501435588255856
-1.2907511095315,0.070370368088369,-1.05203296879655,-0.620666737166673,1.01774424268318,0.453135703247331,-0.500500498493035,-1.79538199252195,-1.28410026816995,0.953245411183697
-0.466963242281964,1.58861910917495,0.440279512660566,-0.453319454045824,-1.10159755749657,-0.460816952245477,-1.16636589751738,0.135282456710585,0.318150029293471,1.19904771083532
-0.450927773932581,-0.0287038306907177,0.412519883964617,-2.20993283144862,-0.35339205122537,1.35014401620618,-1.36333942645412,2.09564940620085,-0.823297464560318,-0.0979111500167257
-1.25244027236191,0.398490377209376,-0.862772706419209,-0.570827570868803,-0.653575451642663,-2.8914126827312,0.345456691568827,0.637575770182735,-2.01107419270704,0.770889892910665
0.44123067137979,1.68212578847237,1.90493080412903,-0.539832173308804,-1.83115229396973,-0.775385361457947,0.733138548841867,1.17127946672556,-1.42968869479243,1.03814879578231
-0.724050881262578,-0.68273282454964,-0.753220841565878,0.0909299160901507,-0.860953742128743,0.101506248484061,-0.078827562252054,0.0885426398529076,0.989233850230792,0.275959106124672
0.0877148497947494,0.800642108015107,-1.6279620176769,0.3791272912686,-1.00195715905083,0.280852340457091,-1.63754401168433,-2.25591732647944,-0.127285320150653,0.0185721799930062
-1.89422650042983,1.34692366749566,0.810137171845019,0.787217551021873,-0.00108750706211105,0.193706993129708,0.0544221471624309,-1.32711815027598,-1.23180989026445,-1.52812721538252
-1.13324932563777,0.298031450793794,1.16792485074016,-0.211557131016086,0.0442592876693533,-1.15312893270207,0.829350141097909,-0.664918665500572,-0.571776787219368,-0.789756228796708
0.803945087365515,0.597376350071785,-0.511920610395161,0.44329526307024,-0.338124430191862,-0.981250540569544,1.52524096804207,-1.98959013972538,0.192145294174317,-0.531136691467776
1.15926674038051,-1.0796143132193,0.283105897826806,1.25701937073574,-0.946201991146296,-0.515532113720778,0.0827097664210744,0.934580559626352,-0.138518533829104,-0.648867556508341
0.327912969022453,-1.07279245693403,0.433651519729321,-0.656991939085393,0.86169335298946,-1.12814291440451,-0.152314900260624,-0.402833638472214,-0.691269486951722,-1.13855215916207
-0.617870317555814,0.221188142483876,-0.0501733142642936,1.55949128826754,-0.563925844490812,1.12379620698332,0.476830942516926,0.277900620596406,-0.726371670021334,-1.54683512197935
0.0982470688219925,0.453177684154202,-0.699008602133883,0.0899552981301132,-0.473741981373705,0.31957678191468,0.588765168036298,0.336292621511368,0.0208615151038553,-0.218544736579934
-0.161636522313702,1.19386261097314,0.146610831702674,-0.0122193688212764,-0.3400484421619,1.06244498904977,0.186706876182265,0.282158224757177,0.199799072187141,0.201709221235292
-0.0666252898310917,-1.08755211094318,0.882091399465686,-0.709172752431583,0.430796415019171,1.14044355033362,0.316639429594258,-0.534558483006444,0.677930690750967,0.169815009358936
-0.822620922231315,1.14857851251275,-0.0393328222624813,-1.92082668873695,-1.10402311253357,-0.406014843916302,0.0935652135441192,-1.71399693608098,1.17225257398599,0.0111282382709967
-0.9393600569971,-0.993241701785149,-0.0152973829842016,0.0982321679122237,0.432641301413459,1.51200834342757,-0.211411591713097,0.896696440886083,-1.61383564839287,0.243498542765106
0.476407435842088,1.15923836000089,-1.24242351165424,0.489605081457698,-0.605804008699976,1.63656984711386,-1.01053553581323,-0.557521362736206,0.796592286148502,-1.15859261139576
-0.249242835510585,-0.594339108148185,1.43578419713599,-1.43268953159699,0.903093811523718,-0.321730477803534,-0.351638872796348,-0.71175322756847,1.34065886362818,1.4334884661671
-0.231354164660102,0.174202266605541,-0.766470876037742,1.29334056172562,-0.701490518241166,1.01046528518429,-0.402348848783113,1.17645330562734,-0.0478224749220024,0.887593700878406
0.78012106805844,0.327019288986062,0.18490877987917,0.395523768143449,-2.24336226246493,-0.320688343851154,0.482028913948296,1.95666151603463,-0.229515664518277,1.03991723183408
0.104932999753669,0.76452571046154,-0.818251915858151,-0.355174605386727,-0.00802047878696832,0.917157563508032,-0.536753425669716,0.582460763309771,-1.10911494447426,1.32453615914569
-0.543093304047263,-0.882693538523724,0.234628435123347,1.78858976581068,1.2026308328031,0.715584007133881,-0.00475575614966163,-1.9850358760218,1.57682661879725,-0.413397847289449
0.0516985421588306,-0.464415699139837,-1.91160868906898,-0.668449706984757,0.843760724729993,-1.09130698758505,-0.935692003824663,1.20957965712076,0.669016828413977,1.13630335715589
0.779780067472557,1.0171701296121,-0.691945366429465,1.16210654693199,0.429916593663875,-0.432494690895624,-0.872489409760592,-0.295940238791055,1.0117661226662,0.985373748098725
-1.13374752333647,-0.827079794635294,-0.951209311207551,1.30154324463588,1.81168204466308,0.935101866646456,0.875325628444874,-0.477082485055067,2.38218571145167,-1.38027250491147
0.305592316920488,-0.138447378642272,-0.679271949257026,2.08190330446647,0.341137748992408,0.10936156958785,1.05228040218337,0.00643748499059721,-0.418497551835925,1.29285446664789
1.09048368014137,-1.29079261269158,0.471770348984524,0.0345690164888482,0.624256911605875,0.301291692791172,0.581742475982586,0.301802848132266,-0.186336304189452,0.724262454576397
-1.05668004285077,0.651764122048047,0.231644920621249,-0.626450500894959,-1.42989664569199,1.04759436237667,0.837207605057194,-1.44188719072539,-0.893583795700649,-0.839503312957803
0.136659813569455,0.738094272239958,-0.559163861108386,-0.529399960331415,-0.846748124297854,-0.548758190350533,-0.533782256669474,0.971208692483892,-0.121206732794043,-0.130591298841513
-1.39669397974338,0.683987058790442,-0.383987154433902,-0.533316839066098,-1.21803048836416,-0.892070282161379,0.187881795441299,-0.141508793146752,-0.940919268668235,-1.25341661911244
1.08395600190244,-1.19555112398429,-1.44039764133465,2.13894800068259,2.16195389947267,1.25319708255625,0.704800637996985,0.670947195118145,-0.598823989202713,1.11012662287854
1.48430101885942,0.524673083127632,-0.955918644586779,1.16329797419393,-1.18801637165825,0.505075268623628,-0.180967462749056,0.700938720950724,-2.13275725502912,-0.851801917556552
-1.46148861325576,-0.0953220664394402,-1.14881905938244,0.833851892041249,-0.661005206256053,-1.01961429921773,-0.780025244451911,0.572100454467031,-0.294680814239229,2.18340421844415
1.09113795051624,0.255683704244802,0.233636252235086,-0.320124276519397,0.15426210500186,0.985421659384258,0.34312305520315,-0.745989754670051,-0.0247972378013611,0.360919028859719
-0.349276377649462,0.131226997320409,-1.25685886866039,0.29612592462295,-2.08787744670208,-0.850107835847529,0.750745457495616,-0.174991788701151,-1.91470246523328,-0.8348423289221
0.84229853423521,-0.281287017801812,1.14342724444385,-0.609218321128345,-0.461148660405049,-0.542727204860525,0.139994492080339,-0.246544097773046,0.483540888802661,-0.795165217701461
1.02909973195943,-0.784769470063421,-0.764938273621789,-0.503500773740495,0.618291453543929,-0.0716403106921033,0.265724874884118,0.378844575289107,-0.219583017487028,1.97863022704893
0.0946347467828691,1.22384225868547,-1.16952081097967,2.11968297297665,-1.34427267014539,1.40446357588164,2.50529343999393,0.203760611757256,-1.91485309954489,0.906827913904013
2.2185683022909,0.869130372661539,-2.69348043323056,0.537487519339004,-0.697115618555456,-0.176588400662428,0.165537176807507,0.330275459005712,0.846136136583927,0.320866944386837
-0.92987182558492,-0.409776551940539,-0.109964780134508,-0.86475264169186,-1.39031002913315,0.919225779117551,-1.38298510499289,-0.362287567110753,-0.780924046902495,-1.66320523155396
0.37338550620759,-0.978782869403307,-0.48945816836716,1.20612837419756,0.172307294903281,-0.794766316760738,0.928803989601371,0.936683257998352,-0.112978560957099,0.663052755765614
0.27331869210695,0.901678164836703,-1.69621839744302,0.811052241380925,1.24181060337769,1.27417252019997,0.241077977784455,1.15638816602494,-0.547507756202103,-0.452907143660593
-0.222032165117841,0.486159537338002,-1.95730992364908,-0.379828441980217,1.83473596468517,-0.598312886222196,1.17104233618085,0.677336979730825,0.710304261302252,1.51088640392153
-1.35003075981346,1.74336750040943,-0.308699577177151,-0.0179800398801006,-0.953204916404618,-0.982715367050738,0.623002309542929,0.427471666707554,0.06457109903556,0.317539763714065
-0.59095783375315,-0.0684550393581045,0.0933645059034233,1.36128879421611,1.33960786853225,0.461751728601548,0.68384812543747,-0.576801092013097,-1.00301164379156,-0.546678298399468
0.10177089084796,-1.24292707905365,-0.984999792567557,1.10143805139604,-0.629004165657562,-1.34225524560966,1.95397229533725,0.203217310303033,1.11955424691414,-0.0147475073453437
2.30697350129495,-1.74230422202634,-0.321139767823282,-0.333235560665645,2.37967824286477,1.07561586064805,-0.712545607935263,-0.278309561451998,0.722108325368187,-2.06688870636303
-1.01834313125662,0.237691465767754,0.331200150418749,0.110001825785711,-0.201505764435283,0.872854645681887,-1.0162299578603,-0.0259990251484089,-0.264531449861322,-1.97230617095859
0.932605674041357,-0.520218266617123,-1.61038665606942,1.00578538749619,-1.57508648745821,0.0290056136524029,1.09664610960317,-0.837464095157216,0.0716944222501348,0.460373710746449
-0.791790056024614,-0.566066728141528,0.457405025636014,0.266217208053255,-1.39061034057991,0.256199873352167,-1.30914546114684,0.433035762505864,-0.479700829587072,0.491601770808479
1.28338689907523,0.244495570850701,-0.723118730117656,-0.678830078179161,2.1978815420122,0.137352520776154,-1.71304736876406,0.857331724703693,-0.472182218876517,0.629668876912154
-0.487554587542919,1.5708716944619,-0.615840552099774,-0.589529269903984,-1.05439926646599,-0.360957681673687,0.284095069682636,-0.166077735010212,-1.37972956566455,-2.35174981796171
-1.94231079898496,0.443156350140362,-0.424042538373726,0.17212718602815,0.22402500653112,-0.275965874207382,0.0820609992254913,0.818177400868742,-0.0250281242067209,-1.17631480449356
-2.00750333737941,0.121504756139481,-1.02039312621255,0.333541976897597,1.08508556894516,1.71069933025957,0.0233407493737488,-1.2510358498136,0.562171447369004,-0.0700841814762849
-0.135286494248397,1.53103427221971,0.343252247840836,1.95542601332127,-1.40707402333042,-0.55260675259225,-1.33442457891218,0.855944140899006,-1.27215391375599,1.50700452732154
0.758197110791046,1.27075658687475,-1.04440057094519,0.501661187047842,-1.10421257380677,-1.57492544343133,-1.00896696179602,0.634177472309527,0.515495112019855,-0.0562767556938839
0.679273946735927,-0.490328105861407,0.253008858487272,0.736839361585674,0.276756086764457,-0.287033561367237,-0.627540375237716,-0.275802126960437,-0.662429815186087,1.34616836998649
-1.36193482001516,1.39550640203932,0.283239060039814,0.167758418540543,0.25574966227192,-0.977021738504254,0.906495486667637,-0.0299878863853852,0.0754493831613037,1.77119938721467
0.00749795745557796,0.528622680399543,-0.184717540736626,2.06797148632401,1.14962326028972,0.421491030531497,-1.86584471285939,0.144223924729569,-0.193097752683012,-1.76532664958966
-0.643245621088326,0.669021150755914,0.999092293255772,-1.07386370178769,0.369741718041846,0.134692274357337,-1.71200265730565,0.643983640154086,-0.0434957989064973,0.0764340995193491
0.359442290989392,-0.182007515491699,-0.0339177617470453,1.15253253126187,0.597822258285699,-0.309692032857225,-0.586653051202879,0.689904537031681,0.0394085469956939,1.5577696185239
0.401710534491534,0.49428651341597,-0.717710450590248,-0.466799843167365,0.433368928951809,-0.674613368265251,-1.33887242226549,1.12802306332456,-0.775130708761752,0.398808640064333
-0.329221342787768,0.713017028672103,-1.29301906436026,1.21315679468085,-0.888879794789174,-1.17067390213291,0.996206897093123,1.44739615919639,0.130313732764712,0.0329733886467569
0.797742046788656,-0.268355602108319,0.335820157036794,-0.536563158085323,1.75889583831814,1.24881414321571,-0.0121829413971981,0.759536393710274,-0.771648705830719,-0.734052017764697
-1.88632782074252,0.169041926639875,0.424329610196871,0.41465391862332,1.36625574585348,1.19644190148466,-0.0356541239789496,0.802392818466163,-0.368337419673015,0.646269238062248
1.89811021076492,0.488937972943088,-0.983035569766867,0.216947558199043,0.830726693865565,-0.0305546079671936,-0.22011164514299,0.774972273784407,0.496544733709603,0.0396979710440038
0.718006886106386,1.07664550446201,0.52853213347417,-0.0492492082483443,-0.348240435709063,-0.253883635931588,0.244879653118092,1.58901467105777,-0.22486393254305,0.707021444057659
1.09055113760388,-0.0375610159258074,-1.88870313825119,-2.0507455199601,0.218676650385122,0.414536510235095,0.821275896074791,1.22339026403083,-2.21788269372385,-0.60531544754378
-0.175320179741995,-0.685366440979461,0.656034472036636,1.91746416856891,-0.319177886746199,0.181121812645051,0.64396722548378,-1.01940125135087,-0.962775451771209,0.613393336182486
-1.56951628874447,0.146770749121479,0.347399844266767,0.7370166789468,0.328155144889059,1.81841569548377,1.37165056424298,-1.69388524559286,0.530290487848086,-1.71320943550811
0.117332318316921,0.201236848864071,-0.0833729066139633,-0.917210747995485,0.660529579532672,0.421490265530662,2.07905053106892,0.102348789152118,0.913566340760618,0.216543233247138
-0.0122145444821349,-2.31105660661424,-0.286123149540614,-0.00360700520984581,-0.859098409941512,-0.503383366804392,-0.0595955724805017,0.578070951194946,1.29724663769187,0.191316610723118
0.662020574775244,0.706628919272497,0.131902566805651,-2.29882727227176,-1.25628209225835,0.273919067482304,0.670243538937892,-0.386417466013107,1.71607851085515,-2.49715277059731
1.06068348056658,1.61041804789651,1.27466226114216,-0.0985052771535727,-1.50323212665221,-0.800450483512728,-0.244699547577465,1.36112317249847,-0.0239206330890462,-0.325590575297106
-1.61841637166538,-0.610700440565118,-0.0197573689302982,0.0585790315134156,1.664140195276,-1.15477883973627,-0.44185670371525,0.376013877051119,0.233209547340737,2.02347641662058
-1.1345543271073,0.391829492809918,1.68853402258191,-0.454497526649714,0.472878230850999,-0.523812792200517,-1.45847500789584,-0.362372506410522,0.957976967315465,0.585343774379848
1.08671129630184,-2.54445973540402,1.10491676945157,-1.79458568282141,0.35461276262165,2.58563579146667,2.00668774540701,1.21747875752978,-0.0432719515341521,-1.81569713492672
0.307984758715416,1.89119145400979,0.18933113119384,-0.43066221904151,0.0225522629454537,-0.643410146336918,-1.51707051324022,-0.326871688814279,-0.443655935403493,0.12650262920277
0.88487225872597,-0.381095472986956,-1.28290005389699,0.349426573724776,-0.270382305606872,-0.89457761590786,-0.0244658191986709,1.0305545387954,1.51557025969242,-1.22252845579782
-0.0282197071528997,0.630585935578632,-0.807198484785766,2.54362160708726,0.59575172094851,0.476481886419349,1.20397698728274,0.189003458270114,-0.319898239221006,-2.33255484920241
0.734284484752334,2.07031386422004,0.835115840775327,-1.1759272553106,-0.368888637161588,-0.993025099363021,-1.34991620363951,0.961167602699189,-1.2759535296127,0.663433163170833
-0.468829980575146,0.930062568002043,-1.06000806178087,-0.608590547096515,-0.480315957086266,1.03098099480889,0.190926975823373,0.405465140085572,0.632273359626401,-1.04674278780133
0.692473478685302,-0.0921156360364197,1.07977574974778,0.553687442471627,0.0601900751997149,0.875300086583089,-1.47086971736528,-1.30501958173425,2.27827162682051,-0.96538022587375
0.434322513407582,0.0236870506654096,-0.881529563969766,0.991408698207711,0.846594783878992,-1.59216460821182,-0.0276155203106238,-0.341290968300379,-2.11610878842767,0.142637446060532
-0.723418475608689,1.02692593076908,0.397282991097846,-0.880017211495167,-0.0865372749567974,-0.679235244090663,1.16695235015311,0.214085583882929,-0.851830830645553,-1.22821258160566
-0.478732301329088,-0.839145040372496,0.184767962861519,0.57825225065546,0.667286756660124,0.128844352102843,1.40814344568691,1.87238435623868,-0.925712616403003,0.309272525248575
0.178403866373016,-1.161372260006,-0.92174421640939,0.167257947467051,2.17080052700321,0.913572049728857,-0.0225110063515992,-0.167605528862155,-0.398595979473599,-0.589709866487491
-0.362794982963481,1.59258645872306,-0.453547007248507,0.580326770929367,0.0400064619514489,-1.42535339482435,-0.178705907647077,-1.00142461949299,-0.00936924946665746,0.924818455112322
0.582515135260677,-0.571930919597684,-0.962720330559097,-1.71765927591704,1.61712234225439,0.376040623526177,0.0018547542544491,-1.05139962247234,-0.159563404610166,-0.0267279507834766
-0.754948451471028,-0.352420738506498,-0.616280094081963,-0.952223715097039,0.183161683649044,1.33397020716977,-0.897984885572582,-0.237741249208404,0.713103328045299,0.736700844522946
0.310657961068569,0.000532939478091029,0.165711845277555,1.51979753992905,-0.782567910394908,-0.0151033139603804,1.31058793654803,-0.0459879918693976,-0.410184305278923,-0.94560053607637
-0.746883633075145,-0.401115819574265,0.299690205184463,-1.35657336396218,-0.298333049435317,-1.61773634558294,0.996785062428532,-1.27715328929437,0.0420033600515085,-1.73434887147997
-1.60689774934706,1.55408215610442,-1.12073389595716,-1.60275224912248,0.463466449062008,-1.63571539613449,-1.37914512158017,-0.361101285511102,-0.286391638822253,0.138947986181269
-0.412218156465316,-0.0974835704523025,0.0225298350004531,0.358297384067443,-0.499306124772609,0.16828926017611,0.727951653206308,-1.04178528904482,-0.659718788797093,-0.744273405406718
-1.11320615162828,0.853544613270626,0.280459139995342,0.580669553167478,-0.256276933758927,0.46323155389132,0.0663095700199761,-0.72523011293457,0.464005141051164,0.859540850845436
0.898997483604867,0.423451258771616,1.77675866694168,1.211867810419,0.539905615053448,-1.15945838668349,-0.251611288440847,-0.368730001470774,-0.709140516092969,-1.43846968300941
0.6231210024847,-1.8269392937915,0.837232196467247,0.553335110967305,0.605541388106674,-0.397567134323852,-0.658697465193801,1.04712286390316,-0.054170253270092,1.25793046373099
-0.00469974875626083,0.0697788528847555,-1.00144679654946,0.516702637452391,0.443365379255008,0.159936928211583,3.38467606209387,0.796070763152704,0.267021310198625,-0.74699553506947
1.93730637921935,1.19140915736198,-2.44311734959103,-0.281165634946827,-0.672873816748582,0.0981860248225791,0.732189913395115,-1.19188055474904,-0.25920860864517,-0.780844309642947
-0.163095727670112,0.629809614057468,0.195659155660214,-1.18719303458305,0.657132398466491,0.456598210050075,0.886787061626067,0.103423840035786,-0.790725069633656,-0.378526361972138
0.579484537872822,0.189148200095494,1.95192182877701,0.761554996359028,-0.607389309110234,-0.656292136516213,0.717596213508115,0.301053951163425,-1.89035168635809,1.32562144529812
-1.58405956079335,-0.172507300067399,0.726611410723546,-0.642607923193614,-0.605451580822489,1.43749258593098,-0.639084497187253,-0.527872193062474,-1.87194474107922,-0.15761651098246
-0.370741066346094,0.792342310548661,0.216065936789421,0.713140318351447,-0.295692009022093,-0.0978891353690453,-0.493097215034827,-0.289832808187843,0.532536377688637,1.01426441910544
-0.338733102198616,-0.267402535418303,0.457831626696685,0.961398406884312,-0.90768484828462,0.0240784948604756,-0.507785022501657,1.24866023328828,-0.0698911687032369,-0.794001486618805
0.288905440672034,1.32275729636544,-2.23492374663579,0.229073677973669,0.20494644817546,-1.84844739649983,1.14722395921224,0.500958151800823,0.737175823987222,-1.84858800231816
-1.64259853782237,1.5758117786579,1.58190307680605,-0.246942903581685,0.49121545425646,-1.3541971146205,-2.42899985813396,0.774459706687202,0.109411954897717,0.436025380861601
1.2297683289179,0.543694090229284,0.572879309326573,-0.175744582267101,-0.84589258927054,-1.75593129767167,0.348819329210554,1.36822006907054,-1.98539214928342,-0.757449997107502
-0.254590562594105,0.66450233314852,-0.048532021912051,-0.326923754284037,-0.427209648845074,-0.0570937576960714,-0.769717695489365,-1.02303457314468,-1.12558678583285,-0.0698646158801265
-0.37472006524438,0.323770932342836,0.198822917196036,-0.937580807032624,-0.0627979153624023,-0.94448799186129,-1.5093817527545,-0.8478747876461,1.2996600413462,-0.295426647828698
-0.719018003172128,0.106821983596178,-1.07871412502268,0.779294617499547,0.17923904700314,-0.683287001501186,-0.321677011839343,1.82599258953051,-0.608260848112928,0.190726696532005
0.973432513984405,0.822621163714999,-1.60080800516923,-1.0385351404953,-0.0527217701167017,-0.706003392240989,0.686103866209012,0.0686406853239591,0.0393214249730027,1.23511505559758
1.95299295631202,-0.816716371207309,-2.60262693033734,0.692192258632969,-0.459077912102189,-0.859451911146208,0.399716978639065,-0.810142810205018,-0.929361212985296,-0.842521391804042
-0.717241982204285,-0.719319928340232,-0.362235026127894,-0.739329032289956,0.313508097158378,1.77092932075766,0.214774043652915,-1.0521728720853,1.60694164165551,-1.05503509395341
1.09553525513239,0.784590453160421,1.41640419585668,-0.769124940404262,0.298805536690562,1.29672150145193,-1.7989439291832,-0.242681523672088,-1.37258108274909,-0.686314895829809
-1.02973428809823,0.958942647492024,0.781408661440397,0.785195896638449,-0.301629249218551,0.898644232507681,-1.11615442597438,2.03457933287081,-2.00383447023068,-0.23504738333494
-0.345247338680934,0.168448547304412,-1.44499781848282,1.07549033989318,-1.50173600226113,0.813280325097446,0.406605995221335,-0.389348240132764,-0.274331411289523,1.08377416268417
0.525350785344502,0.0472699190534216,1.16158013984773,-0.829000179323669,-0.591253668508505,1.95543581524322,0.898648005998393,-1.68077829653854,0.655202669664977,0.668164516275386
-0.116387746036514,0.752956310014837,0.0146866872736283,-0.35480344912114,-0.728311529682201,-1.15002869106294,0.155919527165035,-0.467438118654557,0.992881450004208,0.762098884543484
1.02279629875314,-0.126143019177475,1.00370985725718,0.295686948020218,-0.629863901001636,1.42983883439752,2.11291545200392,-1.30184514874428,-0.805295876588741,-1.38866887161848
-0.57318607643724,-0.79481918130439,0.798918930528961,-1.20104857298506,-0.48528010769805,0.188377082833791,-0.99976371542566,0.0399276847726626,-0.741533654072724,0.384901252343017
-1.22131300096678,-0.815283500730668,-0.602036849940289,-0.56755536603682,-0.0774074636030889,-0.692482618583752,-1.0979061290162,-1.34913740102494,-0.311198886525151,0.414689132091806
0.0169119396095297,-1.14167844350505,-0.0773566356756226,-0.528654458116406,0.556677032142383,-0.922906487627521,0.08703019873682,1.84543287998314,-0.398545374429078,0.628663640879964
-0.407127837587377,-0.386058840654315,-0.578889145975763,1.49965379922124,0.271141932457316,-0.893785076867174,0.519858590176287,-0.747493579381894,-0.85251802485919,0.223660976358822
1.85718753786582,1.1257073166196,-0.409478190675964,-0.633866101021484,-0.282980455292259,1.11895800863262,0.0424212875094679,-1.89331134185997,-1.10772582913675,-1.14663318031398
0.727520026298312,0.190254280679432,-0.455973616615177,-2.24311923485318,-0.659431795307082,-0.517544577934521,0.0829960019480888,1.53991792324225,0.260657208083983,-1.84292609747518
-0.811818770472511,1.09345743901357,0.346257478212869,1.36744420638362,-0.274447931915198,-0.193069979523268,-0.987600009370912,1.3955878406166,1.20184973336387,0.100547294940756
0.942348475312489,-1.5326854910796,0.61887437077003,-0.672191146599748,1.45469375477417,0.567009291933804,-0.77068674000096,1.0763843927375,-1.93036561271952,1.09953837164639
-2.13790619429699,0.280205384964387,1.17120177776448,0.392402859230694,1.24410112779877,0.144509496401584,1.14893921888291,0.360996152179275,-0.0188050911763576,-0.875944663737268
-2.35821944793912,0.539374237839665,-0.16011209099118,-0.648603499082476,-0.501631524533535,-0.920289062937924,-0.122835862877791,-0.0647406520945799,0.385610410125551,0.873134076372639
0.357156076897736,-1.09863550462168,-0.238031584533716,-0.60449505474178,0.796754002222502,-0.228977121467467,0.684811121550612,1.52875425663286,-0.661325103911538,-0.566438197210481
-1.09314084735907,1.92386111712924,0.0916461959610972,-0.477304941793693,-0.278213150509669,-0.797758105294544,-1.33114606230855,-0.574390368930546,-1.24297508721261,-1.2497176282905
-0.30364649176888,0.167557771718703,0.744869813701148,-0.517527316279635,1.53422896532924,1.23390699409881,-0.271834649627466,-0.313738220920857,-0.848295359154733,-0.324627643393352
0.17551792756268,1.79500682874631,1.17162757213461,-2.57626581573697,-0.88470809315302,-1.15281708425182,-0.853635215243519,-0.123028140461263,-0.290371894456183,-0.638636654654292
-0.591194558722466,-0.126043939931632,-1.68417785392906,0.590734949035457,-0.749839518541319,-1.93360411321003,-0.904616824418542,-0.663480575310843,-1.33973890464049,-1.13001288292805
0.627203670491785,0.92259133931581,-1.44692019299174,0.649032799355848,-0.469956600428288,-0.865108884030989,-0.612120581504703,2.29101984717622,-1.260019785104,0.675864824288073
-0.757213172804296,0.56837174947631,1.41525068295413,-0.86131150837367,0.434000237430798,-0.0483217148376934,-1.89360966090627,-0.684389333890644,0.889800911044592,-2.49903352767374
0.509425117647466,-0.355078976412119,1.03959674820562,-1.12544613294306,-0.730930551156815,0.901550668375917,2.02901753708017,-0.76955816197423,-0.648781540837803,-1.4795900032275
-1.10916706427351,0.410846773814408,-0.163156713142966,-1.18995063284958,0.987878678323977,1.48941919880909,1.53303082597029,-0.865705532940177,0.724419821581766,-0.838338156374305
-0.469951824602485,0.0605186782485129,-1.44859074516453,0.174900642817071,-0.306147099734122,0.372461100501071,-0.396576939624083,-0.103135682070647,1.35547147511212,-0.767418773879835
0.169960698840309,-0.402849955259796,-1.73039356588483,-1.17904220520557,2.01129289311357,0.312855082262417,-0.556249383822428,-1.41578641421324,1.26176651751615,-1.4256813389605
-0.90638664899587,-0.821581152340773,1.95622052883312,1.42136384889345,-1.1523509884344,1.68663817789563,1.0186914848287,0.382763989841112,-0.576206589514704,-1.40396021361775
0.407229945399191,1.03165739452532,0.587791825475452,-0.164122388526924,-0.137382388482314,-0.617100789725279,-0.773644272800908,0.694347157480888,1.55126255143507,0.613798094232758
-0.88888681928716,0.886462377721634,-1.14555747122865,0.765626516836728,1.14944072938851,2.53106969814546,1.21043802589899,-1.38163892618419,0.461246387841291,-1.64042651420627
-1.4267443270965,-1.01424873406339,0.0249963466462771,-0.285755372903823,0.347439995637489,-0.211669086936391,0.51258780001514,0.763659605865085,0.603664758573536,-1.14883924441889
0.518921761721351,0.895185388064005,-1.89357771675848,-1.21363023434011,-0.735178294217097,0.0678821077999229,0.111321028947434,-1.11910854107633,0.820852878460587,-0.983612887756935
-0.77845965985418,-0.0454008524688818,2.08414621139515,-1.31518140605258,-0.757025639781316,-0.557873085576742,-1.77918443485249,-0.0387555182605099,-1.37395562503738,1.39253534050607
-0.731616941852941,-0.783322644702071,0.529891180021642,1.22247200565545,-0.66704602574079,0.0450448495427488,1.56860461677709,1.18366906179867,1.30810592687848,-1.60016108688542
-0.832050037627115,-0.556863888606762,2.04707423608609,0.954659556197328,0.355392476879258,0.689481313235849,0.0948711612540941,0.33798029216065,-0.964382802504362,-1.95164201236148
0.79787430051798,0.967781173526244,-0.533765544684747,-0.613504107397826,2.12822684160991,-0.534982206326747,-0.769495587426618,-1.05738124324934,-1.45101148139108,-0.426700508585949
-0.0329667794529684,-0.956928166114997,-0.856276510999812,0.528990829756857,0.876340108474529,-0.239243462632445,0.408336272428006,-0.415558520578825,-1.01515189506739,1.56545931652681
0.196211916714696,-1.08367253109322,0.0150135879640253,-0.0624016155536862,2.48220214296633,1.79575390016574,-0.484639299023337,0.343291962925144,0.553006831868865,0.975149021050198
0.73234076200332,-1.31089995823545,1.21923576917599,-0.960151649409853,0.392647705807744,2.26484114378981,2.2044658471783,-1.58704643566628,0.24767946956095,-0.534523128881404
0.16459597516939,0.272429151817421,-2.36878477997294,0.439254080939782,-0.525685032140284,-0.532362253954469,-1.44635321193675,0.42855580458586,0.480094565367517,1.1483942349984
0.811733861798144,0.715932700313668,0.468546445692799,-0.0157462191797283,1.41188268903583,-1.3259243627952,-1.22289579799472,1.02760098572374,0.0524245555247335,-0.306855925674387
0.999879078642666,0.000813062188669858,0.204668221639868,-0.579037360820327,-0.801536422341599,-1.27349854278203,-0.092053980408751,-2.12654496633746,-0.0220611421112399,-0.00173235207177602
-1.04907133919802,1.20430551027581,-0.236242501529518,0.354109259297043,0.258166441199313,-0.284237640863254,0.00290004008867271,0.0750825292309035,-1.36330530026839,-0.130132811983031
-0.375997198868417,1.2808580817796,0.606905705621834,1.07336767064961,-0.048821334069056,-0.0568277945047938,1.83314157139048,-0.759807385687577,-0.392938013502954,-0.724952445002745
0.0407848494193314,0.217602784207768,-0.565473143771564,-0.187726239150079,-0.43611753310452,1.45821616409294,0.444296316253331,-1.85636862577758,0.491892923231506,-1.07647054964016
0.26423549560322,0.484455946034236,0.142938367717476,-0.678695204855528,-0.511418451153,1.62643109528227,-0.444763784162842,0.606403077343073,-1.04399521689993,-1.49952561176259
-0.488814017226697,0.161821025037144,-0.331602747085663,-0.652937546893336,0.820470643826555,-1.00391557653041,0.523903155084481,-0.0281995418763698,1.48712559556135,1.03497446604005
1.36302448965091,2.28312768509679,-1.29335619486112,0.15875445106025,0.372301634789341,0.528016994919263,-1.33863434528949,0.0490758695837376,0.0483353027871908,-0.138359530805616
-0.241926862251685,0.850143235971478,0.462475280372705,2.37963224987173,-0.844251151992988,0.167510497887924,-0.406544882528529,-2.23090243245717,0.401475058227532,1.2182222496027
0.128260111626803,0.233935951717422,-1.59943435999688,0.986464411121626,-1.43462289086821,0.477872215614037,0.303642863392862,-0.058998575400714,1.26200158739465,-0.251898784339497
1.69007008071363,-0.8617725481227,-0.589569753222036,-1.63582262040425,1.01118499794361,-0.191528884819068,-0.0274212651916991,-1.01724215635342,-0.673456737939855,0.799513147224231
0.743591789802093,-0.43131297739817,1.40508395605562,-0.915152803391163,-1.58731645857676,-0.273920544916431,-1.59979855121874,0.461528298726221,-0.602007691220453,-0.44756633763813
0.964292220010868,0.416329307158595,-1.50462966114852,-0.0532621827519384,0.949040984140425,-0.842235038174447,-1.53364233357247,2.03935737317202,-0.367510672969881,1.75311195547189
0.578237771024628,1.15488115177676,-0.855462339520458,-0.37864452590723,-0.0268614628741163,-0.0222574181727859,0.509700334458352,0.569569263498151,0.0170272740092176,1.02861535504291
0.697943538384079,0.722568096222785,-1.0942167635728,0.0992037142280161,-1.01945744811595,0.827159152727197,-1.71183399416719,-0.468176581796837,-0.959540965179669,-0.0447001480698296
-0.155832477441139,-0.241744258887159,0.76096278951529,1.02486336423106,-1.78485279846435,0.109002058301559,1.69199590586993,-0.83645393508581,-0.368076595395695,-0.409405745262336
0.243412058656279,0.388570329270562,1.12662229301216,-1.08465545972861,0.813652489102995,0.338261623682193,1.57197958611579,1.25029136794162,-0.993969328543748,-1.67626882950324
0.0650276592161503,-0.227567849857875,-0.533816755693944,0.213714506778273,-1.36192122416174,0.473469387006407,0.688921366666887,1.68228946143165,-1.20522850622749,-0.768656282777469
0.674227342858708,-0.932122137652179,0.367148413740638,-0.856179130628202,-0.573256527631324,0.398211420566475,-0.170898648496858,0.191008544532856,0.784189997296374,0.304050107876676
-2.72319895022758,-0.119535038328291,0.578443594492175,2.80287216892199,0.646058029221333,-0.0234668483107793,-0.924289397750681,-0.274041833074108,-0.188705406957146,1.48429027141939
-0.0754389887290737,0.225976154695005,1.88618116778112,1.39178670467399,2.27263089572646,-1.65346878342708,2.88854693695203,0.482083641076791,0.446625065273198,1.29053570608914
0.408415008321684,-0.765253947866292,0.371066548294677,-0.429628993522269,-0.43446826164558,-0.752751412696282,1.64305069233629,-1.29816122135625,-0.588070484910802,-1.03467778446703
-0.308821468080605,0.643777947613179,2.19466859544417,0.960967626648667,1.5568037405186,0.032484697274382,-0.89095641991523,-0.64537796603617,0.0768441899598178,0.0686060816745387
-2.09057621901835,0.0959655020373751,-0.876265849483872,-0.360063045088184,0.603069757359775,0.0458865285993086,-2.14092082062185,0.321824327317299,-0.701205698660152,-0.384859133370465
-0.427104999699991,0.303464999615814,-0.245293537617139,-0.259350960560696,1.09065811272821,0.459287789436525,0.902403052026456,0.841876366188988,-0.38150252649533,1.20191402171708
0.336055695285896,-2.68846870626349,0.427211426468097,-0.197057053244993,1.53275681864803,1.52061313099805,-0.105691690283248,-0.393274209121657,1.5866949274587,-0.596790344372918
1.08059475603256,-1.77622475568412,-2.36149422851029,0.0488993944503682,1.97285175438311,0.204118314977938,1.27246696701755,0.501089801050219,0.483723903448275,-0.267768224000442
1.07784628934749,0.159786166772316,0.477555484465266,1.38075275285416,-0.447913138231468,0.0977972989430339,0.62441043123317,-1.03632105770732,0.00589398607978731,0.0745533873421278
0.670995657113811,0.176546623049851,-0.0765575607538852,-1.25146349466427,-0.512604666532782,-0.90675285362081,0.988842602715177,1.63541735381612,0.603853910103565,-1.78782360538307
0.489682671724552,0.266646306123023,0.9134018991333,0.759431834259849,0.93043989138798,-0.179228035904896,-0.848349584268269,-0.834739930633932,0.484345106031088,-0.94066066901199
0.991589158267308,-1.53363249880117,-0.0248188470651521,-0.358343824293488,0.634152901740717,0.271781531579135,-0.555027712932382,0.822858550648861,0.891665015093777,0.868305442568051
1.92092408477371,-0.302114779210368,-0.131422284792802,0.699412237343405,0.659392714665423,0.0362737033564646,0.587560997922102,-1.4767081848145,-0.925140858504952,-0.351561612620428
-1.3527441518379,1.43059048603875,0.937334503601417,1.28037957645168,0.209603933600845,0.290109864044976,-1.69987447148594,0.38579668274742,-1.57308708182637,1.19944741951455
-1.95830608898414,0.149684513708101,-0.487643213661747,1.0350956001979,1.21318588703493,0.220237884407649,0.677550685636927,1.36622647679848,0.0145530898683767,0.360374170923866
1.56199862240503,-0.565793510973287,-0.301118092510146,-0.301325866717024,1.28262563422267,0.19844038495345,-0.0758845755321764,0.196057294026442,1.92039631076686,0.98366517547566
2.11456407540015,0.113906983671365,-1.4548640767847,-0.703367210983467,0.464539873956574,1.24012464433029,-0.80710220398777,-1.17944282001451,0.40977078339394,-1.48979400944602
-0.42732411437813,0.320562742416423,0.0891647320695765,-0.0905024002959134,1.08066558456757,0.548753517717231,0.875786931517798,-0.495841438283933,-0.268894135194075,-0.329986628234544
0.303953111247106,1.88262977373673,0.273948876517383,-0.121793598492749,-0.0668430932808434,-1.30893893817588,0.133842992843162,1.35155231503484,0.426401034262285,0.419734842566324
0.223948478624416,1.13336726343112,-1.45383050509991,0.0110754261628143,0.107069339442266,-0.0712633717129961,-1.94457406550352,0.840178392492415,-0.830595755786041,0.613734916449749
-1.46411635854556,-0.186281668251263,0.195480073916264,-0.300610909438054,2.5248559863097,-0.390983448114005,-1.26724756898016,-0.369816874924127,2.85818641227306,0.122507552063697
-0.0646646228571894,-0.891125559217643,-0.0291125227638245,-0.354720744030642,-0.744885498589076,0.819835199837134,-0.602201508587552,-0.111643829286034,0.281192389774276,-0.120490428081499
-0.0614918107740989,0.402366321930871,0.743396048724503,0.420455385955542,1.62200563424787,-0.0589024023774203,1.1801315220662,0.439482554192928,0.206555633777788,-0.375480963339772
0.149771174466841,-3.1084617761076,-0.372588025351907,0.296320496825223,2.77195079809282,1.4763178971814,1.29808504576933,-0.258338649324447,-0.0518337042496159,-1.47028100819841
-0.657380541299605,-1.61321487621454,-0.671615000412281,-0.938925298925448,1.10160316398675,-1.07494208521287,1.804256627903,0.56748777607964,2.9044002700187,-1.08884107781039
0.530849613657159,-0.0576852496428874,-0.15254790669868,-1.26563609728005,1.49162021068411,1.58243939353605,-0.150040072366948,-0.462741455741636,1.27602039371588,-0.315060094293016
-0.992097947979353,1.30997469261024,-0.107052050984546,-0.685668794805744,0.624206105828498,0.406531170988449,-1.39344863185197,-0.699878659538395,-0.961322017237744,-0.578675616999612
0.0570038571664351,-0.271577041627112,1.36801904084542,-0.473684139689182,1.5945629984549,-1.29919740732341,0.271111552573279,1.69064827071618,0.286377779408123,1.66026540517037
-0.853180995373281,-2.18917360849416,-0.23852646738628,-0.0392886337881417,0.265910118052399,-0.202069023049148,0.201032804345467,0.564374164856692,-1.0407462689114,0.716319813334677
1.19272100736031,-1.09523107460879,-0.939423226584437,-1.4424684213077,-0.454341572889107,0.356309482203414,-0.324034469318348,0.687192021800164,0.867301695641025,-1.70414693264501
-1.22356008409023,-1.06760271762432,-0.408893795476969,0.705224126637156,0.948344161791979,0.310589604589722,0.058861739906693,-0.110456472629324,0.934644536158739,1.54342367767309
1.08400875782899,-1.72037014046883,2.39505894913617,0.821074979833311,0.999156315916465,0.0763551648006416,-0.25466545674438,-1.88759874015712,0.0582359878479501,0.524295003643572
0.0754241880346854,-0.577974253681484,-0.539155671284655,1.13898719832714,-1.98542304049756,0.752345736177628,0.237626779884768,-1.07850754602504,1.41854791200592,-0.521517566710478
0.456248676136621,-0.656822302570693,-0.82816628987773,0.206752644255652,-0.517709487802979,-1.14504189802542,0.943635224733068,-0.182805796059316,0.235176081611313,-0.12885248292418
-1.3428112576971,0.755835542240572,-1.52613677718101,-1.33456857177628,-0.29515660429548,-0.904454471225242,0.509728546168569,-0.140425522682256,-1.3449517240224,-0.391864983619023
1.50231010712702,-0.21225869765276,-0.907207845118777,-1.91358398858842,1.04842326846808,0.780429306418538,1.17763262192216,0.0528499629150261,-0.520303625213773,0.438543096194829
0.44859611112197,-0.73632044051864,-0.722528749430438,-0.670215037198678,0.306484483832421,0.302002153983272,-0.658885632748271,0.426913416339342,2.15667004519216,-0.414764572308394
0.109641565065313,0.759994945743068,0.142412248162169,1.30809167799279,-0.125417523878914,1.26043588149832,-0.848537660217786,0.517202259750727,-0.322868874775667,1.87130034850513
0.058367528429284,0.344446034494586,1.17941948247008,1.00645244353148,-2.51074802037165,-0.827168682931812,-0.323971543928612,-0.256491057502052,-0.368090785862298,1.09529672700865
0.0953372951258844,0.0999547889915456,0.872539884188882,-1.62389107687123,0.173459773977117,-1.22406595049774,0.94854261600519,0.912881808406882,-0.649229092839094,2.24681457154031
1.60788539885831,0.233044540327204,0.620200489868477,-1.45835680831745,0.794511098340348,-0.208987905865701,0.983013973034877,-0.47535636539157,0.503073267303787,-0.6378237196568
-0.236620779057331,1.94229932312156,-0.212755340570615,-0.207942711549921,-1.42134043007151,-0.264349644769008,-0.382662462444382,0.193525237477437,0.288851979594112,-1.50594063729154
0.373246268701981,0.832290353166898,-0.985797190917987,-0.363267955888808,-2.39893466380482,1.40940534122937,-2.25561862391388,-0.67097791709704,-0.21878841146871,-0.29454808276838
1.86684419729479,-0.414709900734462,0.78577162605454,-0.472484126491627,0.667097237771214,-0.322539818542701,0.0208008192107864,0.340046462391115,0.745312718159534,-1.28859029245088
-0.911842672711236,1.28917560399755,2.053658872394,-0.0928204740715806,-1.44373281017777,-1.55313731903247,-0.154168577505021,0.849504715615713,-0.980704162676094,-1.06311241872132
-0.661425848863684,0.645208110336892,-0.686802533451106,-0.975787144164751,-0.0591072057736828,0.263232736899711,-0.882783445800958,-2.0861349320674,2.81817289684579,-0.57295605347432
1.59919035927348,0.649803911873956,-0.847171842081144,-1.04923240389389,0.818623129706663,0.700285071135295,1.35111578673685,0.376117618199339,0.717742309430835,0.0281823386793897
0.670868331857289,-1.57694827360867,-0.30067805768071,-0.934071036493511,-0.123413475313056,-0.121762259098856,0.178300186300862,1.23961968876843,1.15744785544382,0.234665225359104
-0.785756980154103,-0.871902779561367,-0.595291011542184,-0.0607192403667172,1.56796291888499,0.774169842143406,-0.0846305485984134,-0.142065750895781,1.25230560455984,-0.996470865810942
-0.0398721783889254,-0.598852693102842,0.242604326880655,0.47945172248787,-0.0828100180109851,0.957115217012371,-0.438288462585238,-0.740352617659705,0.0902788196240087,-0.642104797132383
0.416763606571967,-0.892011196477867,-0.272782196428315,0.408415673801248,0.605655883548266,-0.00612873127477013,0.307368555228476,0.266390082736723,-0.0391326619873061,-0.574642679058228
0.94624425189995,0.955058415802066,1.81751901021924,-0.942239938661576,-0.673115011346596,0.100549952951275,1.31202845867032,0.23998963989854,0.153378378957276,-0.170068428040025
0.586210947606595,0.951292641003424,0.199843443237433,0.252954330095547,-0.417938951551157,-0.308055928036489,-0.946755023128699,0.986398850372584,-0.256185136142217,0.588846640184579
1.13088146386637,-1.52562036563208,0.0778128213459176,2.66958745540951,-0.246882114344965,0.888190663139302,0.429310191921286,0.503064076074297,-0.450782994104881,0.105129033803928
-0.0785902488124917,0.188848307817951,0.507094422066288,-0.986236306653652,0.79334060509022,1.5247720611828,0.393338320869555,1.17488127468543,-0.333071056014492,-0.534588524624368
-0.229909712626673,-0.300085439577763,0.28902477289555,-0.343686677398738,-0.968921914174871,0.71547419312313,-0.0860151378461156,0.16363133221441,3.31963631691209,-1.0209855006143
-0.36079940947962,-0.157859676875288,-0.332134701244892,-0.883160679527692,0.30873965620764,-0.0199637723229733,-1.80113401897544,1.19065309281064,-0.801220738223287,-0.273288836013956
-2.15909363293158,-0.189991604992386,0.326279414955426,0.902772412484526,0.811398597857718,-0.221021263502468,-0.0604869825538785,0.187018078943351,-1.24624378639174,-0.202750008420053
-1.05202372977777,0.430755613369524,0.568763676671303,-0.416220501948955,0.337035145898934,0.636999801090626,1.39011286987232,1.10199909091003,-0.843921455612467,0.74777562796445
0.863581739794056,0.723282828935273,1.12406865046721,0.67507203678797,0.321355790196335,-2.25816960636593,0.198176810848172,0.0210869910529424,-0.235136362582193,0.331184183169616
-0.665311381444882,-1.03798064723538,2.11070882782491,0.162369475437344,0.944154912787164,2.6600085571449,-0.76945216893127,-0.365850441155371,0.258720800782064,-0.680413393805034
0.193718676403136,-0.783762604169277,1.15993318755852,-0.496299395259506,-2.10201693995013,0.437027279356585,-0.218736659562105,1.088366300463,1.84054211700222,-1.03635115109174
-0.184794291504204,-1.08022146800355,1.40929246567742,-0.544424604678052,-0.720154364189862,0.936397268053954,1.40213317330755,0.727739894658982,0.780220791321848,-0.267757694863948
0.996813683079295,-0.790392359781181,0.0341159695890094,-0.752730495656058,-1.14251572576632,0.622794523300017,-0.0406998366331764,0.666241151474218,2.08088584861507,0.161897864638525
1.36813626806609,-0.553998191837245,1.21248355019661,-0.121395006845678,0.8989711474733,-0.72551485554862,-0.70248530652665,1.11406170357098,1.05485613372818,0.191504010897268
-0.617004618284213,0.237848460626864,-0.348305447802711,-1.74424504874134,-1.3484240857159,-1.79337879389919,1.97838564280709,0.37784358148151,1.12708132192288,1.47319792758986
0.475716424012284,0.0200449190996946,-1.07652364848998,-0.684963677571733,1.21494774126668,0.604069342419642,0.662529305974984,-0.63748094449668,0.460403026161932,-1.28254665241621
0.506531859266478,-1.04004246683068,-1.57898128542589,0.374529728477893,0.973176289791564,0.583137448624367,1.40094635516854,1.52946075789021,-0.506772571579911,-1.49951468121253
-0.928309337977673,0.171131602126356,-0.285158314563098,-0.614093468730417,-0.191966270057167,-1.98375059346443,1.55046603649311,-0.929304546967044,-0.748087475750738,-1.191869636596
0.662502268254165,0.11511307758082,-2.24193685990457,-0.764354118533005,-0.192875363912071,1.36208022120206,0.377688580373378,-0.299346171518681,-0.630262532440684,0.678285984574718
-0.966460863136945,0.80810457053131,0.425989233218382,-2.20204274012458,-0.015321806928317,-1.30479725918226,-0.941849133259668,0.799662507257655,-0.821684918613384,-0.284905366393493
-0.213655314620565,0.763986049446971,-0.540168994489746,-0.416194276299303,0.351967886794418,-1.14311421985995,-2.26701263043077,-0.840296757821565,-0.52960910468645,-1.42944342336649
0.465178835169228,0.320771138717024,0.130089149640027,-1.10630370750418,0.808396617426491,0.444825799294309,0.626159308558823,-0.687678550661172,-0.567595438365477,-0.192560924875915
0.564184596284181,-0.614904970947783,0.409532670049714,1.39513261931159,1.03632792963045,0.860439657730468,-0.232767777699797,0.534211367022325,0.508093123988743,-1.07316372861935
-1.09232032924923,1.82475565706425,0.2652328226492,0.716211187677684,-0.268601955044791,0.573150444998103,0.474060201745584,0.118043877218472,-0.87777716349663,-2.51930866514643
-0.81968992177515,0.20495612848433,-0.222697509720849,1.44557121594932,-0.44501555564351,-0.222454142308351,1.03785409467657,-0.254916993283823,0.863324245633441,1.95993025977912
1.87491389357124,0.342024953154825,-1.38300886092543,-1.5210248659724,-0.612117173883068,-0.508488948768551,-0.9712317851509,0.0782866278215764,2.63530342147993,1.63185907402375
-1.47767420883087,0.658315457277183,0.407061585623012,0.76702504719251,-0.632154641081657,1.56045133265292,0.0923896906744904,-0.803853596705936,0.0372915707257518,0.70946611861492
-0.670710267808139,2.57548121795023,0.849434007198587,0.103775495404521,0.379113823750617,-0.731916186329413,0.955932614858258,0.386668930614962,-0.593938779713852,-0.355309495648755
-0.397650862502863,-0.327280593983747,0.16839487663693,0.203075911394478,-0.148319138702725,-0.551126326930578,1.50854219504702,-0.539642090350264,-1.17830876497418,1.15816831728807
0.609807220597018,-0.813651490144977,0.882103606060743,-1.06410595676082,-0.668691293308567,0.738056903196649,-0.0235913695209891,0.180559335279097,-1.33426858983265,0.214087843439228
0.47045411314441,-0.570055552734067,0.584900932136636,-0.342662768268486,0.879397205305393,1.08385716530598,-0.110528331240719,-0.398420591838193,-1.67603207542226,-0.0733635479990969
-0.940728478788731,-0.880053301442312,0.304997691547479,4.32767236649106,-0.408574176650753,-1.35491810826884,-0.066973492353931,1.34221140996931,-0.503627731569345,1.91708400808303
-0.446572504303238,-1.42394058111916,-0.690100037562852,0.218795694680968,1.19101236284877,0.234282356327117,0.108199158115347,-0.759511921054671,1.0309838645165,1.15900389857156
0.6189952862243,-0.973618458228864,-0.541202547547904,-1.16896328892181,-0.715330912962811,1.08434721609927,1.15354436526315,0.643506709751243,-0.62524295735316,-0.307505069115674
0.503365857632032,-0.348672473354825,-1.8416321795432,-1.61254032562682,2.0823524644712,-0.587787894362711,-0.357329577067646,-0.221645843157574,1.19613141285044,-0.0981277045236492
-0.276284675205508,-0.893499505433388,0.0142683630024612,-0.38662005179289,-0.388715799661391,-1.12723393717119,-0.287095730096443,1.14967819339633,-1.56624027627651,-0.283669457666077
0.795313170263118,0.583777940015709,2.00110513225095,1.35058620071289,-0.770373683791669,1.70502791364392,0.28923994392448,0.172732423306698,0.0279135236285319,0.00630607219839422
-0.3736496663162,0.138805412649295,0.544223927823352,0.0548474503318021,0.502426457467704,-0.330244611340721,-0.0104348365613241,-0.787560352438312,-0.66640874116762,-0.126069255809857
-0.693891412100739,-0.641585018028065,-0.591285060131262,0.502995019684885,0.816762338754938,-1.36489955023401,-1.13236470590194,0.33225949502217,-0.218534946744193,0.696272965061118
0.372172047069639,-0.623452374304683,0.560504748265852,1.17167774295587,0.65366839844044,-0.148806889802591,-0.0517899414222933,0.315509594899607,1.91986291450937,-0.470112394563419
-2.14788691372337,-1.31076402496833,0.0818688693669016,-0.593922651860381,-1.49260552482841,-0.0303596208837991,0.521838634142047,-1.6836842220969,-1.25542165114071,-1.84010372056436
-0.486868156538859,-0.343091761362441,0.0680050553551302,-1.39463950036452,-1.79555094471115,0.146272062788799,1.45006534174449,-1.13436589932936,-0.122176037830447,0.483869066489281
-0.724797077418182,1.14137230107917,0.0265041220703072,0.248354290873059,0.4787243349328,-0.612512464347802,-0.150594271739548,-0.424136444286335,0.0487031394231887,-0.389712076813421
0.681406823766145,-0.141997703327596,-0.145175855133848,-1.46696783085495,0.20217594231843,-1.35041529209105,-0.415980396008528,-0.309312453581561,-0.700116805848869,-0.539661456294163
-0.13045877433923,-0.145459247565828,1.52736928613982,0.37496728579344,0.151842478741084,-0.860035751077093,0.754636347305408,1.6967609109846,0.785671484062552,2.9984398956699
2.08471454213937,-1.68717950741011,0.106805415578858,-1.00602102817132,-0.0524680679588165,-0.0387700786356788,1.48468210933971,-0.0674844504826398,0.719306960363301,-1.1921257083558
-0.41600161396394,-0.51985944841396,-0.411526128824035,0.22714558866762,-0.737733960001453,0.504649129426809,0.801574399082095,-1.16920386129462,0.457591268220217,0.168110134520829
1.19360468289578,-0.0562768638701318,0.497630523729918,0.284986325572225,-0.22936522064384,-1.77810171371408,-2.41349948763141,-1.15938825832107,-0.781454841871925,2.29599083856987
1.81654842379427,-0.787549284942564,-1.35964798302356,-0.320042324058065,0.836418996331759,-0.420198308437278,-0.0835424691510526,-0.0115688307869419,0.437308533057704,0.135873089069758
