-1.58232543416665,0.0969890252617809,1.45066571034934,0.173619737269012,2.23563902812053,0.66975237449299,1.56629946884985,0.394838591715594,-0.0681074101813278,-0.563682988712025
-1.01095988896831,-0.105885674190928,0.0715094013393618,0.864760584630782,1.47186908362236,-0.665214158458723,-0.0700235233373108,-1.75404635405051,-1.39557780996388,-0.777248441531275
0.0945334791600579,-1.5566498937269,-0.579191904645485,0.381577756341937,-0.0588074479524541,0.251616069861509,0.655470194172612,-0.926589609867675,-0.785422835743988,0.964453713378908
0.180592611070651,-1.89034278687772,-0.0272955480790342,-0.745571287985777,1.32386146063722,0.765117184678476,-0.778366662844071,-1.83728925695802,-0.604507323475022,0.938291745337337
0.52832067915196,-0.740934839811049,-0.127723248773164,0.126848443254547,0.389679293613767,-0.445723637762107,0.66370319002857,2.18407317782817,0.223586979358239,-0.24380809354096
-0.275816670307212,0.942904100696578,0.496216086607594,-0.788516896648007,-1.18447571772143,-0.497279816488472,-2.33392875424457,-0.351738866342109,-0.812519172249177,-0.206991491107387
-0.391469052252673,-1.25191539288244,0.994203359952395,0.336430803589195,0.744942667415599,-0.861719687521945,1.04674932498913,-0.504296658570833,-0.11858359792737,1.56365295539727
-0.679691444494964,0.111772175523009,1.21255110124305,0.738353891594402,1.13188344879764,-1.37224215173139,-1.29992245126982,-0.616253200232436,-1.19558262376046,1.09405682996901
-1.61208749229275,-0.600576673186464,-0.247682974856075,-0.609858212108984,0.63311822403036,-0.687460930618916,1.45832168961128,-1.01670476065958,1.02256314674786,1.01172460070497
1.61238568641461,-0.270966659610247,1.78480556031522,-0.756835805819596,-1.57956072776021,-0.869263201341667,1.56085914510183,-0.754387516630378,-1.69428849175956,0.916804600435628
0.951111687845805,0.0640866727186396,-0.0314828784667073,0.88149363562872,-1.10206165434663,1.25288925000213,0.259594736577973,-1.32601989269579,-0.150197690253829,0.278048728428729
1.15187259055517,0.467271819131453,0.745326608827157,1.6597916221576,-0.0859618467700244,-1.42758722223744,-0.53336680264744,0.369467960924553,1.23246729585439,-0.959119704227084
0.323190123172682,-1.99353837485321,0.105491024808592,-0.94551060875921,0.718347859953864,0.483776110406359,0.119377868992777,0.39881782437949,-0.499682871483815,-0.0743717227040529
-0.0115274245234535,-0.24522531626953,0.067566427088749,-0.00804104348168358,-0.789597327523568,0.924159110301966,-0.329891683691075,-0.612834575136382,-0.571068122948709,1.03891919948855
1.08458017091624,-0.871841503654439,1.04369664843268,-0.37643146616995,0.740070601960807,-1.31816973758206,-0.0248114268686419,0.522992840551604,1.11095207743166,0.333901113668614
-0.399272171421396,-0.133434960298487,-0.00882638265384763,-2.65148484236379,0.920887269791193,0.598634381869727,-1.07950361397286,1.31596294879926,0.607449817459447,0.0695484141466223
0.470707833190591,0.293946890744452,-1.17934747353114,1.15751946487516,-1.15153732359907,-0.360879891782612,-1.079011515971,-0.392357902238394,-0.451414860804303,-1.82003940464701
-1.94018479474454,1.94545990515763,-0.0515128876070315,-0.421759255794483,0.240974207175148,0.601356326071853,0.623328840551092,0.813290181289729,-0.119797353905244,-0.0325142529743561
-0.350822181391888,-0.760453277371126,0.561183811523957,0.0767078313024767,-0.793376735108689,-0.576701273616976,0.795090737816707,-0.624461897843811,-1.18429252203723,-0.508739307611668
-1.52465204286846,-0.201547796513574,0.360096496060156,0.0953697586526792,0.917470428365331,0.89392250444754,-0.0412469363710521,0.119732683357048,-1.14153918234408,1.1525583272478
0.952628329019965,1.01050696518531,-0.571317717276176,0.14472712496691,-0.815758210445052,-0.406758656549863,-0.307954530019906,1.30248217407149,1.07089904878598,0.341970190549402
0.838493485641101,0.268562188524298,-0.440578451582551,1.06923120629596,0.468632916220726,-0.164664462078877,-0.610251633510622,-1.42657732385083,0.415747485983935,-0.47023501072229
1.58539951243948,0.547987984036636,0.993009210327563,1.66708017470489,-0.215299492710537,-0.836350245180275,-1.69001137458209,-0.145684821862845,1.0348863075737,0.751237986519599
0.26668861263724,0.671167714051513,-0.291341377899632,0.106299138181025,0.430770570611474,1.31456305777236,-0.121570069788827,-1.01773286055086,-1.26336309315337,0.366464807308281
0.694428361255126,0.87391819524357,-1.83005781984487,-0.623891153198088,-0.580423335729013,-1.10540748695959,0.102097807364932,-0.18587239031222,-0.504262083033523,0.219198830473848
-0.397047340997425,-1.37304146520153,0.193321987102557,0.666164585380739,0.247396631117652,-0.194918430906902,1.26195648544758,0.0358479720197428,0.188904329714363,0.792759397509842
1.61238163772711,1.06503536398516,0.104768856028527,-1.35028538403945,-0.595953400421405,-0.346407821619283,-0.177610524619633,-0.816418209075972,0.0984219493845153,-0.763663398066113
0.601090795346939,-2.41692659479349,-0.928563893020779,0.950522822978727,0.65961449114737,0.663307571150784,-1.20374382297784,0.382239728012339,0.0501708025372033,1.49783524612187
0.162073478688755,-1.47412278592681,1.54238861082619,0.183398794684547,0.244908972589146,-0.141918216186841,0.718300583444669,-0.159820577379866,-2.03214505742869,0.427844020264335
0.805462892159149,0.202784197871552,1.50128910845507,-1.17222976221877,1.29578625461482,1.28330693465322,0.414660211022551,-1.08505309269592,-0.678209452814356,-0.265706646812503
0.556893594719133,3.15652109936383,0.387949004926245,-1.32955857347426,-0.714152815207597,0.142477514751226,-1.34137468179625,2.42840555553445,1.1895375239526,-0.998168884735541
1.24578928253324,0.346714077584835,-1.63668338915493,-1.20347127305419,-0.623208726830785,-1.17106472180859,1.02804127745128,0.44502203780649,1.75433558783033,1.33032236071309
-1.11497648740713,1.91675719032199,1.06985361223566,-0.431969836223282,2.34381750773202,1.78832411605846,1.62193117808689,0.125039497590356,-0.0326549313715619,-1.11190343488526
0.846071937206998,-0.00410107704486377,-1.2800722162014,-1.3495655823423,0.209454882994142,-0.759580488273518,0.335804290884068,0.72907788810461,1.21992230160314,1.28526183820508
0.575296585183079,-1.17117132923887,0.996066538236193,1.47381090649674,-2.10988395275947,-1.536066542368,0.69001927509469,-0.109906136735011,0.760959135559049,1.33843983270235
-0.531529045118643,0.381971958992348,-0.580729074126922,0.508359856169984,-0.182146068622924,2.08393927408305,-0.275814412180525,0.213439455297417,-1.26490165215704,-0.0521202587967342
1.05672175200097,0.610392652549933,-1.35354300346459,-1.56785173015158,0.749029535522949,-0.222955641681419,0.652386500712975,-0.584561660166996,2.35344923576252,-1.11341164933908
-0.678939493796767,-1.33868592190197,0.162571670465773,-0.292989429044489,0.930400539565207,-1.44558060894247,0.157645489378865,1.09605922883635,0.438591292493689,0.0152983777936053
-2.03233197849567,0.369342561096525,-1.18676032594673,1.85165109649007,0.40420793897591,0.473873378043417,0.485968136019034,-1.27638870273295,-2.23873894691066,1.32124581973133
-0.160194769662125,-0.900370226796199,0.895887003421667,-1.62190448952323,-1.21795511913663,-1.04579452578191,-0.187958021426651,0.36136989554164,-0.885484770814823,-0.364533499468182
-0.0600979063077297,0.140584977680925,-0.461191899685146,-1.72865125415517,1.7853804481312,0.108518193269914,0.239359382510491,-0.526811884607333,1.01266373169465,0.915222896357798
0.503604925492988,-0.204696972597924,1.19907169233582,0.422089419722995,-0.565850766255076,-0.768064945280484,-0.387448005840407,0.455525231208376,1.91650913779615,-0.134450701414635
-1.42241910569582,0.203642949147751,-0.0584299683222389,0.471495843498384,-0.126354950465178,-1.21091638096806,-0.497141471508318,-0.0107778455854154,-1.79943365184142,-0.897926612442078
0.117329065411872,1.39684043976151,0.388093664134304,1.437426727403,1.04403980646265,0.318968891706554,-1.4316599967171,-1.07469342739015,-0.438758111481445,-1.07930863250613
-0.911370643577386,1.17509467597899,0.740965312460853,0.352418437945315,-1.12638672731737,0.768603416034627,-1.84974920518075,2.19050802248629,-0.316897687942754,0.846801812725758
-0.67388938349141,0.819085925838342,-0.792531522469334,1.96155897014748,-0.330014057152941,1.68099221099045,1.00479774051478,-0.560314672651798,0.478694123137731,-1.14892517773646
-0.439467646444249,0.567811982611889,0.69663394369204,1.47658244269909,-1.30490961001771,1.05712352133963,-1.6547963929882,0.434592083112345,0.687472463130213,0.0627815211815902
-0.139181825221288,-1.05081687044872,1.12419610689226,-1.27428167276284,-0.729991482928958,-0.63841627329633,0.696069311415346,0.491469827722417,-0.69702176466366,0.635174752487907
0.294222396929233,1.33638601493285,0.636088322118812,-0.610455037311792,1.49590034624868,-0.700890725161279,-1.55025033431731,-0.0505133657391033,0.144002483841654,1.61450770405619
0.538202882688291,-0.507762624870675,1.0683147735551,-1.08141695789983,0.583764227426967,0.44400316242099,-0.35522812819868,-0.971736819682232,-0.317684698286785,-0.629599319092698
1.4186861443899,-0.762902451378903,1.36949386025999,-1.21238916280071,-0.159370004471376,0.0907053884407691,0.376314110561366,0.650443858554476,1.43819851251683,0.95196777081604
0.221046883805142,-0.845654549738923,-0.39234534170385,0.00654061010870891,-0.112117636390868,-0.12592932993476,-0.725118635781466,1.41715392597623,-1.02716500612941,-0.932666957529704
-0.113571481687474,-0.296247537567009,1.36126729221192,-0.707750473204172,-1.58954695643031,1.02899200836855,1.04628444902463,-1.30220589112025,-1.04601508886972,-1.04376735125631
0.941321255743355,-0.02127515495553,-0.28740871085713,-0.433218400312941,-0.377473411957512,-3.04131755964007,0.712668243782878,-0.139069701612213,2.72139980551024,-0.604104276397998
-0.556836922367198,-0.429468456095908,1.21388030613278,-0.37536398082952,-0.277560394041505,-2.29168289830962,-0.0221097730361928,0.00106319396423078,1.34149214470578,-0.336678268448996
0.610209639941651,-1.35234727690166,0.33568962501767,0.411501045631902,-0.0245386223947904,1.03657413910003,-0.519912783471222,-0.986052144443858,-1.04081371896735,0.946286857001788
1.36964675031411,-0.86718963674124,-0.750840436673326,-0.590592520570761,-1.85107853050442,1.48719220953024,1.0450529899933,1.37767686208015,1.35318658419866,0.846238570825647
-0.387588834394826,0.352448625106427,0.0363498631350752,-1.43792863140763,-0.752019765342587,-0.528511079029816,-0.458902176100389,-0.0398881025710428,-0.308830010856254,-0.572258456895349
-0.72342563508639,0.362990520355502,0.0236126377235325,-1.78170531100052,-1.06752174849405,1.17666998559346,1.15488543226127,-0.774641212220112,-0.80651499660078,-0.755871088063642
0.863660438598126,-0.237547959073867,0.629660316884125,1.09091549673274,0.282306298939367,0.879406299032828,0.11512794826188,0.507873975086765,0.111784918834344,0.245306863279298
-0.0625643848734445,-0.993835507267597,0.215974202774278,1.1727503570611,1.70902337163811,-0.511203872549913,-0.793663788447748,0.56238112348187,0.200965975940302,1.14022493477487
-1.31604703207645,1.47657549571356,0.715383415671349,0.155963473265367,0.633882673981842,-1.3226068848968,-0.358307617551471,0.186589878719594,0.45475754533455,1.47009850360512
-1.05933298088584,1.11994988269932,1.16905060803374,-1.02238510559695,0.340377634199253,1.44981120380384,-0.206058060202862,0.325501527352216,0.6721833247082,-0.497631872280118
0.0974699199048649,-1.66908734721802,-0.822281608620459,0.892013692929077,-0.810011312855739,-1.1343328599324,0.452923698918598,1.31009437364429,0.625022109455529,0.344856463323848
0.0911993093994037,-0.391312232062877,-0.270795413570202,0.226480438943672,1.22216697768491,-0.313837055802636,-0.492364208827204,0.0268335938886911,-0.182869520482014,0.246507288937177
1.4304818587685,-1.75622677773615,0.35388061528944,-1.53928455752986,0.532535433656774,2.04620086838485,0.378051342821842,0.647015061267002,-1.15737074453754,1.71555113331389
-0.151342966513279,-0.831490044040814,-0.310711647331263,0.281074642992228,0.968483207758604,-0.50252718353538,0.467754983217708,-2.81430704367514,1.10326843448458,0.854103547270639
-0.546168691824809,0.608461259708213,0.0931543768521947,0.236671982926928,-0.832470233651174,0.972862328741536,-0.2326051977739,-0.624202357217592,0.218507218854666,-1.59948306168124
1.184759278613,-0.799128051610267,-2.00165552586192,0.125692877940858,0.523969977861509,-0.783082692433825,0.183507382367411,-1.56600138424805,-0.11630660513081,-1.122969724223
-0.900689840789966,-2.19602693036643,0.850959818418053,-0.0792518029325129,0.422495325708033,0.5113440703021,0.105800135593944,-1.11351634257118,-0.324174625770775,1.75769176779909
-0.0364678578897437,0.163310335191099,-0.208662758528632,1.06641010264853,0.939360657881103,-0.524868262358569,0.535939709457245,-0.728013395212083,0.21948494835516,1.92017382954495
-0.82656804990331,-0.524424720075794,0.0652665181419563,-0.875373188127271,0.113454805001409,0.584651619618614,0.0662539866115109,1.71696447489796,-0.886587596084181,0.152775656488941
-1.02924793533197,0.773140729399367,-1.09126663934814,-0.524044231440594,0.254881960199595,-0.148644391455178,0.771991475852886,0.6984984330973,-0.596191594279322,0.584017987704294
0.502436387270413,1.12876125086667,-0.712366263728647,-0.892886211185142,-0.772120648448372,0.786775179755212,-2.04402057631689,1.18533403281173,-0.160498143574613,-1.87208060272659
0.580390818931367,0.380860431833039,1.11853315839705,-0.687898380459115,-1.37577474578423,-0.262793105067497,-2.03984466785461,0.0367703898738566,-1.00830267423523,-0.925455504989643
-0.44148642926713,0.202816349932665,0.258419705569821,-1.11270407600161,0.233727965813689,-0.783915069003725,0.999798421150231,-0.19424226170543,-0.648572675362808,0.834764088445418
-1.49115310467045,0.441166454692232,0.806530986039251,0.0921876516786188,1.56109208750045,1.9027047862823,0.713131667331772,1.03951609866216,1.08699497358827,0.708680767405338
0.861021644445738,1.00893052164107,0.812982475849646,0.506045020343001,0.496121105634807,-0.360999759439342,-0.29526658356301,0.569531175438515,0.000962118914876351,-0.539296827655618
-1.12007021660996,1.60618693057868,-0.533790568936554,0.965463610291094,0.454906011835602,-0.179157079504386,2.18164492308617,0.930763751896502,-0.558116897745257,-0.424800777965944
-0.432955816132704,-0.431039430548726,0.42131602601002,0.632695681292154,-0.267603388656762,-1.2044412374714,-0.315345669161782,-0.323300793425409,1.17312851938158,0.593965926843153
-0.713297414456684,-0.714337943978097,1.03329783626537,1.84260351928351,0.198587508901399,3.02898866198084,-0.79979988912232,-1.12225037596229,-0.115076751404335,0.030819100132632
1.43365669995778,-0.891258484866813,-1.08744469594663,-1.05525284323393,0.98432782455574,-1.1894485775862,-1.11641092326968,1.19695770804775,-0.00719801285177676,-0.119675648952734
0.238061036475577,-1.59655793541217,-1.51924460291757,1.39368730800555,-0.871508686260788,0.416506310588222,-0.429817356952767,0.562569126296,-1.10052266671193,0.621529744633793
2.77159743522794,0.00755856487386619,-0.751801091882529,-1.6089399954509,1.43418335112899,-0.534559094245349,-0.0275073701764149,0.869507924366299,1.0375382723629,-1.94421854254566
-0.736102020893693,0.11844495201832,0.253751744861356,0.261880383441851,-0.0552057487035264,-0.339524451343644,1.13066208876385,1.08504794680976,-0.24850164771672,1.71705701686196
-1.83828466367959,0.548518665956935,1.19910059039597,-0.660501396378066,-1.05118156037582,-1.15751405020626,-0.695232426368915,0.862161997246158,-1.01932833434736,0.471959742336189
0.450041009093773,0.772731089247383,0.117459899152179,-0.299471075790281,1.31667655618811,-0.989624786724218,0.270836836673287,-1.32787614317256,0.289777189787304,0.809618326286163
-1.43174625497884,-1.36551056321015,1.03573039122049,-0.941281496807056,-0.689988697036017,-2.78331570652422,0.450499826456925,0.913985173594876,1.05392837970264,1.34868004085047
-0.414444843432923,-0.524552590285308,1.56959440281958,-0.240811522441474,-0.741002962678174,-0.0687231493026144,1.76216662607625,-1.9987965048562,-1.83453066476438,0.91649030239678
-1.53619750523828,1.79710947904741,-0.0193132524238199,-0.317409604873938,-0.379868461719929,-1.0560691141507,-0.727949418159214,-0.429402745969699,-0.0525899843513025,-0.894609490367456
0.830288768432027,0.23285075950179,1.82817313813873,-1.34729627803554,0.568547830691429,0.933180603728827,-0.736608549988373,-0.3704367849844,0.610239496799295,0.377003479042812
0.540278556767563,-0.49791363968065,0.340248313778308,-0.283205017074549,-1.49552262275746,0.75997869312067,0.423574170409439,0.3088189436683,-1.14478206940223,-0.435040940112867
-0.309467361025411,1.22247827212045,0.0859701232881474,0.631118641314665,0.0318714111945773,1.52771898218816,-0.24661105506138,-0.636252774390528,-2.11005621441693,-1.27086282196433
0.392372661002629,-1.01674730387111,-0.214501872435352,-0.569772027718352,-0.542167657227402,-1.32768491279526,0.935295622140252,-0.228614651340505,1.21171425841666,0.239351521765762
0.125517428164461,0.537089713381084,-1.97513984320756,-0.64858457317188,0.358289877045293,0.0964474035064054,-0.264024534113436,-0.329135785711251,0.281281125843535,-0.0280122080210747
1.05274100680427,-1.25943942752604,0.641309815529143,-0.791859738005854,0.0601669148801862,0.59868939147171,-2.11508677619444,-2.09617479487495,-0.525533263946382,-0.429341834875751
0.918563194969138,-1.63785170923957,-2.28046456361077,1.64190418947679,0.595484046012355,-1.02030107178072,-1.74910645486409,0.154984853146364,0.392241254096926,1.05885451089629
-0.482296666462974,0.317326254228268,0.95527619148266,-0.136545263885046,-2.16833882700366,0.540226717282994,-0.495883628542604,0.776152060397599,-0.698755215818073,-1.31982305128985
0.664544177266309,-1.61152660022007,-0.678848105007979,0.291920146288497,-1.09855268863246,1.03452579891489,0.822245837484024,0.841595281843145,-2.68895138240741,0.229944480939328
-0.816309510118941,1.31732185039457,2.17351998317507,-0.555288074950165,2.54232685901452,-0.477230474722572,-0.501304005978168,2.49017224407063,0.917349545367705,0.691742262946475
-1.38082996359137,0.486067167031209,-0.437920533567987,0.265062171994376,0.852650332622685,0.712885605765657,0.0364739546744109,1.01190339194454,-1.33277210102437,-1.43776465082502
-0.334078367273607,0.752599763595343,-0.273192079128335,1.93079664594001,-0.680018216904883,-0.803796704697197,0.214904136765768,-0.174767320191297,-0.812900359365297,-2.04753054413432
-0.136518171667897,-1.41203084921818,-1.02200436477229,-0.391425912248319,0.521944725247841,1.37273863296176,0.968959000292664,-0.234089737338868,0.544931479841143,0.468356723643345
0.615201556518645,0.350256390896448,0.982223485991968,-0.131683739441237,-1.45024341382061,-0.304507777081284,0.175248708044717,0.476819635774316,1.50786822258899,0.0456365051475975
-1.53805305542437,0.111143899602076,-0.612499195170112,-0.871511266747263,-0.0575437763980081,0.866900747342473,0.946713186337846,-0.940796521057608,-0.0508891220478686,0.176011178808019
0.331748502019975,0.560134536694191,2.05946809418116,0.129703972662064,0.443986612144545,0.347729268975007,2.60602648053521,1.62368096693011,-0.256606958664967,0.382300999444604
-0.30793709614256,-0.503745467169729,-0.270481401911638,-0.387176044833121,-0.0893979184868009,1.45988142414733,-1.47440345686638,1.37817222937153,0.649406063427412,-0.153803920523469
0.282587488715419,-0.721765583271786,-0.503334816909537,1.47815113290859,-0.27444265678831,1.50112969677299,-0.118514166691507,-0.313094745496826,1.25894374707869,0.531632355719742
0.638077100251102,-0.606076011171305,0.0868714393924066,0.79725963971031,-0.271151095193159,-0.74190954887602,0.97037278409242,0.395537694342873,-0.902039338827785,1.69892856008831
-0.967750714536855,0.375025358822972,-0.703092448589527,0.10549542218649,1.73733685893059,-0.351338427273579,-1.599958778254,0.315238671257094,-0.363738108461797,0.235407055157764
0.912114384498814,2.35581123022019,-0.0858835166680627,-0.338210609678739,-0.627543789013428,-0.457200559690551,-0.857605687093065,-0.14739782638291,-2.13228372151975,0.19344640902137
0.631847995318955,1.04404560496496,1.07946324260769,-1.955991222737,-0.314534891640112,0.673882564357018,0.770960309380509,1.10388417372428,2.28623401200751,2.15520596597784
-0.0291529388169017,-1.54700325778825,0.455215117540486,-1.31743036903551,-0.234132572688504,-0.165934031275869,0.47628567588553,1.40595325430294,-0.086048347192996,2.48990709690952
1.42447135661256,-0.340685919121392,0.659701587240815,-1.36317394581317,-0.569039348712073,-1.15835977762783,-1.39657091069399,0.193812179465217,0.124664543524998,-1.30239560117724
1.7647792364534,-1.27312157612153,0.459704775324299,0.530185275256076,-0.955883456332236,0.478632005244256,1.66259120161076,-0.477990527099209,-1.45635399146856,-1.89354511442778
0.609450742873075,0.185048964968504,-1.04668699074701,-0.708632822563718,1.41269251172876,0.434512832612128,-0.170686486472463,-1.18457354792273,0.027287398517559,-0.21575088735836
0.395491965973337,-0.318305875164923,-0.105665548630749,-0.619835860970385,-1.57722200789887,-0.761156553551629,1.96714019915297,2.00329662128897,-0.0300785768209579,-0.74009767731396
-0.902801895048351,0.47414134522575,-0.361843391280601,1.20435920996936,0.404204318119644,1.91892776949441,-1.26666589322619,-0.227226624823264,-0.307789179387296,0.577243131753178
-0.0953636116154843,-1.60578029970453,-0.769046262133584,0.272829495059315,0.86070361056963,1.20236769675233,-0.287572889758548,-2.38927612354105,-0.373732360275153,0.463304776978714
-0.120005285326734,-0.302752608402939,0.409908257729401,-1.00573682043186,-1.14768190301827,0.82151719823306,-0.195021123656947,-0.271589367589099,0.830351284355794,-1.82987341308101
0.508602896146493,0.586809661746357,-1.26478099544113,-0.468670684246804,0.31651039145903,-0.56448160671164,0.261770435011552,0.742268684245803,1.12704374213543,0.195268664287232
0.662714344242805,-0.322906075097847,0.851808689191703,0.180496318761899,0.387127679453437,0.936443810947373,-1.29106483393349,1.36541192184638,-0.12170111063702,-1.35570159866754
0.506960316930097,-0.142936580097071,-0.712161695905364,-1.72700568936703,-0.465989957697034,-2.05903176487248,0.424362850794924,1.79585739530656,1.4981859042466,0.383948244955666
0.317264726887363,0.625198076063223,-1.10420667784079,2.28784316298864,0.236585905284856,-0.30876442600655,2.50133628860969,-0.975895305284212,-0.652547641560862,0.961950878942986
0.837724718751493,1.75138415063926,1.37752242171239,0.234049742101724,0.730298832884387,1.08484452299485,-0.796300602979739,0.18662240902643,-0.300213963352428,-1.85331749035375
0.439949505525866,-0.198215055893589,-0.901923995065656,-0.550895757072404,0.446289324597246,-0.658935887831323,-0.696617036235816,-2.00158998233624,-0.383289869586386,-0.431933556607653
0.267028617877951,0.419587706315312,-2.2261730833421,1.08486028348544,0.31292737412093,0.474005928271895,-1.19795831493755,-0.321865174488196,-0.924381930710289,0.0899737960087315
-2.99133486302818,1.26442873045115,1.53763424981998,0.688089503776779,-0.147710361116262,1.54466981062635,0.238689479436159,-0.0512520154042497,-0.0431782749300465,1.27329248862229
-0.209380919501944,-0.545432475921024,0.430950261732858,1.78566814818674,0.651938029026603,0.245110501332342,0.805172150213529,-0.359874800191412,0.373244265899777,-0.337175466181111
0.384174994938375,-0.623650985755069,1.19953456365307,0.157889366041738,2.05973598009361,0.048164003158931,0.90292455604823,1.61792993955894,-0.809449282927619,2.0828427018516
-1.97097854413969,-2.00299528664227,0.517274588695577,0.54878536433859,0.375800231295592,-0.0439693031133516,0.708888456695427,-1.32222936010083,-0.919714694768802,0.490541615773116
-0.214130584845791,2.79466603527322,0.0547396875654177,0.0493617963076568,-0.186608583434754,-0.587483950344027,0.100263868675725,0.408430341232636,0.61544262206007,-1.42437879061905
-0.25212501410565,-0.881957025950161,1.33860883047282,0.0447216916261484,-0.241667400622655,-0.25316319813022,0.737665157964598,-0.520805559336356,-0.00177666137302318,0.61009606431918
-1.62154676327548,0.652338094372285,-0.328179345133436,0.703230305112185,0.0596859763208048,0.768112016917574,-2.88877127846337,1.57948169313041,-1.7753618151607,0.0283793033704596
-1.01364730399042,0.020390673433967,-0.514386638288968,-0.991576927766637,-0.300298597260038,-0.715916288668784,0.453569540619083,0.83607112475131,0.800552962290335,0.6311471247389
2.05627488568472,1.06942075586487,-0.589264377336965,-1.16279273045834,1.75671742354486,-1.04511208396389,1.40106698279753,0.40037963986377,2.55807280739615,-0.362961719686521
0.211346666533803,0.396918612224986,0.987076882480432,-0.423523993674665,-0.53873851053849,-0.906796360982599,0.800664757579087,0.186465073149684,-0.151461173613947,-1.59630739246208
1.05815190987975,-1.17789397113705,-1.54179273721897,0.820110926349583,0.151692635576293,0.518607866231053,0.154331306095023,0.263004928037037,0.447713215337692,0.0774624585214176
1.06554054853267,0.211595147464723,-0.558315218274742,0.233082109063457,-1.57424357933214,-1.24573212843284,0.969193728745233,-1.22269980092285,1.78737394802289,1.19590357129258
0.282800295831859,-0.482331308078033,-0.81070553466915,0.00566257225292285,2.48531141892274,-0.45831875966828,0.826616685550368,-1.78758729799557,-0.113056207748736,0.807040887736425
-0.471261488573876,-0.13537840807393,1.21556950724878,-1.48040439655741,0.0106699917214325,-1.69901871899296,0.415630820507708,0.16921916623313,0.0125784388626887,0.72669076670883
-0.407133951785488,0.0378786651820879,-0.219162021397305,-0.0237585335118071,0.176991531668744,0.722296401846278,-0.494593917711666,-0.96506351497531,-1.87886968826479,-1.83469384132034
0.851427518331252,-1.3089165110192,0.358698821170321,1.18832277312704,-0.513585841583189,-0.998229873592976,1.33055575564225,-0.39798476602575,0.660192036982562,0.950648432135674
-1.40491009406568,0.992742235811811,0.260252965293839,0.0727076859445358,0.200367366727675,0.829270946355366,-1.11958788504838,0.418764510858667,-2.26286429115733,1.07917557117639
0.246131810444404,0.288318327322798,-0.275248237983413,1.85346314377748,0.184483442202418,-0.840408228710425,0.123463051902748,-0.867965952150377,0.319846419181412,0.303883617808605
-1.08827059566523,-1.77768486216827,0.0311737546875418,1.22776404215306,-0.58692270159151,-0.678493862938908,-0.298227316016622,0.00469328749544502,1.66408923325794,-1.30840107335906
-0.88013478121545,-1.25121069322447,1.93054388208994,-0.934424465362947,-0.0709660853574783,-0.796042039282765,0.753324396285923,0.0601030008480701,1.33944365401034,-0.0357524246632343
-0.567264307498321,1.55819941191945,0.792465320178793,-0.82421699342097,-0.322457279572956,-0.257216304275168,1.906663050381,-0.958912976102273,-0.285647595585197,-1.08088196048417
0.156804192847553,0.0719286141008718,1.42557785763366,-0.769345225149463,0.351812727298862,0.615856915199119,2.44195961194587,0.18953521854004,0.176218861680934,-0.602279851550396
-1.5301818070495,-0.171943305142682,0.110788729226454,0.416837789552531,0.445269030995035,0.708767751186266,-0.710545598923867,0.319256845046571,0.497853951337172,0.298108124823497
0.0805606066936148,1.12708295057405,-1.05619341526528,2.11524941551215,-0.0928302346287229,0.202360026409867,0.0156055998390093,-1.02433861433566,0.358572091054822,1.34467536426171
0.385123039563765,0.333700735111181,-0.362062687416537,-0.461011458710834,-0.55965143632354,1.04521360119922,-1.15198811740582,0.0686395286737503,-0.91141052147117,0.441881265462053
0.0484049668409693,-0.455798089460275,0.250596942864593,-0.554738719466317,-1.9110903168895,-0.822340471970989,0.955024849729509,-0.53009032407728,-0.49016022068855,0.66041858275222
-2.34842061142787,0.0319043829252546,3.02636545348192,0.2275531759987,0.0280345038464637,-1.88804225335973,-0.215410721310718,-1.51986393462452,-0.408615571567549,-1.03667131918388
-1.39443975578262,1.69208784726543,1.6639991569183,0.87961263294439,0.830433675536221,1.31434609799073,-0.0867311482440013,-0.65720018225783,-0.021221709608014,1.29326735594269
0.920644429228664,0.882883818696384,1.31553133635709,0.0136948115654867,0.211901032969765,0.739001246306054,-1.99647237031452,0.144919176763726,0.53593340798974,2.32217220695258
0.0685646193352433,0.958528309639851,1.60959385790468,0.851310218627249,1.78797324312753,0.516567363947877,0.658580421387469,-1.91493564339822,0.138620995803822,-0.638896465446746
-1.66389891764124,0.579296447321023,2.24954997290069,-0.41826635042369,0.489322921743593,-0.952389323637714,-0.679047168173284,1.28961080676799,-0.934596615586845,2.25388897283074
0.917689932104043,-0.0642337030252157,0.0028760799322225,-0.160933152184224,0.117601036833407,-1.47612435875244,0.351419811512346,0.231021193038719,0.464091249283362,-0.138270660400205
0.0379692282890676,0.244365318783066,-1.25659720842682,-1.33750564612475,1.98169174129267,-1.57100226514507,-0.930306162779208,1.44059477235432,0.00594175978400583,0.213574423849008
-1.99889529660715,-0.889981543001892,1.63086124425818,0.740824984363016,0.353858790287291,0.359369782733673,-1.12293051801808,0.171009448684619,0.358362635431726,-0.831988651721986
0.72777488366238,0.763908600626015,0.947338068951796,-0.613975829476993,1.12018487476077,0.763455110013524,1.38198061775335,-1.00929328978767,-0.675847064079225,1.76655421392446
0.360650690535377,0.747679132911035,0.976940167136809,0.916066988942762,0.357038798313405,1.23439769376695,-0.0564778976190416,-0.458768815052472,-0.38784813042736,0.0756431623107512
1.26943466286557,0.309701873206507,-1.22029030695641,0.761429098378149,0.151559684627403,0.699370753836889,0.484284532874881,0.164283482699638,-1.86426007432086,-0.836687025082896
1.43280415305829,0.014723410381955,-0.138234887440896,-0.521000058974965,-0.376846527968587,-0.416358324711362,-0.397948509355245,-0.54183568528101,-1.13205396709268,1.49741367974551
0.276807701960531,-0.723289730069085,-0.419371595279209,0.785730548334621,-0.983413295416134,-0.8695386627388,-0.187491575326278,0.380935599299871,1.19392759858323,2.11312637567373
-0.344727480637358,0.388776207422486,-0.333451257928837,1.82137396035218,0.591949008614501,0.56718545467717,-0.360239802506921,-1.6031943609744,0.0335429166581748,1.14662514544068
-0.687092885570718,0.497209449709755,-1.70732068631925,0.200069940534105,0.790905505817219,1.27719319009991,0.61967594389216,-0.259915843249866,1.2589579319901,-1.42385136746863
1.06654770172878,-0.522813027623456,0.337469550627814,1.26733135138228,-0.763659398909894,1.54905152970454,-0.940994042124798,0.105803550056875,-0.619269567143918,0.64170403822219
-1.42603619819572,0.696307636453952,0.678441440197109,-0.834563793154376,1.10002486166192,-0.153370116767029,-0.211208494858288,-1.30211812672922,-0.712774411029484,-0.368756975392275
1.46931907473082,2.12199359239058,-0.748964708555459,0.296050162987359,1.53451351005834,0.989595669713776,-0.410044453913921,-0.469868886128108,0.0814660232838049,0.306600731565348
1.48521382697266,-0.779568834030481,0.0357567733875693,0.415590193753046,-1.16779395025317,-1.04474495754896,-0.300469544871582,-0.394490082551279,-0.0996813156100248,0.855071038401651
-0.372321845910629,0.582220497003029,0.00798892406898483,0.89040774120368,1.01601780183847,1.25245404563751,-1.02150810188859,-0.191583461200848,0.0856532986017379,-1.48893546132169
-0.926755708311841,-0.299249411217188,-1.01077219623785,-0.90341553947573,-0.779023173509722,2.70862438666277,0.0485089074103432,0.276491050763701,0.35710698293906,0.425299957395285
0.0192846050036552,-0.417242703189032,0.395557528826024,0.757004218328169,-0.670030052944059,0.40197764666608,0.826733435177878,0.305139312170793,-1.70523633030181,-0.150670925881217
-1.8501289103292,-0.0608539926813912,1.47937491966154,0.453285400209024,0.156623794767526,1.8010877681426,0.916951125769497,0.619742470065135,-0.609175834671784,-2.20757984794478
-0.250258731877442,1.24530441898357,1.30084288676331,-1.20113585572928,-0.927485579411136,-0.0786880951245053,-0.835544337168788,1.13465349646084,0.583700876236255,-0.390563856398033
-0.499394818075755,-1.27511306766432,1.66013181771674,1.28373631058274,0.208312041048645,-1.30668117844238,0.170632459179647,-1.29724432657036,0.998450939770906,1.00269694436322
-1.10741227528626,2.78539560190293,-1.17024383023284,-1.1408950247994,-0.341178585983041,1.65367591502238,-0.161014467636269,-0.477959755661234,0.308545451097336,-0.382310044743101
-0.207220327918763,-0.63383607458684,1.1512526959482,0.793612830528231,-0.0280545788697903,0.112364009464737,0.196544646198068,-0.893367815438043,1.44343435964962,-0.762238326296257
-0.104749209179359,-1.02179009504146,0.687540559815613,0.543192745283332,-0.234829877784371,0.84104368068611,0.539036822678165,0.667668727143,-0.28071272055733,0.504381792770235
0.683389744947422,1.75362068150158,-0.149955320139594,0.404694241088364,0.225428390522704,-0.340181611347221,-1.67262276514118,1.28362434348986,-0.0615228164352477,-0.98660876171138
0.515052137478542,-2.78198949739528,-0.456312745622844,0.796601225924799,0.765038864589389,-2.00492853806003,0.987434770910634,-0.318116528132306,-0.167844990531889,-1.75502097826157
-0.917805231693327,-0.694511207809413,0.491293868149286,-0.230833773355486,-0.64582865155476,0.941244820857755,-0.87475433233032,1.13963367913414,0.876115108374169,1.77215163792483
1.00146101529627,-1.65941402087495,0.79485645649458,-0.0347109969248356,-0.2474296201187,1.41377032946217,1.91096827304019,0.43615312676164,-1.14848903219979,0.84606477470186
0.302073846789713,0.331931705490233,0.762467611371105,-0.127398159471044,0.0520813167136255,-0.0386554947117958,0.326595573132679,-0.0673003219855032,0.0219162985852077,0.83317999604964
-0.737573927909475,-1.01809210652175,-0.0554844478238837,1.07499561090603,1.83907932124234,-1.21222946990998,-0.934373910440792,0.827743370887651,0.540219969544693,-0.686226632925433
1.61731844523332,-2.7294805062146,-0.99759648450843,-0.212189167695078,-0.0577142510622091,-0.88327268105857,1.44966993508411,-0.950681282656076,0.26030836054509,-1.36268732104819
-0.837483475730324,-0.368754517264206,0.425063949313147,0.0945713260350439,-0.510007225655775,0.588894022491579,0.202679363439854,-1.47374495536364,0.248460096659445,0.0489624297675921
-1.58711711179132,-0.396682002623234,-0.621440802933273,-0.696864036640592,-0.389113659338342,0.310528506644848,0.0211650626591124,0.65520355860753,0.00454323407287139,0.38437857346308
-0.829839216211231,-0.17642094416675,0.148090148953379,-0.933855627505317,-0.99688076858946,-1.14558151335892,1.78637822225471,1.11902503553441,0.0153753332673098,0.551778001018074
-0.735302850437201,-0.874017608795036,0.333400825668728,-0.36914156580643,-0.419605578208429,-0.20392390728753,-0.388629449258861,0.421675182067958,0.61475674194755,1.56257608072826
-1.05880557337533,-0.288731127576884,1.32201125070129,-2.0740637293916,-0.347895009855792,-0.552394186598286,0.272181614694155,-1.06336000180383,-0.40717913361336,0.302653228017516
0.0844965119928392,-0.932916974549445,2.00794800086957,-0.088439916085046,-1.05282347626173,-0.643512893984804,-0.705420534612688,0.130838858244558,-0.691540502203162,0.172903317690181
-0.259147605321098,-0.0316284024823701,-0.0639706339711882,-0.327772019348571,0.923652762426385,-2.11370584191427,0.623034637875364,1.02334820440442,-0.804295141717904,0.327227178450909
1.41568713007,-1.91549560259125,-0.713627024155191,-1.26627272065643,0.0853203203210811,0.133797909539921,1.62465446221148,0.0758000094791918,2.65571168177063,1.6686181246142
1.18127223835819,0.23109750470612,0.379080926410817,0.465508094223855,0.666900582487233,-0.238408495223716,-0.105095624159641,-1.03652292390048,0.600556164177007,-0.319525919091022
1.00303887697696,-0.0066707370315636,0.106544449779509,-0.604563831759171,0.785142788072611,-0.798649455252981,-1.67133146739103,-0.360781821559669,0.653770443064736,1.08092505415055
0.138876061999117,0.0912371173702534,-0.920364210392673,-0.206623244157267,1.52068075624499,0.0116937798046588,-0.636649272798465,0.362027679468796,-0.29245954073572,-0.433880108283971
-0.602993292491364,1.26114356950839,0.776449026592759,1.73040178549025,1.57678057717242,0.259622367816778,-0.0568882118624749,-0.0937665456259608,-1.8864205337992,-0.890716117143818
-0.614255550110811,-0.461378594102341,-0.1455991503902,-1.6902009428845,0.772793194939093,-1.11158953791965,-0.728614983184471,-0.316789556097105,-1.6272136615786,-1.54567415924418
-0.3754880194958,0.0686309176360579,-1.09614716038989,-1.39786648297428,-1.0752711769426,-0.114449176031685,-0.394257112156337,0.238139660805372,-0.0254083070382845,0.513745530458172
-1.14165591958663,1.13513576274833,-0.741882247307145,0.387530831336262,1.04840859940905,-0.905211336494007,-0.495295258580593,-0.055851188504277,0.357795188465706,0.00485431063378996
-0.54175308598713,-1.25215746080719,0.4554802661791,2.50639134107891,-0.752244537505265,1.78130342559685,0.129795513292189,-0.631327607694823,-0.108183568078027,-0.279047033555973
-1.89115319556332,-0.827416151788354,-0.894240878212657,1.35182592005081,0.736936150170649,1.35254146670097,0.830834905040984,1.73926154693915,1.35723924016949,1.06564709329623
0.805903751241681,0.322279295523574,-1.59245655490836,-0.81980821910318,0.562071311221895,-1.38465706961699,-0.230401443119317,0.0121514990656139,-0.0763742634802528,-1.70895306088859
1.82723287104663,2.13839194124085,0.0144671737668946,-1.41557131515607,0.392760803989231,-0.875938862983466,-0.64167286946995,-0.636033230087381,0.590575629038914,-0.765871698227031
0.399577263238108,0.773042502117761,1.38746201709702,0.411913142789104,0.0346553936737608,1.12859135269812,-1.71881165929691,-0.22436796509649,-0.976502903459294,0.204651532666979
-2.07654720772001,-1.12947885579396,0.97235787199043,-0.669386031045895,-0.328620353008565,-0.91135778706716,0.479886175282083,0.466573997299784,0.285237000809821,-0.61060504864429
0.588410377044944,1.11697264545503,-0.632559545737746,-0.202639074622877,1.4090557314091,1.62156039604447,-0.819562329973763,-0.953175680422425,0.533544008210512,-0.832452861684797
-0.12781518986288,0.442678608863316,0.355157113582951,-0.439234547228437,0.557314577147755,-0.594307802492973,0.15676366022507,1.13872735242939,0.143589959387006,0.444476342208523
-2.14108761254004,-0.231731618152393,-1.71382521032761,0.968411586592725,-0.102577790210392,-0.903226827794852,-1.33334672145475,0.649352467187463,0.972776894440298,-1.11452683866618
0.912918827431428,0.50005683814853,-0.315452234378547,1.74715875069661,-0.608254362744975,-1.46389311748813,-1.20920299597859,0.222005156139284,1.77768801756104,-0.177830268345054
-0.403831986359341,0.67120681975417,0.940450648614576,-0.787870769980871,-1.85867972695086,0.000349696691602484,0.683179781798167,-0.692122801281926,1.57946340740075,1.80321841077656
1.6116675452349,-0.101203514894123,-0.228096389862789,-0.828877914371379,1.38159381286156,-0.598695721153586,0.983789800998438,0.792439625433525,0.0360757116081107,-0.472910686378836
-0.435570230132366,-1.52015288842715,0.353008011411809,0.543898209014226,1.39044981232553,0.0702646229147342,1.21091535727579,-0.363007255400142,-0.941155826858366,-1.01217467064743
1.25028206267375,-1.28620966495406,-0.49958637133499,-1.218130044713,-0.0815333153039423,-0.0059279646057981,-0.300664952259564,0.391460080085895,-1.38712226626425,-0.422719444642923
2.06082423810103,0.0981539682539411,-0.0603336080449484,-1.80010021881818,-1.23788010100179,0.655470556224213,-1.04073508912138,1.42762751158685,-0.681537699061226,-2.44277612665072
0.825053011021843,-0.272965574771756,0.004491822707704,1.38041382730186,-1.07319721927809,-0.5366974055524,1.23432383736644,-0.358412841860023,-0.311503470155524,-0.415096961358413
2.29811866197488,-0.766244395774507,0.301692732801412,-1.2247871488503,-0.0549355139214769,-0.93206556801765,0.584713962611543,-1.16870537172994,-0.460059165915888,0.50289054647206
2.39025167821081,0.595291201236847,-0.546718044543657,-1.31166698895876,0.396464380491157,-2.93850042475327,0.155850434464371,1.70031826279559,1.15705398181701,1.36421675438132
-0.952026772196829,1.13418811110639,0.348499476610144,1.94944404478006,-1.26422450606221,2.1231398439995,-0.530425663310899,-0.0751437444136662,0.943331844166633,-0.850991263888476
2.38641138574065,-0.539362800657787,0.0749478641177536,-1.38743880898369,-1.42944366672705,0.205639492309769,0.994974756886756,1.72833059944023,-0.416631039765872,2.83362725222343
-1.04918786769872,-0.852845283882181,-0.706843169358676,-2.35809917578868,-1.2351531670142,-2.5076799149901,0.0622634651921164,0.825330599486895,0.0932799162229814,0.527311848018493
-0.713991577654768,0.947844896579695,-0.183429048104098,-1.15519784124407,1.26736357993406,2.75488074596148,2.4281380101028,-0.520895159312204,-0.119595521114332,0.568516943251181
-0.985590279332445,-0.739019710934916,0.527688870662073,0.185715586614299,0.69780541640467,-0.433775060238521,0.868739232228587,-0.223416274704096,-1.1895975816348,-1.08518102502617
1.54674745246529,1.13833415476086,-1.32327050419754,-0.300200978122084,-0.215137866791482,0.848162272365237,-1.83635808670674,-0.35431119170213,-0.952756201281327,-0.405906590667026
0.533305717672892,0.563634301144473,-0.192176851371779,-0.540098826801533,0.109690557285183,0.778100219721638,-1.86134987716721,0.0645001153786114,0.00473045252463692,0.439681296968306
0.533102009124165,-1.03314185645857,0.06098503376978,0.306685462178116,0.871710427291387,-0.57771746766389,1.09925008361196,0.606888939677486,0.751264746652494,1.10146673579121
0.878295461480121,0.525516642688423,-1.48194576677233,-0.299608558662616,-0.318422041366186,-1.3589556467937,-0.127689053707004,0.206522016291964,-0.0970117411003884,-1.65923739803431
-0.977234936895088,-0.171644023677672,-0.156508036042563,-0.147768310923289,0.211664163239098,-0.654497478920155,0.119303830327554,0.265206219464186,0.7792269247663,-0.232374242433481
0.506692487628497,-0.878983459448815,-1.07382433653931,2.10225964698783,-0.333454864377021,-1.54070348292413,0.566879766557348,-0.465846296013699,1.27877903852025,0.523261982902206
-0.375523307678306,1.281493767098,0.66627104127915,-0.0416087853610672,-0.000410706339361227,-1.95634339762204,-0.409965231693688,-0.367114562596836,0.07348694234634,-0.665800668662115
0.591606511891803,0.951972291207972,-1.72154871739311,0.479081694911518,0.0633337400973035,-0.488566697457247,0.4800085615111,-1.5142276993749,0.574358112301293,-0.0485487762983771
-0.393948851097565,1.0192988776693,-0.0802081774454114,-0.652976028632299,-0.44965773424163,0.0756734897464453,-0.920205675149977,-0.376335283631777,-1.92361892486433,-0.0346729953813644
1.2152803202301,-1.3551177460626,0.370932985847009,0.186184713705951,-0.063173655755422,-0.123799525137807,-0.514587767898042,0.0293457066160758,1.44584682931553,0.905262333908698
-0.75834577270565,1.83351737827512,2.17701557112748,0.532162970337427,1.78837182037032,0.406608334323261,0.938852128302939,-0.70124413389912,-1.90057896404753,-0.717047337473324
-1.4519692641996,0.838212903581009,0.515279207553914,0.481701730689834,-0.428070545418218,0.110696668004494,0.391159444332899,-0.718435011081347,-1.01407019486841,-0.957108001457092
0.409792613140708,-1.53093205965252,0.569049889116592,1.38066357657663,0.0213177872087266,-1.09930462914442,0.638531182906365,-1.23965926597094,1.0252417762986,1.39420743378032
-0.456332965814635,-0.687222914279656,0.392747294141812,0.500411346751282,0.146411672205688,1.38326565118322,-0.752678309849872,-1.35208634520671,0.623533276280743,0.128114634320132
-0.666804407171919,0.226325217203239,1.75163039022153,0.288229816664834,0.730027777662837,-1.08846668998841,-0.211490508345502,-2.14380569885324,-0.0156467485473144,-0.709478674569822
0.877272363731235,0.171186413153297,-0.341525013745537,-0.380518920107111,0.704952519343976,-0.26888697858536,-1.5404262539887,0.865477262983587,0.870589039437773,0.3038704092268
0.0796911042259116,0.0167090135048035,-0.607740365397897,-0.161450988487573,-2.06138874655836,-1.56371183633787,-0.00894175467790909,1.86337751653768,-0.384588199691127,0.0649803179496804
-0.83697676945613,-0.460843010541178,1.2299385435741,-0.245165302671053,-0.978082281008184,-1.75015092946731,0.106684550770378,-0.427229226030778,1.03148166316929,1.89102689010046
0.384210353424721,-1.2934226316121,-1.60924395356836,1.48082866652864,-0.158773585129658,-1.63699511878509,1.05825609671555,-0.35164044924598,1.12119204146119,1.40554784855557
0.543352676046042,-1.76156162302265,0.050342834638554,-0.375043249033011,0.785949044219649,-0.00189761616900112,0.72308389024106,1.80064449380452,2.07533854956618,1.28415209479177
-0.549428258114168,-1.39805119940186,0.157815081510519,1.21871057247846,-0.829677376829399,-0.502709677204456,-0.0820131266858438,0.714818031994655,0.957362804491937,0.0691421693882743
-0.182192983228735,1.57592216466022,-0.874343935575256,-0.210397364301364,0.256601327875135,1.29358388297323,0.173579476135745,-0.0122810189623339,0.180590994213632,0.0214987509411887
0.228646174635039,0.080588960017261,-0.595864348711469,1.46381198029593,1.48218458295772,-0.537560112939266,0.467775338496315,-2.11922308993486,-1.80659120553636,0.436706418519541
1.37394091091777,-0.353694736144707,-0.853408568492414,1.23690211705594,1.92583392973327,1.74579897735992,-1.50223392306349,-1.24443102452769,0.265858367722093,-0.686267774471722
0.368091207782655,-1.27408258473864,-0.946199414119949,1.17832958835208,-0.533790000267136,-0.802261106033091,-0.611963756054487,-1.87399149226218,-0.818213058259792,-0.365050637307884
-1.30241093357475,0.742468405894858,1.09774665746197,-0.621988881269726,-2.12851378939345,-0.242840976627643,-1.0218256723512,0.310544716615099,-0.264140738691859,-1.17656002294332
-2.34509882777743,-0.272601748680595,1.2028687130825,-0.501590543419467,-1.02238930916801,2.02234033388196,1.1577143485153,0.904022954552654,-2.45342545150199,0.558246000969343
-0.935719030806597,-0.191009841572684,0.867219682735802,1.32868256416743,0.686597954673796,0.0533346049137336,1.67799360678214,0.185385770470985,-0.657168564903968,-0.692491023470418
0.682167434919437,-0.00390493844156083,0.655221306486959,-0.174905119682842,0.305546463868471,0.987663006660353,-0.649543189731637,1.11476982907079,-1.62075056080753,2.36867650001227
-0.360843167811482,0.0678014423315779,0.21194723397141,-0.220782959775899,1.06180662140186,-0.442238119660588,0.619319252840246,-0.650877611900874,0.706571824733546,-1.17793472013855
2.77129507051973,1.7857452105563,0.0620116749435403,0.263594958217608,0.787664433810384,-0.556412808089649,-0.568006666758645,0.718622259435821,1.32169570593379,-0.231069408584022
-0.495764951784449,0.452190720792541,1.02360243652227,0.28213887277859,-1.05121437064305,0.746290431091421,0.113865755789692,-0.0515054438972233,-0.322552913395203,0.436271555562094
-0.687330092273368,1.01666592155598,-1.35071263522448,-0.92844851826638,2.11741177337785,-0.635724574845083,-0.0720721970748994,-0.713532094208343,1.40411356970404,-0.725595600341247
-0.654545035830736,-1.13898911535924,-0.781964965704172,0.188840624341829,-1.55723718975947,1.67738027394362,1.49938186470201,0.738398227569087,1.10414813500345,0.190652368540164
-1.5954490739153,0.104685749535006,-0.373614856704353,0.111014353297914,0.105709294646973,-0.325135702861889,0.558116863207739,-1.73835441905639,-0.605752349332691,-0.0175830539711024
0.20940148352276,-1.65650483301343,0.434469502777245,-1.76996786115,1.85875484086868,-0.358242847648814,-0.823393204275898,0.604334388416241,-1.38444663656041,-0.149763181433902
-0.0243800197012466,-1.52143640394261,-0.296499299772725,-0.547986097769894,-1.77948932743023,-0.559255255683886,0.410050347206283,-0.351698127030319,0.810178426334432,0.454359091260991
1.28981803208013,-0.149589515890269,-2.92257310273859,1.08639584570942,-0.336997613865948,0.293327972312601,-1.45202301592703,-0.169517085228134,-0.0695462081148061,0.230585007203685
0.816911286205405,0.497303766511752,-2.08405327061082,0.546577277422676,-1.23855955780084,-1.05241598434886,-0.38395550503646,-1.0013809195869,0.267455275999587,-0.124404477254659
-1.01589195525215,-0.640734799355085,-1.34967805476026,-0.491859991906301,1.66650846590264,-0.0583714476214667,-0.994590348391515,-0.0800915494510047,-1.50495917658951,0.956345910152185
0.503637763936743,-0.0949433391503106,-1.49611308139258,-0.250155287885681,-1.41087895149487,1.67875376107131,1.01786626399885,1.65184566328286,-0.190645300022117,-2.28450368511774
-0.090787785597647,-1.63322638035766,-0.788531109971908,1.50024730807949,0.984752964328875,0.728250704545142,-0.476788323931718,0.342293879610548,0.333314130724855,0.670941260397417
-0.552294529544895,0.587303796346619,0.301759526288831,0.416811309102438,-1.10736122236456,-0.512656643155763,0.235812747092753,-0.201970360528724,-0.410523403272509,-0.230165013186977
1.9595977300378,-0.844675594374867,-0.563959311391693,0.788279044040061,-1.09465127240951,-0.182010357713539,0.238022263075641,-0.708106016725744,-0.0259570300807514,1.10364069817126
0.700587717228676,0.87276519304919,0.74974667768025,1.5925870145937,-0.120323795683979,-0.663513144920146,-1.45450917194517,-1.02634673209425,-0.392407329328409,0.0830789798298909
0.622871825426235,0.676476969369444,-0.385240639150888,2.05858646032835,-1.16146211193607,-0.730371890489144,-1.0005292496079,-0.599454385641305,-1.3557901263194,-0.772279282800161
0.37753061987531,0.0973882369944818,-1.99673624944256,0.450525126286981,0.937986581126808,0.173569813203687,0.0716117916060117,-1.2874416356808,0.689308628172447,-0.692540394623399
-0.191819428758521,0.567744854856143,0.513969530735674,-0.388324925230478,0.168374138235581,-0.516283906681103,1.11749488795641,0.502071078003556,0.014603931317987,1.62016403528437
2.30212839801454,0.595063531730885,-2.24663335861941,-1.18166966127249,-0.347519059093629,0.752906230584179,1.68609697297095,0.115934799855306,1.90655246357296,-0.275707582402864
0.580885451008884,-0.946834088250642,-1.83083152542082,0.440793837600116,-2.45720209910939,-0.0121528486249945,0.760186233756897,-0.0345621442038496,2.82285456016907,-0.0571067399279111
-0.405204801884778,-1.38221031033976,1.4850659337731,-1.10003405642879,-1.07021045003597,-1.41782161257877,0.902793836279285,-0.0225123978350079,0.231406886637758,0.775357279834818
-2.31337122071901,1.09771928446561,-0.996878047369333,0.773139154760643,0.303224652240055,0.887184084516561,-0.947939185656346,0.769558721481193,0.431959994381727,-0.0908589565114759
0.986759629039273,0.805683131870366,-0.359741433062342,-0.464393190366765,-0.605672923418029,0.374007198428429,-1.42614418149847,-0.980643906374998,1.03646946816031,-0.887157304918522
0.851840352314132,0.955013795406785,1.48130385168593,-0.545487913068807,-1.37158680950827,-0.561296956354696,2.64767286003815,-0.219351213350162,-3.14993174505493,1.62891056546167
-0.0719733318787973,-0.817797773406602,1.09958033549739,-0.733289442011348,-0.132369754426102,1.85151531230864,-0.681822393956706,0.343300606651651,0.512069777010466,0.156254339452782
0.0867734439145592,0.465050375550191,-1.38243191646307,-1.35537386481352,-0.460894095350229,0.106599662979398,-0.759591945478929,-0.614950339409442,-0.255161378511342,-0.775683755725503
-0.687857877914925,1.68246411481464,-0.339641713048204,-0.20974137500872,0.443494786948593,0.381657206954404,0.385325939907383,0.188410802073425,-0.572011691440748,-0.623896904343466
-0.703804677242594,-0.0317477045347996,1.59485279748532,-0.83689421747515,-1.39109673460603,-0.828111827121713,-0.584342946257857,0.275753083239564,-0.609987791643981,-1.00182053286584
-1.14028981506622,1.56479937553381,0.52607297966412,0.343120297384218,0.602959616349289,0.441434694798412,0.354052813923505,-0.701270867769195,-0.363153177902313,0.982598422750722
-0.300510520926375,0.470413486014238,0.0103058703351093,2.46284382140257,0.560477526308465,-0.348085845201565,-0.0299260804115058,-0.198072950197532,0.364283852845268,-0.418327946453142
1.07503768560514,-0.244118522782896,0.277181796472089,-0.886060768437708,-2.00270172750414,0.452596494908589,-1.66224005052431,-0.705970195574762,0.434702259109178,2.11674624102904
1.23545822853899,0.218745633310214,-1.90798840818443,-0.822544225884492,1.3822714934369,1.8104488886875,2.00741057466652,0.60426611584176,1.58438253854236,-0.975312171132094
-0.0789237448521501,1.05206702190976,0.44849013897234,-0.895606769416852,-0.927937681130721,-1.69907799597557,0.472110372607011,0.921154897283799,0.921077461631542,0.0557130891042317
-0.717004260501676,0.682447842341508,-1.20401850969646,1.55848200613363,-0.784505302646153,-0.339040457341265,-0.75360960408175,-1.6131292413471,0.512139394078154,1.22010182448936
-0.408382690580089,-1.89460435574635,-0.723514828908906,0.857586660297087,-0.578183169549543,-0.924416786683051,1.55243317453521,1.03253410843976,1.06883585897167,1.57133072307291
-1.49078693591935,-0.513052882393711,-1.16714865550833,0.00876191690499774,0.45972275288526,1.02758006025242,-0.790480058261389,0.250944602346579,-1.60888479429739,-0.360864867994331
-1.63575814402929,0.544037883940472,0.643760529053076,-1.21141220943604,0.545638182507219,0.929752398923706,-0.0547178727307731,1.67210458039446,-1.25341666553991,1.19309144148619
0.594257316090232,-0.657402213807662,-0.51141158697358,0.0109801804630261,1.63272272425068,0.295231253555021,-0.403494876419397,0.124734330885892,1.00495225232109,1.43583813172845
0.356375774778655,-1.56163703694682,0.75410838620066,-0.193045946464827,-0.476640355094838,0.409271795448238,1.00205388684147,0.605142378940759,-0.211993526649692,-0.456456488031787
1.21918645996339,-0.563782386273724,0.826223566839562,-0.254522062146821,-0.881882427054961,1.42149291193915,1.32773256059238,-0.0677990236667596,0.702667769555891,0.178521609010822
0.288050581863271,0.979604242265271,0.735386133602966,1.22724395682872,-0.0973055424542056,-3.38646670284496,-0.457926318572477,-0.376352911079689,0.62089489602208,-1.6193783124542
-1.13392456857893,-0.888798369939252,-0.96044753520689,-0.938031618650322,1.42698565833274,0.364090460755436,0.148218867500972,-0.176561148637856,-1.15351936217568,-0.900979450732146
-0.617660114049426,-0.0860103516633163,0.370121631431066,-0.119350848204948,-0.765661245176412,0.199223323224038,1.62113353418517,-0.381946553929434,-0.321979657390827,-0.216188070229243
0.122676670318469,0.0619026868109038,0.974099689057158,0.356140710325801,0.715000164418611,-0.126154340063723,-1.29955102591145,0.960762656378455,-0.544582971137787,-0.870211221993969
-1.29941491542413,0.703811638400741,-0.144663355832378,0.137604990985385,1.11464070982956,-1.06938504536229,0.633886822424791,-2.26911965155978,0.0781977224692527,0.679918211870172
-0.0668142136822683,2.45376110811648,0.61714155471908,0.564504533994025,2.02227035542791,1.30664800922659,-0.48413783172407,1.15754322117512,0.460503183960423,0.472298210626064
-0.88749724049166,-0.46992818272124,1.53774184005927,-0.392104251475787,0.146697905371041,-0.340211657517021,0.143908219354679,1.21504200247314,0.0242752573144577,0.00791258897917926
-2.00139434826511,0.4287881512034,-1.17787711185275,-0.643209029916202,0.328985256882938,-0.473318710887683,-0.344806391413906,-0.0916431144975015,0.83807529856119,-0.41526045979576
0.678774636548133,-1.13853206964765,2.1848785245859,-0.255618782390005,-0.798843324605963,1.07151964462152,1.48102585019021,-0.286033010428337,-0.391448210618069,-0.249356037326629
-0.207230494341084,0.471607997472707,-0.24590621144392,1.00118194250537,-0.763090594994566,0.16289145849993,-0.82428883767042,-0.205614267908235,-0.777815255846677,0.421596027257721
1.13959666435485,-0.397163175935463,0.22573832904796,-0.549769147171552,0.136575892057018,-0.209094889429995,2.37544213657795,-0.505818405678708,0.466116123664614,-0.62793395084266
-0.136799102076491,0.127851158052703,-0.345384377820541,-0.372109288342043,0.169438136915732,-1.73222818187912,-2.15816485539494,-0.0785709365527445,-0.748376686021128,-1.50576660568046
1.45816009278621,-1.41537555070145,-0.538832078421472,-1.79771910488968,-0.483100033019526,-0.398373233897705,1.08015513243227,2.73833844361022,0.74296759667572,-0.664824514151984
2.07263417540005,-1.78821591583911,1.65236391853335,-1.31342685784705,-1.03566018358119,-0.512395332559682,0.584200140979681,0.186125732611808,0.72136955658278,0.951463555579864
-0.468862811925971,0.2812527251249,1.24479326983085,0.822997412804354,0.216757132340509,-0.0437563187752855,-1.77053886406795,-0.605555387303948,0.194039606261382,0.888859769726535
-0.163384696917958,-0.881047123535237,-1.92759875078138,0.0117557416629418,-0.692190819043711,1.14562064673665,1.41286398538831,0.919265538893729,1.3968542399763,1.12180998488524
-1.04973571511288,-1.59416257664477,0.0753353227057029,-2.19995771568002,-0.787975977891824,1.96841888393964,1.2130707350571,1.87418110836426,0.246362040637614,0.651257993145733
0.1156036146242,-0.989162114919701,2.03098838987529,-0.0544859934985096,-0.0538398226425218,-0.105937498704259,0.498758555579521,-1.67503072248763,-1.02420054080854,0.615235675682512
0.0747494236372305,1.52599338608208,0.701799675486817,0.425191850475215,-0.821950455484582,-0.811182596438937,0.505972673177365,-0.651521482349038,0.413775808850312,-0.100938404751583
0.0526672366372782,-1.81827534070241,1.88122659235444,-0.0692815282938018,-0.0358793701557748,0.239986015783713,0.203561096718378,-0.719498952162353,-0.368260056393308,-1.49450887759461
0.0254755671854124,1.43350130534094,-0.15691440833298,0.132548088634039,0.308018111258642,-1.08323216923747,0.61526879673782,0.0118391649368598,-1.32414379782673,-1.28386534604807
-0.92154489149407,1.28669055879408,-1.25091957915491,1.27068516919218,-0.71319874811349,1.21434688066617,0.185711274716426,1.44016214035981,1.59950682041645,0.147040430214693
0.0196637429882294,0.0937873865471384,-0.800844902669421,0.266859635507376,-0.516346575288685,-0.318072681364726,-0.513222142611161,0.229944180997833,-0.820465313124953,0.474704285112097
-0.821155323342133,-0.466841718048038,1.24878083643553,0.528702588292616,0.82631645380151,-0.267136280043784,0.827645761180461,0.36006306644228,1.06472716019701,-1.31568694913319
1.49034400431026,0.154775148619708,0.453033403669624,1.47072124476892,-2.70111461841192,0.19118585877225,-2.48907473630241,-0.487631739613853,1.40845040250335,0.890097785940247
-0.991504046772547,0.613343372715676,0.24213994184951,-0.679588173181966,-0.00245065428135053,-1.06613527377238,-0.488195130243774,1.25010012605201,2.35549079466144,-1.71078752265229
0.443338011329603,-0.643672014668679,0.308784729770626,-1.53816918446219,0.125097492756815,-0.382487867827847,0.297344690125616,2.07475032244761,1.49398760344511,1.1399883625168
-0.257359837965371,1.52497391947162,-0.872203627198336,1.5428768491369,-0.126321725727795,0.133405896173885,-0.277786182925715,-0.595299444833768,1.65069251238369,0.768077826435561
-0.745990400240461,0.605609911077465,0.474955473421186,0.406836579177273,-1.29059285576567,-0.270666475958077,0.541690844418361,-1.01461821237028,0.556182557559228,-1.47353363183687
0.388871021113201,1.33820768651475,0.74116829174918,-0.669448603205564,-0.897302818667572,-1.07651267224868,0.102262851929775,-1.73091567209737,0.56891106450222,-1.75039297104515
1.93753517327828,-0.715251579132115,1.85561890284736,0.106184425300125,-0.849377479406395,0.525906104726699,-0.243011424096044,-1.07033284386365,-2.28697931262584,2.11083077999599
0.860945824726906,0.484899409948143,-0.293680033779017,1.00794784613088,0.867606906596082,0.911442249159065,-0.993938049393249,-0.233282002049049,1.87650489555471,-0.577643865898011
0.560581807799312,1.12423697268218,0.458737108880366,-0.333953863046623,1.55867777898975,1.09568769547106,-0.49941713647912,1.36503954406218,0.945008437417364,-0.808506292560337
-0.564600902207248,1.59191425043545,-0.9087497554983,0.579648887219927,-0.0971132035653704,1.14315725731323,-0.344392469743893,0.746652602000302,-0.366555325238145,0.32987549226275
-0.209396131430527,0.810069061393959,1.04438628399368,0.912756701123606,1.19771078474848,-1.08430824693063,-0.0528826555785687,0.0864621486844691,-0.0297004965992043,-0.53003415818235
-1.93821492526158,0.788718362351835,-0.0391530255468044,-0.0788673881617611,0.186985511200058,0.537741526218697,-0.0833891922334709,-0.209414946648863,-0.391812885801856,-1.03075110435924
0.422894014633552,0.38168978458379,0.25925622163981,-0.776361549870295,-1.09653946107846,0.260529460138824,1.4924223333886,1.22083805309869,-1.30465127266069,-0.406125144905229
-1.29990665490517,-0.339939183746792,0.654913733125238,-1.273009670093,0.0371678250298563,0.185260397371444,-0.136802959490838,-1.19450412988176,-1.55657487529205,1.05444344166706
1.8473697032585,-1.41594280380392,-0.182229539260919,-1.27268027357965,-0.584543682891802,-1.67614712399918,2.38209793798822,-0.484339389574122,0.715479684190566,1.38545292372238
-0.648651036654652,0.621562190371918,0.548709964567246,-0.084541464178803,-0.973256086972628,-0.693111104367492,0.315712990322106,1.46305294945693,-1.06048197032683,-0.242541292315382
0.161473914138829,1.26590601016763,0.472665154724983,-1.115298148481,0.773467671893721,-0.135040960962697,-0.565836844331651,1.56579471454244,1.07875669889717,0.304603009580741
-0.378450566558251,0.353618427450844,0.384914919223004,2.09278852539796,-0.451858017331769,-0.279197633815681,-1.60763581610247,-1.07438358564993,-0.983079888134908,1.50207147103709
-1.12742058293638,-0.835265530357054,0.88256984317842,-0.147373654706036,0.274727046839698,-1.10895907494227,0.464740977864453,-0.8907999978381,0.258692242446556,1.67569028966572
-0.84088357838622,-0.15866608131902,-1.6166157054903,0.266792518207787,-1.15230660135584,0.283231002885577,-0.70086593772909,1.89022813490163,1.42128560018561,0.01356686327192
0.562799409003383,0.548060291455062,-1.53939244647676,0.559629899916045,0.0403259680354262,-0.492332372778798,-0.292295305032982,-0.819271419324827,-0.877337753449599,-0.262998698340327
-0.259385436357718,-0.563205535866948,-0.760090936439682,0.258847013181681,-2.04854711543691,-0.483853273796519,1.62195201221564,0.449422045911741,-0.695323602998187,-1.37237743873131
-0.504086904916249,-1.88203184823982,-0.430053972627406,-0.169418300704518,1.26844223119227,0.365907079300966,-1.40893243424019,-0.67164173118218,0.612202645513569,0.609959062953356
1.50481527202379,-0.200572999160981,-2.1210201904463,-0.359641282741496,0.453583404093845,-0.899790678414159,1.11198120003626,-1.08804057278185,1.99261813244585,-0.401077206248378
1.16853865359158,0.323655568319112,-0.168346079984755,-0.151605212602541,-1.6239119397598,-1.13700902834015,0.222604014908094,0.662476478218206,-0.36155787316097,0.169284488843195
-2.59121363375177,-0.710477656417959,0.983118288340304,-0.244171068803269,1.35325760481077,0.00247876486911536,1.1839192169515,-0.0246874918249738,0.764229060494549,0.981543800174163
-0.747442320200057,2.96138408949779,-0.527015621629927,0.734692350621536,-0.574315427877306,-1.02493106235621,-0.649477228368153,0.851090042983059,-0.619256482095966,-0.833870995792876
-1.16959826178686,0.656382195951994,0.995313125657462,1.17549839423895,-0.399399543441749,0.34712884461609,-0.811892829178341,-1.40269125168254,0.580311501426328,-0.0826705019356789
-1.74257219320804,2.52524160412669,-0.244265871957036,0.858539278253509,2.08124995507549,0.537654858692502,0.238974500947511,0.648360893741183,0.537085057610784,0.89054136071803
-0.352937890217076,0.0413143343334247,1.43296537517347,1.38681945757744,0.308832604829365,1.25613158383334,0.0010783292349152,0.0737749330005935,-0.317446809174773,-1.30998029290087
1.38823180603491,-1.52496795121209,-0.422564556511492,0.242623642920381,-1.53875780634046,-0.31292026238635,-0.720695295319434,-1.25841755897274,1.20973240654068,0.0680735953057618
-0.224292591105528,1.03059317771823,-0.312309475589112,0.873530253067817,-0.88020290325756,-0.42095570504632,0.382793875311308,-2.47425886816039,1.1043054157328,0.92779488621035
-0.590439098250277,-0.554517244822196,-1.18933898997879,0.493808359936441,0.055184748887432,-1.62833022069104,0.634156684141138,0.363492272211378,-0.290123387708894,1.00997816043836
0.0678307784978895,-1.41751172279352,0.782412646342895,-0.41098353975137,-0.961541464295729,0.188439730236896,-2.45829344368168,0.00139120793498543,-0.894648589017501,-0.862682929719709
-0.354505595804361,1.28573296950867,1.16589505977008,-0.861405841577313,0.96142107549485,0.949494058482012,-0.598592001273424,0.730708015745111,-0.0115546178335873,0.512211936838617
0.120414103642022,-0.211545528245034,-0.213369126756638,-1.02553080109274,-2.8652211092478,0.373932605814799,0.409628879753041,0.249804355268985,-0.12956330787003,2.16317769102669
-0.23138353423623,0.506100550599294,1.05854987474006,0.299502219715263,0.0985827351648945,-1.26602145064235,0.207085267628652,0.660174285288725,-0.25049991178278,-0.376413862569762
-0.305060056993794,-0.772940954792064,2.25489436250455,-0.0362518948196823,0.293480149147095,0.628101154557233,-0.634855668850164,-0.952883385794849,-0.94841926255013,1.40719177245846
1.56379536239555,-0.355197888702673,-0.811523743685518,-1.89185354817957,-1.81756191427798,0.600413173489743,1.75889358288237,-0.878707872980408,1.41513696228226,-0.237262244168573
-0.321654018829883,0.0666049525355476,0.0408269512669547,0.166499142663049,-0.0569302005726106,0.824223993332352,0.8294739020031,0.18181522499208,-2.01635749326971,-0.386694347458958
1.32582439470745,-1.88610559280223,1.03084224005911,1.52441055328244,-1.58200744866719,0.346369906038498,-1.07544923693827,-0.071443358502996,-2.07158304972791,1.50301869732486
0.804849479061354,-0.62566824478973,-0.196134329079068,-0.0667041145128787,-0.758370460309918,-0.173532155941463,0.452011585653743,0.331109473215029,0.850447315629826,-0.286053311651518
1.43128853808014,0.0355796529583249,1.47211411962684,-0.141563257624189,-0.860173370208317,-0.71042705250425,2.17597726087286,-2.2423561049244,-2.70685690515833,0.187125038282842
-0.0153545704976698,1.44532710755757,-0.928618071481531,0.830314516107219,0.182739369249684,0.429910869157852,1.46723314528454,-2.20363870992076,-0.693555235037702,1.99090837845233
0.123823184225571,0.458949025653569,0.778633403319769,1.68943315041801,-0.0853668654743842,-2.40734818106244,-0.655712572884063,-1.63582496902887,-0.212546196070404,1.77018542994085
-1.67262281646767,-0.993406490770492,-0.651080204347946,-2.12374416274921,0.640785197965394,-0.279473407328213,-0.18303273373773,-0.338808879398703,0.199521920050041,-0.178658689612419
0.547338808972494,-0.180658876734395,-0.55231005630571,-1.13059634126076,-1.10712537302624,0.00472915898227756,0.65360153143902,0.996869934790234,0.0490861291795241,-0.561524053784349
0.0324583155071415,-0.327690956938666,-0.962609661100983,-1.00884087138243,-1.38186922203522,0.261109003830462,-0.384852524577129,-1.05031637263956,-0.309795767682411,-0.6791162623803
0.591052216672934,-1.08991753497738,1.15300620562575,-1.24446992033359,-0.374011564291824,-0.490067449021538,0.755898051925527,1.69981821482367,1.63264487964535,1.60562921383708
0.500474651712276,0.073782352327065,-0.114505646237992,-0.0142209980322423,-0.0178972797598146,0.244664595552406,-1.57493046656316,0.37620714391179,2.82699442308808,-0.749713122265009
1.18022528705119,-0.391434572365021,-0.787867379170508,0.178980227953845,-1.67852329084599,-0.845648345139484,0.725646294115486,-1.49468575311475,-0.72074168462798,-0.131100707338233
0.0310040385896902,0.92253877591486,0.95075294525228,0.798621677616461,0.260526724570544,-0.291424183032733,-1.22029858774105,0.199338275804953,0.602779175209004,0.606442982177403
-1.07491486150895,1.76689391604034,1.72983977058281,-0.164736984823843,1.8175254892003,-0.504960918012914,0.193796009610879,0.830834178110358,0.281555281834444,-0.674245410683405
-0.741953565457505,1.43701835494888,0.52973485712082,-0.878488811124013,1.6087314914261,-0.632725216296273,-0.608678498877441,-0.481096972360004,0.153658780030006,-0.189439700845486
0.268132712853552,1.53565324124729,-0.00545902185779209,1.68487109288212,1.16950574003198,-0.551017430290818,0.012224751514062,-0.432628215864632,2.8494634868565,-0.289143605412807
-0.160429953119577,0.686430098424738,0.210608863144724,-1.33437123551196,0.220527330404238,-0.329767860380426,-1.08261178446934,-0.897030959241505,-2.17621745830883,-0.0634742432885884
-0.614833685076579,1.17513078079155,-0.0779009514890091,0.23869273015548,0.857638009855228,0.407155597669225,-1.62748953288115,1.37333428850253,-0.967826304362603,1.00027754623458
-1.03512346431838,1.61137293427487,-1.3325231937855,-0.666510613511546,0.563292527337395,1.47752220373737,0.955713332946073,0.853510790667999,0.65761282986994,0.336350296591351
-1.04305599767288,1.07290358784119,1.16454828598784,-0.0794258754683855,1.09639931395171,-0.444720626110579,-1.73819418061144,-0.968099260159438,-0.922347775910069,-1.0219979226659
-0.0316494287811397,1.46645738387517,-1.80626926319917,0.137134183113057,0.0828886903351455,1.16178019183745,0.491522589007573,-0.580314352588761,-1.28094700684463,0.559676379687311
0.205082017321786,-0.465003048084387,0.351644648297803,0.550756072262273,-0.683456651756723,0.648813011596596,2.37107915608761,-1.97297950999508,0.618463788861556,-1.69101905849787
1.16274391252169,0.205346027256458,-1.22198214576546,-0.451548972789258,0.0218120177183119,1.60665042886876,-0.594374931752004,-0.444828409507669,-1.633324554533,0.659682497094722
-0.28033403557078,1.26561548668427,0.228125250093817,-0.192625252023504,-0.11893497562053,-1.58950204332341,-0.37049172282295,0.672721263857755,-0.54351982805691,-1.43849803306173
0.5025898571582,-0.632672298736022,-0.10707134179216,-0.724396496300957,-1.89518069388544,-0.814097446442984,0.318341681132727,-0.0329661750166112,1.57351799518373,-1.02485650433181
0.1348131895591,0.0634027541247485,-1.95778095190739,0.233812889351408,0.304060257441655,-0.563524786205135,0.1621082281488,-0.373092777858362,1.26437126640706,0.823439050063134
-0.0224356669113552,-0.498640972541336,0.0258424726089994,-0.761184431572305,-1.04946226174058,-0.848811978803334,0.7356245632286,-1.95539762528007,0.52578950645388,-0.880801034982762
1.0218043061372,-1.54747462850618,-0.251410695683034,-0.0792829113886429,0.556619302084422,0.556225511240532,-0.638341639200979,0.546251350637131,1.16318207414439,0.894591320067881
-1.33466996900669,-0.853406583148966,0.33439057779824,0.125904169861584,-0.0416352880839483,0.700696933722822,-1.05906130105787,-0.532590695919459,-0.871646544361215,1.51489876096607
0.420313584102769,-0.809630510022322,0.786407046827148,-0.637420320953427,-0.409619275610849,-0.894490423277191,-0.628367739637679,0.503453118016491,2.17006448929883,0.711021733615965
0.691902961018307,-0.298020658766999,-1.26889855553625,1.70957282042621,-1.22096429633562,0.707132206685221,0.508463665070362,-0.945296167532237,-0.158610289011461,-1.85726864435211
0.126663685571594,1.05264119385011,0.600963243432959,0.0926489366466452,0.62556778247938,0.561874785706038,0.533608180673279,0.321673409226796,0.357027389786865,0.0336776949476846
1.31945470856187,-0.23655319731254,-1.30217809847915,0.931741654583883,-1.57938832942377,0.181856598004601,-0.180542037672775,1.32487220940911,1.23843847358596,-0.198052446550485
-0.342122708772459,0.389808350474694,1.38312151662088,-1.19007281853834,1.30894860187879,-0.617448239562422,-0.302616648774694,0.977160785670782,-0.894160094629807,-1.16632358670383
-0.682236255499955,0.903409009986652,-0.423662081110338,-0.954719715488613,0.582905802893552,1.07163110871069,-0.0561125611751191,-1.13941170917915,-0.158493093910687,0.0289444421873551
-0.138667656260597,-1.30750820920496,-0.950889834117469,-2.13764544842905,0.822596873140282,-0.101148738084352,1.15429776558316,-0.316158478213957,0.141799264931745,0.0610195159529165
-0.8286803162741,-0.94843208944636,-0.143734739321296,0.693192512467278,0.36800709240408,-0.54516016727121,-0.693711987697081,-0.701872819417059,0.504416891451443,0.519031579841521
0.273855202707749,0.285310964097566,0.129796548568857,-1.20661429485479,-0.57677304727615,1.36876672434124,-0.0408180206688395,0.331215183656152,0.453973070005973,-0.763058289644869
0.129026668015611,-0.532795690498707,0.841421381454957,-0.360609585230996,1.45154677098022,-0.739204682377883,-0.0285076062869554,-0.164206094540237,-0.526253189035425,0.282250099987727
0.915811010826953,1.74295227492543,-0.2753812008215,0.557655738458972,0.480402609983624,-0.0627080259984414,0.24523683079383,0.132165945476639,-0.401258755723919,1.01132826519332
-0.458034855518197,0.316227997169482,0.969053959872335,0.505618147724447,-0.245102652534453,-0.700824070283597,0.654281983777975,0.743966755541863,0.217857554781726,-0.419433332793747
-0.00404197341662831,0.193381695534305,0.668318296594404,-1.73648370066927,1.27062215778276,-0.359346798288635,0.357526275872896,-0.707444217195846,-0.253743596952242,0.169224775851668
-0.229697339789308,1.28023457140344,1.24382362923538,-0.0600957283845349,-1.57836998225198,-1.5439412942158,0.226924403847703,-0.28814470040709,1.54486117857403,0.791613373400132
-1.16993448502788,-0.532114897259273,-3.01203092345294,-0.983820265277636,-0.261231700100901,-0.129417394755604,0.108078775574792,-0.456237339908014,0.0243813241732471,0.835904932783332
-0.822810114148183,-1.16359346855489,-0.451980895848337,0.55312078644677,-0.75134966364418,1.66347966868516,-1.32751226769394,-0.500227787602187,0.201492607102413,-0.781075121472864
-0.140261364163892,1.52813034069128,-0.331827353566337,-0.635489096851973,0.6668693378994,-1.15234941285112,-0.13824502094042,0.928088358910168,-1.71949730963988,-0.350670895205928
-1.21961915260316,1.15402275487926,1.08892356222878,2.16864353173583,0.686981168844407,-1.31353446270561,0.220413797602745,0.150310981492075,0.796373305406918,1.19286287015104
0.267120467046819,0.646951062566596,0.644143055772294,1.56641936053236,-1.6109558138838,0.261812543989546,0.131891885184592,-0.323637720612679,0.489068214774485,-1.95752228863823
-0.416705931109239,0.275038914995477,-0.937618991000823,0.189507396480861,-0.119165532305611,-1.0543656077704,0.499725669502849,0.871142997198248,-0.683686019051104,-0.459085035498086
-0.824163317040965,-0.209462967459834,-1.18451487350899,0.223228089761219,-0.235433752746688,-1.05792598633653,0.977228094568674,-1.04145700034317,1.49374391957873,-0.619787880622373
0.118501568973555,1.76783005980795,-0.638959273393428,0.446769223430989,-0.399352531949895,0.371953262801774,0.538846869761049,1.56057102995878,0.079118461796339,-2.34794221401783
1.1337457312288,-0.245373232145355,-0.933030474708654,0.796697536938949,1.17533251643817,0.280448439715177,-0.578397181116452,0.0510139244022391,0.19443631817088,-1.78025038087961
-0.620411520121745,-0.0180465995470284,0.759822098162228,0.864091598416759,0.0416948402635749,-0.195321223329267,1.10815112505497,0.0195015363150208,0.578265340931841,1.4370907917478
0.326436409893348,0.406190814122166,-0.691634024466644,0.286573849327988,0.367695918871937,0.53652219904448,-0.466398112366724,-1.19513661897216,1.23701706454514,-2.06997290023352
-0.00653941332653836,-1.69368817926967,-0.117166972954848,-0.457011857378745,0.0364739562321936,-0.0559112900226261,-1.27431774440251,-1.1378992534151,2.36034212471703,0.21108008716035
-0.228850523451082,0.386032059715262,0.502197419555555,-0.51098998616439,-0.928156461470789,-0.0182647543238499,0.181175855204467,1.22464378948579,-2.31755147477867,-2.04428401856493
-0.974187703463002,-0.306430059737743,0.444427336059609,0.677505497753508,0.301003815629961,0.132559401669549,-1.87311923613224,0.300405767461517,1.31089567357361,-0.283577480943235
-0.431611515515261,0.302783486176687,-1.04122645778997,-0.72185906754331,0.81005874772006,-1.57400238231317,1.79021765740004,0.563983653905592,-0.266430426796737,1.70530764089589
-0.75445189602398,-0.768915810365799,-0.0666282522979813,-0.0882709462129262,-0.338595512341269,0.347934344905184,-1.38095464874515,0.277685024483293,-1.58426766743709,-0.28565705253952
-1.04095130360483,-0.808179292393872,-1.6140481539813,-1.07473812679363,0.164569828572209,0.757280876496706,0.961383085310056,0.354419470845559,-0.768517477417499,0.593374507486611
0.325075067645526,0.959933930617979,0.667022383038406,1.71312213682322,-1.83562933967232,-0.160701877187772,0.191095653278091,-0.421313746749713,1.56722423605802,-0.211653865380457
0.38996964722253,-0.560439307789836,0.611046315244468,-0.192515890806573,1.29911841858223,-0.549897371774659,-1.51619799852482,0.28785775762472,0.780203983629609,0.566164140524662
1.28565354267587,-0.0581739323689937,-0.0521354698901426,-1.51230637768772,1.09077744291495,0.631260574019765,0.103250588991201,-0.156327278692094,1.38429730677493,-0.213127011184446
-0.266523576104971,1.59006326851827,-0.4117223076686,-1.48384663237106,0.524441339656511,1.06146824169916,0.310243486333631,0.0238255958875798,0.777672235859665,0.609297533129046
-0.0897002566827237,-0.156208191553623,-1.03174862245567,0.0594350859432817,-1.02680781591068,0.15313860050873,-0.411580475791805,-0.867295640847671,0.397808282951319,-0.213197085190266
-2.13391309581107,0.901114628059391,0.694290257045053,1.63665501947612,-0.770137919570221,0.994890492332596,-0.981919422106531,1.27860959365721,-0.884319671790237,-1.198498504884
0.107463873209777,0.58373291563938,0.587709529016601,-0.891125783732005,-1.25648602062884,1.2700901935061,0.101567811701466,-0.775117211274979,-0.0881300567376977,-0.266390648667741
0.086491136585508,-0.282293289404536,0.112556762826884,0.783833638113447,-0.988713247407193,0.540897236664106,-1.40512008257906,-0.170942823833497,-0.209280583518217,0.370974838325351
-0.459271092970387,-1.0123428116426,0.714768798770122,-0.794759700434055,-2.22093165363036,-1.0049422684111,-0.942303451863868,-0.197647589443355,-1.85038167744983,-1.01703211319343
0.55215561577645,-0.22613377801327,0.066645871318482,0.0637899982012118,1.41300257508641,-0.110655968127936,1.50829198396152,0.721693846872961,-0.387161574528529,0.608540233830228
0.668863371873955,1.67890001294258,-0.975041251702711,1.27276323386137,0.243001026738766,0.469456633528644,-0.143151743361333,0.0929096117665923,-0.46002422714592,-0.4292190957686
1.45451499872704,-1.32742624254955,-1.49463888694152,0.76458738605289,-0.704803292881791,-0.315216461419079,0.600675305450331,-0.330947878584204,1.61700972312369,0.416978826912209
-1.36076030418907,0.762294429760907,0.876394523500245,-0.148000917930171,-0.335550821206956,-0.455194231755302,1.45084252224273,1.3409418384051,-0.902903216115302,-0.477830029863067
-0.262889086817598,-0.535261650671999,1.37038207152868,-1.2854027984853,1.6161336088017,-0.581846438818178,1.17814587681092,-1.46729243272241,-0.719836871622975,0.0576835730112581
0.432175983694839,1.51135346271765,-0.5675063286369,-0.184163863305063,-1.28669735536535,0.626023089767368,-1.86166461515799,0.731321697931177,0.213013035319462,-0.252982438388596
0.056119860702214,1.37911582777645,-0.203213159764613,0.793103712891489,-0.17663468494466,0.884638686610863,-0.989104328521325,0.248430252495108,1.68304142722277,-0.422842815533699
-1.52906696731356,2.94086633766355,-0.678386281174563,0.573355946385959,-0.0117852488961919,1.03784966905449,0.0456735453540162,0.343399938874199,0.443765739522439,-0.787553415050009
2.16561929374977,-0.0573982686357309,0.38143189391671,-1.17815017797301,-0.6718366993396,0.24367277650746,-0.675649242164865,0.363157324949819,-0.860774513821682,0.799972670907625
-1.32765252885668,0.154568900806068,-0.398605275083824,1.37579050704505,-1.16315530969953,0.729113219120448,-0.669315208023021,1.09133888610554,1.1589176555013,-0.548498452958801
0.134297658251137,0.822578366198219,-0.230521346811487,0.103125303710324,0.132639447548698,0.14477715600313,0.258077743658651,-0.0292996141725345,0.15626064290456,-1.17900829055405
-1.00508248823431,0.267668296314984,0.000331889474165385,0.0701694111384588,-0.936123164044457,-0.570958461815739,1.28940542746755,-0.133883452135802,-0.304279624909367,-1.17453035349471
1.32703013511238,-0.633092555112693,0.0328937501252351,0.508512814085137,0.925309362344061,1.79162745656953,0.503943070566631,-0.0775041340778599,-1.26256575213652,-0.451956645001564
-0.956514247339391,0.690917685950214,0.221856996017225,0.584203158665063,0.909933854220302,1.58492307699736,-0.396650069369316,-0.616556331468348,-0.875044336451043,0.44540215197719
0.146161265478733,-0.88482582227063,0.287453044695083,0.235833043172313,-0.509452582770595,-0.080900369266432,-1.05219793660582,-0.884115239529917,0.286535810010051,-1.29087015609009
-1.64123113001049,0.210792335483325,0.62493996859277,1.13940107262551,-0.529426089160678,0.117546452312439,-0.873467633377435,0.366426464021373,-1.60479511216187,0.933270380305126
0.675895180118322,-1.04615899088224,-1.31951026961017,1.15685665212957,-0.204800145888502,-1.7691072449883,0.575611525598355,-0.791240850381608,0.206193451983532,-0.305876736065116
0.0237894951609421,-2.03255184130627,0.340421245999353,1.403965450741,-0.331058629193713,-1.57681206102529,0.936822240215538,-1.82826535613261,1.39654473777183,0.733169765369275
-1.571055527856,0.32980710700202,0.58982573600447,-1.1875599759056,0.720905470905682,1.02198264088928,-0.121810960787256,-1.90370191539584,-0.255411838780452,1.65836946065478
0.0527816781187176,-0.713007718472879,-2.1364114996177,1.26492432149988,-0.896695306260405,0.104853471532871,2.36730454290132,0.207253683236185,-0.714010815987158,1.72849737310037
0.130223812712926,-0.347598206604351,0.751914762258979,-0.184465408264759,1.98010475247668,0.319869232686905,1.27230505012197,0.805316709045634,-0.370120534870757,1.12463270740836
-1.05102977227502,-0.909614825960984,2.86993570710297,0.431491872793724,-0.507892146125734,1.35119590245329,-0.199635976078542,-0.76885410426496,0.179211332009235,0.50508730598454
-1.23185057510032,0.215173451631525,-0.874017198309072,-0.264007857450406,-0.0564422206588762,1.11619400791947,0.0141002951097819,1.00542713559427,0.729509898929273,1.04730030757738
0.395202375881918,-0.347956846465521,1.14703750207355,1.4814536152308,0.26038717851481,-1.1920053027301,-1.6343153098833,0.512177937204372,-0.69596130778967,-0.437052177555137
0.413923452221549,0.0851547975208992,0.721356226499908,-0.129331708818161,-0.411899698990433,0.384029360230597,0.755068865814795,-0.375302768191212,-0.166451855951219,-1.22228908679506
-1.30960029527317,0.61558624552246,0.267877562453434,0.593305864281861,-0.818965867945522,-0.0385111035072255,-0.685285293078322,-0.558921788337941,0.54933533624987,0.6034036204941
-0.0263549072020056,-1.49177460343277,0.394410571311104,1.34854732274793,1.12109489814935,-0.712225801997936,1.44927972886703,2.2524961071876,1.11400686824124,-0.519518562862948
-1.23186007170598,-1.21093182037807,0.714533418238255,0.779651618083949,-1.67984910737962,-0.674669797231905,-0.172730232818855,0.205367371501717,-0.443645795657485,-0.991592480002813
-0.0144879586669632,0.30393442688267,2.16545166443356,0.909186403362797,-0.411651307433494,0.221464252019503,0.583287718538336,-0.97006014453605,-1.52676564723215,0.344740092953252
-0.287239906478503,0.594709807514464,-0.731838125789816,-0.179968614648118,0.80776968207403,0.451354242175095,-0.735575907528863,1.5800607036081,-0.379416049832772,-0.913826789065424
0.00990116965821084,0.395145969480101,0.511643870481956,-0.487608589306484,-1.24442871203734,-0.89713243713141,-0.318033562202873,0.520312172376817,0.694121317921256,-0.679745641872908
-0.2868019316202,-0.742082222077292,0.00216975121674948,0.397738431710724,1.41890007845389,0.958648031129463,0.00328009380937112,0.010183615320691,0.93380094079734,0.283123248886126
0.898769874389075,-0.526753682557144,-0.525220462515945,0.977677251705694,0.900335557109873,-0.223715864195788,-0.798199536445281,0.557431782304438,0.88816748601837,-0.994798424193293
-1.08604993517,1.44785706418857,0.870347738250953,1.72546564781801,0.00231732445161711,0.213557675794006,0.216481416534793,-2.30739927491804,0.772926458356806,-0.960344838295824
0.859543159898505,0.481578583943988,0.764463885083141,2.02211287645264,-0.846054961415469,0.170511374747841,-0.937897066629654,0.484234995111731,0.503792665241082,-0.736128195323457
0.631122141342547,0.848620393391355,-0.18237051413413,0.43009400800502,0.434908506557358,-0.146854966395794,-0.48115288946813,-0.292397627353118,0.210243575981634,-0.307286462852605
0.813367358040804,1.14761400055559,0.606623184840557,0.333589021023071,-0.412688092981312,-0.435854063669054,-0.674011268773247,-1.73828831105999,-2.21087686861695,1.43264486976035
0.293292499463549,0.432769299459781,0.339584474039783,-1.28652059834483,-0.330432273415824,-0.452720197236841,0.592290287942687,-0.638984179554762,-0.113569021008995,0.0403661760523732
-0.12440308022402,-0.0431666522123623,-0.901525003138042,0.473857860435733,0.815751328732228,-1.47575267430189,0.385088065184526,0.95870628092349,0.107185408321208,0.218483344759717
-1.24594668713445,1.13369503163287,-0.662942280456952,0.289553442696411,-0.579196802770282,-0.246430611110202,-0.477793232553309,-0.630770625701053,1.2982258795732,-0.542738794462811
-1.13753726252364,-0.281358274307191,-0.208128288002471,0.209095966077299,1.10934723210918,0.301846325038111,-0.690156467574389,0.163956599588519,0.317695080585661,0.705636762785004
0.04466941822181,-0.148835405834369,0.629278771665274,0.234982572523387,-0.159351314504484,-0.301196396182655,-0.545411223292976,0.848368964272878,0.504805524400499,0.152771161287915
-1.03758682358518,-1.0983680975897,1.37067230048546,-1.5235800839033,0.814884955435536,0.738865278273788,0.01545770648956,-0.0442851793546129,0.203819705480001,-1.30347922393447
-0.0631547601140717,-0.516578882015958,0.203421085529166,-0.534908535396005,-0.307302949325507,3.7783285014392e-05,-0.707726534165389,-2.02873933856038,-0.643516844508167,1.24749798354413
0.476553311450277,-1.24722933218599,0.37995923153714,-0.351558979491765,0.487520356491197,0.077688701629597,-0.378121936363266,-1.53074998361878,-0.00787702033088503,0.222177204195982
-0.764160457697823,-2.48151727432761,0.575004431025629,0.144012298662932,0.210639654880952,1.68526866059039,2.00914606049396,-0.445314610280434,-0.160917129117092,2.3437213272305
2.30959708207185,-0.415736639069299,-2.51147134720368,0.30065065286177,0.524612912793023,0.498183236564696,-0.503025914400536,-1.79077701430818,0.137193039228899,1.6223757626536
0.841296548515605,-0.736471418603149,-0.664137790622324,0.581834057670456,-0.256423657949906,0.436860591533404,-0.576353647857454,-1.11779914763774,0.312746763520374,0.667543628934626
-0.33733653145687,0.519239475414742,-0.278219039496478,1.22513603053166,0.688790806905817,-1.10454916467218,-1.378104885799,-1.18759177186916,-0.296256141643082,-0.745989271961888
1.34642404858018,-1.07408301069721,-0.402104259414034,-0.567814589773701,1.8563118154037,0.558698871845682,0.483238079932961,-0.0559862027031714,0.943970843090361,-0.152189041230489
0.796043344949793,-0.830789071034315,2.04586925279171,-0.0218357857502637,0.123822088594877,-1.59918490547366,0.383718907349616,0.346961983567556,-0.123911720055583,0.769879108364677
0.192040779232948,0.262324597950974,-0.438735731884046,-1.21009806411017,0.293996069352437,-0.72069084750141,2.45397211058504,0.931719389760325,0.245265413303837,-0.115811603423583
0.0883489759926563,1.41231690558575,-0.0712697881395167,-0.0976565683877732,1.29577932521007,0.184045213079589,1.11706777266403,0.272145456170503,0.19927785850983,-0.746971597992988
0.328200308018717,0.979423585151453,0.0907513182656872,0.246778791847968,-2.40781723935217,-0.518506831629236,-1.06626941702152,1.93177459920818,0.677665453040383,1.1684133086164
-0.755798217318244,1.26121751423933,1.71605097244062,0.273197720306189,0.0523419144362559,-0.830750483080494,-0.304289589348518,-0.311788308764989,1.50765060980559,-1.06013555548211
1.23927813323637,0.647818360730049,-0.328502154146871,-2.70813523289038,-0.562980487932534,0.993923720832208,0.398478641642335,1.75180166492047,0.598130298328979,-0.153602600061969
-1.0788394994329,-0.792424863118554,-0.0362269406058915,2.45088879767224,0.308247226124684,-0.00054094942501313,-0.51280689637402,0.279100844400077,-1.84573523684029,-1.50985254515304
-0.90810890270265,1.1672974747556,-1.03556467191484,0.327539337678775,2.32293455394976,0.825087787335392,1.34199859809359,0.594058206759847,0.341882045216429,-0.784494007309165
0.530942556063852,0.848548194255523,-0.898290775687378,0.556714800452962,-1.40379486254056,0.244193233960461,-1.24131974536789,0.25494127061478,1.14399255339401,-0.844774443747342
1.13490072685282,-0.769524022080864,0.52331586252776,-1.95217929294862,-0.791595249214764,0.862637671564501,-0.521930162544869,-0.502688788286666,0.71497491922946,1.21203982970205
-1.53273134605696,-0.266468295280767,-0.239942468471432,0.697426258967699,-0.0194232736084728,0.743613668432032,-1.61172172613786,-1.59963183499836,-0.4504199109033,0.609261678187368
0.522227703767381,1.52738989540766,1.31391199833749,-0.0772711100838082,-0.147515875430344,-0.207817851433055,1.44779801932588,-0.407689662278158,-1.12429609264315,-2.91723282231906
0.562897455828703,-0.309962195929525,1.15025578897631,-0.583513451830412,-2.01935041292627,-0.0636220368974731,0.582047042382088,1.01806933261051,-0.492233513370373,-0.548744514156653
0.2479076964093,0.0881714014862414,-0.971760494432482,0.513250384830544,-1.25706450262315,-0.271547071799173,-0.591240236090483,1.27182787017863,0.505652779123691,-0.490392852567586
-0.317804259041171,-0.250794595672916,0.014143392924879,-0.508451243190175,2.17289363441935,0.606700868002885,-0.512695717518534,-0.670181014905322,0.771199112400608,1.02608130119893
0.0440020825496093,-0.889252650413033,0.982387062457494,-0.0724118082660924,-0.192490425330575,-2.28032473609274,-0.465533894585347,-0.667223361666794,0.45579689132932,-1.56910642189107
-0.194337132534359,-0.539463174260517,-0.299892354792256,-1.88935710397974,-0.0666283790130511,1.76416104524285,-0.512561062944976,-0.528659838345899,-1.73072988130186,-1.11870152556453
-0.436581120327709,0.325397451926189,-0.240600730605228,-0.455078019289046,-1.13156370804503,-0.927997787117865,0.13552542344534,0.409816673957613,-1.84720631317809,-0.818454950420176
0.845059180066241,0.404036369947388,-1.0620959794301,-1.1631525027135,-1.57095144176786,-1.04650086473966,1.33235127036296,0.221596113959899,-0.100684853904236,-0.213375436849484
0.0625746567998328,0.533474087546276,0.361449724172431,0.376298515634902,-2.21913850804107,-0.450125648360481,-1.49791808088936,0.42110588799485,-0.19068886761108,1.354853825299
0.882007254593956,1.50789157869626,1.1810091099805,-1.32674691755079,0.270661840658407,-1.09072893080712,-0.629508170231541,0.307221759379119,1.75673085252546,-0.937804076826717
-0.45237107189239,-0.450162146443903,-1.70308989425621,-0.255052132873672,0.169879630379051,0.872646010108499,-0.493460493093846,0.722159535832117,0.10685138513943,0.731545101796708
0.278796652332631,0.518865639535342,0.160466272226213,-1.30917112131419,-0.516269318551278,-1.03114174623831,1.16405485157915,0.600800256089423,0.532708611285676,1.89538315716514
0.578824471398776,-1.22810613490594,0.25488704211581,0.392089912546685,0.352801634291836,-1.6591145251558,1.42571974915444,1.14108998892508,0.914816673924352,0.202845236323043
-0.0450285194457456,0.84124524204291,0.283024705463533,-1.11098664946847,-0.710652987825075,0.291453275469097,-0.609884890597716,0.643093078781664,1.27613465780846,-1.69867606676384
-0.791253286977434,1.07250313098943,0.790982328023373,1.90097031505209,0.184235158317849,1.10681027854466,0.0964544689027073,-0.584559637144187,-0.602865321973629,-0.516677546388144
0.66512939156624,0.740049738258198,-0.92669244500181,-0.612648060125608,-0.0953466160587452,-0.271857949683005,2.02497924816117,-0.333031911490108,-0.0959588779083848,-0.161279092215857
-1.0286837976272,0.0610636122487239,0.477512710576162,-1.05773680823907,1.20785921731245,0.367213230116544,-1.70435874570579,0.571825818431284,-2.46750778456149,-0.123892016893741
-0.0710255394380024,0.66447865070835,-0.135749860251214,-0.526386475790768,1.00103808432968,1.42333479761123,2.52025121035256,0.384690972316206,0.875095559403643,-0.96406354809833
-0.995722820814377,1.7379627487583,0.423167974473927,-0.551391719328968,1.84075060327009,-0.520317860457447,0.638059114365851,1.08229050137762,-0.766503609316962,-0.115760642856774
0.311210569504588,1.00479925622546,0.0876123290252945,-0.705795758665659,-0.895884561267534,0.87377578769557,-0.817925333114772,0.673400138528711,2.40350614503366,-0.187533907728934
-0.301549521225783,1.85135510538638,-0.178899771043151,-1.15069310495604,-0.749196400870559,-0.979871692719801,0.820171712760968,-0.621413561437907,-1.10782450830271,0.0713302631401895
1.38916098972949,-0.357038851689975,-0.20689489772419,0.759045988765983,-1.16673379051525,1.13675722908388,-0.470200728695926,-1.30252448318952,-0.16074192347542,-1.52692543188355
-0.965869358121243,-0.79140480291174,1.04567592708748,1.30435997560868,-0.176692078852451,0.709095512210565,-2.32008437164198,-1.63938904035578,0.530543749642796,-0.105360882840495
-0.158182505338121,-0.926045948249396,-1.90815373871192,-1.94266781333551,-1.46330752985398,0.230860748384626,0.339710281772955,0.196210664821245,1.3192775384204,-0.854362982938915
-0.395273808047355,1.33896039950597,-0.784141440459478,0.549130910630775,1.30477088108728,0.340908141356176,-1.01573089840213,-0.834548972576023,-0.715318584545208,-0.404104592868444
0.366666440650553,-1.60283219185153,-0.454217793758744,0.0223965553362986,-1.19618375268084,0.883746021897097,0.380674857887877,0.420293748339002,-0.53444364977703,0.350520633627862
-0.23140003229193,0.463943370523567,-0.688969115295843,-0.382546114124188,-0.278125177272681,1.72455146690825,0.695137434033498,-1.06215232873885,-0.19303418258875,0.776670452739584
-0.471769758212033,0.169812959037247,1.02556645618762,0.474407204416974,0.98615524977956,-0.951008863741589,0.977208437699757,-0.196543314687279,-1.22188141266546,-1.35566717516179
1.86010343022556,-0.880540643155295,0.312365880563578,-0.598576571402972,-0.323754255505312,-0.99979190370824,-0.79646999533281,0.206209556389325,0.0298600719429401,0.917775339638298
0.461963341932749,0.248541032113804,0.374256330137344,2.02147996481334,-0.907500996504263,-0.423256712539997,-0.729877702355516,0.0310273218235709,-1.18838908669104,-0.328852513717673
1.56168463283057,-0.855419352745034,0.673287430129538,-1.05620703223084,0.809377245497675,0.0457615600374671,-0.919706235504976,1.09451629701683,1.0790074168156,-0.786134114563494
1.57822490152136,2.24090392638691,0.452829724146735,-0.875848347721793,-0.270649996084692,0.750318259318494,-0.940207018255422,0.689226859806555,0.721167842579854,0.129873408652596
-0.904185265224045,0.643810043506524,2.3332359380889,-0.137614731075615,0.707019642353336,0.102923153556668,-0.627660400086552,-0.310332999937816,-1.93667789339148,-0.559145787428069
-1.94448036457815,-0.416677379445881,-0.179384940641311,0.762209839541399,0.349353340737327,1.10296830132771,0.421448925148296,0.190704990143045,1.14903129064174,1.0511951828656
-0.455476345779337,-0.533981955947045,0.718094059835637,-0.0339085232021348,-0.114881013456708,0.373685596294634,0.527121060821463,-1.00574109581061,0.36095707262661,0.283644780174445
-0.887375693953705,-0.592687928141584,-0.530971403417235,0.300608331818351,-1.5174034435751,0.513751418877814,-1.60559891598221,0.0244787849197766,0.404898653457166,0.468600923649755
-0.463775467768743,0.643217858689275,-1.4875624227723,0.667613521929967,-1.05305890835468,0.986759439683743,0.0969978447335362,-1.63300138211703,0.811142435999387,-1.70251806730051
0.650349753642284,-0.292373126442541,-1.07148035135215,-0.0941687256945073,-1.87288773293302,0.105433829537709,-0.133642798020438,1.26844932353141,0.1036064973212,0.480363728122117
-1.17102664141526,1.11706281335016,0.749052796738811,-0.281775712212723,0.346844585926095,0.102575367731295,0.146855728881411,0.698311001052939,0.566169753959192,0.999073109077062
0.839028087857725,-2.0648286394486,-0.0739036858791487,-0.828914672259211,2.12767141524582,0.697354229198095,0.419773953347534,0.465927696429282,-1.46767626513381,-0.11094979335696
-0.471599354169542,-0.460822840288892,1.02955861931655,-0.0501987801286206,-0.858040564852971,1.09036386514879,0.460626255415732,-0.768327217805231,1.14947399392925,0.632407306161312
1.73534642070394,0.176972716972435,1.16938280601915,0.470957861398704,-0.719236300674147,-0.679439123225753,-0.670989975932847,0.55191556867624,0.481693088249815,0.379473139064409
-0.763842596147282,1.671516044171,0.0251228932197198,-0.149718754888536,0.529590163923127,0.656555143737959,-1.49842086002148,0.88522671108912,2.42905250845004,0.92284484742959
0.404465614787474,0.709560421664285,0.567720595547184,-0.756950319263228,-0.714406437590843,0.122250577340827,1.16462126974761,-0.506519623396274,-0.32332395426347,-0.197748705632465
0.548030882209092,1.05357168758312,0.133517110191304,-1.05361409664434,-0.930918487322741,-1.24259121545759,1.11362324356841,-0.273319732542146,0.0043984826323466,-0.257699621381748
0.052994312667369,0.178895672437104,0.607619403340086,-0.986640249019006,1.63149628217945,0.474781498378788,0.980932511518659,-0.555558448692968,-1.00446345374192,-1.10418497844388
1.51079792837113,-0.632582072160955,-0.43628839486456,-0.715643427626096,-0.847545096016816,-1.58503732313361,0.542662241417354,-0.301747385741861,0.989912849171511,-0.962267313139506
0.552142395679248,-0.738795078766305,0.813575401594107,-0.785349011614545,0.423259532299207,-0.12923417677287,1.11118935428162,0.326033116327243,0.385600314425204,0.0141012640515318
0.511040621288776,-0.512194778459937,-1.8515423560874,-1.77963662519808,0.549001437980482,0.804223964453561,1.20682979849915,0.481263969156509,-0.0828557984941167,0.734510199201279
-0.551955333196613,-1.91207409229515,-1.83631938613311,1.51706061172266,0.4494813291341,0.631641488526252,-0.25198702994634,0.45963110856902,0.969531631803325,0.321760986687939
0.504944222788903,-0.478824080427513,1.07679518530411,-1.35895891324458,3.20242269460346,-0.0305950081201946,-0.540976526957677,0.655057104265274,0.0218696348581314,0.751834734134379
-0.674881602261954,2.54687929234078,-0.062081137570982,1.26075696797873,-0.545261572737596,1.00573158501831,-1.08040004968759,-0.719560304863895,-0.230155745550411,0.248956416788791
0.259042821504649,-1.04589851313629,-0.227847834316243,-0.63422124122383,-1.76221446911231,-0.321483123204309,-0.0960508580641814,0.355639817898265,-2.06304061665987,0.252721335122733
-0.289751219065344,-0.420505593543058,1.53496116804133,1.36820842563502,-1.44805126151026,-0.0311143148414891,-0.743217416495415,-0.749035618091363,0.4039457151888,0.494334562161941
0.37451611170262,0.0546643430343661,-1.92909850264774,-1.2751005813329,0.678470154931247,0.284925329937623,-1.09078219066496,-1.01264895044921,0.800255777150253,-2.99822848906372
1.53423680935866,-0.75693460320458,-1.11368444781706,-1.00556025310777,-1.02000317485527,-0.0568965153754183,-1.29326180735208,-0.474401234468916,0.0423414139205533,2.05553117753818
0.414019859364026,-1.77189668478799,-1.55184884868169,-0.155917480047899,0.345458004763136,-1.1741051836844,-0.974321068627175,-0.600917868062397,0.0885015305605407,0.30183306427875
0.0327257025389641,0.640404923570923,0.365749523864895,-0.470064420406208,-1.28343986189576,-0.00865551660765809,-0.116921906071137,0.210646137401009,0.295012267657208,0.135917566932287
0.332591133990586,0.359588478788629,-1.42630232091591,-0.359007250478361,-1.69230234734235,-0.496079467805481,0.0449204439664622,0.891393987581602,-0.491714930842958,-0.420315242420791
-2.29191594059098,1.50703345441791,0.0404160825607159,-0.336387037459877,0.0753865608096832,0.267299854184675,1.97359953189557,0.638990148972682,0.543631770487523,-1.66280537242522
-0.898773617551487,0.506323170756243,0.858453922902553,0.9466102521573,-0.554426514170966,0.603729542234727,-0.709987667159795,-0.177590917569081,0.367961939703254,-0.259569482115437
0.671341776082027,0.812267805462795,-0.190657816283475,-1.12653767232453,-1.50904977476961,1.18782759263927,0.768195439629888,0.615628987353355,0.485424769281872,0.593465405902028
0.550671679013882,-1.34217090217329,0.72632367770734,0.741497798492497,2.34813940183161,0.43343361493576,-0.947188097414736,-0.345035507137128,-0.791399979716977,0.838736063362508
0.174529253928114,0.649803864492092,-1.69439299152314,0.573788164766476,-0.0342419402879986,0.734277141061063,-0.44943359449845,-0.109299032572262,-1.1330874220339,0.439646867197938
0.457361353555834,0.377409920147795,0.178285155323854,-0.643361454821419,-0.867617027170047,0.057052150707365,0.423354628009485,1.00871774337841,-1.59265955443482,-0.793023322808207
2.10702988341891,1.45174636839282,-1.06428446048172,1.26797948485192,-1.03239174737301,0.57100278197058,-1.14088396715879,-0.59428184339143,1.78342477943495,0.471606245923838
-0.0661882750312526,-0.185847957166005,0.76204962348306,0.235311832792924,-0.327966907720776,0.860323533399554,0.999735606767963,0.626269893049047,-0.552258972779027,0.0699054239231501
0.337378218782582,0.848985044424438,1.41270050212656,-1.26424213980722,0.30361812437957,-1.70627803815873,0.727299979637969,0.0977503782624391,-1.01350973834027,1.44681225275489
0.416948121196151,0.0874137632699081,2.24879307012816,-1.80263861600587,1.45673833145563,0.567630515169377,2.21908039332947,0.282783626576255,0.66609284619913,1.60470260031985
1.08853172124901,1.79502683948681,-0.129368557951111,-1.48941104098417,-0.872819846876302,-0.175751693069989,0.174628651703944,-0.0456622410232007,-0.53916875779082,-1.16011060786974
0.353746413863438,0.163908055019443,1.75863454628506,-0.815605593038844,0.63143383567311,-0.711891381898962,-0.452428588336902,0.126465175700254,-1.38599537790106,-0.873639596766361
0.827823845125234,-0.948442263893236,-0.236582950727335,0.254833368743848,-0.611849474674418,-0.681452998704072,-0.827662862954404,-0.53132925444047,-1.56855100840621,0.79692499466056
-0.970610095511312,-0.345984781035179,2.37714198656327,0.10050594968637,0.235945742967204,-0.280970295019794,0.430590695325574,1.63830942079714,-1.55570104288113,1.98888761100611
0.732424788595051,-1.12207984669338,0.773930049447064,-0.274310575599365,-0.672827803323984,-0.715882681365652,-0.183080114618067,2.67274456531996,-0.654491683872583,1.99381745447863
0.611121565381325,-0.638945573627808,0.419189766863667,0.352537480521836,0.0934159126687926,0.241253387354807,-0.364156960507316,0.507981974621317,-1.64388229259881,-0.0981745976811042
0.556350622114451,-0.610269927556021,-0.472192478188344,1.08268898795027,0.306029120113516,0.37618390274419,-0.137652452115615,1.81136569291387,-0.690935819241097,1.1159400605555
0.207055974108757,-0.261353915869807,0.571762517227085,0.276442849021614,0.8569767556149,-2.00346847593435,-1.23119665133167,-0.266543175528959,0.200342018281196,0.64851316075603
-0.0297180381815172,0.074441275345749,-1.32112251244233,-1.95057471443,0.727521076933869,-1.24331770634967,0.735570156921873,-0.235044791167829,0.0266008282614125,-1.23736844303261
-1.18933590209579,0.722557975912048,-0.0316495530902631,1.20798745300823,1.6735672430531,-0.754081915601494,-0.499614291279575,-0.108905292198991,-0.841007642350003,0.726411510211895
-0.17056896718273,0.241971151674221,0.00346188809895648,0.00137200411277392,-0.354936130881844,-0.78126174575284,-0.922301464032083,0.192859146252291,-0.490604205836668,-0.495164603435366
0.948760203364956,-1.27667507574289,-0.0339156783210149,2.31317658379392,-0.205701288578546,-2.55326853930479,-1.32729577989952,0.282001557545063,0.0852568748208386,-0.524069765884257
1.93317440574796,0.292646165909965,1.2430878134486,-0.311623561233628,-1.05489605090045,1.02084608273503,-1.10758539003796,1.04125027912245,-1.44928288553429,-0.555968042091039
1.32056871009502,-0.0180410803292957,0.391611935780272,1.16157163711246,-0.779856104150135,-0.399003802480556,0.651786245882484,-1.19243393279143,-1.04483699699224,-0.534608952809041
1.58498867725631,0.153491311815532,-1.03667058104813,0.428514445976824,-0.0485767623602022,-0.626876418887595,-0.0895283750365698,0.13486779119757,0.776143179019773,-1.40378755414532
-0.978656890563147,0.0761841408933956,1.05474698023045,-1.27508835495722,0.533425452050541,0.764596635262581,1.28834765852519,-0.0910602735908471,1.37118398647908,2.12468400463024
-0.501697952024429,0.953182370881331,-0.547442974993775,0.521479261748249,1.95432450984583,0.397613737590126,0.720118824665672,1.30906734118229,1.94257173312495,0.835890783794134
-0.429719947202055,-0.225717931961781,0.701505422139172,-0.144945820466277,-0.486836704500833,-1.40484472680353,-0.33082223906832,1.60946524014978,-0.786442447837781,-0.995030049366338
-0.339510868640404,2.5645068142402,0.700847807015896,0.392769204171108,-0.498042527219503,1.31387323674678,-0.914152455181714,-0.647736994614417,1.05185452237235,-1.63204733611965
1.88645887677625,-0.0796236559547114,0.625084542652015,-1.6354715417248,-2.3927835546879,-1.80004015546645,-0.0864879966174388,0.362784211488279,-1.6202649735581,-2.28135966416166
-0.49459923857826,1.19938541434498,0.539033360472769,-0.0590387328652036,0.795552229819925,-1.19060170682578,-0.405554585871012,0.486949192043617,1.15588315977957,0.867183937651029
-0.410290390802417,-0.58961509766481,-1.35084899434257,-0.340559581092758,-1.14692840146998,1.22601320952191,0.289130149309251,0.47110444290299,0.208507635756874,-0.742531504761816
2.07927941542548,-0.757889375912843,1.48497755379566,0.843470646073306,0.314799385784613,-0.499497020690262,-0.245448372981035,-2.24677250219635,-0.971748814855557,0.567616918187307
1.94728955525428,0.672515495117513,-1.04674849989268,-0.708624155835767,-0.00285320998792491,0.343320493348729,-0.503824342153962,-0.775533622373006,0.583496521945787,0.187042601856249
0.237154561114205,-0.497739999135318,0.612915147626555,1.18394973629033,-1.05929792364742,-0.860035804011818,-1.5565344757308,-1.12120504984616,0.323039788968597,-0.0322450419959568
0.0585360451694284,0.68899271403337,-0.322666777557487,1.74665295541785,1.08771674118141,1.34609437271113,2.89046387455395,-1.13545306361873,-0.33574148712917,0.554217405036112
-0.750891289043024,-0.465364989083111,1.0639511701618,-0.519049376876241,-0.843342311408122,-0.0102739022497447,-0.380893938869032,-0.255232816647997,-2.32383173438226,0.702567304947399
-0.77812238468067,0.419076942379854,-0.834436860003174,0.172128927619391,0.841447409415401,0.202416269826958,-0.957381228648891,0.726035301290388,1.70868928157908,-1.07239087009726
1.58818905677954,0.879145952279547,-1.42775188245674,0.543405063792162,-0.642977239195498,0.276014639605917,0.086877085180695,-1.35783177478374,0.512231190110027,0.469612065122164
0.733585008133574,-2.59779854331603,0.851729838468732,2.11259515527128,-0.253747781194432,-0.78797977251381,-1.53097265118017,-0.240098420230889,-0.610327331634968,1.28844825976773
-1.11534411036677,-0.717098340027881,-0.226174678617653,0.99094276759351,1.40643638153095,0.542306194549866,-1.17708293535834,0.415424543980044,-0.152045377962631,-0.509600300326337
0.604652721727454,-1.60821792628049,0.94860330191866,-1.18094557187905,-2.34631296408519,-0.667925181411666,1.70320975100609,-0.611091234936649,-2.83019440859399,-0.727669479715282
0.824949431890254,-0.0474556880662111,-1.92704998690513,0.0878093827401165,0.979104530694962,-0.0315134445275421,0.539370302085378,-2.0492303629917,-0.345635747585102,-0.287231214975992
-0.62659684171678,0.433495268749414,1.2980760050477,0.245800864414271,0.753526718182622,0.816915303489884,-1.23947231629722,-0.298455192009132,0.687017215386534,-1.81301239307293
0.943401276180892,-0.0690446011911919,-0.721871663459171,0.64323658552822,0.765478432612341,-1.37706890564944,0.0324411001960877,0.273865181628846,-0.89799056890941,0.778843673838043
1.38183684402355,0.995389818651492,-0.577384753293208,-1.07000479732234,0.246754555246684,-0.0910058346796448,0.25581839936235,0.288380164321332,0.0569012136852409,-0.0638214550798251
0.609668324512339,-0.769663076506792,-0.308368515645454,0.47535513875591,-0.844178162583287,0.858083813757,-0.571556305611813,-0.00850654286699971,2.07841074780025,-0.181481632126483
-0.0857407626056129,-0.109324635915857,1.62548109258298,0.279825922272094,-0.16415468884931,-0.150408461120817,0.919747621595657,0.422136608030565,0.214791081375283,0.606823038205275
0.669885496037112,-0.318098549144636,1.16630056622735,0.81357542582086,0.720513030571846,-0.641295968697347,-0.576647802862944,-1.32095536099445,-1.31393574911684,1.17531638703637
0.603390416834061,-1.66805795482596,-0.618777462659863,-1.97634096277713,0.743398511622367,-0.622902182387604,0.796936911516452,2.8163121417944,-1.09987009748924,-1.81578787741257
-1.04028842088752,1.0253830338986,-1.00944829834868,0.20048584903568,1.30986844440629,0.42375609408531,0.29409678232827,0.899844184481589,-0.138355622086025,1.59392937503862
1.33022595700837,0.166235676687287,0.535084174149897,0.059749450149174,1.29372480369528,-0.229953587580577,-0.763963653697819,0.0260025513152792,-0.491206830120023,-0.672639332959048
-0.819445291221041,0.343738354970603,0.0363946188850639,0.549907042634161,0.176891124028158,0.72018561669626,-2.40816186213211e-05,0.790991725167753,0.395807911229034,-0.589432383319175
0.71576997370352,-0.433690320479119,0.897247875450931,-0.174245589827348,-2.19290461206441,0.744589395272656,0.0565913218831593,0.359547012568892,-1.13954943817208,0.890143399323451
-0.752472417861681,0.0496373599084724,-1.44512345666427,1.11387598786211,1.8298073310161,2.69191904915984,-1.03067777181228,-0.302023531927418,2.50284179622134,-1.30285687812068
-1.688093196358,-0.540007318071764,1.18270572932917,-2.45532401623425,1.14177756097415,-0.726099474427949,-1.12186592949795,-0.360698133291651,-1.1708948282754,0.905341710159113
-0.276324246559736,0.101229038812343,0.530658337800885,-1.74057338299026,-0.20559418204246,0.126364169342328,-0.691581546424132,-0.988532452376828,-1.55006501358396,-0.0442453133458163
-2.32134114547601,-0.0638732178745428,0.438472749002317,-0.337901714568662,-2.02563963467139,1.17267574265966,-0.835726245277925,1.35221592746948,0.643723360923328,0.063910734376589
0.827387884027152,0.425153498959703,-1.56105120708957,-1.00404353329756,1.57868283286343,-0.18611767413345,0.639211526610884,-1.00999965098252,1.95585692610048,1.09457236475663
0.446644557926144,0.428159324149192,-0.722624212138608,-0.616006465640747,0.630546178048604,-0.857594158904543,1.8675448541928,1.25592314756277,0.541439808521232,-0.734295155082489
-0.632393181642368,2.52675162123571,0.822318425728408,1.6148125255381,0.225707429051917,-0.222033406331397,0.132620101456198,-0.391816978689666,-0.47190824399879,0.172875525395198
-0.447962004053911,0.239064047806349,0.0997031004647592,-1.13476101319329,0.0215671562745671,-0.245372281377989,0.562144778799136,-0.818524849501081,0.24375917705859,0.379870672889385
1.7146986974775,-1.58255156736944,-1.40105480249326,0.0909586781315857,2.19116172130735,0.887729493915548,0.614946086353911,0.781595758770155,0.340422669716948,0.971857892536825
-0.0644892870145869,-2.16158218118899,0.492519387991343,-1.73879886024947,0.444672181637379,-1.69657376700699,0.747927126763323,-0.800130918054933,0.126056199294619,-1.34410064143545
-0.65824699744214,-0.264682598193863,1.26587308975603,0.637637855088782,-0.413787069396842,0.189648781836704,1.1316847168775,-0.0847325884241634,1.25651621455347,-0.545101428651084
-0.211069079544292,0.0482163713623386,-1.07356751729497,1.05956754795996,-0.849717372477297,0.0576343854922221,-0.907202921194625,0.0151616241193963,-0.674263662879011,-0.355573318174139
-1.94172869751303,1.49961077682421,-0.214823754517058,-0.0660718439204235,0.656853043790445,1.46544735986042,0.545085447369992,-0.0915119048614253,-0.380405888780037,-0.806653739954089
0.924915427999207,0.368756629048144,-0.15031745412719,-1.10875050580629,1.15971049254772,1.30366499712516,-0.152375286543106,0.051062099516326,0.428022587407808,-0.682213209760076
-0.32462907903668,-0.414262017764581,1.2798261957985,-0.527109479075761,0.437135126146357,0.511558784907329,1.50582960978793,1.96652305770214,1.50897014157586,-1.26588480980135
0.777314680141487,0.30656197393445,0.283634675524306,0.405834996381815,0.17744626027111,-0.55627319761314,-0.538169676299481,-0.359678541654639,2.296491981448,-0.855597480139527
-1.46715469247202,-0.351451814029359,1.49165485852456,0.0457159960487282,0.52224209621472,-0.459704922334404,-0.0139989936599285,-0.129608069827938,-0.58863955168837,1.03991619915856
1.77452020734504,-0.852882297807485,-1.07274078862374,0.182585887362496,0.728399562414278,-1.16589714677988,-0.0716445436085287,0.306822049263525,-0.0598899759449444,0.535503116853273
-1.40222123044551,-1.67910284065659,1.06512458814163,1.22562433068423,0.290019184344972,0.535063515614754,-0.0894830219131201,-2.23200144367485,-1.80061629136375,-1.92749821935149
0.983119425627847,-0.340535465401677,0.88141807333138,0.686033594020236,-0.361137888237569,-1.1957131662079,0.825581644614704,-1.51670073795233,1.0812869083344,0.828943716147335
-0.652641929716049,-1.86387727316197,-0.222478352930839,-0.0523324781424819,1.28628182826029,0.239696977054582,-0.175342428154679,-0.741835055334603,1.09653503772353,0.108856093446725
1.42710349379903,-0.149267294373197,1.70318012646586,-1.90018590045184,-0.290097633996237,-0.493151041548489,0.619936147428712,-0.246012704381109,0.42882301597838,-1.28338699027536
-1.3930743825277,-0.763148620861538,-0.194333515916556,0.0704822622826181,0.173551310586431,0.0135610690349247,-0.608727825583159,0.520091939995229,1.85512983030178,0.290778974757832
-1.03482413788698,1.21794599635146,0.0430497437194605,1.58079444804109,0.757228821366936,1.26115089685265,-1.94008991245352,0.352525423009262,0.736844414708279,0.27350697808095
-0.60857778653804,0.757661307090107,0.361895194776552,0.437878973784218,0.252370254262399,0.805328735273754,-0.666144863194337,0.308157188998934,-1.77476009960259,0.550420646824162
-0.698656092671814,1.02384725155706,0.406325599097473,2.31089066547514,2.20432692762209,-0.660789562049407,0.00876847802399666,-0.929535917314726,0.527388150624224,-1.25916632965298
0.558694212601935,1.4211298255618,-0.762074137215121,-0.370682306514141,-0.696442668410705,-0.398930354157836,0.00581464900857693,-1.15110606598224,0.492174244041724,-0.155677391022948
0.914882227498892,-0.655065133010851,1.5393146127399,0.0665608332278137,1.10123163911055,-1.33924263295367,-0.593384024866218,-1.43428630290188,-0.288932361397921,1.05953054330672
0.283639241288748,0.873850784366946,0.635157251907506,-1.41391875240704,-1.67318470223485,-0.520727537549487,-0.20456748541069,1.6299534782136,1.45231225626093,0.591674395898111
0.756407118495723,1.0372163415181,0.759598747697586,-0.982178624132846,0.717894156414306,-0.148261558202516,-0.867560122954375,0.613795929862391,-0.313578692223086,1.02026980234999
0.336867893496,-1.60040678637807,0.0181218372635643,4.23459215389081,-0.995993767066207,0.403368911369799,0.265876535506134,-0.87557444294336,-0.345755029098922,-0.415102462974106
-1.43372258999103,-0.236312564966748,1.05386990543808,-1.22146511910768,-1.54343098224256,0.559368722167668,0.570491253967957,-0.49678065210007,0.1830889393838,0.649905570264649
1.4290081376854,0.439643323195968,0.166671503154263,-1.90459040299851,0.906835124938876,0.599952526864093,1.00153855174227,-0.210818717532455,1.62410654378151,0.431582179566194
-0.812816983600465,0.575419719125077,1.0664790273302,2.17651407653309,-0.281716847092953,0.146850262872781,-0.111872353461256,-1.0883354008845,-0.444476070116033,-0.115414272670147
-2.45830645884667,-0.314700110593258,0.611488533616614,0.448857641620485,0.909922460937795,0.939721799165762,2.35981940817261,-0.86925895606579,-0.114188889651731,-0.703504570361083
1.3064860490603,-1.34923752689566,1.92052675579507,-0.742700666552316,-0.0270311973167216,0.320518333247265,-0.764672247856824,0.786298113591382,0.522137568969366,0.751174108715875
0.695834805124716,-0.868512963376707,-0.142257456243362,1.02024802634448,-0.929831054834487,-0.103822750661539,-0.412206088645986,-0.83950430017246,0.459133043658794,0.515910509943773
2.66413405401555,-1.63196786905643,0.18864952272134,-0.105863279979407,0.322465065727007,1.25321677820436,-1.11467108818652,0.368941656712553,-0.552833938860487,-0.987592727070032
-0.185330531005683,-0.397959417685643,-0.542711668944278,0.65597378393832,0.591495556573224,0.263394362650082,-0.212287378757885,-1.31867629945331,1.09113358024771,0.434285074876309
0.363832784030145,-0.2151025546061,-0.433660967634404,0.657236973971715,-0.0593271340615622,0.820214336635144,-0.0725091328769406,1.42742593108646,0.214358983694221,1.55663000086912
1.03420996567635,-1.27596695060652,0.204751110478433,-0.589937926909878,1.74814587492298,-0.581164022763511,-0.69916835263017,0.89898762530456,-0.557680359849465,1.82099942816765
0.423370950275521,0.577558537529205,-0.955840463585441,-1.20729597281274,1.0626948363789,-0.685053804954671,-0.504190805191536,0.0217309030442756,-0.422278277979385,-0.113053034201781
-0.215004548518281,-1.23141532396432,1.19326527962165,-1.57675196704251,-0.0502538798606838,-1.7469427824986,0.674451029141306,1.18655563404824,0.597841787904583,-0.422703976210505
0.26417532702059,-0.386013766798055,-0.360219997077237,0.525462106897524,-0.199257153416575,-0.386272612743585,1.3438921659206,-0.879723869717174,0.774355425427313,0.172411204604029
0.220640174804332,-1.16903137832696,-0.513123482145221,-0.706070568584291,0.644949128710481,1.24578797656146,-0.672845653502665,0.0350373743463635,-2.00083063455269,-0.557307031855548
-1.00228250862325,0.781762068278272,1.11460336624313,-0.386459697823556,1.21349574333211,0.293417068419921,-0.80532896566126,1.22927866162525,0.486596942561495,-1.04870677297773
0.801239206953301,1.98240095210948,-0.167161647544783,-0.939333113301711,-0.393536621774148,-0.0737219887147554,-0.666551873042084,-1.35211292822914,1.36102675765957,-0.233353890516618
-0.0692837526801203,-0.750444258487592,-0.873527643421127,0.600937145244897,-0.653748010033192,0.68770217876034,-0.672170051392509,0.629691503350887,1.05438544037978,-0.465645810804291
-0.572890288257675,0.270046232071478,0.762373308647995,0.11218987822102,2.44018430027417,0.649227999493768,-0.0868556330226696,0.0636430080646452,-0.321817498278203,0.127141986827402
0.960771988837212,-1.8913729574274,-0.682737409169747,0.461885688959345,0.887869355035912,-0.944562158595235,-0.112738011891482,1.76135080021274,-0.252029272890939,-0.932359058743919
-0.742247416913016,-0.732092584495165,0.216093361398302,-0.873967819921128,-0.626666527481673,0.0484476837270599,-0.823179264109868,1.09778355465456,0.576212005648738,-1.5967960180259
-0.649141842603561,0.102997073675747,-0.190868735789985,0.896095677509999,0.172304277624763,0.315782928216889,-0.147717809847404,-0.334492903110575,-0.317939433310242,0.0820063323801675
-0.44082186214933,-0.484239599235507,-1.11343351426056,1.18817089469172,1.20014303221085,1.20712485514339,-1.71136733261739,-0.240985361603633,1.59605441142412,0.523404376842607
-0.905764194204042,1.21385443499976,0.761258777465122,-1.17815077861773,-0.774825401132523,-0.376457811227382,0.486585655150508,0.90061184537978,1.26208275899792,-0.78210243464233
-0.434005848751179,-1.25552456945448,0.550156788089726,0.316032367203728,-0.996166633549728,0.126376058549693,0.480756050222644,1.67911309834508,0.145069807187944,0.340960994115742
1.38015530525228,1.13722289037357,-0.331710807362599,-0.283234382352184,0.0966711520181276,-2.02644120166194,-1.98524670061289,-1.17871169572289,-0.661970442564716,0.6219924480761
-0.862207252692774,-0.113468399736087,-0.522061512508379,-1.25334414982865,1.23015028874317,-1.86680251803623,-0.509790759998746,-0.192148372914025,0.940777360363909,-0.400797881673104
0.173179241105563,0.565942262842035,0.364176015489273,-0.47103234952603,-1.98516133692375,0.263036937312938,-1.0057392427129,0.612017196067682,-0.900808271878695,-1.22986772752756
-0.288289049529144,0.632458331619744,-0.0609721638470203,0.299635347768304,-0.491181032818544,0.37767963961483,0.227577475856404,-0.685217772363038,0.905321757039097,-1.71032124464104
-1.16855053681735,-0.566576830900159,0.688655171568903,-1.17268007681182,-0.543558664924299,0.828752580236473,0.754046477330899,2.16159340156887,-0.933218924631333,0.261097520796946
0.4894330327726,1.23920180264059,0.0332992924885267,-0.505224126199947,0.642165776113419,0.635847261922695,1.19683824863482,-0.060396406913392,-0.304473510578383,-0.278254804302319
0.411391438428078,-0.480195939777701,0.103295372928987,1.5173003214089,-0.298535773640572,0.341040822146146,-0.690940745703351,0.00446211498284734,0.0193980798554067,-0.359508007463588
-0.331329039487935,-0.721049731268267,1.94224619900033,-0.877113283974764,3.21418274344617,0.215848026677672,1.1968423474517,0.72357450323895,-1.27850737763083,-1.52400305385614
-0.377882627490636,1.31626803196586,-1.3189911129914,-1.30416209945138,0.415298698025457,-0.349311858869369,2.04185896913351,-0.0254272490195314,-0.196802005682893,1.27842070858026
-1.71684880499454,-0.208642804219518,-0.322755876291602,1.98983426388042,0.00389267974812866,0.532445784683381,-0.252736915784054,-1.29173202730439,0.659651017669208,-0.305444133880561
0.723911478726795,-0.030754851247477,0.366283006539704,0.914311587670796,-1.33150329021195,0.145193187845363,-0.485896971559824,-2.04423269197736,-0.19820595068874,0.781963117646628
1.09587232284763,-0.387177408085443,-0.285340177965069,-0.68676983132641,-0.54953769057829,-0.811599815134402,0.118781733687447,-0.0669458811994788,-0.067269909030022,-0.947345277243869
0.663473480053487,2.80600748051297,1.15824118632784,-1.67017460841795,0.479720676306638,-1.35290388143313,0.69277471386075,0.993484876844362,-1.80550083530706,-0.487014109583705
-0.0503132287347664,0.354225024796596,-0.408622336124361,0.0198807116320228,0.247758106589119,0.452246052076488,0.730496193963224,0.751368561440808,-0.17098253864192,0.623270778012431
0.242101935696239,0.588701994135427,-1.08289428553366,-0.472964162187469,-1.61617179487413,-0.364477284433031,0.346135364069539,-1.08201409024931,0.276096788579648,1.4506234535663
0.366881675875272,-0.527465174954692,0.164179180331154,-1.36395534973914,0.110101220947122,-2.59560025384182,1.12174811768381,-0.335693770740528,0.786268394180761,0.439124665823318
1.34174168068625,0.750912335897418,1.07827144439501,0.53491583057447,0.36749284922261,0.975052637779233,0.160686563006724,0.33178782952566,0.211282549582871,0.967450372735247
-0.161139944628901,0.349477901245572,1.66235371192782,2.06128374030058,0.907982454206052,-0.251602317942641,-1.29123148151524,-1.27632268090149,1.22574615090336,0.242593353639957
-1.81913686725351,1.10308435509883,-0.0321883792955304,-0.291153793410143,2.29998900542047,0.462092503226749,0.34469317734501,-0.178243596185593,-0.731114654350174,-1.18685034572426
-0.974202822844149,0.277492728926199,0.0175539266753002,-0.125876211526531,0.114511394195633,-0.0723628011693766,-0.653263507889266,-0.0271630534174808,-0.457517231971083,0.556460616065801
-1.11308211997458,-0.254104813223446,0.717141342524498,0.519045542101139,1.46229982466063,0.275850259359492,-1.01518448907816,0.799019616310373,-1.19402243144996,0.134104339138116
0.375875338740782,1.10852700582792,-0.0355263713244657,0.520864336436833,0.896168777960852,2.03410660385592,-0.827522422621017,-1.77745294751091,-1.39833990284755,-0.723563271174947
0.978249887548283,1.46100403956651,-0.867347343994159,-1.09943251484278,-0.320068128824199,-0.148613441291115,-1.09653938231391,-0.235932599744738,0.136276905669387,-0.769239238823276
1.03597772627422,-0.15993027597648,-0.677046653078396,-1.71757296218355,-1.50666308369394,1.58217770778337,-0.629371172786087,-0.783599796623229,1.27032199449983,-0.0226052502587258
-0.72397405458239,1.25240465144455,1.06101301619192,-0.253385490591616,0.99144013184583,-0.341689291505507,0.134437939565359,-1.55594253177196,-0.36710143387255,-0.102414048979
1.32326129712875,0.62414289445204,0.0416983026358002,-0.528005519543161,0.944768370512194,-0.0257374180358044,-0.660236878821765,1.1979984734698,0.311758051172389,0.329645908190942
0.266305187504948,-2.01467294260408,0.9384661647253,-0.91991113036054,-0.322256549869295,3.25485745834855,0.651708789644931,-0.699736932983673,-0.234359271407254,1.22636128879787
-0.524366475807504,0.260225674558265,0.859610972249725,0.656003478073628,-0.475166977369188,1.09162057831797,0.273283386887077,-0.702453539436819,-0.457650410576554,0.892881981203583
1.26800149270818,-1.23513225740063,0.470194192938077,-0.111667873608574,-1.11899280904478,-0.504117873859808,-0.582440891099962,-1.61834611684853,0.875144627750459,0.857689504011612
-0.618747701999156,-1.11124794664255,2.25040762758092,-0.71297779290002,-1.69743499139138,-0.56554309115776,-0.38880393435262,-1.18419291740284,-1.24567409635211,-1.4227617798089
1.05336515722548,0.249154509341332,1.8365121146127,-1.60434263867065,-2.11529041937838,-1.30015391988206,0.936869814694301,0.0525583113486144,0.212549414061633,-1.00760578608323
0.490615261292807,0.672768111516482,1.57708075765105,-0.787104580658604,-2.26561437576922,-0.129783724684074,1.83118591103805,-0.0316021591891866,-0.954468214444816,-1.43391885327282
0.484771932394582,-1.08474225623045,0.743522961365106,-0.912294537952328,-0.93501260673441,-0.515360921581221,1.52717352314549,-0.118258542873588,1.12285005215808,0.149197939109361
-0.0808581648258396,-0.552795778558137,-2.93660667626784,-0.0826173586028161,0.243980912782088,0.400556435952411,-0.371910737019723,0.28489033554966,-0.707511307182319,-0.901924217510646
1.64016266477799,-0.251360295625391,1.39494898631535,-1.61057837846971,0.134318569918633,1.05891917068366,0.465595689889152,-1.09018381797775,0.00570790114372613,0.293575547650973
-0.780202015236568,2.28708145086944,-0.80428102792852,0.584145814194247,1.26912010397865,0.645177733764751,1.46350853931208,-0.911721540466702,0.0654279311546392,-0.141382286143949
-1.66445907341524,0.711107879659584,0.249684100127116,1.58120546163085,0.598897826054542,0.431295412940786,-0.210025072952634,0.981203051801576,0.184584331453662,-1.09884732251302
-0.989790963952494,-0.72602390875585,0.060870593707813,0.460946861424387,0.132048743810774,0.680703814537188,-0.438319254537077,0.649437275243663,-1.46783472902032,1.37041335073165
1.56797561416531,-0.645019484784705,-0.954412969757377,0.159925037684887,1.13962614318066,-0.352450582423159,-0.965703154309674,-1.097103789658,-1.3537653152649,1.02902409982428
-0.649246654316893,-2.41259837170751,0.370868734845408,-2.06911605100554,-0.580033834377283,0.554738812286926,-0.539813970305832,0.387181682536875,-0.872373323347501,-0.836359249480871
-0.124183440054597,0.0862520907982768,0.0235151928847447,-1.06392211903952,1.43376113158222,0.0849684806634603,-0.864416570085305,1.21277660944496,0.107176848886882,0.422983941080245
0.0103252726953075,-0.41649103612015,-0.437517019901297,-0.420549166500785,0.762341590585399,-0.202684081314414,-0.0717278395869299,1.10231561498846,0.709491519490665,0.313739165168085
-0.87917979125817,0.286254166031129,0.175375040612702,0.731513378035009,-0.0438063590426662,2.0218936276641,0.398667590890802,2.7069557451726,-0.730328723158795,-0.68480214813661
0.0737207521843845,1.42394967372018,2.49989441575119,0.272772039679791,-0.258116551627296,-0.739754885359935,-1.38904818388962,0.880172495374797,-1.56501021159941,0.828846469506052
-0.329112101747681,-0.658014359976829,1.52810087878204,1.52879947409207,-0.276417658667689,-0.417486880184603,-0.878719693458048,0.673395189981564,0.692191063379035,0.502508518513453
-0.283908517164047,1.0578693791787,1.20238724398779,-1.24147211027824,0.120992309967281,0.301436737235266,0.251497701836087,0.56582704222527,1.25813118825618,2.05582003342803
0.192285927648403,1.98139555065883,0.668049770212817,0.842035747872743,-1.32946803094396,-0.439152737447873,-0.104487849066388,0.741571125254326,1.32314800344,-1.36967226256035
0.0920888022798297,0.615422230559293,-0.550897874869572,2.18927923547033,0.0179110203282913,0.703886946991314,1.75815218946368,1.1640182661956,-0.187596388239603,-1.07148907092035
-0.0904054247566151,0.63692730384278,0.827838448015034,0.120926307449511,1.29097346715181,0.792404922196554,-1.2701734558617,-0.157956173743421,0.165686153630496,-0.317867088988848
1.08228215746492,-0.542858176341264,-0.90413487558138,-1.65017578557492,-1.12719208443335,-1.21622515817076,1.7107572295213,0.933068641183526,0.0919485202734027,0.512143618529937
0.402504257408345,-1.00422342079537,-0.852411375545617,-1.90175561201622,-0.904430583250616,-0.41962787791781,-0.562855815519953,-1.04556001053423,0.136503616795602,1.42752507039957
-1.11908711950757,-0.35253233920251,0.839644666154851,0.268471451404565,0.253179562690079,1.44629625784132,-0.966223205372434,0.426242995737362,-1.28575942617676,-0.0753478526812136
-2.60140444420328,1.19407235959577,-1.24411922964735,-0.566341347223853,-0.308078342112364,1.7721716116468,0.404485475246514,-0.0106442776135378,-0.485755761887443,1.17918093750121
1.41748318692761,-1.27222780118158,-1.86887405841677,-0.221458180904658,0.220696708233168,-0.117869408244489,0.0312793033950915,0.891199212096021,-0.385770215343831,-0.558366118308827
1.16345633920939,1.483667608508,1.6773048853111,-1.77807198384307,-0.130809823293785,-1.31037993600776,0.732705622351635,0.300892622163275,0.163577736871153,-1.32262992184436
0.864386142817223,0.0665776712687062,-0.712076962404382,-1.03219676910447,-0.10520482160341,-0.696205533928068,-0.521150674313402,1.20651648322223,-0.146582695496928,0.251080901032402
1.78053807992311,0.817109846764948,-1.73534298615857,0.747685226757467,1.56013306856456,-1.12339530124148,-1.4490956890854,-0.89511776353489,-1.53785203217419,-0.981340519675034
1.10762848529138,-0.741374495126152,1.21730374702342,0.153011365691934,1.44335793599362,-1.38594672953582,0.856727788988123,-1.01239622917204,0.537522557399028,-0.524767814475461
0.816111960349095,-1.57453363909759,-0.122160989146994,1.10349410825279,-2.09594100624781,-0.0777365925481311,0.423296952169051,0.212703758589739,-0.673382506931526,0.804423952567334
0.29405251987213,0.469606332110653,1.19054901836995,-0.882154835657793,1.63148775154413,-0.0263709700680663,-1.63961002345851,0.210701289140628,-0.236161069205861,0.121045930472841
0.631973219778536,-0.43605167294936,1.03550153634869,-0.946942822597493,0.234642006227731,-0.343586886896494,0.40571944202249,0.0891960101491705,0.886847972005998,-0.917964735401071
0.0433157598944861,-0.724557745724326,-0.182297306236073,0.395543860301642,-1.12048291669814,0.177808146837725,-0.226332815258291,0.41843469978552,1.7513208474373,1.02299026801674
-0.0825656674130795,1.83464763377154,-1.56535852230094,0.412423473924461,0.360304871723484,0.0302032487751464,0.367738049396045,-0.25545471756049,1.3287048929867,-0.409253684545741
0.474999523942783,0.574841260541827,0.45917089297177,0.931542632774466,1.17055912800343,-0.581021526609344,-0.372504226246063,0.621707926258089,-0.659081376599224,0.226783266860733
-0.624155916308336,0.893367367406682,-0.218235381857466,0.326715577917349,0.76907099709099,0.987225210296808,0.727080582566925,-0.094684620602094,0.446964395734385,-1.00854034369307
-0.0724999044947764,-1.72720392320934,-1.68763288484812,-0.152121665576225,0.476581672091523,-0.845851400013178,-1.28859922799597,-2.27414711253977,-0.200912067907791,0.523287990032541
0.738785051469508,-1.37290446714025,-0.899157772098826,0.226313733904768,0.0367166656493231,0.655510844560576,0.0200163764847547,-0.888099430265842,0.832619275498338,0.661525480345355
0.570529832583681,-0.171181027674824,0.485743682626748,1.02416002929139,1.26920830413669,-0.843052110340373,-0.291415207042532,-1.33429877324167,-0.594653607335122,0.555869240704842
-0.977936088327848,0.820962836360298,0.279132810987059,-2.33035577263975,-0.555001708040286,0.319325969836823,0.46810666812847,-1.01642824206989,1.25028202733392,2.06851906337679
1.12575814480396,0.355890214110692,0.278800183976107,-1.18984102923911,0.483891233058962,-3.73316139233673,0.445517988781523,0.343263693195149,0.136269459542117,-0.449220990947907
0.484254445019491,0.18180711985506,0.17247674944341,-0.649225790599585,-0.64635093843251,0.204077790521417,0.595342543482382,0.400995875873712,-1.11614051277846,1.08731703803387
0.187621738441806,0.0640072331193295,-0.530912443666978,0.243881756171901,-0.403327982185236,1.56544545037257,-0.483319665249887,-0.370347705694385,-0.533396246462297,-0.387829308500302
-0.0490705705594345,-0.548696881187627,-0.528452813960428,-1.36249390084247,0.56122965301816,-0.0393992581565244,-0.016573825307462,-0.316293283403273,-1.03331607789849,-1.19599248712217
0.60190117824616,1.53529608166782,-0.198722059930313,1.13899002677361,0.979394358378213,-0.335936452791124,-0.163836397834134,-0.40125164709833,-0.482387467594908,-1.65112586216912
-1.40867711392139,0.98318517641281,1.65237625585434,0.88238014316378,-0.814998610841014,-0.839664429155617,-0.390086035036435,-0.337579447968439,-0.486457058177927,0.767918162564119
-1.0174974875163,1.02593374724606,-0.627606207832493,-0.81840139567229,0.46786206540647,-0.605721583226516,-0.818537945758512,-0.290098106059551,0.14626834166033,-0.450580105010208
1.10302076011074,-0.0434909857290176,-0.60205857535843,0.753237134052629,-0.0623136687150206,-1.55938862556591,2.74505483039786,0.0767947471365881,0.564369868083145,0.70196513883102
-1.0992457719475,-0.318019090772926,0.373700350298764,-0.158128879084718,0.0672597620855309,0.681277736426349,-1.22582181439923,0.231607392465527,1.01563846909473,1.26698321700564
0.283948142999176,-0.597037208760047,0.885397040119919,-0.811847617189148,0.129105538994723,0.245700009505219,0.784340372899664,2.62971141391308,-0.629120280335154,1.73580577383557
0.478519131528935,0.30614652681829,-0.543046418477327,-1.30442593632022,1.52162320854328,0.189597318142229,0.249076939438361,1.00820880216265,-1.88586807708467,0.766197757838635
0.099289761628083,0.114114476293244,-2.17633113125537,0.894248280520923,0.398242339359168,1.17283231042443,0.332714451616656,-0.645217374318764,1.1001708851533,0.702147176710593
0.0841094296833032,0.605874932947878,-0.857730763380041,0.0299713192784494,0.564572020557574,-0.972439120221253,-0.0188921666717671,0.676558624711781,0.624803317769543,-0.461500072086825
-0.537441728005989,0.479623104890533,1.0890870977624,-0.596996768050651,-1.71704161495813,2.32684637080274,0.0411745395627842,0.700350562237572,0.567768377005866,-0.144941740371877
0.570377956751712,0.0100169526410971,-1.02475065197541,-0.0190755219857381,-0.255429389828162,0.0461158145241326,-0.253925325812685,-0.134027300814945,0.762812737376576,0.0130025966230582
-1.14868870168123,0.104247781371842,1.18064095060077,0.32917593271663,-1.04061867361443,0.176614122410025,0.529352258164412,-0.595327245949483,-0.578674729235426,-1.28305263977829
-0.339804830676224,1.45952811661341,-0.791651736031024,-1.33046620014762,-0.973895454281716,0.626693957713104,-0.575066004610967,1.27984881289681,0.0907519762358335,-0.945176032797174
-1.74628772638549,0.041260030803308,-0.645787877107295,-1.97810611557761,0.0147616194094312,-0.0174074603200722,1.26873942227165,0.593406247911227,0.45789790533923,-0.708126742023114
-0.292469310570179,0.121163155632733,-0.00304980338993268,-0.152948872596536,-0.234788907289772,-0.451391151715936,-1.01836094291062,0.743100500359971,0.121844361107006,1.04584573705927
-0.767664255861013,0.664822375224216,-1.92099739830113,1.84168850783661,1.74223824560359,-0.752732090673254,0.683471969653004,0.604351769255777,0.692141687680447,-0.121362121589789
-0.860413048104689,1.64125073987084,0.372905670251422,1.09435282202878,-0.0955449742949702,1.35028082830027,1.81817133338202,0.898316770233567,-1.26660368501381,-1.04313168668378
0.135222061003027,0.934336127627708,-0.705533247418571,-1.55188619077863,-0.00801803282963432,-1.38234529413089,-0.400502837373046,-0.426302652398492,-0.261002054733131,-0.256525333259424
0.142712044591835,1.12947145068225,0.124516926871648,-0.117583443646902,-0.997722878159717,0.124701744844304,0.0944716427215694,-0.68894340019593,0.226405438319378,-0.00391266904735636
1.50144695449791,-0.0103108878944516,0.228692422194645,0.365865583896448,-0.114461301139111,0.0669374644538966,1.04012299136896,0.233808512047106,-0.596298311496217,0.490832513985313
-0.545171986599576,-2.10501648203705,0.502559392457436,2.0358431215412,0.527241479778726,1.25987297281391,0.250621033202576,0.0166013087953403,1.01228103952826,-0.663120798202468
0.893311499014347,2.08536225870639,0.665895255927173,1.34542397629705,0.224692302090587,0.481892049103957,0.767537541963252,-0.674843527648242,1.5840919551203,-3.0542049060727
-0.525357935847152,-0.12482169968126,-0.503497057091493,-0.017313678086829,-0.887108954836764,-0.957956846459372,-1.21232416554369,1.50846865376526,-1.425111376832,1.50780240671949
-0.643910102501797,-0.556080832851949,-1.39522379181363,-1.20091961788795,-1.27040131881689,-1.34280360002767,0.672104361939139,1.6117405475192,0.546878503634754,1.18611749253397
1.06896585835796,1.91950108088526,-0.579948181502615,2.0770621555393,-0.994027536162415,-1.09276445649801,1.12272292882028,0.693464771152237,1.40126578940052,-1.28174129207569
0.248909479592386,-0.579286008636485,0.904985329943305,0.357854817752647,-0.237604270125896,0.522719494475618,0.577131973565998,-0.43983613384483,0.781114143134413,-0.970963385047796
-0.477965984759664,-0.324662608253838,0.91147223617098,0.452588110037071,-0.82657391580184,-0.688241598045632,1.25012883206593,0.0141258741418621,1.38544315029838,0.119005721548719
-0.0390652314019873,0.450926040082299,0.234269410247459,1.14198906673012,-0.225051979522111,-1.02622304928505,-1.17912856239102,-1.98385363250003,0.434489198195839,-0.75438246117329
-0.155266043278473,-1.2620116772386,0.289538695614084,1.209639921916,0.569649717644187,0.185437876578961,0.0123805178659489,0.683096713163102,-0.790498724855827,0.48208454111601
-0.361841761137736,-0.931367392678981,0.377753235676786,-0.313982166289128,-0.166270894853017,0.634953399818174,0.531342250682312,0.611797446800933,0.0913261407518416,-0.211828100071016
-1.70985503014539,-1.39175020922733,0.056944830935123,-0.593642455128682,-1.02212807505937,0.491615643015879,0.236399523463087,-0.285838487732195,-0.288033543682095,0.921671226285358
-0.200700765426434,-0.247825379361502,0.516463328140809,-0.0731040091561685,-0.24244293122955,0.0426439154195918,-0.0446776067744512,1.29728109736242,-1.61204101421159,0.401560104419774
-1.08368196862662,-2.23916915301021,0.288527387050865,1.21058973146215,-0.317729312219505,-0.337589222166265,0.0262482491424395,-0.971190247330301,1.12153930757899,-0.0480334468957466
-0.563267887283118,1.10852324188458,-0.422976965134983,-0.296118834661083,-0.146158577837053,-1.66075629235043,2.07357513645651,0.345121225984349,0.00297653095485501,0.236548853572501
-1.91201246227234,-0.775977159420666,2.09298452409179,-0.910038014532959,1.95340526112169,0.872397613466544,0.0253038301234578,0.0823771685702066,0.97088981786661,1.32286525902825
0.0323679195336327,1.08436699020155,-0.690326415594659,-0.224074751177428,-2.15822498896906,0.539775985167251,1.0232086847378,-0.296772665124798,-0.240016389991653,-0.940137569592945
-0.82510089511638,-0.0609147236397005,1.94656901244642,1.04694445057789,0.23340918094368,1.27569098287519,-1.04395726671469,-0.421069035109277,-0.94643910466041,0.2421856168475
1.25649023343402,0.42589062615134,-0.0589950432775585,0.307281162561504,-0.063653373265871,-0.232837867493249,-1.83695433291476,0.219417546033857,-0.274134436428434,0.565348860206752
0.117528109715039,0.426118474680517,-0.381947140616999,-0.335366492370843,-0.549471887660203,0.233062381994447,0.794113497261943,-0.660376565851568,0.535188746159712,0.53512633342398
0.441700486184531,-0.894058857848117,-1.50313098401108,-0.873947287608029,0.0487807985341199,1.34509574856585,-0.578047481662947,-0.232951117787741,1.11799845923269,2.39041537915803
-1.29944917208005,-0.123555712913945,1.02223240481764,0.259979755921006,0.366905434632328,-1.0519662485216,-1.19375137675067,-0.457778454366965,0.443090607528148,-0.88474268958083
1.47768407257853,-0.0253717569611223,0.965985491664215,0.263232168428601,-1.34933905964988,-0.413264214325758,-0.351729919852775,-2.4936941371251,-0.0234649856636741,0.513957244034582
0.72039536970778,-0.156750021182652,0.263317050557247,-1.02420375709761,-0.336220512431445,-0.148428150832125,1.09487077449125,-0.645247849134243,0.455434743950163,0.704769609079024
1.31182374274809,-0.833155853714192,-1.3252574276724,0.350771065614794,1.77812502056219,1.14865952894223,1.65395580948425,0.179354335406982,-0.94440843447963,1.62654012595691
-0.327791326574145,1.11380146002464,-0.383362273809954,1.63721469032252,-1.86229879782751,0.421503078443138,1.1067489721764,-0.234698077381547,1.64055861568185,0.79806744886975
-0.216132473194709,0.514207574643102,0.134906118943286,-0.0734681307714225,0.129665025540542,-0.908547286634446,2.08606830640871,0.511939900321626,-0.736121038198025,1.28034182942348
-0.282351221844178,0.858013320355105,-0.115921983966788,2.36240748118471,0.437190239310432,-0.0948123535692016,-0.145354684589242,-0.130720907380546,1.76178782973522,0.286703606756778
-0.55749612868385,0.00326026795781355,0.520314373395311,-0.758979917879736,1.82390133905633,-0.306049186938919,0.529523682282363,0.0561413129613311,-2.11472885732352,-0.140692454143462
0.535518012381765,-0.301792226084293,0.063471984951091,-0.733968282528533,-0.507199625012794,1.39956816194103,-0.730352002886159,0.481981031161687,-0.94904559234444,0.309038701697346
-0.0650268458137958,0.871726369160729,0.0818996690789835,-0.701527993629279,1.34484676019474,-0.460709895505663,-1.25735815606109,0.373755450422639,-0.163467594219956,1.60665505513216
-1.38687194940421,1.74257894604094,-0.36727797206652,-1.20933886960347,0.0424696831040092,0.25181098909201,0.691070352310445,-0.486282441604785,1.10819207824247,-0.529854386538007
0.506715327150516,-0.792021283621738,0.288376861674365,-0.543587859049949,0.279440929721002,1.26522283125941,-0.269689102860406,1.27864826539755,-0.613788578425937,-0.634558678228171
0.178768332095387,-0.881044035290451,-0.476460158618856,-1.67449650087129,-1.10005889673363,1.1673166232457,-0.528297476602379,-0.153589115762818,1.71223783002132,0.743652976458533
1.22567142593555,0.50219035525633,-0.324279219963105,-0.288935180126353,-1.4806326574766,0.10065053215434,0.603444113632505,0.72215859431591,0.084743186608643,-1.50293025046276
1.13795620623731,1.44582643509768,-0.479481728803275,0.764356325915054,-0.755726729416513,0.60891754083302,1.28473715653065,-0.120260637226601,0.674718082573999,-2.13146950088932
-0.741451071439093,0.061279624998508,-0.452965975389338,0.166778723806245,-1.21049048942858,1.25401115191519,1.22674104465715,-0.107772400093641,-0.0525395843680294,0.781391845385947
-0.502340369382699,1.66856687303733,-0.518761527202673,0.250519865981419,-1.59430955498077,3.50409145638243,-0.15101828633281,1.22980345728299,-0.338956914783037,-1.15078193310708
0.996194657616874,2.33011515674409,0.220948915457977,0.174542669490239,-3.37272310256425,0.14560050110231,-0.461631856642941,1.62174581284703,0.909461821124948,-1.74912113032163
1.54300298733975,-0.555683068581567,-0.414052941360609,-0.19049380800938,-0.024810556783673,0.457817876125018,-0.659730605737353,0.221696363320708,2.75547517812243,-0.931473857042169
-1.09140171331011,0.530556299940173,-0.87292096649461,-0.127577023454627,0.404389621230634,1.5064840922998,0.251893258113939,1.15091228342923,-0.458041645006996,0.597492342671655
-1.43518760558218,0.458737715533697,-0.424137737557138,2.25393452783097,-0.310030945261014,0.764722373093164,-1.55210634546677,0.0599330243397612,1.79838656449385,-0.20781325564171
0.898506695839045,-0.0499403008217157,-0.696517208179116,0.18476800885339,-0.525250603668384,0.857143792935324,-0.231021309574165,-1.25256004131407,2.19334985195398,-0.249250938874477
0.75537958503794,0.560134695574951,-0.507176936518022,0.443241434313076,-0.812751680411636,0.134609489517562,-0.80443929815238,1.23365523989891,-1.62253919948438,0.231066679566331
0.741663094888427,0.655667624819137,-0.982830460214925,-0.196950283426831,-2.29603516779049,-1.63730249617547,-0.397202561589948,0.411841565868476,-1.15369397130835,0.130921733553621
-1.32175195192764,1.07149094680421,-0.853760494873645,-1.06797467548704,-0.396354439561942,-1.27561353484808,0.376654164909577,-0.225024483061657,-0.228066385632815,-0.927559106639756
0.052277630449376,0.550390104047417,0.959203010919842,0.225723819267734,-0.342389045035489,0.416593014373249,-1.1471511066929,0.307907402593389,-0.847450450997152,-0.683498068924665
-0.40108961931014,1.71191075898718,0.56979000995472,1.15564915660653,1.93492032503203,1.68201928169043,-1.59728285478327,0.583459409937531,-0.391434941544788,0.143577921613228
0.323668258739882,-2.94209248563616,0.599913196549053,-0.890030895209957,1.6912460696579,1.51977669760508,1.97401571296329,-0.778442120354021,-0.545687281607199,-0.721682412418158
0.00420131597501372,0.360823909918214,-1.80598841651825,-0.748518850913063,0.691933832969811,0.321205775719235,0.380492590371338,-0.0221942061281843,-0.293106438806334,0.652520210659933
0.208012456546035,0.590942140135081,-1.31096736528053,-0.49394883480071,-0.28713676317345,1.8957394832288,-0.760852410873522,-1.11509870802085,2.09506705874129,0.319655937624787
0.0143372526123882,-0.148470582633393,0.601512671881354,-0.479223336206499,-0.167931164458216,0.144620904777248,-0.230458851868439,-1.42012477790295,-0.616706455707282,-1.27212543137365
0.344103102195136,1.68985896059322,-0.104334464815475,-0.578584232884394,-0.160864277824979,-0.885464705608868,-0.209810331114212,0.122787378934951,-0.301982175293535,0.381951715504735
0.813361288257697,-1.29448968212354,-0.507216131253646,0.513587915652174,1.16017780711098,0.285583032298155,1.762613746319,-1.94739582165186,0.234293110556924,-0.0672404171344381
-2.04757476661358,0.818009465763224,-0.0917040033975353,1.34046420129522,-1.0628451115977,0.420401739193097,-1.71147962147027,-0.752529487862039,-0.655417440734811,0.00602340696218034
0.771366168209493,0.827286130237934,-1.84859553141476,0.277385417163947,0.91283642837726,-1.14621403110843,-0.971758473749411,-0.628442805898127,0.13298882774086,0.767312945866329
-0.0690067649367259,0.921878202661429,1.69997153162784,-1.08689409616458,-1.48503578529323,0.574709714324438,-2.46151194035534,0.822658874831879,-1.06617205132755,1.2012470020964
0.465481987617466,0.680701553253818,-0.667736193248971,-0.81940257285629,-1.05549952569893,0.294873200481408,1.60631877706878,-0.0132961762942578,-0.435761976170014,-1.47608039163897
-0.679571779933843,2.12123068832521,0.868137569055666,1.0193489084775,0.255103139189215,-0.737317013981647,-0.817256718552617,-1.13136802448399,0.530028396316892,-1.23137081687996
-1.01748542840911,-0.194306630459569,2.48088327483086,-0.300103127793622,0.287785901818927,0.556509351902766,-0.486179872658604,-2.38163899900359,-1.46834420140533,0.729424609026188
-0.29341993594611,1.50181420157598,-0.580108918683831,-0.131276173569299,-1.14359723026204,-1.00870252951608,-0.458995928819471,-0.306054785912819,-0.145787963720366,0.597760278259697
0.668606214894399,1.01556352222978,-1.38588310221859,-2.83326953519981,-2.16607855588982,-1.16507111775058,-0.870165601837923,1.18687425737587,-2.82392962127401,0.227573795354745
-0.157941345751667,0.348007449515275,0.285641355017499,0.751897080807923,0.0842166240028991,0.662795745799266,1.08685954334061,-0.781231515783687,-1.11131652876574,-0.0231191031397744
-0.352106831674443,0.413959148441608,-0.410179446278131,0.576550556788259,-1.61705387046024,-0.166880104369495,-0.887902285725146,0.295533782431419,0.455090222069419,0.102742892528477
0.237672930407899,0.55650429995665,0.270242926238481,-0.13972854413377,-0.677972879787371,-0.353744789126236,1.35531301474911,-0.808964726463976,0.159219896493471,-0.645802396139317
-1.46873625815379,-0.595031666142061,-0.0170654065301166,0.601616864190795,1.53019655328487,-0.242761690909802,0.417497925772436,-1.1267210731466,1.12088774210681,-0.162109362914794
-0.31419593568121,-0.326614315838576,0.461154852069457,0.496973289660395,-1.16154215320068,0.0567424983763756,-0.264088240875475,0.529812746165808,-1.40411464676814,-0.719371612479042
1.43655964229061,0.877027332375018,-1.75394975670366,-0.843022675449476,-0.230706096605106,-1.12000997783626,-0.0714742495565519,0.0520977816202432,-0.82827220017338,1.73958029991722
1.76145417804437,0.222149777886845,0.134061686921402,-1.00748167906725,-1.18215748443814,0.0125088259580465,0.149403656923915,1.67932415387253,1.73210800608997,-1.35062244987981
-0.243408754290674,-0.302028403266518,-1.43903418051826,-0.570995183919799,1.33937341454626,0.485162260131451,-1.34750512116966,2.20149673994201,0.660030531582173,0.621970685604903
-0.29668187463938,-0.602683556508267,-0.173142501091608,-1.05081933370065,-0.718893345034725,-2.10510669625312,1.14488992838178,1.48581629054358,1.21430646250473,0.27000179080677
-0.481947756503126,0.186836559978912,-0.447502565868023,0.443748127791798,-1.79187976290323,0.0436630020788757,-1.13926535564244,-0.13461969702038,0.801619719612946,-1.84784555430108
0.551907193999923,-0.0651281479036814,-0.828092208608373,-0.52572393048197,-0.293438762035329,-0.277806999895626,1.86042133389998,-0.323930060183265,1.202073039991,-0.978807314900092
1.96816003769193,-2.47328500072001,-0.131137057645314,-0.651710161213864,2.03387686494813,-2.5264082697278,0.201719250994057,0.0340179146983547,-1.109102375683,0.978253835601169
0.0273848594224165,-0.356787423497477,0.101425337606748,1.18678289293975,0.721623083680907,-0.267933976458066,0.0928408445720052,-1.94227603835136,-0.448669727934411,-0.639999914890217
-1.12410136810455,1.30034411082771,0.282295230641771,-1.26805377774339,-0.0897690871745763,0.871638299176766,1.40168126609596,0.656682293207932,-0.0224083050223595,0.308499227963791
0.0980066864960199,0.4673937269501,0.136443524655486,-2.04022429948136,-0.0944469042194269,0.870216251239967,0.568241328390526,0.180012141940169,0.162744676310638,0.609267415304454
-0.328311133199453,0.711405207389236,-1.51479044772094,-0.605708396673795,-0.27820630178075,-1.75219370461951,-1.86948244674796,-0.461135247858784,-0.564098046663203,-1.96755760024502
-0.149777597593158,0.790795463142322,-1.73921754783498,-0.400120709456287,1.11191957023291,-0.74047784031543,-1.23114386254196,0.933747675088162,0.595649732438273,-0.74817983381418
0.213010550078294,1.56683680535658,-0.687301865100958,0.357161199185931,1.41598056887859,-0.839178181195414,-0.471044129781243,-0.883261150803342,-0.778762529347783,-0.605278258656487
0.529723191128814,-0.43832038133324,-2.06238995503107,-0.0320219675160879,0.500316571864994,-1.02638878672472,-0.974277271585336,0.0130906150817478,-0.650707455516007,-1.05843409710192
1.03147780885013,0.383618637857088,0.614243209784391,0.775603765260859,-1.16208980987185,0.649129846458548,2.04662370282155,0.338795017633331,0.426937791030605,-1.12295106593071
-0.114732622831097,-0.310517162902628,0.783371879994849,-0.246894651500594,0.27820695526074,1.53396487011638,-0.150352680507172,-1.17526179360347,-0.529974133669648,-2.14053809465635
0.254374975136725,-0.576936613703583,-0.514275685168759,-0.180861175029297,-0.0770526720091382,-1.72845080705248,-3.20330232968491,0.034205221281278,-0.86152044436618,-0.416736084744405
-0.267484571214174,-1.54742887754587,1.07952406253849,-0.894244296140515,0.325672132118363,-1.61728918350599,0.208806444534122,-0.366691246249231,-0.931263485851118,0.944840447506017
-0.509522641538751,0.477792459231935,0.683010958709104,1.78197213169591,0.441544959085923,0.428319779376528,0.383055828984184,-0.245568710027574,0.00961575291511983,0.0842623441090103
-2.43770597616572,0.207602287064203,0.428930269721208,-1.01851997827396,-0.72378187214139,-0.28525826010838,-0.334961868962565,-0.576332787708716,-1.90640135980933,1.29676191975266
-1.30649321384802,-0.388392914917688,0.413437291400163,-1.0975108386066,-0.089873277148819,-0.370826399965068,-0.692458483450562,-0.106604896296514,-0.808825696760527,-0.0756545306618341
-1.01786625890452,0.0454069618149803,-0.741052692663295,2.35566051784221,-0.118730003636788,4.29371945890676,0.328072872883415,0.317933834082475,-0.196256042334288,1.72152744378591
0.0076324700333572,0.199942293158711,1.6646009351881,1.25450922525943,-0.387084498157633,-1.55600364160536,1.69596749023144,-0.729892737880705,-0.420100180143513,-1.48135192530778
-0.955322665719052,1.19680656604552,-2.01987571669118,0.971736038043071,1.32774649612323,0.451804568092956,0.490123536219745,-0.369743307129245,0.364373321896867,0.979740577575548
0.0110311966102704,-0.813501778192108,-0.648545804955197,-0.621894976342825,2.25766574461771,-0.415221461482395,1.64567418404361,0.0851233127130393,0.841929647315865,1.72067030330838
-0.210104589582201,-1.38546437544252,-0.329219061151922,1.12743789853546,-1.23412111315262,2.29387591200961,0.0077826636851067,-0.47249215021323,-1.21063544012735,0.84902641734898
-0.38183174331766,0.189797508173938,-1.26642772142273,0.916064161589988,0.463316508623123,-0.885988583137806,-0.256181752258107,-1.63539925449999,-0.87077019788108,-0.372106207885256
-0.455403633942861,-0.202062163781689,-1.02127576932034,-1.24604474024312,-0.177829728000971,0.522846121328119,-0.37871357306467,-0.438231723053528,-0.950945128736396,1.20487409619375
-0.440383250553622,0.255723587973333,0.168090733072672,-0.154581599844405,-0.151508113531302,-0.891212782288434,-0.371617999314977,-1.32653668165339,-0.0344041138229537,-0.212076480287739
0.0924637455774506,0.460681459463172,-0.59125208575928,0.225036553008308,-0.911226568822514,-0.709164826465054,-1.97914161913741,-1.22369016885172,0.369691081987857,-0.594927840131155
-0.80847492069756,0.962548642965809,0.742453560808808,0.204028114211915,-0.371043664051078,1.39251562880656,0.117220380183141,-0.311638185092708,1.6608214567793,-0.441965040579045
0.433246017625842,1.76266859790964,0.266934787816096,-0.244889223304206,-1.63790590182871,0.207566448704229,1.4172687051372,0.08084309448671,0.175605437564903,-0.225437757689827
-0.611993025210596,0.498723995269543,0.0276494453350276,1.5577872915598,-0.980999546373704,3.23975622679597,1.38504188747046,-0.670138128821512,-0.191720415752514,-1.30820095698466
1.33097753052179,0.893230298383922,-1.52731831165373,-1.25419035638059,1.39987677403609,0.45979982426335,-1.51879841241896,0.122303331408872,0.76620258189053,0.213716985478185
0.836893335436108,0.429202189164022,-0.356424882767046,0.301919438722833,0.180135338675402,-0.822733881609034,0.596677529777882,0.61943210099757,0.172184664059225,-0.125241060266017
1.01809944356014,-0.762891280433838,-0.0940757133120837,0.0983584659966243,-1.80230898596715,-1.13515019459339,-0.615437677388009,0.24159713984756,-1.27258472496123,1.45625389188857
-1.10278996074189,-0.614396699033384,0.90223381382883,1.1659148198264,-1.1869014646465,1.10089847190783,-0.178648491504653,-0.357866561274834,0.854667713182065,-0.0555652900632451
-1.20018601488883,0.577341428546584,-0.409341502362139,-1.99241775135562,-0.791201206454735,0.038462054962485,2.39734992693514,0.407685693906682,2.20072346798356,-0.875018673570235
1.82040860590718,1.56016907869355,1.34029638773093,-0.597659204548156,-1.0647027356248,-0.241604925368132,1.79365901258035,-0.979990331021112,0.612206379729412,-0.00632538116472163
-1.37082645058618,-0.283837843401039,0.235181527475128,0.457555753934965,1.30019218585939,1.04043354632034,0.677843994829719,0.249004417967616,-0.356475207295366,0.316235585650631
0.215345204356293,1.36892678538176,0.752540143663637,0.210135015926879,-1.3229671278944,-0.848653808050186,-0.282000624620074,-1.08656491022555,0.480259438835773,-0.647514757065773
0.20980219563875,0.178351809103157,-0.75210115493937,-0.379094668998484,0.734391772147441,1.21910387602904,-1.19426636801275,-0.49141875482166,1.26091835550872,1.5956088310281
0.463293753189187,-0.102087805606928,0.615413684072443,0.530315544312783,-2.32439841007062,0.301958628934075,0.981017996361757,1.02998167289992,0.385065536384549,-0.185944469521216
0.955503475464868,-1.22525002779947,-0.107746771605766,0.827596746105926,-1.68154223719543,-1.16824746674019,-0.524551976618899,2.09819524829354,-0.948008683389283,0.722507383777344
-0.91108165175689,-0.114826166406407,0.484956471793846,1.22512023883099,1.45620266204776,0.681323575625512,2.06998842182701,-0.907416581174369,0.652900966303785,-0.177474649063156
-0.21553897693297,-0.56543594333546,-1.57099413767163,-1.05955793708296,-0.697705181357449,0.348583972948833,1.01084800763011,0.550110176381726,0.908310689586721,0.500800889468081
0.253130649827688,0.508565154225173,-0.655260616168187,-0.252684075457739,0.555932951043412,1.02297550738791,0.971182289735485,-0.962602419211529,0.948549358187331,-0.362954368704117
1.02966695560751,-0.188241603472422,-0.095674819543127,-0.528067015731804,0.885648051617563,0.760346431311441,0.706205835600566,-0.86159595564578,0.442704857956111,1.06954859741657
-0.65125847263714,-1.28413804958189,-0.0640142353275414,-0.602842982257524,1.43854221225951,1.47816756060976,-1.80995073304116,0.707896950748273,0.0746926410064758,-0.350825982294997
0.160583250437175,-0.00691469864808903,-0.734004335025259,0.122660829957375,0.477068268751517,0.523804483260717,2.28208761710853,0.370958090720462,0.483962879506337,-1.24920467196244
-1.15711791685464,-1.55887738392982,-1.20402465414883,-0.761441298750773,-1.0592372950794,0.382219589524662,0.625370485050377,-0.66409986946489,-0.891688957005801,1.55175098015824
-0.828650984746225,-0.812855579600389,-0.74650747357283,2.91616598373448,0.42381274947319,-0.767641523014668,-0.992235600384872,-0.187198938883022,-1.44611837112361,-0.509929417257337
-0.772316290090838,-0.907469727199976,0.953653313607402,-0.347166292662519,0.669641965928798,1.02121834471703,0.772409860899253,-0.396707349821326,-0.64641098158818,-0.740151930998889
-1.50079470833341,1.39633201454927,0.892997338301516,-0.13533759302092,0.523000850170024,-0.407864139233312,-1.23749868973751,-0.589971899605435,1.22738596484722,0.136686757774755
-0.383359079651886,1.32336594974576,1.10636990039071,-0.35366511663952,-1.10453140007569,1.57479168421158,-0.565783186015417,0.0731126542663743,-1.67374355947057,0.844554066977564
1.01748016396999,-1.01171121473592,0.0575435574234404,-0.421238109844522,0.0287975335917469,-0.907821390369311,0.0246276687106774,-0.256149925604201,1.5984780929815,0.901081545442253
-0.203987711986299,0.678275015221424,-0.461263762160665,-1.50990615154633,0.0616779299143381,0.984858023477544,-0.236274490820818,0.0898995855743809,-0.864224049147208,-0.584762242118508
1.59498433930333,1.78392798903722,-0.683103250631282,-0.230016760328925,0.125560646840176,-0.861985880298478,-1.5208142027633,0.135687745879566,-1.5621528223363,1.68054006804894
-1.16358640017135,-0.0936413683060444,0.801191181571617,-0.0649171575026838,-0.78230439391656,1.03015341458327,-0.575670275097492,-0.488231721262199,0.486865179819376,0.971977429071366
-0.973789379484356,0.461536627049356,0.433153705388125,1.02660879113032,0.465614894871421,1.39073277746203,0.734578417177492,-0.0880645172889392,1.3727200023491,-0.659418298784897
0.167342917849743,-0.424360833041173,0.612673381521377,1.07910845711726,-0.186615154162632,0.277050279562833,0.501807496081813,-0.22895787461852,-0.167514019138891,0.747274267666223
-0.112890113873223,-0.221992439761247,0.424230199429455,-0.126994053751319,0.207454484349895,-1.46842845742568,0.142832226808587,0.750300477153693,-0.664127928305504,1.48396918334773
-0.608297827581545,-0.63703083105609,0.5865987716638,0.310006625449996,1.01564238276143,1.60136918538128,-0.475657505255123,-0.0819074291934137,-1.62049452235114,1.10804198417733
0.281527968907043,0.0206213030140904,0.0188424026393023,1.01058123361652,-0.628341471585836,-1.87575696893758,0.146384130907124,-0.115372759155083,-0.29302791076216,0.0772331000254933
-0.713610489881013,1.03441269342118,0.987472681237366,0.513602224502876,-0.522357259198251,-0.244516547793329,-0.859928121416047,-1.37607422874883,-0.43401363482606,1.76563569175483
-1.95926509699634,1.30454510540966,0.529326089989699,-0.414894601069768,-1.47534596722073,0.326789301043748,1.98215423492661,-0.913902704409118,2.31695663826665,0.097814860035322
0.068888133948849,0.264031646239484,0.487901089752269,1.53209567664636,-0.347261423257834,-0.0569672769705432,-2.18936005542792,-0.744914819554437,-0.503664806373405,-0.956785478723637
1.40557717248713,-1.96913170561115,0.197313472917336,-1.22815218234373,-0.229536975027185,-0.843259932682158,1.88687653904842,-0.923613561469843,0.0181874218100368,0.0159732423746357
0.0306722973055769,0.733012173980061,2.12353347760529,-1.81269312137128,-1.38165398080482,-1.10100899804319,1.05606296806594,0.398565817277104,-1.03963949088656,0.317872118554546
0.309212666161119,-0.253999011635217,-0.71777577899738,0.543447432875374,0.123588006926128,-0.344270240484004,0.0431242213282199,-0.197741080074219,0.975371459029636,-0.58798620318761
0.577910672767805,1.01374137660828,0.298431567566078,0.618985009839851,2.45189055692574,-0.297219264519036,0.0428436665988882,0.423715031020763,-0.348244531274644,-0.139205695025936
-0.614404099740628,0.482845268821587,2.0843418392548,2.77146764874388,0.947560748290249,1.01361205321694,-0.966828967117674,-1.79947109812176,-1.61306536637981,1.25456486963939
0.299051454576458,-0.412658277057083,-0.84806858057489,0.735403663092736,-0.412323728551771,-1.20762785590855,-1.20802231613245,0.946369016642546,0.642736816154242,-1.54284107535695
0.347682991133562,1.44694743554317,0.275896257453517,-1.39520440725053,0.0577052380965594,0.674720088092047,-1.68974099034678,-0.103926279321917,-0.719242893743567,-0.0786657124778538
-0.903911582117581,0.104596222570499,0.9557072679458,1.72534566891774,0.45482115532103,0.216913147442056,-1.30248988905429,0.610213856454688,-0.189758785846981,-1.39241397035007
-1.70722677224309,-0.223247340688995,0.843655971139343,0.575622560364701,0.283582974436919,-0.432368907465024,-0.071028083905246,0.618708383988033,-0.772598978975535,-0.369681540887754
-1.54509702691179,0.152850743147369,0.796639549355955,-0.205472992318983,0.978964554420815,-1.21734369251744,-0.740570922948937,-0.268509348920015,1.57173468290473,-0.314192747602494
0.27036755807767,0.0894151921649707,-1.27725428603428,-0.379320413578696,-1.10542561336823,-1.91724563874224,1.60763133135283,-0.323669234259258,0.280026111972833,1.23450005593336
0.253789396185482,0.32911198111944,-1.30296777149932,-0.754587392070825,0.496923006745647,-0.606660890413702,-1.1256961110374,0.360437846968589,0.675931930448139,0.648176361761492
-0.585510100963511,0.673832881255288,-0.174172827171571,-0.27644478261696,0.319397539696187,-1.76125798160534,1.00911927734715,1.23407386704863,-1.26173051274495,0.596533307042094
-1.05027263609227,0.420989866698755,0.886250851634471,-0.834502546826382,-1.10010772839039,0.409861356917059,0.9513352716433,2.07522636501639,0.0342548276529017,0.858752982670662
1.08959431891106,0.331627094577444,0.0306987434930159,-0.266692623206029,-2.45989882108859,-0.344484887063387,-0.93199323263566,-0.418611148822605,-0.0100906399012951,0.588386529385155
1.06436515098137,0.275847824243458,-0.258213080587379,1.19830143591952,0.206079302900908,0.920001812208503,-0.21580506320653,-0.260843125876773,-0.233732628462683,1.1218229776022
2.00075412376337,-1.44064848848476,2.17604902734147,-0.586836520745411,-0.731293338714641,0.217245779498699,0.137303631801119,-0.352343429753236,0.437144715065854,1.20452600093745
0.735106851566289,0.367498998431777,-0.488318579467523,0.609356433115004,-0.90509162994846,-0.512920912518423,0.0549877941968098,0.983291795815378,1.26003761976171,-0.414620443238498
-1.36335012903839,-0.329936794303102,-0.82076327214935,0.911338112763729,2.09280749979538,1.258810380104,0.0941126815793343,0.521115779823337,2.67985650549388,-1.87140967124816
-1.68050891702899,1.22106834716721,1.70726884635174,2.17085934081887,-0.122781187782524,1.60117977921729,0.0868398171199078,-2.11312101572339,-0.908455817845068,-0.542527541154957
1.54018274324216,0.394929639597804,-0.714030956068181,0.0390231120074717,1.02498438533139,-0.549170977519362,1.57086548766423,0.811426832867144,-2.00486825309275,1.13407059382318
0.0168570780088493,0.787180544602418,-0.329321680969516,0.463857458736458,1.68773005689841,-0.830487563616049,-0.949531335153982,0.329960524588044,-0.690397959252839,1.15563237369776
0.91414136930364,0.0398908483587716,-0.373248914596622,-0.226688508314444,0.563850905101543,-0.889404363501104,1.05624741395773,0.538263986539757,0.589292003314549,0.587149595172702
-1.51328945687662,-0.919425910183959,1.72636288360497,-1.12616184049235,0.399026199719661,0.472343201946848,-0.328073891923731,0.563600015442274,1.63166212739751,0.37331757283065
1.10862413041477,-0.23959393431652,-0.813499758914186,0.671886988114624,-2.48642233204579,-0.588390737576349,-0.508582202410383,-1.19538902789957,-0.771178667567632,-2.39273085296477
1.56983579741656,-0.270725194565114,-0.205849880460507,-0.955211620321993,-0.768953392934894,-1.68304516715561,-0.428157523381513,1.22632807673423,0.536336291763965,0.967303315101434
-0.438098371840251,-1.72288062520043,-1.42787330267579,-0.427836368523397,0.555990811896144,-0.0130221185371199,0.559232072901016,0.400277384079245,2.72964684431161,1.67839050455607
1.42977703097139,-0.633006878561317,-0.261111255404107,-0.311968206022243,1.12579700384347,0.680792295239622,0.0311037803277321,-0.0923720274596334,2.68735949225021,0.338182169268252
0.914607918307072,1.19462409933352,0.516899774864662,-0.364707039513517,-0.437191882425488,2.28942567079016,-0.859044337875809,-0.611431516723837,-1.53037026974802,1.00124729362185
1.09155964698477,-1.52873728112901,1.37556214744201,1.32219673979987,1.10574817613745,-1.81388232728853,0.14093589828943,1.45010092871068,-1.08271694449378,1.01899267438748
-0.591428423798773,0.334267832687967,-0.9027719942401,0.0565328717928246,0.164304978305078,0.367783627400178,-0.542727657221452,-0.0391548555719338,-0.0128978121179341,0.0881630800377824
0.0218292471649855,-0.395810776653773,-1.17834363270054,1.92651120794596,2.0823713223274,2.03132549569008,-0.823681410431533,-0.0214343968556538,-0.4367784416132,1.0684513053165
-0.356401220530933,0.229075902009637,0.32347234723327,-0.667872085044,-1.6911826478951,-0.816182433490325,-0.13701797529509,1.49300519480986,0.274739852473289,0.502166549368401
-0.952553535034316,0.331538348639178,0.883903699213918,0.458517555715117,-0.18508300945641,-0.0476329613354281,0.0471089142035922,0.0380620369880059,0.639996135061042,-0.158120107356832
1.44845935855913,0.854259868346439,0.587250883896187,0.0273155163850139,-1.85971647677409,-1.25871317160241,0.416201298733133,-0.586603984291554,-0.649001315519832,0.198489397235896
-0.793666914631755,0.0141241144052241,0.178224195630339,-1.79438346244048,0.476984807239774,-0.19891414783894,-0.0499644296459692,-1.48456710419359,-0.280723571414629,-0.51906426030256
0.399485366290519,-0.819610507002601,0.716435074386089,0.84224794063812,-0.0676032929118642,-0.205750261386229,-1.23514792927902,-3.07326504854591,-0.620168765418784,0.604320185139061
0.538024842457557,-0.554137603562705,1.69380314963508,-0.144938290242182,1.11930375047028,-1.85001354735084,0.0289500990298882,-0.572504988100171,0.307353649344028,0.609239746350447
-1.11229412673951,1.13127522422439,0.61595075925898,0.330488418137775,0.370810595082939,-0.00828985968059025,-0.19863769455781,1.90503371233846,1.67656316341125,0.632059024193887
1.0120889900319,0.901411950084494,0.604184279542676,-0.166322906637638,-0.19206076945847,-0.741645666270608,0.726079075311702,-1.68416751888165,0.187034557675804,2.09760832764854
-2.72437065695153,-0.238532276410746,-0.788523515316296,0.368126168498028,0.0147030299871656,0.117060072246151,0.403590228906094,0.519905596837218,-0.157269082850006,1.6126149121289
1.79148076408153,-0.0400527904580737,-1.54488242206126,-0.394453728126972,-0.532333453191354,-0.570801701444764,0.0857904342789427,0.54155734810295,1.19067083114433,-0.789672010792547
-1.60723583295788,-0.091948928327083,0.455616982122628,-0.509066446233051,-0.178442089771768,-0.711378133341464,0.872108577909991,1.05068334234617,0.0440516884199422,0.887679472430129
0.220494608767829,0.886685760411559,1.06692937400569,-0.102670517461767,2.15591810178897,2.15708385411399,0.355103993427253,-1.06929109232395,0.721729419826305,1.32283546662902
-0.407053270902813,-2.29032525729279,0.0802223127122454,0.479660847411567,0.649877915234125,0.329289046258073,0.100684946265376,0.749051275862308,-1.94907627861782,0.799221148027163
2.14129970818369,-2.23160022639507,-0.1625392977533,-0.693841668501992,-1.85115256719749,0.015423264443121,-0.477845267723873,0.675386814319745,0.14847019291523,0.705079354106144
0.653013951838151,-0.531857964883242,0.347994747855117,-1.17971555999253,-1.14573187181815,-2.35745021243937,1.20541893136936,-0.851952200746894,-0.525092788814731,0.0129803903070329
-0.065758019054455,0.317295497447782,-0.830471193301942,1.14132593637162,-0.161853739107892,1.60175055468162,-0.334116493668563,-0.762293020088594,0.991516055257228,-0.0261344271517159
0.225424581979305,-1.22477148022991,0.0430890315366398,-0.606570080597286,-0.0399471054733888,-0.0454010422826477,3.0802581980946,-0.248725232431373,1.34974099844156,-0.460916930959146
-1.20679788196702,-0.557179557010385,-1.56967315885945,1.05628744825009,-0.297626329184677,-0.386784446746132,0.813220619861476,-0.628954427172442,-1.00490515650618,-1.3581145342677
-0.770521295987423,0.508353535457332,1.41230219526397,2.69613410190539,0.280409796344456,1.05336610310546,-0.47872730099654,0.384098834963295,-1.8218847002369,-0.166548817454746
1.64342461852098,0.112596447381358,-0.579295849499535,-0.751448362817548,-0.514754534478742,0.0263584186899237,0.362884441262515,-0.235537375319635,1.07945613648719,-0.0468474153020692
-1.57967971142211,-1.8138866961852,-0.28329967147936,0.0288991717348916,0.440042814021893,0.113144779242028,-1.16943245792051,-0.610991831057926,-0.3620957369474,1.04064906781696
-1.52231621795728,0.814725720711059,-1.20832045552609,1.24169710796327,1.84422886685561,0.730422937393297,0.268420124047797,1.03912878738555,-0.503203113122027,-0.13560528626965
0.600900102040632,-1.59697229260843,-1.36980700055327,-0.0332719255055862,0.530899305650705,0.907278845218076,0.308896086701745,1.80770329337526,0.0223870032264567,0.127903036462175
0.945801380389387,-0.473426827273935,0.0112419178234251,-0.372709580785537,0.543105388660481,-0.00979219723820732,0.274755149048506,1.63281182573496,-0.509272564657903,0.93753160018921
0.40664822001348,-1.14016577572741,-0.418722224847354,2.07799776381249,-0.273933359596544,-1.87497400636646,-0.807615353169518,0.0877652215529974,-0.932057923475915,1.44340032633565
0.992148932987416,0.197413295650485,0.715569019129549,1.53876286920543,-1.22334563333656,0.255324543659374,-0.453566195056685,-0.311140255456401,-0.803985583531205,1.11967443772124
0.404098900132029,1.11828354001236,1.28474146026487,-0.622445086427816,-1.01586964768045,0.30794853863095,-0.23846933407699,1.20849567141135,1.70390859191906,0.242801919391993
0.198335205961688,-0.478949788203691,-0.433326640335216,-0.78927849439035,0.0484231701785648,0.146751343386037,-0.590320853379631,-0.699454908624853,-0.426381419406562,0.999275915258136
-0.706998690487254,1.2286218961975,0.509848947685004,-0.686798573582161,0.864042309561352,-0.516373378195257,-0.133502970669523,0.773651037564913,1.15143348605827,-1.95700689372885
0.0656501638233559,1.63853671580798,-1.45277672896422,0.374115481207812,-0.230925702801286,0.260201655403167,-1.07677379613781,0.0179699473370026,-0.289280427516362,0.435402054378536
-0.0100803061385853,-1.69463807415785,-0.609572022669517,-1.11845242676901,-1.00765261223627,-0.0843504928727701,0.160954562767941,-1.7078164193158,0.886987098341266,0.352944401285748
0.566552913572123,-1.0122861258733,-1.51880614320472,0.805315830401717,2.383957852319,1.23713803913123,0.49115543733831,0.674570445846196,0.382125601667079,0.824192628012425
-0.332241653109231,0.283775886951301,0.252382602383641,-0.335379258532339,2.32095259897725,-0.205373446918145,1.87101303981236,0.073994212643372,0.679885275159643,-0.380281604813733
-1.13709867733612,1.17420482779879,0.0864333474191984,0.636182844148826,0.12913979908428,-0.418098090125718,2.43710447262366,0.414567803547057,-0.230482387837195,0.63904982046733
-1.02562492823378,-0.0951433374377461,0.596762459497195,0.998791176978333,-0.154059615443526,-1.00177991423894,0.71269162341269,1.10461765069053,0.363938360434383,0.481659650327972
1.36413605857736,2.28537702399838,-0.537483237930125,1.7185002235475,-0.548271575792479,0.0634450738525726,0.33367013153535,-0.802378012635146,1.00309906841527,0.504109251623132
0.775062679165089,0.783988460362508,0.68487064619712,0.300197379791276,-0.90351621738581,-0.406468317161233,0.116885313502071,1.02623268268822,-0.297519696360735,0.080266966689039
0.354614977738728,-0.383673562416245,-0.442270885234044,1.21899575574614,1.01865312530547,0.600281281618982,0.159392833636271,0.0385094748632167,0.17162722561788,-1.35702344725877
-0.13154423670474,-0.315915007182337,0.787551979215573,0.105651932309305,-1.25422390579967,-1.1216155170885,1.39172857361669,-1.82549589328953,-1.45520360103064,0.52377610266798
0.971724945138227,-0.214498060661363,-1.02797138005583,-1.10506638078683,0.909814077855713,0.366581816297849,0.908899241782145,-1.63363272244649,0.697609275113357,1.0234614582088
0.0903453652602818,1.10822586118266,1.13557320203204,1.36740439315888,-0.465449296856717,0.444817953637292,0.280578699770496,-1.23491978790604,0.0566010287209608,-2.58479453778865
0.477322638168463,0.393941750864984,0.330622540485782,-0.865299415605275,-0.363998318740405,1.08011795089137,-1.01138195635069,-1.46334517064319,1.28638114297815,-1.12173401236451
-1.17024226456201,0.209652402003564,0.770170307549061,-1.43156370339149,0.450167944863094,-1.48994075210809,0.511389167317038,0.712310799729879,2.04041393546215,-0.637375081540632
-1.15655759761043,0.319653489018775,0.985645027987033,-1.03953936856857,1.28916265869955,0.523433760112483,-1.96258893043699,0.544723425083024,1.35349999043604,-0.436644851304836
1.20651870436188,-0.0541298674969986,0.475377516885726,0.364807848644712,0.626218688421317,-0.744968364984091,0.295928516655374,0.723819526889863,1.38117970111635,0.530125652206588
-0.290332832969126,0.28634646163708,1.67607950437734,0.314245739814549,1.44175061080434,0.0945392142385334,-1.09457703344266,0.877426269576237,-1.0066064223718,-1.17432250299598
-0.136210772252819,1.30500002560654,-1.92696310826395,1.14096782078474,0.865462676542499,-0.130899386452475,-0.988400223464987,-0.528808759950632,-0.460188022894486,0.616806904874544
-0.995280512461675,1.12674387187977,-1.36996936496513,0.447229221698039,1.31365799213777,1.04416593024656,-1.29530781877755,-0.193437507327218,0.270964101353195,-0.787848928894395
-0.155466197829633,-0.13796110593633,-0.507453047589199,1.12169212035729,0.170575306018707,0.607947209624139,-1.36351663852723,-0.850529157340197,1.35658621865484,-2.32030589882984
-1.24546031672805,-1.80178054820912,0.749071234030724,1.87019170921637,-2.1099792854444,-0.291867497475464,-0.419432578597962,-2.22168579578553,-1.32759227895923,1.2625043082964
0.704759935300122,-0.846774545583081,-0.903398454951531,1.89802475010893,-0.984700297791397,-2.51676342871342,0.466654182005413,0.30632469133735,0.199242553201441,0.823851809286365
1.7244788533925,-0.158254318846413,-0.337005270223622,0.0285981873756456,1.15720639843178,-0.115583694160813,-1.25282850952247,1.00460315931949,-0.826485920174214,1.63490220079374
-0.343647900304117,0.724622869345971,1.04957233880924,-1.53606381007085,0.413564230071663,-0.0513080334816027,1.62955028043248,0.919201986580533,-1.97951440467711,0.0160298636543192
0.188288245032785,-1.51785723320588,1.0286846738202,0.259914585377002,-1.64129809216278,0.428709154643491,-1.84331730928058,0.562591412632996,0.0785477238723648,-0.596686107361277
-0.310570699978879,0.756009227807788,-0.315683936965848,-1.32810854107493,-0.686381900863918,-1.80129996285092,0.515361399235695,-0.133298270197402,0.364070235384524,-0.601062524519795
1.92781139612929,-1.48780231397308,-1.20930776093865,0.400274607358324,-0.171952783344117,0.914672606317517,0.687753498178659,-0.764195597948693,-0.0761500337233979,1.61751228049605
-0.200854200523896,0.115068809144509,1.11475095933468,-0.685286413226983,-0.570848481813716,0.994221613522636,2.14081037579518,2.03750660887551,-0.534917302092884,0.877926057977941
-0.439909727825244,-0.430764836669684,0.85693471978443,-1.25828320170715,0.762615359788484,1.11300763724726,0.936650699614032,0.247761883257725,1.39463833491809,1.65432550950651
-0.302777949404198,0.410374296271691,-1.77470071273025,0.00260022177820525,0.166746124539495,-0.615328001763465,-0.124910933830817,-0.0204076391140368,-0.161087074244169,0.890297125813012
-1.04973004614552,0.972230552180645,0.176973823862853,1.26134902736907,0.415679059953896,1.76579177582991,-0.0341497497895485,0.974837231532551,-1.73258078993007,1.30203704569857
-1.01589709653688,0.261282405955709,0.516071145598052,-1.11670345181284,0.0963229410768887,1.21279871303467,-0.105776852471439,-0.0233320139335064,0.959397202113182,0.731335032318415
2.35085122707061,-1.19458886822459,-0.628576649587176,-0.726715219584862,-1.19251289327261,-0.509407723146401,-0.153309509422009,0.126017436797021,1.13163823794422,0.00277674138328002
0.933579758377852,-0.162869886587299,-0.361453979585888,-0.788524852344539,1.57550113494583,0.646305137960247,0.135637884922899,-0.837216781818998,-0.233657799231595,-1.01278293869925
0.202630144287574,-0.233778296908157,-0.633875854949216,1.3109414745898,-0.111036134619379,1.96615484992972,1.82588060050633,-1.04079997274396,-0.0451024662022886,-1.47543443279258
0.75952033805856,0.879408665574712,-0.0278407990017247,-0.0369072369992055,0.0934178515290118,-0.489791581771687,-0.897685374448775,1.84564544508922,-0.766680201456433,0.810568582394082
-1.57850156139738,-0.681486954872802,0.666030320231235,1.69831500281182,1.44494723154309,0.260497781354655,1.12291985629145,-0.556855932412343,-0.427314334489639,0.203829015339631
-1.01451261824765,0.245156796938912,1.97794283688398,0.4271512208563,1.95232847850042,-0.258909424283917,0.441914429295245,0.592684836298304,-0.399917127981771,0.165718187911993
-0.791522662142623,1.29480034430987,2.71624105757522,-0.438346024876807,-0.508031482612318,-0.41499243650918,0.0266641379153338,0.380590600771692,-0.75676934048693,-0.633504410154282
-0.329559022337346,-0.239215318762815,0.875689353839944,0.206333470465602,-1.08842330615062,0.519936875058492,0.980393911560309,0.60694670827064,1.26225983778263,0.621358174209108
-0.535636203391489,0.703885499507622,-0.673722798622755,-0.305424426375552,-0.772763092132623,0.201832843402039,-1.81982744608588,0.415825279013063,1.70748150285318,-1.06109017369844
1.2216314391783,-1.29233508929027,-1.29051323808643,-0.781902407330978,-1.02274281582476,-0.270264084896145,0.393201374547031,0.33484381037618,-0.562797021489661,0.912946088584963
0.801763806061641,0.601037470631432,-1.16569614874212,-0.0467007515931678,-0.266964482094686,0.223268673170839,-0.998814056953133,-0.438432930520029,0.215728381699304,0.612749525511899
-0.931216103061631,0.251732115857804,0.979205548682977,1.91509611533707,-0.137232848224116,0.919997657268118,-0.529834554768505,0.488979420845052,-0.741571921565511,-0.568516321603975
0.413770448290504,-0.546954668114562,-1.36273664449125,1.02329828964693,0.312442907879498,-0.13003492668985,1.05286464815349,0.375967050871852,0.756592384218328,1.66343274934595
0.210750132965298,0.346288005867963,2.02264806160184,0.235396328277531,-0.369424989935671,-0.652698069617506,-2.45584836808524,0.225886478381361,-0.773115860609016,1.1492407852588
-0.133029805899799,-0.49719303746549,0.310069324943744,0.571197875275874,-1.2612198792639,0.441297932417268,-0.909589026779282,-0.125843627816608,-1.06773155305043,0.757987415344382
0.564220004391555,-0.909489978978874,-1.07934649847293,-0.0441347689125467,0.121059003846775,1.61891222883751,0.522908749084173,0.105475575455401,2.9732383637857,0.411288768967274
0.967248896259154,0.355380668559811,-0.535844434063728,-1.6125129751889,0.43615319961631,0.260367454348829,1.40170622991275,0.339409339075761,0.921067459251455,-0.559717638371811
-0.904780351906083,0.534732819803737,0.0299051936427367,1.706335556496,1.30076891105818,0.245350428432263,0.415683144645818,-0.0741053155365302,-1.417860197749,-0.20669351568119
1.41285149004467,0.173974082715897,-2.01033793868345,-0.63482027385913,0.466290018062578,-0.108644126977232,1.47784683831148,-0.0601905555391996,1.75332023805466,-0.750150927753902
0.220700767377247,0.54144440596166,0.889925398060539,-0.219723792487006,-0.913468303882284,0.126811208470059,-0.344064372837761,0.938584651928309,2.00652988902427,-0.455792911926304
-0.6486305100137,0.592674712985712,-1.58435174731519,-0.989608417564887,-1.75050521059732,0.104389018490809,0.352122339123457,0.0529836791683804,0.819791512964241,0.586838859776308
0.268475626396364,-0.136273940661971,-0.672397274515954,-0.264839809061735,-0.639548785203133,0.464906471295081,-0.517323861430903,0.483007227555458,-0.178291693713695,-0.500053766565169
1.18135364029773,-0.545019078114929,-0.803264032813348,-0.277413337024112,-0.331295874655053,-0.118163146156603,-0.479086632229572,-0.781832698135545,0.359808769902439,-1.07433718755793
-1.10505562156679,-1.4179383352587,-0.311605043047413,0.119231897439795,1.7853511916824,0.64447685788132,0.713242720383304,-1.16817360935421,0.557552899251613,0.457972295842552
