0.849928204165908,-0.0447825794982619,-1.11962086394684,-0.647320194690307,-0.432480659209222,1.39575507766223,-0.515606611323895,-0.57926388895414,-0.421701670295179,1.16072240511931
0.106539842131634,0.00106930456925014,-0.324734381436211,1.5792698275354,-0.0579780609177184,1.30428916350551,0.85373639993619,-0.155311189651278,1.1655698415592,-1.77903547536846
0.213795859145446,-0.89734937554697,-0.139715514732263,1.59360241980457,0.0587190660234456,0.416595533579849,0.908637020783634,-1.25264110115067,0.600475208354838,0.897010793211073
0.0323569649827322,-0.207857894363665,-0.485104196418984,-0.600018081151035,-0.0590483860199617,1.4269402711023,-0.26099761375109,0.918064107562268,-1.46406673973754,0.194198721576738
2.25211736578524,-0.148703606516297,0.0387847094582785,1.69357323482512,-0.69687348101445,-0.427994007914251,-0.193588664366792,-1.05895603490483,-2.46192942890994,0.148195463937041
0.531137603567716,1.4504069786905,0.659289339424332,0.121021982602629,-0.282932961334356,-0.759169035509497,0.466426168160285,-0.620992406133473,0.452403342500149,0.258864257667157
1.07990338736888,-0.0311348295881112,0.702592528538049,-0.516817802574227,0.0499029555319086,-0.7797570980471,0.358016051629401,0.5490438615579,0.196544950324419,0.552519580037463
0.88313691987041,-0.790203399878211,-0.853057488729365,0.57016939865657,-1.21422868306729,1.84918293021817,1.72181743205509,-2.23893105265829,-0.361268569821356,-0.527426397706573
-0.316283854082564,0.171763041494614,2.40829432314799,1.52048200210164,-0.886351241526679,1.05426048358103,-0.385705889399381,-1.89870839315647,-1.54903993276268,-0.840714145515588
-1.59057674294265,-1.4899566350495,2.01258394767422,-0.110621177972284,-1.06915077423439,0.526063447412106,0.18796740957719,-0.144397609309917,0.894927192071065,-1.11769536170622
0.673738450984029,-0.505282795290713,-2.02570541564946,0.559504423979038,1.50413536286327,-0.582416536353449,1.05339383493814,-0.855113629001678,0.927993178240012,-1.34821038114187
-0.68876856869537,2.07945686907948,1.11484666936907,-0.987059921197773,0.250993667791021,1.89017293212272,-1.05887546928117,1.23281047824391,-0.275329838209144,-0.325455533870637
0.675562223912954,-0.749427849791308,-0.00591208033761678,0.81251701267618,-0.413660956209393,-0.54371135288404,0.995946383622319,0.98207207403906,-0.0669199287250504,0.532585698528068
1.42634929116175,0.130299545980625,-2.68718653730121,-1.82867992409756,-0.472431606659542,0.303708502379912,-1.97231136829802,-0.234589154542539,0.0580374389264859,1.85000089992955
0.899283191422668,0.744739083090913,-0.915637807074948,0.634594270931071,-0.0432289216927383,0.258348409897577,1.94564147238103,-0.810327220071056,0.191077003672997,-0.98357078047964
0.595404318293345,-0.535894913812987,-0.309082259333511,-1.14697493155104,-0.457311986633388,-0.528240697696351,-0.765949056503214,-0.825941063980534,-0.273389170737988,-0.314813640257656
1.82088281364698,-3.20348505485245,0.193351054511975,-1.30785194973884,1.44131019778504,0.608318822576134,2.13821317416637,0.296888923673565,0.45603091488162,-0.140368613771991
-0.475330089285864,1.00068310610197,0.15299461887105,-2.06990531264839,-0.683949323521517,1.31119237824596,0.506173255382757,-1.29208241221745,-0.709437564407865,1.27274268283013
2.06664021304372,-1.50104700518955,-0.323444052055995,-0.410378844129448,0.830421966336751,0.881014815151513,0.939540128468791,0.217956562239059,-0.222036188241137,-0.290417301877778
0.618031653342366,-0.964382768544386,-1.67969254222911,0.776523849886023,0.22799679151811,-0.12595862355198,0.827397446435471,-0.77754381769476,-1.97291069000821,-0.105729054335079
0.194145416560531,0.0878057612652272,-0.659159036037759,1.38829448196674,-1.97731495524947,-0.443199453203108,-0.882495782516935,0.741629846316131,-0.0338230952185759,-0.407591907858975
-1.59736029402988,1.41869185733634,-0.549148008764732,-2.67300043756116,-3.71453730601715,0.625728059126119,-0.450765994931031,-0.639409908490507,-0.41210656562377,1.17310670537863
1.57586268098576,-0.500934450013372,1.49634270188234,0.606844788811262,1.62643127535467,1.28780456507192,0.328802804525569,0.713754898961735,-0.307485668968286,0.778890778126829
-0.314129290208258,0.928161626228429,1.50707963833786,-0.293885489675513,0.579236986654843,0.57354249811023,1.28953777639524,0.0651279933387506,0.538767124196494,-1.35395002072562
-0.164608778851717,-1.79267358412099,0.636375897779242,-1.10982119553078,-0.477987239962313,0.0843428247409668,1.44952542661219,-0.0313652070701061,-0.644255027106237,-1.64401952634661
0.909165862156506,1.2650869278468,-0.169100886140261,-1.66714881136496,-0.784318083649884,-0.825524003441399,0.715123822670736,0.0843557851502112,-1.03203662146297,-0.278352277970438
0.516029752477688,0.760147662323407,0.399559093483455,0.0471087539246395,0.534662976078551,-1.21151910934559,0.278991239802529,0.781774330955767,-1.79779991504766,0.112027690485628
-0.172800395956282,-0.317468375748111,0.163898777931184,1.18852057466984,-1.96805281117997,-0.742171195564461,0.720420239768425,-0.673028472674876,-0.160080564389186,0.59164325473222
2.15349289166205,0.411908407140926,-0.130296394423701,-1.38012047583406,-1.02555598932038,-0.611640756237533,1.13097012429617,-0.335856897791514,-0.153451212471921,-0.73021843164412
0.689280698351403,0.569091508342465,0.170765313248456,-1.19306489183645,-0.404533689367363,1.71191216207395,0.370251851886877,-1.33188106392958,-1.3679929969844,0.786739948618059
-0.598431196062054,1.07794006663708,-1.42580428437745,-0.368548294207088,-2.31451112196339,-0.724221357479976,0.103424573994779,0.927299663890924,0.967673860948808,-0.578149402665922
0.392356242303912,0.329871039739157,-0.129282786779896,-0.614058939331708,0.33073056469534,0.697788912496687,-0.386876420586451,1.19989875435489,1.15247945508124,-0.695491099397784
-0.335359334270693,0.645285113142359,0.169210417468844,1.1601212180423,-0.0125899711467909,2.70519547754619,-1.75694284910946,1.120240607375,0.0910271127632078,0.529804313709382
-1.26460574710181,0.636037509541619,0.26117119498637,0.495771973577597,-1.66704281142255,-0.411014050870403,0.628265334924007,-0.502929969270166,0.715004277625483,0.313915851790734
0.557938571607792,0.818123262747489,1.02739417493083,-0.990269508882283,-1.57366247500809,-0.368782829579894,-0.124996114417848,-0.555427316598042,0.133816040289079,-0.145412611605735
-0.29843327002612,1.25467617672384,0.538409156460885,1.21942255851806,-1.12716725704505,0.418667946892511,0.88104316646482,-0.467806947128106,-0.141733937291253,-2.17192029846291
0.687952433645649,-0.407541791382979,0.874434067080367,0.571619700861932,-0.777344117213601,0.745973234293224,0.289244756170546,0.00911082483339374,1.02564285845974,1.62048767286078
-1.52356387573983,0.399997764699356,0.75003954497848,0.866708023654495,0.878703748731821,1.56820906372918,-1.06690524930551,1.01243180357781,1.17297642607825,0.970137705887718
-0.423250084019715,-0.29499689993067,0.911138290970848,-0.611601091135899,0.813339258420667,0.975858410376883,-0.248254063219074,1.09818209093564,0.162018762927765,0.316920383812303
1.25370563944531,-1.15770090448134,-0.904172862866045,-0.427455798208734,0.665927082504872,-0.338354617040416,1.1546557393742,-0.834357275343595,-1.04462451404486,0.220712053220253
0.268180137472592,-0.70074204197025,0.672040424255508,1.03372627462019,0.470305110582701,-1.27929037525534,-1.32591975104441,0.168138150844635,-0.259834668873506,-0.202974192148139
-0.286760404938055,-2.38684186102611,-1.01122937043251,0.696243419790639,1.52312805108362,-0.530753723273077,1.68047700044663,-1.19138495123069,-0.787398252435632,1.70134074064988
0.370997173545062,0.943080984990766,-0.088738315968184,0.28280624766623,0.635391219406977,0.413628148912915,-0.254435728595149,0.189076001443165,0.00866688890475307,0.894911766953335
-0.166231238139806,0.464008470605731,-0.0337059380403927,0.42505885729742,0.0222745483739083,-0.123392338951263,-0.278179894086097,-0.0104139779864324,-0.81421660362494,0.838850652407263
-0.296019291960374,-0.933054208660176,2.41225597416893,-0.931449698782767,1.61563472458778,1.73418566063522,1.60102713279281,-1.75005384818267,0.438384102946449,-1.04413707758941
-2.42029224749645,0.561943403250822,1.27167450158454,0.195159811114216,1.22742694970748,0.505761544271395,-0.565372643006795,-0.453003905319228,-0.861248759632924,-1.47638167850588
-0.54012549266139,0.561047827638183,-0.949808125128432,-0.305353370418036,-0.556022418968097,2.68403063904011,0.824343471229339,1.57089243614004,-1.67067801467813,-0.0333343801813359
1.99646977067441,0.235435247606962,-1.71834944121235,0.220961956380051,1.13681595400691,-0.575330625207425,0.23369409008136,-0.897408462749439,-1.04091004398421,-0.350749825192436
-0.509119248363751,-0.819699922061697,0.586414246208427,0.0621056194871749,-0.640159463119925,0.992042516071572,-1.77189893230705,0.420621922452573,-1.18604280932572,-1.20071363644977
1.92667533222005,-0.570290092788094,0.148322207687345,-0.660851546198089,-0.158941667540598,-1.76410139089876,-2.04204853059769,0.168585409470295,-2.0229735286569,1.08562099514585
-0.597617960248345,-1.07792243140946,1.71623282665007,2.51466339045897,-0.795011565772489,1.25275161587772,-0.509839395138209,1.85248128412031,1.49361636167155,-0.286399295339737
-0.019389966362297,0.299952248748543,2.34622142394923,-0.96161021255749,1.04123870891111,2.34483075276236,-0.757878344721686,-0.617280836978157,1.35263275258212,1.37068907296608
0.464468040258,-0.0615467100383243,-0.737916254996008,-1.25464326180376,-1.26346133037114,0.197975480693508,-1.09831713954902,0.925857525851581,-0.189147853128119,-0.879566198988663
1.41970267431671,-2.58281898672545,0.611840617143544,-1.49550938405908,-0.764063304300757,0.0036593760112094,-0.44791198729392,0.826402220903352,-0.402381107649866,-0.446258659273611
0.4764089025291,-0.747572916573625,-0.0699386510704157,0.268431623616796,0.761028993213705,-0.356909509993006,1.76353156369481,-0.214232256922269,-0.0912197314522628,0.901942713692154
0.554750009422639,-1.39083171960619,-0.985281885092538,1.9239856838059,0.960675676581666,-0.0230436294002634,-0.441952776965356,0.114013675266423,-0.58077041407507,-1.74686514101833
-1.39730383792986,-0.625610918729539,-0.615133809349105,-1.42518058260424,-0.0783579256009078,2.27440401200482,-1.89472799014011,0.4850612265208,-0.299879664841318,0.665201993228875
1.34212146707633,-1.60490134498425,-1.64020983765501,-0.0289414731519574,0.782487445701921,-1.33463913028399,0.217447509536251,-0.372906529421807,0.976274091434094,-0.59419868521071
-0.601453934373905,-0.255108390208755,0.628841762273219,-0.326046058471322,-1.27407813713923,0.98994294093352,1.11416439808661,0.0252729431918344,0.891529121796547,-1.28132329482988
0.625700505206981,-0.615383448118749,-0.0322789719609708,0.751090920155359,-0.545413792916534,1.12163404951278,-0.489075696301407,-1.14594462934246,-0.0187979068059554,0.325820540187325
0.624921923833433,1.18776943194826,-2.34334724925043,-0.117952823317002,1.85058140819141,1.25307838812048,0.682741487868237,0.664385351754069,-0.506089463472436,-0.0726056758645274
0.22651725992909,1.63930431636258,0.611179143606328,-0.945702601542839,-1.37211316745459,-0.581480729853982,1.11789861523401,0.735649801459066,0.204389295388012,1.22202486098471
-0.858830641088288,1.65289622369578,2.64747250217955,-0.194155801483104,-0.202358765845701,0.662860416853725,-0.906259987589006,-1.3992406644532,0.530394527907646,-0.0623291706456088
0.112337608334803,1.12455281731217,0.107458884481893,-0.564600740264608,-0.752675245249224,0.0711146978378936,0.805686128827897,1.13961433842162,-0.509622358892438,0.373014605494599
-0.749406138883235,1.81439374450428,-0.189045160132092,2.03032944088133,0.897733958706446,0.197729249599917,1.7493834581956,1.54310434585068,-1.6105982003087,0.315828587178651
-0.0478171441446576,1.43833038895188,0.333456791455172,-1.68365374474037,0.778353605759052,-0.421013093461331,0.52719670391922,-0.551513409465331,1.31571406831527,1.50276124751114
-0.962244515219765,0.400873854638706,0.882823845448455,-0.43934750908004,-0.140125434784673,0.929281487748683,0.420443539503261,-1.16742901587689,0.109158240665296,-0.268408687961258
-0.322972906310557,-0.835305531808266,-1.20362543459662,0.019651907877283,-1.23905011783101,-0.395147303190612,0.880232554012636,1.4831204143116,0.500781433539079,-0.64119643463278
-0.277607479465939,0.475830732590338,0.362912161303708,-0.966802924476838,-0.804911551746428,-1.00574111115999,1.68348777226942,0.0202423733630133,0.00855316898972764,1.60904772689741
-0.0543531964302689,-0.214482240022066,-0.57196213452887,0.900592530323165,0.942136430841135,0.196244786171227,1.50610812126822,-0.0731923160500066,2.11384686159567,-0.952674113242388
-0.0720558737487239,-0.629441689260774,0.00772429040181247,1.10124963424012,-0.418984736374206,0.684482406985806,-0.319528096112322,-0.570693057805546,-0.0464590434497152,1.11642959705278
-0.882294181593054,0.0295836461997461,1.17235954937564,-0.0176349064525766,-0.429906610162672,1.15428368211003,0.392275791969647,-1.03440153523352,-0.431124437637442,0.847269903224446
0.227153609416361,0.67414434984742,-1.78833261949204,0.932500391049978,-0.15738563352001,-0.246426146342601,1.48137578841296,-1.09431966435499,-0.900413476966665,-1.03275020336181
1.96580463689253,-0.804230188778459,-0.19748694086745,-1.82717183878667,-0.299666225302788,0.098891941886952,0.278732866189078,-0.431675482666626,0.462132646923246,0.423654067291281
1.65841983525789,1.51498350756873,-0.29027791842338,-1.46288219673928,0.896997299515675,-1.5233883760448,1.07936078395638,-1.31578496526624,0.0737670357984326,0.279315129885243
-0.604531290609698,0.448601640860735,0.508845943358262,-1.40712743182128,-0.670449556074957,0.28944170213481,-1.98791212638044,-0.37865311592145,-0.665460649891368,1.16819654861391
1.11491423290135,0.772719783940458,0.423212664955435,-0.0674703066063134,0.834131189019448,-0.326085386475856,1.29487003186034,-0.604660300641872,-0.364735152484744,-1.28590615168327
-0.401668668496742,2.13084801277289,2.37184812428274,-2.42329270236847,6.90230225378729e-05,-1.28964158977328,1.33168970600141,1.81189815761272,2.40254333101051,-1.63367250368766
-0.240355334700226,1.01027788418456,-1.36486580559417,-1.71318043197098,-1.82572024911018,0.673760850526714,0.0954760382769942,-0.624687525838338,-0.885380572090449,-1.12444705846418
-0.478731403681866,1.57559722705435,1.78314078680129,-1.00316792533142,-1.32287322701338,-0.7839626687855,-0.920570197387958,-1.62197388097346,-0.263662006141534,0.834070802206044
-1.86150908260427,0.846535258573801,1.51578154372603,0.0397843763700917,-1.4463833441553,-0.543351544571003,-1.42687700299767,-0.228637001425331,0.987473952104357,1.10228152951197
1.79120465543338,-1.67452999492594,-1.47887902190556,-1.25384745166144,1.41134827384505,0.168302428936589,-1.62176254821336,-1.06950739487579,-1.61620987974293,-0.23863310739996
-0.0662101652195628,-0.00343648621833802,1.88252741244679,0.347531946529675,0.289438156342608,-0.288057223366354,-1.20542978969539,-0.274449862530068,0.0702625809999246,1.05742121930784
0.489070497858761,-0.185438500864626,0.917849627495354,1.28236097629239,-0.96942644357147,-0.584477886369616,-1.62180030695629,0.432600520467749,0.163703557525179,1.03106590894656
-0.875340360883565,-1.43180472544627,0.107490133819817,-0.161881493566827,-0.215622729130873,-0.323403316107312,-0.485226198096423,1.31128354516035,0.776717897156217,0.418445694970902
-0.0541083016388166,-0.600450073503411,-0.0954722516131303,-1.54277074552882,0.89923037610799,-0.22019079902087,-0.442861127185792,-0.847935328177711,-0.601328895400672,-0.759553430403409
1.69681798401714,0.468194149613736,-0.347536396380124,-0.992765285047016,-0.386687460399073,-1.7470078132499,-0.778483937146231,-0.731654418037198,-3.3213268942838,0.527179768374226
-0.0266097357130828,-1.07012461111178,-1.80378068811769,-0.0590121523766057,0.544292856936348,-1.48956521463176,-0.0729371124953919,0.903728908789,-1.69434248835217,-0.787460147527159
-0.48893909778879,-0.332744468906768,-0.163644760633865,0.668455969638459,-1.51373657726257,1.85003481891672,-0.552172726816483,0.387741569024828,0.364589766915416,0.94149003612799
-0.580380058767477,-0.342843444675873,1.10623198396859,-1.13605903482482,-0.242155802342312,1.1511801188914,-1.04883424236722,1.30695642819478,0.312739260557331,-1.01904973216256
-2.02374111202048,0.0278711582346461,0.791707561926166,-1.8227892731582,0.801261897485455,0.0412248299593995,0.319091588673017,-0.501047270099579,1.93299480836293,-0.64270395981506
-2.04841753759227,-0.821189749085904,1.46194839697348,1.09058318678406,-0.409304996167509,0.248057878002332,-0.207998587316112,-0.114828792150639,-0.228777447437663,2.7940594868372
1.20498590946523,-0.862407915717491,-2.38127740066237,1.75045529639485,0.191411012522299,0.310464255705048,0.337335022845633,0.495741834389674,-1.4211003409803,-0.0400138808582574
-0.729195459668754,-1.12609789882669,-1.29709198762287,-0.980305516129038,1.39967790748777,0.767777399754679,0.607196382971365,0.728608884325403,0.365133928886207,1.21463257898134
-1.45502634196598,-0.0910386103657734,0.523935176201218,0.866305515998053,-0.354452274133104,-0.0708476406365959,-0.0283111650910178,0.00418875920944396,0.24475122217766,1.23947787429956
-0.705376643785351,0.540133079840396,0.79536655548787,-0.181186107579791,0.388355366063064,0.586202744872933,-0.442161092833839,-1.00172146821551,-0.292842643645282,-1.29777476197269
0.821817119167107,-0.666300776635956,-0.10783341978098,-1.15938544852888,0.434548116575946,-0.351307119081813,1.25109914248188,0.138706135983522,-0.779073769880624,-0.0169599365491528
0.1514918383387,-0.160269655424912,-1.86619519640417,0.788110686067896,-0.968139024567271,0.991408795534986,-0.524755852484072,0.635334018374007,-1.310823626215,0.265863587809207
-1.37912754197136,-1.71515864882447,-0.286678314156964,-0.218664787892582,1.54380989455519,0.538849771818564,-0.291812810967686,0.257642424526054,0.784944700802116,1.01394927417352
-1.21489564647934,1.29950805006821,-1.9350518177559,-0.370401520215291,-1.16084649050029,0.780277770591405,0.900922324935299,0.263181558094647,-1.55471426934331,1.85764827380195
-0.513795167340609,-0.547412901358164,0.490758078589328,-1.16664955887016,-0.193335412878122,0.944757620905846,-0.601910009347838,0.40098969973264,-0.349163596717525,0.479771266229023
1.31533102321333,-0.419519705221396,-2.07165523288584,-0.822108588152616,0.0779572854349041,-0.740876668533895,2.78570550794713,0.287457162089522,0.0406253915183987,-0.883520182509214
1.56031842598737,-0.293267106037608,-0.232212244016362,-0.457301658927754,-0.0253187817915376,1.53794787062286,1.4279483984565,-2.38193388981303,-0.240322845412795,0.156911101427443
1.5943791316416,-1.27545843486606,-1.12049491040928,-1.59427051522909,1.05553844843168,-0.380525940266502,-0.78862625187903,-0.386999222761781,-2.54508349129242,-1.12530567934946
-1.24678742591704,0.397374211135606,-0.88972899177341,-0.67116211673831,-0.374426250393979,-0.60257006727876,-1.1179542410925,0.227343091431558,-0.862967913072435,-1.31570810954158
-0.418675806194832,0.648879472806782,0.7078315913298,-0.593582841476909,-1.01384585862246,-1.42563103000736,-0.10515107923615,0.301687153357311,0.288879956026284,-1.36167270859408
-0.855507432314202,0.143872421621386,0.309559777904265,0.2357575902171,-0.940812671763256,0.41336394057693,-1.04000212944985,0.668071501057316,-0.863158645634206,1.13676961357669
-0.424832423427302,-0.103578349123495,0.350496246819444,0.443373314346863,0.0936030377956494,-0.224171852081691,-0.247941610553567,1.14340464006665,-0.402612859478265,0.624779767051565
0.888196466898488,-1.60406888965256,0.688865510856614,0.10135902115462,-0.689876920114,0.919876217316194,-1.41805324649288,-2.37485626326709,0.0266104661167408,-1.15936733919044
0.816631565199771,-1.17212381677162,-0.594125645260432,0.0683131933786695,0.347040998629134,-0.56024069438388,1.11356329999237,0.946328721933723,-0.914136848399105,1.32462903809719
-0.847873906822616,-1.82819101452443,-2.00433845963133,-0.98192623511046,1.12987809275043,-0.435613074944156,-1.43328559302251,-0.15440459961462,-0.318133102822017,0.411068963375442
0.353260822286321,0.379355694951152,-0.035589732552177,0.423851466831163,0.438539819056485,-0.986308533270279,0.405568620947432,0.738784878806643,-0.00480296348753492,0.470466339592148
0.519533487398949,0.0167575580425422,-0.873947030940808,0.329439977125194,0.464552601840048,-0.981188030371479,1.14364149069975,-1.1758631072897,0.617327085057284,-0.650336493164847
1.32506048325201,-0.548659179588553,-0.395598315632976,0.0419277504265964,-0.0602001921136539,0.179646225675967,-0.356617036192039,-2.02367118738012,-0.784892347817344,0.000789773872619091
0.438586380427529,-0.844225380382612,0.313007588958153,0.243418886816188,-0.31034202382011,1.79451542677156,-0.694168569461527,-0.66045464984499,-0.581637733266452,-1.97767355770431
-1.02077832701077,0.173856526009755,1.14722814987913,0.356963790299412,0.403213669021415,-0.90373902164632,-1.2550465477802,0.327416380660973,0.587264942096913,-0.404148770958334
0.92403333452123,-0.985648330396351,-0.325493831919651,0.541256798358773,1.62443959216034,0.420570205928984,0.54756316702598,0.365034131256759,-0.101930340085154,-0.57161398211047
1.39342503274835,2.44338019578258,-0.860114302350847,-0.0372365325157184,0.093967601650797,-0.788448322705308,0.825334067434527,-0.784996364275773,1.8549392696364,-0.170927765510433
0.588598825653903,0.183125359319369,-0.604355585414872,-0.265272189212907,0.198918446672365,-1.02949428997001,1.08100495845595,-2.19821472078753,-1.46604822544913,-1.63720676995415
-0.676364913797123,-1.05162689502407,0.0380997489635123,0.0540295092463144,-2.28987350217696,0.475350718718208,-0.196622448889689,0.486036282955711,-0.892479486661144,0.339137733322315
-1.39298281674463,-0.0909647746703552,-2.40737245379472,-0.685645759068132,0.350739962239457,1.54150691024423,-0.630837450859072,0.654793129723234,1.02707539723366,-0.176335997261396
1.86990413263374,2.47975112411976,-1.29615340487792,0.344008382140951,0.59249754396487,-1.16206708000923,-0.428045091122301,0.926186940558364,-0.436384967898632,1.39946943168667
-0.500313248554975,0.605212996943584,0.866448095736335,-1.19663536710895,-0.681120203284516,-0.591905920045856,-0.871716876924293,-0.735224955580826,-1.19178490241055,0.497759770939713
1.57617515705093,-0.970882242093593,0.492562141527359,-1.10705538214768,2.03684381236952,-0.441648873886428,-0.678375064391351,0.614604546553325,1.05611224332382,0.968664196692121
-0.620011390665418,2.37419138638289,0.370884451860729,-1.94347887537101,-0.849198641735577,0.759396485973886,0.139089717543281,-0.491344470366165,-0.996184028632767,1.19788700432827
-2.30046330079507,1.89468877498918,-0.825597593874077,-1.33993101043882,-2.38054192260761,-0.918488787465842,0.297942161769296,-0.273305715504415,0.0591189490851534,-0.0247248539146466
0.993853178294622,0.720793204536266,-0.067513589619569,-0.136757398593892,-1.19959384007245,-0.793239869352141,0.727761190183975,-0.663163860167722,-0.720932349086252,-0.249783161265013
-0.396394417671992,-2.65559316553223,-0.272496360942471,-2.50650013018493,-0.507580938226844,-0.304461766172673,0.780804029509684,0.534695269838038,-0.0370238900210803,1.4902407241207
1.05324965917384,-1.34209985422925,0.540556250629887,-0.0653724360456602,0.900613052235964,1.80525260262888,2.30863342175626,0.520859272843618,0.144709809552097,-0.336349439779782
-2.43177167534358,1.05638739130515,0.105703227626951,1.73077746421953,-1.43965638824885,0.194589080866551,-1.17609024691927,0.799375323269301,0.787970235461195,-0.275757467365804
1.81934431446113,0.707162505578374,-0.236492937410147,0.293287206240608,0.705961680473074,-0.959074516182446,0.355223378562654,-1.26961866454911,0.572198613670778,0.0295758863547135
0.710535020728357,-1.27456817028953,-0.253943689767453,0.658897523470016,-0.136105864594935,0.587689055008238,-0.371320424137159,0.17466174208288,-1.95245117394146,-1.27960838694189
2.36825884811821,1.22263122836803,-2.11842310939588,-1.31914146605916,0.281804815188728,0.353782621927079,-0.414584692603906,-0.186748315215417,-1.1616905499783,-0.0856871200374527
-0.0710493320232361,-0.0561894834095425,-1.32230563480697,1.07697578045595,-0.562244256262522,0.806509253777147,1.18531853174529,-0.152425054876659,-1.92410197126726,0.57771556414292
0.15861926649506,-2.175654384314,-0.262268524168734,0.869893047228392,2.97439056025459,-0.353559215484757,1.31404288220639,-1.00009149623975,0.469358933418309,-1.11816744623331
-1.24416368087784,0.289258187537096,0.263625741495619,-1.19071921017516,0.529216811154386,1.10485019481343,-0.215214037820334,1.30116695154508,1.15955013945764,-1.7088610265601
-0.325376823598338,1.37121569586687,0.42351352587921,0.416925303544852,0.764705166366531,0.156614041973627,-0.828259103531804,0.274151707982052,-1.52908307809966,1.15119251798418
-1.45551298996056,-1.15418529832474,1.27746218081732,1.24222182227034,0.5259432648768,-1.07610509554856,2.59772910690684,-0.21239009729625,0.36789127408363,2.14216771550215
-1.03388003228092,0.870803571540447,1.00283793475918,0.105718173723245,0.00952046906352598,-0.392284083241136,0.0911124132877997,-0.498592618078958,0.215831017346999,-0.0462739410287492
0.0777260481178614,-0.555580055067898,0.537076635814907,1.31957720664665,-0.857007202684785,-0.0477220200944955,1.20772237804017,1.45778065173267,1.33294364860069,-0.625332225432059
0.227409603770148,-0.248742213434186,-0.666197218928812,-0.329177598001473,0.547512841532396,-0.383575892936215,1.66353057485237,-1.7514577091907,1.37392949086204,0.420268911448235
0.0807207360512568,-1.93606948726232,0.0750115685147398,0.547430856155353,1.19115628372573,1.25942093298202,-2.42819015989057,1.22370372323485,0.371629252994788,3.46570843120729
-0.199044382663487,-1.22302607679894,-0.973574698988669,0.102859020827718,-1.42383954094998,1.00322494134214,0.520883122894014,-1.23988894643041,-0.759916442694377,-1.75080761959135
-0.635559329601259,0.450987596056686,0.291546349555832,0.209516630488513,1.00407468158564,-2.36000111789212,0.549057837773797,-0.225370894194526,0.340354326741517,-0.0577646929431561
-1.23578591102083,0.229422294301294,-0.144438063587592,0.206381449921495,-1.54570324878897,0.0758806528817498,0.169176556809103,-1.89378229286514,0.803466244207707,0.305488130378067
-0.539844804484234,-0.360754641029914,0.524749752469804,-1.36615274229016,-0.612736757690216,0.566843238684576,-1.0024134746418,-0.569134768442666,-0.474508142248641,1.45065487277687
2.00142508565731,-0.187971148416247,0.0502088174404333,1.3936646317694,-1.09563581386275,-0.367228605481226,-0.357092434846396,2.48884616541858,-1.30663630667219,0.498580070433743
-0.964261263387786,-0.114075658570484,0.751453469587405,1.26022278454179,1.08923552299599,-1.46855031252325,-0.23571433574959,1.8396044330546,1.2936809656238,-0.761411911875998
0.765254956819786,0.350190613294862,0.716107750322698,-0.0308163816127602,0.85189381917046,0.151616853854175,0.960688577649873,-1.741973114614,-0.676191284300412,0.192773988948046
-0.439080885482365,0.457663574345157,1.18814967044356,-0.48509471325069,2.51575795909444,-0.451783313845498,0.661971949637299,0.846420219265831,2.21294356379405,2.24181404556814
0.418436935910954,-0.67392960565755,-1.77965218813092,0.0383449733793722,0.759091831070054,0.0465930758778687,0.288712870133548,0.801024651031022,-1.04175107120758,-1.02425429469915
-0.323015600960726,0.475683825064494,-0.148736133746463,0.163180744757566,-2.41169629653795,0.416189507342431,-2.0032612125184,-0.805983854983958,-0.0265902172405723,1.43517761651326
-0.26220653418009,0.313927186578246,0.287384885876541,-0.91397272655431,1.84800016992957,-0.897177414529594,2.17026634366609,0.442695237922139,0.237524584493503,-1.61564185745519
-0.24943379492461,-0.312053206847729,0.838070407752858,1.7675674979797,0.636265210900089,-0.64299904509147,0.16749238372545,-0.777434273152606,-0.198485271369109,1.143316340264
0.0405629097316737,-0.538477355387711,-0.391624078983533,0.206628234130991,0.33914367583101,0.679710981857473,0.628911984967448,0.0472125334571977,-1.07319278374801,2.40131171250584
0.0809509749627834,-0.525222922395997,-0.56563143376836,-0.296413685767592,1.21767892390053,0.631997292262459,0.648976002049083,-1.40505402791969,0.287147765105261,-0.921850408490767
0.844100679156306,0.423407540849012,0.931208837199917,-0.683444355737392,-0.596937581478279,-0.344821994373586,1.09162712213852,-0.742253598827869,-0.189637568350159,-0.748905168677029
-1.23575940352656,-0.045141834162928,-0.393075053315338,-2.00713771914775,-0.243634760800435,-1.11763892086664,-0.315611546234039,-0.538409260408683,0.782151027973432,-0.219106671813336
-1.04529215336731,0.367574205039366,-1.38143485232999,-0.336096234931738,-1.0920543457131,0.947811049885483,1.07489886966248,-1.54981136969504,-0.490192352839792,-0.0783326782026523
0.0565915452325426,-1.05122104352575,-0.667666929192702,-0.910583595699616,0.838954864413953,0.473270344274042,-0.181821685778322,-0.143744427358369,-0.843100995601786,1.48792050491447
-0.717218058557573,0.534777448891178,-0.761849417523301,-0.117362470601216,-1.00722935662042,1.77640159257568,-2.08857190016199,-0.997744426565454,-0.319707879128208,-0.78731396638557
-1.09812899604806,0.733267054194926,-0.34764219142746,0.664763203050574,-0.760687322932291,1.22692344276725,0.924481815561743,-0.918321135489927,0.851665459217522,-0.465814312509541
1.41517091464281,-0.48598685287857,-0.48176815548166,-0.111995229186608,1.09207237773477,-0.829060905283418,0.579218864569179,-0.664690203613257,-2.17900935518965,-0.139602377791496
-1.40572442128413,0.872917228400826,2.12936696484402,-0.950744646880387,0.574645181484044,1.32997150754213,0.139675671261117,0.0623482549773809,0.741549020834787,0.410218650668254
-0.553829400312104,-0.547643027942339,1.33165389130189,-0.351429102943987,-0.321075063044452,1.47987726711988,-0.934396453192483,-0.516797558987195,0.1420321379422,0.73725007072744
1.38470093711926,-0.545452510578763,-0.923079761036247,0.770628368450466,-0.414566583205759,-0.397131417319399,-0.141801781157876,-0.75392654550686,0.887249955055529,0.603507321882353
0.708368198975319,-0.171855266853138,0.155978842746778,-0.159917475985281,-0.317251880016633,-1.97806744893789,-0.72972434004769,0.234547897218647,-1.14969244573837,-1.11085163747089
1.84929458154402,1.18605427314159,-0.125178654516851,-1.13704309467187,0.277011006713751,-0.724368575791616,1.81721221935256,-1.30308501269817,0.851494507993915,0.822223032968555
-1.60375485609156,-0.397837573728142,-0.723938718348089,0.822117959481569,0.598799782384439,-0.287058632262271,0.546512614447445,0.0893896477135564,-0.284708284572697,0.36494405614534
0.106312032397429,-0.0711443244527176,0.149189140122728,0.106287801827595,1.25303943129986,-1.19950615025076,-0.740215117489658,0.367512752553032,1.04863498071433,-1.05732568888081
-0.632704964590001,0.551751163401418,-0.12636795180873,0.447459664646777,-0.605701746900444,0.515416533023883,-0.859576579157992,1.10511574145483,-0.265700605217523,-0.0966273665154393
-0.0107227069668057,0.83311260057837,0.524533517378975,0.132286787146033,-1.22712514418403,1.57201608297276,0.0889576075194228,-0.157548157455706,-0.725585892065977,-2.05971588069079
-0.00185997267910107,0.560718010689773,0.286123318454072,0.624545441794396,0.987701988982918,0.0194921962638329,-1.8427257813258,-1.50174595094418,-0.151884372963159,0.379304664897891
-1.25874023423198,-0.371220561751221,0.964412632057049,-0.942526211712678,-2.15348317686128,0.31157906420557,-0.416622644834815,-0.593777544466774,-1.26343877926441,-0.791224431590104
0.0282084105216194,-0.891226908978361,0.216340428019583,0.0535261109075238,1.06763004217202,0.644557612774774,1.95205822594166,0.357185826914407,-0.369802509288361,-0.487058521879101
-1.54782316402823,0.0981434254421666,0.0857855482176506,1.18763599461529,-1.18626022685947,1.90593861964568,-0.756998096612992,-0.0247596521490268,-0.473356431339981,1.58908001796353
-0.642329624979683,0.724145010475278,0.524620074169677,0.634556310120225,1.19231952930606,1.32954906388258,-1.51227651165991,1.67065948161354,-1.84018826894238,0.945821045143889
-1.30951573570063,-0.683326467616334,1.23154456147254,-1.16467976023546,-0.0244455895083475,-0.344240395222165,1.0118832871667,1.63204713043266,2.08067716210778,0.926258224650668
0.38801618118254,-0.664515531644281,0.404179767884464,-1.14406800474322,0.319185707036957,-1.12861132014657,-0.849354507578072,-0.0267804239893233,-0.864630650335301,1.14376469915633
0.393281254190487,2.23581773845034,-1.39730867177957,-0.145746808566551,-2.42075638401261,0.22870521405646,0.403906761181822,1.40514512176077,0.733531115721739,0.910657152443472
0.423694874561825,-0.427422951590386,0.243195349891479,0.343654706168719,-1.0884982363943,-0.0491588418545784,1.85110201236215,0.469928466700052,0.257610926640365,-0.369256547493517
1.27747405717298,-0.134887298088276,-0.134811680410271,1.67140089192993,-0.0308706243119566,0.237743436715502,0.497458986335794,0.901490636386059,-1.76820050487395,0.765600669105704
0.772659726137576,0.536902852826392,-1.79080929886369,-1.43976047961915,-0.388515614338666,-0.0203654540525176,-0.481462704518579,-0.215228600317255,0.336013221083497,0.607494630615358
-0.92030510111902,-0.00783000647342326,-1.9226034760208,-1.27048133436289,1.40622429212193,-2.40008666525472,-0.92261412723008,-0.31614207049381,0.657039595059739,-0.214009967567025
0.373244912355436,1.27492763835488,-0.866252342285242,0.703632189893129,-1.0949591826801,2.05574707169908,0.804495322479402,-1.36459257168871,1.58814615945286,-1.2749194397768
0.0180539627076988,1.14288900458471,-0.960542733161973,1.43929379631106,-1.03413373479725,-1.08844232866156,0.499991760497093,0.730055059855152,-0.357737632946468,-1.13057385419325
-0.147308173123068,2.51190364904808,0.546897317102196,1.95385250248301,-1.03386602602576,0.772589529001239,-0.0631487051692722,-1.36689622843914,1.23965273484496,-0.0391711740017801
-0.134851092832642,-0.0571460747289287,-0.436824176665399,1.37709176455144,-0.302546576005824,0.0648265723533186,-0.334743987992523,-0.243300215617128,2.00149262830584,-1.74064074554396
-0.527026990315334,0.236043161518486,0.451239550494937,-0.823082694884476,0.516100898103244,1.81116079386358,-0.844651947081257,-0.636736703221027,0.282803389911038,0.818535857772497
0.386955455775209,-1.02194134688819,-0.507877937247325,0.0622435924555193,-0.0317274168629791,1.93394048807245,-1.21553903962657,-0.724351634453684,0.496352779172216,-0.251107366071285
2.17395892723952,-0.0293062164318824,-0.383198438117809,-0.162064435367575,-1.38643284830391,0.360237938036127,0.714016876769052,-0.321080573121323,-0.971774823179881,0.30516223137852
1.11354142294168,-0.694920805156474,-2.04122273040818,0.00347235576292922,0.0863602752515171,1.91268178668044,0.0622963958382383,-1.82507859189423,0.578090233207303,0.0220634188305438
-0.215191553159463,1.54654191124646,-0.457312299377753,0.272651125877459,-1.41502408270788,-0.82337166108454,0.289282562967006,0.774304929509094,-0.331555293962217,0.350311910633556
0.0379897603250658,1.45511543595912,-0.0107067015795114,0.465763955073507,-0.0839641941285419,1.0183282253318,-1.04709616186862,0.373096943384517,-1.34364357821817,0.462620334914111
-0.44350010369694,0.736884362488675,0.758276178524755,1.17224486106778,0.110987802343062,1.94769753980825,0.943202492074474,-0.521805126652906,0.816888405256023,-0.607563684130985
-0.181194358866198,-0.00726961287708292,1.51309749364136,-1.21677376321732,-0.11477682286569,-0.716438026099439,-1.07517616960157,-1.60648891947582,1.00751990674387,0.269743860395718
-0.0374244661338784,0.0708495111758698,0.345637717261935,-0.786530443364115,1.23932516015368,-1.02314333228208,-0.239917523752784,-0.697032876595204,0.258758823607996,-0.363429524771258
-0.108024687210196,0.478826127357339,-0.427958909557905,1.35556530205819,-0.420856954481211,1.13020666886735,-2.56331260378493,-1.58869861404493,0.771853931206265,0.826179338863894
1.18691045505822,-0.730687945345169,-1.46887146561255,1.08932933229587,1.75596488163871,-1.86398586133527,1.23595876077273,-0.454061855170462,-1.6831189069874,0.56236416405332
0.330613865619991,0.452845011955329,1.76430146984423,0.121399516044058,0.411270342445999,-1.07047368868318,0.438112775556796,-0.105916756151058,0.138555158009592,-0.866810264919109
-0.612345869294419,-0.202283936382202,0.485148617139976,-0.158414084146493,0.819984166753113,1.10380485435427,0.0265141199751734,-0.196924521298637,1.72813457019221,0.377759578294781
0.532049696249132,-0.662594200884485,-0.397151230486799,1.979393994884,-1.14349400713962,-0.0950296913403659,-0.965456686840693,0.344569504323446,-0.138328540292034,0.875594320355059
-0.226623591089037,1.16901555175496,0.374771183584951,0.928432463626179,-1.95018132877305,-0.760522874883399,0.847621924241477,-1.24948018127557,0.239195153703596,-0.810504105537327
0.497278379551543,0.60711444511458,0.0771262220101256,-1.85202454086059,1.04036868433671,0.308889433713875,-1.0144042955269,0.213320628178939,-0.92681369483655,0.431346934140768
1.24067436424711,-0.00609517919520885,-0.527563441854448,-0.364095024323826,-0.22379345952969,-0.852830844353687,-1.10039313181262,0.343772966356666,-0.589904884508048,0.696471030499675
0.135923694710165,0.432199438733304,-1.07145000686067,0.681199759630657,-0.0866252292154584,0.466838255820601,1.26336864084469,0.482728332909541,0.617893228217593,-0.155806100489457
1.32106084980564,-1.05422346469852,-0.98930021365574,0.228809751321579,-0.865996283842886,0.978322682032236,0.61934952113598,-0.0757411987159529,-0.536358556638459,0.0761274453014778
0.83228086510611,-0.441996902088624,0.314863274293317,-0.0180894103791305,-2.13692506157058,1.59782808503762,0.0150055968659127,0.00951545453107397,0.6258873690523,-0.371628657372706
-0.345348809020162,-3.09356948173125,-0.354759927598174,-2.16307897165656,1.2679688285104,-2.23200119688862,0.543035794609045,-0.510830892140315,-0.666874405251008,0.829805561693749
-1.3716919114983,-0.00204926598763919,0.17417430562176,-1.84241188153377,-1.52193803439209,1.03788349403824,0.279272126395454,0.265617423472372,-0.298138504479159,-0.233023512518127
-0.148584822848718,-0.664296150344508,-0.104312726529573,0.431004870848979,-1.50992046689655,0.2565709255117,0.466784678009317,-0.838180887538667,-0.651822887242737,1.16424536963233
0.334552889780901,-0.816701512079655,-0.715199948952188,0.207392487318497,0.574594575698515,1.03267419756481,0.0578617547834966,-0.153865083752673,0.00421035032375122,-0.221158291714896
-1.04079973660205,-0.893306554002561,-0.10882801958944,-0.309903127199777,2.79874816377495,-0.758205926405817,0.385513074682374,-0.470408740980278,-1.97778479216755,-0.70088629579312
0.467437875760663,1.02260540847181,-1.20166978399472,-0.978332758603554,-0.233431991922034,2.06332999226661,-0.627541042335834,1.03581803856185,0.798256151156337,1.07813649066007
-0.750062673962249,-0.343589320754463,0.0507802356764685,-0.0645423593760663,0.442037463198729,0.267962719094337,-0.800148385741337,0.270084136383811,2.1183722563446,1.51688748236211
1.59168791578571,-1.83434825072997,-0.147488904914314,0.768581629184723,0.116342503824108,-0.168665121667725,0.749713514491883,-0.0452301890265519,0.325892185525255,0.161638517823692
1.00992519368429,1.21534248943252,-2.25032500165565,0.407166753945774,-1.52084569426724,0.467653799142461,1.39582746166712,-1.1748126292536,0.653709437537013,1.13912187412622
-0.313538717806,-1.42126889576455,-1.80604516489523,1.56935470546388,-0.340729672295555,0.168138373314724,-0.589636575661615,0.420748888866156,0.0375675506987697,-0.0291692754944565
-0.589140825446768,1.73958071572515,-0.163296200986985,-1.05967204244933,1.08481517849528,0.652486718952717,0.363668844477119,-0.451476491541473,-0.334316793198584,-0.16586795165
1.03974513926245,-1.29524418246078,-2.11808379400009,0.311699787246301,0.704497881074265,-0.569448626877491,-0.982744048270914,-0.0131865505349129,-1.03241850777016,-1.45406997067156
-0.439735889743193,0.74067523919856,0.124886492623064,-0.0441988185274743,-0.106174395500549,-1.00448183538135,-1.30982658489851,-1.8490165267739,-0.819170038992972,-1.33553116522662
0.279886108130674,0.813424872317016,0.507144036443438,0.72903577435386,0.229962175787475,-0.746484625106304,-0.298356940913947,-0.596417592654167,-1.60817149986586,0.266847062550242
-0.633843417778092,-0.64837746101537,0.760393697397469,0.731030129315329,-0.743278464047624,-0.739145035865168,0.100091612898336,-0.58523509700346,0.850474756510244,-0.0708745213079768
0.777002318443585,-0.693290409170369,0.952597923401204,0.336062275569774,0.0700717557983096,-1.15114670325756,0.584648534947971,1.46743068149008,-0.376728961904383,-0.272595659719304
0.262193097117963,-0.0483236072353132,-1.8832412029973,0.0764622358493142,-1.92770391895904,2.14977245607761,0.248718292585345,-0.288294078766278,0.855534717952249,-1.45188616456158
1.21100605773421,-0.154401288494772,-0.162501246690078,0.531165979850933,2.2284777123228,-0.396432432336547,1.57630123874574,-0.896057680004536,-2.01228928134954,-0.685342833069264
1.83789145674312,-0.164400411872254,-2.38826121075316,-1.44141319636018,0.0576152489271018,0.135876822668088,1.69394105478482,0.758021095479408,-0.408987510085509,-0.163353509671195
-0.908720416140268,-0.304363312365182,-0.133193762650606,0.511006042367304,-0.774319375461067,3.07499737692509,-1.00627155870486,3.4859760221579,0.428438421861344,-0.931508742731639
-0.993956737267288,-0.916599194079723,2.2653656688079,0.139401444730016,-0.554504520438202,-0.145444598649484,-0.477907056113995,0.294575268167939,-1.00160611319557,0.215391701396255
-0.50123682526085,-1.47317279564426,-0.0623460852368375,-0.384158264416441,0.871251634154445,0.878222111139889,-0.724571020637318,0.280854147272162,0.00612141027873201,-0.709116884103619
-1.45076764797232,1.12124324763868,1.24836998813859,-0.379830505596623,-0.261375234418683,-0.0120830906066297,-1.51884900774018,-0.99313172346275,0.0274473254314892,0.365366666626575
-1.53348393835624,-1.02559040340077,-0.329990759423562,-1.91790110688724,-1.46776912471239,0.307751304425967,-0.323202731291069,0.816606922185285,-0.274864824274668,0.000322942938534293
0.458419682107716,0.376936661078531,1.02071433906042,0.543209034463085,-0.775459308740935,1.31666861804333,-0.527487704013463,0.294834198451749,-0.660366932303298,-0.504561941291717
0.699564570296888,0.150947958767985,-1.06099166954805,-1.20325725148423,-1.94698101826356,-0.54774214662723,1.02713044723853,-0.0289257236269406,-0.166103865778946,-0.444775364195613
0.566394535140689,0.74918273020885,1.06618377446944,0.952725382785231,0.239503791265918,1.79906148433161,0.0852088640018763,-2.74660120268239,-1.21078876241463,-0.774323908232708
0.744888420426987,-0.205307585394267,-0.247226132375448,-1.01785913985461,-0.968473729566106,0.447911154156517,-1.01800559140449,-0.268490174666183,-0.259538886281508,3.44580979589369
-1.57451193361334,-2.38493289254109,1.70907408240021,-0.987633730533988,3.01493838928608,0.673149422727714,0.997910013163231,-0.453463215727624,1.23699561845745,-0.451785487229222
1.41870838106508,-3.2320563260978,-1.59833226123415,1.06983217909536,0.190235718211035,-0.3013682945233,0.697491331525088,0.251755653636024,-1.87100852941249,0.798061239641213
-0.162652494374745,-1.04742911972187,0.862436278802948,0.174053060028939,0.577647548624187,-1.53379573738015,0.997715927065819,-1.31726901539804,-0.0788894131822068,-0.375303242747327
0.808773509330695,-0.295147081492671,1.74368019005144,0.974453560015633,0.215812003456654,-0.352479815693166,0.871557349325385,-0.657937978436345,1.17491731497471,-1.19443984785495
0.798238003349854,-1.51387189411122,0.743324174237973,-0.622607919866764,-0.670420231058637,-0.44568856894685,1.31544286058647,0.191165232862542,-0.626358654013145,2.40716234560422
-0.469020249071202,-0.442027417260562,0.662423920982583,-0.72210265350626,-0.114678151585675,0.105862860006694,-1.3667955764073,0.336956077690626,-0.278040709628276,-1.06211770890125
0.778984437183547,-1.08103900338118,-0.737547555191103,-0.439628982490565,-0.0299280672387382,-0.289955468837047,-1.86653851204131,1.69687052860689,0.316693278083332,0.633172460087751
0.426496037360706,0.275516463766909,-0.407713120279237,-0.0164528809287096,-0.235095459536351,0.906384815112243,0.587927585847271,-1.45707634881739,-0.0380038558692112,-0.859939084660383
-1.92320560756457,-0.12747720755672,-0.511300543289006,-0.455602848038883,0.730662567006201,1.17804499761397,2.68455338132879,-0.531946295682201,0.759101186620912,-0.228252605680569
-1.44816808294515,-0.872452527662487,1.44526342688377,2.16807222110601,0.486441690510704,0.165506941378285,-0.657809272045414,0.899867294953161,-0.280674066757103,-0.196170456285388
1.56914297734727,-0.611286622024612,-0.6644930617017,-2.10716078324696,0.314665178398774,-0.979486549979683,-0.638839437453218,1.52237269081349,0.769009761369731,0.532062528315811
0.161781815919063,-0.625769823923829,-1.27030327382736,-0.479214111695173,-0.349610705073233,1.0518396251716,-2.20291039069331,-0.768735061497545,0.502232030598769,-0.424333009666341
0.764209254679214,0.0516757107469009,0.543703345208817,-0.479241158442294,0.647568292039046,-0.820071865065777,-2.08520200964329,0.462562189774561,0.0676948966679384,0.849223195745226
-0.0925580095692811,0.923746577669643,-1.22694978405552,0.0344788721022354,-1.6197736940535,0.466567722793022,0.889109998882097,-1.80080829140235,1.40843220040698,-0.607390187575961
1.11498343438904,-2.02225029157493,0.911738389861574,-0.0242818483535835,-0.770549158848097,1.21893473279354,0.0894951335821775,-1.2190875767922,0.303849639972734,-2.39538603130414
-1.07861927584969,-1.35167671530052,0.635126815329653,0.0908674284780027,2.30201410882074,-1.96704750067187,-0.225882489704835,-0.527477592538452,0.922032842384165,1.61546279064998
-0.92323056397941,-1.59341061300058,-0.398769227627357,-0.259796647584657,0.25354943028865,1.56965567675717,-1.7038283849099,-0.292005652051845,-1.62192612358187,0.10773618072447
-0.207353157220638,-0.32147449794481,0.946735498786955,0.336122805922763,1.26033189033027,0.899182018067947,1.25748263533743,2.10013218816547,0.347334210739193,0.35141515302436
-1.25981514121937,-0.641442334569752,-2.41802637490005,0.0341659021684083,1.24085982268862,-0.668607681069665,0.934816759329641,-0.983328954987757,0.0360541195216256,-0.0866218168925174
-1.17135608740232,-0.800913266055066,0.417244594374808,-0.0599626314524603,0.427647758221856,-0.670206183063824,-0.0814538541961997,2.12421572006192,-1.08617929739944,0.641107081323058
1.29486723852893,0.432055797031674,-1.14260585750995,-0.98930010720056,0.234467904040012,-0.965089185979949,0.846540850711591,0.582450036966723,-1.23439515670046,-0.448130333985036
-0.202904745276759,0.42640176317915,-0.776343934188607,-0.969199400459258,-0.857695190272481,0.501865903413363,0.543906339199026,0.516935608530815,-0.80828740867327,-1.54233567583971
0.424953281460257,0.765574266206818,-0.720020677576697,-0.421106208557794,-0.612906308142153,-1.12093724510952,-0.874196876670666,1.13706722986897,0.631161234285608,0.915207436187974
-1.95669861227717,2.05431352127467,1.80626937982168,-0.509767008162269,-0.0495127145563485,0.15989681545476,0.322406507943185,0.0260791495198827,0.356021830431773,-1.95062115575657
-0.736156809164832,0.685194099568534,-0.65876530596577,-1.34344216525014,-1.10727014520315,-2.27186043291545,-0.486002338345488,0.377689321368337,1.48880061402653,0.369512881834444
-0.832098139893712,-0.541082488948765,-0.211172553551392,-1.80633017172461,-0.847511539633959,1.33205924633982,0.0285252457746472,3.16950701228605,-0.634220305681578,1.23649563620839
2.21255603107552,-0.754360551852224,-0.129286454940999,0.066486699089219,0.441158440647641,0.57584186858438,1.37862813412905,-1.65007131533811,-0.506583006990686,-0.870385864629228
0.765514466582961,-0.57393601235694,1.87866035052394,-0.543711958107899,-0.134302192520158,-0.273933581631182,0.181018498310488,-0.0391881014450133,-1.16322692933426,-0.523630691291674
0.64524170245016,0.109531928996355,-1.36850351338831,1.02471803751094,-0.989927617698253,-1.45784349266553,0.423564857186471,2.23152502810233,1.6055602181852,-0.151299914373047
-0.141558483718819,0.410552926311839,1.19018163590763,-0.34786467108885,-1.0604735864909,-1.06480606903315,0.0410706879133354,0.319960994259683,-1.5576395923875,-0.0851019620021557
-1.67140499835163,0.674444737913015,-0.188485384778485,-1.79326032796683,-0.962734034234373,2.09919245742133,-1.31905358137168,0.803384345550531,1.05435991270984,-0.163054259000214
0.508106555172147,0.845578386654768,1.29751426966452,1.33038090113112,-0.311569827179461,-0.826034010085026,-0.619704807315469,-0.675283516506014,0.147979894603852,0.247879160664886
1.04528621506485,-0.589511059639898,-0.259628965290045,-0.235299731018751,-1.36140250022611,0.432308115647292,-0.37722039347835,1.17887456800516,1.21473324219144,-1.61768939645307
-0.856263232531735,1.47772299670863,-0.39105520762285,0.597780963645809,-0.984382525782874,-0.26774323608057,-0.615790005086333,0.559139827992743,0.277327103293578,1.38042971071175
0.0386841956374103,0.318798314634409,-0.369946698996494,0.701219262359196,-0.596285007223985,-0.317727730947312,1.78057529324457,-1.41521038455298,2.35146184655972,-0.634792869422439
0.125464313899839,-1.82241265487002,-1.07358201449589,1.02635040487515,-0.703930575733954,-0.00579337744578949,1.15586110087317,0.0762597225076906,-0.239934006752027,-2.51094382201143
-0.958900436395719,0.14420231768665,-0.383397051095315,-0.26793386620173,-0.167894573085618,-0.72064728617778,0.180034670292218,0.0987902739740402,-0.980036242432077,0.450712885050768
1.21323197768913,0.1617393472833,-0.316268623802574,-0.338904048607257,-0.76258761531493,-2.03791851381654,-0.55610787426655,0.315071932891326,-0.0361545036398791,-1.35527455858725
-0.670910502579155,0.17750924576018,-0.225572212470245,-1.41083879893621,1.09441441055184,1.3784131302467,0.498002745153228,-1.05103821768532,-0.649988308893246,-0.139665120562547
-0.465050225633151,-0.96495033173953,0.0416436026518634,-0.774213341509463,0.203990198318968,-0.0361285843578909,0.249494043428282,-0.660090603304077,-0.224460187107167,1.24700536869734
1.34800830984302,-1.23176838297603,-1.30603872520569,-0.0180621444494795,0.49113885806008,-1.11726659590132,0.746139554446576,-1.88443802975196,0.821374152317205,-0.434751357291097
0.808446965240664,0.807000698678112,-0.176077890063645,0.0457340753223344,0.395101423453178,-1.25780319651742,-0.669172031759751,-0.572418708645399,-0.600890486188783,0.0185472702272311
0.562697450246451,-0.182771502268631,1.1390101290319,-0.919168030611188,1.07964580236012,-1.39250062089401,2.13491509907702,-2.22739951959488,0.511225142806877,-0.697961554067485
-0.323190232741355,-0.202966060170225,1.00729525061831,0.896350539002673,-0.539297671635637,-0.181099174398967,-0.462964972713445,-0.63871421995474,0.719046959828896,2.04939958991555
-0.472406185614648,-0.539307156479063,-0.187058718279347,-0.0401738192943453,1.62765587188653,-2.24864653855608,2.20292750957361,-0.940951319972105,0.317488274870935,1.92429650910351
2.04569835332143,-0.48533645976686,0.47334130164685,0.373219589580579,-1.67394000192543,-1.49606771447255,-0.122895183874813,-0.418993221974262,-1.30431395113863,-0.981613584455133
2.53848008880057,0.626062965527288,-1.43471019556472,-0.548630253930457,0.768827392144935,0.936425445312094,-0.522276754156049,0.83920371180557,-1.51492421898228,-0.554173591758546
-0.22269280207049,0.0837130094027924,-2.27309962045582,-1.02212630542918,-0.897620444984596,-0.863778083425937,-0.991083132664016,0.605252802498714,-0.269610856558999,0.690107496825065
0.89362724166938,0.166486132014823,-2.18289366211366,0.088532858738143,0.627714470711587,-0.524048981834313,-0.306392779418586,0.437162702115727,-1.37118485337521,0.099144850173155
-0.015869152690515,-0.424466041617611,0.145860260250675,-0.590103899902444,-1.42077472920969,1.10724071864735,0.497991449679677,-0.000929519663281903,-1.0021347757408,-1.29680006209011
-1.43546907999608,0.42061688612566,0.571697199652768,-0.073086161238743,-0.531574076622351,-0.0297411516425802,0.235793454926292,0.504484158022192,0.524546065621254,-0.0604258461871582
0.679287598420043,1.87695050683285,-0.330028509183112,-1.34506532458172,-1.93484588444343,-2.07447831335811,-0.467777739088579,-2.90470553654845,-0.981648295052843,-2.38056554106721
-0.406634270005092,0.446133444078527,-1.52297320927859,-1.42844274154581,-1.22206963174964,-0.99861872297222,1.62192584699498,0.67875374966397,1.02154854655083,-1.1208250356377
0.191139273651984,0.450718875985387,-1.47097774852362,-1.40214251318613,0.0625248315526613,1.27308919991156,-0.814686640741698,0.251461096316471,-0.514810291958729,-2.08745842689255
0.496977305207345,-1.92287500685689,0.417615790453633,2.32622973157045,0.581890182431984,0.231453913737586,-0.615614870965997,-1.74315896485419,-0.712991168690692,-0.458481189011121
-0.85281953505673,-0.906524119662233,-0.680773132591288,-1.82332648438012,0.49322347939635,0.719550242822233,-0.545752565810027,1.43492994722096,-1.39040955352997,-0.0825018971715274
-0.107330907670047,1.02291783248288,-0.859641866495902,-0.247263916762215,-0.461152847699716,-0.223843173809609,0.838326871742363,-2.13422758750136,-0.467086051176509,-0.910054678462307
-1.40417432553583,1.52070524678364,-0.357453077431396,-0.63724108548246,0.16090826878063,1.12612103008201,-1.21992519553731,0.318591240338371,-0.243197172261197,2.55812914075238
-1.37872337630763,-0.246581120494758,-0.653463778790434,-0.634183696297377,-0.508819902079275,2.53754649342508,0.36163310683549,-0.323388351138574,-0.122742488608598,1.03517450387619
-1.44804801290625,-0.555475279606489,0.90650882635465,0.0495746822448367,1.11745653963737,0.759782025252557,0.179466542262716,0.0477381681599099,-0.0503841217924812,0.179932448237176
-0.422018188193512,-0.0638247840515112,-0.913834965387035,1.54475644033159,1.19924091074406,0.599026241385373,-1.71878917867966,1.33603545888457,0.891531498213128,-1.17963642497579
-0.929588447420663,-0.184092836091959,0.503803987923328,0.394701442924595,0.372496534179901,0.373157750785727,1.86971363789614,1.3997243305259,0.65768591707457,-0.089656037512015
0.304761903187258,0.139288116584407,-0.94369415333756,-0.52846374117727,-0.955833047480231,-0.402925360745048,2.32732662293107,0.923673125310641,-1.2315050624183,0.195579862104865
-1.39580011497428,0.539542255595492,0.0722120245118229,-3.24988959819209,-0.827392947413336,1.92777366802451,-0.440504712711195,-0.325498036214257,-1.89621055955052,0.854263235649074
1.71941052783288,0.368996835440889,-0.890674879576548,0.1410370721373,-0.229015930097114,0.720936934556957,-1.07223527136774,0.257946409066936,-2.16072847853725,0.598948509057192
1.37575639540104,-0.274421900699607,-0.202928616751752,-0.180008610534564,-0.49809049236415,-0.482459324546724,1.34038334201991,-0.801621404389512,2.05424504869773,-0.345234773347151
1.40786695555797,-0.0136314801439184,1.20123699372787,-0.0815627549012324,-0.400163996906944,-0.585156233483552,-0.624087397581621,1.0928146212668,-0.489464599566684,0.893247057659806
1.34977462140793,-1.19545243704465,1.21270094344363,0.259151601550079,0.639921932710542,0.297118524568325,-1.05730567017828,-0.236818612998491,-0.329175860681003,-2.28133146246771
0.843307876209378,0.30410044377069,-0.102751124256312,2.15292259255047,-0.776345495312821,-0.466498020978919,1.76403699965427,0.210627356231635,0.103961779049407,-1.53023995153736
-0.349227846788877,1.6220969356034,-0.991523390303573,0.0537745092583437,0.310805911571651,1.65721085216782,0.0819775134539759,-0.757366214664955,-0.340466409277,-0.761778076562403
-0.390042973074973,-0.29621574731533,-0.860622065220797,1.54938439948077,1.08203759978172,0.169876919957254,0.263944494374984,1.98578038439879,-0.553743645299582,-0.392170656083114
-1.10042826784099,1.09622439607861,-0.439051529147339,-2.38478131864053,-0.114730870828862,-1.25808789465261,0.934076903537851,1.08001954027032,-0.657913416326325,-0.667629617619675
0.0414384334208386,0.202337906628541,0.521469754358755,1.55914649392221,-1.25997223383419,0.393719455979407,0.160312991688768,2.0619843083439,0.39760740868445,-0.345190284488487
-0.196519705502608,1.65177590141762,0.792945033568392,-0.422111129552954,-0.893898749968234,0.465863902294521,-1.5140424633557,0.766467004383596,0.750259285220507,1.15875465186211
-2.00211246990285,-0.870589725922963,1.12002994967366,-0.434021270105499,0.0490245924535295,-1.88563208627735,0.345628977565245,1.98530088537467,0.432799924016941,0.0237390661356214
0.561997144250214,1.42658384905946,-1.67348668894391,0.290087351303264,0.987066017687071,-0.278168871502825,0.808952192263137,0.631531418671333,0.549705277163667,-0.250701211128747
0.665495964662051,-0.140099930083844,-0.354369257166405,0.503727461888993,0.227108332816408,-2.29981257698922,-0.710815535799021,-0.749392901099886,-0.766159723869618,1.41875960747373
0.933685133110096,0.425539774567818,1.65679835537534,-0.905515539031919,-0.829779482429837,0.115567933798367,2.32936915563412,0.391270330379132,-0.199952758568323,0.031464627353474
0.481085555057666,0.195599641488065,0.687981479226387,0.546663651765966,0.415584899795975,-0.797616699664366,0.642379182004214,0.650565329773286,2.26881727443274,-0.943113785589931
-1.25160541902847,0.41749225960307,0.576630667581956,0.489723801735832,1.01921474554699,-1.21704530635658,0.0113256072213144,0.666616386288842,-1.16020915752687,1.67764878041881
-0.659092745241248,-0.352802922675066,-1.02532424948506,-1.07806076664793,-0.267087721242989,-0.0491079385446741,0.0110496235748519,0.59354728103232,1.18085640454029,0.0463443494655224
0.647718976601378,-0.73487495736585,0.301078286230622,-0.509933206229351,0.654989465413452,-0.960289132866648,0.651636768747372,-1.48455743515778,0.03785658368934,0.374278267005276
1.72756352459104,-0.377799949993487,1.58291250936954,1.78222468487083,-1.17388854982353,-1.18921844270102,1.12321575598769,-1.32390807248352,1.60888250164433,1.46168814007624
1.25013534210828,0.98854409131089,-1.29958266155111,-1.50227065873955,-2.04795263203016,-0.186199876454158,-0.0451812688734888,0.134584273929356,-1.83411888496536,-0.0297758392642729
-0.580301381435519,-1.12117968870759,-1.74248421251338,0.0351746144201508,0.702033061973197,0.564780370160809,0.468838330936439,-0.550131972789132,2.16999861100558,-1.22407962492544
-0.231591812129521,0.34056360194952,-1.00347985675159,-0.435073149017965,0.132116634038354,0.836111036605296,1.40700947037709,-0.904264025884622,-1.88139206421189,0.242700251610066
1.0894599764913,-1.36613543715893,-0.768210680456695,-1.99143545331454,1.10103490568545,-0.0852166699611631,-1.0298959135181,-2.53405430679998,0.212055593744792,0.390843924471352
0.843563460492116,-1.50127910225815,-1.12081365079967,-1.12467211184903,-0.0986623690890279,-1.26069412162478,1.25180860737231,-0.274277728497859,-0.820731758269193,-0.360425016226485
1.99224323317857,-0.535398058924262,0.360237385483001,0.810170145431862,0.553392953112392,0.121717183343917,-1.33272710693189,-0.64096854016646,-2.0376126903424,-0.770484837029879
-0.171587518277656,-0.902076808390419,-0.72142580154345,-1.32264913658003,-1.35457000708532,0.299306764553879,-0.820972567062547,-0.281459731727494,-0.43797866449734,0.751286838900449
-0.0539770707397427,-0.185014789035696,-1.3743104433208,-0.0577424799860738,0.519033228516764,-1.65661483806636,1.47355235150828,0.677764675627826,1.22184150072168,0.094485635128701
0.761074269014418,0.471779363420569,1.32702934722347,-0.0934974162571685,-0.467790458391587,1.00254563979993,0.0704590391852502,-1.59010911680396,-1.71009434013764,1.1958800930326
0.383696504201865,0.920385334395409,0.8466814638366,0.0542618265220277,-1.13171986643449,-0.440762271256954,1.03150012233221,0.380122745024003,0.246517102292543,-0.314597323930751
0.274630804661583,-0.733675423685395,-0.746378964398451,-0.365254932976372,-0.157627293802788,-1.26161377634948,-0.0487055808715597,0.784166520005668,0.429437200075199,-0.588921641116703
-0.351166156224601,-1.44704674317442,0.284084236858327,0.123081783116505,2.74255489795928,-0.335305823108967,-0.621268134939217,0.436459787412861,-0.897395573311503,-1.2897239732424
-0.113881818958367,0.2976563757568,1.78233065606381,-0.104683386522274,-0.455379053677872,0.821327911039218,0.154074896152847,-0.437104094033844,-1.49528668487018,-1.52608171289952
1.66450052957183,-0.803460270420478,0.277908797706821,0.628159920649932,0.450748755972087,-0.726681509509872,-1.15097229647083,1.76963082923052,0.7378894131766,-0.35112428538967
-0.302502226439645,0.58351337001939,-0.435163729992398,1.05410292642371,-0.654551029087249,-0.0662330748969422,0.353208863017915,-0.141888921310351,-0.421046404293989,0.595945644285748
1.49887628504666,0.1914570422666,-1.99704750283676,0.713696181093926,-0.523853452587203,-1.0731932123135,-0.439095348359744,-1.07404849867484,-0.000905254817539731,-0.244493388466179
0.0368117949031924,-1.62047265152287,1.26079737460762,1.00404827455805,0.636319993506082,0.00775573876125374,-1.5589398247929,-0.137189184855877,-0.629612477868097,-0.826228524607262
-0.297261823390908,1.02857401549795,0.233643908093947,0.103373166059241,1.01907205107618,0.00346020933633247,-0.351552093543487,-0.582179615533483,-1.89745858376512,-0.898521587109502
-0.938228217702145,-1.18942075980468,0.679342739066228,1.03056551812866,0.611406553596515,-0.270232456561781,0.554101615654601,-1.30248110386692,0.138941543914505,0.581338649874377
-0.299866162703149,-0.360143554683826,1.15869046459706,0.0668791931930872,0.913247374341753,2.16880414588349,-0.960354352391009,0.232344204179268,0.250115789661331,1.4031240443942
-0.876365177811057,-1.62328414983075,0.593743373952861,-0.0551436215582915,0.764730719755892,0.26350168214483,0.236924572859968,0.022629102389083,-0.368591742191292,-0.246281268081397
-1.20331153372201,-0.562110312569489,-0.455038708487216,1.80959809383882,-0.14749326329569,-0.257083047445947,1.2827130467066,-0.356758954052508,0.0634340545805548,-2.18971417653415
-1.24380351529319,-0.549218960143787,-1.20615519562794,0.765065316036795,0.77522154016583,-0.227507956264986,0.176041613883566,-0.601203620238731,1.69913466002609,1.83513221543946
0.447751227005317,0.734899159664449,1.15591898241597,0.961793722112472,-0.024008676317782,-0.573170687372214,-0.509348014850061,0.566219779067283,0.485055079733995,0.423400446493302
1.25498469677679,-2.18489902657619,-0.213980350088294,-0.076621975800382,-0.584941485400621,-0.172166595739758,-1.00178011976755,0.806283346189822,-0.739159574002624,1.27034094517575
-0.416377923805463,-0.645175118598612,0.397805116072288,-0.31215045786726,-1.35006856308083,-2.22342732403913,0.261995721464436,-1.37336564536572,-0.86798143807262,-0.232150310673832
-0.248982998632736,-0.616951788988166,-0.52874092001281,1.17585722727048,-0.0698049077667577,0.533926308529961,0.939910212928522,-0.0168949828760247,-0.383876295871509,1.41117858730087
1.27945588628538,-0.541244528675109,-0.309484594981799,1.07075933457131,-0.0050334182593669,-1.15108095932531,-0.534326747433757,-0.0610265335531434,-0.206588837382563,-1.21693339963474
1.20356991248786,-1.75551781085097,1.80380422046848,-1.02744697989835,1.37583180002052,-0.89743944095955,1.26219255727164,1.59642800955348,1.88070654884024,0.841364152381131
-0.681252391510612,2.05189071530279,-0.816163375561709,-0.221457519283432,-2.94004398041986,-0.925277308271807,1.88298616327974,-1.16523101625209,-0.0202854532701497,-0.841624640835689
1.33826913023367,-2.63070779035663,0.340155033755671,1.24945353126273,1.18734077184271,-0.305231898465246,-0.292963602506698,-0.0527579631533038,0.752913216612451,1.32140080419361
1.08771192672141,-2.86984632324406,-0.501762838072047,-1.14915574512976,0.421604605624612,-0.650159805874911,2.14782699822497,0.482091365521366,-0.483375604738821,-0.747171316615731
1.79480829025487,-0.694411024117074,-0.717166385712268,-0.00960169412439851,-0.985716192089404,-0.889074552820435,-1.12783327372877,-0.877098650665611,-1.01348328212296,-0.0908860201703855
-0.070111215541001,-0.0910063922314328,-0.373947751115648,1.70320983443638,-0.781498669546662,0.717893085317449,-1.3710392216304,1.25180087047069,0.499689254884971,3.00850133318799
1.20808371870598,-0.330900729808389,-1.74917569442607,-1.50390312373453,2.09737988547758,1.26680253130335,-0.590518559750338,0.366000506511195,-1.11089099319892,-0.163639651811864
1.34980023798002,0.607840568132463,1.74098306822799,0.792568880907675,2.33359702862192,0.231975655283203,0.751644084202393,-0.218949646800478,-0.438523161966011,0.282934632264526
0.203108581180114,0.759752536991187,0.0630441979835805,-0.604819163800647,0.898500109386892,-0.443750461657128,0.341406728035408,-0.0373173042824027,-0.52859291179065,0.77743253199148
1.22777655042068,-1.5674751883236,-0.292370382144924,2.20095410753629,-0.130832895249718,-0.21647441423453,-0.657444280149116,1.46829486671904,-0.273640610195835,-2.06731453498884
1.31838485384759,1.42643908534934,-1.24936145325673,0.127367717527319,0.733173942988581,-1.36739928901982,0.406468256431356,-0.256571250101943,-1.56703122968299,0.301389845176898
-1.25168717273838,0.374061614186757,1.21830652948524,1.36029509459654,0.0256086071755095,0.655790940891975,0.476966310768059,-1.74723052477696,-0.319187200722068,-1.56772875010359
-0.821387282573909,1.18426547568317,-0.631994782790275,0.267791861794722,-0.0516069704860098,0.419966534171336,0.562638721342302,0.0499581839039665,-0.790963653305249,0.638229307315886
-0.299979556000934,1.05453216495206,0.514390963286283,-1.98736215117247,0.677687547358869,2.03889325707249,-1.18059093294618,-0.468550628960402,0.896110174735467,-0.336572038853675
1.92897712596961,-0.36904095622897,1.37458279057915,-1.15896707232205,0.782921079598305,1.45156741077181,-3.23967504883143,1.66347596314106,1.23437137862399,0.267229587672934
-0.60748497880825,0.983319147996174,-0.669947283761031,1.00500066442659,0.962038107053024,1.41069565246874,-0.86579471361642,-0.44437356590999,-0.733910017434928,-0.90196856846283
1.59469422140953,-1.38273565337018,0.938683782535802,0.519496740250986,-0.725970383975618,-0.523985413891782,0.506252139967415,1.24735861262933,-0.299116616107474,-0.180900372127649
-0.605716738234784,0.0800439490755421,-0.307652605363685,-0.693155155714185,-0.284009480127214,0.365915953342746,-0.0939153923505174,-0.312008520231686,-0.843694542343683,0.0983160786986956
0.876088055282431,-0.334676733835989,0.87515420704681,-0.826634124529122,-0.650646286933395,0.705432826009502,-0.339015263369306,-1.20270749340788,-0.265806607225794,-0.743977368626643
-0.178966670431462,-0.295277268190981,0.688032926515985,0.632711366745315,-0.962518280083413,0.849502310214869,0.669253530330919,1.55035624597594,-1.35786590154325,-0.0416036155469189
1.17542539827461,0.341009693484931,0.270727695766746,0.70507584141087,0.375663556485335,-1.33165603741351,3.22131152431598,-0.796420825643941,-1.00722765086564,-1.86938775832996
-0.62700273890807,0.388041879765919,-0.742733119457842,-0.0646380557419998,-1.34405261092752,-0.888971029042272,-1.39451840139573,0.16195791711457,0.5528870175172,1.03230206066862
-0.560337586694684,-0.814219601559581,0.0589809343208894,0.849996147779456,1.09662254271224,-1.38220060855412,1.21270497921755,-0.0269692276345026,-0.610849475002114,-0.0450824510681495
0.614712897889474,0.887875573357258,-0.12135043597869,-1.0566702358832,1.57089328965502,-0.0338792822790958,-0.540347161119418,0.189410265221788,-0.684245865381815,1.13533052836406
0.507734971867504,0.475527760405423,-0.642871653928847,-0.351991178062478,-0.529065538615351,0.772195408217439,-0.282007289113016,2.75375581063665,0.859662078760375,-0.987458060381004
-0.20411220914826,0.366904775133502,-0.850269536242792,-0.241900583052404,-2.22169271281596,0.413571268706585,-0.39017026642233,-0.181057519256367,-0.992800563616954,-1.46999311915288
2.70545398444307,-0.951386910410742,-1.65149424410841,0.662532812889805,0.462247064467716,-0.291526496097046,0.864617927069317,-1.03324158476832,0.556224019953285,-1.04234735031579
0.786913708852713,-0.000130768304813783,0.73912039958869,-1.33531416174536,0.133849400386638,-0.789367091612977,-0.320408645342636,0.425251072784947,-0.174733793458747,-0.0939200705682186
0.236460892252121,-1.70141367322897,0.694511107574647,0.658031793282304,0.296678222117078,0.295438349384457,1.381034013779,0.0736593877642702,0.121169182287989,1.19667199157053
-1.47907714667404,-0.483410881799449,1.01565410188636,-1.25566739552684,0.384572167443948,-0.917616325773914,0.82671515165118,0.467221860702695,0.59732348457425,-1.24014832155816
0.68981172415253,-0.473740983796209,0.348589834830618,-0.884742977764749,0.273215039389112,1.3045745054789,-0.76666818493991,-0.750693844525289,1.35691061968719,1.71118647226844
-0.749101946935259,-0.786497159904906,0.898498974027301,0.307356910210308,-0.512834530945015,-0.477641268205336,0.104808334493077,-0.869073572498149,-1.66625705288999,1.76957064299661
0.19269000951758,-0.796723852871981,1.21157819729293,0.750281170170062,-0.143531730940288,0.0821790802411392,-2.17699355401141,1.45962802492099,0.57862953905212,0.404029892475458
1.15984309755915,-0.79818225797968,-0.648631874832821,-0.390539276943423,0.781040936521821,-1.29589549605816,-1.33932116247379,0.00168372284416422,-1.23013529935508,0.568901944100658
-0.164672407864462,-0.487190654020412,2.91235698698108,1.77764937580082,1.36842846449074,1.52445538464917,-1.84219691852364,1.55189753196959,2.20770682014486,-0.644148664750295
0.148898413195488,-0.580182041689389,-0.481343567924237,0.917026657805065,0.546264822305318,0.448520713773695,-1.44142306614503,0.426908763120297,0.374193663378725,-0.397032018367124
-0.439272377430445,-0.362855125783696,0.00815203083003363,0.211162712568446,1.14350216901748,1.10543435285706,0.423793180207769,0.335022614122843,0.155125490942076,-1.20980714090141
0.583372646150101,-0.582340241511208,-0.559868679519053,-1.62323278776812,1.45384378285136,-0.922825790290586,0.297574890560376,0.113855409106218,-1.3294176913909,-1.63741621403977
0.332678632062958,-0.151097265454419,-1.56869090437517,0.577103472120293,-1.07061945163875,-1.34720332413263,0.434743187742761,1.35021473704693,0.639279454694064,-1.03660707712776
-0.446569549086449,-0.158211834173296,-0.491446734294694,-0.0565731800478021,0.8715960101652,0.0974322717598196,-0.85153163940963,-0.238595416733167,-1.42523263157921,0.313658807074995
0.541268349017072,-1.52820219644797,1.8679519204119,-0.750594135231522,0.836310984631913,-0.340638495746106,1.59609988504925,-1.17408786918834,-1.51957227495681,-0.0281659512425761
0.789683633959697,0.39223877769026,-2.13614991811303,-0.968612009955825,0.0465633042467401,-0.188369317979706,0.603424530939572,-0.211140811317175,-1.17325601936946,-1.31278570663841
-0.72566427136624,-0.0373338264837451,-0.487191418427801,0.938768589898263,0.786957463893654,-0.854355019160677,1.14441583584432,-0.778229699503289,0.417527396156823,-1.93429036740897
-0.788070014370559,-0.259006119693263,-1.04190255226459,-0.889033309555338,-0.100773256351169,0.326128374549845,-0.121813233926636,-0.246674019176799,-0.842102087957385,0.0405090879110226
0.820093950875603,1.6633003552118,-0.787704567858292,0.50867020881275,1.20527568271672,0.368389660521974,1.77494651305301,-0.59324358092036,1.35553753456282,-0.0186633380777308
-0.683097829178835,0.548708071520719,0.7737735378894,-1.25864141124779,0.688968694539348,1.38957749705056,1.05453744711952,-0.404847951574879,0.421589610661564,-0.208633635603776
1.46787098957664,0.813993999842517,0.432812717470779,0.0482042606761554,0.132097822281845,-0.3919041870875,1.83378595876215,-0.429983539616489,-0.603832710113172,-0.496535120509353
0.522174554055022,0.856792087960999,-0.341593747189012,-0.185202032099191,0.422746697249423,0.421515298471965,0.186174841972924,-1.84759127073534,-0.491420708491484,0.590960471876373
0.0347760624208674,-1.54524792937265,-0.307850022771993,0.882055921447217,1.68216083805732,-1.11171281174574,-0.605274809952929,0.0377725028696206,1.33803038741906,0.332362237786694
-0.683800300264157,0.308000970866589,0.76574264787503,0.848942562146387,-0.220503453962045,-0.863641440898749,-0.504410859473149,-0.643598596407489,1.01807880144411,-2.19478195150019
-2.42048314196433,1.75917233100094,-0.844016351305422,-2.06892780426938,-1.42053988629513,2.14531430690252,1.29683221410763,-0.553894098257779,1.34304182490022,0.0570670848735729
-0.846775266735402,1.10194819526602,-0.536501589524995,0.913418412734815,-1.8985057995663,-0.374624112191383,-1.43612799329179,0.8895084196777,-0.282051056066967,-0.477264753438239
-0.265269086813231,0.0825957204004666,-0.448768271678421,-0.474538401072562,1.14582771769299,1.65986394239212,-0.682594497067803,0.940701722759859,0.413308684577994,-0.0583099051293347
0.930240395502447,-0.947874430323272,-0.381607371420337,0.977951537575616,-0.00539362163586293,0.0172935176069533,0.255777115850395,-0.973065120453728,1.88675638096438,-0.98665057026764
0.172177411042133,-0.212368091691544,0.418527557523346,1.23288199274436,-0.369098762728431,-0.840540235569768,-1.85725393808512,0.331391351853567,0.370135029574063,1.19334953578922
-0.998312126915071,0.8366869746399,0.955033787140944,0.488073437114981,-0.459613448553659,1.98963909335995,1.37760003871199,-1.45816572703266,-0.620794671795517,-2.00471895695636
-1.34331614963127,1.41906219611547,-0.605556015440849,-0.674033597520032,-1.09706083954987,1.04801712110146,-2.46317831936779,1.13096697999078,0.110351003251061,0.896247497760113
1.16671005825989,0.0355918666666311,-0.476322620110696,0.446573988265718,0.299086708134699,-1.46591962716263,0.959936137308912,0.822792977498872,0.343756242701708,1.05696054930247
1.115826227939,-0.334717124933152,1.39198104402925,-1.09983821860278,-0.414234501680529,0.931662517607033,-0.133398277889876,-1.11436986574802,-1.09922067166674,0.752112718768682
0.274097170339483,-0.0943096994226558,-0.996021235256602,-0.71963420488725,-0.3921446102638,0.378071787539696,-0.00261265877037794,-1.04242137895072,-0.153252997179323,1.40312750865794
-0.617898549903792,0.405505360149978,0.33375390921132,-1.0173818684645,-1.01680464857525,-0.299578778034122,0.73935587835022,1.22227910531547,2.01581315304697,-0.545448510535346
0.597195621887152,0.600649515079606,0.926115218077655,0.271468054894904,-0.342367223086259,-1.26140998239862,-0.624394460158691,0.916719471745046,-1.4295079399878,0.929149677704485
-1.60445804584556,1.71286165970802,-0.977281453276722,-0.563654656099143,-0.147378597148431,0.102902383434502,0.0274747265784228,0.398332387018442,-0.177668770278716,-0.0953951636987455
0.418508949034883,0.748311446363915,-0.407132467959132,-0.564900747871689,0.272342268199739,-0.32053365079585,0.172216793496278,0.880683726765862,0.471700345916848,0.273877002270187
-0.857711820202928,-0.527616548279459,0.128509340423384,-1.31648095504473,-2.5240163576579,0.0336726363916076,-0.493483755981438,-0.726773726387217,0.958453922566558,1.35845268924535
1.66633512074381,0.213364508021984,-0.342000674595273,0.192053087831215,0.672257175121937,0.261640090432412,0.556510032199509,1.55580625664016,-0.691717660693182,-1.55566380176567
-1.6593608010198,0.939916914529631,0.710981644459974,-0.600026023913862,-1.98584602604162,-1.11573593178939,1.59897610197726,0.0632902403884655,0.985922008518435,-1.27110231113509
1.19400866633263,-0.114918643812642,-0.72128489024751,0.703256024258402,1.25800276287038,0.300776889275234,0.874027426855049,-0.770179327140907,0.0407591404368872,-2.54995124804671
1.02116507578492,2.33171014957483,0.351199187713472,-0.756711636972059,-0.258163134750108,-1.32084586326905,0.717901776073439,-1.03757998401468,0.112487910274362,-1.57348848764313
1.08179251115113,-0.987136300245657,-0.285936584853527,1.3938166565751,0.150040136703886,1.72414894765103,-0.843006965045169,-1.50780507553906,-1.38006141975719,1.2521500798715
-0.499543924445373,-0.184966320070866,1.0140566166324,-1.52937174319543,-0.946520945925554,1.34681515431504,1.25785207052685,0.659625305170311,0.507684769773126,0.958419263587788
0.953366617504746,1.356602341314,-2.58736615640709,2.14470981961006,0.77917954881861,0.552491186978235,-0.49906183954538,-0.232551721755345,-2.27451002195507,-0.958359911284502
0.588816221293234,-0.955017137457287,1.49300605267255,-1.07516928958152,1.63665183727635,-0.254929285459094,-0.492898089209019,-0.921049158808794,-0.91863573387056,-0.851747794361783
0.745456281677491,-1.76243665680217,0.532047855104528,0.575003474382326,0.709670672433546,0.522078304674045,0.45469182212035,-0.434034166931533,-1.03485034967246,-0.131536243467753
1.79647183016833,0.698475593899547,-0.188110748168826,-1.39890743729129,-0.162124443754532,-0.952152331467251,0.389171641728033,0.120986286435083,-0.602305423244166,-0.269247193300299
0.611764054444807,-1.14666399562004,-0.0570634549121129,-0.225981487448936,0.311669742624852,-0.682700362383409,-0.417894211592484,-0.567939133762751,1.18937980943489,0.68724514476191
0.015704896458289,0.0944894061537652,-1.83201722080026,-0.111251695043485,0.98368100242653,-1.16317771190938,0.540029377161283,0.246449682776018,1.48087505770558,-0.886174277916879
-0.0955176186986308,0.0821336102057641,0.909991689750444,-2.4343304081604,0.111231254881155,-0.100435104487794,-1.0195896555642,0.851410617256997,0.805861891915091,0.109673679716775
0.217755581056805,-0.456344393483262,-1.22268469292209,-0.539011907714711,0.134800045558868,-1.33030221767705,-0.83448807798098,1.5112466222672,0.692762195216793,0.0618152424433496
-0.918017829105606,0.597654562177091,1.49453759053235,-0.677469383292658,-1.6148156962712,0.00590475369734653,-1.55221170680092,-0.80774300147578,-2.25144939701729,0.480257677812296
0.380769440501995,0.9752311242015,0.0878934044555411,-0.52553948660033,-1.42399121297514,-0.0955207286612673,0.574237470842883,-0.518535324809183,-1.33597167230282,2.96647170053203
-0.557731159577056,1.94615567986777,-0.488713120655682,-0.885909715604293,-0.796256127912086,-0.355005406728003,0.392997741756707,1.27202878544538,0.0569868033363536,-0.222866578352135
0.94546044282152,-0.0758420000342008,-1.85879249566781,0.695173154266605,0.246362075061443,-0.144467524371918,1.20915211723761,0.922312311241076,-0.128861517187432,-0.291410397599936
-0.369344127532226,-0.0381616463817575,0.410884563557748,-0.282832223913923,-0.00278542404420119,0.565527494765839,1.13405287976286,-2.41498559054869,-0.0660447459296799,0.51151418779681
-0.0946044930398838,-0.211786593325187,-0.356520246545932,-1.17905107364039,0.170515176390972,2.27308620634453,0.719542086541432,-0.526198049731918,-3.132213680723,1.92721932707873
0.356742262985491,-0.351532698558623,0.0614803681797194,-0.334741997169329,-0.846553606361113,0.0462097428457074,-0.40544653509878,0.00824923927969815,1.10463039255324,1.18288849283284
0.271267114603332,-0.18940249868315,-0.238495513096208,0.463063213021384,0.937266708678056,-0.415227402452606,-0.852808054518007,0.41473037995043,0.468794177999645,0.32786742308913
0.13514710431771,1.3893855075025,0.405610927825007,0.348950050801696,0.373502452746204,0.662190600908062,1.77959301708577,-0.551255355362284,0.0108232051547823,-0.796677306558147
0.170418890557893,0.855099063852746,-0.415383942611514,-2.40918246436959,0.641478192603643,0.00120191869923808,-0.190374350653349,0.377742021702066,-0.364414640289194,0.168922870814508
-1.75191922333552,2.04260472214984,-0.297212703724613,-0.965274256765102,-0.875782856791181,0.31101926382445,-0.821127753920255,0.776545072188289,0.189320610643393,-0.555966876815483
-0.732623458901079,0.0530558159024255,-0.956003640221632,-0.80627503527233,0.365250946008123,0.681091880430411,-0.035441979797508,-0.14058649144182,-0.0811978169985097,-0.969619885047883
-1.25550844390562,0.427755530279799,-0.33787395980413,-2.6561117006398,1.00669136590456,1.83076566869154,0.300009729218579,0.87043871740552,-0.0472023226701022,0.362156251725959
0.245783249739166,-1.37234599002957,-0.260683791019382,-0.445270459485673,0.411006090060573,-0.848177946922754,-0.73903649875361,1.92280684313008,0.928339426501634,-0.0563919970771061
-0.426713762653801,-0.126294547604713,-1.39638782634182,2.90469172826788,-1.88040976657181,-0.496900535153551,-0.893343282423576,-1.74048442063069,0.392200872114612,1.34731530726597
-0.844529483527806,0.580080236908541,-0.0688998514101691,-0.489732501871934,0.233341226602203,-0.141294622340233,0.971515283165857,-0.475808650073748,-0.631396506873864,0.0780075749630601
-0.928348650964355,1.52447801749391,-0.297473091710754,0.557637762638201,1.10946495312558,0.0388005494675526,0.0258395713151332,0.591427304836577,0.551017844217656,-0.630250997432025
0.680736003501485,-1.00751322597826,1.46910689823975,0.738517775385328,-0.166442743967243,-0.755455797642205,-0.755454870465732,-0.168995501984012,-2.03183150959148,-0.886466917181908
-1.54150978421016,0.589441974815503,0.906826256755293,0.535966735569363,-0.185822231297978,2.87652431890729,-0.180981365416512,-1.00800079829599,0.974497804868032,-0.771707375568635
0.730519014935952,-0.937177856306512,1.68154580839616,0.704929592678613,-0.596408662823551,-0.412835819906963,0.564623846971052,-0.413116550650267,0.0402173470105753,0.746093736071015
0.410860789481692,1.93489552870311,1.19996759092444,-1.54648117324233,-0.303440861320908,-0.422823497299073,0.472227139551449,0.353159052162496,-2.26515096368361,2.22951426892511
-0.645334407466267,-0.977088524703313,-0.477091106285424,0.556637844544856,-0.829113555213882,0.267058238720589,0.859613832117678,-0.253709687825102,0.698570600981978,0.605695400314173
-0.323269694512068,1.37812646617604,-1.27623255853254,-1.88868390620628,0.395759838360047,-0.600046784495656,1.0553912299951,0.967325592738274,0.028475253918052,-0.0455360392572623
-1.0743270148891,-0.759510023960764,0.170156411862861,0.609131887354095,0.668222279106395,2.89747489974682,0.284889730839685,-1.66229824292371,0.91017934232267,0.522540345433016
0.0710994929031247,-0.850721387800987,-2.154996255055,0.371070757337825,0.689474377393426,-1.17137157110265,0.844722328815942,0.498989518972575,0.530319550493041,-1.56432873635102
0.0667784939230066,0.474959476215352,-0.58387425996566,-0.256395837431821,-0.634152822816349,0.157973491943777,-1.27319579000637,0.536518029913442,-1.48135483113171,0.270457690009456
-0.669259048272459,1.53268503007466,-0.538331357926658,1.59354787898925,-1.04603090349712,-0.354105374213334,0.681148966665095,-0.367841597033802,0.14716567960811,1.53207531275258
2.04603982544231,-0.799099212749544,-2.03368391845154,1.01968033541098,0.471444995025284,0.497917488210923,1.00784439658302,-0.258024267322559,0.22766220862218,-0.887603871872731
0.992739716116961,-0.613735902816443,0.319368211819543,0.824369025228985,2.09523599579519,1.41185730300195,0.493173555749583,0.467954662066314,0.13759346517398,-0.0885878796111026
-0.69340794272278,-1.40573288590348,-0.733839218482687,0.0836474527648013,-1.65481330661203,-0.872188061500757,-0.200338790361232,1.12308520461122,0.171444163239919,-0.634343691577201
0.18282035255335,-1.12651374201886,-1.17784305261241,-0.919719501834509,1.04275468089991,2.64375783618174,0.0587287137318846,0.139033001826623,0.112836459322171,-0.720277722498093
-0.0389227654353222,-0.584762077633293,-0.658085052877717,-1.81886019718556,-1.13199602027712,-0.00501647161973899,0.34047792535021,-3.4398753271499,0.299657066353095,1.15987125523407
0.479785517905171,0.922241542339913,0.429851905116139,-0.234676462252696,0.197048208494812,-0.340713216490906,-0.235002686574322,0.706826147727711,-0.497767924178823,1.11515281848421
-1.32315237568099,0.786293217363372,-1.937629083879,0.223912788767187,-0.300736992062727,0.347465613289601,-0.791279862382603,-0.634219866604856,-0.154633513203724,0.386041072610336
0.434424401690509,-0.564313758130407,-1.7863596647601,-0.965042490537571,-0.434730693443514,0.0921418233428973,0.735699037558375,0.474493534020083,-1.481747970203,0.334171935242437
-0.504821077041029,-1.64263948018986,-0.595494533030764,0.470667211906859,-0.415757041565539,0.123427532547411,-0.527728840456009,-0.466337007899997,-0.654447499519259,0.216277596750796
0.0782670533875306,0.552067926216627,-1.26676756179154,0.00926391705189012,0.329188620623601,0.491146179264985,-0.70210890245153,-0.705164897738335,-1.04943553361266,-2.14559805849482
0.536629970522842,-1.00470000643185,0.383368630698889,-1.35195975544988,-0.49570611561199,0.642679701058195,-0.41695544008472,0.676055777738108,0.264844956136664,-1.63453175099682
0.9218418553117,-0.0328560715106141,0.623702008435787,2.02934984942239,0.97529212085415,-0.937205510525288,0.590424821624611,-0.59908590053496,0.24475214095586,-0.372014766956588
-1.43135104900392,0.721525614905923,2.82447970356268,0.870735504178279,0.842731728030507,0.483009182249896,0.370891318313077,-0.00675151386829922,0.134376011239177,0.196503147568583
0.925068724471073,-0.455003187528627,-1.29452624481764,0.108803349357648,1.28325240248033,-1.61738833867246,-0.321212271588573,-0.740487356076962,0.546492149310027,-0.350669888195323
2.16526545304911,-0.883531762820005,-0.0233350227365347,1.33602866593893,0.274187588073792,1.17653436608351,-0.483410547051164,-0.404328031819886,-1.29171181822352,-0.378132618779742
1.39774608796335,0.671362566921897,-0.122799528650225,-0.737263215353105,0.337408884085362,-1.14644911004226,-0.182920520703276,-1.97784724922435,-1.33940946984414,2.4730728327423
-1.53093767420584,0.50026580349691,0.231227189035311,0.0275100040560124,0.405678785915897,0.364728602984369,0.157797149455324,1.13277634257987,0.124491451127782,1.88722708201937
-0.79112845050041,-1.48085513342053,-0.607017053202817,0.920125542612918,0.0890420357510729,0.234641952065157,-0.86481750601995,0.745787567953176,0.0306925053019769,-1.61806009929704
-0.889995034928629,1.76650341135242,0.376842666044015,0.163108489849158,-1.46452216670633,-0.364185155291662,1.57917835965995,-1.03296750410262,0.722520845946583,-0.491555067570337
-0.580839818855446,0.33155786265486,-0.340506533444896,1.66223316574217,0.24104554143859,0.534951160971912,-1.34112179623618,0.273513342056606,0.017268288486224,-1.05554926622612
-0.476792661449949,0.118136435287483,-0.256841345993327,-0.220803691725378,0.204971316282089,-0.561716835797573,0.14370077509756,-0.591801109242714,3.04966527617045,0.00041337265420588
-1.18324049159666,0.782550662113623,0.48487731156027,-0.62016617899078,-1.72870580636423,1.48537513146733,-1.35629344167074,0.0763749142641718,-0.1127887275274,2.73861741605987
-0.778717937764534,-0.724489083048128,1.70458288919827,1.03624980392938,0.114786666507301,0.765519066379308,0.734351354596586,0.162437739198065,0.432977807094946,0.274113337360761
0.0135217689885748,0.713125557916775,1.38426294430144,-0.334688907750225,0.565951234889708,-0.722193867734056,-1.89699476787611,0.37650107265981,0.132493118357271,2.18144086063059
-0.103318425923561,0.964857713220439,0.656777394928174,0.11714088108473,1.15521069783193,1.46060895489719,1.17969912778386,0.63330039691367,-2.19090575191245,-1.77329937460618
-0.370221465222272,-0.598796283152296,0.775652149597931,-0.193730885860459,-0.118621497606761,1.13044368957909,-0.178898649996112,-0.960804891276289,1.64172985566702,0.326366578802688
0.923959743131794,0.846932702776785,-0.187655440952763,-0.481363258668176,-0.0704867285561224,0.539936706296048,0.596132544397118,0.216528945443271,0.560447643209351,-0.270257312068955
1.28142540507645,-0.67022634361628,-0.780226966654891,0.0448981000002599,-0.179089889453648,-1.2901169191878,-0.273435227288628,-0.349731330739131,-0.231080667283182,-1.59929785777497
-1.10417911966971,-0.152374433214515,0.60546499594833,-0.589536514997462,0.308139679867032,1.13177440447585,-0.68854206477328,0.0524159838238007,0.450789152381817,-0.538895485606965
-1.45229863456977,1.06556900115349,0.81254799416592,-0.575177702835848,-0.895520739086969,0.354818162771471,0.440820552434149,1.23536356212739,0.628087924434607,-0.759344558671493
-0.160706132000407,-0.479924079899751,0.942109838976925,0.299096285339709,0.316528875682279,1.40887397851983,1.17508255526996,-0.310862535430376,-0.206888088729135,-1.45214668714326
-0.544090896045791,0.98477314097724,0.0782880442898744,-0.651469635184612,1.94444866500586,0.763495246648704,-0.314944191707221,1.13029533826967,-0.319380385165149,1.54603868305542
-2.11016377075585,0.842180424330595,-0.66971170034799,0.393866859496634,0.0837819049946031,-0.287149520137412,-0.331384172882593,-0.468998153600568,-0.493059012289139,1.07610084144636
1.1717881085148,1.73427634357705,-1.68432687919932,-1.23503659387979,-1.27647302811616,-0.405433541446509,1.87996963350266,-0.357195714613453,-2.35947998650894,1.48771643618148
-0.394608994903506,0.443755620583216,-2.42320317273847,-0.644809171852093,0.939774927825437,-0.0210781811771249,0.0349150048306937,0.794651370406458,0.967247115127907,-1.56249409526133
0.505411054826851,-0.169124889316274,-0.862103735184736,0.595094933078567,0.900191131490993,0.24442354910919,1.82023887472876,-1.22224819979393,-0.0485351536420489,-0.36917264355932
-2.51120021925008,0.228478366664135,-0.478304546483557,0.721280203554199,0.951702795031635,1.50022057502468,0.425027630429583,-1.27457504910138,-0.054599954424638,0.460950089506829
-1.00785134647696,0.0402482289151414,-0.218923604591543,1.75212313521694,0.849661931356342,-0.780171103975661,-0.139716734172053,-1.66948453153742,0.091264489786505,0.264525358763272
0.412893741827541,-0.477921697269053,-0.897326401030267,-0.3933837167745,-1.14054226171916,-1.26453540286565,-2.60824431979085,0.506880326507481,0.398392708472792,-0.439219818829013
-1.11982638872231,1.23098559136287,1.39645778290728,0.107175290550575,0.746863821378815,0.393703487207416,-0.200129141998946,-0.123007234602947,-0.217730235469033,0.406287587952917
1.23414086342764,0.572524660304804,-0.435359684244271,-1.26936262679236,-0.0480386342352399,1.13072407059966,-1.58474215354513,0.371108766457648,1.29765588512539,0.701255334636149
0.112423880160248,0.358937323307735,2.19617846418437,-0.27020385579407,-1.02485749834227,-1.17675862166884,0.0465009697256304,-0.343926593674045,-0.103878370725015,-1.17809885840659
0.652383459952507,0.204898206700818,-0.0948330029192604,-0.382776834248492,-1.01289509210687,-0.877670934060445,-0.337215586767095,-0.792853462397236,0.347216217733258,0.682342692406061
-0.455318727609384,-0.282161254836442,1.44303029628644,0.736475796983671,0.58873767696353,0.169421956663412,-1.31913933385757,0.110193427453165,-0.426855665324716,-0.308430412480531
0.475742679398525,-0.207235164280217,1.3348271104165,1.05420990358071,1.20043083945788,0.969398039316966,1.62394794680946,-0.0506253889726792,-0.753111224401174,0.0309085661297189
-0.0884594706566272,1.16109278312717,-0.262214454037359,-2.37057390934505,0.439361938555669,0.983275409827482,1.75624742170731,-0.499527005677853,0.672004587075441,0.198695206396483
-0.710110974703699,-0.17273570947445,0.237871646636503,-0.148805802746549,0.989243807753093,1.1504476946896,0.221446866709865,-0.22654548246783,0.739661278503622,-0.379710321343874
-1.17616876634006,-0.47036060530146,-0.515966301403769,0.920744175803364,2.11547227223713,1.90639055769071,0.59795713765696,-0.15183082381656,-0.722543698306459,-1.97576479191331
0.916223295044361,0.107519506771078,-1.28885166781708,0.939802327270273,2.0307140787206,-0.496087898236741,-0.556962286873753,0.669247372427275,-0.508269049758428,-0.0660569719877358
-1.32408520760231,-0.178086021129917,0.699199830763549,-2.83291292020613,-0.0768818349973162,-0.887955850599482,0.971357665655823,-1.65820205112988,1.53779144293241,-0.451910388455874
0.712710757897705,0.0532506640443097,-1.05297814436267,-0.230226606268627,0.648368829446759,-2.47000981388825,-0.0122107871418711,-1.39993610832636,0.988538217635152,1.13535189040337
-0.210446556733792,0.214943195114412,1.60935634225878,-1.26475209338717,-0.156054270110995,0.29638455479801,-0.6033251524206,-0.328045236452438,0.118033548397377,1.16829112812303
1.90231790136565,-0.148396746878559,-1.12300927756721,-1.18736566225036,0.0381235394068895,-1.04458115955773,0.473645830547048,-0.0110225843125913,-0.139304355610502,-0.185491181221128
-0.857907743621809,0.550819412502442,1.62151557731552,-1.3362416395358,-0.0952511652808296,-0.887980509971378,-0.907356562573168,2.03664796748547,-0.0172927121957013,1.202031333874
0.0664359508148166,0.324208650764283,-0.687148550241673,1.36916488667962,0.494536018160485,-1.09669557357933,-2.33352250342181,-0.878416580755329,0.205235033325854,0.863601537239096
-1.3266387879198,-0.0937254170679496,0.260217487278655,-0.943958840318884,-2.10077788137534,0.874214186218301,-1.65821776019156,0.144705167988931,-1.27902504393934,0.050156102408345
0.870606719732693,-2.02303373280688,-0.954638997716874,-1.10588021378884,0.82837509951964,-0.151953096396403,1.82841751033,-1.53788643103504,-0.65659035744069,-0.84519354154095
1.12535773925171,-0.696401948722072,-0.0361707120608547,-1.98285251316925,-1.03772697521599,-0.365785982153911,-0.846154178743062,-0.0381389396987361,-0.376384585295755,-0.449864558042509
-0.188239765120937,-0.206162748501717,0.0488763398128647,-0.978594415322455,1.52216836416726,-0.580238016534396,0.401345710804612,0.810214255944942,-1.42260451069013,1.11204455959145
1.14451440737391,-1.10470585167584,-0.404833187624498,1.45261802760333,-0.45195759694295,-1.50101850947221,0.814681925365579,-0.854688192516768,-1.06467788941944,3.02309804919927
1.39517208620276,0.048717253712379,-0.403590688140059,-1.9123079074398,1.38300298276445,0.872226482006509,-0.271946434082557,-0.0809359038453619,-2.12896590252685,1.0265852888184
0.336836398771851,-0.747591373690955,-1.69857331343243,-2.25933221063518,-2.35632400900595,1.71168802013019,1.06714772343699,-0.972592829374797,-1.2589496108581,1.03349831466012
0.353252776825739,0.271831760249193,-1.55363952742,-0.52597516873423,0.338415129508997,-1.26961811327827,-0.226890314002998,-0.600358882180333,-0.270420698351822,0.530145708497114
0.892713238628585,0.795451864051835,-0.325384681337847,-1.00510474549543,-0.107055198533319,0.506342127589448,-0.783303341470694,-0.596815393162449,-1.41095095780834,-0.812444808730106
-0.144175574788219,-0.169838908772132,-1.49155579686506,-0.705213992860519,0.257338557904739,-0.699722738974298,0.724995236904611,-1.53220213126325,0.644644274270418,-1.04642795401906
-1.02138289979925,-0.752038934477062,0.063852060175671,0.35995696724763,1.54594819317792,-0.262282937496244,-0.539169691583184,0.159388509112149,-1.02241746387385,-1.08790282206971
0.000857695431331888,-0.16187660279639,-1.93151894657122,-0.475685648080906,0.608781954352169,1.68673052043354,0.592932156054108,-0.130091070691142,-0.326657377039771,0.528223710462802
0.429901723315605,1.66903627079837,0.280523637479093,0.465052088247174,-1.22580642148163,-0.619984588394364,0.635749514138914,-0.235005733512485,0.0404522870242664,-0.817949174325409
1.26991207140091,0.664526607269561,-0.374444787091362,-1.02158543414233,-0.6065844319294,-0.360990873255735,0.653476472844391,-0.619485169171655,-0.682803944555051,-0.416590735867657
1.00079661534005,0.305663713234364,-0.095907496263011,-0.301435201021163,1.35130705890627,-1.19390806294478,-0.217068034096204,0.0121158467170092,-1.13442369747762,0.790288172248516
0.275586876098681,-0.973935036630517,-0.778628035211919,-0.637431474996759,-0.780264379139549,2.17302686832943,0.0293644676762193,-0.328819228316197,-1.24860459306213,-0.227593635608068
-0.163652788881374,-1.1903038327603,-1.12469116652547,0.937228406260274,0.5315560655333,-1.88149776434553,0.524685714063873,-0.340950242754149,0.204855937577432,-1.5604029071995
0.895323982628617,0.540820888914514,0.159623970693652,-1.36368639931443,0.950083470702825,0.468052409249843,0.362343493012108,1.32017412179805,-0.0353108186207643,-1.30343163715076
-1.58566430200927,2.27491203741532,0.159362384437855,-1.0829262338614,0.140885406878126,1.01984007471471,-1.10615292894415,-0.936718383145152,-0.380485892024687,-0.163868630591693
0.626064381463525,2.18016230136285,-2.08915880378345,-1.15695573765913,-0.544432975014636,-0.0650466333658558,0.02597748423572,0.42690438825115,0.159232185071497,0.235588573111683
1.60981174165853,0.511844960002376,-0.773798396833885,0.109611990917843,-0.194836121869957,-2.99805822000157,0.516799985172875,1.49630333797233,-0.0912827007860506,-0.431091727806726
1.58763273691081,0.222013953932896,-1.0013320618879,-0.178218169117696,0.339745039485957,-1.35984772259371,-0.207082328265244,1.99263343785276,-0.587389956655075,0.217691593916332
-1.28707628221358,0.721934506735869,-0.211216866705147,-0.375687054014524,0.530453899812158,-0.65788244771492,0.692377514941521,-1.05475914279728,-0.261276447507509,-0.697132176519803
-1.13235411582508,0.194947031071805,-0.108542714825924,-0.897985029798359,-0.510861903439322,-0.366438206539321,0.874478329554255,0.330170796629835,-0.027533540085404,0.154539734588261
0.980936274187624,0.0364677062960278,-1.40067671012594,-0.0887586478486089,0.546911669173307,0.517417268362469,2.29844970042918,0.101098322773484,-1.16152491534105,-0.519004583593576
-1.16085802010908,0.39778852884861,-0.129486156079914,-0.655293256018709,0.551346062319269,-0.366677569667517,1.01029182146915,0.566176077893238,-0.794173088939403,1.27701493436455
0.791783237827524,-0.445058404017981,0.0412858839359136,0.184298989878375,-0.730342810301975,-1.60608134311706,1.04590253294615,0.987114064765337,-0.76100345569343,-0.179380991127337
1.485869519694,-1.36342540114097,-0.828271057642237,-1.01680164380355,-0.0668982213879632,0.683849364745405,-0.7739971843783,0.533480035642702,-0.0108321967475925,0.162720959889413
1.78615899884383,0.200179456374007,0.607057614501842,-2.12968176269204,1.23711097625,-1.80137546500699,-1.668419774083,0.524807030201238,0.797759795765929,2.40761564050799
-1.44519545774165,0.431106998364144,-0.457004741362262,1.2804782406792,0.581845562581589,-0.647465009452506,0.192090872760152,1.31998303071515,0.0775196773730343,-1.94154284811498
0.243654158925861,0.0210645553536696,-0.0390785742255847,-0.0982735829857209,-1.66073046660789,0.114825498521298,-0.81311941416724,0.255056954672948,1.62934309713031,0.115280147118487
0.246367375147884,-1.07879576860435,-0.983299741514741,0.527449317404218,2.0015544057008,-1.33623890310899,-0.238543143606254,-1.63888195150825,-0.0299234666810414,-0.136180878484726
-0.880841145681987,0.785378234358815,-0.967281424735629,1.10946353166256,-0.545133107292461,0.375622099614031,-1.60125925403333,0.129647014933759,0.0581690001803023,0.700828052585625
0.216936531621407,-0.237957665286301,0.183471465219846,0.736911740262259,-0.0048164507450657,-0.78820728720713,0.801474364057457,-0.159310816478825,1.0378541982578,-0.618919816992077
1.77707330380576,0.839859574492007,-2.4024750452469,-2.25230008846433,1.33357752616124,2.02887068687228,-3.34432673005272,0.216821099637044,-1.25944785345247,1.28338890146422
-0.807177281117092,0.995003407669473,-2.0403970063489,0.54343746193816,-1.57981664955471,0.222034923107592,-1.06360286710083,0.965017361754489,-0.0935519584955905,2.1670252843417
-0.789221093134765,-0.30789423041251,0.341462202708763,-1.21753809198685,-1.20203038813468,0.65387410789823,0.00968571949549234,-1.09760651865204,2.21518521528972,-0.552350439731009
0.782153149591054,0.282231487317411,0.595607046966926,0.945533300680245,-0.31589700228538,-1.83095574989891,1.86727428294982,-0.39344511301918,-2.13447929490336,-3.00461883061995
0.499167402541159,-0.620321835156037,1.44410674698507,0.417585814172983,1.29884501140089,0.453490325683308,-0.695881094118273,-0.107142627332258,-0.959120256830374,-0.169673422346346
0.566963294541824,-1.0252460264747,0.255190489690903,1.34860049481896,2.03156012987734,0.430920170732804,0.106498363991064,0.835183007938571,1.06794003255203,1.11608241243952
1.81359754788693,0.0759859222289005,0.835359717134911,0.339427030331756,0.719005261726869,-1.56271186613979,-1.57662117376099,0.466067656784503,-0.563164070512107,0.161957967604366
0.751292138053235,-0.911848344088001,1.0921894468857,-1.83303943567576,-0.495119150403346,-2.34473638022805,0.0639908148134029,0.480603202591836,-2.14823747252632,-1.80508674456079
0.463243927831741,1.02961984000088,-0.101038765455206,-1.42763600300778,0.0573623899894641,-3.27963123756936,-3.14007511412603,1.32253454270009,-0.0837156067906719,-0.214668866732624
0.439783938820229,-0.163490711235981,-0.114412777728594,1.62017303925092,0.137168570274536,0.954047941420599,1.22158919230532,-0.31369758303665,-0.61920936168822,-0.369868679548128
0.252436463739937,0.891240051958557,-0.921400807636064,0.216312171694769,-1.57280670938927,0.699169860352922,-0.424517101222258,-0.382469384669085,0.703766471599209,-0.249532552077483
0.157675368988493,-0.6011589158203,-1.78252192040625,0.33397814348975,1.06426342983038,-0.0899786423679431,1.1628782546674,-1.72673504580472,-1.03043299624593,-2.84279812787358
-1.26468027217196,-1.76559064543101,-0.467186553882059,0.69539712712671,1.0180279606962,-1.94564520543153,1.54989027055021,-0.114556156997401,-0.669851348432405,1.00083009781391
1.29292702344114,0.540079518540602,-1.02817125890612,0.366940383961846,-1.50865286810196,0.492085329269973,-0.750036202386052,-0.791155079665995,0.510631483708841,-0.756124319429548
0.0493919630765996,-0.73719012510185,-0.918625371041756,-0.61471475543294,0.535806075736073,-0.0462255983326699,0.35723775425071,0.867991473053472,-1.18147108487137,-0.0584858771841804
0.041354561951319,0.791016365315625,0.843223345764832,-2.0289971399766,1.81784475628975,0.302485912037094,0.799085198848547,0.798059804415877,1.31631023768776,-0.132578664209004
1.72103031515501,0.298597399931973,0.251824106230711,0.874714379992072,-0.850484933184288,-1.82279212965372,-0.2314327918066,-1.42570244775472,-0.661400016355985,0.0786301700646209
-1.30276531637133,0.956340944577975,0.319052695129983,0.0932754763700674,-0.488298942213714,0.355879092450982,-0.0476568388815083,0.0849128564483344,0.878513350037781,-0.295000530179374
-0.459258720076131,0.374029188252523,1.08628989203509,-0.506348248460298,-0.704381827602185,0.879283333282934,0.47765985379906,-0.347566755965031,1.32323406640683,0.014641630741355
1.27825508481747,0.597244583278102,-1.95203233498364,-1.50195435757419,1.02482615068479,-0.346817814529813,1.98067888301636,-0.487836296543457,0.134693876350987,-0.768520573243402
2.00390351178918,-2.58201851823601,-0.954755387184559,1.46720395288125,0.574214935904207,-0.646456469818726,0.822032261123533,2.15818188691158,-1.05511570733302,0.420220375136536
0.235219795402336,-0.304085756870698,-0.104032379131684,0.550054918918941,-0.113784777351239,-1.08974692803915,2.71645859087231,0.132025040304966,-0.474377182527049,0.112240422867312
1.83096984588911,0.0550438234316215,-0.137950446827791,1.33484175526463,0.865655681910751,0.248763090774818,-1.11419837597114,-1.79318443674686,-0.0873020943351101,-0.0309006335775333
0.417604460310539,-1.1944609387495,0.699846996266174,-0.586870466078432,-0.56255086340457,-0.756906542004705,-1.91390400691793,0.691116170777397,0.767308670783929,0.344345454103236
1.09500906350584,-0.496149011164383,-0.501360935985095,1.36489767330864,-1.34403262008689,1.02910300824825,1.20295458663248,0.235347001374082,-1.60585747593346,-0.658686934722274
-0.232080318490218,0.194973415007133,-1.88349566422587,-1.25362825082125,-0.71467298239806,-0.508307707795519,1.21649710118492,0.271403859792471,-1.59519782315966,-0.120625502207398
0.707593189697604,-0.661032032095863,-1.22715599928356,-0.412909576663143,1.48262361520123,0.548583283512592,-0.629528719688971,0.768370606691964,1.6880087820174,1.15871624212701
-0.445774997107661,-1.7328050545092,0.238892367632132,1.05986742568728,-0.605900377020338,-0.0198978069786843,-1.00356164984934,-0.829320211105037,1.2563797214586,0.553041333637856
1.16926054117812,-1.84931080177869,0.490213872821066,0.124519331539545,0.512836122093703,0.0195270690202159,0.505289228038465,-1.1396759088587,0.663612689265485,0.527570030531342
0.569293754720383,1.60893552449234,0.156708311768338,-0.275632659232067,-1.28136179617239,1.89689110595874,0.208758161316916,-0.00160542651227988,-0.821906852140239,1.36039432668822
0.378723921828101,-2.80958833839665,-0.776365158914329,0.212322285802066,-0.0500046233969737,-0.592516028738413,-0.841892937505916,-0.147543495443172,1.86834760477316,-1.2124111226665
-0.294720178339447,-0.128015699486636,0.755806101348064,-2.29822466165917,0.151905918775248,-0.334317280868529,0.503279963913667,-3.03248746495703,-0.357960011719736,-0.0484567321041403
1.42013140310285,0.798790813433637,-0.560243471071322,0.457855055477385,0.978133342548582,0.133017167066105,-0.463728499483418,-0.453390142808364,-0.531951682944534,-0.416306659557803
1.39610041501716,-0.955755970060135,-0.371386530143536,0.021531556902403,-2.11222072746606,-0.98709048622274,1.21949511990323,0.154023157517757,0.311377668979408,-1.15262783767869
-0.268791163530372,-0.290440305930838,0.119035437096438,-0.233450328652617,-1.21510379363747,-1.39942960410414,-0.513126761542373,1.49497833223728,0.984124451871862,1.50874988417103
-0.315374572452198,-0.224830066042002,-1.29734548318352,0.283551508275791,0.648778489268078,0.290234121989642,0.0148333941684775,1.17237768820449,-0.969523742148666,-2.12708344436694
-0.485053331879077,1.06895015575634,0.367268415914246,-0.140585547709755,1.26691312817052,-0.0579600483655875,1.84219076602979,0.295185894536656,0.912040190700656,0.567272319940337
0.726840634958481,-0.580281355529898,0.568843925646008,-0.0704760459351563,0.221370232437934,-1.04559484859686,0.761570139374999,1.31407452610066,0.438269342501917,-1.34378971352846
0.949329330193341,1.05125630604606,0.717835572127945,-1.50458371440575,0.8550854301601,-0.826004060165851,0.931977405032325,0.0177151059646646,1.09018909492699,0.128884147878506
-0.305629756816114,-1.60727196427732,-1.1358700611981,-0.822958516240458,-1.47774807947265,-0.0954599090413588,-1.85352271305004,0.792014832572023,0.28110526431747,0.261381070737774
-0.332164661574802,2.12380695328357,-0.128873392123053,0.629927957346387,1.29024246268392,-0.144634788684157,-1.84182040060312,-0.0202660055084291,-0.145620560833038,0.0475587522007332
-0.433462887641364,0.770073486612879,1.70317342654038,-0.0260467509530928,-0.000451075811559916,-0.457936220313685,0.154026937483495,-1.40695440499016,-1.74741546832255,1.93040615872173
0.783515302468737,-0.0231975696098086,1.15406300013741,-0.559573737688803,1.02659193903567,0.881186382504584,0.367614129510252,0.162779966794396,0.0197761409721843,-0.262092191906321
1.47121455238176,-0.810334728161278,1.19617943878038,0.87197813820287,-0.503694009981551,-1.04116628798356,0.195260923217407,-0.31106611631175,-1.0709824156764,-0.334383923399036
-0.901881287680426,0.512646710380707,-0.641347062495025,-0.78353848593165,-1.58900694809651,-0.647860531776745,-1.72076736931744,-1.49111103668248,-0.92880588637596,0.822278508086877
-0.364280575700157,-0.744586759819657,-0.814057009037388,0.676144868445716,0.512641413042023,-0.433408925275401,0.0668482386126736,-0.203340188573101,0.731968053287946,-0.0228475657733872
-0.0730266660889545,-0.130029318864722,0.352056920439052,-0.00863394832702813,-0.0301907441776529,2.15859369252665,-1.27099269992409,0.488557313168848,-1.02975194891828,-0.269953672087562
-0.281303172642809,0.709243649512725,0.504384889569057,1.13211615060377,0.225073570720308,-0.253207232982531,-0.611314668850524,1.83371722525432,-1.62634669525016,-0.465669157357854
0.299349964269197,-1.84662958145891,1.13684914731015,0.347672147069397,0.669882254770419,0.533682640735171,-0.551204705935563,1.38623869442268,-0.07575284129803,0.260306338392641
-1.01150841984387,1.45476174285821,0.448600347824662,0.0308471999204349,0.160805480075578,0.264000457381196,-0.188263173590611,-0.0184791774302577,1.819519461698,0.681353710828581
0.030187924045044,0.597725662071751,-1.28537917002698,0.748545384167636,0.618909489574859,1.28232066902084,2.38470236201823,-0.930480911308393,-0.329728928628165,-0.889749456092194
-0.0363103303059201,-0.953024142750154,-1.61443616435744,-0.251771274799155,-0.286685986049546,1.05240780213309,-0.0979189372794265,0.432647624431118,1.39727841715766,0.0521112877029431
-0.503200301772156,1.35054098852141,0.990084245425901,0.316621124193475,0.203078391324397,2.39954639499028,-0.423150354004096,-1.01655541883572,0.0869658374549266,-0.297158262571756
-0.854998680661483,0.476375775694457,1.33076573245948,0.286539991739751,-0.895700046159275,-0.687124087318472,-0.0390805066752029,-0.420928189228562,0.57264740140209,2.07390902460835
-0.916627339763938,1.10865999261812,0.197150480730208,-0.111729861152245,-0.815624479089309,0.249433715140267,-0.105340046226704,0.704376205871436,-0.243901658019644,-0.124830733694927
-0.610280804249975,0.54131297116745,-0.0852916745333862,0.910473161002325,-0.121091330050059,0.152403418350257,0.28872219058941,0.755274492240252,-1.26372653754631,0.213110401327771
-0.070648165828343,0.679177393073572,-0.0173202525312041,-0.341840510781952,-0.523397026311831,1.41868950587265,-0.0267569816989103,-0.766770764514471,0.205950089670868,0.56225779649265
-1.35687740712851,0.278237047046663,0.300338932703136,-0.0592558554351417,-0.601439690316071,0.721563646222318,2.63372442989908,0.40943425131014,0.17491913196536,0.657251649102472
0.281253640788459,-0.0134130530764909,-0.854010331304336,1.70750124125737,2.31950190920512,0.0768223933203696,0.474428809705502,0.867023576095495,-0.175010277024377,-1.17232164872581
0.965799546036988,-0.304026558659264,0.451451012992218,1.03364429137072,1.02253126745195,-0.682678517171917,1.3272680005331,0.391887152180483,1.388118056479,0.103121965854009
-1.15391042992843,-1.84430949697534,0.312186031741277,0.0582063899489501,-0.453242046634531,-0.552280607707373,0.190596528490864,0.407065371077033,0.75482724625557,-1.07883895817345
1.5351672426225,-1.83317097737023,-1.09319923408997,-1.3093566592268,1.84970421289445,0.111804926077892,0.297746139448192,-0.504224885898587,0.612821587596505,0.251637222050117
0.260685463035289,0.516983083128355,2.14078138054513,0.989375524516327,0.292593477540859,-2.53904332437348,1.26761951171499,-0.727914187834663,-0.182992541077239,0.819532969082455
-1.41881491209751,0.0916175580155824,1.59168051364073,0.590623456423873,0.13612772134053,1.30469164526526,1.22422411388243,-0.414334750048091,-0.635457417407636,0.553355259677302
0.427223387562353,-0.122433264145632,0.764283021296869,1.33667353153035,-0.210226959965311,0.75033479102524,-0.590164934899186,2.82742802256893,-0.559368067134575,0.333115402730391
-0.129383146946193,1.18257793705268,0.495648836759227,-1.06182913122584,-0.797412878096408,-0.0571223968979189,0.774290034735547,1.47169727880986,1.85382081124221,-0.583684418297799
-0.0507094480406774,0.445530569864937,-0.729473789275672,1.70221900340849,0.164852982828907,-1.16894660860893,-0.150346173924663,1.74868808093462,0.00760228475139299,-0.666947972182295
-0.3467668297004,0.04421391706196,-0.249393105711482,-1.1617846494581,-0.168930725693637,-1.03202644484116,1.47468128818497,-1.34512034407209,-0.0293193334542774,-0.24566448437149
0.381649779082161,0.416248090401102,-1.01796543749577,-1.16938164872128,-0.777093782485842,-0.391328587207928,1.08348509960127,-0.766722623133284,1.54016367192917,-0.624497920248046
0.597170610894274,0.114758187002265,-0.128153645798622,-0.210424224741052,1.35623682057191,1.12377105862581,0.490026693494155,1.19497039524129,0.768301379424587,1.18352740066297
0.880426096377535,-0.673650861955865,-0.82376244134587,1.52382683033279,0.280917895376468,-0.0294525042097287,0.930891684494987,-0.0680045883770647,1.88926152666808,-0.213606754819857
-1.59640428332801,0.611406821768466,1.51782362690772,-0.109502412077561,-0.296708724107816,-0.0822788473663813,-0.933875900990003,-1.91715517386256,-0.353095219097021,0.350552777861986
-1.21270511110672,-0.835213696578854,0.181737338832269,1.34790009614934,-0.00314692998459809,-0.0138791809855275,-1.22794808965058,0.147634982119378,0.578686447133086,0.457318993378048
-0.620160577362135,0.553109406456118,-1.76169301822481,-1.60332949862433,-0.197215051226835,-1.02098233830518,-0.840523623756265,-0.940692124527053,-1.98294553466965,0.258801161108495
0.93177117958267,-0.318747944376863,-0.0613264973395996,-0.789570115047989,1.59303540472771,1.70624388181671,-2.33042374889984,0.780871062066402,-0.132097214903733,0.393843255488293
-1.40872978956292,-1.59616036530483,-0.256370746474975,0.746465103020037,1.44320359873881,0.0247976775531847,0.50783310420186,-1.50117303909221,-0.216367105111166,-0.605602944441954
1.03641142945489,0.539991914303322,0.176772264355868,0.886301840728162,-1.90853842218004,0.0107080716497399,0.567864598853026,-0.95646191673144,0.476787442250147,0.721299248228624
-0.252191553190433,-0.905218968406225,0.0575855789139414,-0.709704838942335,0.114919546949242,-0.555550070025976,0.0865510324926081,-0.576751900732063,-0.0471511001269087,2.26816267829688
1.38551585303736,-1.27899935764881,-0.911666738658856,0.922554397248639,1.51535030952574,1.20180095864423,-0.598125127966814,0.597476270711342,-1.23792004974743,0.484152200360037
-0.336430216389725,0.572298032034738,-1.15048324647109,1.42133034566613,0.140281233653653,0.918864368942577,1.0782251375512,1.14020243279751,-1.26601269117686,-0.479793560435621
-0.720956754957861,0.34280462306496,0.287262646525039,-0.131782241809817,-0.375947652486659,1.2694483260764,1.01129510142489,1.06147489690905,-0.631062094087049,0.445324611415556
-1.39986522711691,0.617232153655139,0.393937192223533,0.250507379606869,1.13575458153019,1.81959728335228,-0.250309114455962,3.0867073722899,0.404170409037558,0.260963815713913
1.42554438996153,0.988525817145992,-2.02214181025868,1.29605511558397,0.0404007618053227,1.32083931659487,-0.82256702144881,0.477478117302927,-2.31554196346372,-2.23560804967144
-3.38419351877837,-0.825280909755543,0.926000715627866,0.748093989130999,0.324796258097768,0.160724953819247,-0.332270337405855,-3.07939651681277,1.32353399334057,1.05801810732428
-0.343890029339526,-0.0922574202091298,0.127879269339532,-1.39618573539378,0.222560095425338,0.374930823369395,1.03503893980446,-1.61921263925449,0.09214752707188,1.26325344542859
1.46845416820289,-0.520379086605168,-0.883874015875851,0.0465691031662748,0.690668967904726,0.742880418997304,-0.500272762132495,-0.138877238249257,0.289445859381952,-0.196029417686007
-1.67791525981535,0.0633851453850144,-0.577072961254801,0.170848397433259,0.0787400993304276,0.365987253372092,-0.250454284977803,1.69676587348645,0.3880023462751,-0.630725444767418
0.271718057483505,-0.510415288774418,-1.36575446950112,-0.741516217110923,-0.279266177445898,-2.5971236893573,0.759034835733093,0.3471643692019,0.508361900551631,0.18064919418592
0.0476682003569613,-0.32202308300576,-1.92760411771604,-0.151774057087769,-0.911973491544265,1.43737273633906,0.358870771858945,1.14181403420633,-0.740741015700282,-1.43888678653565
-0.427859629535023,-0.157450576838236,0.653612056198416,0.10904782503865,1.06741364912614,0.477070293812193,0.225025625875784,0.0457558082410893,2.5354862145465,-0.488549843495131
1.0213026896541,-0.430648075764931,-0.0673999274915341,1.49123084450701,-0.122317626257037,-0.898896991636106,0.675229357225008,-0.935767037800011,-2.33968187152342,-0.933746377162778
0.440600348045384,0.628126677167159,-0.315876560681084,-0.71807693187455,-0.19085375226859,2.09714431960396,0.579883174734761,1.06452608279566,0.480139798238962,-0.500222424812608
0.461247501177902,1.08853078504576,0.236224134425875,-1.87839236175239,-1.0661676066577,-0.00216986597310362,-0.305581778722925,-2.36815475336681,-1.12642420661429,-1.92430737209658
0.736254517706421,0.0174011587350845,-1.04393957993115,-1.11078283679413,0.304694069757852,-0.554799911402431,0.350255287150759,-0.295806588853122,0.55325626245127,-2.19338216142883
-0.236312675263308,0.401994377603737,0.701253622654606,-1.70202427073769,-0.322538922643717,-1.63422157528685,-0.0725732226945826,1.25644900421708,0.0850435670506636,0.439928824348733
-0.177425012293541,1.13939592498411,1.59569588634308,-0.362613722336393,-0.513371952064546,2.37474767558109,0.0388022119860056,-0.32199903192614,0.808429289630459,0.652903775796218
-1.17478440444541,1.89037713958574,-0.578328675254029,-0.883225467307409,0.315085880873281,1.67419485652571,0.796522288286999,0.0171781381141586,-0.0648003593371972,0.344541155789732
0.472278296249208,0.842930761226712,-0.907717467174101,1.40752292322477,-1.49815633314681,1.53473871950052,-0.012292145731242,1.44525415758273,1.491374872607,-0.291429468253648
-0.547544267949652,0.996468639418668,-1.08491601729238,0.0852539102724867,-0.0258650870220226,0.943033362588872,0.419330936716729,0.272321454768163,-1.02737615104352,1.24037722523389
1.53870499421234,-0.000512840680143318,-0.277333926670194,0.599018380424567,-0.891916221996298,-0.789535811850176,-0.647419928724091,-0.102983520563261,0.24641958235118,-0.104643199854317
-0.699269620462679,1.02499044254773,0.459791959459422,0.274388562915192,-0.0497618990788385,1.15562196173896,-1.1361051676646,0.61667842673669,-1.1591804721454,0.0144190701012969
-0.524066939817495,-1.63522949841392,-0.369199967856355,-0.500774017855982,1.2926217184952,0.0327848725708522,1.79261286110745,1.27951179054027,1.91131982888324,0.0407969967048261
0.253766682971917,-0.0585260508846626,1.09043568839964,0.362186994109105,0.0646296776720348,1.89643239112756,-1.59299320640544,0.224973008513714,-1.01606557261929,0.950544779887944
-0.231718998537841,-1.47981407619832,-0.888972475717401,-1.18839019593793,-1.32802377384576,1.85840541583351,-0.698169770355746,1.04535183197819,-0.601449528022805,0.210712590820141
0.443419729764182,0.706937631290767,-1.28094024621479,0.60831072783689,-1.11330503656952,-1.94832723188726,2.25139050961269,0.723191764612845,-0.745794646261751,0.829535000304518
1.31883672842647,-1.2395162471329,-1.91304987489038,-0.205453056173644,-0.52447057918293,-0.173143778749375,0.999564747192463,-0.371631717231043,-0.0691696263745902,-0.430319927430461
0.581534619883846,-0.845205536324376,-0.130802662979989,-0.626425356235827,-1.72072161434967,0.214574367653916,0.96421131220726,1.46187521405474,-0.805579345470809,-0.654101263479106
-1.27910646717408,0.509310663462564,0.38599816792667,-0.69271549630855,0.3821269495479,0.419430391472849,-0.494821803568025,-1.19357802716764,0.51052747744729,-0.575151494855723
1.63092713737885,0.318898721487205,-0.501731598945022,0.00986552966244815,-0.31213980224039,-1.08856018351699,0.637311327792247,1.47925588158265,-1.56786204131343,-1.09660512428854
-0.308776152716799,0.841573193982365,0.017307002166016,-0.0120428132515922,0.211824816030759,-0.723423053287677,1.58388331490392,-0.646270475771257,0.572536368298322,0.333746541857184
-0.40962668376332,-1.24534117930552,0.227095086324736,-0.386411629278089,-0.879439796432406,1.26250230835199,-0.259779077790189,-1.69346416671482,-0.0591662611711628,0.6831024701697
-0.895727176989377,1.45254255882118,-0.787002479874511,-0.325174416314812,0.0235202627214625,0.0436841224196162,0.0497834187813862,1.01009654380736,1.41882460826145,-0.970652505240149
-0.16392396333881,0.200596492496518,0.896305505430286,-1.236897979327,0.33443929360314,1.07778592477702,0.275466172507146,0.276074685924772,1.23970464697315,-0.0847741322018091
-0.0128540468872811,-2.20858621666879,-0.200728331417855,-2.34538208336482,-0.39566511206533,1.40274930718938,-1.15386337870767,0.0851960032253077,2.19824742526303,0.587879474238478
1.33566810539802,1.56584221939218,1.14428863455302,-0.240291619541433,-1.09434121096405,0.397518950251128,-0.665489345959452,1.29576092849021,-0.372315403373841,0.855752992955105
1.3713087981703,-1.33230413046924,0.577620565636972,1.07641789755256,-0.553438920186196,-1.19264475328002,1.64116230714906,0.603216064127081,-0.380691319505891,-1.2361616299372
1.8225323186545,0.258622215351421,-0.589839705432896,-0.190396125928018,0.258372899886428,-1.7503756189034,-0.144095209135919,-0.6299755957552,0.0494206059466546,-2.10662871831173
-2.05395911264187,-0.293956414615742,-0.321355761194638,0.166939678460889,0.942420403517091,-0.58152628520131,-2.11501469944386,0.527431734724884,-0.531905027560854,1.15785268343986
1.64494865925379,-0.193566935264688,-1.33123932315908,-1.44942561114778,-0.779276442578506,-0.084853338911663,1.38655947311395,-1.41698336245849,0.54738600653042,-0.204921371501232
0.124411505559119,-0.0623784604245833,0.0226336089931334,0.17619670492794,-0.875760203139709,0.652447555041078,-0.496411160861957,0.563364033057594,0.134186135913802,1.0014718079885
1.14719372644436,0.988007645936728,0.734356143818919,-0.145903965288017,0.848625947642516,0.315460816180791,1.14562970873914,-0.41537581906856,-0.320682866738669,-2.08813057833057
-0.106294184689062,1.01277636296546,-1.20698126751301,1.24006013864354,-0.706879247833108,-0.485147796715041,-0.109803658480496,1.47874493449512,0.599944393474104,3.26131505645726
-0.504220774426166,1.12693174480189,0.431712572929965,-1.57817873807445,0.0201101871783943,0.146659223813451,-0.618247633946246,-0.393446941455867,2.07547897606478,0.57251666540274
0.991359166582877,-0.507952856060011,-0.119340651307873,0.59369196336679,1.58717795881886,-1.31215815212139,-1.07050464972595,-1.2616282529964,-0.112961477894424,0.940581839253155
-1.7535418919689,0.0846707784324995,0.997551265860147,-0.195091921446745,-0.852588980966851,1.22848144782758,1.07584255237657,-0.558760680243881,1.33477118723555,-0.550748269650033
-0.134814954338446,0.107144636669541,-0.241972853399226,-2.37999935229304,0.893906738110036,-1.06373878775261,1.18897161142825,-0.791484299038379,0.59321662150636,-0.541949143185241
-0.0127833300331055,-0.33000249568612,0.58327140823854,-0.385182157240801,0.252411798352307,-0.154817078348123,-0.200207994921811,0.504693759819347,2.12002880309279,0.593699747754198
1.87416255696666,-1.52346751759369,-1.78304112579481,-0.83692812052592,2.82109654109261,-0.175618666512391,-0.24017539820312,1.13715247236103,-1.73714124142938,0.441914542906921
1.10846669467338,-0.199316874638666,-0.939242503513578,-1.3159395262676,-1.55395485968898,0.550465022915117,-0.507935487148272,1.0038290820213,-0.231097816167612,-0.522894800325636
0.233825548224512,3.07970933929378,1.11457613589874,-1.13964161231655,-1.16229789725435,-1.50633942844633,0.436563881900354,-1.26915103799712,-1.0182572138022,1.25985018759087
0.0123451438110071,0.818886669910631,-0.0250857579740334,-0.392807404598208,0.573309179121524,0.203327025657019,-1.40164235805267,-0.104162881033084,0.242673125384357,0.29095892299958
0.281498778922896,0.895967716467778,-1.26339455972232,0.589870568245114,1.64047644742304,0.857430852162732,-0.229403183376659,-0.187808409400727,0.494065620171927,-0.187484989012552
-0.392409251443918,0.232374169363091,-0.149724095536531,-0.12435956454206,-0.96686085375964,0.466487667931113,0.443258881302202,-0.378977704974867,0.242154578138683,0.069773191764619
-1.27608340176605,2.71292527630305,1.58959830941554,-0.18733750273711,-1.10258186307948,-0.356929536930066,0.286594072704002,-1.18183959794698,-0.485377441588705,0.671669266475705
-0.0856695885591607,0.248129099139563,0.714761924234685,-0.325682886565649,-0.117279373069917,0.976722043667232,-2.30658571629514,-0.481694880210807,2.02708426146862,-0.182600630926488
0.572958668891091,-1.10653604547544,-0.099121675073861,-0.232839071121777,1.17282175103243,-0.0892222280266557,-2.29844308605057,0.636912823556104,0.0201425989815165,-0.206212695186405
-0.617764105467341,-0.297795581315354,-1.01336802319724,-0.156300271575938,0.963121269165216,-0.628147401370592,-0.899514789924587,-2.17629903710232,0.853651634655492,0.77014837536638
-0.778610436388432,0.630066919054221,-1.31375617286306,-0.192262105338012,-0.052454322329463,-0.0118890825333353,0.317896702684397,0.846968531419154,1.28804368699634,-0.250768956323073
-0.206294049702903,0.765091040034193,0.210476192755054,-1.64449671173879,1.31364775490205,0.928913018704733,0.721934091888315,-1.43799903057396,0.42924039540488,0.696973737294195
0.436212609652415,-0.795694090848392,1.56404368492721,1.91333869395719,1.00622252991227,0.824667553919883,0.972572791198086,-0.300703939532349,1.02364356811432,-0.282263885811953
-0.61222519283304,0.124725130022271,0.0234130219845009,-0.308309657990052,0.381019749044759,0.777390049914871,-0.446467650690197,-2.02455482900756,-0.374852774433342,1.08814901729653
0.449974506487547,-0.281657137420928,0.273049467554078,0.901530191482044,0.246208588661699,-0.300141645556523,-0.830333422206445,1.94650122499595,0.734068110328523,1.8641534207673
0.966977769240056,-0.15778028282745,0.700464656746773,-2.98412143251869,-1.20909286394388,-0.209021604459131,0.4074562377127,-0.314086272046175,-0.211743003435289,2.29483082949418
0.716272917028216,1.78705863415303,-0.423014192952701,-1.32772851527279,0.488507211062012,-0.26524876937998,1.05155073831604,2.75924814634957,-0.175375051388861,-0.385094660399417
1.24814196713637,1.20266423029623,0.333496156277512,-0.0364608183130294,-0.551280435445484,-0.491197142707812,0.542098481723878,0.163169736158379,-0.0168726605784328,0.839819631682747
-1.03801625510568,-0.179537539729821,-0.00930122139877474,-0.0840509111239681,0.0517136443753816,-0.901966165290592,-1.52104793945555,1.44169977792994,1.10773336950294,-0.593499569385433
0.0790150142262944,-0.194550935051243,-1.2997964318807,-0.641671930488769,1.62504449506541,-1.50119894549753,-0.466667263880942,0.201555955595897,-0.217729729981888,-0.239857246186746
-0.363501255958488,0.470875851480178,-0.229231450262667,0.938843875785697,0.442630809576549,0.812121800461912,-0.134836154741723,-0.575311776270492,1.3443776603219,-0.967831938532188
0.341318581847413,1.37108245997639,0.17089138273926,0.310313531310162,-1.07394952955265,-0.13803404580323,1.60208073629483,-0.640772450025743,-0.888867855621818,0.650101127264077
-1.48744402405178,-0.345936395478434,0.266924987116205,1.67456054607943,0.498945285346328,-1.41795562862567,1.03315333305797,0.560985698996965,0.96722588142591,1.11314144777034
-0.405837975040655,1.0348915704068,-0.131333297788358,0.404256420036767,-0.090352429521115,1.40909949874533,0.136215067689476,0.0647207830314383,-0.269914178629972,-0.502758126196907
-1.94598710911059,-0.55926962867553,0.488503478532373,1.90751962650735,0.805833487723148,-0.0363347731234585,1.45350590852736,1.40748517284582,1.31189353656709,0.0239726851589659
0.299189264264689,-0.875106219247646,0.751016757619512,-0.371104565745266,-1.74962555380635,-0.0566550424148919,1.95634455211032,0.807628566854015,-1.99278535717275,0.0868158749162115
0.565242667347982,-0.651284790473859,-1.02543695461415,-1.23927838971184,0.26471526531285,0.331271972701036,-1.10677961243371,-1.04775166173313,-1.18544264127772,-0.568910034226295
-0.113267558385207,-0.438182412480281,0.584866832096694,0.944949001496398,0.74766402279759,-0.277128972440909,2.48354638448178,-1.06596682878379,-0.730188376702295,-0.0343121930759166
-0.789181948835931,0.135157532646083,-0.352299819616722,1.21897658711775,-1.1879284144879,-1.06399787174999,0.660280142727967,-0.148778410821629,-0.674723571791938,1.0439292610795
0.209082078860615,0.589122866614315,0.76242775849904,0.511315604077066,-1.44706659109129,-0.293026209278117,-0.107920922526988,-0.831368414226319,0.228256445812984,-0.0886235781660053
1.8521930559897,-1.0168919378361,-0.733408719547536,-1.85681891165346,-0.176015099321489,-0.908221690149996,0.830634127989952,-0.222306601877894,-0.133763049942999,0.41646114207849
-0.184403680053576,-0.839222527732173,1.38600113711581,-0.0434873768251075,0.304756892424597,-0.337434368901507,1.19267088392779,-0.776252471784844,1.63150461756078,-0.146498399667288
1.20920339715036,-0.983078545840773,1.59904296476367,0.653054571973107,1.52177068711329,-0.857560406558333,-0.381102791031058,-0.0310293307891882,-1.13608998847872,0.0154113808608971
0.960910010039245,-0.0365548403779321,-1.13272003028045,-0.997334379537558,-0.0396674611349535,1.14341352934833,-0.144070692199311,0.0914097607157013,-0.260830803924876,-0.104931589895437
1.64303788477958,0.345815621612505,1.58012117157274,-1.26585734354836,0.256287987697235,-0.307360836677888,-1.16342604848932,1.81515977421745,-1.18199397965878,0.46690640457344
-0.755305473271467,1.75367351075195,0.0511391542167427,-1.25058826214879,-0.507897532001677,-0.0842802540689061,1.90040285633946,-0.393525331342215,0.411849347482843,0.287520572766739
0.205544342395067,-0.352586952349202,1.32316617036401,0.259291469190819,1.59078196518708,0.211654891219866,0.948073918460342,-0.245496106363317,-0.000959043786187073,1.24174691335198
-0.69056757480085,1.68527331389613,1.09997824580824,-1.83012108668538,-1.81454060679269,1.04996302725423,0.432572506584381,0.901217729888833,1.20297823927629,-0.984205690846294
1.70353314329509,-0.475761405599691,-0.836631140621154,-0.0172757564970827,0.796636041539335,0.390892736639048,0.162657331095463,0.0752398459630538,-0.87309374722083,1.46940657358709
0.112162539014594,-0.413855512192157,0.327907609296192,1.62345036227816,0.741550855750406,-1.66610814329788,-1.75658119817588,0.884461278930652,-1.38647096476994,-0.464243807651102
1.07961065264567,-1.63682563436987,0.0666278986890439,-0.328499185720741,1.34705156980472,1.61360498571526,-0.336273021481267,-0.0627812318148897,0.232979482052577,-0.563864059600142
0.283967533667913,0.102732236715329,-1.36809682472551,-0.0715378307768143,-0.800030033294984,0.339904184754956,-0.242170565234897,-0.137489286992493,-0.726688851510767,0.142421334993629
1.02830895079857,-0.767137327525008,0.618737057945419,0.375705558404699,-0.426585047678882,0.425100632760166,0.231033115483371,1.4941317859464,-1.50083090762199,0.87056088961827
2.96210651852672,-0.591651579354685,0.70061011444799,-0.472914675993049,0.381370715055148,0.804103474611254,-0.694819263930136,0.72645653707706,-0.0884208414028602,-0.701509801886362
-0.200647605561347,0.718948597391371,-0.391219003749606,0.427445805366046,-1.07131503234812,-0.640746999332739,-0.201086033008283,-0.465214788153271,2.259381890035,0.478998329512301
2.11770578956404,-0.396292841480666,-1.40161773843751,0.793841943954359,1.24243869200319,-0.00912245635412244,-0.336230928187345,1.76689816420752,-1.70847099882261,-0.321597883101252
0.151779931113711,-1.14761039288238,0.68151167068996,0.189949632022311,-0.423466873467721,-0.124289527650837,1.27083628962072,-2.19618513560697,-2.06331158666203,-0.434167550506363
1.18958963661837,0.1664674039571,1.56537823195416,2.46678205386324,-1.41397756880785,0.446221014783863,0.715704772683944,-1.14181354932028,0.970640740946925,1.11016630747013
0.0917087677813029,-0.781852157285728,-0.782008811196974,-0.592519918019522,0.53624137869991,0.0280176776260285,1.06982654714834,-0.147698249572138,0.914769445517161,1.3383809332388
2.2291918736145,0.365366522147921,-1.03672845199855,-0.798765307949108,-1.46419376372125,-0.0679343941102372,1.1039905407945,-0.426343470399978,-1.66037109622067,-0.200997580600484
0.722566208216841,0.860223520227542,1.56585916604316,-1.32190889196779,-0.186000347050027,0.424545096560253,-1.1209065467626,0.61869218600562,0.43673000096642,0.665589734040754
-0.753187925487152,-1.13766705639095,0.797991595726652,-0.456500261938849,0.313975137713284,0.974668421017758,0.100408406274979,-0.879711158322869,1.68441460551366,-0.157827626119056
0.431718528810745,-0.124656595882685,-0.741037687977575,-0.881105752499873,0.385398767003329,-0.916350830868916,-0.990118326846832,-1.70574467218328,-1.34393245362511,0.167144791180059
1.13862462895444,1.8906546743904,-1.20555955233153,-2.34715213858097,0.0275036447141577,-0.290246232475681,1.81348593084359,-0.322848952976647,1.20914313475863,1.0623252428484
-0.29837368652094,-0.294711296910263,-0.939965423146114,0.870738999510312,0.693493090954764,-0.477660465132161,0.464239782968863,-2.38453223536598,-0.276247007349098,-1.69208548680665
-1.49925097916106,2.02887724022669,1.24800298478195,0.12793183866883,-1.28491039066203,0.694444624209041,-0.0774786869034241,-0.345904147759616,1.97590994287853,1.55167627926669
-0.101428972162599,0.910117779085393,0.353292015945319,-1.33029749847416,0.0368386917546135,-0.138340908155192,0.24841180632871,0.692854139027176,0.282569869942631,1.70564378288148
0.0141433292953186,0.0772957182814683,0.239531657892949,-0.297589110078869,0.59008213546888,-1.54069651091136,-0.0959419929445179,-1.16714775182631,0.138173655754405,-1.27172349130477
0.718086725315275,-1.91278438754244,-0.917735830004021,1.31707914729868,1.23815434209223,-1.51095095908604,0.188370811151217,0.176116596470088,-0.0790174687232207,0.486779220993672
-0.272518840506242,-0.868046231047734,-1.29445053327022,-0.490630718006799,1.1460768990138,-1.3250919387844,1.18651483609519,0.904839191538823,0.0706833599303037,0.364596189247366
1.17058857340388,1.10108189334859,1.57375303653832,0.540288291826954,-0.351556226993844,-1.09796170912015,0.659508044174515,0.106070233485532,-0.639577692267753,0.761385375400334
1.41422928729677,-1.75949872676892,0.519436027192873,0.971908811944858,2.11065923355596,-0.804859597745742,-2.78572603521343,1.24346518227394,-0.27755632286747,0.366409397405
0.641172067259475,-1.34402857267628,-1.97158608620486,-0.0626219473461403,1.30214731008378,2.1796406627877,-0.517567694756237,1.25609499007847,-1.25952417779438,0.660732665512364
0.757651915267767,0.44192350096833,1.3697913689716,0.906387649892086,0.336894659730275,-0.509067035992984,-0.918867489239909,2.15754101674799,0.466881627158712,0.240506475599206
-0.598498177034276,0.885982759274867,0.740375559037212,-0.251691782202706,-1.08069674503521,1.51269257188493,-0.812996320517007,0.472100475079385,0.460273102158198,-0.675574152445179
2.35198998302637,-0.180381439834385,-1.00619079848304,-0.920667152747416,0.533016678591509,-0.346261796645309,0.183827675578637,-1.67635420269119,-0.846437432126589,-0.513341158014215
-0.667070559768565,0.311739783147074,-0.802886139476143,0.534045314440879,-1.00470941082448,0.551422905072215,0.202856447359439,-0.00703800006698795,-0.119277989950191,-0.62162624869507
-0.407595947790906,-1.01124828513111,-0.175418879458369,0.60457941104872,0.360539258693436,-0.296394910978068,-1.11049567610091,-0.538892754890268,0.517771231741362,-0.540492922916611
0.377511790116922,-1.6097393539384,1.13852758809681,3.14119665252627,2.1503832928728,0.921378430617018,1.01183385920565,-1.55808573639549,0.150735599859338,-2.2491871083276
0.613305918917818,-2.07325280280122,-0.768676843099554,-0.0939218430789777,-0.286212258434596,-0.880854662564088,-0.615389456510497,1.95631601481981,-0.189720150262894,0.534450707045685
1.11094872229728,0.725670371212872,-0.843140066544837,-0.615149584472078,0.309450119756224,0.47725663292774,0.106221199336774,-1.58010015239377,0.00977160765150344,-0.936354782589302
0.654699211008847,-0.0311315311455729,0.903499552046319,-0.0800991258963291,1.66360957359089,0.787021347964374,-0.949251982894617,-1.26494351706315,1.13447424829921,1.22319611970384
0.0317937790725725,0.349541262936754,0.747981571607808,-0.109235502382081,0.540668176179152,-0.509409140729009,-1.39866998294634,-0.328341590487478,1.11055917238486,-1.1905802874121
0.928597465339331,0.768353184371514,0.105893290149018,1.29614653105461,-1.82625493351978,-0.545315968950486,-1.54576790498217,1.34548014969945,0.0864848933099289,0.4198392895812
0.73415148917087,-1.33775036368006,-1.01697010085705,0.675299453871874,2.75236928856999,-1.34515704718905,-0.129485654646297,-0.277338326847431,0.368626276626773,1.04989664247526
-0.187346785697906,-0.795180685604065,0.330108158079616,1.53879539888566,0.175479833338642,-0.879730625453186,0.660313266689976,-1.44279943900728,0.605156502568757,0.320367822172214
0.302617233435063,-1.79284573815907,0.889049049234848,1.34529657616416,-0.731318028868468,0.378130198773845,-0.0919069321732018,0.610718793379963,-0.431707875201452,1.70880927863959
0.606009879580191,-0.411746883147812,1.03702093328474,-0.562342751794208,-0.44836483184257,-1.12968223139297,-1.81932001448475,1.38427350090104,-2.20173533717651,-1.29171906234564
0.042308662898155,-1.08316620708614,0.820845859651891,-0.814233444847197,1.5379073889882,-0.0482631800433443,-2.46833299998853,-0.179145659975334,-0.215550620285849,2.14209177869539
1.1157992835837,-0.227384641885246,-1.03855970268766,-1.26188326751169,0.337354965748447,-0.716277975278498,-1.55923664673926,1.10478060357671,0.216073358562426,1.06365333113444
-0.289272095115571,1.16945368635232,0.869794823292683,-1.13023016753908,-1.33078269509576,0.725132892758665,1.12769925455068,1.70875073501992,0.841367423687756,0.509467225196374
1.12444808179493,-0.337871950803455,1.18562285534194,-0.34998402766227,0.46687892811132,0.948219470283735,-0.0340316737325334,0.518992092990998,-1.24618232893596,2.4840999983702
0.506910932341578,-0.870974284878561,1.43325784407041,-0.00585262763911039,0.512102620663364,-0.049703396919316,-0.649391354990375,0.573015734202785,0.154212021361759,-0.497151014203357
-0.143495216971624,-0.0141069650842666,0.756207719320154,-1.42941977453235,0.227858087324693,-0.13161612847868,0.0393624824774506,0.309874879597637,1.28607643464867,1.00939168404349
-1.80441113008131,1.0397758698578,0.585397109724716,-0.00030274919808285,-0.481053655663342,0.0452840253727309,1.19147112323204,-0.396281519106503,0.392732850007507,0.345484886127301
-0.702985248791118,0.414577386708176,0.634478861530734,-0.751806309919302,0.536633793796968,0.67028091386488,0.551950225907467,0.814916620186135,-0.699095980980744,0.509712090050961
-1.32563513638975,-1.24210917907494,1.6083244813841,1.09058126472843,-0.921110798980087,-1.00975380979537,1.26476567423795,-0.937623839266412,1.55408647030779,-1.0129514900274
-1.94084782660259,-0.032485668004562,-1.58946977204134,0.484511614014174,-1.00580425603743,0.960697686777376,1.36845824319965,-2.32514007784022,-0.246316365744173,0.871026227973577
0.723146559349192,0.0910840463906734,0.357676709564123,-1.59159953214317,0.475577064866599,0.25831195555751,1.3083660603175,-0.352050398174865,-0.56774254859583,0.683474120321356
-0.0226138390210833,-0.0320241056951304,0.749491427248049,-0.215776109243518,0.207966553566414,0.692218058210333,-0.530147208662116,-0.789511939895625,-0.533130832826242,0.565255562648868
-0.0707308340874231,-0.462436062129347,0.0218422242520782,-0.139590344193888,-0.159508350151666,0.213177035319295,0.922694131408018,1.13025650269095,0.527277467143138,-0.131760567109927
0.902552306732213,-1.75993576670876,0.571027803894651,1.07813588106244,1.28229245277232,-1.8112597427297,0.792530971313247,-1.06878839000564,-0.696997490188559,-2.18391964226973
0.134200380108008,-1.02861827009178,-0.854201045732991,-1.31787688983181,1.65720163772381,-0.672649418509486,0.775156087153842,0.260643695753959,0.861276427025026,1.4117389329135
1.00349627741522,1.31448172209349,-0.87176270049907,0.173787522654172,1.56051485372958,0.0947522108653739,0.47028834759347,1.53492005740017,1.52903874262326,-0.77945107339723
-1.05926606108062,1.16703287832584,0.992620991437663,-0.57783500372132,-0.150096051368981,-0.475897020089618,0.284107496439823,-1.22344819560935,0.927521623659671,-0.372727873112822
0.856912283596219,0.324987972468838,-0.783503675626178,0.656103251512625,-0.557769954558252,1.01596306417817,-1.75206419384251,0.859026555108913,-0.221584418282589,-0.37036877068096
-0.554992677694998,0.945903320633498,0.3039806668395,1.12493370109949,-0.870747486644617,-0.355553843415018,-1.00592529758773,1.44178492634932,-0.356348843398438,0.275623721761085
-1.2840520643966,-0.190995970859066,-0.809599783542003,-0.69612377682864,0.0825496444722252,-1.9128273085541,3.75340644895359,0.62387737975189,-0.0962400574853679,-0.85723812981219
0.925986778699742,1.6159406030035,0.864402901809976,0.0623468987209696,-0.367915865278253,-0.748392965226012,0.649642920954884,1.8176324403093,0.121637196876353,0.0222923686050887
-1.63508998712133,0.482352008584552,-1.31557004259919,1.89659589523176,-1.58481015733328,-0.462864764647094,-0.915417461806544,-0.517121330008118,-0.0175472972981327,0.205161814716198
1.02958140067439,0.948622931813416,1.24038052643742,0.750188565358089,-0.44187919866402,-1.65410329263855,0.275285797883689,1.07978575928714,-0.476935537898901,0.984975710900988
-1.01894892803509,1.40751164950597,-1.82468231242197,-1.24671347186509,0.626379246829918,0.417144097050983,-0.472995717609579,-1.36325831584195,-0.879537802429833,0.44571777131564
1.07839955641096,-0.330115544708497,0.474189510411485,1.10706523932816,2.78693373781373,-0.65058709418983,-1.76869146317051,1.71488121266192,1.18070461361906,0.0334113512746693
-1.00273629674044,1.40886072098227,1.9494742446608,-0.0119556285673189,-1.65423541737339,0.47039325034394,-0.720220660612192,-0.510122464764147,0.15482797676347,-0.54472991013849
0.593556891129223,-0.212527166920401,0.740832999132297,-0.900996896639107,-0.34991032591461,0.668157069273563,0.862645040303536,-0.920669854217856,-1.52367858331411,1.68712028631375
-0.106722341680877,0.76794763330831,0.688873205498905,0.290753390638489,-0.428885959393891,-0.359007025333869,1.43597245454166,-0.482589646602471,0.691317655011132,-0.412107439761527
-0.761572212279093,-0.1571524660257,-0.743273141723089,-1.1444963506839,-0.566850668395441,0.860031134330327,-0.105469650970571,1.5609575139371,2.03304620995966,1.22594108184652
0.588882824603961,0.419831436189549,0.371673163172507,0.0603559292275173,0.0437526697393848,0.661817804336439,0.919681357830767,-1.24785748251013,0.695706518600609,0.537721197966152
-0.374272876202813,0.170313898252664,0.0525991863535807,0.0240533042208275,-0.0984353370650999,0.76511360569333,-2.31484012981043,-0.695790884682223,1.38041372907336,-1.12360283959358
0.98606945667386,-0.0299223014156323,-0.853760969956126,-2.10235238514606,0.171319938686955,0.536555975463871,-0.952766392672177,0.337095441755793,-1.3077318022551,0.468510213652465
0.256734728895592,0.0901962943955951,-0.590483009682969,1.03803973435403,-1.18663521545706,-0.434718749823332,0.904938708326099,0.390486639544548,-0.168954976398437,1.63032835033108
0.540990079387173,0.57182685167506,-0.866726683973628,1.45858923684228,1.35090975138907,-0.128952354781088,-0.538143649491075,0.670195474849185,0.114259481113877,-0.137562181082434
0.176320078220573,-0.0269240544638928,-0.446117923120103,-0.308244572912142,0.298941919740067,2.07543408870431,-0.424250951671396,1.1289968136078,-1.59915062727888,1.36933261227049
1.00398236955565,-0.983861594386711,-0.219141092916232,0.940159872020539,-0.169869060908114,-1.30430171805132,0.607399848528326,2.2281098764267,-0.651261558638599,1.02613355847181
1.23641142705731,-2.16826908637954,0.194926259359267,0.0438512086951948,-0.642556699191223,-0.501540040230313,-0.553555193873014,1.20346592734226,1.19393772603266,-1.56214415962115
0.292030457543371,-1.17439422988236,2.38000523205969,1.21359843683246,-0.206124033708666,0.693508066766864,0.0879914633321322,-0.626887089880367,0.386904501954027,0.392852787436105
0.539134999032608,0.0855221732659402,0.29508407953933,0.309296874923146,1.06886009237389,0.0180057723390976,-0.0975870804468146,1.11308041153488,-0.15119867049465,-1.17550042943062
0.82016910093577,-1.23759715558118,-0.929869078719448,-1.15948449471281,-1.12814841075399,0.293649339607517,2.04989369382791,-2.88792567280386,-0.126088131889085,-1.27631778151273
0.222939428728654,-1.43582889429874,0.46809401829387,-0.327919300685321,-0.6696914148631,0.0156010056082355,-0.507495618762704,1.75351886118869,-1.02870061810789,-1.30923375246198
-0.399787962399505,-1.74280924301622,-0.885882242199971,-1.1959500542206,-0.0513903912866624,1.92444838024232,-1.19067399174334,-0.861618410706733,1.87945300847738,2.53857768208753
-0.239881049612401,0.839835703633685,-1.70969854346066,1.38006613857057,-0.371365807212919,0.370997966190014,0.585888690866804,0.211798908001633,0.740906917542399,1.57690279855158
-0.0443078081903721,-0.107015319355453,1.01214063906109,-1.1302692798005,0.0155221827618058,-1.3226850270376,-0.417922760092445,-0.594872056685149,0.910041802395936,0.428435031119658
-0.630818096779244,-0.00945612997338579,-0.636067684964362,0.376468915608719,-1.01511068797727,-0.351908902779696,-0.818598118152246,0.156957388496652,0.30539880814246,-0.21842668945522
0.921657071570258,0.266213070552776,-0.194071157809669,-0.265865015754141,-0.178459611952717,-0.0764202483992285,-1.71286844477495,0.956529294378554,-0.836733135233269,-0.310677721330035
0.429887692206623,0.0126512408944812,2.60998156550144,0.550201350744887,-0.181191442057867,-0.379143279214426,-0.477931572030071,2.00499041423452,-1.1736349211132,-0.128181307010978
1.09587288918882,-0.198139623398361,0.473594688517742,-0.931383672414575,-0.88208099758706,-1.31264084906486,0.932176964476296,-0.748425297884401,-1.23599359187792,-0.0476342198239244
1.81423198618092,-2.78891640717426,0.186820748481921,-0.129957175136337,1.19315894400252,-0.680089575899195,0.131407962902927,-0.947691274164339,-0.0497070561753537,-1.21758651857303
0.831091948329572,2.16894647437756,1.60528673034326,-1.1953663095184,-0.338767729650437,-0.352001909670869,0.812971252127782,-0.98942063056044,0.498829522376064,-0.454063036395764
-1.9992283829131,-0.0504530444916578,0.596502872249207,-0.609186190729837,0.542253223975611,0.656645504326523,-1.11490178356159,0.865740777851841,2.76947246483625,0.285906222887988
0.437742457418824,-0.882299049313884,0.0510959562273677,-0.692432810715381,-1.28246151984045,-0.644451320660928,0.778829516764168,-0.495474776872876,1.16539123696443,0.0370988652106938
0.653849588353831,1.07808824868097,-0.203337881983423,-1.43239026886167,-2.59780420304356,-0.121511702382859,0.151806089056262,-1.8085058199352,-1.07180785332381,0.255349126281788
1.42682549081051,-0.659952812011319,1.1014595692375,-0.484757570080867,-0.129723933315318,0.0886661840364443,-0.438841331177728,2.43270979909269,-0.281283573452121,1.53137739366058
-0.37038469754547,-0.497149483946945,-1.5998171304627,1.55833675744395,-0.203470425940423,3.16977625967726,-0.845843943003474,-0.221247599528358,0.0644987397643891,0.686476077473545
0.827866469956129,0.773075910955322,-1.14083179423346,-0.154833811197174,-0.69540041291077,-0.852535305397318,2.01324918471359,-0.871984795560507,0.477271734130568,0.0533404696730737
0.571914412005473,-0.475480035555603,-2.20273233736393,0.603360102510213,2.17122535631685,-0.195564718676099,1.30655658585628,-1.00400152218545,-1.29290696811622,-1.766909944361
0.082648000657007,-1.0947916671191,-1.77107604181315,1.33654378100832,1.98096994556703,0.738607030826863,1.09789231890648,1.26020326693815,-0.56713518687161,-0.757898947194449
-0.444990161394899,0.206276877491447,1.00462274683621,-0.403149496101343,-2.13018395101768,0.311542224496927,1.7470967896007,-0.0602420473284386,-0.646398094165982,0.0689114138954621
0.82641777466973,1.17319198531586,2.47978957665784,0.0884467910270906,0.483835243551954,-0.213340115844444,-0.732090452526806,0.893670669387805,-0.549671578258091,0.035568962900271
-0.772653859687726,-0.679445765062342,1.95087341466479,-1.52735268420762,-0.467541991511769,0.0157231719171899,0.758417699594174,-0.0169892514279103,0.280409646789578,1.70973734102436
-0.603091843200149,0.615929866689569,-0.607260164556097,-1.64136691861743,-1.00796594080824,0.332275016847516,2.47244350709796,-2.38420582827304,0.294627484046978,-2.11872290270753
-1.63892282638416,1.68725201996022,1.26491934313361,1.12156456037117,-0.0408692943492625,1.41505392243617,-0.405756378429951,0.636895002862356,-0.704590795425603,-1.60462740044016
-0.0555012115061862,1.36548220515588,0.57697801146906,-0.985384424702326,0.951973706350489,-0.517585759646054,0.0755543869292836,-1.28352366943853,0.24160371535138,-1.6059575092602
-0.838369658462868,-0.466073133551441,1.05174733776019,2.26109171923043,0.285701410595657,1.07657288471811,-0.216586560719903,2.03961055100091,-0.156936480233791,-0.531839809812605
-2.58244663774902,0.818680931447971,0.624917276543869,-0.615474348163507,-2.30011556299936,-0.619913873310562,-0.433749360391527,0.104111860331405,-0.186162477155905,-0.584536881854409
0.202717429138711,0.304619725514815,-0.283290956569345,-0.0548303480476407,-0.00420450177652246,0.70924657846141,-0.155286735041007,-0.364745028189638,0.360175940164465,0.741729927085972
-0.626761602039557,-0.508829560016874,-1.69069087789858,0.454693966554949,1.50040754141571,1.81829952202306,-0.92733467564458,-2.25564875375525,-0.740749520794687,-0.535817653714198
-1.35123233786834,-0.469493294239128,-0.717170263449919,1.50389688191629,-1.70136781507186,2.47252276147739,-0.128896031299175,-0.312300854938976,1.14685167031455,-0.393217068831648
-0.330115795257683,0.524680609846608,0.735470440711618,0.4129388604847,-0.88223697183017,1.74268199231732,-0.111857760082425,0.0819083497011895,0.776139451858474,0.895182834111349
0.592437557901502,0.151962166805718,-0.941877104973836,0.690627161098869,-0.118320531171932,-1.74661487753273,-0.379210578766141,-0.272570088631109,-0.188754601450844,-0.620098786145266
0.499584114441492,1.36517552708991,-1.51639039432601,1.0733281017463,1.09314656733156,-0.675131583906854,0.406942473490276,-0.912476630866207,-1.00732170834135,-0.73721795885629
0.411394626911468,0.53300712386223,-0.0551975636183424,1.13087918850102,-0.293621908243937,-1.47601474319383,-0.170098693178805,0.257325062690982,1.37777659322545,0.756369085622663
-1.78896025922416,0.605735549597839,-0.914332581938503,-1.34328757989152,-0.815854211046946,1.94272680022768,-0.395295960914743,0.206691044449204,-0.415180745420312,-0.521321375895147
1.85250092472991,1.19541271150109,-1.86275128815386,-0.617138082887362,-0.561531237617913,0.200304401199589,-0.382801330334828,-0.76566335782811,1.58016153843796,-0.330583395727877
0.429735974512669,0.693862389564709,-0.0306159218091146,1.13147479260782,-1.29294556206183,-0.0520176277393403,0.148266420621009,-0.654943429328974,-0.391817342773837,-0.0652935773639604
-1.2939127666783,0.66369307864071,0.533878747767333,-1.22480325728979,-1.59202569694283,0.178152633190594,-0.259312605303431,0.205547089081519,0.0260618423660419,-0.365102351457841
-0.343971900664613,-0.75699700391603,-0.0400132292324799,0.468417027458434,-0.677414934626453,1.24408621640116,0.664563462157147,0.413669802285339,0.309165260834201,-0.797926255546503
0.669570257828074,-1.02411741170722,-0.374148916777736,0.190962431085774,2.48893534378607,-0.379933836996243,1.16695495410581,-0.895412354622582,-1.77472166431196,-0.630397750923059
-0.812106908366443,-0.359029040996289,-1.00383853522331,-0.305483312145552,0.645830069851046,-0.382649786346969,0.328955817941998,0.154694582654128,-0.214858761971584,-0.556506256683146
1.36896746629559,-0.605870564551922,-1.11809823724328,0.113087310140658,-0.489368628176237,-0.103571434665433,0.213510369511312,-1.7655413880989,-2.5411661281519,-0.401457963508971
0.15115536914118,-0.199814645846997,-1.43068859642946,-2.01494816603788,-0.119766856048713,1.43566956670131,0.392550742074653,0.837025271545207,1.13511635398426,-0.577378088597872
-0.131913035784346,0.290160282146615,-0.911442134373149,0.695278108135305,0.678738052142193,-0.580552677295877,0.212029793600754,0.763702932030257,-0.630146363966629,0.445820715286796
-0.0222650171198986,-0.843845992856888,0.573961693117484,1.07841096762379,-0.0930860090975208,0.916198142244926,1.32225746135539,-1.685356839468,-1.77831255192935,-0.301012942313406
0.137541805682054,-0.90073605179907,0.120645407359783,-0.195181533259491,0.269986670251742,1.49892152839075,-0.489251545686669,-1.16241494396289,0.676020646178374,1.09055827833075
1.22007808963453,-1.25411547296313,-1.67546016358579,0.191942821053356,0.883360798020121,0.506059595283028,-0.444419044561095,-0.13466524097726,0.0865677912185834,1.03044317990055
-0.646586788086915,-1.19647376328637,0.431173521443613,-0.327606645554696,-1.7940731650373,1.75403687942882,-1.06735609943851,-0.49277800983677,-1.16492992247509,-0.207154431382143
-0.31743610368057,-0.94869019380997,-1.15450569191987,0.938813501858402,0.446309130638224,0.10041506189237,-0.578037062677989,0.799719245605307,-0.871678329079782,1.62323692958862
0.21436486227347,-0.411551864095092,0.594302231631482,0.359412493403286,-0.574438121201068,-0.183986106041036,0.0620648156806974,-0.541750224208603,-0.799306456945806,-0.431704342895354
1.18536947471148,-0.201999027086879,-1.34846998282067,0.283599752319852,-0.0712657394002514,-0.197538746749697,2.75258519895556,-0.160335358163821,-0.649088208546603,-1.28333095430133
-0.00817501659540507,-0.546384565185698,-0.667926451840262,1.45485242683197,0.47000281459389,0.0415452521118395,0.712014608815408,-0.0270699078535404,-0.959925146679734,0.499879101057216
-0.14674732680337,-1.36795989177601,0.274466893977878,-0.472446921507858,-1.18778738989394,0.559746097913286,1.35475488153989,0.0134086073584247,-2.87475118973946,-1.31498094112556
-0.602048935712492,0.0158359283527163,1.53601156108684,-0.0728631989720017,-0.204711024318995,2.06126986339548,-1.32918587825833,-0.930982835443997,0.772657434833836,1.78447576474123
0.477866296093101,-0.647169184285322,0.701036144442251,1.23574857522244,-0.791631018132932,0.418906981220085,0.64167280649825,-0.0184947346299068,-0.266072386172392,-0.442143252298058
-1.69909651519614,-1.22772927744607,-0.843317010192678,0.119600792055415,-1.77539323528436,-0.756552287667598,-0.559943624188208,-0.538411069892514,1.59337250069837,-1.33703805415288
0.194460882341003,-0.103479396539224,-0.58208948507746,-1.92970382775767,-0.225238015783307,1.71786295792839,-0.0772162309435808,-1.68335610309692,-1.14842278981232,-0.519208233002147
-0.125579289707695,1.26601558316326,-0.65794477580401,0.068151187859242,-0.803431583075079,-0.815549439061634,0.988538863440578,-1.13982535369746,-0.0453255686530983,1.38431815351881
-1.89748821766547,2.67581079964399,0.686375625668945,-1.11586021225218,-0.683551977452289,-0.622490810250642,-0.46593405285301,0.263802455466784,0.18023396632541,0.969986989850754
0.0465942257778132,-0.0820273535964139,0.324030594100391,-1.93755581819386,-0.0696549305334961,-0.302184114015666,0.819192064962435,0.598596728264335,0.205290270004682,1.08171302966655
1.47022246615774,1.29966028289272,0.829700039060828,-0.772259149708084,-1.83210961785902,0.314513543737518,-1.06866015289065,1.67109953785881,-0.0681091515529314,1.37146566997143
0.202220109804656,0.372017056644478,-0.38903593486505,-1.61155373065524,0.260949678423296,-0.40992492914235,-0.419052366769428,-0.401686462790938,0.557802383164011,0.167294636124274
0.465545339074423,-1.29047163925166,0.407546821243254,0.0233493464352907,-0.332998161156699,0.278548214709963,0.214557657839494,0.863735946071809,-1.44552917317181,-0.913970857621797
-0.501117572176702,1.2876682852473,0.378090804642133,-0.475599069298657,-1.43380273242235,-0.0207518427138147,-0.36497719238003,-0.879053051791888,-0.730995823411749,-1.27683260769712
-0.134363872635313,0.365983538836081,-0.463997264829045,0.144870420259407,-0.147453601472896,-0.421388841735239,1.08684334348153,-0.337314594914335,-0.780513265830114,-0.527016370092294
-0.644623375850357,1.40441563364099,1.21644303917946,0.925909635493128,-0.560713242479963,-1.03368930868579,-0.555335453681186,-0.297889356944955,-1.32967690019526,-0.254614047962577
2.68256027587181,-0.542741080005129,-0.425411442826695,-0.449830044787344,-0.0528138928221613,-0.4170039616323,0.639710423750788,-1.32836074573237,-0.329125849640502,-1.89282713822414
-0.861786725429357,0.581574074224097,-0.346687660088426,-1.07725324219203,0.0865017239902477,0.525534860386346,1.36912551875688,0.969138664185358,0.215261240548321,-1.83541065867281
-0.349926287634208,0.402947851434148,0.691693313901642,-0.29804117316368,-0.656820654625553,3.20018524289496,-0.380372429992302,0.33610960261434,-1.29079947094819,-1.11421387027233
-0.0188233215508631,-0.0645751165721814,0.422370792647949,0.809327118362986,-0.592720591554966,-1.55514763465406,2.43393308390629,-1.20688775372639,2.31244852595142,-0.272140311158147
1.0528883535022,-0.187607504252763,-0.480037850794486,1.14094486851419,-0.946267216051966,0.0311718801792823,0.333409223547783,-0.781200795091092,-0.308355193000756,0.248729689433234
-0.785189604517047,0.78392561443096,-0.336056685540543,0.870638355946494,-0.137906920428603,0.39872459235798,2.94187879070151,-0.768302588098559,2.350591708786,0.895512081073139
0.260555128612106,-1.63272338173299,1.15436377726668,-0.404480738904221,0.868638415277437,-1.66070746486567,-0.711652423784653,-0.373149330380751,0.68623771888868,-0.874705353230186
0.153230822484304,-0.861341171284816,0.580820015984116,0.441112116993918,1.36569838527127,-1.69052719807827,1.26642263062977,-0.269792236504662,0.12032731253447,-1.01535520877285
-0.836767403215055,0.998092322917926,1.47977367133215,-0.39835209899545,-1.13606720425003,0.467438094652007,0.462956073613531,0.579182590937891,-2.5666990687024,1.07644998976038
1.07005401512728,-0.707940550374265,-0.742685936995336,-0.642343500652288,-0.351915835483517,-0.498776879167317,1.99606922949213,-0.579851775876599,-0.31126644216431,-1.02743572150077
-0.539801348819766,0.567880795394672,-0.15112710869331,-1.26982405819181,-0.371946232423023,-0.941266466751925,-0.42089896765503,0.56675795101989,-0.0226631590872669,-0.555475258597907
-0.88207575117346,1.02699184755931,0.485007704697874,0.641589446372656,-1.09616372115806,0.381624472730661,-0.666887977002057,-1.88108360496979,0.876898129100876,-0.811786139681296
-0.461403838556106,-0.648724445355062,-0.445375720521452,0.747689977993681,0.0693154354324556,1.82364816313079,0.383129534086385,0.680983956616671,-1.61684791891804,0.403337630612513
-1.90735462506052,-0.405328354576078,2.81162216918556,0.283112443019833,-0.19251199115635,0.261390143531369,0.228534243957742,0.295572438081127,0.0118392772838863,1.10447949000696
-0.715518548135002,1.58855750843554,1.05357552549235,0.449429139792153,1.94550395553114,-0.456166897551783,-0.702779350146842,-0.891324472321864,0.403224007949523,0.178954294520218
0.947068734459813,-0.562379109337643,0.566712915836984,0.176931251497858,0.349642474091451,-0.952812409857198,0.422209182696204,-0.0955404824791364,0.183824799317278,-0.0610472306633704
-0.0727924793649996,-0.508777721297315,0.650259053179569,0.265009895629223,0.24939838379854,1.22571288433297,-0.102581749817186,0.73850096504072,-1.36691635825268,-0.246350999203596
0.782261975826213,0.117389765857183,-0.354834791546655,0.876863989830666,0.0989029071200284,-0.915314459273869,-0.696657354572329,2.02779076793856,0.122207142862124,0.153315642791275
-1.20906531400488,0.619403902614628,0.809411892512513,-0.611239766672898,2.24284009732093,-0.351143698953745,0.701718483926082,-1.17021771354622,1.47384481505447,-1.19656640028543
0.648642070150085,0.760452734534501,0.0526007382068817,-0.0875347711311719,-0.184849012063361,1.08823759280082,0.0784446528872598,-0.0673649744935364,-1.11863637783387,-0.567119494425299
0.599149103254364,1.7161687873393,-0.435115385716644,-1.56598188201066,1.46815738809817,0.210811599815727,-0.173624850105693,-1.88906145273564,-1.82274875358108,-0.54073646401886
0.263419890466412,0.101768518976237,0.317522737322687,-0.137717130309175,-0.0572315100974772,0.295329195325916,0.490939867838938,0.935273289894606,1.91076804804783,-1.44864958930773
-0.242213944575755,-0.0231699861430839,1.38721646665764,-0.412517202830575,-2.03573043636406,-0.280138299002237,0.126442532330194,0.130319698698066,0.231243342155769,-0.590497667524271
1.65003062125112,0.970056763184808,0.619218515692027,0.624863869585251,-0.107946103618115,-0.136989311407911,-0.298304554917634,0.0475950237904541,0.133273232790274,-2.13236207541462
1.13684067682344,-0.422021528579667,0.124168618597719,0.476606389267418,-2.08677914235176,-0.923236560462151,-0.146334685568679,1.49880730237865,-0.503849326787501,-0.417683793543666
1.41292218309552,-0.719148178859713,0.209294800110263,1.48909594086023,-0.134498467527605,-0.485109910743866,-0.358251315493441,-1.16945123366045,-0.759451895082073,-2.06700144445667
-1.56943819577045,-0.804908407549046,-0.800474159880696,0.509501611502659,1.11217644277744,0.450230776430128,2.51738157930088,-0.409649658882865,-0.602894356416076,-0.804412701112439
-0.120101720296669,-0.194551694439612,1.23247896633311,-0.866494183937823,-0.718682242481712,-1.0686433715421,1.28931065095979,0.681330639061301,-0.200107481785324,0.110383968204454
-1.21827673229291,-0.257296715176742,1.19199372556541,-1.7709933268721,0.0736763198625538,0.221640639942138,0.514638134356546,0.793275505029363,0.702543845184464,1.45531363474583
-0.686544661971557,-0.211706360331652,0.944832804153231,0.708932159804638,0.59281357798567,-0.580517240651611,1.60265464351799,-0.118373919729209,-0.258416994079413,-0.955318922318685
-1.4850142792655,0.228994536162494,0.714954063289482,-0.884568370074035,0.368699912405568,0.845376364148564,1.80025832828194,-0.0252511754540093,0.264058754606715,-1.9543699896711
1.40407850765431,0.595167397795792,-0.713567581684341,-0.585020849010528,-0.109149109233746,-0.631504881120565,-0.273273966445623,0.740556042929781,-0.573259808829795,0.547168628249311
1.7064440772982,0.310482166029158,-0.994990575283122,-0.974909562477736,0.387124780007754,-2.67092653582103,-0.0899684737155186,-2.40472164402139,-0.040203012482469,-1.47659070790088
-0.459521405463979,0.866096209522511,-0.66983132464162,-0.361226722959447,0.110600903507619,0.501182326268429,-0.749366865937073,1.70197061882772,0.156685542851289,-0.738795932084839
-0.00977412279803694,0.501115566181005,0.18572493247641,1.55944317498202,0.327325880858547,0.836990187362208,-0.275883597607227,-1.17168328473128,-0.561191749703552,0.358614713577612
0.539243031184218,-0.217867250743217,0.966905262856005,0.304588901653775,0.199325227411634,0.232615001620866,0.475773212766569,-0.797951121114988,0.300547233226772,1.26177418701873
-1.45654397021085,-0.0576724767144989,-0.294610620997343,1.85018895402972,0.0917872536178223,1.43857645231086,0.0503010182040525,1.26319921306628,0.8155027367926,0.396760873935966
-0.878166667660038,-0.294625769553436,0.214920752112172,0.75141867671773,-0.771656854730977,0.907171143440116,-0.771007122864866,-0.980140264730221,1.3794419339192,-2.11965557152345
0.110467468296884,0.277077016415483,-0.199831646186954,0.0463719603612235,-0.53568401888176,-0.691880002418295,1.18826866883682,-0.869640363541038,0.875019433193153,-0.51675481203366
1.45184369281932,1.23103511174992,-0.183555058355535,2.41406308642291,-1.45361148634769,1.18513777158734,-1.9366646276552,1.27013335228001,-0.266141891317173,-0.0417371444199381
0.319732170120979,0.465251083165129,-0.394182094871406,-0.756085852978318,-0.431000107645113,-1.58895532045102,0.494187330778276,-0.33882197661588,1.76673917302871,-1.5817207813578
1.13376265289808,0.603002037030252,-1.57947643028853,1.30323087625941,0.145808030668746,-0.548951001089337,0.465462765233499,1.05648935811266,1.12829549916714,-0.0137232158255178
-0.995209832246749,0.291501207671667,-0.815935721036142,0.686464830822751,1.4238953531078,-0.646363000714203,0.349878392033678,-1.03900335052215,0.815031477518818,-0.605409596827456
0.523734657862966,0.194239114799187,1.2073454517329,-0.263698483620798,-1.34780439824775,0.356258585877097,0.503579434545298,0.912455185480921,-1.21017730466453,-0.480076580364985
-0.390853648183513,-0.929749593037881,-0.341175061382046,1.19308778080176,0.181587272604718,0.16690183010549,0.826925727941868,-1.64221505182564,2.27644660841942,0.417049142112463
1.05735448006369,-0.248558524517028,-0.974864780509043,1.28748182471373,-0.359688538813076,-0.370619571160126,1.21902848587542,0.80874075375745,1.43123903918611,-1.35164506633115
1.615063226393,0.147478409838387,0.165385922807233,-1.45201524322766,-0.656955387492395,0.731060661156989,-0.015635396159106,0.334965129243715,-0.135293728618456,0.215767948356702
0.97541772988909,-0.715747831677755,-0.00547467806834475,-0.763864200554992,-1.41989447616229,0.629281658634968,-1.12400979139896,-0.490004118318985,-0.245458297170413,0.720300775405396
0.143522147835211,-0.507643249730146,0.955778974950388,0.571734360045021,1.01090486572357,2.26378707773347,-0.438161781904187,0.363891815494798,-2.23518975629024,-0.0900738299912609
0.951589344363232,-1.39691102653619,0.379209520050715,0.274643619458861,-0.965009704510592,0.512416761862825,-1.41323836858293,0.272591380393311,0.106216120793346,-1.37500624103059
-0.475983092105894,0.21984653000663,-1.32041532790767,2.11548599174006,-0.378408666706777,-0.341053505226552,-0.316394680012648,-1.41065916155655,-0.384454675572417,-0.148500077701506
-0.0559566485007449,-0.721232746610407,0.679863025125361,0.899312684738124,-1.57463316045464,0.0928254628217951,-2.21826824006498,0.155794447548156,-2.9288651860944,-0.123278306729268
-0.734925534281089,0.23635813842606,2.01680746541916,-0.605330019042281,-0.67147088911375,-1.68304122559428,0.353455723889503,1.63936447906284,1.11163108565662,0.3027884379718
0.0236387511656203,0.485670623044278,0.883706512814846,-1.39547677475785,1.27223516240876,0.173976707727233,-0.793139643278684,-0.916369339271313,-0.0662107997863505,0.616660658477111
2.52094446758336,-1.09720427990908,0.802491605132217,0.321600766228011,0.281559025562038,-0.360486400588123,0.987677802193607,1.321548635885,-1.69317692110924,-1.37763958262643
-0.412357159844966,-1.32695871046312,0.306216903031802,0.849264461027067,0.138335915726208,0.746811052120653,-1.15596533937234,-0.401975406676314,-0.941515785478094,-0.748240381986686
-0.103409735558694,-1.49350454940028,-1.40316652358502,-0.194284445268176,1.83086572270968,0.239098573401514,0.347100114528913,-0.644917291607949,0.0459246979940243,-0.990896683296932
0.375397151669108,0.486691753201802,-1.37952929157167,0.338617645973016,0.990434485573984,-0.765427668152517,-0.0142326759891285,0.203653959242959,-1.21064959522594,-0.249159829128459
0.598756894703232,-0.00309413225651308,-1.01889588625803,-0.734447838032237,-0.801474754063976,-1.58588078367772,-0.0237479340628952,0.641659888206098,-1.27633461961412,-0.61829567657468
2.46717635696283,-1.93108253905805,-1.36187370693477,0.480318592377175,1.92462998165073,-1.59436018729898,-0.583173515828131,0.036820324924382,-0.985104288009525,0.635834305804037
-0.0729521524439479,-0.968783670685846,1.77106222227358,0.098290609000168,0.36808930077352,-0.199154172005016,-0.88879178034072,0.754867354473155,1.12320075932624,-2.07762920677981
-0.0231003215075556,-1.3277151966329,0.0449004378163033,1.9454151716612,1.05917835501014,-1.731789418139,-0.233578267378177,1.07591643680409,1.18068347779216,0.097514895433417
0.761559156927751,-0.646276877936346,0.122070413495779,-1.42400283222633,-0.653630560661248,-0.106682064726606,0.299070556266409,-0.174039135495443,-1.10562574376314,-0.256827968419265
-0.411047309980739,-0.672555342084863,-0.369251306863365,-0.458027436591967,-0.882019283461088,0.649986521120796,-0.0180256805750176,-0.0529701896281791,1.75141442403839,0.105141812473406
1.42226735598618,0.407157689856889,0.516296633111747,-0.563791117809719,-0.303709389119131,0.102660145332001,0.215193702124691,0.367271685201129,-1.57084566389288,-0.664507032629224
-0.4557962264431,0.49171919541346,-0.582770124424644,1.1877624872292,0.563021843185728,0.322227026950871,0.758012860217224,-0.812790463872776,-2.20579806670324,-2.06530308136535
0.482213721205469,-0.0516745745069855,-0.603809306141353,-0.374208990357561,-0.212665773842334,-0.336401686451688,-0.342407996095157,1.57265951357178,0.452898246146652,-0.440176475611557
-0.348149046726854,-0.0500886576326467,-0.497523138282496,0.581815135046542,-0.698935075054502,-0.586330325976585,-0.857190557427701,0.234603248146645,-0.161780412761488,-0.603413031214782
0.295396808245271,1.8018509134269,-1.14272664903983,-1.50567074006636,0.61505883663707,-2.44790722049343,0.235722865682357,-0.290110397065192,-0.896319606768202,2.85542569461531
-1.32951879882907,0.0316397105736565,-0.445725532612463,-0.69871137660287,0.311740600234027,1.18443570282615,0.104006068846078,0.0388793914097521,1.36796604739564,-0.930302805098247
0.64679820799806,1.43841337688164,-0.497874865861682,0.340717652660377,-1.42460247253105,1.69516604552301,1.22493381442611,-1.29634316156705,-0.0931045125117727,-1.69866362790918
0.515868710611641,-0.519638118055314,-0.560716003287699,0.442390329581957,1.16067610283286,0.479459243424323,1.17442208621331,0.176849996921203,2.30021204517172,1.11584596471468
-0.0604619664321092,-0.170998957508618,-0.199371144386226,-0.417275648861115,-0.478269328335783,0.260543566096917,1.29923772397363,-0.304706440524233,1.64500432727843,-0.0548535882238236
0.0850495150344761,-0.248952330962102,-0.271837165602644,0.870749985647322,1.36963366326774,1.0447753701892,0.719043200800668,-1.80533449983711,0.608850674056533,-0.804476436789932
-1.09899421891072,-0.294047655579077,-0.0548408872601045,0.136096510146308,0.532605076096154,0.212895765074026,0.185229741548167,2.65558456195586,-0.87953482868115,0.210776862701041
-1.29508978501616,-0.432062940354623,-1.12084527807702,0.285042171452149,0.879517307619849,1.90905322757245,-1.44078878507519,-0.941951871718563,0.394900810568683,0.936022293259382
0.811975910262104,1.0359742109809,0.812520728422321,-1.13509022504958,1.88415101309631,0.590580727790564,0.31540852696735,-0.440554203255343,-1.54539912135636,-0.00520084552671802
0.387063574887296,0.0622146251226103,-0.244155044445235,-0.875984453432755,-0.51146646118011,-0.0522158824830831,-1.4254436937308,1.48141472410598,-0.319599765057087,0.070053487494452
1.59231984738033,0.268275696380313,-0.781935856001478,1.95709974647232,-0.304924220462496,-0.533968689833092,-0.609284647026799,-1.53089400286085,-1.05470727886349,0.456511141393702
-1.1940072519667,0.834902737229337,1.68640003425232,-0.568549720420751,0.1680399909975,1.90555404936658,-1.98256548933228,1.81749173442172,0.0348420814113209,0.41357673861058
0.324741217234939,1.19224002508058,-2.43674699744542,-0.206079256694541,-2.27393719973244,-1.39977441413094,1.25266091202797,-0.201069842589244,-0.697641859513599,-1.45276352334497
0.220009994248816,-2.23860637162173,1.35827570688636,-0.178738891066994,0.41951991017758,0.175244658587557,0.373291758810152,-1.33278805663149,0.0726662130946874,-0.35650468321793
-2.17298441071053,0.695012460481728,0.299375714081633,0.42102527849113,1.07938251979155,0.665041602761725,-1.3629719366626,0.660345421195196,0.84536078644103,2.62249221738177
0.0136481400831013,1.75235682919245,-1.08828589713366,0.00184013066448464,1.66367194621138,-0.069098347343149,0.879249557323853,0.716561381684996,0.291099413521036,-1.01813760283037
0.777578427086271,0.55850138227342,1.09074005306444,-0.042375807509553,-0.274489297283344,-0.917075018589147,-0.190631582833147,0.806663003689248,-1.46815097232219,-0.106393608320884
0.39296759478925,-0.0520599510276589,-1.82606287402748,-1.04278489904295,0.218240934805453,0.536093138205897,-1.44962014157019,0.392357131680649,-1.10918354340589,0.894872752438039
-0.54713288276887,0.309081786642995,-0.288385683535021,0.206718857165106,-0.576643756013844,-1.15215193015152,0.120841176072409,-0.963156809995982,-0.700872525721636,-0.830540014296503
0.250051657938507,0.00728328143005213,-0.160173203416977,-1.97302894834376,-1.93130565174032,1.92673774969006,0.0939245833323065,0.163293641498671,0.259435357468184,0.18996223215291
1.41738048096476,0.138392033865764,-2.39094591343919,-0.397173704631352,-0.625807829566886,-0.122587577086285,0.221437638587226,-0.217551456967717,-0.159898860138434,-0.426375129258901
-1.52527926500466,0.627579107027716,0.703146929510954,1.09169112662768,1.61066373513474,-0.415796879360571,2.15620220916205,-0.66311855378546,0.974353647715626,-0.927889823153377
-0.514120531168962,0.410650807208752,0.940385969972353,0.484589925347241,0.303840428278331,1.12810511234923,-0.562134806411887,0.43390839234665,1.83210593992262,1.54879366334853
0.337468049045084,0.347532562113866,1.9581940214168,0.491044643919912,-0.25742058619004,-2.55294184598147,-0.70537350346003,-0.688793560392085,-0.335195861592958,-0.182314940874195
0.0552398385808594,-0.134452923995901,-0.413572017935745,0.673386370394337,-2.03110843311175,-0.560992979911584,-0.757748130926197,-0.144411978782389,-0.307597822782651,-0.247789590315736
-0.244176899226716,-0.616520518465572,1.3815534210357,-0.629508293535474,0.151677259264009,0.54533363030786,-0.107163206988168,0.395307235425875,0.143076280998344,0.53622625107587
0.168475142179678,1.45797443023287,0.651808614549343,-1.80381166236444,-0.066635561773316,1.96048009515751,0.0311091729679019,-0.826143063440318,-0.742125269344926,-1.00306111810751
-0.595805829971092,-1.33695101560007,0.211987180417452,0.260989823858252,-0.462816249745326,0.24612904601624,-0.725182990655908,-0.0310221628100891,0.197561886944618,0.723139979033092
-1.67415370796699,-0.139615875831901,0.488267023923609,0.531755453491834,0.798634974332947,0.655619512959042,-0.373367472232469,2.27165184100652,0.748904269830438,-0.646733699208002
1.562290338021,-1.20317366320817,-0.0155692087390393,2.2170113970647,0.626265925433702,-0.141616704480615,-0.400235804124227,0.170186099093091,-0.655180129557629,-0.0158654044228842
1.86326017433275,0.487223611707469,0.483450046476803,-2.16371032170892,0.561886908981705,-0.463744963508482,-1.41507660396574,0.763314461691827,-0.740943874230036,0.956652093300824
0.678143177634383,-1.07589821320748,-0.209658388342195,1.92963428977359,0.814222726199933,0.0725154956977933,-0.735906183037638,1.78312388904853,0.561090926073157,0.629213700544833
-1.28828678705938,-1.3629232351275,-0.24657732803271,0.650780583539599,-0.674497245524662,-0.763539591254401,-0.311956291902644,1.3325412335727,-0.0494775989768644,0.830175563178684
0.40297495629375,-1.24875036489177,0.58269550460562,-1.0235332917006,0.41781398471659,0.524539015565348,0.831517375205562,-1.60157270235524,-0.402333985404041,0.36196987468814
0.548704162311538,0.945774795820429,0.851800959682996,0.480147778927907,-0.211503260243146,-0.321488590471729,-2.01617386278804,-0.0855884267799982,2.23532061909464,-0.225579534677115
0.219798023658491,0.434497632947368,0.0316957472227301,-0.50147314891166,-0.110452448715262,-0.862282385728033,-0.253826333865935,0.35399594368575,-0.0808074926955944,0.892689981834635
0.318042062223034,-0.0925358632675425,-1.14450371372798,-0.583098456300939,1.38027801020235,0.61212076207852,-1.64867841384871,2.62471876624064,0.311558841138843,0.0890561763203282
-0.655806398398773,-0.99503766547192,-0.627101158349941,1.4526086252862,-1.64410434465357,0.935376569671993,-0.260354884983684,0.650152397557778,1.23619389901126,-0.140594548061427
-0.535230460991567,0.191658974090494,-0.526949613886954,0.915048319386477,0.509739720065546,0.202967083865176,0.7067455093909,-0.837665964780236,0.258199802781389,-0.512160093950786
-1.1420097026502,-0.765017728231361,0.892319500019228,-1.36692980501924,-1.09378848376235,1.25044439260892,2.01921294072757,-0.756816266186365,1.18644647447377,-1.09901210073287
-1.86146698085397,-0.333450206952183,0.627885194415028,-0.148973068531487,-1.09493732153466,0.156767545652496,-0.226704443519455,-0.344855538177181,0.285265141053172,-1.90354880120203
-0.97236843490171,-0.46750212148501,-1.14701900913368,-0.220631909496264,-0.539194390716296,-0.0765831025386579,-0.890897485664393,1.42608501208578,0.393897989311987,2.06789278280389
-0.370153317974565,-0.0392451690702244,-0.923252505938926,0.534467620191477,0.436411053877736,0.430782878189881,1.76637898956031,0.403292065954913,0.436898962305723,0.856601205092546
-0.154549578515923,-0.0611702819280551,-0.388610035762894,0.03621309256112,0.367847516909096,0.966200628126454,-0.0140159829808122,-0.298660662427561,0.259541218913761,-1.40137951390578
0.989819703172565,-1.41873630433769,0.115301155278853,0.505428402479727,0.234503149824946,-1.41812189044266,-0.597404222503463,0.00905229173513494,-1.47439197432501,-1.72789686848541
1.62871341580439,1.48743765835561,0.273715664462904,-0.182904140462444,0.41242398183807,-0.45160221292357,0.363828325416444,-2.00931179212155,-2.63631263924965,1.16102288097999
0.25492186775326,-2.00776157139782,0.172436052177392,0.740737139666995,-0.0984747082811423,-0.522795112610682,0.796585053196626,-0.925779177969937,-0.366595993490927,-0.874875789014876
-0.419401721577248,-1.32638697719818,0.174818791128715,0.137707109138385,-0.283227746463486,0.252547711205043,-0.0614811249011521,-0.990447683104026,-0.179044039577247,-0.217360150083721
-1.47120932168503,-1.71581924160426,0.23063001607345,0.360262677329276,0.870118933377505,2.07939935178578,0.32501753294882,0.670748948524328,0.22528804542932,0.548816545454216
-0.375867162418187,-0.357001240415617,-0.270641810447437,0.194995119491633,-0.182021382324226,1.19171644975681,-1.28453059217786,0.23398999462332,1.13104359423469,1.80721324581669
-0.537161088135315,0.599291291460373,-0.242654099541661,-0.522089711192951,-0.405824956158806,0.981414376283395,-0.321522872882903,-0.777760774876622,1.25059643118995,0.218881789040728
-1.55378268258861,1.11888416682084,-0.197647058973724,1.41004273093795,-1.99118921804779,0.17222246051557,-0.247852907269042,0.432747900196746,0.397338258648178,1.56324126445793
-1.067804561656,1.84151099893205,0.166870057805006,0.239780698034382,-1.5517413937519,1.49856000774967,-1.14406944033705,-0.796398277491876,0.350448582100465,-0.595528403549835
0.293267279203624,0.0148860752384201,-0.508582548187069,0.25162797872143,-1.41224202483291,0.225109533458176,0.990871013419164,-0.57841963466512,-0.572662374473639,1.49836114472095
0.0750292283983778,-1.36043142935743,-1.39188549838236,1.43660129831278,0.104290856062489,0.640552847277666,-0.757322083477159,2.42571273687732,-0.19276152614114,1.05019620665082
0.218074812069651,-0.712159816585711,-0.0682723921014089,1.76500686455378,-0.0415514210535602,1.65609539427182,-0.4065790570606,0.36979065916676,0.54267411392461,0.816677905711145
0.462859852370985,-0.053982432633478,-0.269244882085183,-0.595553939341457,-1.31196550802003,-1.4242261891022,1.53517941029935,-2.14568383366173,0.908638420614012,-0.334533235698099
0.102527150778229,1.49245520850828,-0.213408865759644,-0.233792710493743,-2.12910917073855,0.687452338823405,-1.12771633559458,-1.05652508310662,0.83477138665018,1.69149966638116
0.0197786508361352,-0.318703571282576,0.546243963099856,-0.525034119414861,1.17121105722582,0.320257332535823,-1.27700522552302,1.68744832570874,0.0635392651890854,0.298860879443048
-0.122715904427659,0.55939232788718,-0.0265689408677712,2.29400825988379,-0.121998262290648,1.68500275223042,-0.562558961865879,-0.623157363440825,-0.856257597579863,-0.246345065748877
-0.0612709999526957,2.24232271804561,1.30979949218526,-0.31009706191004,-0.781443929640458,-1.79471721150231,-1.30560070999574,0.467762245122095,-1.95811790368442,0.146586548879207
-0.635231189314597,-0.728256369330383,0.816603835817403,0.959783341451742,0.263285283279749,-0.0397780026835718,1.44770264828406,0.936425636568163,0.175351171701602,1.18115782686268
-0.612810475436455,0.773520055393045,-0.495061613210353,-0.923808484235256,-1.04859496674285,-0.739411779964836,-1.75927527977657,0.156908904551511,0.937769341280098,2.00184823306186
0.447388189251861,0.798559488238511,0.298140992930221,-0.55510186819309,-0.0155317511628596,-0.769086344515795,1.42126991005378,-0.455645239520626,-0.399205413464022,1.80681534260921
-0.169140789815341,-0.489708058210496,0.40517259446687,-0.0268882201532756,0.543406114257719,0.580935056734503,-1.85180941677712,1.26509174774153,0.97221858911444,0.172219169194507
-0.334018844279476,-0.256658567182898,1.85630291766887,1.18550305220141,-0.0380480076694194,-0.0011618740383941,0.531676193426714,-0.245648887868398,1.40238295528328,-0.740415583631017
0.708922378248267,0.415830607743816,-0.67562775639937,0.513587836486979,-0.0851158244458494,0.409049525222088,-0.83004393815724,1.24627591572807,0.675261099966342,1.69853020335284
-0.119511206421793,-1.86373870496043,1.585447267673,0.889222754663732,0.475204807655377,-0.74863269437001,0.0531660756772437,0.0473886048690454,0.81846672591576,-0.0815147965697442
0.14499342616319,-0.107233762985087,0.036189117583858,1.26648282102607,-0.141775200707214,-0.0381167043777001,0.752783595872142,-1.34683613110214,-0.0906310178331609,0.189200889862765
1.44700393678235,-0.539680325928759,-1.02807849701675,1.86947753361242,-0.494346131850468,-1.67871518723625,1.38501047631772,-1.22844836789763,-2.15663848250786,-0.154054571767032
-0.00391094660531881,0.169108703399329,-1.80738861438153,-0.77746906620665,-1.46802683598189,-0.730148385901369,0.76069677471199,-0.429917269635582,0.165699249935952,0.452848832560686
0.19694256303337,-0.0948565748575073,1.11506328051175,-0.331492368057228,-0.310285558205608,0.39953754452083,1.68864283366571,-0.341532827208957,-2.18409676756082,-0.700292858953795
-0.694236480142385,1.67943433682953,0.618782433663372,-0.440273880703549,-0.88546155556719,0.885708383100859,-0.555889709561131,0.283615902479682,-0.384216012896881,0.494594950217993
-1.87280077258834,0.845237167679997,-0.0399557732228396,1.08684526571214,-0.0393947168676286,-0.242449116201122,0.688786381182706,-1.31610900890932,-0.682590263771128,-0.436644588073931
0.0501242576992467,1.72586945187504,-1.03048194984066,-1.13591486400878,0.420583463975363,-2.16239153696963,-0.187577846782931,0.795745710820741,1.34922058663137,-0.305049833529168
-2.26787354348562,0.229455201263665,0.270216836056167,0.623826684856521,0.607596345289242,0.962625216093087,0.232654442266877,-1.0146726035005,1.4947611626816,0.712190780908287
0.710456668608588,-1.16915107322046,0.414024011889488,3.0961434000867,0.685720286434217,0.178469160549475,-0.83058949156201,0.12524623491095,1.81778561828392,1.01774728211663
-0.275226037479166,-1.40806164898084,0.683159139110341,0.0249736385649954,-0.669124705470771,-0.692638063212119,1.39712984081173,0.180162641908719,-0.346103577545269,-2.05006831412642
-0.10344915799855,0.767831036382774,-0.186372566639513,0.373792427368856,-0.119314346115062,2.20250316149743,0.353949568258765,1.18987387300736,-0.24968146541667,0.106614199727282
-0.698720396821622,0.273610153999499,-0.602901645052923,-1.22731243395383,-0.761448298349159,-1.85934510491117,0.519495544843446,1.41715491496446,0.0439055438358508,-0.877160510137479
