-0.177734570409939,0.956723487775537,-0.522705861666394,-1.36431747643896,-2.82678138091174,1.97028283193447,-0.356033838559937,0.420433979172388,2.39105960922377,-0.127622660461498
-1.29023972169266,-0.883691667830107,-0.284646746801031,-0.103535299404936,0.24234760265098,-0.856441033216269,-0.891122744404576,0.537172656953302,1.28722520775818,0.404068816640148
1.16415559790098,2.37104794685758,-0.087796605121966,-0.185498432429311,1.20204424249633,-0.530016069704871,-0.325666701779351,-0.303540002250711,-0.537526304094437,-0.784469336741661
-1.73932946978823,0.535027565824802,-2.23161226082057,1.20811640169394,0.81119688341471,-1.4095200325761,0.207543038838748,0.627923143092,-0.64109632909753,0.101044345712673
0.054816526292494,1.92398823690107,0.99246481881525,0.479467994869684,-0.178460039476093,-1.04436917537127,1.13829204450049,0.000611494539166742,-0.42946133064112,-1.10117005954855
0.336533248343103,-1.10225476678236,0.411389346741243,1.73129276198428,0.24015643295782,-1.24231211267145,-1.44167949781403,-0.417646515164878,0.479862714397212,1.34343001768903
-1.01656349578171,0.45910915332113,0.118212284051057,-0.628332089213793,0.991794890754784,-1.74440249215843,0.125289025022801,0.648940529892112,0.555847403429736,0.405146107151947
0.188104280641014,-0.97970478208942,0.841776625879804,0.689676755734878,-2.21045824814165,1.19449335684993,-1.12606720501529,-0.855658721082131,1.44658811111096,-0.337425330021798
0.839550935911768,-2.4670755776724,0.965986472256873,1.00963698292601,-0.336501336396233,0.195854766795239,0.452255064455346,0.531427424474244,1.63684405378556,1.69697237864253
-0.726455286061621,0.172495635932795,-0.0976709667140632,1.14835549171957,-0.20996644335533,-0.386987898380818,1.90330348472492,0.263664745742133,-0.635023368200291,-1.67616508124142
-0.64339521092038,2.71557212128536,-0.697868110151067,-0.468487962938758,0.297547966048932,0.0396627175749412,-0.955445765744882,0.0754116042989088,-1.1362927829927,0.623538271875346
-0.00160287133814053,-0.503511164440356,0.292509952973161,0.780191342428493,-1.17866262999668,0.494131433708538,1.72363683367811,0.445037164880992,0.097771085915137,0.783772291556858
1.60398777839141,-2.00203583157598,-0.582336780283013,-1.73086452764088,1.03791104278118,-1.49911582825337,-1.33998458665772,-0.730928628575878,0.725751888464907,-0.270338986132242
0.432396640142206,-1.10934822415167,0.242831649803933,0.801140095282482,0.964182391500136,-0.360122403911958,1.41243492659312,0.469082283034589,0.559200422393879,-0.536669568470356
-0.285318223109392,-0.758946071750552,-1.25093283104599,-0.27908132274217,-0.148220812905916,-0.764743064875646,2.76071622034371,-0.572479587513394,-0.471241977526234,-0.239385044024057
0.813517029099208,-0.523122599040672,0.915956390781178,0.593999927156267,-1.35472423148904,-0.562918890724995,0.814961764397027,-0.479422463938083,-1.26280962741785,-1.58983695196044
0.280652633984336,0.154369453622654,-1.65469495639287,-0.0736887620987679,1.04931768988097,-1.57526436550354,-0.541316353452283,0.675975728335616,-0.668431393928718,-0.576051307389599
0.355130323814,2.44188972153809,-1.37709188527793,0.146754797792843,0.686540283864023,0.641612304475676,0.574039135422291,-1.53252820445212,-0.749516419750902,0.518350858049233
-0.698258654532076,-1.65553305980081,-0.710142416367604,1.3288731996199,0.254201253851179,-0.248976275457035,1.56431019301652,0.508910982091747,-0.42733971340297,0.590175036056593
0.0441509068357849,-0.557579001194321,-0.199539723437224,1.03564093119503,0.890220313929239,-0.263493465444495,-0.815649503399864,-0.83806493332327,-0.408864760341155,0.141787295038261
-0.551638555583733,0.162193883253483,0.680997134046341,-0.174420264927623,0.330350879894049,-0.268765986838087,1.40643940224616,-0.79082006404608,-0.0803608009828405,0.514848822063639
1.17481694883937,1.16151422913208,-2.46534916075835,-0.607229310047547,-1.65399738911745,-0.00651469665237228,-0.112105323053834,1.17292197624303,-0.738566354992737,0.369733750187012
1.0338610951914,-1.97696537184956,-1.3764205938435,-0.0205708722315382,-0.989586604957675,-0.955917993407621,-0.859369363784492,-0.784753152064915,-0.255587016169118,3.83791016991845
-0.222256425585717,-0.121395477182334,0.00230670160581065,0.369840460484915,0.296707719405401,-0.101118395989521,0.101254433256409,-0.229641135981533,-0.822894196942488,0.128513376735976
-1.1167221781979,0.850812810243899,0.394014082516044,0.363454957004352,-1.04689405452334,-0.475094341693169,-0.538185191713048,1.84930074690656,-0.0239308191929309,-0.434568191566574
-1.73072425299026,-0.59826232634897,-0.496850511215975,1.36988509995402,-0.149323350495912,-0.218008605044275,0.74171940699299,2.32975297408886,-0.0923138870066157,1.50554032025337
0.363733904836189,-1.32577282429021,0.892808017023716,0.0796934203629044,0.640347477371232,-0.857819180632147,0.42801965505829,-0.615275530477109,-0.074308498832931,0.232092667357669
0.526536311454302,-0.347403838880695,0.720829068077181,-0.470871074682736,5.2228209151883e-05,0.634146905518905,-0.211965484122209,-0.300913441484908,-0.768934354631623,2.00780663338146
-0.197441720413831,0.113351877261025,0.102289488874388,-0.621959793466964,0.397406831845293,-0.330219102217258,0.235465921831593,-1.41083495165403,-0.391275933038201,-0.118969527078378
-0.724948192116092,1.28094770956292,0.349702871765563,0.327546005226796,-0.777635359230239,1.35082273491973,0.2175024103274,0.185218697009033,-0.728349876201267,-1.22566761791601
-0.411019278057144,-1.39711567010962,1.02211746774503,-1.22387236402477,-0.9960471209062,-1.13820337279331,-0.108566444130691,-0.294327127266151,0.621172540663792,0.658237450667226
-0.014450654224656,0.24488051092234,-0.22587999050585,-1.26846566772552,1.6456626709602,-0.991146281991454,-0.0845667056099906,1.02035317460362,0.770186495113988,-0.631545597141399
-0.14332186995232,-0.618105802122229,0.437524515731725,0.207648879786262,-0.065881997810208,-1.12853028882142,-1.33006056756875,0.911407904103711,1.9600985609104,-1.40727028062593
0.318024842548049,-1.52604307375866,0.154174349079398,1.8484512664081,-0.827188748679615,-0.303616233812589,-2.94267379256806,0.618332905604312,0.275618121579403,0.37729337455403
1.74390184080807,-0.131737825817485,0.181126761674097,-1.29375047619971,-1.4766332873056,-0.0133842060967275,-0.216335783730346,-0.776397810779208,1.1940482615804,1.2032314918476
-0.321346122415229,-0.130061944275324,-0.649465095522388,1.25289076094476,2.40564841734336,-1.02897676389441,-0.822171630390212,0.437283744487523,-1.19343247425614,0.65674862238395
-1.52478250207644,2.18482584799768,1.689222187766,0.077934616317825,-2.0448877263043,2.58286991677885,0.579316269229437,-0.0133308990484463,1.73393515821778,1.29133856849469
-1.6538041191548,0.931228606075787,0.26078231230966,-1.40065379436051,0.116885627549406,-0.78518962726956,-0.283439374580991,-0.304709034935441,-0.540957823436203,-0.913989151182729
-0.915334622674124,-0.394006500767301,1.57480233757071,-0.783518232883293,-0.563078014966556,-0.91986585524702,-0.456829763195607,0.892574669198313,1.06674736256782,0.858396216343248
0.154181619378898,-0.435867557442776,-0.40902763513615,0.250337073579055,1.92761973083922,0.24898482895901,0.812219599909863,1.09814058169427,-0.720686669999881,-0.720918084973964
-2.09518628566766,0.467539880304526,0.779398524095954,0.897393151077859,1.65131840603818,-1.21913935244344,0.464020085670982,1.72038273857359,0.696535381026405,-0.236360981063983
0.827509537904557,0.868967661208485,-1.18093126073122,-0.884435822327973,0.0712374133137441,1.31600712896792,1.17710156339185,-0.588585901572908,0.903637656362653,0.000596585488170499
0.381117251416886,-0.107127987919658,-0.89125742146768,-0.197263392848187,-0.0450146465819498,2.33522049864198,-0.297600209114967,0.550052228141973,-1.88574631966652,-1.53483977141422
0.335810443585848,-1.7696278839081,0.784133733234488,-0.209051827279438,-0.0829190414995409,-1.58799619689155,0.259925966661763,-0.505781323695148,-0.626260831661824,0.169865364011642
-0.100509754607557,0.51268183518653,0.0801214089169868,-1.27659768207996,0.109689361391808,-1.3747478963684,-2.44790453961286,-2.02004703262921,-0.515300347999718,-0.264131385953372
0.53908700123763,1.02574410267434,-0.637732090234217,-0.498605000019416,-0.649130379929689,-0.058855035877775,2.33701768884653,0.28897148777604,0.631151783064922,-0.0660115960706414
0.238010395265327,0.656998563479604,0.115205042571493,-0.627287388025126,0.658555219824285,0.267631328512358,-0.905809791360604,0.0146146342197563,0.142739212552584,0.53135106095563
-0.515054001761433,-0.786860914545659,-0.0268702042421655,0.39635469521891,-0.484640918396347,-0.243433632153351,0.45775594365226,0.562820886274696,0.937978471894658,-2.03830264091909
-1.0222123457207,0.675925253996874,1.48443573290713,-0.0694051750864157,-0.706870071893583,0.219632974277267,1.17105178499084,-1.21723361395141,1.48846709102777,1.72603723023645
-2.48914187317866,-0.543131470071386,-0.684631196213386,-1.15536769852588,1.52743526945806,0.786454705048249,0.0652888096714196,0.727147061903241,-1.70355099049805,0.901601307007931
0.244132918036304,-0.76026213340325,-1.29455923976145,1.01494501645663,0.998970852362413,-0.94584900659203,-1.07812170541217,-0.464989219982655,-1.39245136636604,-0.419105560624957
0.315211079313413,0.447573485665447,-2.0072764560604,-2.05656800425016,0.0977388718395515,-0.600073828166145,0.841223037504249,0.0702530016700015,-2.0399478282215,0.292087812136809
-0.907395649122297,1.39570986694844,0.151484880518838,0.867113439752815,1.8776077726354,-1.47297219696782,0.145232923716945,0.516637757133706,0.884411953429271,-0.374770184364494
1.29957425323715,-0.811423661141364,-0.460294224698118,-1.02356168725043,-0.832855544805799,-1.14946277175773,-1.23826410950616,-0.981123765166347,-0.706041458459543,0.905417593164675
-0.435687385488708,-0.985389395185342,-0.796120333024864,1.32927625266349,1.75801307948069,0.436218264250191,-0.304845747856576,-0.499711303525853,-0.3172184650691,1.26610569675731
-2.27751680905183,0.444118415337108,0.123929661628826,-0.468068511988639,-0.980717423236641,-1.371064736149,-0.882851921448451,1.79105092637339,0.51143216813011,0.249322313457023
-1.21319697592924,1.30142969944769,0.203716770667397,1.29797615962243,0.886862737769988,1.02970480859645,1.11411376750323,0.945654082457876,-1.63547713716813,-0.309626778224306
-2.13993487902313,0.00954582027426067,1.08469320924913,-0.183050707357307,-0.61498974626311,0.483028176936096,0.263712043043595,0.73823909831655,-1.47731291842886,-0.52297204059686
0.225509062827377,-0.0143116475293905,0.602687308576174,1.45560612432616,1.13029490705405,-0.943357239263742,1.21428855794314,0.608071064489399,-1.58782055856404,1.01578453630745
0.858418402297534,-1.09044374598459,1.84020333125724,1.72959258098929,-1.48977173603323,-1.30298889974798,-0.642868239043852,-0.895878261020189,0.833531525838453,0.596802647388374
0.0411038439561023,1.9761514551929,-1.44772932922751,-1.08431422964781,-0.459829927249658,-0.154112069608226,0.669659088808881,0.654723031677229,0.0564695500988666,0.000895074166838824
1.51121839244333,1.15105114369267,-1.60261078003258,-2.09545310311466,0.350767317799019,-0.219000386169195,-0.656462307758411,-0.80282681200012,-2.1825954000293,-2.6560825236936
1.13242443010693,-1.4728690169939,-0.256871882740791,-2.00976917854831,-1.57783270201694,1.87221244147763,-0.286674084492502,-0.536834262414474,-0.535568828089718,0.615427925495464
-1.83440596246045,1.28774394625314,-0.530861839350693,1.34212305788026,-0.846342256659148,1.32114851114101,1.07817681046776,1.00130318415511,0.783811307558209,-0.21737101583808
0.0333517417990144,1.27106199162955,-1.10946417599093,-0.287440549266057,0.59320249803057,-0.726947278762731,0.548307178500693,-0.0440365732597182,-0.598739722983107,-0.12118882839482
-0.485902661115378,-0.721879516497151,0.599452023425677,-2.13019494364032,0.219292187161796,-0.137813080048489,0.132195811561131,-0.303166060041138,-1.41928558262501,-1.41803523585597
1.17024277270157,-0.643197384233987,-1.3996574546535,-1.46702042982546,1.76811161612691,0.153875813245621,-1.2185156010065,-0.0891089133887693,0.922581708213258,0.364766129877497
-0.984651233531154,-0.450960096199438,0.824988346290384,0.146817479930425,0.913008042780704,0.920673480680821,2.27320313294384,0.152633683529525,-0.144048850903803,2.21560712405788
-1.52068821218055,1.15913866542935,0.396272318633013,0.0327488573609648,0.0975543032430906,0.105992177313591,0.994819834432767,1.6966808205121,2.82968648150665,-0.409610899420696
-0.907674845024962,-0.125931191769202,0.157476270253392,-0.272331972375138,-0.272894988986382,0.20923487425807,-0.760606535225336,-0.176320478383744,-1.4986944502727,-0.00893432782999129
-1.40154356541762,1.37479818995325,0.0167382727970047,-0.407450838072315,0.261258160018582,0.510484374612676,-0.570237306859569,-0.0942780450824752,0.0217918044572438,-0.331511870880184
-1.04795672407598,-0.417980445074094,-0.780398670888158,-1.64456187639553,-0.0890452120345307,-0.570456085893928,1.73016114786842,-0.174519753093455,-0.222637033866549,-0.450655173344234
0.552968639366879,0.0626253697563062,-1.2233938769722,0.0767051630873111,0.892869184809005,0.672916378639556,0.437366880848758,-0.753038674378142,0.0533505390585242,-0.791332946989673
-0.538065803807828,2.00984965384759,-0.701196585645037,-1.56518510677012,1.08931224178485,0.57414211547392,0.994190773469838,0.856264473307204,-2.72537558670586,-0.142193134738445
-0.545033382976482,0.0399230677084845,0.471420766004423,1.06961032114219,0.19793011331776,-1.82331343549765,-2.42225565898526,1.71383606170766,-0.0883748746885356,-2.27798501195165
-0.55188252874956,-0.0581209404471495,1.95376442926213,0.700771904023497,-1.05356236166197,1.92736745923394,0.00460627588768051,-1.21256126852579,-0.861630930580622,-0.805636192708214
1.6953366064132,-1.2637743204879,1.73230995615851,0.0519961304458206,-1.2009749360172,0.532621959946099,-0.545599922899175,-0.35655684189395,-0.72614599889272,1.16427450912311
1.16295083969724,0.118121811409664,-1.60523980078037,-2.30888492650286,0.509919868883345,0.323988882053698,0.758554296364755,2.34484647948034,-1.6709329119033,-2.77136474582981
2.47641220852588,0.767133433748678,0.0154282283475615,-0.545356930064276,-0.529475601781292,0.510426735806757,-1.57551268864556,0.206397326583129,-0.148629761424013,0.167053374963546
-0.522101899933579,1.19292152169754,0.757868914584793,-0.836405848975092,1.47488224658272,-1.22044912499643,0.948257673342703,1.55579941480228,2.01260617447666,-0.700096933564
0.180212822290165,0.551988793379589,0.0405291072984292,-0.187350775160382,0.923393529922211,-0.329458062971016,0.405180278181301,-0.911145077135117,0.110710813437809,-0.98583320520714
-1.36528208774249,1.3882361380327,-0.803070398626731,2.26533097118282,0.771040673219599,0.0995875290893608,0.927615065302847,-0.899542487110974,-1.60878745173184,-0.626123235029752
-0.734686009799124,0.651452717963636,-0.125364203577372,0.0517098650968585,0.0772233853921272,-0.234799899445882,0.199839468496594,-0.194523121368871,-0.252373996915866,1.2169027448177
-0.674222204311851,-0.0868078500318006,0.0924328402831191,0.701790986044682,-0.25851386814725,0.321124966182369,0.0175551486907066,-0.470299757217297,-0.940295740206851,0.301130190763552
-0.0181652978967811,0.43761955782015,-0.0588424774411127,0.0756339338025838,1.93998796626259,-0.840963867492804,-0.473753665147377,-0.768583767541141,-0.604512966247903,-0.719530036100493
0.105537565088659,0.688835973530351,-0.869325959536236,-0.970209012769934,0.233935052856272,-0.988123384913366,0.249654805713353,0.652003004065172,-0.455698074683001,-1.51666068640713
0.02590900557604,-0.578839115821939,0.509334537104527,-1.46938044671681,-1.92719668144421,0.964674837736947,0.433674441637346,-1.01320281771795,1.82135381437434,1.81896389737017
0.166078123662262,-1.2399840917101,-1.66935986592982,-1.45734480715912,0.105307784388318,-1.25562727816219,-0.712386190238074,-1.35115900047558,-0.889970777788175,-0.374197969627914
0.616044364970339,1.00501279817458,-1.16640649204703,-0.659757430294226,-0.0191795790191176,1.15617465718772,-0.548515048122258,0.489903489888676,-0.399203692491905,-2.14815813585079
0.0377785669680705,-0.142696764109997,0.57442563518974,-0.174399897320861,-1.7987670100337,0.999997827979007,0.695827966732563,0.636693056129957,-0.937727636072159,0.489094320551662
-0.265418585273795,1.58711575725706,-0.624746706805144,1.38274691725068,1.18142995591956,1.18281340036279,-0.251942603660704,-0.377645374799998,-0.722089076096344,0.0561611038506095
1.10328994384034,0.358260910947919,-0.961362144878329,-0.454349420118726,-1.85843259439612,-0.057311220555699,-0.702902304087711,0.0613331779234827,0.361341433969342,1.1744911718431
1.48618768626739,-1.15903272612557,-0.0162052400948986,-0.861918475430526,1.67980873914191,0.923604174420783,-1.80541574616978,-0.909846398126279,0.63253210142802,0.405295260239816
0.00212452277463905,0.476055215469405,-0.0169983973277869,-0.0735053378118791,-1.28187126058026,0.468318913419383,-0.929180130864531,-0.861022905140383,0.269772268604447,-0.133161200397862
-0.199754707858606,0.726862520524685,1.10089488359818,-1.40864849218163,0.920862654882022,-1.32627024379902,-0.110389023794524,-0.391962339753925,-0.405574056988605,0.550452314368455
0.524462629549294,-0.418910363537988,1.34431970937765,-0.757297218168187,-0.528731802277318,0.796745831951548,0.0813729278620064,-0.142383206807255,0.127340965930965,-1.24339265583398
0.613360094133987,-0.0528024033158035,-0.888511142667956,-1.09622950047348,-1.68714017295633,1.05122880209296,0.275619249751518,0.299193621169126,1.0506344462063,-0.747956639484261
0.395115298926382,0.667217879941435,-0.935559795088475,-0.601688279566262,1.43866747705802,0.461536107526319,0.00498643198124569,-1.53006600064863,-0.976851102137457,0.707376171310255
-2.15536385950164,-0.439766974905506,0.371995870127368,2.62205452164761,-0.119378716622358,0.108090690083354,1.81243932332033,0.618920597372344,0.887249453130708,-0.95185629192087
0.921342828080337,-0.513670050874144,1.18080652976126,0.0575727053663127,-1.5200767996105,-1.01168740467871,-0.387317251924206,-0.222017337059835,0.412684478115221,0.166532316253781
1.04820589461477,-0.17911484991528,-0.609528195820453,1.59418781306456,-0.680561587008366,-1.32520888310394,-0.0614751842256377,1.29232853161928,1.34420578877282,0.477371591275336
3.55665720687389,-0.0694480635837287,-0.804580703602615,-1.5224842595888,1.65607429724939,1.5160708141742,0.891658453781576,-0.412209022583428,-1.05550729368832,0.527218271238938
0.414908671909519,0.195767187222467,-0.36806673227328,1.10923059220986,3.19090867217396,-0.780044909442323,0.369230848966646,-1.28720408708605,-0.343163268817092,-1.20538994453951
1.38102937183068,-0.486594896879033,0.613430288017583,0.661356663384126,0.271433866182038,1.30820865325479,-0.419176764662501,-1.22593247642868,-1.21857051749281,0.784256178328118
-0.893520657471164,0.760981440792174,-0.583066875794144,0.903881452846422,-0.20306169821086,0.628247844045884,0.570626594030933,-0.441752947409067,0.320699070154897,0.354359741818779
-0.973196770562935,0.326932483111112,-1.7313757698956,-0.0280544851390615,1.40010288312094,0.172569920778283,1.5230198572441,1.78451701480249,0.242995962029091,-0.823661300179263
-0.591895101405396,-0.178657719823436,1.51346164459753,0.97512364375861,0.320310263945871,-0.637225972905499,0.551967172518323,-1.88184032494365,-0.88660027918458,0.99020415692025
1.02385353901505,-0.640350241085957,0.818259232458768,-0.42774085693369,0.616509439263695,-2.01536455276788,-0.0131415269192583,-0.751516744402204,0.0827527750806363,0.703249241986506
0.37879785792496,-1.0582033886027,-0.103879897611547,-0.516992350181081,-0.488320179844715,2.11794212490312,0.343163788093485,-0.841590324161836,0.622013284688102,-2.22012575380519
1.15714199774187,0.449282659796086,0.283459091231166,0.237316865837796,0.392133800326973,-1.59053985742259,-1.06685161676878,1.33556970597338,-0.842165261635065,-0.355667970561334
0.670777837713219,-1.56388862784487,-1.32290838049054,1.29514021070347,1.07922105382,-1.40278504791163,-0.787718800481951,-0.462150826961493,-2.02647062907517,-0.0961008871540371
1.56811990798144,-1.13543165671581,-0.109687073657485,1.12556198030691,0.668867117876643,-0.324573576670393,-0.877037807540717,0.734232852722433,-1.74751993992793,-0.511886608220459
-0.255530705428036,0.761589466063233,-2.87949929166513,-1.07138916691518,0.212146733205447,0.964283524786583,0.803524729918881,0.528022012960607,-0.197374866896635,-0.752518550231386
1.55483189485109,1.21552849008654,-1.49731911389265,-1.14906179223659,2.15286811078743,0.493882488975038,-1.84946686148368,0.305400273895712,-0.805581281445813,-1.22480207416876
-0.917098521318841,0.638884493894542,-0.409539322116765,-1.04448129942109,-0.348669629547225,-1.1812358518071,-0.140981645986238,0.613103177958044,0.351116754076902,-0.183859361786521
0.890309403844344,0.398408831798452,1.07880126345418,-1.05427943318498,-0.228398312019842,0.771316155531869,1.78300391653148,1.79050996503686,-0.267868549095164,-0.561966798038536
0.255316665469502,0.96070452904385,-0.173108156072327,-1.12446862636745,0.24810862056371,-0.71448286884403,0.97637881327963,-0.112029543117974,1.14009754164712,-0.237862305875066
0.598951453928296,-1.65476208622531,-0.132049172832942,1.14015777202121,1.24080469105652,-0.783884720601808,-0.0742565097420543,0.934554039016885,-0.0628068224307586,0.124357506901361
-0.376419875106414,-1.56398023810158,1.88736531420227,1.59973227267389,0.891783555610632,-0.150525431585813,-0.925021340865691,0.256215466360571,-0.543251928340354,-1.67121760822556
-0.978855746350806,1.19525104389491,-1.98493425982495,-0.235126989968583,0.938042343542156,0.0512690253780288,0.33905180579337,0.585785021105231,-0.703636312934439,-2.26801213574123
0.532928339257372,0.41296017161138,-0.50062248909749,1.63182890089983,1.30943530855947,-0.524819541809498,0.142444221077765,-1.45706798353072,1.16189962135689,-0.83602180535626
1.6245092566076,0.791425332435617,-1.51824513388064,-0.00446504333277748,-0.425410759532487,0.956277037485716,-0.333186294321394,-0.212101445158268,0.769409015964908,0.825776121610299
-1.18097557834666,1.51169268694584,-2.67214685411678,-1.01366831427154,0.119252651376817,1.29213523174765,-0.863135821397862,1.71151377195286,0.424711446424094,0.854444274142819
-0.158534053119493,-0.741650981573566,-1.16662537034289,1.28805268307071,0.36893273417169,-0.655477059138202,0.300856054016645,1.46985394251336,-0.0223103724446991,-0.38072451892805
-0.366558213250169,0.517621091955278,0.820755823051124,0.274857288088476,-1.19397332774796,0.437045377014992,-1.28631664876492,-2.31971834335939,0.518331928135547,0.72312819604409
-0.690598873358008,0.601111845659313,0.398108337116398,-0.0198580095068045,0.698156621222413,0.457502492837338,0.791905585091499,1.07084884842369,1.35430546348999,-0.619566231058438
0.176646702664584,-0.304943726445893,-0.0884827232880065,0.733266959415088,0.0239636034949517,-0.333292036726078,0.403247780416686,1.21042728815181,1.02164429729386,0.626432250891682
1.1508762576205,-0.173997573449932,-0.270974165641332,0.285543578331546,0.071646785682982,-0.834243053702627,-0.674240989113577,-1.22764430559037,-1.63541568832539,-0.33688022919909
1.36319518068974,0.228636525666678,-1.31433769683977,-1.47193301848125,-1.70650501839606,2.05091685950022,0.0664054083011346,1.30578285781913,0.0522704174779517,-0.190792526468191
0.615345090158056,-0.705008674235201,-0.513216258935752,-0.17466517258836,-0.193396915935098,1.01569024944705,-0.190808520266722,-0.189482427149366,1.25145909127056,-0.230909957161757
0.994836158363511,-1.60386591430325,-0.609797304621013,0.0145131301922498,0.670942108764767,1.1147528304655,-1.52221830474693,-0.730563853484545,0.564587730029294,0.464311169593335
-0.644580332231112,0.282323039827962,0.550978650963075,0.616641245282931,-0.950140924502841,-2.35078250107674,-0.659059637006209,0.820381171839646,0.0830485475498316,-0.771791191356174
0.97843602705022,-1.23290990189281,0.811426422199399,-0.662121326862805,0.76610410809571,0.159778847994679,0.535673913588093,2.00334561689065,-0.626048889333761,0.63614775402617
-0.268854712433193,-0.395740836945149,0.376685986850377,0.00876274107303864,1.37686746096403,-0.203688345608793,-1.19733794180932,0.907777871783801,-0.348641117436091,0.427820329225552
-0.159681142811149,-0.788644250461927,0.155210711839028,-0.473539828537781,-2.3929171876743,0.490566134008225,0.175357726519756,-1.26540549509758,-0.571120551585503,1.13579270940867
-0.729758045880578,0.833325529760453,0.73116241871236,0.783447212034096,0.039829380725532,-1.11055770171839,-0.732342565843135,-0.175162328387852,0.77225241465815,-0.250581374119752
-1.12918364421062,1.06483885425827,0.197358660581166,1.09160709400462,0.0108207679748606,-0.354572528294681,0.790421660915616,1.24859983016068,0.218058930935704,-1.04816752772722
0.0936057793495847,-0.93635152905456,1.63080612796099,1.20997766522456,1.68612603913725,0.409008779815991,0.430601882636939,-1.40128152178045,-0.36466770698271,0.366573178135088
0.956077247645188,-0.633442467104297,-1.28535271299589,-0.497495072151785,-1.75715053299602,2.252330367995,-0.167896440262121,1.15044253445901,1.24960234367597,-0.734677774380767
-0.406207453403592,0.594621411646137,-1.54161277075432,-1.60884587241885,-0.655022880566092,-0.875876785905705,-0.55289114222354,-0.993341407011332,0.536903321673548,-2.27830590552056
0.316379610127441,1.36947315205879,0.523541718023688,-2.55464373839097,1.35675386543071,1.30071195349445,0.682463245421278,-1.79389537156252,-0.801244831297143,-1.17320485035485
2.27916833776826,1.08381083369293,0.178698194919665,-0.201623785533026,2.39679008893114,-0.0285402614036045,-0.464287103258143,-0.736806435555305,-0.68049848811248,-0.000751257759051396
-0.614055334827735,-0.195172520665112,-1.49262255150227,1.55405484384174,-0.920942479503199,0.131717028060624,-0.932494047469373,-1.62291282990057,1.79128508980578,0.0862465495979973
-0.419243433548586,0.251048374744488,-0.882250905329414,-0.753939604814426,0.621819197720489,0.245129125662678,-2.00376181615778,0.413872110047278,-0.382497985445921,-0.919407369449736
-1.62627819904645,-0.270717145243052,-0.689806698136251,-1.09540932824846,-1.01707576374748,1.68805155953077,-0.303162405403909,-0.0418533985833893,0.510328682848661,-0.00188965390364132
0.589553794441392,-0.166010267295789,1.32240998261371,-0.795353041884372,1.40480647969655,-1.38005216660999,-1.32939109338752,-1.20367631033605,0.277169245815665,-0.0872849257794873
-0.845870221792058,0.675704473818296,0.847079535867405,-0.877927908826332,-0.307845029287742,-0.157256710670347,-0.0531704830700881,-0.943288671347544,0.583250570507002,-0.365661072676264
0.288504985193806,-0.886045387276851,-0.122734246454071,-0.466711010784774,-1.90232626718688,-1.90434525943884,0.730366776936421,0.749492324728441,1.2580696392276,0.685207874099478
0.59701018955941,-0.223489236999705,-0.150609340412824,-0.430357451623442,1.04406087358732,-0.556926462800414,-0.779537005339272,0.87237681633497,-0.245629590705175,-1.91118400483003
-0.926266314326441,-0.833671491600137,0.480003379600291,-0.587016711608916,-1.34370470841581,-0.120570672240048,-2.22570838043022,-0.548731250826278,1.09012608720891,0.862518904289061
-0.921961547965328,-0.193990342885134,-0.848723902236685,0.739543097043038,1.91546436355629,-2.37735726557261,-1.95196917720419,-2.05069698220567,-0.0520134381559645,-1.68030609660318
0.421606088688179,0.0374041277147665,-0.57918332779972,0.336753538594327,-1.48441318311901,-0.973926135862257,-1.63721599368286,0.421956411092259,-1.26134662444285,1.25930127499829
0.632380756903647,-1.1829914537103,0.317118625119544,-0.743452079908534,0.38796006179106,-0.51940412436947,-1.17431616779661,-0.497670557296062,0.552328926135817,1.76084276650933
0.172471916492303,0.760514686567419,1.03184450295278,0.530579530181507,0.992874894525456,0.848235946079679,1.36049389525022,0.648564752464966,0.34032117454914,-0.117953392790904
1.66966503964057,-0.672354379134579,-0.154998526881534,0.0845259736856064,0.0395247548115186,-0.121603390724921,0.976516005620412,1.31626165527441,0.908102864601566,0.618259534999592
0.627365787278982,-0.289376681403266,-0.466888524699985,-1.41532718240516,-0.604686041340697,-0.662493197720276,1.58190585186231,0.0990825712524712,0.684354265888337,-2.08767746868075
0.874071998234617,0.0486168668183684,-1.06569673193685,1.32996347475401,-0.872389043032132,-6.6168324653843e-05,0.218774792219322,0.123222336630777,0.385632728858341,1.95796824144326
-0.0198446687838084,0.298898940123964,-0.898016681913269,0.817674468642494,-1.48862657491342,-0.150329600619486,1.93252103515355,1.42432342532215,-0.038221439612982,0.9033122615824
0.368675721347496,-0.384550648073349,0.309967578374481,0.0454196885299483,-0.190815680798647,0.0148071166132227,1.03298852829455,-1.40682393416292,0.253928808785379,-0.0603182103452088
-0.432024997241938,1.26200683947997,-0.353554523020706,-0.383054547462801,0.249909484668366,-2.59798773477515,-0.788381664716534,0.0424431909381966,-0.342004219108752,0.221080970541977
-0.603401074574352,-0.0668556852048212,-1.23952465750783,0.264443865151876,-0.423460247731478,1.56237156484467,-0.634406103248161,0.543643507412964,-0.442100744436448,2.18597341812839
1.25549448794759,0.0959258063304465,1.90638107248666,-0.429677633583058,0.765681836928765,-0.237577942327551,-0.757481630655374,1.56160821306769,0.0818137603193952,-0.633860594707714
-1.98917244142829,-1.04500449235032,-1.21940088291106,-2.04368449046149,-0.174223293049936,0.111160636529914,0.501418717530968,-0.35438031397411,0.195822164154746,-1.7340397680332
1.18438495926331,-1.53386168289728,-0.45458994285532,-0.480676303318436,1.24791408872119,-0.645655138531317,0.843744540536831,-0.746852527014364,-1.34917299859693,-0.659934159042849
-0.0954447008186167,-1.57040083223737,-0.924854735141277,1.21994375620366,1.44391816462939,-0.959357934268195,0.169343279605285,-0.242422437736082,1.27944171318601,0.838624936021642
-1.57897548202336,0.476538961629702,0.461823965902126,1.56735786760335,-0.175731013783053,0.197426567223434,-0.751370265404437,0.982309990737969,1.41887078247009,2.50985978911443
1.19187034688015,-0.337904279372709,-1.16045541396471,-0.0512140525111859,-1.73103064678123,0.591033689400215,0.393486276876343,-1.61450287563266,0.216053846552253,-2.21216985400345
-0.133977450988018,0.643587059131853,0.69295623518581,1.38011113503534,0.246470255922385,0.158232749208447,1.89796154711419,-0.0475515357398148,0.333346975012647,-0.441765721372195
-0.147065312895755,0.609517719547205,0.242788911973886,1.135889040753,-1.84525330964622,0.643907621138742,-1.12167150991397,0.573949973106766,0.695258108268921,-1.76876184937723
0.241117169396904,-0.244550764422592,0.611908905786537,0.0618128940241967,0.237543665637171,0.603963335729816,-0.254596938955203,1.28717045768203,-0.818760936260928,0.42081002457354
1.07954659906417,1.57937841830484,-0.135160857408693,0.125963130428281,0.802582783362104,0.520849418282081,0.204325566839463,0.436166965520376,0.788603976671855,1.38337431645737
-0.44524658639969,-0.433543246081176,-0.0407269065609362,0.659963406983286,-0.71840466341204,1.72267622087449,-0.98940240352896,-0.719787994688085,-2.33696861603572,-0.701405686100559
0.790244870248583,0.0594306793453563,0.954803515449819,-1.11566254577863,-0.898551560927794,0.951513282039524,-1.15336904730334,0.0220121981328646,0.349350495975493,-0.591235504296071
0.195047546243041,0.754869037666292,-1.09642192518412,1.49316524286752,-0.0204123906632343,0.0986643143646382,1.136414633864,-0.0132268950153489,0.444507298145505,-0.592220333484448
-0.270171382228957,1.21418664649986,-0.775285102736072,0.150427742290209,-1.01649733064047,1.67669290690079,-0.149571417410706,0.43536044957064,-1.46894085594518,0.451228141737869
1.83479325823147,-0.97292434738657,0.0674034871418478,-0.0638120904932502,-1.06237703515205,0.082388840107128,1.1674073273123,-1.42780911768281,-0.203998022629828,-0.640925702667365
0.488617611096537,-0.232246231338857,-1.55080023380186,-0.656786751692769,1.54218302117094,-1.01114204512279,-0.248137339302708,-1.65742774007749,-0.411170278033738,1.04617249290953
0.873039037995364,0.260579286273058,-0.940613825497882,0.297956524282642,0.154921512738963,-0.103598276469002,-1.70118555816831,0.433374948421156,-0.655197423130202,-0.909550554064092
-0.176642173822847,0.19700171331984,0.00331385481261472,0.25138199177972,1.58957114701224,-0.950941483861382,-1.87172320625526,-1.71777935956921,-1.30751218251221,-0.881158132193298
-0.0147816144736621,0.896041100202468,0.328372086380993,-2.36089100870322,0.259302881907396,0.601831951493288,-0.518531805720101,-0.0400086039829334,-0.410723911868594,-0.504296929991427
-1.01130366990946,-0.103674132061777,-0.451478550347471,2.44234206760863,0.878967974538044,0.66961211271084,0.233262725178792,-0.16860654542233,0.310911811060491,2.06406200844833
-0.513842406054322,-0.613432191340069,-1.26758011947464,-0.471512726624616,-0.0456898011617008,1.04825848690111,-1.24447959937082,0.343622331759802,-0.592589301145699,1.83986844003126
0.0577892952841219,0.855908353758174,-0.873987097552999,-1.14320304959859,-0.990017034795707,0.961874474488838,-2.50656334439244,-0.40252357787597,0.851646161314974,0.531337142127216
1.22292760407695,0.9568804995878,0.749726573906297,1.17839083602769,-0.593529654519713,1.27700997755905,0.207699897820548,0.813770119822454,-0.89842806970119,0.209144233086087
-0.331272703663929,-0.927697946726306,0.780275913715392,-0.926400847888389,0.164263270480624,-0.132851732365365,-0.0739474175999541,0.194698467180514,0.353266422430741,-0.734884212745647
1.21618955201263,-2.15182453732374,0.95254258395359,1.33565942728673,-0.310403723241499,0.0190782494436523,-0.104289781062202,-0.961572952304345,-0.128703493978039,0.935045253292423
-0.544319262441115,-0.675243896802263,1.45699370321324,-1.32801850952062,1.97836908942505,-0.756536793274861,0.0149306193813353,-0.4962905321218,-0.544397247777005,0.286357313372896
-0.23994526026082,0.812436753653893,-0.419616694346343,-2.07782073569458,-0.42794037275847,-0.821477787806633,-0.738914064676989,-0.237677881492002,-1.44029006797302,-1.36478969015733
0.0624137986747342,-0.161550447049844,-0.221223728629523,0.738746694609731,-1.71332016430424,0.859527141019698,0.937481451529813,0.432591781982961,-0.402980414135578,1.15663334240334
0.120831402792984,1.91304423460079,0.387630124649483,1.01248192750549,0.500509301944768,-1.04042088703844,0.702066809107035,-0.471620989980166,-0.0118896519595346,-0.644084602403444
-1.17030165402809,-0.794175172075754,-0.856053492295172,0.376904831718916,0.410098362822559,-0.447827862567238,-2.56199116830733,-0.7448548231606,1.73385624724578,-0.228759151531407
-1.07664495912764,1.73079817428957,0.276850955657131,1.03217989876553,0.797650413782842,-1.15936760443232,0.919063126401472,0.494831897264375,2.20484389005554,-0.271956071445738
0.112706556601539,1.61132075545241,-1.03252913101629,-0.0976966362281598,-0.137723060251821,-0.0303721276200719,-0.165463392694977,-1.32189890414926,-0.273229165806208,-0.193054269958594
0.570345314263932,-1.98528191426359,-1.40948514465517,-1.06548870909916,-0.34914681885601,0.555424313874365,-0.153885562848918,-0.637100771999217,1.25508591349849,1.33086677231012
-1.1986546184764,-0.4659828327388,1.01262690631945,-0.287822799494497,0.230775090310811,-2.16774846826131,0.519251382146808,-0.483166305668516,-0.441685373445921,0.554020035175491
-0.0507008367758118,1.35354106396734,-0.226211020992238,-0.522369810344731,-1.71746465466727,-0.751718305057633,1.59078734810158,-0.0553010921234056,-0.273888380812358,-0.939530298012199
1.04634628610421,-0.206657749089566,-0.731235242346427,1.24196046458991,-0.281034528214586,0.0166675727199011,0.39369455734886,-1.63051253318692,0.219428015022639,-2.92188389360238
-1.18048099533562,0.0995711632455145,0.672742849314931,-0.922333620877444,0.339896267248515,-0.199485135464315,-1.4935443696007,0.401692539224863,0.630553291518607,0.339380900299876
0.843664421893893,-0.0175700738635949,1.06973916876101,0.192089023877333,0.835895934846567,-1.33812978305725,-2.35788584291342,0.0265893837894345,1.34415570955125,-0.563861963057415
-1.41945495797096,1.0560013848617,-0.425740947651017,1.04334936398638,-0.692212759568769,0.357866584496906,0.760918423165468,-1.16903488954602,3.17359120934957,-0.667694893909024
-0.36573200294718,-0.300315582070297,-1.11121739413705,0.0484191101489359,-0.274631486849648,-0.260219971076153,-0.361860861126207,-1.29313195059109,-2.25683702677186,0.0658656290132409
0.507967807218487,1.0069116381132,0.706523934775768,0.529118647774052,0.421490342575825,-0.842165294039777,-0.277293174853804,0.884549673352914,-0.249100554636659,0.556872185093302
-1.29340755356469,0.716294572476538,0.346031047233955,-1.46945174999727,-0.686268974700421,-0.262949740827949,0.306879288406571,-1.11741944299834,0.785842032853885,-0.156472068348667
0.616486223789648,1.38083609818208,-0.565882340293218,-2.270833925589,0.252956016754921,0.59145722123423,-0.588195467900795,0.13397145990721,-0.0247950757310746,-0.213664734234287
1.11990065380236,0.214230972774734,0.0851044240640345,1.2393855790808,-0.253817312455955,-1.39472894738512,-0.653704778241673,-0.943769457608988,0.847355125597658,0.906711475118206
1.17395223304284,-1.19420638665275,-1.09870490976035,1.33484054352237,-0.0745391665310109,-0.538519015775321,-0.432759543176575,1.03376028208482,0.44617686929177,-1.92414988117809
-1.44371837642891,1.5476373911907,-0.435195916021833,-0.344280254332528,0.189535846251895,0.177154882918904,-1.34351882922169,0.369707247362807,0.524937950411534,0.632956826831354
1.35581659534475,-0.190483853180436,-0.0672855873253819,-1.18123204890112,-2.24019466695463,2.0085192692577,0.11640977997545,0.0204678931510422,0.476550350758178,0.0394582595348357
-0.0479104732051391,-0.249338736277885,1.58000340057214,1.01281908217418,0.176355566340581,1.54085757152864,1.5792622667248,0.457262714335039,-1.07001578947381,-0.249491098853126
-2.18039717815399,0.93026342068093,-0.968899099121064,-2.15879322558628,0.58189255105393,-0.812527317703515,-0.301466929362824,-2.18106971163706,1.13703838197646,-0.00842232595075397
0.0664289563555037,0.857656843633887,-0.552478400237056,-0.866678097208047,-1.40838194614388,0.278712541052925,-0.154845335427177,0.678171908535408,0.426912653972642,-0.210675508428041
-0.374055838922495,0.63647585802855,0.3274655150649,-1.23669380477644,0.941332817789838,-0.538391870876993,-0.853162279324631,0.339468985314673,-0.848887127280226,0.505213027411574
0.551918453664379,-0.891502279182582,0.576400643495122,1.37893153787254,-0.760361813518503,0.647445602261593,0.261942973058804,1.95771164721965,0.667518604646983,-0.297556238205207
0.738386420609751,0.524091673553571,0.345183104362084,-0.573140639043002,-1.22820664571947,-0.879366100188192,0.456418188591196,-0.496993803384787,1.21481402522905,-0.91447500051091
0.788952557050105,0.464085297575577,2.09744379676568,0.346789093423592,0.253517772213956,-0.154671523466325,0.564591874377772,1.20573242663622,0.475086960769533,-1.48319216500887
0.425292747537373,1.12559510640176,-0.426777799989322,-0.609567109311339,0.712465844243355,-0.921130075161076,-0.37023322026392,0.528785433033243,-0.247294701995032,-0.910848536904187
1.42351674018005,-0.039295500487422,-0.606149615605153,-0.493917217859005,-1.41149134191308,1.13805806209828,-1.71952925787701,1.50654612826066,-0.345456561022703,-0.361813543029099
1.05928850654399,-0.578597789542158,-0.387185410113466,0.130483025218972,-0.263504407099663,0.788002821454381,-0.223621541786028,-0.409067087883319,0.924092226258878,1.10312795690621
0.0587595049024244,0.355187728995086,-0.581779251618769,-0.150729813359067,0.818148746173893,-0.159128482396641,1.98793363985554,0.0880638979983508,-0.607024351020051,0.114182540785688
0.0150352184406534,-0.42472245700039,0.163088456641398,0.308594169918895,0.401075175645875,-0.617489185721117,0.400276471593395,-0.139086492947307,0.839512082586205,-0.603111727278344
-0.544194203357981,2.27459120945115,-1.27756844924372,-0.453949133423199,-1.74230046565647,0.193292978851263,0.217697301400424,-0.0135200696656899,1.20049601241873,0.493226278981308
-0.182997585191075,1.00830432647489,1.66806292839361,0.938979427230152,-0.244815515670125,0.795930405262967,-0.628011080534134,-0.00379454855193841,1.66007946479802,-0.0568092176731792
-0.853900607872488,-0.982809965812675,-0.0323940594190858,-0.435842908533191,-1.07154370731375,-0.131325275409126,1.44804767656101,-0.490610498020017,1.07640352832119,0.794420491686635
1.37479512347451,-0.323621520096558,0.121249281785553,0.0813968728434058,-1.46545484097971,-0.0831955435350099,0.0553377087748611,-1.18198161722508,2.83075574295774,-0.197994630764503
-0.45017990177022,-0.0904616536755895,0.767072783079991,0.920055900258925,-1.6117538867624,0.165420650030651,-0.51988346396947,-0.0686863722917311,-1.02140785366223,-0.257506954067024
0.422855533761053,1.17789865153639,0.144510288133053,-1.71359525921202,0.571976806265699,0.00125328838939377,1.04021077050302,-0.111435778886991,0.790116381347683,-1.32983019638142
0.118408778567143,0.579289321507185,0.368074900583675,-0.176063761620803,-2.1671924155611,-0.00854182191555488,0.641115692363488,-1.13305603171091,-0.27758930227689,0.518680338061523
1.13806705289234,0.258710957520323,-1.14470434888729,-2.32181768820104,0.765236443547701,0.598288896164527,0.441590935156058,0.175005363238751,-1.44124406970421,-0.444841990309572
0.884523901950811,-0.440640457651641,-0.808940282885066,1.05062671629433,2.33119362040125,0.588847835681498,-0.724695172159726,-0.628277571955116,0.204471538424103,0.853840192384562
-0.0598091065242505,-1.51752703688179,1.66834800552837,0.0385125378308374,-2.99580112476284,-0.795720375840822,-0.87702912988505,0.544634566542593,-1.03397135599525,0.791957902289733
0.268153156401517,1.29277173555459,-2.2024723748631,0.0890257159957969,1.25382759526953,-1.56785777286331,-0.365415000053842,-0.748036685858694,-0.4115614460417,-0.146065364293139
0.119794230697126,-0.433290604371509,0.251025420506358,1.11033894428076,1.39612117518743,-0.413180665185782,-0.350770702127741,-0.0350385167636984,2.38171775429288,0.590024004822114
0.041157745012376,0.296747382189936,1.35344354955668,-1.22788808003854,-0.10482091248616,-2.29831334133045,0.716234554969125,0.0788377154357033,-0.470983262730938,0.644419482159452
-1.58205501710926,-0.0651893679811959,-0.516503542497321,-1.14430787687438,-0.274334171827977,0.551845282367953,1.62966956169298,-0.193237561742382,0.724032115798888,-0.527050087460754
-2.33036322707454,-0.189301311118082,1.24226784561356,0.681924455075234,-2.09843637381714,1.26266182923504,0.850833593511368,2.07273364378055,1.51225746038921,-1.04871719645697
-1.18620717379445,0.757970131931721,-0.718940084614781,2.48900590262024,-0.207883719177096,-1.4848637723556,0.32672078367603,1.66249547145366,-0.16161606906401,0.374367125743542
-0.828825936602429,0.826563149318446,0.230415096082541,-0.425923803772741,0.474024927319036,1.19166765889079,-2.06525618919757,1.1374616689707,0.799371191372401,1.45161568547451
-0.690732574791219,0.171471317166146,2.28553902878195,-0.394094008880532,-0.369241763358405,-0.91651122101495,-2.00023583838438,-0.407370665436926,1.78940912156073,0.586922938204547
-2.35577999035867,2.27806920012945,0.362297627440236,0.739637237109043,2.73011501891891,-0.472771357137931,0.76713418479358,0.000137877878847356,1.35931881597141,-0.817843281174155
0.414367862337419,-1.36934630471724,1.14160719302324,-0.473829479909656,2.07198336428806,0.584361042904813,1.44080897887663,-2.06595220609809,0.319528468123814,-0.455368027677178
-1.55866783491669,0.17573699712525,1.62819616436218,1.3793014636843,-1.97508647591543,0.492145004987606,-0.045367335299818,-0.855228812540793,0.102071775338166,-0.249136749440761
-0.22529881979154,0.296140675901475,0.122584765547785,-2.36126125436575,-0.243135297798743,-1.14396135852086,0.105863750092607,1.97903287037271,1.03959298840459,1.85647323984255
-0.382968644182691,-0.113930420760417,1.33221061477214,0.64126129665225,0.242437884243355,0.786395285931652,0.512808697295145,-1.35063696749284,0.218967473752013,1.13140073415408
0.451643800925958,-0.593419194315803,-0.0828563944168608,-1.52115095746134,-0.604262033358302,0.710195876263529,-0.0875277963657385,0.122323619699277,-0.371520716291132,0.275835978171688
0.561786191010505,-1.22726945755552,1.62899117568941,-1.52748780602057,0.780020586342678,-1.52188568495565,-1.31559879511607,-1.72955887397577,2.12090148067638,-1.43442438349146
-1.42223704342063,-0.793867337941833,0.283484726439821,-0.0776830631560156,2.2829960477658,0.838981218122649,-0.143464246812228,0.370560355758675,-0.292074917635337,-0.399091828961273
-2.38562348201319,1.6489067898808,0.924141292244096,-0.436605615536447,-0.222882076101948,0.688328785339997,-0.239388585152841,-1.26525596258645,0.607321516662425,-1.85918224376475
0.162209512809553,1.3533743927822,-0.372888740136304,-1.34068882501098,1.21596916659655,0.393120820043786,-0.373584700999119,1.31561498253331,-0.647617921228052,-0.597703398466478
-0.0889680277501192,0.79764236266492,-0.260373210140677,0.999742877787049,-2.39670319804868,0.477546150239369,-1.31956734976569,0.906825757149896,-0.619938055053689,0.638371373154359
-1.16682245069094,0.150694861518512,1.1882923817159,1.4505484999582,-0.783714447407981,0.0803482935177539,-0.557797151178791,0.0814113356318844,0.0262511579960063,0.558331687939351
0.174474624996056,0.414781988297296,-1.39823701310651,1.26984354969174,0.0758886252299662,-0.697489628689719,0.86845698940584,-0.412577453114471,0.946409912868229,-1.27828371228598
-0.0191754992585904,0.87595693891832,-0.356784231152527,-0.803280863517295,1.60053543054511,0.0418697133135271,0.687504766499469,0.394548372271481,1.686442477807,0.368297641988206
1.10681875589381,0.268372324450147,-1.12595349287842,1.33369118244955,-0.441866436319024,-0.803618285282918,-0.253760419171833,0.501171923680021,0.215325870798951,1.02630847132913
-0.403471499577384,1.25119445075917,-0.818708938194291,0.78662749874485,-0.913716863468399,0.14517566925555,-1.1179584676812,-0.0124815727250718,-0.235160956645968,-0.270713530929386
1.6847037047884,-0.00487684073433059,0.125470301143428,0.10053115502335,-1.00359570487081,-0.22641737500777,-0.569828377065058,-0.567375185843595,0.402917360297056,0.375895217090093
0.859211649960443,-0.805591573723951,1.50869218131854,0.804861344944866,-0.443010863830167,1.00909344757169,0.176509309443498,2.05136698322156,2.28706831019006,-0.148463671817472
0.575601931199861,0.735750874371183,1.52968890737399,-0.497560918572736,-0.848248599903477,-0.290802716353948,-0.190703637712083,-0.213753473653808,-0.487627580985742,0.476380860673186
1.57218551835543,0.60888643675155,-0.670597749391495,-1.01927551972309,-1.8244239863937,-0.431885888298897,-0.265595221126835,0.718466472939507,0.123597330630709,0.331714963317619
-0.418660907652671,-0.353185471659982,1.57819768868059,0.858798599495314,-0.541290091935989,-0.904168706358574,1.39346001606903,0.974073645082647,0.420797160925075,-0.599166940957943
-1.1077991366318,0.407755250562109,-1.37386270925768,0.00751929992048247,0.104142686626821,0.426074357688319,-1.09701791275391,-0.444239443147422,1.92226713580211,-0.470079529504054
0.336339279887939,0.798286879450543,1.38084433693228,-0.881515739312061,-0.721858712305756,-0.725729085587693,0.923860827893943,1.1380425608961,-0.433318762828895,0.92001488958735
-0.699016797401816,-1.22582123758603,0.838579430645407,0.561941803735265,0.752454511644129,-2.18649457123392,-0.577389713026121,-0.0972915076048843,-0.128557268694672,-0.108821491372897
-2.0143305785796,2.83736128296409,-1.04939120670213,-0.646124279632731,1.10901025677353,0.500791398463119,2.73759623498344,0.54186734568764,-0.78757952570018,-0.0852833305527175
-1.60892872523247,0.922648674317636,-1.87295423918845,-0.541830301700247,1.54051614292007,1.0934423653303,1.41599278001649,0.33829060968255,-0.797506975513929,-0.335606099545117
-1.0139886812278,-0.465505055794514,1.08875073942325,-1.8113924559807,0.866513271464355,0.0709767352863726,0.624557918824009,-0.284969855677969,0.0152524305901333,-0.878784341889004
-0.916538640637301,0.483061826943042,0.346313850967758,-0.83157738347171,0.0166044452722693,-0.936403728684076,0.606004136523726,1.58934490840574,0.2834317237221,-0.581294941529018
0.331233381434059,-0.360433295363764,0.00189716097431435,-0.607035714376607,-0.207123218831687,0.507653406848155,0.980768920663361,0.607963154478281,0.105295656510785,-0.875895960183062
1.10115080925111,1.20017516849752,0.919558527505198,-0.396030270959987,-1.31278343325335,0.799263304791307,-0.257294842835238,0.0960738495340663,0.643485833957781,-1.32541575153163
-0.162230869790341,-1.74119805501335,0.133376663869914,-0.432025622101975,2.28553949160902,0.62538749096005,-0.792896770239571,-0.799398003817344,-0.744991574192679,1.6640804283114
0.0556022601207071,0.874973519446515,1.49774354609545,-0.286100187403051,0.245892213668162,-0.644713175942307,-0.573959467455764,0.542789012409612,0.462744569762705,0.429089715904682
0.160425746561838,0.204133464358688,-1.84575420202519,-1.25410308053414,0.610057672119471,1.33037535072044,1.46439865212803,0.775100725209264,0.915052687838581,-0.982971793170264
-0.447227944375097,1.73699255010769,-0.675946185463522,3.02794431964003,-0.1657205786921,-1.87808825161648,1.23716552443158,0.620026639372761,0.19566531044222,-1.16168034022062
0.778918467237747,1.05411387596376,0.707184931495804,0.501901790559878,-2.09492145860325,-0.656477307989739,0.246643526340691,-0.803323007263599,1.59223534636432,-0.925896037467352
1.17055465828532,1.3668218246799,1.5804393458564,-2.07051270810852,0.330362093687707,0.867591281482138,-0.951936200144079,0.833951407361623,-0.0860212904764383,-2.00209478390085
0.160191883285127,-1.73117813036887,-0.535790995033082,-0.61566483126426,-0.652212754944419,-0.4904151420928,0.345462635375297,-0.0953252441701593,0.0855032927114508,1.70174724684523
0.525020345892727,2.1606571927824,-1.52133843806509,1.93046923338658,0.323464556099732,-0.484867457538043,0.675391707892163,-0.725431961722437,0.154857260366605,-1.04954077242203
1.83608517389869,-0.144735290681972,0.375052899719927,0.322269199789593,-0.634718233263433,0.809078391742908,-0.628710835295499,-0.0189467044538609,1.17812411358453,1.39127596026642
-1.75311800205295,-1.04492630295738,0.4843075817219,-0.205862242940495,0.539837007166409,-0.234737903929724,-0.375405563902581,-0.183090692429392,-0.822656853955378,-1.30716481582725
-0.745843045953994,0.442228305273088,0.270366252440163,0.558684593866074,-0.698312626815998,-0.983302941262226,1.23119970235318,-0.500811598783147,-1.49151308526589,0.226891879185297
0.878105107120031,0.587046897879573,-0.660278090317821,-0.450721994033444,0.554463265229157,1.62249896738747,-4.00397293417443,-0.439497345580959,-0.455981143267835,-0.317845852929026
1.63155781194795,-1.98004087395246,-0.201987076734748,-0.430256588126132,-0.576873036782724,-0.0660937305181572,-0.166250870633184,0.126897686478389,-0.84825819829415,0.820732483894701
-0.830497840259461,-0.954849356953392,-0.0149043099360865,-1.17083491004671,-0.0247672275637816,-0.992518360180011,0.371274430141772,1.5691671560508,-0.141716224924637,-0.248579690683128
1.44039621238429,-0.233843644488058,-0.965765654674962,-0.613593014233342,-2.19474462393494,2.252108135575,-1.21301659715519,-0.489121366459878,0.0939607418785847,-0.884572863609352
-0.886986522376245,0.278547585745077,-0.870225308416851,2.13335183626089,-0.222017531283487,-0.67060422421824,-0.711535823864791,-0.669952862250316,-0.721392897070128,-0.498047722848571
-0.740415449274185,-1.61769452856052,1.27262951934737,0.406466447233311,-1.46302749875024,0.560600189448573,-0.856795610668136,-0.69056387661849,0.281322605036656,0.196544642423167
-0.0966920431645441,0.112602871296687,1.3434185330904,-0.165996328725655,0.494292168178101,-0.844314476717301,-1.00898630908786,-0.451901397110227,0.923101990284361,-1.45309917400616
1.16789623672865,0.194786072944811,-0.155308124990316,0.367062916894278,-1.03162142820059,-0.942852414917786,0.648645181708616,0.708695990913565,-0.852808826017804,-0.0921756427638374
0.971448477144345,1.0444409394413,-0.15529030953847,-1.17328269212566,-1.25639483046921,-0.482360692427902,0.994265617138715,0.198362572201753,0.368163792227766,0.250363988815053
0.698724264782578,-0.51612288065445,0.141324717466883,-1.43247478800996,-0.144170295282986,1.44091298375186,0.600736491971535,-1.25809089418348,-0.745042853563078,-0.964015718769532
0.729855568389011,-1.2801284081413,-1.10772664030218,-0.19092788498638,0.329815734730452,1.43204410796668,1.10540406533454,0.637045264364962,0.608179955058949,0.874537065934402
-1.21499075182724,-0.742845778997852,-0.482004793879465,-1.41657418055254,-1.14989050322007,0.0505988474945135,-0.0945398700645854,-1.21939325547476,-1.01848430845578,-0.205787697923444
2.19852763578011,-0.00375077841348883,0.353951346301643,0.560204908903374,0.299972904730077,0.984474798846134,1.07759100017115,-0.126891399645537,-0.813703432100227,0.254156963869232
-0.562370457343538,-0.831550847082886,-1.13398886523968,-0.706781564691611,0.877796238474023,1.24089144014085,-1.46568489807445,-1.78761134733697,0.448067586138162,-0.767994572346326
1.2763397185902,-0.741476902285473,1.81038521114421,1.45617620516217,-1.09856361978001,-1.08436492995824,0.552889991191092,0.50772888092464,-1.31578683930233,-0.60545696789106
0.498886146639144,1.27598542971676,-0.375627643820857,0.572951121535196,-0.291713775840541,1.48005266501848,1.14683751391086,1.40710671743016,0.345202846033518,-0.235806013974534
-0.224590994601396,-1.40461354284626,-0.351109758347799,0.721840164501511,-0.90566123256333,0.337162640716601,0.981781865483881,-0.665489337524066,-0.950480078953495,0.731877288103305
-0.229400295475519,-1.03470536666827,0.446570108601167,-1.20320602155872,0.879438202597871,-0.575929581250799,-0.290082962879632,-0.452313887758001,-1.88659679512694,0.770064884870273
-1.10581105159857,0.879207885309451,0.447247899417851,0.00552859998047867,0.689560611167963,0.694012035231078,1.38873329247033,0.125661956301658,-1.22952693354912,-1.14341773100429
-0.426531585677104,0.00479063507647746,0.918993499407944,0.846957332317386,1.36751178635225,-0.936279121646872,1.13232242735619,0.719719296552511,1.2314936699333,-0.757185240033235
-1.07377846716523,-0.150700715289424,0.593050123907954,-0.113312536260035,-0.826394597715309,-1.3824849815265,-0.086616522842409,-0.274125968816039,-1.23493192202999,-0.528122823818658
1.10285103324571,-0.696965449407504,-0.320828879459179,0.35847260079932,-0.723660875362706,-0.829762286436483,-2.13065998848673,0.255834562533653,2.35005816995925,0.307661566287203
0.944075261251267,0.0932502086558305,0.182903476493256,0.279598869795645,0.0806273273579998,-0.282427730602712,-1.1698040789444,0.594778319076768,0.287595124689584,0.671790372684055
1.16621703412131,-1.17983306167468,-1.21794117617813,0.688069531478771,0.400532940174443,0.158815002465515,-0.163024079171347,0.217798570121012,-1.46985780173186,0.160414019126822
-0.608190883198042,-0.620462434003776,0.359795963974823,-0.244099620018806,-1.88833943014919,-0.0185376158647264,3.06198840931327,2.53520968931989,0.972770242774163,0.302868162309138
-0.423959173565269,-0.901816642228608,-1.22174595522519,0.346321803353553,0.7233241476323,0.417520622331588,0.519675691521721,-0.759773060123776,-0.763250766719966,-0.445543014739738
-0.316932056027673,0.630649719010393,1.18033827341131,0.289434860191985,2.05671969118873,-0.290822990205201,-1.1941359292916,-1.06335817315013,-0.637660775261195,0.360546375668472
-0.274351095907888,-0.0994455028891602,1.13175697850966,-0.663722051712657,-0.33808348254375,0.452656898038414,-1.85144894758624,-0.436705953732752,-0.947142205273766,0.354691485286366
-1.16269994586175,-0.553921499032359,0.587962538192091,0.422782474418889,-0.810490028647998,1.78478346583901,1.76257715143523,-2.6657847998381,0.564565921283946,-0.0665455542079188
-0.0659441089346122,-1.04851100013694,-0.813130768173937,-0.513251525594028,0.831826171336472,0.431153300559024,-0.874147170440078,-1.09253265465831,1.99530936980741,1.66615739326257
0.906904774551471,1.0304518558208,-0.274642696060324,-0.853499292657671,-0.530871881948338,-0.734302552128518,0.375767265311254,-0.405937450716275,-2.14297502985869,-0.617845441903193
0.183104250539951,0.554094138769905,-0.183974012804832,-0.487687347201163,1.81473747549384,0.491289714848317,-0.455348538789284,0.29400301410684,-0.51880229083225,-0.0664761884418933
-0.81159225036318,0.478160172308235,-0.298194814360221,0.0607929780098614,-0.864204372958096,-2.04442367277291,0.113274132953969,-0.351540855925984,0.885666450014801,-0.000238894575665173
1.02529363099911,0.53920859128266,0.907666184221105,-0.00330533622729929,-0.206819510191799,0.655625523746671,-1.39991541418826,-0.349998735755289,0.0927908688786021,-0.507481797518707
-1.01864839058758,-0.304888646191021,0.515066291637903,2.15151829584252,0.293425356030313,0.66000600052896,0.252927809666116,1.32988080875704,0.644018042356097,0.751168643906217
0.247645866695937,0.439429667809985,-0.946093754807177,-0.159099909093258,-0.660489366393066,1.09721959645968,1.18957109880701,-1.48012235631071,-0.524301177183819,-0.526042892550977
1.09089362330056,1.4883249971444,0.18671463502476,0.662027626009092,0.695675347675851,-0.62742377984422,-0.254857143459294,0.199731944884445,-0.100263253573398,-0.11459707599624
-0.173269959188936,0.531484472821357,-0.257659370351716,-0.665564317266934,2.56405717510198,-2.17093379530954,-1.68933259659723,1.51982722279204,0.0152769867565149,0.871499215161425
0.304053690148487,0.977956756318423,-0.578401192390316,-2.02734455346971,-1.94430378239046,0.0561614118782514,-0.188613790276122,2.10229761801612,0.651664095214061,-0.206453940082501
-0.560655089728131,0.703125386268199,-0.201993289097398,-1.68468102043871,0.536306886454904,-1.12861253501532,-0.155882969946526,1.58344381476686,0.320174035237857,0.0308900813966647
0.312868015308311,0.340132432502669,2.36234419752804,-0.403394319406395,0.233385692446723,-0.0769997744505337,-0.337356571603608,-0.952731045615749,-0.0800179390532528,-0.119162155493644
1.09814684843913,0.726446308261446,-0.249994092192515,0.455959225806964,-0.402152084779447,-0.597488070476651,-1.37082293582776,0.71772351453233,1.5911299582505,-0.96362000748463
0.685482662902086,-0.0705528079827456,-1.27886172226175,1.62154757368094,-0.0620430330151616,-0.875191733354022,-0.160543435387448,0.891914032247396,-0.265326193792032,-1.27101810741593
-0.265414684834295,0.610545539929047,-0.796274920595764,0.0990185922436026,0.664598341066968,-0.760375970598322,-1.72995514373689,0.92602823377287,-0.00286664167426354,-1.22640584090201
0.420434153030177,-0.674885744514548,0.993608867963422,2.35079987338559,-1.37606853403743,0.918179952442046,-0.207952956572042,1.81694877468369,0.514623427290288,1.96178449312702
1.33403206782617,0.71024631519941,1.94689271319383,-0.581039290053366,1.88235082745822,0.149242052349758,1.08952851386936,1.38146611812988,0.402006447458927,1.65019858399037
-0.23112640806304,-0.0295479028258013,-1.69642045006363,0.991517631772107,1.00443860974329,-0.67035239867242,0.335580388701517,0.409741176366791,-1.04199622810683,0.947123054678345
-1.29030601700366,0.727318621767445,0.490193161013856,0.300153099325815,-1.55932186858487,-1.48317641455635,0.708882775764441,-1.03332923348648,-0.729334001303176,-0.990347329078473
0.875756675683361,0.828856640884395,-0.225908515077591,-0.953917577991679,-0.0697375327170564,0.546925199639884,0.829352034244368,-1.01486686721848,1.33640368476064,0.468422263706093
0.154500144166615,-0.876208109075463,2.48497305111563,0.540683878858192,0.520780192902367,-0.827057712310646,-0.424564516170729,-0.219681620838217,-0.0709554611654023,-0.442964114921348
-0.896786346429273,-0.903067695569967,1.7150953598681,-0.569428176358242,-1.05978350398227,0.656023579257185,-0.492658048646907,2.79401511323439,-0.0741473795427904,1.85118164398857
-0.0708331859343108,-0.366091729061933,-2.20002067021562,-0.0127736678269805,-0.377074352643835,0.143045078521419,-1.71963483658027,1.78550924653026,0.554833347425763,-0.81915072472419
-0.490243089117122,-0.454940011134592,0.397008159640341,-1.08396577844139,-0.259175949488453,0.1553703580298,0.642851624451449,0.0861088472311118,1.77459998740929,-1.16104435914702
0.974722373226556,2.30879515385786,1.09174174429383,-0.803354418044177,-0.727953025081981,-0.60745424110065,-1.12224486395662,-0.885009611315938,1.62080708671785,-1.46925201105928
-0.237263368959566,0.663891394092114,0.216239019573085,0.489317069964424,-1.474888789162,0.933721700193718,0.14971234713443,-1.85096068646227,-0.896333807642666,0.285943775566664
-0.515858280718213,1.49840984125212,-1.05270105517496,-1.07873074124283,0.407934169586403,-0.394859090040204,-1.12655769460185,-0.845720389414416,-0.259063786534969,-2.40216488506271
-1.21700685113375,-0.26371207096544,-0.434668510039854,1.61113677190917,-0.126318868015792,0.881057529547718,-1.22087235194143,-0.879405634584881,0.115428654265444,-0.950403821624564
-1.07755327861891,0.664447216661972,-1.56989161862541,0.371828516823054,-0.769285688713508,0.847243861398908,-0.828658485398086,0.0967622038626963,-1.77646059651174,-0.324908692051272
-0.993924564064977,0.0220048008644488,0.183402961789828,0.145255215111641,-0.380776826324294,0.660330209278232,-0.293962487969075,0.453719939175366,0.749518010382605,-0.798984942262464
0.742381288409995,0.0333125030563013,2.49464719672321,-0.981827132280416,-0.337525736413326,-0.474591561791486,-0.541852272538558,-0.757464998633291,0.356302970217425,-0.7201020513981
-0.350927675866646,-1.39294556580158,0.0701459352389636,0.553113516566142,0.192273278810222,0.624707487346903,1.89723868570056,-0.0585114933926452,0.991149345256213,1.11653380045496
0.438346845006431,-1.24558424303479,1.27032570888508,-0.0392285151907244,0.330099211790805,-0.376897479965428,0.703789395826829,-1.60204237237142,-1.04786565102734,1.25145735963162
0.515031629623107,0.36417040816733,-1.21724951517208,-1.9225942734272,1.13769276008511,-0.608340085949112,0.237110433838052,0.27013728961696,1.03197740449604,1.09405054929294
1.29795382670943,0.672847291971261,-1.5413134497201,-0.939546665633387,0.54733300387125,0.728775355996984,0.771951944837049,-0.11667499871669,1.01291171739898,-0.00864112984939078
0.865686817957415,0.488529528525263,-0.321432121447399,-0.657338285947069,-0.174686693024234,-0.817133600353119,1.2666119834487,1.69173827924024,0.747170047707933,-1.91189795736837
-2.09464826718581,1.1344761799458,-0.541592472430145,2.38966471332095,0.438196136785036,1.4375570099557,1.9535951487167,0.307734733087645,0.0833096552909956,0.375964193959617
0.613030039753826,-1.13059873366749,-0.683191634520566,0.71349184845238,1.04209374315779,1.3585132178998,-0.494049316243384,0.602182358598751,1.73085808960581,0.544676064458592
-0.397025918457805,1.60243694160558,-0.821160109373201,-0.197839129455833,-0.601173475449911,-0.941532541774249,0.0517986955870731,-0.345314132975892,-0.701772507919462,0.598249764579692
0.65553820242544,1.01955966005006,-1.35996323569362,-0.558616265902942,1.22838972351666,0.696497511916401,-1.69933965925714,0.835038929334184,0.900977374152285,-1.75882617623271
0.605135293601111,-0.237602400891601,-1.86620604930777,0.396448583147245,1.58585478863055,-1.20966467759738,-1.76762923958367,-3.31052713346243,-1.54628040854827,-0.871818110495782
-0.675347115123477,-0.371159898186247,0.42484940638643,0.711951948054214,0.431764214328215,1.01137256064474,0.661143398602939,1.37087581246036,0.49477330947355,0.655111222994372
-0.520407509644146,0.31610447079536,0.224593863599926,0.642496436909413,0.229708203374088,-0.232670843938033,-1.08933857823463,0.516896560148486,-0.472409107573804,-0.748006766238874
-0.157349398798342,-0.0677180822576564,0.146929493246281,-0.672455394899977,-1.17479558597447,0.579106442469121,-0.16097813590404,0.760991619355788,0.172521347355531,-1.11234129612032
1.42135643876239,0.431351562153722,-0.923816809107353,0.0484528934337115,-1.66013970167922,0.606510010953309,1.05597411523749,-1.10714293122265,0.386307173300406,0.509208530355419
0.931132643669802,-0.02589776317422,0.223099249037606,-1.22498895896328,-0.520957514496957,2.11909652295629,-0.224952611336244,1.57254289178092,-0.685521850912723,-1.33545179964178
0.264019326851395,-1.19586291397844,-0.180049148440592,1.4229104893905,-1.62051978549192,-0.0592044641847624,-0.826140277970397,-0.483302018109942,-0.297976690829565,-0.859544189631868
-0.224643419719502,0.709712283811264,-0.114780083234667,-0.488921382698977,-0.997133295943036,0.289878393104134,-0.272468350095916,2.11836978707643,1.27542616920681,0.118449332389699
0.949423811447367,-0.889746739643046,0.477387704122648,0.845110961799312,0.836895115046484,0.386654745178586,1.89685228646556,-1.34383214663596,0.569093210610021,-0.774559487800132
1.45421756044287,0.270134308963914,-0.28938124611659,0.342886400274344,0.492694139684582,0.281417997848495,0.370826693945605,-0.398373128288562,-2.03205381479014,0.996591558958978
-0.549491111460465,0.660389539370318,-1.56990616843901,0.453215147641987,0.674005218863326,0.00928631416890627,0.386465834552074,0.862502636499477,0.0621498035375365,-1.49219032619082
0.914058164926519,0.615251415376653,-1.02384694309636,0.472539192290651,0.0690553354908625,-1.18751590426818,-0.540242120086597,-0.825320210866092,0.781634521889202,0.758647891921263
1.01282782849432,0.584288958140867,1.69532624420116,-1.16547229586885,-0.918375960027048,-1.00619715609189,1.53580443501741,-0.707752614816167,0.437512273224044,-1.74011214548473
0.395798925653578,0.0248497060412196,0.0825239780368367,-1.77750387605109,0.0489519199268658,1.28132810763235,-2.14218127276269,0.867204133000348,1.12100561720514,1.85071044539979
-1.56331413928156,-0.116930697722244,-0.719506254825999,0.209469208272397,1.65790357186406,-0.195230572388778,0.983329101769885,-0.475612594131887,-1.92992498355555,1.9522223577587
-1.0926417249775,1.26346327382267,1.66232493824457,-1.2459497345415,1.22998521070393,-1.76186392324407,-0.261686427799209,-0.76171912420765,-2.17415336047541,0.097619703338341
-0.340069947291661,0.484803772151417,-0.426256047845719,-1.26737741733404,0.046698118378839,1.45480346519184,0.197495488622174,0.988896967813931,0.457461669986976,-0.291418080480843
0.216014404346622,0.0972107264028432,-1.43162802943644,-0.565951706670592,1.09787724582246,-1.00011601305633,-0.743817654749596,1.32863945209472,-0.505028892135206,-0.23157653612044
1.62828628266246,-0.623242331640826,1.07062794088834,0.333195679864571,2.10503650908745,-0.152545926974822,-1.39768276463639,-1.08964675799298,-0.0584593200226786,0.750498850082162
-0.0784912710368193,1.94550398534278,-0.58231254336748,-0.26145315894202,-0.894351914043597,0.217804312097332,-1.49573816472295,0.836188439800937,-0.253102331702558,0.487935019616042
-0.848023028512939,-0.144070077580727,-2.35902994607258,-1.26460301828673,-0.252428231219378,0.486603105185491,-0.0587200251021876,0.0529206574651295,-1.16390858213929,-1.05980397490942
2.42755295482985,-1.42103164143117,1.14766223539664,-1.0878277802189,-0.909283791607269,-0.878546758786533,-0.209217388088381,-0.224018831243346,1.16449685785419,-1.43809844489628
-0.855622984220548,0.862194941141533,0.380019311064096,1.88896370249621,1.36910353736259,0.0555852968134845,0.664358564019488,-0.324410447392349,1.40173608115464,0.927227323774952
1.63780398873715,0.887954763174844,1.26350974896371,-0.294833582668084,0.361481728315892,-1.20780516863986,-0.991703678947754,-1.4897600778446,1.03609365589861,1.03586793902175
-0.620025988884203,0.926735811792241,0.276318765597179,0.000432156525524477,0.453825868995544,-0.93499354976207,1.31402543069174,-0.504869934763034,-0.653440465273908,0.297674568436185
-0.648803202616753,-0.959766243071681,1.73982692436653,0.651604532769324,0.666524853848117,-0.140494334709378,1.0589205760123,-1.08451794105044,-1.95110243210559,2.35585792347825
1.66030861900081,-1.38347187743018,2.10204081796937,-0.89750693481688,-0.149452151079412,-0.365953265510321,1.04926726805547,-0.0125329762399262,0.768463512338009,-1.43483792709878
1.64273297920224,-2.31129815688928,1.2127794507105,-1.05639505657564,1.55286469526329,0.979776905645389,-0.597507163261485,2.7098400374476,-0.688570509023186,0.363951994621103
0.371628389721579,0.416042230234861,0.829074003188654,0.147216939610851,0.755845988804073,-1.18423321091939,1.38660049744216,0.428688136159148,-1.21944614192,-0.304360949901269
-0.774441430213592,0.0346659191330956,-0.583101477446988,2.75145902744947,1.04049269002838,-0.319580143739359,0.847482303387148,-0.210325898588691,0.183889434431517,1.73125084615924
0.0324143455029358,1.74891809250211,-0.649322077578376,1.34310698509446,2.85287027261681,-1.46275685669394,0.0192308921593051,-0.216455779581262,-1.24506166853629,-1.383735488149
1.00237622105214,0.120638610751106,1.36524716158236,-0.152103644411505,0.737779002871594,-0.274897924032053,-0.511595200943621,-1.14818189210135,0.422527494519083,1.25592315865815
-0.411150027336792,-1.28391470136693,-0.0999624543559383,0.95439889752481,-0.938932927702899,-0.67545890411526,-0.65383053492793,-0.194187135183787,-0.33188076450106,2.1881807913
0.653300897569859,-0.969713366901104,-0.89544182598394,0.356055031138612,-0.967229952362678,0.087664283896996,-0.110231456757418,0.165488422726223,0.516977733152517,-0.312082759520401
-0.836659394983014,-0.483599394417067,-0.0417513483695304,0.468068376574271,0.799528411336522,0.817421395447842,0.761823699587483,0.787829864603118,0.267162875716733,-1.53823728924714
-0.997981776899642,1.54887064281348,-0.56149680640617,1.90058072142574,0.132110252164663,0.477408773137185,-0.444868964438069,-0.600057472791632,-0.563316346546302,-0.452768628304226
1.92747391855434,-0.313870420368693,1.13477077469357,-0.0288233075544632,-1.56152974171458,1.57893231427701,-0.72067287316704,1.67079081639445,0.989088895139197,0.341344192503483
-0.394031312641036,2.11666392440759,0.5346358200564,0.0426751885014136,2.06650484940228,0.689760117354336,0.551605159531344,0.791743621374957,-0.126586710692285,0.956355688454366
0.643562201655762,-0.0657724708084346,1.31583081473582,0.149261309745593,1.13696212148157,-0.792110225139976,-0.384393547188781,-0.39002351651806,0.642647724823018,1.27487234721264
-0.35777048503816,-0.103596376787226,1.36444519584058,-0.0922686377534043,0.719813639053945,-0.331778151247965,0.312794806207212,0.607047461141438,-0.681226711490091,0.262765965406742
-1.33178968873174,-0.248391658091049,0.269758449887971,-0.147393603154148,2.17816080311886,-0.828353072345874,-0.0648027858971803,1.56719961227358,-0.084975763386011,-0.997786925903704
-0.460236732710271,-1.58151051296593,0.656024874788318,0.306191813302362,0.9163703014654,-0.00740956644808941,-0.545946979163611,-0.735530836003938,-1.19094127044656,0.441972118251664
-2.28269532388041,-1.73774421780058,0.512994917548261,1.51526590724633,2.00439051501931,-0.366256053581014,-0.279847165109804,-1.35364263067131,-1.57159567993968,-1.0613541409916
-0.988745382423208,-0.269857836060325,-1.32167422653978,-0.633944185079988,-0.417399136586997,0.10321795677564,-0.725944764726133,1.7705229558169,0.577873184393953,-0.235300380596827
0.781071475012934,0.346752437723726,0.629016913904227,-0.344711367834389,0.0199108307908624,0.309567291143393,0.12489856710406,-0.155471879260533,0.767995862378433,0.156456899047874
-0.951620174570497,0.793705951733999,0.0211611914558147,-0.870468584135357,0.0722518802606017,0.55093652676059,0.292326365913868,-0.532717256809134,1.73078869514061,0.53428231232711
-0.451186401665414,1.62221143852425,-0.268588687922228,-0.559552563458632,-0.0212407683827815,-1.56399217512387,1.59120060739047,-1.25382017247448,0.533964397236563,-1.10543219311167
-0.156396103584925,0.679554214717221,-0.326670715719641,-1.75464651791156,0.876607865948188,-0.640680683967519,0.189985856205463,1.43210048305312,1.59407675451153,0.821849185610229
0.0453803501819123,1.27898414815292,0.971927147245087,-0.81465515862767,1.44337126167289,-0.915441143295354,-0.71933125642446,0.879360138271129,1.13410163418317,0.790570817563325
-0.1441279479516,0.0116331629164902,-0.0557910103677224,0.0456897912347117,-0.507443692156953,0.063738095453674,-1.44776173092845,-1.77425995308366,0.574843406601955,-2.17243114831376
1.06527617499811,-1.0386156765336,-0.0289229062668203,1.02358705360843,-1.0882397542622,0.305061187840274,1.49172263364283,-1.30495188908304,0.273525912327001,0.310824432779825
-2.00891355479778,0.915544708737053,-1.72518077892857,-0.0652655889495017,0.610996479361824,-0.778142035521792,1.15882542479056,-0.363476019780474,0.550191141970578,1.4008444973949
-0.218350635432028,1.16877629529053,0.387379573510117,-0.320717430487025,0.185389798996045,0.877846714961685,-1.1346669449072,1.76416468290273,-0.537499412517856,-2.86713645944058
-1.21604615503659,1.79241253508104,-1.19979388793893,-0.0984383361355603,-0.118654267445448,-0.587658910684505,0.646340524559662,-0.408766852592901,1.64552562478678,-0.644440383157284
-0.195746774886773,-0.71485559958913,0.113446060445196,-0.646585390612445,-1.69447612695151,0.845398211430566,-0.231667392786735,-0.25350389471844,0.878278057441295,-0.292996811081761
-1.58849154868481,-0.31609695978217,1.19581112015203,1.09636684756657,0.231556313154632,0.982344546048109,1.88528648453952,-1.18321897938801,0.434980127033102,0.642218746406056
-0.763754808045768,0.401356023339405,1.74897325373045,-1.26276826300387,0.817682060092744,1.26177034576533,0.51673149287085,2.15433909524699,-0.542450420033997,0.399461963523655
-1.40486064519735,-0.395892051148134,-1.44769980097139,-1.40249594788248,-0.168953683094018,-0.70244728268548,0.204038954071758,-0.628583649327739,0.142698642029914,-0.0751633434192302
0.404747165681265,-0.17984872150463,-0.469031440331733,-0.0997487790711994,0.701804724314097,-0.172946198218302,-0.42163089825841,1.41764295609548,-0.447503492666513,0.314028198807424
0.393733255277099,-0.200218929549733,-0.570955869262726,-0.729087468781074,2.05986602043962,0.750678008972476,0.663693862971184,0.694971122049651,-0.160105065144664,0.548733172006122
0.626415620790031,-0.464543404737082,-0.321464172665831,-0.656757151038015,1.61409584518651,-0.243985120162695,-0.818731171034021,0.436096797223222,-1.89371938913475,0.646666482295207
1.11803698034399,0.784689343264644,-0.17700958620545,-0.134960246000791,-0.0607826978665269,0.812518933558826,-1.87486555075781,1.09591155031545,1.19706020398344,0.640718487844947
2.39014507133877,-0.210456772252055,-0.617581357804013,1.41739854356233,0.413221349778229,-0.555493677339345,-1.75431351290957,0.159013557755121,0.283462215995005,-0.261883721209993
0.240848451139109,0.995542241801521,-0.770104641054246,1.84559001072784,0.582366644192068,-0.643813334794997,0.367897347334126,-0.416972682219807,-0.117942713928861,-0.805088507265061
-1.07619741713117,-0.199044974056166,0.343502132699913,0.490738746328249,0.198753899106532,0.87021996372649,0.19417284967877,-1.16355030240301,1.49436425501271,-0.0748881339619606
-0.327599772400793,1.7122334208593,-2.05787164116456,-1.28663692688277,-1.05537036159784,1.42442642402651,1.24428209730754,-0.195330463375751,0.505339574031305,0.0820731707382786
2.25314739275198,1.32724775532303,-1.63080695403155,0.294547053562311,2.4406333713791,0.123985538785923,0.0757786361174636,-0.248417456126182,-3.2626089977536,-2.37238242893126
0.964321202826257,-0.572170518129766,0.241176496736903,-0.324849920791565,1.69770554402716,-0.783796240312953,-0.0214470731213499,-0.911440867822046,0.229647977095057,-0.319635051229396
-0.653380453923079,0.776078477462023,-0.866272307889005,-0.518132437194439,1.73434729966971,0.5264879766436,-1.01388038217538,-0.475151597154939,1.06356538857669,-1.06752271084264
-0.792152756022929,-0.41957871828904,0.561465471974534,-1.3297004045847,1.038994326825,-1.40402597273729,-0.849934466591319,0.0326959223919535,1.71009107164,-0.227304488473722
2.52650661138932,-0.573571459522095,0.51460489559903,-1.37314081314638,0.357418740815716,-2.85478772429128,1.24941627877777,-0.602948268175299,-1.7520176412663,0.12953641649278
-0.610429288599028,-0.375337035837421,-0.797581871807617,0.882745823680034,0.567875396106916,0.738070825007552,-0.392653753889162,-0.629109580618302,1.9043547927201,-0.823850423952422
0.0309180282129545,-0.636594666412482,0.489367386960109,-0.0421143458323137,-1.76729590295303,0.299902830148572,2.27624313266586,1.23633834784699,-0.2308584330267,-0.120131626905874
0.161935073629226,-1.74775813806002,-1.19256497873224,-0.217842794491642,0.347989890697561,1.2232279577034,0.889654257337582,-1.08205058024313,0.212511376785049,-0.919258490560342
-0.866257641697388,-1.74025268884909,1.38064351008754,1.69967501412788,0.972158599283662,0.117846442837529,-1.29988450985243,-0.829554336071481,0.745070463004156,0.376780256191429
-0.574364652204589,0.291310510072114,-1.38412852504805,-0.315306170426046,0.0352675833707676,-2.39158974637673,0.618744456412913,0.755896251761301,-1.3136066928365,0.548879218521568
-0.844154058298392,-1.21907332135605,1.12103007282677,-1.351259353276,0.744797013533312,-1.75187566071328,3.29022879107808,-0.500355389243822,-0.430672211369558,0.849248771473264
-0.247803155139081,0.107203654532388,-0.0280330985250095,-0.546291882021947,0.220415498361468,-0.0834535133946839,0.0899778363592914,1.9573756673205,-1.16301655461994,-0.269645717334812
1.6506470898161,-1.02042482250667,1.29802729760476,-0.639466718461708,0.469090909580092,1.25423739776513,0.793470006342376,-0.0528001958231726,-0.992127606724083,0.392726618140297
0.409465717500018,-0.443628030851257,-0.349136367202322,-0.410471457908154,0.605466987227657,2.48023767152302,0.354300422073234,-0.144265985686625,1.27113845954003,2.04548064382862
0.0105354047466721,-0.293346154633206,-1.61073767334953,0.0476211346315116,-0.896701531749496,0.798595110972073,-0.0690003085802106,0.936985906985262,-0.79519281059602,-0.256510953500001
-0.668506707079285,-0.956212474679671,1.19932558670625,-0.300082662540329,-1.62182860416006,0.905458431608996,0.193583528598589,-0.0854897216034197,0.660554324566928,-0.352489750113452
2.45176193302921,-0.73117530427075,-0.755839256671517,0.553350914958123,-0.437510302491341,0.193969181612622,-0.784474466346528,0.443681642216563,0.276810899874869,1.33286282897425
2.00088036538369,-2.17276326432166,1.42066353333863,0.64245646410745,-0.405280366406887,-0.5706160736358,0.386604704047537,0.0778962305059914,-1.30847911473204,1.88681503887535
-1.69914734986811,0.000223065051318132,1.58289126034076,1.36741355538764,0.881428435541428,0.265901113220644,0.79862296387573,-1.35451458321809,0.114169461645383,-0.570450555864111
0.363540746139647,0.908863248901523,0.164880602777217,0.231509906851317,-1.17353791215267,1.6363739707074,-1.20848024916888,0.349938858425841,0.734536400169896,0.0389976393906606
0.685962459046452,0.798927414609716,-1.39556661388402,0.0136449618938158,-0.355156270462299,1.44620762452066,1.11365070612645,-0.396120778990345,0.268038118724315,-0.113438005989829
0.0186158193130254,-0.00281012813972338,-0.953276614511728,0.452741429797152,0.52875200713784,-0.0375822773094483,0.706653289918603,-0.374762424704474,-1.49014293084091,0.471453199228513
0.735842931548957,-1.05135315469074,0.0299399689307565,-0.273886112633398,0.164149702858753,0.357696019870717,-0.192647710127884,-0.79450927713032,0.332627052288556,0.745871487417506
-1.13361978728755,-0.292690873363704,1.08879281875512,0.221207226357827,1.10419090309325,-0.67949317539456,-0.333389038746292,-0.244370014195351,-0.839783167152427,1.0850265512245
-0.25733059207202,-0.43333723994031,0.47542400821167,-0.129720729461453,-0.298151448915801,0.952655612881033,0.757646681332728,1.1559915962907,0.44742290605732,0.480494631555737
0.0821922490403266,0.565665931871481,-0.856553881279333,1.95658513814055,0.554253254742607,0.0578844188148312,1.7958218651586,-0.668140575736104,0.283550122745076,-0.364333938191184
0.727790883100247,0.0232863921572477,-0.692535842445742,-0.702334488030906,0.0174645210826315,-0.317330410625561,-1.94164387028086,-0.824166434953121,2.11326215886841,-1.48837283584126
1.5507053026058,-0.890323147698168,0.464782128369541,-1.78176181262592,1.11864590339157,-0.275370022468634,-0.180652142621838,-0.814627821487905,-1.48847261398742,-1.10455842953127
0.446817253830821,-0.307777373496484,-1.83908124383769,-2.03926781626754,-0.131248751612007,-0.79153960602939,-0.132250070442213,1.08625967271065,-0.991634680727396,-1.34134692559861
-1.57255206307061,-0.666694468856307,1.12842546677692,-0.237128798680007,0.337919236718035,0.800473036781513,0.443015522153933,-0.153160751745025,-0.190822412257543,-0.889292580124387
0.402930163004734,0.318615824153104,-0.863555963004337,0.507299322828983,-1.01808253696909,0.145221035871578,-1.0841205380268,-0.837984425593744,0.16234321541492,-1.0609140203818
-0.530523479447087,0.552316369787427,0.46827236653508,0.937839688992287,-1.03546973438466,0.232214650067013,1.6350498565988,-0.594956841647077,-1.49384183384846,0.280842326294073
0.731760579231071,-0.94235533766133,2.27047347034171,-0.522373520718584,0.753584032859584,0.340690459599393,0.590203480816117,0.53370647342223,-0.68235281271467,1.11598344376565
-0.355286516812808,-0.67394291900548,-1.34461194148634,-0.512653238880126,0.584376324510116,0.744415485509165,1.37151964248995,0.975728913960202,0.0144848132228257,0.539745591281133
-1.07073534372254,-0.343724108219485,-0.17328323964176,-1.36985783540603,0.828071371771026,-0.0230805942636059,0.0122987375542362,-0.159472543567456,0.762853006568834,-0.60491267706837
0.96724788933719,-1.20536733446116,0.426585540282787,0.484816273239105,1.12324270914884,-1.070207677068,0.517480838453571,-1.37236881479077,0.203331965353897,1.19554754899921
1.126037274547,-0.726677146133436,-0.893297691794946,-1.38188466988737,-3.37335899547448,1.65542504831215,0.549067458075946,0.760231964558775,-0.0269192733157548,-1.72242348699237
-0.544162824164319,-1.1202519801261,1.10385440095108,2.16675932870556,1.3163562308535,-0.855865167019589,-0.00169188667286455,2.24437088511834,-1.08616782808556,0.0411791258337299
-0.162884103535417,1.81247072109776,0.611498970916685,-0.315747807413906,0.163202919366679,-0.628783551700396,1.41749795136175,0.183113816906091,-0.574873728054912,0.0790135718418264
1.21741220816339,-0.901652471450217,0.786979600163127,-0.283619644387881,-1.32864394949792,1.46773604831479,0.718325154108208,0.108164017787726,0.126900784506218,0.593152863378047
1.25663367968331,-0.307642119117967,0.184110279298884,-0.91143834397757,0.234944188800301,-0.06544449108396,-1.05571107110701,1.49633101318376,0.0613509000652486,-0.232758067322959
0.375404974533894,1.64102644441685,2.04438153386857,0.182718635515391,1.55210772406462,-0.307268924791863,-0.0939843121410981,-0.560690992779663,-0.427308389416167,-0.1062352746342
0.249343697370036,1.87219684021896,0.434484673714779,1.56493399166615,-0.906770318438857,-0.508318719338268,-0.706108412653335,0.90584002022655,0.584817256732585,-1.77168832542263
-1.95365967751492,0.429680273256086,0.497137924861623,-0.458748748641936,-0.646432988986799,-0.809761430174812,0.0258760604576893,0.514989591947482,0.718388382889123,0.70597657249173
0.705175896927852,0.654731780179252,-1.97946670241691,-1.27401132336746,0.276855037515535,1.76728325673642,0.506300602720007,-0.643941449676181,0.948685824842408,-1.27087369705452
-2.35239632078219,0.347798940542801,-1.63960652333668,0.0323504100822954,0.888338919699446,0.0385841742158139,2.94447665038783,0.748488761497653,-0.239062365562363,-1.11952027623537
-0.892805643458332,1.05744255458791,-0.681321509416053,-0.11570582662344,-0.784785751334927,0.366064430236959,1.12623801305547,0.286749829122273,0.297808948594498,1.25005374289271
-0.28571668374518,0.895314306634788,0.0119441430453139,0.236620794746335,0.334321962048763,0.396624506578642,0.662507481949094,-0.477414286628229,0.425318766825395,0.0724123620512094
1.00049354174632,-0.703804094061676,0.972658068833544,0.434854930173792,-0.908906298040372,1.55076245585858,-0.387457331120784,1.63528284819943,0.416371875759767,0.691472201995346
-1.8829060346943,0.668496640981499,-0.57158293976958,0.0314201525071617,-0.319760015765718,0.797270360039968,0.48422926618437,0.245120255145419,-2.01375242682243,-0.705928147322178
-0.344618684634122,-0.0496784219940392,-0.398624026770879,-1.25082158505784,0.640386114137135,1.20286337921048,0.0911169450483875,-0.717389540988153,-0.772648765234008,-0.28646949519935
-0.607746076866795,-1.20425257820056,3.00347167580033,0.818310169822782,-0.402612323937259,0.699345084687493,-1.5936631455075,1.64344084128283,-1.11269340897615,-0.930941572597565
0.879088203290572,-0.382264635557391,0.723671450019119,-0.53438483626455,-0.343696125828416,0.185530954341321,-0.395304380304742,1.52341551239438,-1.81334942974162,-0.0321274282722086
1.28816416846647,1.51347556812676,1.79978699974634,-0.910827778346818,-0.712745583857722,0.766269910778072,-1.9015042683629,-0.181187000463751,0.810101199512567,-0.0843267795436518
-0.105469738324742,0.302588438811423,-0.214613565281512,1.31944172530782,-1.12841122965902,-0.907438232010828,0.309801391372735,-0.480957207541503,0.419004246247122,-0.278188511073429
0.272103214340833,-0.00182745946332163,0.117992055653678,0.0972326077372656,-0.884101254666663,0.150558275474834,-0.447483519975645,-1.63555360545286,1.52195356840603,-0.759296954801252
0.74040960417056,-0.561974682741378,1.77628818142269,-1.72793510467753,-0.626499369842523,-0.0399100192678307,0.956217498236189,0.929452018621021,-1.33032322246028,-2.70188073744051
-1.11881281091439,-1.08897019804456,-0.0653722551193595,2.21130545394359,0.054896005347632,0.49273372495225,0.686388680985554,-0.0110014339274611,1.09828230739541,1.11552654347422
-0.419395462245888,-0.917859645983281,0.465503023440135,0.204347551774647,-0.232198118247611,-0.0670362007324896,-0.9821874721561,-0.936906706208955,-0.88325174015054,-0.489585139606995
0.314658392189588,0.821087323469817,-1.41342401141344,-1.30068612518213,0.652309044068765,-0.500111122425565,-0.748818116136471,-0.891902371525881,-1.58270185225891,-0.66020250436871
-1.66418639334751,2.0140640430802,0.358133464293904,0.906432384872818,0.517698867879471,0.0233907388445984,-1.12018341353748,-0.188960330642626,2.08637062189982,-0.0378394464673166
0.0730993233120214,-1.34451749219338,0.374732106465964,-1.22540709858149,0.680637624791823,0.0516147975892477,-0.137721777519124,0.258670778963316,0.939276109819724,1.33486335584728
0.00674745602829352,-0.591423776725381,1.60888955125899,-0.154296010866741,-0.963757127469551,2.95850427240065,-1.67834367137207,-0.603608491786891,0.217845976790807,-1.24347682155252
-0.033790040290203,0.757892684068611,-0.28121988656816,0.723780338632948,-0.50446666443752,0.225226324997601,-0.19516485483821,1.53067743299728,1.19019858792337,0.930629473136723
-1.06359961576678,1.7852563145903,-0.429613605956783,-0.0241997812892584,-0.458160810788609,0.281833061973119,1.17269524939256,0.16213236172467,-0.463421168409416,-1.29671737164897
0.416336465235457,0.783754681151441,0.0769887040148417,1.0775492769116,-0.693400543025756,1.68169937871423,-0.617057676449708,1.53934888366073,0.860484657695782,-0.484867123029612
1.60377421495997,0.0773091988427684,0.461513182914932,0.0253342900334029,-1.26346893362162,-0.00110433098788218,-1.2902655997502,0.708004941600235,-0.423446454250247,1.99493932397424
-0.64971843024445,-1.16581499579858,0.0789204995534465,0.912771512097528,-0.756401670637439,0.445295121391262,-0.68922020745529,-0.265109935853555,-0.0946336694728643,0.599040457151259
0.363696564798142,0.342744054911294,1.31910453896921,0.565567710639913,0.221481966284875,-0.546916371686642,0.488027141682703,-0.801053194247935,-0.601009481097748,-0.0677364476964756
1.35855083025024,-1.69412161152907,1.02873053638385,-1.25002396235332,1.44229677220868,-0.903093823345164,0.99171541687251,-0.948490466334933,1.13535705601335,0.187608542349646
1.11547082687969,-0.0898712745044217,-1.12085412305953,-1.93054385902989,0.439849468659403,1.19569926880418,0.274073203323672,1.71213255116442,-0.770317630679665,1.47790274868651
-1.48009952907353,0.513807418895632,0.00241090119198068,-0.156927739941957,-0.314811133667777,0.158230749310763,0.0179283390570402,-1.85028222007953,-0.535781744129277,0.196558124830255
0.557738846377042,1.78295856352481,-1.11243846877854,-1.56186506815111,-0.811897337819472,-0.486134060249064,1.71391736559669,0.416651828895891,-0.745871077725522,0.383360624035845
-1.27012643124386,-0.517312464638587,0.284270100939888,-1.39286996869452,0.167640180593882,0.320178143663762,-0.372392281888931,1.53008060628418,-0.736918900082761,-0.406759856896947
0.66956499442862,2.457354608165,-0.829865369853894,-1.15509708732008,0.386069863605544,1.79850309582243,-0.604129370307349,-2.95255507338191,0.541895888781869,0.461668025639198
1.51260930020141,-1.39417762395806,1.06047865925402,-0.586666919025191,-1.06095464365228,-0.745098046389652,-0.00511727439342837,0.197071414584178,0.613109364836652,0.0747795522092264
-0.535560231813861,0.0906462207230836,-1.07535383824617,1.22518383457693,-1.26348293959268,-0.531060327819591,-0.383688942724916,-0.921064303040108,0.486480329957766,-1.02571854082481
-0.415017159732517,-2.09444810053056,0.061935033765558,-0.123974403736277,-0.85642403946197,-0.888483535467762,1.6442138014268,2.32508728405667,0.398426372864666,0.478410347029203
0.136814030014332,0.366953535504188,-1.21657723653797,0.693380186695388,-0.936645004419502,-0.811060499427989,-1.04899945676013,0.828787894136167,0.0543317262300159,1.11282462283555
0.101456409756366,-0.0189808898698247,-1.10113783571216,-2.10083834028201,-2.50726822491875,2.00630018877814,-0.563084223281836,0.499744363247977,-0.184747477636854,0.355498782162661
-1.36883835520868,1.59324060058648,0.936549509419387,0.358507989822135,0.793892057118048,-0.207469826866399,-0.813643853889979,1.53367507562425,0.432632961703952,-1.35917582845276
0.0425836653874453,-0.228113422853008,-1.50682893185857,-0.2754426381524,-0.681282962180904,0.994739345855007,-0.259628791518186,-0.110394042058852,-0.675553150060287,-0.480319042796237
0.327998259932642,-1.18788532831088,1.20900172775777,-1.82561565690315,2.27413436440875,-1.8549612248566,0.297573324775564,-1.72895191955677,0.0321762692462693,0.251261491787191
2.3297197549205,-0.591007317973941,0.692215952630885,-0.837439982126432,-0.628885539521939,-1.41635787196367,0.249665222387115,0.192787523778976,-1.04741804903442,-0.687714737023032
-0.691910176424519,-0.357828393138754,-0.511571870451255,1.61969767820847,-0.961735674298594,-0.223140836947203,-1.43609979840641,1.19242978420354,2.41454340500273,-0.0692395431822848
1.03883821464097,-0.949766883064564,-0.0657969186430442,0.502671179008091,-1.30121021960041,-1.39586154682596,0.404160528110556,-0.0616593309753383,0.572713343593651,0.152012802391583
-0.374488620162658,-0.676121624181162,-2.34956914928572,0.0617431242601023,0.0399427161010742,0.808436690618767,0.62473607764483,-1.79172780008483,0.658068350773597,-0.451535930227281
-0.47297806599096,-0.479811101441513,0.0233200759568959,-1.01321837574255,0.157261281724397,1.25111393826938,0.13160664852642,-1.89306031953669,-1.03610854625342,0.955673937260851
-0.866360215606041,-0.759030398096095,-1.35825371695997,0.467107160941656,-0.403009977704874,-2.67135850009766,1.52718331210905,-1.04971763236437,2.40733411263116,-0.223968811088523
-0.934321045175907,-0.736038609081605,0.762082364050319,0.222218075363471,0.463906170354666,-0.0167166372701964,0.460757149909404,-1.71635964086424,0.162622033955508,1.56012163609131
2.49524686536252,0.456052216505422,1.27081076450496,-0.211294106327724,-2.12688579966991,1.16388816300218,0.200426592724998,0.877606661557469,2.10469954026273,0.024667745547626
1.79690027584458,-0.354578260614686,0.93124091398837,0.0123242973793758,0.78579114188845,1.12751945826167,-0.792590008400779,-1.64295030838204,0.323797666005508,0.373362571324764
-0.382098708195711,0.546464393807593,0.210532799087609,0.238432425173409,1.03042648963786,0.0947629887274241,-0.104612586408652,-0.0454320256133716,0.57916588789931,-1.754121969489
-1.38967537036146,-0.127578208535036,1.45096948785891,1.79913918048325,0.179352344051695,-2.02446805868984,0.0458725499433555,0.0164073835786543,0.659467685832305,-0.120575383259115
-0.905659139247728,1.00296981504869,-0.737210686232811,-0.951456132178762,2.01765697665131,-1.69891130023206,0.124374239650911,-1.60619648164516,-0.648962294577927,0.0125457649605813
0.616918690509891,-0.0229731918114741,-0.0136898263617964,0.30423156934654,2.09281820033774,0.544536500043749,-1.81531634822516,0.230578808487287,-0.715710226702631,-1.34246435758491
-1.06935081997006,-0.221253767579912,0.583722784333264,-0.748666446743311,-0.258309927248471,0.797337585069505,-0.0772475895259929,-0.196494564162822,0.949935174697924,1.59706438929563
-0.679036616227575,-1.98839179676003,0.623198198990201,0.859059258212065,0.572035210967705,-1.22057964865153,-1.2578896033447,-0.83499612622268,0.103356941877625,-0.590699513625913
0.0620019249789946,1.28135758336393,-1.14979657644804,0.956502830569176,0.475609913575217,-0.625252637372828,-1.47219315570815,0.019075123025476,-1.61001975975816,0.244919927693798
-0.793561152738985,-1.06685194325693,1.80247708064912,0.387390534302384,0.146908799494905,0.292058679473079,0.0758067961610478,-2.12645647413283,-0.0272821846390403,0.805742334828324
-0.267190345238108,-0.621758186164477,-0.751200876651588,1.21124216913999,-1.27148316978193,0.241406826395454,-1.36975050227784,0.0497112718097419,0.570750942093495,0.960728999588328
0.944564734728877,0.256144141060371,1.83004741340715,-1.3323414092863,-0.559196530054993,1.10824584206866,1.55380694328435,-0.0763814559307227,0.956350357202541,-0.152777955190439
-0.607328523953712,0.849179988705406,1.54119566037132,0.778998577816068,1.19515117356719,-0.610279893184048,0.757705547476942,0.0554766750424344,-1.21870116173127,-0.152149818625995
0.793509386789936,-1.59538689251116,1.67823426862591,-0.138797971442219,-1.02670525219331,0.493296850474878,0.424453771315413,0.254947253545592,0.479346112009406,-0.414996375586612
1.14810966027028,-0.303745655921272,-0.653108451290576,1.0262865395064,-1.03204535345713,0.832358960456772,-0.113895520163925,1.37312032540271,0.328415669277601,-1.06412972815753
-0.659078829554292,0.543084939333558,-0.377129859609188,-0.668496609279002,-0.491617700711279,-0.23701654441574,0.343307094297561,-0.219131403805841,-0.0235145146222737,-0.437135228517647
-0.690175513109017,0.533491260781203,0.0095822211354963,-0.0894640040529278,-0.787929364902283,1.07908008487953,1.13479522854,-0.295610211648907,-1.27438288289156,-1.36864154071813
0.732109538510683,0.732295254781597,1.4075824618738,0.254837633369332,-0.245142269881691,-1.06332923894025,-1.55700056462979,0.211415394250364,1.46190677419618,1.7999264406068
-1.43799102389158,-0.274476653053531,0.56557807199492,0.660517842544173,1.12144561663259,0.155145622839968,0.193483229052049,0.452138740816924,-0.40540102239368,-1.36678524843612
1.42332615167959,-0.97539966235416,0.699407648155762,2.03511984739907,-0.790527183235981,0.0617792055388175,-1.17422185897092,0.385259054325922,1.04351662485455,-0.887412148814044
-0.187948726096952,-1.16012660964709,1.07255640641832,-2.50477521813933,0.748784319372751,-0.780392380127048,-1.09479371101787,-0.344499375750745,0.454306700240353,0.244286384057688
-0.255082041459818,-1.79313921399865,0.10120998776734,0.355814932328885,0.172298928071365,0.672533749291608,0.551883932876784,0.0529799063864021,-1.06245837502233,0.0222899737037154
-1.54425291345747,0.331346495059918,1.54207191558552,1.62692476324205,2.03157999462672,-0.542323305676211,1.55845117392053,0.076329988928489,-1.44998892401933,-0.219042360200902
-1.41520189216721,-0.3426811400458,-0.0862197746104487,1.30668118041944,-0.797776018708658,0.518458231739451,0.700432161788337,0.814492217522341,-0.402847763798828,0.663545655328373
0.880820105808087,2.18123870707485,0.428277830132371,0.201952639511267,-0.904570844759101,-0.575320935325972,1.40437099409575,-0.721605092064519,1.08719602553584,1.78516317176119
0.616934131974107,-0.111651039166788,1.40754639292926,0.0558714571103052,1.22978802033746,-1.97062430857368,-1.23743197829097,-0.26099517663521,0.290052329470682,0.195707760495605
-1.06543437426482,1.78525019788429,-0.833256680245285,-0.00747907343944422,0.33895419033845,0.0410470169148534,-0.371554520823049,1.31890034139056,-0.363627555577173,-0.736148149048942
0.123037958924252,0.207101408578056,-0.601912596350585,-2.45161633577673,-1.16415114815738,0.177603905148443,-0.935453320815482,0.00893628124204524,0.837412336147171,-1.46449755864609
0.124778784598038,0.377113745547167,0.00568309803112004,-0.202931869719115,-1.5400807829644,-2.39447388874934,-1.22344658444714,-0.83498507956378,-0.829804766707634,-0.592119987264003
0.696849201203318,0.184859524223087,1.12150759617668,1.04473175606761,-0.270623585436118,-0.694007033521273,-0.71019012380261,0.780059047168972,0.394353019805136,0.13688062147536
1.3560676032878,0.611766218614481,-0.244028270625708,2.01699970729447,-0.426609811224596,0.247791129939683,-0.287942188659021,0.967666329281926,-0.290077412472191,0.0371363030136388
0.539486971891285,-0.635601104548117,1.2022166180354,1.02655830517456,-0.680123303967315,0.842722452870545,1.24437170545087,0.430166817348498,-0.112832805703815,0.510969355694508
-1.18951640889553,-0.770393321736759,0.314846783758508,0.334807291294538,-1.34578146520814,1.06751192166697,0.721093543690856,0.270852503485651,0.729923400140534,0.558662198243959
1.00229778033761,-0.287252639000909,-0.961462354464917,-0.626358615823809,-1.72713123087488,0.11238064452689,-0.179397016261924,0.139573798341494,0.386881470294326,-0.135087486705436
2.08818086991545,-0.994246938338939,-1.91643864854497,-1.0537773272901,-1.82253385998186,0.137919641545421,-0.656212701208536,0.277820453527703,0.00202553102103324,-0.591689031157395
1.12709335740995,-0.0582446982218448,-1.29932649093224,-1.35858081789193,0.895301466954109,0.0241086914824165,0.798186412142877,0.674555828017556,-0.0260398988560623,-1.56099827053773
0.378026093712326,0.822881430847973,-0.958082174768898,0.620938542837133,-0.464416514737983,-2.31744821100418,-1.58367754101757,0.129947350501477,0.695788258745681,0.000917358855802038
0.286434242191012,0.468366871298013,-1.47017182127069,-1.68875074730497,0.180351119467409,-0.740374304124516,-1.01747925350368,1.4490719057252,2.32726983708976,0.171516722900707
-0.190359867527311,-1.03073464480711,0.202183914706825,-1.76443521257668,2.25522417148921,-0.304783473438905,0.307824575596175,-0.0782079990271002,-1.54481337966049,-1.00266404349508
-0.445633149117606,0.0475470771247869,0.808449202093518,0.890796770456224,1.01609321159692,-1.16118836146367,0.780507979944826,-1.5752442033153,-0.194962104340486,1.94107035546815
0.371625846873227,-1.49325899655258,2.08084321525598,-1.27698738666266,-1.46346521751623,-0.301231753598717,-0.871915914258773,1.15219387871307,1.31776992074278,0.3297031149315
0.420191303801725,-1.43643729845583,-1.43874676944846,-0.217349711433398,1.3303572244007,2.43540716057662,-0.386597493497861,-0.785913367758404,1.54608175155168,0.49719772160431
-0.215527600807979,1.05524182164876,-0.547909507429547,-0.266797979807975,1.06365906715023,-1.65575417675299,1.27645479491163,1.16841920389652,-0.01234427153253,0.694062437413805
1.66750086476233,0.111157288907891,0.498431529790916,-0.291068658882962,-0.801187988574028,0.172821083062881,0.15483848533778,-0.688928966343837,-0.332237035382092,1.03406416708618
0.786950647136381,0.103232156524646,-0.199818395624741,-0.672991177650922,-0.512681992195317,-0.22965149159563,-1.98888609404205,0.0454173953830879,0.839802766180371,1.34976136455078
-0.230793119693865,0.230012064660004,0.779884571100831,1.5587648719838,1.783271691052,-0.338064077331663,0.0147634629277715,0.0191762092571388,1.04440747742178,-0.434401552080961
-0.609372682914081,-0.188326699989816,0.568235237474212,1.16195421886388,1.0452593725093,-0.63523568483716,-1.38857781605061,-0.569036396642993,0.213754705097008,1.62917979771781
1.28627906876189,-1.09952431934583,1.39074467859494,-2.11783485600009,-0.0163974903734863,-0.123060927761468,-1.55531644918668,-0.649874555439217,-1.01002129160132,-0.0893163712524623
-0.0844416786763458,0.812254502187652,0.720943335791586,0.404307952309823,1.69777544488192,-0.903290422305169,0.076505618927056,-0.13115948392939,-1.0238872041901,0.053651917724085
1.48094804213545,-0.0668263651757187,0.86474580314585,-0.547790394481355,-0.45078015043948,-1.47496363852984,0.182936930037723,-0.500020515074997,0.593098779939485,1.09985787061431
-0.496807074012694,-0.208417057911314,1.25633252823836,-0.340975022394377,-0.685411266584326,-1.29295778855783,-0.507474459916795,-0.488587222083636,1.16616819972281,1.49475616902608
1.62475240623629,0.103791135358206,-0.848718974237673,-0.0909175446497063,-0.816982414357264,-0.370885025305889,-0.917848429476635,1.3744755448438,1.58353866760912,0.62580972555873
1.12868259913837,0.537183241285787,-1.16196410589696,-0.373958302665663,-0.842924342050819,-0.139481749915736,0.240691173513199,1.50532883118366,-0.143319650099258,-1.74780531741232
2.79510360477412,-0.446675559692212,-0.998237373100781,-1.41151075594811,-0.0429348053065263,-0.12408804543604,0.590490936310103,-0.377169896103132,0.398014047002967,2.02216514209625
-2.53511317734767,1.0694607423117,-0.247451441241993,0.955835886232815,0.601197580559357,0.295268248906778,0.0736360551796444,-1.70315229225835,-1.00612307802577,-0.523730771255628
-0.745901228054494,0.228369324772865,-2.43105156429088,1.71563394197957,0.648028814540666,0.781518493730722,1.14302097073699,-1.55940101903643,0.414577993681918,-2.01460598018446
-0.129442355112037,0.607745380661191,1.27571361334927,0.815598910810434,0.175485175583395,-0.295605731319145,1.12115294452824,-0.487038370079357,0.127188802590131,1.38205028853085
0.210520177445546,0.945293564188838,-1.35952012502766,-0.147069911728536,-0.126697212164321,-0.0367460447406799,0.877644239292401,1.66593338599377,-0.119482014553291,-0.763327859995423
0.540427707951297,-0.438633719838737,-1.65181831659828,0.0634993780983473,-1.41392993535367,-1.36317936800141,0.038740752020895,-1.1674374922733,2.35316849884456,0.377124044531667
0.426309586441426,-1.99131359773311,-0.504543369606822,-0.127411493822762,-0.458472504338194,0.632590547473057,-0.969111265870733,-0.344250690680687,0.420136609064173,0.341873170109321
0.221426103070456,-0.0624545621698746,0.856501686315359,-0.256567753212754,0.207117885010759,-0.570883487178349,0.863214534387717,0.741046620580837,-0.524398831670215,0.212218183790969
-0.906688947845817,-0.585864868073632,1.2718405708276,-0.45049330845782,0.616704884128659,0.286844775948023,-0.846061998400246,-1.659629905672,0.146829384458879,0.425165492035064
-0.906879174529406,-0.646782202237454,-1.51780981555894,0.752364807615999,-0.943235495108013,-0.135868247290391,-0.596408291465069,-1.05777423578851,-0.472447327234253,-0.556076000293349
1.41519718282672,-0.813314879735935,-0.836046635448514,0.0729566130505439,-1.84704897477094,1.82464571482828,-0.378965278581149,0.914261557255575,0.409336444536686,1.31133437541643
0.946197319532325,-0.234931378465583,-1.67799569865476,-0.660176983442092,-0.656239392210262,1.57581985162383,-1.56008195304917,-0.473723673196645,0.682630883276519,-0.519076252994328
-1.38947079898811,-0.818263324161462,0.947553155988544,0.505693017884048,-1.30830748072845,1.34398388608921,-0.700770910350529,1.60592239675066,-0.209025950021599,-0.363367724958186
-0.102028998027257,-1.86902780121516,0.222095573854741,-0.465545819608442,0.213440062709274,-1.40047542549734,0.488367017875703,0.29518857096952,0.165137037699016,0.440574502468118
0.112796495838617,0.109049247181804,0.117713874168031,0.568725385362436,-0.268542596784988,-0.295293441629558,-0.165651063144661,1.29615432974302,1.83859255736865,2.42299843911086
0.103420645182081,1.14914095188776,-0.198459369344825,-1.18282904870877,-0.642390462791837,-0.10849987428964,0.0750497736293477,-0.0622491600620417,-0.305755090723554,-1.08734829683547
0.144798632236817,-0.604129983315236,0.64843703788056,-0.307788984159579,-1.37849483684493,0.541089190418228,-0.00457374405659473,-0.93752160615863,0.0170550823269798,-1.25182030616197
0.0593564993189036,1.38934528291095,-0.56614299644503,1.53929475993772,1.45302068472723,-0.661160985852175,0.109769357495616,-1.24611866014655,-1.05819829970192,0.434863936844916
-0.217060876222086,0.201155590493718,-1.24407760903779,-0.147574512574586,-0.438528728100406,-1.74502755968903,-0.464006181319569,0.355571372205749,0.839777668898554,-0.490977474620582
-0.577755440003737,-0.816999891588614,-1.17309654309031,0.686883376294648,0.244522329936344,-0.288909121106191,-0.269948137702489,1.11762754095615,-1.18995101905273,-0.715450823527825
-0.565162875345753,-1.53312253039231,1.51167305780851,-1.07605913182022,1.23961671428828,0.549089199085827,0.870513988833967,-0.419300135131182,-2.52190293366338,1.33724058542674
-0.242351253292528,-1.19486412836982,0.170417731513946,0.740127599975466,0.558017619677839,-0.0753274925151691,-0.263465337505074,-1.84994250885163,0.38803108552013,-0.207645328604774
0.443464886034746,-1.15458378214897,0.124862953606557,0.714005631812202,-0.500099136378496,0.873440850347432,-1.2815718615181,-1.42025025587532,0.242134668213336,0.764068205835434
-0.660651003741693,-0.0876248119799422,0.365189897758138,-0.345673298918804,0.407481887890051,-1.4339435649939,-0.917859322026129,2.09419700214613,0.725812840132111,-1.41618729177229
0.037242591078788,-0.222205272589166,-0.877426817017708,-0.442161587804959,0.621360881735459,0.40067105338602,1.83901434114522,0.461646533549828,-0.660037636056336,-0.130590330635243
0.00869576146572452,1.2301221153236,0.0834613063765105,-0.0948969842804183,0.19652831471858,-0.71755755643413,-1.51169784847944,-0.5733571161726,0.76340847274195,-2.13722724805309
-0.0371054736425122,-0.199695313689571,0.180203122768401,-0.16632129308318,2.51215787809011,0.0316734980232702,-0.654036002549441,-0.977930410104442,-0.102513535161653,-1.21185687950339
0.169418104024453,-1.55125927378715,0.582119586865847,0.681987416201483,-0.57882299680056,0.78491003344092,0.820520409069325,-2.0414255603224,-1.01783481844291,1.30579009153753
0.743913501568284,-1.55174585029451,0.546806884488346,-0.0645333729154661,0.0104329801643914,-1.57679457819856,-0.768221132863099,0.135859028314932,0.104194366296616,-0.423684782747896
-0.0300111721061622,-2.54508762054316,1.66201639826305,-0.0366880350828288,-2.34814413780592,1.20823231042294,-0.727537024363102,2.01585359564791,-0.00794776541286782,1.30136301026518
-0.615387743921739,-1.81720998403297,-0.80109917325861,0.0767079026484548,-0.601666100554782,-1.69926595587452,0.457114408824996,0.245087554993908,0.484508698523419,-0.684160146235753
1.16549353360704,1.17330853947327,0.0173679461233718,-0.220838646926693,-1.12818397601799,0.940786505159845,-1.18908794212767,-1.37318036354238,-0.339279381895805,0.672554785540509
0.352887239666139,-0.444509609133046,0.263504126638228,0.68327608223813,-1.38376431715564,0.643401584990332,-0.0826390856692807,-1.65307898303185,0.745179107711975,-0.0294658651360061
1.74090405824109,-1.29223897633798,-0.878203717559261,-0.0910804127166128,-0.60033377564824,-0.70781832461835,-0.964162515369913,-1.4540045555579,0.118330115688763,0.571884492726601
-1.49951974364284,-0.964711280760555,-1.16756945642645,0.640032269112055,0.683664456477131,-0.0395771967894116,-0.659450056691333,-0.234567608544852,-0.103181500623567,1.34772901611522
0.365815158578334,0.159780029178789,-0.135969130181643,0.592015247014719,1.85232569635983,-0.809325761550819,0.171588470203412,-1.48390246792054,-1.67923340166499,0.507606390402895
0.066673132814114,-0.69117021222408,0.499529691149871,1.5997927392315,2.29140919725878,-0.0313912139782095,0.943310973487292,-0.951127195498415,-0.915797248947812,-2.32938738998102
0.665629673484658,-1.23585621216485,1.41204581208801,0.922176381758324,-0.0436454376159784,-1.20668338167679,-0.493109617263235,0.0450790588898654,0.804129021908804,2.02636809002201
-0.125282555565532,-0.0624787201416738,0.271500408617688,0.334579402963398,-1.76430943445844,0.71844727625097,-0.575662501716031,-1.3626265519793,-0.0769120858684218,-0.959902780822924
-0.0981585264697679,0.34445133188701,0.487338572005626,0.850239489042007,-0.331856463038521,3.36475406709394,1.05242803636384,0.228646255536074,0.165446849848384,-1.86057717352765
1.45627470146632,-1.358848936122,-0.793980278966856,0.391619827626594,1.12714142106495,-1.13504559666177,-0.614448147040594,-1.14629193279379,1.50543963549883,0.506419401941413
-2.07889221779894,0.350941482653104,-0.60370454835155,1.27572300653143,0.890749869266812,-1.76559405049492,1.20288364963726,0.51096606005384,-0.501519548348316,-1.57279020447049
-0.857543920268571,0.441758978623169,1.97465608687323,0.698632490805046,0.792628047233816,0.528459747602298,0.376177904279346,-0.800676360057382,0.691928125233764,-1.1565986334336
-0.193247723867579,-0.955183541515221,-0.367164345818583,-1.11323652915768,0.307399719412729,-0.569294476841929,-1.18316072629717,-0.721721796787004,1.537911351287,-0.603812001948703
0.0463036842847163,-1.27023728029495,0.308127625554758,-0.308219723261673,0.747780826703344,0.239795680365911,-0.290281070324619,0.888505238947603,-0.791635998291512,-0.69267752920159
-0.502928374082182,-0.0960098603089128,1.45061176748261,1.95183051723992,1.85901995153058,0.465518388733521,1.00883226093331,-0.966916725665288,0.661950961816872,-0.466534354991831
0.283450677362156,-0.912743216368326,-0.290687800091847,0.380968367952388,0.813097302946935,1.314670575293,0.94535760065638,-0.709081889965241,-0.0134145431887441,0.854886737745289
2.02215202397649,-0.46550699675077,0.604746507694022,-1.17520320278417,-0.188029890237609,-1.20198783341543,-0.621391799994029,-0.578993489434445,-2.34898275602626,0.077360047570628
1.16686004711028,-1.7276187672699,-1.06388605651953,0.237546988571624,-0.635425170180943,1.30094266511018,-0.30919277242127,-1.42981601340837,1.66485521825526,1.10448144148667
-1.60870561572061,-0.593463097387861,2.02264097803898,1.11056917369071,-0.793978723979614,0.526259053061024,0.377846263762482,0.176468041954922,0.746581102318064,1.73703955491445
0.900574340284846,-1.10544329822935,1.29160967102008,0.793223182044598,-1.14011837752379,-0.96227534106934,-1.0391051324427,-1.6405636947254,1.53541501792442,-0.00340986707426869
-0.676782650093277,1.11069038594822,0.195269503904449,-1.44501977127735,0.886503990095168,-0.085318469271184,-0.272891421589296,-1.29820849823374,0.12237633457719,0.124025296068562
0.00526823015492106,-1.02689862983957,1.1284609379069,1.64723122479392,0.31004168298407,-0.931708759856805,0.0221178172801842,-0.17834800767637,-0.150422899492275,-0.486517078644949
-0.602972257919156,-1.82844300145406,-2.21287259964315,0.153348862486551,-0.0286453434473958,-0.00548586376894395,-0.163037890546519,-0.429102091639616,0.236120297423091,1.83545831268967
-0.11897995997115,-0.532484669593498,-0.604822930105451,-0.73201528119043,1.16962995869783,0.83979865636019,-1.07948084766892,1.13784471989903,0.23087390192306,-0.167562992598332
-1.05992832943597,-0.29257365343124,-0.543218193640508,0.819803933272115,-0.750036495157495,1.50968924176968,1.289018255675,-0.999012147496287,0.507396138967568,-1.83542597595411
-1.12163373221411,0.652069659174232,-1.39681993029093,-0.596328273543775,0.936938472984171,0.0360357989033668,2.72986629731877,0.0297660123950692,0.539775493815287,-0.107119810017647
0.878163234763597,0.420722463309173,-0.497057771041045,2.53783646705227,-0.0846506925879522,-0.50683774954554,-0.231052185540104,1.00181015852166,0.393165671345452,-0.318429207379712
-1.32720629847771,-0.435329005376636,-0.810093117023159,-0.871603265519415,1.20731796878824,1.06054101961032,0.768602762308759,-0.195042664956053,-2.37900233166666,0.958361004683317
-0.3692596922982,1.12107047392445,-0.481814322259033,-1.18726586053056,1.04567600910368,-1.32178051077295,1.89184770122104,0.427954403044562,-0.329325344619706,0.0416383512594299
0.122296550404689,-0.515929519474059,1.54767661779302,-0.345183918530294,1.4962106413968,0.0926153770207821,0.782610511953282,-0.825174135956144,0.608278022215847,0.143872426738601
-0.344874260593085,0.570357289189648,0.573598221016113,1.06207959097869,-0.240794163178401,0.735849974876803,-0.445774462648115,2.11060211829986,0.0172276937641057,-0.297817089797998
-0.736408825559418,-1.34472768338521,-0.0159844596529521,0.259883316293079,1.95351209268639,1.01672828722535,-1.97543061119094,0.789563145618894,0.352920915182611,0.833444663039992
-0.208887263089237,-0.199964180403136,1.01889072510849,0.203139823400707,-2.06643157896645,1.29634014176048,0.0500209629424324,-1.19085087535123,0.191376873815935,0.752994728683119
-0.557437073286836,-0.0491791514127071,-0.409539083471422,-0.242237019945888,1.87961628195872,1.57600464355806,0.663287157614725,-0.08825307753849,-0.617629562162224,-0.754222979867338
-1.65077140185298,-0.0767376791951765,0.827824422745282,1.19628705720751,0.29776985572037,-1.30073985544184,-0.285488100582432,-0.647169341767245,0.826961879875491,-1.18119327617643
-0.775401941099958,0.581954510094837,1.57352087798329,-0.467673099380397,0.105915323305449,-0.661358238431042,1.44960468493985,-0.316246024528489,-0.383120830717891,-1.27363772070384
0.604206775972794,0.0931468480393208,-0.69552538391405,-0.127369841155843,-1.38473121428268,0.637702532724927,-0.657196432341738,-0.0543985208693667,0.0723670774065994,0.0747303024615265
-0.301886235557173,-0.116609300148164,-0.0908780822594723,1.03507259576095,-0.140662399551757,-0.621444140815757,0.0166958264128372,-0.427746753224694,-1.71359477919681,-1.4596378481821
0.353952834378443,0.256235996483052,-2.69586848092135,-1.77420088860283,-2.14915759714819,0.360823561131944,1.44742262175626,1.16786509642563,0.171031536310623,0.233191555859817
0.318030529521146,0.311380497507203,0.824422756548865,0.405192695475148,-0.760992546599334,1.18412392084236,1.18896662003106,0.098300711817032,1.64184241216084,-0.851035100843612
-2.0281097132132,2.36467924997518,-1.36675591798474,-0.885551434905752,0.390410865527664,-0.315922386135356,-0.0130685176594817,-0.988655570470855,-1.78943461098845,-0.34936485891964
1.12440385147507,-0.914429805208523,0.998806403646832,0.533122734695906,-0.0300265684581109,-0.258491800385743,0.849379275641252,0.178874514994037,-0.560200992583249,0.196662239544421
-0.121216125204198,-0.262680483655156,-0.187789388213703,0.0984237707412646,-0.0570108780927098,1.59763351753361,-0.73252337993007,1.50260253938257,0.440523723243778,1.07451415807131
-0.0104565752293517,0.671533632391574,1.3478771264938,-0.774824611680881,-0.789634559994132,-0.383634724700591,-0.169211803510874,0.918492577037791,-0.548640119024085,-1.45614009303681
0.0954220949518128,0.574153691982216,-1.3689467192703,0.0834786355905035,0.159411412645969,-1.13540370672598,-0.14347534868961,1.4503955458469,0.606165707541413,-0.405666471428029
0.380939446433418,0.135213302972156,-0.556964263468935,-1.87063364020925,1.36136657029971,0.428425215510179,0.650693937417097,0.778171764201823,0.273504288522474,-0.0167988793095846
1.29903510512235,-0.0453998252017392,0.00185391837036663,0.00805065755568605,0.948637652568392,-0.0423005781488657,-0.259972719245406,0.548795972939276,-0.0147984694770208,0.206157428291268
-0.990795887516162,-2.06588625826187,0.030355831165314,-0.931374177726258,0.473112916133941,-0.783251540561726,1.72236746077162,-1.004921913911,0.0886749384863093,0.638081236215729
0.836996578218976,0.0821006253589583,0.461116613935585,-0.904946567778316,0.704519930526092,-0.148656527739335,-0.578210066461036,0.990807847980732,-1.63163433351036,2.52825924035825
1.32486605098942,-0.229206271538211,0.0449394337853945,-0.850942519722223,-1.97986786504542,-0.0240292738025212,0.273256247153658,-0.407935056362908,-0.687892386097811,-0.642030032971963
1.11174131624552,-0.469316560547549,-0.48732108676203,-0.751925316439431,-1.00513848439125,2.10260829222935,0.549727165392439,-0.76136347433193,-0.418057729509813,-0.447426299600217
-0.989718612671271,2.62018027656227,-2.63404480726764,0.933445152973665,0.962223504745099,0.164684123407659,2.65336181240305,-0.846174142015368,-0.425562312532566,-0.825716007310005
1.32702150996266,-1.6952105953967,0.611349859894264,-0.7155910815187,-1.02391948917165,0.659663530927522,-0.862234377291725,0.948174245006768,0.185139779702681,0.965642832456445
-1.66826815191269,0.361599950617578,1.18146745898005,1.50012826941328,0.0353270365263875,0.160133744703799,-0.332466433377505,0.129179923639234,0.200386094894674,-0.0404884364976603
0.249387067519396,-0.0636490272342043,1.43067918122726,0.978396916072514,-1.22829397046933,-0.420902530727715,-0.939411896829471,1.22580225223768,-0.060635014378959,-1.6553998896196
-0.516592460794536,-1.00380560359647,-0.53314345873303,0.40882054673431,-0.882421262627717,0.863570435692496,0.730381434902355,0.480399065267658,0.450077007239738,-0.0952192544025253
-0.93408870613802,-0.610655293964095,-0.0994578907972036,-1.24265638398164,0.448655615120775,1.01229293810409,0.204291819371658,0.410326788387807,0.438510205145787,-0.291200179928353
-1.32460877497573,-1.44310107096719,-0.126923454501904,-1.21622935828176,1.54039723221558,0.688362878612991,-0.186690759402057,0.0155455888330125,-0.769805340954405,-0.935533420026255
0.662163879851057,-0.858082742304648,0.181058195945785,0.332980972027372,-0.302444350629588,0.572625754796656,-1.92217392348643,0.831910195083045,0.365703674245186,1.3152426766692
0.326787957180717,-0.297382156277852,-0.591680193310579,0.209412215244332,0.175450047542563,-0.62082808912358,0.991098123988958,0.486231438395093,0.545808521355112,-0.672737302146095
-3.08457190812477,0.915976230889349,-0.0923283834614821,0.842831355472572,1.31293322390307,-0.0329304845821944,0.443486407416246,1.31206647151509,1.68210291055567,-0.343331473302248
-0.548495603932454,0.664363259035264,-0.403773133471305,-0.955846102345014,-0.929409636034688,-0.718840132134897,0.121621830892424,1.26630828966371,-0.757953414130581,0.521529996685811
1.78904313536909,-1.24383430072387,1.13688106622429,-0.474852344729762,-0.73684984858654,0.296362913411707,-1.82595274267599,0.539084327865806,0.754267607805497,-0.10698273923645
-0.36685083952869,-0.989994840651843,1.4825959947296,2.64712458530423,0.829556191909663,0.736502733752017,1.41770859881313,0.653867594285088,-2.53393254146922,1.90259945014153
1.64805541402965,0.143014300484595,-0.848593284856518,-0.202189274076886,-1.32899278391223,0.254762839080007,-0.778211977010669,-0.865507127775902,-0.935902862460644,-0.651765576599235
1.41399939606295,-0.382051201675717,0.348541643949582,0.468918977481317,-0.766710582825457,1.15342640552738,0.590753376938198,0.442838046816961,0.852302719314544,-1.58499105403841
0.673246913334281,-0.599813029538925,0.81174422039837,0.13062891871041,0.530398210393751,-1.05496940991893,-0.298275522314715,-1.67904091194313,-1.98359092988985,-0.456051417140506
-0.597522919526391,-0.0204404236161885,0.47729675904159,1.80364626118137,-0.605616330434999,0.128645229346215,0.883367885311794,-0.196367641067544,-1.57546731593277,-1.02621814984883
0.682132540245154,-2.6181067828456,0.552895596006158,-1.52511485936082,1.2285827883911,-0.130611163868108,-0.106327822121028,-1.01928016956305,0.0667633479289784,0.46336355370747
-0.941518321432916,-0.981818370199766,0.655170629803574,-0.135168813797199,-0.70966650198631,-2.17598900380324,-0.237675230014134,0.248679936438129,0.228126293659601,0.852395824380209
0.603293824542358,-0.707330826010103,1.92992967438434,0.170324638502858,0.495186798842636,1.60033648118881,0.627465724344996,-0.12580988428435,-1.07822218970248,1.04269119486738
0.0782131469467758,-1.80698710287993,0.885859133062104,-1.52316701433231,-0.0212947791150663,0.932724961786004,0.0702671036217688,-0.4414572382087,-0.508562910054742,1.174324326158
-0.636656237098501,-2.21213302561426,0.737886971479477,0.455737931149811,0.224031350146024,0.750899542816056,-0.209315286652299,-0.557888799678805,0.855238380552364,1.971398073217
0.623609940987351,-0.211010651209285,0.0918382317494509,1.34785746264944,-0.596426319612607,1.07371623740814,-0.654728088947467,-0.0105435566466716,-0.446005462855856,-1.54903848078227
-0.332719058902416,1.99459656217915,0.991421231728156,0.35999627191165,-1.51199375123285,-1.63956722516652,0.952150555092883,0.136030488247262,-0.93088248970523,-0.579286727390627
0.365256473269511,0.681464612183021,-1.31554300566774,0.0691710056604559,0.540405572669958,-1.00830140567367,0.0699379999162817,1.20839885581935,-1.60716366648953,1.07569580464595
1.03866690994085,-0.328413097850511,-0.668694736781695,-0.994072586339995,-0.26524465102548,0.0503365240589283,0.960920254540867,1.48118353753959,-0.783325863489556,1.28049095051746
0.802119899719936,0.580979765235212,-0.642396764151,-0.34627457193154,-1.52596192836434,-1.50113539845748,1.07434964074326,1.42015360580253,-0.512234383786248,-0.310867166014051
0.629587610907908,0.219664241124827,0.253994554821451,-1.92102171487222,2.27174344300346,0.279154438241946,-1.07034864874687,-0.394791595081479,-0.179411750105603,0.0797733350480329
1.15655907252462,-0.214415052841839,-1.77881453965527,1.42052791301805,-0.958579731991125,0.00710097024567311,1.15687089089666,-1.33152306115719,0.873259928244739,0.0513267212401355
-0.899335018149082,-0.0251133819107928,1.20063129180974,1.30529607679666,0.774183415848578,-0.756239809706136,-0.987538876811063,0.220871320493801,-0.0270639841366645,-0.742327192162198
-0.121498457163657,-0.441964710213043,0.758509487590574,1.68155943582837,1.20184900779251,-1.25453194790516,-0.471488298921927,0.122094989207161,1.03267512107826,0.42503640152939
-1.45591259499874,0.238235790141952,0.206652278551218,0.55140965964912,0.754505638429113,0.873348401694251,0.199952431966853,0.237980284731739,-0.0898574713216176,-0.353713446502181
-0.186958869431213,-2.13866818530529,0.962488671376589,0.926648075629307,-0.16616817261848,-0.968110023912088,1.51646857833231,0.293357505910463,0.0431756700252754,1.52990534791473
-0.0185774124624837,-1.64082780988119,1.25636944912468,-0.510250843529425,0.723386667640178,-0.631834138610675,0.354393953325392,0.486390139154193,-0.680456003099942,0.782364989030015
-0.654497092103704,-1.31382500275974,0.134703897789868,-1.23375650055399,0.0455213372418031,-2.8721969710756,1.76674667115276,-0.369283749541013,-0.436065737803499,1.04024806904029
-0.0292133334530826,-0.958768965965241,0.994821185299724,0.390530232361579,-1.36434878649793,1.30217958377603,0.375645123331981,-0.607314877584724,0.426514458178481,1.42471323098173
0.0896716277425891,-0.138596218023849,1.54049733254859,-0.980564851096117,-2.61230742673003,-0.916002515285448,0.123921450617129,1.13751466961837,0.581571390648032,1.49559787432962
1.35821471608166,0.885925914466907,1.64507549227441,-0.749285036615775,-0.269493745216624,-0.738650486422899,0.923775066159588,0.140876488104211,0.93130221262766,-2.10595708169697
0.715541817437019,-0.137376440033133,-1.47222659662965,-0.52934308505051,-0.691748419258809,1.1976806237418,0.342855248411787,0.178616404335607,0.91682769406441,1.28434896701581
-0.212997545364417,1.11828782633145,-0.856181336398629,0.878878199254576,1.24265009368131,-1.09392654300718,-0.0766298112886271,1.01747387665374,-1.95782115740142,-0.489094230924906
1.12105531674045,-0.399620827468156,1.88808667670864,0.174051120049096,1.84531989316685,-0.598747683108487,-0.395180268917972,0.709401206548034,0.908272628393171,0.850532578101749
-0.284036876279718,1.42454678238598,-0.769349239320356,2.69703331768386,0.178451268614243,2.13945594813781,-0.546380075689633,0.718531597582128,-0.0847980395608776,-0.411133030423189
0.770291586697511,0.772276918551352,0.170147550416943,0.452362430736633,0.550434357696775,0.0947121461969721,0.806840307551103,0.524122163770146,-1.1947001120748,-1.23126625264718
0.116722806509444,-0.228432017725823,-0.963690445315144,1.50652448411051,-1.11018734780647,0.407619898802661,-1.3822186189268,0.361106392953305,0.193050798670598,0.405939669437255
-1.11994123589592,0.452898134842554,-0.476069178776226,1.10008830807096,2.49610092612676,-0.805586467506816,0.413169715371025,0.169607672093819,-0.265753935222043,-0.0453488557633674
-0.186994854388324,0.116320837173665,-0.899110904748672,-0.827696767704688,-0.275401850038609,-0.704412491911335,0.84532139329021,-0.379775063622961,-1.01173059231532,-0.838757846191683
0.0205730795413762,0.519762702904623,-0.614770852499274,-0.690879266574304,0.668948021982466,-0.31192361298309,-0.773473771139238,-0.12369478053403,-1.32234231289791,1.33619376885222
1.02521524087178,-0.290168148327957,0.846975680047379,0.0304358719055888,-0.604021641642531,-0.196688137157589,-1.73447612106402,-1.87014583915943,0.329886478664736,-1.3742592141335
-1.03417111854341,1.54166829027873,-0.931814283258454,-0.237365653093976,-1.68658834171391,0.537001286133508,1.21069008767137,-1.25443635562947,-0.396847420193341,-0.483370332977337
0.165165191238314,-1.03187407748026,0.165936957415272,0.851793504343717,1.50408187482948,-1.93138424573428,0.539466406594366,-0.0918839666883649,0.353044331967963,1.67988842596135
0.860527802946233,-1.05801728216672,0.347342300331031,-1.25940521451715,0.466657570936324,-0.720428998649528,0.458397168916362,1.10954076128911,-1.33334186228655,-0.284918579155962
-0.434796643486338,-0.000642462126817479,0.0794007858794464,-0.188586615214485,0.114382658613861,-1.17553321976434,-2.43184013247486,-1.06256427848016,-1.42276974204387,1.00047457865191
-1.08955904536632,0.547197506193586,1.30940760269058,1.08525308805838,-1.03140282995826,0.432195200452189,0.261905694918317,-0.540720360227968,-1.90966163178839,-0.0414783955651655
-0.715840761915589,0.747877070694747,-0.345512948792797,0.836901547773481,-0.224601435205369,-0.263154004496383,0.506443153516761,-0.355546457010108,-1.19427099400447,-0.810243866765693
-0.449673528758163,1.427606061571,0.540292969828125,1.45538967199239,1.25485606578048,0.110919166775375,-1.18584583573285,2.22273715544413,-0.354470658723532,0.664240577977015
0.738271706029075,-0.272166213518838,-0.437457858768673,0.030665561114477,-1.67920570378592,-1.19765350851339,1.29785513593264,0.326827765232726,0.81204671023513,-0.300958554669728
-0.182493936115994,0.580321218316252,0.446263352888284,-0.0552992857716766,-0.0331678342199157,-0.698639194031562,1.14703255906484,1.81356416142299,1.21308426076368,0.101548073876418
0.496830409994782,-0.180228548807591,-0.915100044967118,-1.77183833600673,-0.969296892320804,-0.731659055848259,-2.11395154157827,0.483987475729308,-1.46859880987445,-0.491758273278441
-0.708357563388667,0.0907327724343253,-0.297843179931095,2.25924860476633,-1.04255032900308,0.685263376547342,1.50795386562531,1.06217924780357,0.173731271128076,0.740274452219303
-0.197219156670158,0.00210967597499259,1.04919225654534,-0.267388839431807,0.646240935880889,-1.47478894512079,0.202072921622406,2.45418074661512,1.54861554876392,-1.22502588529239
-0.978647999231882,-1.58286484749546,-1.01417376843102,-0.605533314785029,0.294329576015545,-0.292565344124922,-0.220115196314289,1.61042866465108,0.153075673304028,-0.294795347185346
-0.278754066489483,2.38358253327223,-0.288313617095444,-0.553502003214097,-1.12055589695397,-0.372431570908291,-2.50650908254336,0.314701826820022,-0.860803721081574,-0.197783345106709
0.570761304118124,0.288453839944303,1.17716919274089,-1.34614430862441,0.0815152792993059,-0.881155382760545,-0.429951144875521,-1.10410594572135,0.184854183926992,-0.0898388976950333
-0.568909796014368,-0.076502884717608,-0.16207594499842,-0.137603127175516,-0.25951882520233,-1.07390140425491,0.434225905611245,1.0996656550137,0.506813862730914,1.77679504623483
0.576456428486354,-1.88448980336191,-1.80610515586378,-0.397531379645423,0.468277385971543,1.43577526811873,-0.36858306639372,0.261569479833898,-1.05250891449993,0.72260910990467
-1.36756701410026,3.04035468963409,-1.15446920214844,2.02461571958531,-0.0206271634491872,-1.5100031499352,0.580866708156612,-2.07965571594967,-0.742648140908638,0.913920772149301
-0.0380056505177746,0.575079744495994,1.30995596675716,-0.261900816316976,0.181831685383904,-1.17060130972834,1.06126824526635,0.450033192506623,-2.00241517236193,-1.54639693714185
0.379953826503628,-1.50261840125184,0.858978542030288,-0.0798013997109864,0.161887996121059,0.967807311536707,-1.52214871091335,-0.772001939103874,0.0321341809789529,0.0336087308224683
-0.535428292066596,0.196666322518661,-0.72865968874532,0.0309999062830508,-0.573970837059061,0.539968049466269,-0.918687629991675,-0.356271317302884,-1.27458395211816,0.0982886875386921
1.01968529905627,1.34161251997979,-0.929559379216645,-1.60407863090225,0.339783454346731,0.0869307914230647,0.665591359140266,-1.06753649362395,0.569486183589015,0.730466181708286
-1.14312055825791,0.692077091521092,-0.552507294530314,-0.489685212106964,1.23970215078253,0.531616282551271,1.24751462664485,-0.889408287512639,1.66292522682945,0.0172237424109104
0.925633030626063,-0.0800304104987603,-0.146414624342929,-1.64767461807781,-0.531037887955447,1.04202955379928,-0.031093041082585,0.772693039170983,0.0235729674410675,-0.266215429471021
0.456075275003318,-0.412554216982127,-0.0276194137103209,-0.311768959421006,1.45354521230147,0.2540428096323,-0.916776482904212,-1.73441977151032,-0.62405660253409,0.0422335290491353
-0.15096701182087,-0.884981915845399,1.04153018375691,0.475658223584564,0.523631552143106,1.3622424648902,0.470505300219952,0.906012565573723,-1.29064984675839,0.137099335952652
1.65022439187368,-2.30682345669459,-0.154685617172823,-0.692568253650141,0.300262377073067,0.109774286484568,-0.788352165121187,0.452014618856231,-0.863492085114686,-0.156102951754028
1.84831781914622,-0.419224884024774,-0.533482739775197,1.37604672406657,1.40337289396038,0.395845492949956,1.00485798455524,-0.0128213260097703,0.852721239424418,-1.46677831473793
0.854389146949898,0.153959798589412,-0.606954145701585,-0.555218772126184,1.43808106455031,0.630745661256156,-0.420872236112956,-0.867173797073348,-1.53257539388121,-1.38978787988434
1.63373728526699,-0.988447202101051,0.766326803738224,-0.0744996020307316,-0.826349387003784,-0.812577055138154,-1.93929566271385,-0.40401897383225,0.450785776786356,1.04341825684084
-0.551386229343332,-1.5892966665728,0.798854746642146,-1.6185398746643,-1.4678746247407,0.702480602490811,-0.360782999171353,0.342841783230671,0.643358923944754,1.14731970513054
-0.511666856506513,-0.188040738189549,0.240137480149116,0.343961236996398,0.959290701047355,-0.908726813515575,-0.122261749124565,0.801726532052578,-0.348698037545357,-0.217659137131113
1.74082218364552,-1.39140390613115,2.22056818152362,0.663331912997865,-1.15716501187577,1.91439612363136,-1.30278768173185,0.769838682570418,1.47859623660639,-0.706334447724008
-1.31018047826912,1.09653579410834,-0.127869067383245,-0.575638477233235,0.723043761987726,-0.532598932703299,0.114133155633248,0.491868732965784,0.552334416657063,-0.337658329282427
0.459595875441349,0.684472639015131,0.317488192785446,-2.81975018423917,-0.031670931441757,2.09240888810679,-0.950746794150967,1.6560478619218,-1.11605420843548,0.283300075454847
-0.21140370549485,-1.05482296739393,-1.13270417110557,0.625377596171432,-1.59437755410814,-0.0721794133375925,0.112036604587114,-0.58035520432855,-1.45656891300202,0.0393247308789037
0.174167737598395,-0.563576085660938,0.250649486149201,-0.92895062061767,2.400400900088,-0.662889384474316,-1.13703639906568,0.673665021325975,0.403075213269001,0.585024533460525
-1.10250315843552,1.33747849328923,-0.469432718903595,0.787896913312247,1.30681307987684,-0.196143274356065,0.782485898147457,-0.332847692569281,-1.09139730064776,1.56520630453612
-0.406462125890075,0.323064191208453,-1.12713878721619,0.574943921280339,-0.96968195200508,0.290333872112803,0.673295648560042,0.571245901055527,0.570285180240118,-0.692451131998992
1.27149252381585,-0.738678460628246,0.401849018764551,0.466980074571521,1.03571374424222,1.12625296025678,0.248410395581677,1.23949033977824,-0.931258620318448,-0.14590627372758
0.763068659767484,-0.674054844879588,-0.804394732834174,0.571146789803989,-0.447883070298919,-0.749339409258484,0.416181112505442,0.38666967358538,0.247653588696554,-0.444777069619051
0.0339862499125189,-0.254020612908898,-0.0181673964312386,-1.17038787748705,-0.756084688755381,-1.98300664522064,0.111675584570396,0.148271506772961,-0.466475377819777,-0.780739597036418
1.30128342255424,0.663654161410694,-0.3911421083464,0.0313854380753691,-0.48635824564042,0.522937282875638,0.166046517595785,1.27529199391209,0.543028889279894,-0.610074923037768
-2.10109077728834,1.11369784929232,-0.870115026250955,0.135168703574024,-0.0330877078182003,-0.770538278207368,0.990658489934466,-0.580969713299161,-1.28448016488686,0.0996329901305763
0.513784843829421,1.52338318163133,1.59732869746312,0.0469429980690826,-1.25379694773505,0.32460051525291,0.0987722813405493,-1.1861343042856,-1.55908437543638,-0.208998152849894
-0.717104892759412,-0.604394809288626,-0.728511109056849,-0.0112652075999569,0.471946118746598,-0.147632915834856,0.400882733784524,1.2328386479222,0.670439867607961,1.93309338637741
-0.114190831355774,0.148524662177536,-0.56440555135378,-0.426047322210122,1.3535375038341,0.602934607891375,-0.00130342897859353,-1.73594840473987,0.304579832196148,-0.45880063788359
-0.349479832799956,0.454340019213341,-0.686574650501315,-1.10066894920377,1.95809306486704,-1.63251474372393,-1.8469727990036,0.0251423186872059,-0.231233103346368,-1.51866030005061
-1.53812105153437,-0.0863239021224736,-0.0369118265812999,-0.38872563816241,-0.650202819272708,0.894696162618716,1.42399134186206,-2.42964438481333,-0.587270816602914,1.0290696842661
0.821627597522421,0.170034244277765,0.209197592446406,-0.3810327458385,0.00861719801446667,2.73953545702064,-0.265173268553634,0.815028889997042,1.01507743693565,-0.66441835865232
0.343243820040649,-0.736606068500717,-0.162518289431709,1.2603445732582,0.570570693324708,-3.17603427846834,-2.36940319189865,-0.408030320670283,0.156407886883723,-0.423633724769156
0.741251000483449,-2.15790055515122,2.35212309859795,-1.7678108155414,-1.0274580016815,-1.31416569636175,0.00295006932989005,1.21801804084351,-0.807474223469121,0.738200447485009
-1.40964698805755,0.603925110437417,-0.0456192490403646,-0.310956206425594,0.0095015564292288,-0.240889794634779,-0.287011538133618,-1.44219130255859,-0.821419197920283,-0.419777731339196
0.665010888870308,-0.801667932439434,-0.244089597820947,0.426368081795874,0.44280837313793,-0.185234238393465,0.140491346991706,1.04715333992505,-0.0207325375166133,0.819184764470026
-0.37414262168803,-1.0154221597995,0.0169730530195671,-0.849483320974811,-0.117394097896947,0.824858936653083,0.327712732554379,0.838565498425365,-1.0504718772502,-0.473948608638291
0.0159783751664091,-0.996896635225037,0.959977493095959,1.75398878570347,1.13028352462639,-0.289769756987377,0.995759208323519,0.949715213670908,1.82109553981931,-3.56495861348846
-0.0384078296470264,0.18458876915287,0.237404667752827,0.873672790334796,0.198010512082403,-0.463708444434236,-0.883724617927726,-0.718973540518776,-0.653910609853494,-0.304738099071918
-0.206503780195513,-0.4307911746167,0.324488818623208,-0.973608889700379,-1.10376531659555,-0.245239390241146,-0.568243741540793,0.673293600093639,0.380172934283393,1.20871203015174
-0.852354111976646,0.152125737670764,-0.422421768960701,0.417094561032067,-1.76054935468784,0.496231749645473,-0.18640273270142,1.24497704041349,1.1689768897576,-1.02862056575357
0.491169034149645,1.00053837254936,0.242052862543479,0.481253811157613,-0.427497377519345,-1.15009150031027,1.57043293895428,0.700561442200228,0.928656520107756,0.11423516392387
0.517812710855264,-0.223627464276101,0.76914414679742,1.60890473211666,-1.14376124497767,-0.224189119669566,1.02119159386805,0.712065857208442,-0.554465502932968,0.799844751401949
0.42462881396918,1.50827212685577,1.40851752028555,-0.0569193210269967,-0.570230866084828,-0.833739080482666,0.0694423082923541,-2.03053638148152,-0.3320717127871,1.16055435593868
1.74588238546688,-1.24595725588039,0.64431296262158,-1.81164230298497,0.130877243910808,1.72626036858668,0.89225467503452,-1.14257395706202,0.410718652186313,-0.440460052556965
-1.45258538411484,0.107198187064852,0.301772566222995,-0.585338851206328,1.3981597244354,-0.954494319420588,0.219930067106082,-1.29494876110742,-1.18242864534517,-2.00480513264954
0.64243189597456,-0.359704642217827,0.72004627510973,1.56857071663797,0.291102518259758,2.39403442111439,0.0112469933129127,0.694513126021237,0.119150850102102,-1.43717829663588
-1.12438727087536,0.703999893917658,1.10621571764755,-0.791722159603382,-1.85865578826039,1.13878961706937,0.135041087666339,0.414999511012417,0.212911079498633,0.532328774211323
0.655955809811764,0.93970643289471,-0.900606299544042,0.139022739732944,0.59836737344114,-0.998289756788278,-0.134949025554866,1.41436582243632,0.759860153067604,0.878594902333417
0.604627042218585,-1.53543031752308,2.10984230391602,0.0982450209224041,-1.68749564578525,-0.158701376027466,2.19792200335426,0.25850720933892,-0.446758730358286,1.04278219438617
-0.0796605335531922,-0.886636186237681,0.644728131856279,0.942700548742809,0.800194015183586,0.280320535391522,-1.08936070530776,-1.74880416710063,0.527558704621791,0.284095212146586
0.28848668231099,-0.768181957481874,-0.532632684876143,0.0186582240233567,0.296061603328028,-0.00171980399213582,-1.85073775920245,1.52086741648021,-0.40189641479719,0.60989376514789
1.5366613707235,0.262607530720806,0.607826311655234,-1.20158400875952,-0.525635626527178,-1.06839964680569,-0.964885253990313,0.690663482085807,0.858266380093565,-0.24576255719344
-0.401916246374758,-0.146160370090014,-0.231572410957646,2.19085904722754,-0.784315561476897,1.27346089743505,-1.7642780518061,0.229469146130619,-0.934070592786965,0.73552560827394
-0.930914079410151,1.11762044086099,0.349531644023655,2.05832458869081,0.882483681844917,-0.527769557234601,-1.08705805413079,0.121043581779705,-0.39249389921415,-0.0700507893045819
0.726318405121468,0.00954263795800597,0.112066182511547,1.37827668568932,-0.323010001092799,0.61845584436387,0.691494681931204,0.713020901081166,1.37023470949545,0.306088951116856
0.530743876588568,-0.0979539621405568,-0.869266183872725,1.55841307276062,-0.00500634029229911,0.164931411790592,0.223877755247131,-0.330514251027598,1.43602714518087,2.57527208297644
-0.122012032624271,0.340108837852534,0.17864218729938,-0.58483661315692,0.956571656711165,-1.14490279575861,0.356069699000315,-0.593674187439527,-1.17556679521337,-0.306547481808481
-0.14149288535949,-1.34622450463109,0.0753042317213907,0.514439979647423,0.36098714500146,-1.13807652822365,1.29671037268876,0.00691371344946655,0.897744051788844,0.427567010935988
1.96125648987199,-0.716141890185595,1.38873667999268,1.93686760692419,-0.779992548191933,1.35820690836321,0.292895793692161,-1.16786955382663,0.376786049767907,-1.04328362409195
1.89152825266802,-1.68122972703483,0.305574654846116,0.750726642813221,-0.0410084085791663,0.863209791037273,-0.711334293606384,-1.4591980346819,0.759358005455765,-0.652812624758598
-0.558593743352987,-0.0910088506294051,-0.0906247729936766,0.465437001353814,0.602939711611429,-1.61088799219299,0.260934230148342,-0.994259060952487,-1.32462622981541,-0.358226673469319
-0.62199264644477,-0.462398964532558,0.723810219787328,-0.96110863448487,-0.849244341584683,-0.0995024037824537,0.357714758701533,0.838842374664557,0.92174083542735,1.17620314966198
-1.38399336683615,-0.0239918406809735,0.239050128772937,-0.0273724920519844,-0.062913952780266,-0.121838109050427,-0.122298355163189,-0.162125002595221,-0.253854265329255,0.361302901329416
-0.000566176358614527,-0.35938417144603,-0.17515795204313,-0.145251023061436,0.0827243603568409,-2.10762652824056,0.0348020548814376,0.915960887720241,0.865748634381056,-1.80808361596115
1.49954883957973,0.187364470351161,-1.15428641116472,-1.09095347020703,-0.99815992297546,0.900827821550061,0.68186136440007,-0.479586564478156,0.0373383366029507,-1.03346727104479
-0.300242687880578,-0.209017313403499,1.4080111287159,0.598052275195489,0.185867381013508,0.813724015704697,0.564946747252176,0.513086519727795,1.56425846783956,-1.28363606272094
-0.413817003541777,0.12389844139095,-0.685904581650685,-0.835018809272758,0.923505096971091,-0.346244807705035,-1.90438986428904,0.362218787581411,-0.896692418919291,0.787711722278208
1.75128559386588,-0.588331628094329,1.37633893838507,0.207059124436561,0.59009597350279,-0.504064859802243,0.244843807656767,-0.133333518555291,-0.227959628919418,-1.50202885906387
-1.19199598919468,-0.203461434573999,0.801366751241656,0.350439703599272,0.345816815833059,1.59830577758443,0.507148545498375,-1.39475620885569,-2.25260407589378,0.654439551386272
-2.19164522334736,-0.58404297017078,1.94169235528814,1.46675410516409,0.435722103881992,-3.85078354737177,0.408099516292934,-1.0740684329393,-0.665078881761689,0.886773928778431
-1.93630720337327,-1.19020722687576,2.37978348315733,-0.567845633029752,0.940976059930599,-0.759221368413256,-0.866357267831072,-0.311828963109606,-1.72131788038396,-0.882121945386243
-1.74703712496702,0.373087750034131,-1.64167995922334,0.655713523129571,1.19712818528048,-1.10365640099059,0.110846699213379,0.841507046551315,-1.30571176239125,-0.902287307403773
0.277201915859168,-0.890930632160201,1.64286856599197,-0.923130751137996,-0.31642958126479,0.109109453605998,1.02765064142432,-0.885386209981393,0.678984886009167,-1.97318477368002
-0.841589538069546,0.0342136951260151,0.897415464878064,1.64726194294069,0.680428698567233,-0.200832304874695,-0.793135333574172,-1.12965860574279,-0.367919021084811,-0.39318183169771
2.11017271729649,-1.67457821356359,1.06622370506396,-0.531421758420533,-1.76874858792069,0.214394085667139,-0.165575553755036,1.94014818198258,2.41454136024166,0.820845868272893
-0.399506062516383,-0.302320723294437,0.327295156399687,-0.812919087420431,-0.621759636996721,-0.4589322375068,-0.0723886579274095,0.757909516058922,0.372227643041092,0.856982596755984
-1.04120431420262,0.209945856577035,-0.45560105508865,0.472456654797604,-0.195479465637206,0.781643756073727,0.91014483669102,-1.0551619634281,2.22500658733669,-1.24571879893983
-0.15022681563522,-0.12097654585116,0.8590602037029,1.29001535805134,1.08002961100454,-1.20205129477846,-0.125752319706712,1.27473903994473,-1.18671872636932,-0.205715825243512
-0.730129607460183,1.16450972800129,-1.49826598569905,-0.704898903729755,2.14355067803872,-0.0635812644682665,-1.88912278065186,-1.09783005167075,-1.00403532955079,-1.03363654542318
0.748292625680428,-0.771211741169293,-0.524314199987989,-0.990351624977876,0.719918497742429,1.62224211277796,0.641145520684313,-0.243093140765581,-2.13340789610141,-1.45501623459613
1.64184608897805,-1.00709329304976,0.618083977995389,-3.27954868263745,-1.07641504191076,0.306368519838084,-0.300941147523836,0.262447005357725,-0.819770159354555,1.11856178249578
-0.306961492267686,0.939541412765783,0.632364908480542,-0.471442528891647,-0.0404870466179238,-2.2600318787295,-0.0426786260915375,0.187809663345624,-1.08597687971349,-1.41536685124184
0.771302226909007,-1.13101497906585,-1.19823544587366,0.950083468136586,-0.423891410097926,-0.37748103948516,0.378083029073142,1.52387988412315,-0.4696592916363,-0.0740941400428946
0.388598017607316,-2.22808606738124,0.392363928818916,1.60001621982035,-0.459593934052682,-0.444139740151864,0.168837127023236,0.479519463583603,-0.381525508325501,2.03231987485155
-0.141001775953068,1.55153213864206,-1.89518744407383,0.938768296186756,1.8830950200947,-0.790941099232295,-0.345965754504156,0.972754312883192,0.0905829385264356,1.48364382694116
-1.10819750446962,1.32677793141121,0.471520053637425,1.11605228298933,0.901604297187385,-2.83724211696402,-1.28072102240781,-0.674930498810617,0.779825306213491,-1.73899526006997
-1.07300108891363,0.78208975349382,-0.96231512995993,1.19252605589065,-1.28917157552881,-1.38655105561732,0.82864543445251,0.303582827654614,-0.0391276962963707,0.783610627511831
0.648542375913067,2.23564051629368,-1.60546766774386,-0.483724095928227,-1.08081291059161,0.562949517124611,0.187282000528501,3.03240956948553,0.325601945941655,0.0509943854133122
-0.551492290754438,-0.0118777735096745,0.240309152282587,-0.380039004994616,0.338219343002829,-0.147761659780595,1.03008337054094,0.326758061487099,-0.132093725918501,1.5424212438171
1.51252707852903,-0.22966310372554,-0.00571596239395346,0.428367166336225,-0.737008171550511,-0.0981084990666175,-0.530997874065283,0.117581790966245,0.806388189530421,1.11541583179099
0.485884547167098,0.143460966967979,-1.31277138507992,0.428387678277618,-0.319656922376488,-0.23635635914803,-1.02935420143125,1.04463390572515,0.521563060921932,-0.481150831506085
1.20859609961571,1.74214981142231,0.467889348053089,-1.61936592170397,0.790509689818498,-1.32334431694412,-1.32204104713786,-2.2923572171385,1.22886136659052,0.292940555670947
1.55598654042115,0.915204450620177,0.845011244035505,-0.043828662663557,-0.455718839798757,-0.868471876233101,-0.335042338312522,1.33227846729342,-0.839199680499681,1.09078867709861
0.699064732514056,-0.745882808772859,1.61459698896615,0.233980405387276,-0.44314763443554,-1.5277354581907,1.07316146419372,-1.17688601631527,-0.552808275644659,-0.817412004161797
0.674778592353238,-1.03945250701003,0.741006055109966,1.26460661194316,-1.82235236730527,0.397662892128946,-0.281440948767886,-0.56594446469902,0.781547817223681,1.00546466125212
0.724686681897867,-0.156565017261786,2.12334914727986,-1.8392706528428,-0.328381764212528,1.03827723061169,-0.274079616387757,-0.359432658599764,1.0717655631786,1.22111315198203
1.44539676984991,-1.29686620868342,-0.80220691289012,0.112133976116722,-1.09062179477167,-0.720039267204032,0.438661504483562,1.05920136052705,-0.209169050654361,0.229878978015674
-0.92250933472623,0.349836095359711,1.0214007943618,0.630597224992786,-0.299744576677945,0.269250437125823,-0.988854034282603,0.351718012263785,0.686058452675755,-0.669901210954814
-2.19647958930269,0.0296356479298444,-0.416344251288827,0.977130920808451,1.30867325236205,0.0109640782760858,0.115392764334736,0.924966279329117,0.934084388010443,-0.858726628472035
-0.110757804619129,0.242083702105686,-0.742341306172524,-0.495193839395102,-0.395140058110421,0.237403542749946,0.4591595707451,-1.00858557763743,0.0134729944661895,-0.897004173173477
-0.578557703501482,0.0420014654612415,0.627689397070219,1.26095570232882,0.568151483525338,-0.237651867866718,-1.03319836314091,0.655676457121535,1.18342484326419,0.000336668118241914
1.19867471585152,1.07324339230523,0.540866974071684,-0.893099520824928,0.22305451830818,-0.952012012515696,0.270651481120422,-1.47257503846524,1.18575745974896,-1.76764398488437
-0.78798446791657,-0.0135877932565111,-2.2216313551302,-1.13663679551259,-1.00862210994614,0.0553867654964387,-1.28247331944654,-0.972981011662888,-0.0731700856313511,0.898578573433601
0.017908333557359,1.47614022524092,-0.587658326844275,0.0402838401483377,-1.95265043429907,1.85240151815728,0.631769505794865,-0.148315745457444,-0.0096765096490752,0.414048045927311
0.241741845530107,-1.54366373181641,1.53796662894481,-0.176779796241102,2.10636526734171,-0.974336558024176,-0.569889561192056,0.0265429193906789,0.151961898645046,2.34037825713061
-1.4569829350344,-1.5626133061362,1.77972353272039,-0.640597773004469,0.737956915411592,0.951774183718791,-1.72320132686756,0.524112228570171,-0.737070861843577,0.457316493989153
0.189852725167961,0.234125669100666,-0.303410222091384,-0.488892026266724,0.661259931509978,-2.03220547933035,2.56251394582027,-1.67971637795078,-1.62388311120692,-0.198957015829025
-1.38742494875929,0.830795370077493,-0.77061672666218,-1.43584703799979,-0.410176052543706,1.35724852575006,1.13156164789671,0.186296563804778,-1.15758529322321,-0.94858928143384
0.871186647743008,-0.463346548904276,0.138567510137946,-2.41690422615821,-2.00397277993577,1.87145764113862,-0.444074485188707,1.88789125042663,0.582905282064209,-0.607092928565515
0.580764927716648,0.102550418463063,0.423635436587491,-0.700080229678148,0.00376484494417925,-1.5397964593519,0.747120339813643,-0.0380358075278617,1.93478461262895,0.254302983700753
0.164606347683124,1.33783531026742,0.592713490429508,0.376817009242441,-0.243284933528332,2.08347005012736,0.314881915367483,0.36551917045788,-0.384706875650543,1.5669976460973
-1.03285401389993,-0.468274655006707,-0.270726446730058,0.924363335667517,0.0805679126186831,0.623512225707692,2.62034063493718,1.35800384567541,0.577642169490627,0.399015874212854
0.559617113826566,-1.23673425757611,1.6046371324374,0.0116870896210718,-0.135071745530578,-0.827166954751452,-0.463231967869114,0.807710317372275,1.56960556094152,-0.916106285958633
0.117289147320958,0.302514460251459,-0.961553835968402,-1.44612467378649,1.47339478215521,-1.70558293324707,-0.171546191505453,-0.745768420064919,-1.65118379256156,-1.15811582536932
1.38544420589806,0.27054791345099,-1.96199753199111,0.732459968691117,0.960375731394259,-0.403864354251145,-2.11782323881166,-1.69835227691109,-0.805356308857275,-0.611761812721904
0.3308522100167,0.882675653752758,1.07527101286398,-0.519708352772323,-0.0879677209514383,0.122541905080629,0.329021790795468,0.148574858457489,-0.307643313151625,-0.127044832321198
0.723630492650007,-0.202451527302244,1.59776398079976,0.0245014442989785,-1.45768899569908,-1.91422784994149,1.83397631373967,-1.83856671274379,1.01541784836681,0.286923492534258
-1.91405228813579,0.19638450617264,0.804108673581658,-0.940941698743584,-0.137240036145522,0.570974310167284,-0.558428863583376,0.225146983795906,-0.526433806652278,-0.572555463622087
-1.60682929969741,1.00640252363847,-1.75684650845482,0.37539140058899,-1.32797980519325,-0.235363787034847,-0.206171334162717,0.0824336401115297,0.111952259845322,-0.990134272499296
-1.78345436972874,0.367453876010894,-1.55260584652523,-0.194149625349741,-0.74374179709897,0.0101066468302568,-0.613870046413562,1.03760171204126,0.244440815182859,0.494797059912758
-0.670963842646276,-0.537934051638454,1.46070966799362,-0.0432962546197956,0.835784362507635,0.760355841174341,1.13554781468983,0.0928452248621452,0.129421306939873,-1.1460898793226
-0.58470518827271,0.204093611017183,0.85535897833486,1.48391241453884,1.07063700831696,-2.07534406418565,1.90529522137124,-0.135424386911601,-1.27902550867771,-0.407273565054736
0.390564137167611,0.866085095322461,-0.950373589290461,-0.26421049323489,-0.153661042008805,0.549755000095329,0.016749399737299,-1.43305722374945,-0.20100668482196,-0.0310621473810111
0.821200924947694,1.77706374991067,-0.628809556009347,0.338960850304746,1.10262252560354,1.45277573126245,0.460031643156011,-0.719221480649045,1.14236624427484,0.114715098865185
0.76548991530515,-0.9046077552412,-0.254496192994546,-0.83460184020252,1.29723275145732,-0.38840880679016,0.194328209326796,-0.899465179046674,0.610267436316489,1.57821335869915
0.22537323066294,0.970207212392829,-0.787212155477939,-2.15528021458658,-0.675949318761058,1.73119197812366,1.62503432508929,1.51971530081707,-0.238724036243052,1.49544916836992
-1.43732895296587,-0.0547430438173397,1.49280862449999,0.890977442855643,-0.848791369372426,0.295033804395961,-1.51023258988077,0.585920961404249,1.64798399666409,-0.928893076352162
0.902373546076637,1.29665921673949,-0.624657108674934,-1.76678954508079,1.01683628682773,-0.363355903887014,-1.51979841881003,0.556899595531015,-0.617964634355091,-1.20563490090765
-0.687988539915753,0.14171108105135,-1.93182809006638,-0.56314818266832,-1.45486581791897,1.59150398703426,1.44870306007371,0.934548300386642,-0.597391211430038,2.37613917338127
2.2203089749868,-0.730791604663479,0.664704929898433,-0.340899307655409,-0.826755633909911,0.828606491276956,1.40321998262423,-0.575930035158377,1.34149008650969,2.26629182999876
-0.0809839850232953,1.08465489682564,-0.641139807782461,0.789808519442143,-0.0574196761652333,0.488802280032097,-0.1181135871887,-1.61724273883259,0.167045169016239,-0.573220403381918
0.0638383887681453,-1.37660056424143,-1.04008794230561,0.965250822162954,-1.37804164871219,0.722339206842432,1.01230498361928,0.0728612869253617,-0.343635293613867,-1.03481683618586
1.14523297328416,-1.3429606274637,-0.0236631641692362,1.08526805288768,0.221368898227038,0.896850274966938,2.40174887252199,-0.423553985565529,0.334201301517898,1.1888030712782
-0.591086773013399,-1.00629965077723,0.491033487104541,-0.488861123643528,-0.135235835372668,-0.897667862115948,-0.971493471955593,-0.412785125913113,-0.266203650087562,-0.797124927503952
-0.480003134492437,0.921980806850234,-1.35676576201212,1.23809795801261,-0.0875480325955725,0.299581821734351,1.2299961054006,-0.932510479393454,0.819696656773216,0.245039445252404
0.493015620115875,-0.428937173582314,-0.55043151153227,-0.556177781776546,1.41205044613516,0.232286446577939,-0.0215061755896456,0.541058885388655,-1.39525799449608,-1.38833731566535
-1.11781296643797,-1.71474702511372,-0.705484843641805,-0.430424598345234,0.160981978406923,-0.405696272193758,1.84478427915775,-0.672474217122516,0.082378517634909,1.47867148866057
-0.787619056076708,-0.672061166455522,0.548846643181956,-0.615100339517986,1.28992206123724,-1.08231225104002,-1.48492174546839,-1.1945327535081,-0.0695288343297403,-1.09285811085254
0.938308543106661,0.131343388276573,1.12806722129846,-0.518599288348558,-0.766270694344074,-0.193806135348721,2.39243603302693,0.983217678811928,-0.952568886296699,-0.602146568159572
-0.728716002053128,-0.10429286816071,0.571847282516276,1.9198652850996,-1.01946127386684,0.669945454766331,0.543174018065076,0.971338704473808,-0.549445493529114,2.21494756400738
1.0214540614455,-0.342000863074624,0.850189721976748,-1.34846708054267,-0.892446458200801,0.905326515732484,-0.272895166535583,1.21662804417367,1.37347393395199,0.994913532587058
0.0869338925664729,0.620393840015449,-1.39986539407651,0.655819912307291,0.697843210975922,-1.2788502414837,-2.11670718292113,-1.6900034561904,-0.768211874956323,-0.975041705710735
-1.37068135845284,0.581954635672414,-0.578005980595889,1.12730368761551,-0.422486405826645,0.507754069861639,-0.830635502831381,0.370127128795364,-0.703663196743974,-0.651060273977517
-0.22762726133589,0.043008746370314,-0.0737124685513841,0.45769991186548,0.562447745642329,0.549713053466773,-0.917229057463676,1.35047859709315,0.51264433657151,-0.00156129118510615
-1.08101007674697,0.876463636261751,-0.155826288273366,-1.15549115057471,-0.802569365040557,-1.19914321648345,0.0474721936976335,0.69371273373466,-0.0162053698008628,1.49835231508118
-0.555640080667266,0.835589913872362,1.78786277356173,0.0758473219082816,-0.0897212277543855,-0.975293420200757,-1.41885627515231,0.454285200974989,0.717730276303521,-1.42230492573454
-0.54307966635379,-1.50709814942172,1.0395480925812,-0.93932472311476,-1.26300604181508,-1.65456523790893,1.24342351786946,-0.262176770930344,0.098082372040664,-0.856111974916591
-0.341336752856244,-0.587519259823237,0.217195438568556,1.3882980774263,-0.27873802250095,-0.132388051326242,-0.639052180997433,0.622169440980786,0.670212587739186,1.21198547190234
0.351753861435957,-0.900636322479644,-1.14150579883379,-0.763798489900299,0.713182449986764,-0.0853184326604766,1.04575185536669,0.106548870236604,0.329183687262553,0.403958004138644
-0.135314730221479,-2.29344229407431,2.55409941348026,0.238354420444843,-0.0622375026264476,0.0910246447491428,-0.394317153813121,-0.750005986242283,1.37335083096534,-0.312567521274714
-2.36750905913368,-0.375924191336538,-1.21149668217949,0.45692219297837,0.248955853773299,1.18034744048377,0.977347135659237,-0.66486617064274,-0.981332290832846,-0.6702664401545
0.35173515812798,1.24074369225288,1.59801632856261,0.891470507561098,-0.174816668008525,2.20041166844775,-0.018218663871237,1.38669222540596,0.360137579957403,-0.280375860762365
0.264116523144307,0.042897498435305,0.176792602398887,-0.0583572535604562,-0.392403205889783,0.0683566269297813,-0.987917431765084,0.0829104636571156,1.53298463748192,0.270271708983665
0.236351721622273,-1.312981771331,2.10786159156917,0.139251588156985,1.88033124239694,-1.57091123677369,-0.334817082776475,-0.459073925118198,-1.29128214203593,1.3167095687381
-1.33183848103538,1.2784803082354,-0.782099928104432,1.51657407593785,1.56956470677679,1.43153386426128,-0.772488419151136,0.198780652598597,1.18911002547019,-0.426990684549118
-0.688033668070531,-0.348896584025013,1.34617894852944,-0.0384869453448398,0.635322815861896,0.796119818143796,1.31573895526679,1.71415949501246,0.0833715076785623,-0.748717252478998
-1.57469681128726,1.80058163428646,0.458900247116488,0.0786315604180354,-0.642320448349426,-0.577608920905445,0.835226668749779,-0.0529490450601213,0.856911991726112,-0.876269780213661
0.562910271947383,1.0942068568231,-0.38622308913288,-1.56548403440853,0.0758721753886808,0.937479534031104,-0.923521963225979,-0.528142016868354,-0.740041394144991,-0.883608675983367
0.627346180784307,0.9798754992123,0.555733456900684,-0.650820868025576,-1.93533817579193,-1.9387384994831,0.770043360253124,0.653538045971463,0.880014356333472,-0.476543587951967
0.317279064659927,-1.13214152293219,0.00999391871162168,-0.340816884509042,-0.937004761845463,0.363405182468402,-1.65001720800129,-0.0743664632508662,-0.82406211806301,1.56960864151233
1.01294972955214,-0.356788834615313,0.471804694584883,0.913097063877636,-1.30173216079016,1.73611329437382,1.04980353201978,0.111004269806272,0.154170778992579,1.28844648585219
0.303343116005623,1.88968351236369,0.805406094335126,-0.431686469535242,-2.40874577952196,1.14950334269803,0.0904751780152898,0.808251297809697,2.39101871280383,-0.637606224370093
-0.0126057956938232,-0.541389535042627,0.198478085822138,0.329477107908616,1.6462219150593,0.0279768943881995,0.50918791381716,0.307692602497259,-0.474898323211025,-0.634715910286747
0.53606524737895,-1.65859330214535,-0.857467165936124,0.697014813883252,-0.270571765760347,1.48877474903446,1.15517481282283,-1.36182914376455,0.588914890672724,-0.748391859312765
0.589839408053657,-0.322379307487276,-1.38463333178245,2.51752152631688,-1.64668087178906,0.108099522206969,0.749139367083408,1.35973485000477,-0.182866834464165,1.51645672661623
-0.0881958791901805,0.766923793853815,-0.119532619028221,-0.351601480439091,-1.49056534822762,-0.489634625049516,-0.904802899231352,0.215284689957542,1.79937597329033,-0.0622645305621263
2.2479047669656,-0.199524803352819,0.903534204004044,-0.618387187768264,-0.448153352420098,-0.49674514024766,-0.983570876304755,0.530320534167141,0.487180986394622,2.11504786532826
0.51921289232503,0.279591876487355,0.906701784633495,1.36738604604536,-1.36781128061178,0.0232401901737112,1.35571804729832,-0.0205332507338372,-0.408311156274131,1.69445687050463
-1.3489348924412,0.694471819679941,-1.06058088462099,-0.851484602211175,-1.4979802457127,0.184930573586328,-0.266219408656102,1.47717464599919,0.359865631629841,0.74993747469437
1.86632921528727,-0.431442990176409,-1.9263764886397,0.0407778680276448,-0.0181468211159319,-1.73109326851739,0.723573191738501,-0.889561390488302,-0.0372673790579717,-0.48521476642054
0.27296744493552,-0.236919699490175,0.0941083420519155,0.553865248129802,1.26832009950242,1.04243481178193,2.37870778537846,0.486351444024516,0.449242006763182,-0.884527868469675
-0.40441045699618,0.401430909392474,0.743067668202266,-1.14884717126533,0.480741179180837,-0.139015330212433,0.0475393399036078,0.602343060802215,0.555335630689021,-0.596003889751927
0.312899942677413,0.877502825531814,0.805267212031209,-0.109352507020301,-0.54137890588906,-1.31832451889596,-0.700288071846663,1.23288680291941,-0.892808227897506,0.267260451704262
0.886003278654997,0.422868818317672,1.17779187709702,-0.118069731912365,-0.300969971971582,-1.11858381380265,-0.270841281750569,-0.347132694011867,-3.73552335562452,-2.88244156667194
-0.0331156657172119,0.43066114071892,0.669609701279498,0.955210031809306,1.53255494024032,-1.02391158340997,1.51005259919536,-1.17224455680969,0.834919086183018,-0.214274621636359
-0.151764069744374,0.987729606087382,-0.210006104163292,0.590404360068619,-0.821593592863252,1.02174117467075,0.19044099017434,-0.246780463383313,-0.595492353899563,-1.3366553444107
2.81468950863563,1.70795566945754,-0.0564561330076092,-0.679397075111348,-0.37869660167655,0.197936947649736,-0.306583100744698,-0.328069484508937,1.45455530370043,-0.058548744865286
0.146426700693832,-0.546814035984599,-0.206059025026753,-0.362424706180105,-0.216721292035114,-0.227401292490527,0.36765559149509,1.47364070477626,0.266152887888956,0.27566131941804
-0.0125203990144495,-0.67006485292238,-1.36661328783791,-0.546419211967202,-0.353417484552363,-0.436871575884641,-0.317735453039174,1.32680331551861,-0.404605035054783,-0.91789178296447
1.79396323930546,0.495543358981578,-0.750092190693292,1.640931655369,-1.23772888712011,0.421179449245962,0.341397760298879,2.96716391249461,1.12080389550444,-0.862561609615606
0.0186331007637635,0.249724245359773,-1.34132583379658,0.891028437244264,0.227814731972892,-0.951754270949055,-0.18640663504421,0.10366635095457,0.0647066452505005,0.235403176259613
1.2282207353464,-1.5320136622749,2.29545634143103,-0.847836675480399,-0.282295216986303,-2.40340499992155,0.818769595217319,0.361262637339602,1.35586810508769,0.969161429231729
0.950865798034428,0.519254203259134,-0.461932487792109,0.514337130842905,-0.940288056604493,1.78437827652888,-0.290892159064993,0.45676226812693,0.157703263199263,2.31110077211656
-0.38026963963182,1.79366373298335,0.749222463740838,0.270564639821261,0.498687627476899,-0.285711468717055,-0.579263175107873,1.37566116358717,0.91880745015521,0.343283390682772
-1.81785888447007,1.28622675232394,0.385826320545119,1.43856426846178,-0.274655799149855,-1.27027443380955,-0.904358043839043,-1.05536930755111,0.303521829956856,0.191459824542923
-1.25574280602072,0.948643773096648,-0.416425402928644,-0.11449417877362,-0.252474735342163,-0.517609822249663,1.47174860592274,1.13235139958013,0.479506081957859,0.978179713282508
0.677173189790509,-0.621876144226033,-0.141241141889337,-0.0670691967831391,-0.814950703056272,1.53318003936512,-1.9089543401218,1.13259537374708,0.691421426788604,0.796175927594963
-0.681721144783958,0.986804317173592,-0.608699713591028,0.259268796021797,1.30544085638345,-0.00326648147795949,0.587503981915229,0.0865004632346866,0.77178872660188,-0.321208986142305
-0.00168798889585874,-0.478712999982432,-0.211998506881364,1.38854071316735,-1.03321785347597,0.0778774716974786,-0.839564720255193,0.0016190175684788,1.25210493421594,0.863084880725575
0.741316198210519,0.616764200442704,-0.459017174074819,-1.19692998811706,-1.91973192373002,1.51599883833333,0.358533674850766,0.830347218701097,0.904037493429671,0.0822430659052303
0.0918308707052348,-0.464380630169868,-0.704026654426101,0.329984201503496,1.53124919604509,-1.46614085918627,-0.185618264556287,2.21542650693483,0.875000195067327,-1.05644652544184
-1.67662248914109,-0.305222362199464,-0.516786047619153,1.15859755216744,-2.17928801855349,0.734830186699487,-0.710069745785721,-0.573535555468704,1.22600902793631,-1.07154323428243
-0.347972594643277,0.217595881201872,-0.658451741034533,0.189365310218081,-0.245429565175654,-1.33959922393833,-0.11757158010836,-0.386634800002561,0.911103867118464,1.15479281029114
1.23412107456538,-0.132155758677002,1.67664850946937,-1.00700473544055,-1.90387001838354,1.11310169365908,-0.675137880304824,2.35168321178886,-0.356610527612736,0.528968783821736
-0.704893492293209,0.219565581384356,-0.156889603397303,-0.0429742637236677,0.452158909821535,-0.398872927864403,-1.72067389550845,0.746430607650692,-0.626771683766387,-0.696339420865636
0.950799852227619,-1.26993980296616,1.70368192212657,1.49911142953937,0.464881965897376,-0.638343140569665,0.0500148048839308,-1.29300813337776,-0.0723401872300565,2.10560409343725
-1.38141889682431,0.126717973877449,1.34273288657817,-0.444018063671069,0.901203930098304,-1.26657475019263,-0.808891258913455,0.727776118862196,-1.50090501549805,-0.434218245530301
1.2416147709262,-0.392384644658825,-2.19938302848728,1.82005281743482,-0.714513284552558,0.631896213041373,0.934450495261226,0.841445037700018,-0.427399367313352,-0.817758114234761
0.564771311389576,0.964032594411203,0.65676070869114,-1.27155474322758,-1.73105708562799,0.750904341286392,-1.05347985811564,-0.0215519199908866,0.0388474787516194,-2.06018792067417
-1.54827081948456,0.86822591166933,-0.730015440729519,2.59110702290971,0.445929761608175,-1.58193231927295,1.97542181685124,-0.808076115416203,-1.55952433115625,0.122541872013027
1.88826895627014,-0.875209528485995,1.28981656584572,-0.0256331459969385,0.877776828245458,0.210259944972561,0.502134972310076,1.08249986041119,-1.10401206763909,-1.12413838170144
0.337231994325766,-0.627924461463454,-0.735534971090669,0.547533250154152,-0.70873352505541,0.0966908220913892,-0.476379826151027,-0.251038494809634,2.04242448469779,1.62857022042616
-1.77047181056683,1.44255368299684,-0.0829068806346881,-0.0132751159995243,-0.466260135311479,0.521668060110116,2.37990460030345,0.19224107266261,-0.111470325250893,-2.25468283405407
0.126409043531496,-0.190630075872687,-0.272321205278,-1.06829478261122,-0.564018167295156,0.401098032406415,0.24838200667078,0.437850565513678,0.36926281810242,0.0158186573686746
1.12356506111595,0.804416355777672,1.21855936085119,1.90988624554775,0.70586343595031,-1.97989940878714,-0.324319792039242,1.01477541537517,-0.76864943137859,-0.0224787841913613
1.63574530171394,-1.73020524295807,0.317134102891802,-0.0190356262493978,1.51494869033305,-1.89343500272558,-1.61989259579311,0.0244609766364842,1.18093513311267,-0.12288323765475
0.630077415449138,-0.970253034759636,1.35028379397971,-0.477245864091212,0.473165318792576,0.984389559331791,0.281682865904356,0.0411783593334757,1.13837532010232,-1.98049417831922
-1.04831292863247,-0.926347501721256,-0.740527242606227,-0.13186960673095,0.157218863620768,1.07888932837279,0.913047312604741,-0.34835797873756,1.63454043043026,-0.195280279389603
-0.0906127296019795,-0.0257917508385361,-0.729239328856393,-1.00261306279265,-0.343666754932271,-1.09248578778475,1.41454821947367,-0.0912967385353639,0.853698089248159,1.36997858404203
-0.441835782037652,-0.93419949514566,-0.280346763757021,1.01334576699518,0.678247071602836,-0.209960514868687,1.95677887069197,1.54297231184995,0.118313769279813,0.109536897221582
-1.56045946728091,1.10520536416965,-1.1383605465724,0.793372769078846,1.86224516488571,-0.602987504368555,1.68741992576951,-0.859793019611438,-1.27870646729523,-0.0029310146235355
-0.550386187450506,0.14923839604423,-0.0517113823465365,-0.0502233883069881,1.43065278121802,0.798870268598789,-0.708384906110417,-0.1010056741241,0.309960348928555,-1.7481820277077
0.974302307111632,0.179281932679721,0.150429447545457,-0.370712154047473,-0.423100786610683,0.471224509554486,-0.567748545932236,-0.720151020042487,-0.308584010452375,-0.637453689846678
-0.223239124136677,-0.00316626802478666,-2.03678499882133,-1.72035132622761,-0.870832302148306,-2.44764616343034,-0.0834373009909808,-0.500240233084323,0.218776602969669,0.824510361164304
0.512925069976363,1.02761152787037,-0.442756892246257,-0.749052925912074,-0.959553069413316,-0.619735280208845,0.139125558510114,-1.44438222025855,0.779165405666642,-1.35874677698047
-2.27215948307091,-0.410284278275774,0.0284032008211869,0.108438476375014,0.879924850186438,0.98096264833381,-0.44525649129133,0.743767360177256,0.133341481542839,0.617155408745368
1.11556008892098,-0.73262831958799,0.725832004479256,3.02717834481984,0.566292964617329,0.318846048146634,-0.506902927218149,-0.7465829181047,0.412457247026598,2.06554535410148
-2.39390730746443,0.618847076951878,0.049320804232025,1.50990521603359,-0.117053133314306,1.06718727574405,0.243198140957599,1.08085332157465,0.800941802126348,-1.48443261507916
0.00779709884522932,-1.58483775531956,-1.17081489005079,0.42332397953078,1.3674273744267,-1.45967068903725,1.79246489773723,1.39712294057438,0.753681182944911,-0.117064298870257
1.61666181732962,-0.473041201580567,-0.928985320669248,0.103518213082374,-0.125341755986006,-0.153040265927098,0.139764009509322,0.970333003647361,-0.15498753723588,-0.759794268832004
-1.07495277995491,0.739095163539345,0.0307775460032931,0.378390448285744,-0.702636372551102,1.64141426068459,1.61502431123304,1.08914899640749,0.845412327079379,-0.127250868033053
0.168203903042693,0.573994916299462,-0.917296000912288,1.09208578427045,-0.429952631837636,-1.45102687694892,-0.739047226524215,0.468942548997432,0.338100277090535,1.37940427524074
1.49641105394779,0.679177102618029,-2.59782431771714,0.128882334701347,0.100033398801703,0.650474556411048,0.297487820121246,-1.01118247313076,1.08665735566421,-0.523765382708813
1.28886599053408,-0.668053990253433,0.251491712141507,-0.676269646751497,-0.00835281654512541,-0.0201346248080808,-0.294985424256194,-0.581824067480949,2.11169811986702,0.789558120098176
2.56798770059393,1.05597349540337,0.0674637112913743,-1.27458265589167,0.318142587142768,1.30045182055029,-1.36649866445025,-0.570804839826146,0.0988809406065551,1.03596065598768
-0.427268662580076,-1.33424369429273,1.0842648112285,0.682399024840952,0.194321430739212,-0.492630037290117,-0.39633203026879,0.394251116425062,-1.65072590891398,0.212100695687929
0.33320945911201,-0.283280403701882,0.0302719891249485,-1.94678868091899,-1.59982927563365,0.57346921358291,0.614853182989123,-0.457301959503137,0.933037740868194,-0.713606624652614
-2.5998675355546,-0.434846633577819,0.249636756473207,2.73634214991319,0.669612234458474,0.316261540933805,0.284169472359729,0.678831246596587,0.698212189525942,0.323650859413504
-1.91618657252561,1.52286754883012,-1.84418137478536,0.358179161910106,1.06878275372471,-0.68669389241697,0.0170795860166283,-0.946865877632929,-0.994091622536238,-0.116531554086971
-0.233532187936388,-0.612506273119924,-0.656670780213472,-0.0739585013979109,-0.0981668339759222,1.15339769256975,0.569207736620203,0.659631018459836,0.026860386626942,-0.0419751370626171
-1.07125814018219,-1.1941442269576,0.317534305655363,-0.0633079735061318,-1.20191943417459,0.893663488969924,0.786309777869284,-0.448035939991189,-1.0469513095619,1.3529881591217
-1.40400259533489,1.43757558709418,0.174921877705238,0.022066725654762,0.31389105822659,-0.520815953154066,-0.503519252980891,1.45693005668694,-1.05507071177012,-1.63829714146393
0.446745825920934,0.910834984590738,0.526701197676298,0.928640383683173,-0.617579319010437,0.459132785439805,1.34404944754044,0.672959341066621,0.49009540200378,-2.82012242201654
0.609971463240847,0.174763830645452,1.46258365824682,-0.2979832071424,-0.934402733022332,0.833347141724575,-0.503876711868382,0.176004993000691,-0.343835425305464,1.55720965895085
-0.405802987176456,-0.105254348943035,-0.339356212909802,0.237402916500135,-0.189686706244188,-0.567006181973818,1.1535261114015,-1.2815743546125,1.26059768957073,-0.89819407762619
-0.00983453314660972,0.505188089029476,-0.799147070551284,0.105039686229337,0.0306678469037624,-0.510500150890777,-1.07705231551916,1.04142765452071,-0.899490659639772,-1.76181588431139
0.239414615651693,-0.215001135964122,0.593979399901621,-1.09402969118082,1.09727916806877,-1.7999116164294,-0.896038812741788,-0.353587872024506,-0.417824805165136,1.41228883889378
-1.42625860512046,-0.39801565726807,-1.0313390577479,0.500990434366606,-0.349033873220894,1.60970946067838,0.801102090245501,1.78916323394957,0.861695423304208,1.11159879597197
0.54235419604587,-1.19659832045381,1.40358893780886,-1.7962360854058,-0.290912387455378,0.226838304199967,1.29805234535429,-0.492094315823672,1.35176771875763,-1.59473895095219
-0.0637593632546571,-0.601954665324472,-0.73379304691616,1.02385293865433,-0.130977328419494,-0.4877125803253,-1.79299460307618,-0.595485622607535,0.183708916247352,-1.39822462947434
0.583890837895706,-0.231410597878031,-0.252040024625197,0.586523810426139,-0.680839282731458,-0.187247361230029,0.625057313435633,0.258906402165072,-0.602430169251668,0.683312176326759
-0.555267739470595,0.444305780001739,-0.69761902705403,-0.393099729845452,-0.0133935882849029,-1.13056865680977,-0.855677036923915,-1.32515478789814,0.74537320018124,-2.12691013642854
-1.15768382997388,-1.5566180766387,0.080837569235806,0.401405072049328,0.65534438108357,-0.139571994064102,-1.35542902826596,-1.480111478384,-1.0032799635689,1.99624787990889
-2.20893934682711,-0.787969069863673,-0.17702805403707,0.775793718012899,1.60807878945566,-0.504766213487291,-1.77427621174376,-3.16876445036161,-0.534306336024398,-0.580666987115155
-1.2157590886679,-1.77738987949771,-0.0747577133044501,-0.102526502610774,-0.500001971761347,0.962326075730143,0.353497196386993,0.704370432066534,-0.997008176509403,2.54152685607227
-0.673062579248322,-1.10878334688757,1.06843842511859,-1.78194521916903,-0.366155363036642,-0.410650622558525,0.252062164764391,-1.31464125411143,0.925969267932949,0.780775441639103
0.54719408125703,-1.07720975913744,0.334919906971427,-1.22739758160826,0.0409247520581448,-1.14030829333654,-0.818745648852492,-1.04399251199802,0.0277422119658952,-0.45939540402188
0.368645872996067,-0.00621042255316617,-0.716841327586299,1.06872553191784,-1.89721520682193,-0.925396959342674,0.629198834737375,1.21436594283544,0.251439718544002,0.758817717048955
-0.862819221989315,-0.750682936749359,0.319302393238664,-0.95939891383155,1.55063516438963,-0.172082629930628,1.95149295172345,-0.430787510385489,-1.47196228229301,0.87090603798783
-0.502369923451936,0.265550168722068,0.198323403098758,-1.63202944855819,-0.529726644393277,1.13364316709516,1.24629224362855,1.61814178348281,-0.479899500308813,-0.0207053456948942
-1.45884085298759,0.380493862332207,0.163711974093642,-0.965760512382953,-1.7562958489235,0.0101490772138984,-1.07455053025969,-2.51314821629272,1.56501283620181,-0.86128807626534
1.70912308252679,0.367594538698955,-0.447094881370659,-0.400997864771671,-0.0229361153812953,-0.890088391826758,0.00714681217924923,-1.69887799503573,-0.0144276298511644,-0.134434133734382
0.721071449200963,1.27893588942374,-1.04193746338383,0.810193837392707,-1.56305647583429,1.81912916196554,-1.05843767671977,-0.684253419749922,-0.401744871052687,-0.660097012900491
0.77624049120544,1.06301107607539,0.453075308008392,-0.0243561757975469,-0.333758958384948,0.563333878980325,0.998887421193333,0.948953237275776,-0.323163865891695,0.44848583287742
-0.879603999998899,-0.526726313991139,-1.55502891942847,-0.565765559193522,-0.626727316933992,0.375290139170375,0.612143264992663,1.73911391720852,2.32012801767156,0.345315519964068
-0.214710889345375,0.518203715001568,0.335292566761359,0.749272881964852,0.223651338769422,0.406619379695394,-1.56917852315241,-1.40288553990109,0.438000516575783,0.356506137902316
-1.20698714610937,-1.36929955283239,-1.21897250955701,1.44274446358352,0.327129046874443,0.414181262764507,-0.70104463138857,0.696944948680944,-0.94664628371131,0.669426203214466
-0.732419720354541,0.841949156606618,1.06448077405995,-0.0992485033225795,2.08571613943179,-1.04137997635244,1.22898111748344,-1.29521733526235,1.60958087201382,-0.491816707838085
0.708211942378189,0.87891353532317,0.273721317896803,-0.845690039416347,1.1692268800681,-0.481819009389753,-0.382547240851347,0.725059566462039,0.381201252172949,-0.812569351783474
0.41587220025311,-0.439347480429645,0.0788206891236325,0.283794169417466,-0.0837079542687975,0.410637776587643,-0.233460824380109,-0.222349730808071,0.674539986869363,-0.890404306002311
0.106134471041961,1.16959468522855,0.728019443012269,2.1237221801515,-1.60505016880733,0.0499240893155067,0.223863041036178,1.50812950352306,-0.0609602900017469,0.106588940643802
0.444739257182349,-0.875141346619436,0.453401407198032,-0.227723797065825,0.398813495667863,-0.545380719909097,-1.7552864143006,1.2443076292902,-3.70655998198164,-0.0884663729432242
1.08995593336119,-0.590795152791976,0.93094112060638,1.2063985985861,-0.945517409682792,-0.268508838730898,-0.437865051076768,1.88995689690131,-0.200238509661659,1.71625596915281
-0.0516540931093257,0.155745874258707,1.70926668622263,0.0613072562278707,-0.0973267364231971,0.639768191329249,-1.10790051055203,-0.234378687815317,0.502931118824464,1.38484458568457
0.241870314757773,-0.340678636524453,-0.849900161327533,0.588577030877708,-0.771384456749828,0.341235962979327,-1.50843093228156,-1.22689955777384,-0.349433878902921,-0.583861373022212
0.391245989702871,1.22387995828213,0.257074756079214,-0.341502767694997,-0.642061051916878,-1.6102703792233,-1.29972209137467,-0.230551013759461,0.412556618797925,-1.02748214698525
1.72441610929319,-0.238415699375322,1.26142547253913,0.101298552106881,-2.24519056277617,0.68001345838213,-0.82930909289675,1.45724557033854,-0.509864865143455,-0.50815046154962
-1.75727432955244,0.132613280664185,-0.743609296297794,0.313159396923887,-0.225381801016074,0.270614697508,-1.85170365365003,1.87921722190528,-0.236279227269027,-0.622585724961153
0.557546657220831,-0.896859406544195,0.431374747622095,0.605835626455741,-0.0578259322030285,0.670947786916332,0.158524083978287,0.169515334072264,1.01070159728141,-0.609181044781534
0.0736408181909353,-0.469786835683311,-0.376373474560503,-0.567282487333868,-0.81465301531308,1.3254291149789,1.82449121595048,1.14075988864707,-0.278950450770462,-1.19260676399244
-0.450924395655105,0.019016218871095,-0.0408000914989583,0.433344302040229,1.22455958531697,-0.41339479915574,0.438781089858293,0.285026796132252,1.18034671673361,-1.06720043852599
-0.569351994755403,0.847830735116563,1.65714143192951,0.371327543879531,-0.227903415012903,1.25115258015434,1.94721463615976,-0.699017184310774,1.15879372331723,-0.929197053920152
1.21564553528781,-2.60072083439246,0.320495588279445,-0.222638988626006,1.80522303438497,-0.289939949339983,1.14155040964253,0.329627929178921,-1.45623848054766,-0.938497367113654
0.237883796513797,-0.308810664477759,0.353943370466748,-0.922416432276451,0.634322601435443,-0.224505666379869,-0.354203478150956,1.32021622312284,0.237135168723915,-0.485682449966802
-0.0760750741800786,-0.949365846367189,-0.998163597068339,-0.737139112664794,1.79458189784348,-0.695146390535949,1.41469722679296,0.0478397746470182,-0.896970075676569,1.83875358358539
1.8735413466364,-1.27297572162966,1.34029938310442,-0.0373244672384174,-2.11291649196049,-0.449182297791819,0.602533418093065,-1.6936754290469,2.05291195026716,-0.699519662982356
-1.63177021172831,1.10508007373639,-0.847052498444911,2.75202070276978,-0.189809450068873,-0.562700967950018,0.868818654600974,0.342960783160349,1.24128860539255,-1.64599020419671
1.16545576548762,-3.14743489663191,0.417360634457787,-0.0449185994384414,0.460263632296085,0.363517176012429,0.316679477446918,0.476176639367043,-0.989551139315028,-1.07943065927892
0.270517922978162,-0.00985249406995474,-0.112502137571196,0.50371339890381,0.998917505012462,-1.15630292595673,-0.578329782517076,-0.177408257365055,-1.05034502609562,-0.0796061705120733
0.594042640370377,1.42653234496208,-0.795049898022148,0.825109628976581,0.914774039941667,-0.90244084447786,-0.350924785022203,-1.19015638677408,-0.465101115993954,0.754138136802941
-0.907985890042892,1.06915562876875,1.85748345579294,0.0484568526334737,-0.541454705999815,-2.12516946712301,0.620535287103869,0.468400081988023,-0.36654262106973,-2.01801626216379
-0.315412878065173,0.248526637984899,-1.27445765969724,0.910691213554637,-0.22530170686255,0.519400855541372,-0.778082091009163,1.90819610297638,-1.17590027822571,-0.299000993111236
0.396545246911289,1.19858133976157,-1.08170677612539,-0.361973420962292,-0.171402335614594,-1.1951431343946,-1.40960612454007,-0.00870885885356965,-1.18306488673519,-1.75867476598774
-1.69560135160728,-2.29347759958242,0.161620476327449,-0.533870705585206,1.32025513635187,-2.37796480176014,2.07383195765531,-1.63237535820196,0.00993003548495074,0.0765371877411948
0.897221785072219,0.314834307586568,-0.937530683241248,0.129316735246026,-1.11304692576931,-0.115519921977453,-2.2867287838951,-1.91717420173707,0.364767195969007,0.619644027257639
2.15979421738104,-1.91403694914942,1.59047347641158,-0.669301224749118,-1.17991271943503,0.0085649503071497,-2.12811695110999,-0.412115080614957,1.10886669647053,1.65486245614693
-0.946843048861239,1.25877327277164,0.463609789282683,0.68610409543513,1.21191219581759,0.663494553055014,-1.32162759969456,-0.534828903878949,-0.797445642969874,-0.540360776274599
0.484648682904773,-1.14050601159655,0.648506812147969,1.13068153553721,-0.322114308891308,0.519670723839984,-0.325365619897005,-1.18634495635285,-0.207999195837793,0.0122829575482629
-0.501551931595522,-0.0459747960606738,-1.20096807749939,0.449802218775426,1.26991817395648,1.15403957224895,-0.450616578549544,-0.735374126575537,-1.65739881133474,-1.03950654932041
0.00351212751428679,0.0283117764785444,0.791878104959924,0.885339105404193,0.920514698790747,-1.11017401794554,-1.49826527335787,-0.0850487534195733,-0.588075953272416,0.281223463255561
0.0337249995417258,-0.332399546342687,0.49538386193997,0.781473219118441,-0.69244276048698,0.425165606888586,-0.11024089048562,-2.48698032016349,-0.497871712784841,0.135934454338181
0.620044516250267,0.627277178758482,0.106207064462591,-0.538914623463234,-0.0751628089731068,-0.0905396342517364,0.398562413502294,0.421092614248943,-0.787264238040556,-0.0857629700786361
0.0642076632795983,1.41294203886881,-1.13160457639201,1.59282436210975,0.146464012806264,0.494664480256482,0.506365671741003,0.928273386056035,-1.04653801555687,0.104508384319002
-2.86220464027566,1.25811796377259,-0.269023751239679,0.398875317123886,1.26736468348588,-0.0259024959595739,-0.509478872348007,-0.447871472562097,-2.44230186202742,0.375055392272384
