-1.29756217003466,0.0199838879395883,0.316160459495927,0.0957699067693025,-0.587223129575188,-0.0695385605622835,1.01448463905385,1.25047037714511,-0.380218013620139,-0.266966577564943
-0.528916241698613,0.623874080779529,1.1176643330332,-0.480473108200041,1.45532044926475,0.830737593352653,-1.19539870032299,-0.856600473054477,-0.98480825976005,-0.150041510525247
-1.53201055725198,0.396458806989225,-1.85079326602802,0.688339411764843,-0.619889955558584,-0.629774845035072,0.650344682427513,-0.094713352752632,-0.210511314212529,0.57774357889251
2.53372504132421,1.06858898202583,0.682097033421753,-1.29010090924279,-0.158639415116092,-0.473415092822896,-0.280664181871051,-1.60820740249916,0.430192566718469,-0.323051917848183
-0.11967563105961,1.23180246762559,0.146563822394522,0.249592981157441,1.18684534315779,-0.744236821697541,-1.37131689996658,-0.920926829242777,0.33642651121396,0.260583031774082
-1.32639734062174,-0.357421179518022,1.53775927684706,-0.583479899284425,-2.52009470203609,0.981890692668376,-1.31568494754864,-0.536757311208321,-0.561833330439116,-1.6022360946351
0.309975931363394,-0.581045633362711,-0.382329575778016,1.27283013812518,-0.693664421937218,1.33253254145352,0.535766483157584,1.739666944698,-0.869684311656823,-2.15828745926585
-0.802556983634987,-0.269390592530189,1.88771726825945,-0.182488968110718,-0.229733314188563,-0.412269415084751,0.521382226414183,-0.549647153086399,-0.324335902846999,1.34644027279067
2.06028223823392,-0.352811473674898,-0.134762398691335,-0.747130705154742,0.699274601879512,0.510895646827491,-0.559418770889014,1.92384260766157,-0.256315851156703,0.733577402563014
0.485379411423753,1.93217733662605,-0.088588862956599,-1.96539991762372,-2.10167610725931,0.413569022632225,-1.2411953756856,3.08435709040547,0.548329918806067,-1.73944693121662
-2.14198705619251,0.975913452005772,-1.17481200691565,1.8466433953393,-2.68192283214368,-0.659618271878813,-0.188744938945516,1.06220746979808,1.84547386416479,-1.19115493546463
0.514064276546802,0.148207413869239,-0.191670940600554,1.09033286284169,-0.138527987915089,0.000415618225904169,-0.0888443274742192,-0.104499037479058,-0.0784438497164911,0.6812041800496
0.3682531884223,-0.487310383932406,0.205969714479776,0.848922300774657,-0.246063810527226,-0.214054114247653,-1.89892145865152,1.33372489281609,1.03493212762174,0.919792440019105
-0.685218139367638,1.99331690821341,0.805224934169942,-0.252084369877652,-1.4062721642336,0.527146331290883,0.315948421829724,0.459282821145495,0.337352901102368,-1.16544729173571
2.01485488159684,-0.753385335063161,-1.11269795577552,-2.21495877084876,-0.9220906443859,0.335866086542973,-0.664595858512059,0.0818452326703352,0.891776963932575,1.10730811322761
1.02839047745704,-1.80819008104447,0.120985648288057,0.302562879062359,-1.63505782850799,0.572827569402493,-0.096405119055849,-0.966023782709395,0.902296348834184,-0.861530670163154
1.05099662171317,-1.00328041789547,0.172946375779341,1.30186742357561,1.61441656229023,0.458008844804533,0.731467894846371,1.71307974703354,-0.858646325149913,-0.47183150058064
-1.53676666306228,-1.78879463480283,-0.191395167028449,0.275089959601777,0.0501174884351961,-0.398568930936151,1.54872086554007,0.385627257293395,1.21338251826322,0.562477464791835
-0.955911844107537,-0.414718382355632,0.374851038888876,0.618397516806753,-0.768927174969311,0.0400176634949844,0.217994451450707,0.0681070822868134,0.3156532208471,1.06005512794642
-0.928410636630953,-0.118193267556178,-1.43938125741611,0.139239031257942,0.245927732371289,0.353500256240916,0.303240021577535,-0.77936158339313,-0.209726618973861,-0.17907487389947
-1.58164748857803,-0.373407581543499,-0.267922590654261,0.0649350001108447,-0.39621153055628,0.629912259848646,1.14684358021165,-0.242032934906921,0.170189472655113,1.96617879406436
-3.42483769224924,-1.76130338667781,1.8721652439507,0.726794452842437,0.427520690555222,0.829779258873332,-0.255019351641377,-1.10300800219534,-0.7453616940448,0.42022066750453
0.441083406979465,-0.606130287621867,-1.1915000134095,-0.668998529823837,1.32178475792665,-0.74324968935758,0.649710676965031,-0.755780282203727,-0.0641197473217433,-1.53773184703154
-0.918034583358165,-0.993570268028224,-0.96413386310635,0.330156373424214,-0.272198025868358,0.501068834042193,-1.3173408544732,-0.253627618715858,0.105775330498268,-0.0460746796702095
-2.75892396954141,-0.153470773490719,-0.11598214265983,0.837103427441,-0.12470571361003,0.452063179908302,0.590164452718821,0.14905768773267,0.946334065866318,-2.00300813005064
0.703052196644905,-1.80841128805706,2.68293859491132,0.477333731682949,-1.07658427666683,-1.51547686199477,-0.694589779792068,-0.705893636467863,-0.32288832043347,-0.162690039174112
0.310109349018065,-1.07357565540406,0.188013527608737,0.14132674301671,1.09027009393467,-1.20504120182498,0.415529904014452,0.347189435970765,-1.13966319617069,-0.109818785645486
-1.115536930826,0.0272810295771911,0.0634439169698006,-1.2147858605931,0.401313367064569,-1.09481530092045,0.516139423679814,-0.600694234627683,-0.264950746557886,0.211493307064406
-0.335593270831678,-0.266429635148166,-0.237484972481356,-1.58496779039418,-0.386942631990633,0.853685635000338,0.573795000206023,1.3963829462979,1.28191469314975,0.625031007401404
-0.0750625261616095,1.12131374162301,1.33219772320213,1.32056619356487,1.07429295922016,-0.888288137808177,0.620805752191129,-0.391101296428571,-0.55496438858014,-1.04985896747815
-1.56133234651115,0.57188920845554,-2.28044713864012,-0.0574584641289565,-0.317859562337724,0.58310643279963,-0.685066879106255,-0.6036193661193,1.35531867494211,-2.54478641777314
-0.652833696335414,2.50277210331163,-1.70846594222108,-1.95340819014312,0.68637992683371,-1.07248855820678,-1.97429241510727,0.212553198162563,0.522197623107619,1.75136634728349
1.47927735081621,0.806127289122821,-2.42347142023354,-0.0837963037288215,-0.0510609468321381,-0.481103795227317,1.122009366667,-0.0935237518252072,0.514354422970563,0.195973229824458
1.04706234078161,-0.304643289004448,0.582902473708837,0.41268861566053,0.776937361437984,-1.1712377919822,-1.89237618821997,0.66323685924453,0.838841632155632,-0.670360404452991
-0.0592934539295533,-1.26066328424045,-0.747164143791205,-0.839075457540516,-0.40234459690136,0.560735464986168,-0.508743851957193,0.966484864636468,0.929027153527498,0.805504220151895
0.318139012893666,1.25403126110418,1.00933806291899,-0.915913829488166,1.51611146018374,-0.42247207202586,0.420084865178551,-1.12058958135554,-0.127323576568531,-1.46181035674414
0.229704638418325,-0.269673378349927,-0.825545657267191,-0.933175161885838,1.21095586531051,-0.512665408622633,-0.500835005391134,-0.170599219203978,0.283500710454854,-1.30106390201992
-0.613116857660148,0.936301817404656,-0.283740014863849,0.866242360753383,-0.90642422126839,-0.337482103363585,-1.52138723167572,-0.0736939290042343,0.486601525493976,-0.791642898983802
0.188766678852728,-0.773602875666182,-0.476712003307634,0.209247615877849,-0.439537296200799,0.174887140376351,-0.100455491833662,0.691608870256661,1.18163170489154,-0.447148306161829
-1.07143375731821,1.26607909166662,-0.196425462630227,-1.68513612298825,-0.275866010013323,-0.0652666316363376,-0.735765232661646,-0.0667800625547996,0.681532624428334,-1.97890645708375
-0.657508343497749,0.150617059666554,-0.237494172602359,0.907427053949315,0.296084546365248,0.963860955359799,-1.09221945398298,1.17826539566753,1.28343744728259,-1.23146055583934
0.262081867252316,0.588740674509793,-0.507460912783674,-0.139268210053129,-0.869995256663486,1.64401465184996,-1.37040117613002,-1.2629729036475,1.40997199376018,-0.39912530440248
-0.661835894709588,-0.298258082459434,-1.0935577652165,0.605332895633287,-0.888831535203606,-0.651134199422182,0.480723555320486,-0.516514707320391,2.596805185898,-0.743687632922343
-1.20193340286872,1.6179511587522,1.23775379320834,0.342879310705763,0.0286089089911912,0.46159384686597,-0.372416649846854,-2.71169060731068,-0.698314523952215,-1.28760312024089
0.350109428681157,-0.906119801283508,1.87751236290739,-0.0987261863898655,2.33286978353206,0.868963031748778,-0.457944252493042,-0.514198846017671,0.181266700437517,0.656533159046031
1.0099608050334,0.0669146031511922,-1.03514618465535,1.4252817594584,1.24670901790963,0.159037305937661,-0.729999534046527,0.318634888266425,0.423249566539769,-0.267834838448654
-1.05008131691065,1.23590353520999,1.27956016622594,0.906029263042399,0.366414502154968,1.01923004776034,-1.22436711415625,0.997387358232767,1.09770610583774,-1.01768829340422
0.310403766820656,0.456534624244751,0.492722748790002,1.09329770664491,0.846374413528561,0.126778900404233,-0.155644064152147,-0.587343027410764,-0.0718892495224934,2.11396855672356
-0.759609085322724,0.95651384329031,-0.11497307812547,-0.449787947677971,1.60260176504479,-1.80777641059324,0.53660950650527,-0.264796080938458,0.0964365631716494,0.022237989146773
-1.6774999906978,0.40089474532091,0.0455191115487842,-0.0560798061626567,0.0906696063464777,0.815047169673589,-0.35920779574531,-0.731809098564718,-2.17695099391061,-0.0221310835698294
-0.519631273904459,-0.618973228768811,-1.71022055325703,1.653288042053,-0.472762046764011,1.04642862577109,-1.3988483701781,1.49992363605423,-1.11230409892991,0.271694768996671
-0.521679075926655,-0.195467975753031,-0.178921619619213,0.138964377184695,0.196740321700079,-0.816064610715598,0.035674460219204,1.07027691219557,0.554874377731557,0.206035929052514
0.0793551541837118,0.131387287851606,-1.5916249415273,0.136013233152801,-0.444640538723399,0.147932966491109,0.113155567159696,-0.0632977302667624,-1.54286928080972,-0.909683036803701
0.936625703441022,-0.237226709162107,0.710841702051038,-1.02916340110806,-1.0833813071351,-1.18222887198366,-0.268964641131306,-0.612807711923721,0.431134960845367,-0.127676809312403
0.191388440163336,0.927285423962868,0.173726014060759,1.23147577587733,-1.03863938028548,-0.353706750625604,0.267414229099807,-0.714315196114907,0.294898179591546,-0.0390362458762056
1.19318565486714,0.795676185193475,0.616690410422171,0.9153515101538,-1.02354456019007,-0.164333634616647,-2.51719239821274,0.228886496439431,0.715794568658653,1.75285662218048
-0.688489918488013,0.354762363672383,-1.05051403976506,-0.0356835407284364,-0.565824965098762,0.570996433478206,0.48649663308261,0.338770384086775,-1.36587946826281,1.75301545883398
0.0429694230143037,0.907582279916085,0.131255705526765,-0.78502055349045,-0.73135878673414,0.0444935599741866,1.45252574732195,-0.562370958724329,-0.341068074017761,-0.377386195415368
0.835268440940262,0.424547385837887,-0.899789950069675,-0.25449042203658,-0.55616929097239,0.63865080911465,0.833701086335674,1.26898841135641,1.46915740036808,0.621286808268183
-0.145190002192809,0.267848989802477,0.199685699580267,-0.389567669557832,0.482342815401428,0.156635320863156,0.605306856012963,-0.169451187370031,0.61454564047819,0.467902031685371
-0.900684821452618,0.97797182371682,-1.58173615001805,0.620542142437797,0.843007354979921,-0.88338730902986,0.103888783822806,2.66911734564935,0.690389573035417,0.202631154400922
-0.903853971182078,0.230832116031259,-0.539576010954307,2.05258924648886,-1.7479789842109,0.752551487590784,-0.384534931937558,-0.449334376769888,-0.849291804243076,-0.0320650734797359
-0.584734219756811,-0.479062107702865,-0.735633211227268,-2.22933029268303,-0.854417428012779,-0.665623210087635,-0.426960840074827,0.0168868942332587,0.698502442877246,1.85230094358115
-0.287048985792791,-1.13489600724814,1.74318413642106,0.491840029530161,-1.57568980299052,1.87131254865059,-0.486200811680055,-1.56683620633659,-0.1288193876964,-0.2446829179346
-1.59093813872006,0.270330131481673,0.117946784206523,-0.644879776363976,0.978290419720622,1.55884855461446,0.160973460244637,0.9581406914201,-1.67818884351431,-1.09369609520512
0.569963881974492,-0.0252467956009292,0.70530020712167,-0.255833582904022,0.476555422389396,-1.5790399366536,-0.865909094845391,-0.783478231412806,0.772483985927936,-0.433414424490492
1.06346820261471,-0.652712714002257,-1.78694605749904,-0.55131084583626,-0.178204873640453,-0.862153112111461,0.680859817980015,1.69625835120014,-0.360075146339113,1.0035351382716
-0.483973403388846,-0.463058050677537,0.236738279389824,-0.468176280279594,0.0442630337767836,-0.789968148573657,2.26459550325391,0.0590000710277605,0.0916362772920414,-1.92513748928933
-0.152769481996425,1.12147720452975,-0.205956241893755,-0.7904249769023,0.571006561223556,1.69791012410321,-1.07944013057454,-0.284504526604626,-1.65535231594222,-0.891900191587787
-1.44162604084106,-1.12763459594496,0.923624332275342,1.60253941817013,-1.07045226205011,-0.0777333560180488,2.14191091732056,0.187527636984913,0.175779942941771,-0.220890195373902
1.25251322419726,0.0850840005806807,-1.14088649759281,1.99213399545417,-1.53449227737821,0.802635327481387,-0.0539833192957426,0.872747653893377,2.14980275238391,1.98355855191185
-1.66110461946624,0.132583435126848,1.27878496206323,-0.631410660048252,0.475988863807193,1.08857659320765,-0.220289713205266,-0.466763601747688,-1.03308924605234,0.585484550002331
-0.514359145809151,-1.06484375576429,1.53617931780452,0.0626303263446757,1.69076777849872,0.00846944615211688,-0.453129124800479,1.37707111774612,0.911263086041627,-0.396971964739265
0.92812872513217,-0.105949421253286,-0.579764427696209,-0.840036857284072,1.9949982936182,-1.7643221600517,-0.325663324358637,1.04695279875953,0.689131989583428,2.27776261313383
-1.21857794035588,0.0446468073083913,0.745984300545654,-0.19379844340638,-1.43897082397844,1.46235562820612,0.960875763410011,0.761212749503966,1.25228612841619,1.02323977809392
0.392099198835195,-0.0429891101722946,0.42803267085688,-0.0640804310733033,0.875147116580513,-0.0914187076553993,-2.65430962940789,0.570591889613704,-1.33796612813492,1.2586968293432
0.128462590515456,0.0478036199633246,2.03536408815111,0.424111712913592,-0.673214533350429,-0.915053892989977,-0.174982530844682,-0.553415307134457,0.72613436129866,-0.963168301334337
1.96205661595305,0.541031294274762,1.61549650016617,-0.390490262334555,0.722048924198297,1.80444714776002,0.363356917556389,0.781123487578534,1.38170074770819,-0.650309205410008
-1.13415658056974,0.414943385646452,-1.08968108941616,0.56003304060316,-0.528101044579009,-1.64332996771329,-0.901502297998025,-0.422117742642682,1.40370113819934,0.1693326846604
0.0533875885982346,-0.660968455196201,0.535664014008317,-0.152899859155117,1.52674393936718,-0.85800718871179,-0.459861246721639,-0.624905915943627,1.19581930435118,0.100934961181312
0.605399704871364,-0.992415164840532,0.269432768703104,-1.31903236924454,-0.098274973931846,1.8449020423412,0.894165460936346,0.264350189286693,-1.18771693044631,1.07285110908812
0.68640718133072,-0.519274031609204,0.278689152540391,-1.3403176628149,-0.348486517952,0.0155324861984573,-0.127578477477848,0.523172764975432,-0.0524328330470922,-0.453114819505599
-0.726027069824843,-0.0122933034510857,-0.593259871784418,-0.0975538355460847,0.788856609526123,-1.5438762739871,-0.221430821490924,0.51288824940651,-2.02848721272499,-1.30694164995585
0.828346373020136,-0.149460362223569,-0.5539121270433,-1.24008687361311,0.799742884461427,-2.06293325930069,-0.07960861048451,-0.216134095105075,-2.40987941482265,0.574605665972254
-0.247154750738636,-1.33122638653544,0.934516413349509,1.86269039003189,-1.69722068186137,0.0356987467657998,0.208642626939398,0.275245732014697,-0.559170916287354,-0.505975060052908
-0.958606142840613,-0.423155428310932,0.577267677081157,1.53401782413064,0.662910021139317,0.0145649468875936,0.0350446735600697,-2.04734063550355,-1.91348555041474,0.109387040226937
1.2792911494054,0.0900783763997092,0.528127058183208,-0.404716161385728,-0.672160755786083,-0.347230172559207,-0.243925518466707,-0.281649799802574,0.315558933420373,-1.2368592264926
-0.0116714393331631,-0.825332706424363,0.804462938796469,0.667988163341622,-1.11262763983262,1.01259478216585,0.592018341689133,0.206794656937086,1.15571562611703,0.8748444722521
0.276153583944608,-2.41183872135052,0.927803409133022,0.444140017004479,0.227557272139304,0.625139890642993,1.10113782781079,-1.03594112785495,0.266254938764282,0.527285010075392
-1.13042573145291,-1.10655260709269,0.593084160249414,-0.864022825867224,1.18112285761574,0.139178509440601,0.688929301921954,1.30388558607759,-1.19270774502169,0.502079905652473
-1.45627390184096,-0.301112433979548,-1.3213862951594,2.039956103343,-0.268069903045962,0.354142764642568,-0.657475963250795,-0.846854878497366,-1.18744637468898,-0.465819780247583
0.202854351500158,0.749428112221524,0.805314096318261,-1.5935402547169,0.266061085706342,-0.297434920738541,-0.776758628888333,0.221434357860915,-1.29342193169699,-1.01424849713955
-0.828129246539892,-0.903622285025653,1.04453172734629,-1.02176697994864,-0.278110585399685,1.0273308382243,-0.226031682715439,0.94789687125721,0.511504724338916,-1.9634443184614
-0.662552825007139,-0.994148117026682,0.875151757782986,2.33712426368426,0.372499292615528,-0.16760141755312,-1.89756123857056,1.14602103824054,-0.503375489192478,1.87420680377513
0.367647375200516,-1.68460350744273,-0.0254406989113172,0.00720066731392734,-0.089108108673603,0.844772088747361,0.280564457622947,-1.09300283046601,2.33938515338486,0.486324608951673
-0.0528505668964637,-0.552653928234473,1.05882992770615,-0.397110453051763,0.122237321738544,0.915165581388752,0.70920086744901,-0.126268888369031,-0.429451824795372,-0.264531821511279
-0.951036871820186,0.524573581802709,-0.835486445783308,-0.0538964977994156,-2.18695883816867,0.409564364312495,0.766440081718154,0.857464473618455,-0.135805738535974,-0.80368659153334
-1.44664507134402,-0.161818308653827,0.811304713092159,-0.362830696037939,-1.19442615069814,0.122572964256005,0.424986438658402,-0.12609769771075,0.42447434050231,-0.351726688140926
-0.381557355644778,0.479573065267713,0.833107382407813,0.666802445304332,-2.71437250250386,-0.458709647180093,-0.0865941733195129,-1.25941029738923,1.74464682554225,-0.209502441929995
1.11398107284903,0.168386782776864,-0.11664929371595,1.51414607427005,0.12751197975515,1.6160878574476,-1.25266370200051,1.18099637854964,0.515395804756746,0.564042099762788
-0.387722556882318,1.34976073172259,1.03435643520715,0.679532236755147,-1.24855749786732,1.38097097124989,-1.04087157002085,-1.01229979146959,2.11005162542892,1.0274480809855
0.695777553716469,-0.0548870713543257,0.214271558989672,0.443921135385967,-0.953859673682202,0.140468382559878,-0.255487185316495,0.62675503035929,-1.51678385039717,-0.554901970232444
0.993658208231855,-1.78388547146831,0.027861090897917,-0.0268071264773984,0.583027370125008,0.815538826727547,0.531074614570516,0.922897499253067,-0.615229738687148,1.2020531674148
0.29523522344538,-0.478294862109772,-0.918163878719742,-0.945620583185024,0.0219145538683073,0.949335163112567,-1.00792874590428,2.20498700138002,-1.03739728680456,0.340448947090317
-0.53791845056486,1.07300067838021,-0.9289098091521,-1.78417240822012,0.337374731803549,-0.106940907376282,0.10962517647975,0.458045515156791,0.0086417340740844,-0.0977419516803775
-0.642008388685186,-0.0623829767567071,2.05469496333257,-0.976658345264454,-2.42626932880135,-0.903980409426377,0.903474367378208,-0.312301741724231,0.753616440772596,2.60656623755997
-0.619984552524189,0.176617210559801,0.0757747876214786,-0.243489823501815,0.789908871572139,-0.121505021986115,-1.11195832792828,-0.665657627231897,-0.937205121879747,-1.06194267823839
1.34473790759066,-2.41881342583556,-1.82062367763187,-0.959790872958023,0.879459849278858,0.0359681941194858,1.30608030263709,-1.28976574126327,-0.0198093593445192,0.1312188549918
-0.631680300518279,-1.72087041887384,0.229518973468857,-0.980572851485669,-2.16282085593203,-0.353452595538368,-1.29634230268923,0.968686182807628,0.156384715849535,0.269336419925655
-1.14970003687091,2.6557753593349,-0.513529962973271,0.733484756418658,-0.782369824607293,0.764577898494237,-2.56085958568292,1.11921520260005,0.183042898632241,0.0280269657047838
-0.00248751366687954,0.982459935896255,0.742860445431742,0.996118990730648,-2.13692387398111,-0.134574544477121,-1.16327304802431,-0.316889458348491,0.439212641362053,1.04470991891175
0.302559394939373,-0.985945278418047,1.58373420349996,-0.815068750356818,-0.0671269256462562,1.12603631325081,1.62894102724512,0.280661107535969,-0.657444176934084,-1.56032902255474
-0.820010773112311,-0.323963432424153,-2.86329142932734,0.926801821937041,-2.05648753514772,0.934098622175015,1.37185878764803,-1.69641314161411,-0.927911425170303,-1.14030386819946
1.04384448544991,1.28710991781062,0.16406154531889,0.683526079758928,-1.38127460589706,0.328864353045283,-0.207024297345372,-0.262167944843675,-0.564783975938084,-0.144680734268643
0.673913957126435,0.16137988095689,-1.35186261791947,0.25835089756968,-0.235674012041597,1.09334926379507,2.18635182252593,0.304973783995426,2.87357278923849,-0.179257825777794
-2.06735698998283,1.09013787391521,0.147043694781832,1.16550461929822,0.0890981441296175,-1.36277156605505,-1.93900961463779,1.34339239353048,-0.208419105800979,-0.982117005903968
0.162748907375029,0.529328248563658,-0.253707790115021,0.0670684769720837,0.68055561183721,-0.625548826709078,0.957830575171342,-0.680373694188709,-0.523836476414743,0.58496514083543
-0.0818832362461172,-1.67669514947871,-0.320160957275607,-1.13249753048337,-1.73435855223748,1.81104706909913,1.10170056081321,0.0774670231409498,0.344762962960818,0.603991668842293
-1.19787493456538,-0.583981503610711,0.147849527362025,-0.0306406882159281,-1.88915136224743,0.704291549636878,-0.528504462019173,0.511831299643279,0.348552667136482,0.16490336321836
-0.0128916398936833,1.64074519691256,0.10519681225932,-0.1004747738366,-0.543946666515968,1.58127737830355,-1.07948682669274,-0.220906274686877,0.705630914571142,-0.560661024910602
-1.34513125131696,0.727402194227828,1.39051475342451,0.882396353244245,1.18225991782463,-0.531460099852397,0.185360184950295,-0.251254316365512,-0.19657254116924,-0.206966098993796
0.173840785067648,-0.595390093062929,2.00307545799195,0.40208731739205,0.293611505905562,-0.800101442726119,0.236804476065692,0.815351519939854,-1.19547341930671,-1.33602207257377
0.0829951281539826,-0.32649607332233,-0.58146494371314,0.108015583520651,-0.107487653347253,-0.304709696222499,-0.244333758571362,2.47618636813158,-1.09486629302554,0.984446833648518
1.77511894829966,-0.665709564630326,0.0383021504693625,-1.35320114551993,0.550209385187935,-0.532813004458168,0.967255375524253,-0.947346914664957,1.39773725476296,0.0794641713125518
1.19099492738571,-0.43247296255135,-0.42878454255872,-0.858343903392045,0.647573790128864,-0.517549347200466,1.33485600210162,-0.980993536219119,-0.399907484697544,0.611628962557597
0.61915420674696,1.32778758799513,-0.284813327005703,0.997751636546854,-1.20547084134181,-1.17785339462712,-0.234289784467141,-0.358346487763814,0.146254793780888,-1.46465863362265
-0.703200442275285,0.0890769575351894,-1.24198885262421,-1.53263306096801,-0.0130086018301074,0.887258842634053,0.973896651710404,0.51726755397161,-2.26826699124321,1.45132919319308
-0.181709767615317,-0.223022059049826,-0.0677341379179302,-0.668232487506459,-0.626699632280942,0.708974487169478,0.507235874275257,2.26657259526533,0.488149758365909,0.819749280719233
0.500163337966433,-1.58385572481691,1.54137665717182,3.01932561632219,-0.382822859693365,0.619526814459749,-0.783281929424624,-0.152266827899214,-0.486121628116078,1.27417485941087
1.20755853733144,0.0735091930141521,-1.27304299138818,1.09529644605388,1.74112969152075,1.46869319025887,0.525486166057126,-1.18704234445981,-1.40406913481877,0.956974578242289
-0.0543008160657518,-0.0501495883065764,1.04106054339057,-0.524827938482548,-0.983076221799819,2.18988269609058,0.56735230805104,0.808824395790635,-1.56325148968865,-1.67949756862387
1.03222715036748,-0.302892576887061,0.37947999855462,2.5432478186068,0.407314300358452,-1.34369944276006,0.701181143934258,0.394165363652168,1.79311925141252,-1.42382236246209
0.956639565989736,-0.749920409454043,0.845459869102686,0.0045322829282062,0.264907368277234,0.189076476253542,-1.02523946537409,-0.750281484374279,-0.771454252906315,0.640735829758235
-0.511140560551919,0.609699940537582,1.38562061292748,0.925453262941352,0.861715968881008,0.907765365518762,1.98999197387301,-0.814412195240657,0.0678507466464773,-0.55980073808219
-0.965514889684529,1.37990986579276,-1.60951626357076,0.013372065976044,-1.97834068387305,-0.467045916931366,-0.734361653721752,-1.11088796841339,0.715962058918002,0.792541221878533
1.66728487450754,1.07274445775666,-0.265768451282143,0.12308932388023,0.625391349483534,1.29870487075061,-0.0119056607873249,-2.5529433039427,-0.526800615339533,-0.638695421867106
1.11832582991559,-0.710673584282197,0.285830829696772,-0.266957864829344,-1.06215672531599,0.625782344387253,0.721950548788454,0.897888092963651,-0.286092851163149,0.487178461760263
1.58115186380322,-0.58913563614457,0.171420817344725,0.460770822277916,1.09231983683221,0.192180998045009,1.87908061557703,-0.176353292834211,0.308370410191627,0.573023846381366
1.23344486099417,-1.91432435887196,-0.496386338883151,0.900472120250597,-1.56847586431924,-0.6859146561528,-1.48404386641615,0.396866726906361,1.11162852377741,1.33088534667969
-2.99290371188486,-0.213201278354416,0.729328769551224,-0.401790980353687,2.29492340446511,0.839304010458626,1.80691375737259,0.160464802928909,-0.477906141951272,0.391515508616286
0.870471767270976,0.762905979101951,-0.714672478153572,0.686906152020111,0.203480866334185,0.23821427273022,-0.40107243471695,0.727556705412792,1.77129915677443,1.20577772265013
-0.459678446818855,0.0602551142403956,0.338650302908978,0.568405198347006,0.68420718506494,-1.20894704191985,-1.81810686057086,0.878369459566547,1.31609211320703,-0.66907016964807
-0.0172353615511447,-0.249228399160792,-0.815080742778751,-1.09130302610958,0.66702058492446,0.633696665357156,0.56729543330842,0.0787151407057135,0.77566208998575,-2.02168915700145
0.70114345091954,0.931115271134513,-1.44370715466367,-0.775893113893444,0.345516018515576,-0.923970588410175,1.71330644137345,0.347934744525167,-0.955997251743484,-0.0967474715587406
0.862280868655532,1.17779753891335,1.3305310372019,-0.820540539317412,-1.71620613888945,-0.192780654485018,-0.923409689722424,0.51059312258576,-0.664002255356957,0.0813494758984955
1.41970713455585,-0.961758225829243,0.57107924372516,-1.35523771808857,1.67875458039711,1.2700791545158,-0.329321369992766,1.63253925678547,-0.820892535402325,0.712576507793824
-1.44064982273647,1.89380216945102,0.484054640041553,0.1772104756739,0.145069220680584,-1.17511410779493,-0.567095646708613,0.140320944990147,0.379972190263647,-2.11754555704929
-0.659089389179921,-0.996324269231908,-1.27679417395914,0.875305945226828,-0.104209786218797,1.03527122118354,-0.340540278875549,2.01391251121117,0.620214792762318,0.746001732264233
0.137008766245791,-1.32987205164824,0.800298454382275,1.40224848784894,-0.000192625991982047,-2.36079224455355,2.24183626919028,0.588696750494434,1.17318565888164,-0.125576614824172
-0.162167737318585,-1.10554454145722,0.419075659361355,-1.2335671343027,0.98713462718939,0.258737430880319,-0.108701127530789,-0.697970803431634,-0.569199253683235,0.32129939238563
0.487819653693857,0.445447698217965,1.73846467741267,-1.36883095832019,0.2153207028983,0.117743649567151,0.250687364411799,-0.0784389598872557,0.513482421948568,0.0794244733173134
0.157646990744139,0.706141056684471,-0.870756300483307,-0.331628477236158,0.330268603760467,-0.196276964997352,-1.23652497712948,-0.468556115864532,-0.520649738467096,-1.00870376175928
-0.282198786353736,0.264124204147202,-1.06392564295232,0.768458399379845,0.68392324803742,-1.3603871906921,-0.663004443261184,-0.155452773051819,-2.59864274107343,-0.216005021673098
-0.689344761290374,-0.363699815461149,-0.553166703043821,-1.09413931803236,0.442116583715104,-0.12195695561133,0.337087645190523,1.0419401394709,0.060435793029028,1.72677785752367
0.793003520113128,-0.309212993758547,1.02685639138041,0.668535916752725,1.00049437278715,-0.619346402065528,3.13512731378644,-0.787920238869534,-1.40337583736828,0.0472328939346491
2.25636787745358,-0.557832143255777,-0.176386548792667,-0.815957376934373,-0.0635862772639976,1.15079823529321,-0.668166211135432,-0.0867161251381503,-1.84145853705443,0.57083094429817
0.129995108886486,0.875892221922996,-0.0400905908998011,-0.12428801361261,0.62791034025743,-2.21811975437834,-1.00081577999845,0.8338365091577,-1.317153879955,-0.461472718954209
-0.293000951238396,1.42912032763696,-0.542924500119083,1.71140867565587,-0.135719095220494,-0.939786665436953,0.40045481499319,1.50326445792712,0.725860067490581,1.70588353911758
1.69704706623428,-0.18853117467226,0.985333885304125,-0.672986344531405,0.339019859059489,-0.0408172410741255,0.252500261455587,0.147710179907681,-0.842446997492681,0.453747283437745
1.08726014917833,0.667042067398603,0.808480285154596,-0.676587523201663,-0.0714907913183584,2.53788302647894,-0.101796988614019,-0.657695383517569,-0.834522362947834,-1.23945723303473
0.099172184932578,0.761851695758714,1.14105366232758,-0.359606908111859,-0.240710419147713,0.883699145743899,-2.45939465511824,-0.787943425541721,2.3443058309957,-2.12012218251289
0.407189743617986,0.292556340576122,0.109012313619056,-0.169382965612958,-1.17193663038442,0.196942394864907,-1.46918388949111,1.08876959369083,0.0947711095487325,-0.367487004411703
-1.11606071242831,-1.10681572646666,0.263578403282593,0.0154882189128903,0.646201411854358,0.643792578384527,0.158082402618417,-0.374390339328793,-1.09621887977841,-0.224722513762321
0.490855741281334,-1.71512075425123,0.173034467669861,1.52330229030602,-2.2893226953521,-0.112005327312596,-0.824651164944264,-0.315727438377849,-0.71141970297492,1.87803093146233
0.337086851709269,-1.98471708887853,-0.916188598177824,0.827391318793942,0.633298792349418,-1.85978027319241,0.538056641234964,0.690208026938775,0.615980844671893,-1.16801169187738
0.105564035472977,1.32047765872053,-1.3576352909527,0.0203456570472051,0.742351756921043,0.856391480022511,-1.34142269060546,0.209855430873722,-1.48827994639862,-0.902584313816541
2.9031536381322,1.09966218620337,-1.29015345954456,-0.100854054725585,1.60250063977331,-1.00998757954139,0.749851785211664,-1.30694905250781,-0.753832181171405,0.969637349472177
-0.484525487974295,1.23641856652918,0.345721076113803,-1.21775879564527,-1.15018872613849,-0.851777892160692,0.736225234704443,1.74556586438202,1.15032266320868,0.882913318657942
-0.210613688030215,-0.0132158074100557,1.59225721485883,-1.20906995916484,-0.641447522209955,-0.50236325239916,0.0658902609485866,0.557612918561321,-0.56864412370959,0.987898744839368
-1.6341954559004,-1.98056628605287,-0.705323718383489,1.75321132604512,1.74424151067946,-1.58531576729553,-1.53580636442988,0.884635028845113,-0.995427758648672,0.294032044147603
-1.10630946148989,0.75513884878033,0.855982647663533,1.19362190724713,-0.631453756204466,-0.0992963893532327,0.437622578523582,0.129226851206143,1.74871466758078,0.594269948559842
-0.0243522818718754,-0.180989300035059,0.812201331723843,0.672552718194904,0.216714519234182,-0.907350308194925,0.197473871148134,-1.9020500315341,-0.280722979134053,0.0092960899771135
0.752823757224736,1.11395236011767,-0.326458817386154,1.29374302322649,-1.10333419033569,-0.306958254826958,0.42139484492127,-0.0723862697109607,-0.126133950454354,-1.29989178621603
0.296113485414443,-2.79748955570216,1.26488124257093,-0.725701568860653,-0.559121617649945,-0.33824568881929,0.523102296572754,0.418934382744762,0.436032664825981,0.536993138442298
1.84490521507269,1.09945864834057,-0.5398684528231,-0.249696426801499,-0.0204248445816808,-0.303733691040519,0.932877427512673,-2.11294726982991,-1.92273142452548,-0.389170958456957
0.867153548374985,-1.18871239033812,0.0569178819888121,0.700534020058702,-0.722724776954113,-0.091621055848802,0.354066273487829,0.215121571861833,0.594848362594176,0.611280161423414
-0.0981295458626052,-0.13293237447844,-1.5357655971845,1.58941705860433,-0.220158272486119,0.205267147078543,0.565207488624346,0.858531624182458,0.794970151719666,-0.314806389304729
-1.00895953905138,1.43056998836202,-0.119692866106432,1.57890391674862,-0.79533477274546,-0.336383561132906,-2.15024426620288,-0.73105971365779,0.996742911048761,0.34647489225365
0.503553751860382,1.02314760866054,1.11125781738067,0.42480939098514,-0.375031245071966,2.11599505946518,-0.119669358947456,-0.567010480147465,1.63362040792096,1.58370479166248
0.559753510471165,1.40257902080889,0.0864241613858066,-1.21766838376953,-0.182679908460891,1.34725486170688,-0.560445748795815,-0.0932677255103705,0.111531659120809,-0.187549538307249
-1.83391204053128,1.00702623364408,-0.390113350158288,-0.727217964833447,-1.17680389384502,0.8586794110428,0.241474138817203,-0.408903589682781,0.596052417992123,1.05468936138484
-1.00564751144631,0.853127818671512,-0.00705403090115143,-0.73573223891505,-0.963298344975835,0.623759839649158,-1.96748482989292,1.76847032004564,-0.773181449079662,-0.022606887792613
-0.694402729429938,0.970657263737971,-0.134612988120483,1.86698672820542,-1.00057610030512,-0.788560908240482,0.542600609586004,-1.18160411383121,-0.75845571353501,0.952222519635341
2.08995088488022,-2.77465474679453,0.116701923317104,1.02596076066791,0.254339259843178,0.887296227795396,0.452033585966245,1.03799610918893,-0.468219536048194,0.323244763788286
-1.00455632128947,0.373216462745512,0.010768330070161,-0.311820789386493,0.0519407365425753,-1.12068516549111,0.786146261327388,1.48089343215286,-0.655210996011392,-0.55797055751965
1.05327925796488,-1.30591886447309,-0.642201577056825,-1.30301074546674,-0.214027857294772,0.206298531647151,0.11056133391047,0.374846411183191,-1.66724200449014,0.10882793510502
0.465017947687259,-1.8114945195874,0.42862610251562,-0.919432305451376,-0.621590292490487,1.41734387549938,-0.559058633475354,0.654900744551799,0.0272454278737935,-0.0553541982210298
1.14226407983138,-1.51307316047231,-0.243718113072566,-0.0749467684409783,0.631907260392003,-0.855604621794777,-1.27706333711896,0.0251432857737171,-0.236146158447352,0.733834631687805
-1.16972502409891,0.753279432882782,0.278942217983756,0.639128397103987,-1.68837222529729,1.61047557005984,0.0239606228158003,0.686323224722139,0.599109871717239,-0.237096033187367
1.59613216079853,2.19398458554725,-1.15109790568696,-0.978342474738213,-0.404054207649285,-0.306048493723489,-0.458581952330372,0.761352703179979,0.224983096923584,0.0759994971551483
0.00557455121831085,-0.29635187851259,-0.298628201516146,1.17794058039157,-0.785321265841512,1.30322969036261,0.0120636086408404,0.441788687454321,1.63690230951791,-0.413674556607073
-1.0346795670735,1.48363821931798,-0.339786423970542,-0.257486598777426,0.675088998323151,0.725942413779144,-0.649709690960027,1.44297713456565,-0.688640305840673,0.367815220653547
1.18403827637411,1.06094886625576,-0.384181239440576,-1.78063188219838,0.284779195891128,-0.922999298904404,2.34665773537692,0.843062517597499,1.28789325712088,0.514455174240963
-0.121263480588421,2.17929184071042,-0.932590455094317,-0.77992594990562,-1.6932392064464,0.983752795084032,0.479681528448907,0.566812116660656,2.62648056601476,0.810294831754235
1.85497864568459,-0.3352208772827,0.70204712507083,-0.470024097256711,-0.448697574274107,-0.794849776987344,-3.1430972904796,1.1623441235702,-1.11588841033765,0.712475584842102
0.539569607165309,-0.412018576045454,-2.03739093936943,-0.176340676680444,1.35610977589477,1.07237022410248,-0.774102700799783,1.38288099894856,-0.185656862738248,-1.75762754903321
-1.1975825215389,-0.379744864509909,-1.93485102639188,1.56514423815528,-0.368219264690262,-1.89873778599225,-1.24169562844373,1.36915564132128,0.340158787582981,1.54386639959768
0.662802187631401,-0.202651048060107,-0.176192099456895,0.330842525451482,-0.604711481571661,-0.0636766190403145,-0.33435248135104,0.834138460114829,-0.124608400298508,-0.221821133483306
-2.06737119583817,0.5185073126071,0.323945242371528,1.00560407528858,-1.65063304972817,0.0762787621073785,-0.424525642498722,-0.0559584963635308,0.884675244843875,-2.07569592174715
-0.129871340995301,-1.44180938094252,0.779877209889433,-0.62782764430419,-1.18933273816095,-1.42183740681687,-0.488406909000253,1.43019238399107,-0.620457018657307,-0.424280444357128
1.4338674095154,1.68266985776988,-1.55932097381766,1.04828268449919,0.383331639502113,-0.0912969624567279,-1.70875802075196,0.67068337432435,-1.20035338561145,-0.0689846338690601
-1.74161419248815,-0.168502844874476,-1.51066394016238,0.765971146299951,-1.10342847244192,0.192068378090787,-0.287306692122394,-0.567772846283698,-1.02760405260008,0.994753585467438
1.0947088277949,-0.146318203052895,0.283335503518298,-0.27427366676655,-0.633177584175698,1.51937066736952,-0.847002799234783,-0.0660843692808789,1.6107340898306,0.842822150189383
-0.431090528714944,2.48898868000555,-1.14200260358538,0.650744752955487,1.57353385241524,0.219537583122829,-0.572320182558737,0.352707715244583,-3.10983274491922,-2.0088424320411
1.00069380464069,-0.414015428879662,1.35915540412527,-0.0136519151417485,-1.98389980816178,1.14647233653841,-1.41030584758171,1.15286214990456,0.470221451397083,0.473885148057723
0.481849559393833,1.74570860206198,-1.50798894132433,0.93213344534003,0.911061640057329,-0.940004327651199,-0.962550359040716,-0.483973084061617,1.05757880967674,0.450161584941415
-0.927531417070557,-0.457497322390678,1.39075094802762,1.50944261135748,-0.912227100701481,0.723395527353442,-1.12269667172383,-1.35853881634148,-1.03385725912131,-0.444289314981415
-1.001385929637,1.22380217684448,1.88442276331203,0.410817955290503,-0.925888392296031,1.03203959129701,-1.04246675115515,-1.15985140899272,0.587293238660819,1.46040093007593
1.25044029450718,-0.0972046401380432,-0.492029923652885,-2.2808166009297,0.165967692301378,-0.8001163147589,0.774867783881657,0.306773341234186,0.282173806902925,0.800299330725402
0.189018627206754,-0.326261803625869,0.935193552708224,0.615277232576736,-0.281283229161607,1.59015856275571,0.150914557568646,-0.570874423850553,-1.59940470321296,1.28944443248938
-0.497475512144767,-0.0190854851425768,0.458521395144615,-0.20990320427261,-1.62216234064807,0.485284186693758,0.146098018984962,0.0756627501980417,0.403582753557893,-1.54733406603569
-0.469075344382182,-0.323252631806031,0.645299349785941,2.27324443206609,-2.68818975512802,-0.203886291832455,-0.122256026421934,-0.737802356798235,0.941188939469157,-1.17212278800181
1.10753658645226,1.18487269487912,1.11045034218682,0.705887775473616,0.217575617753737,-0.0253020656675433,0.387877991392601,1.59106716205559,0.91556946121086,-1.56455406646944
0.907704598685828,-2.42038541635085,-0.0491522001741035,0.473084172840515,-0.853154106067022,0.959886890936205,2.98375577742577,0.300493382975976,0.889012261908111,0.194525436478479
-0.891888944956163,1.97701960823848,0.958369412858157,-0.196746304903457,-0.753690174465104,1.59369367974036,-1.44304744638556,1.2905833511395,0.149583274322601,0.721068045486352
0.583912788675676,1.35666527376823,0.687057888929297,1.1082818594382,-0.0596761328931851,-1.21514464383094,-1.90169192570898,-0.166663908686024,-1.17012904013228,0.202171365810632
-0.0394492404695644,0.444016012758138,-0.982689492588937,-1.35920289486542,0.06616947946526,0.40694678808355,-1.08210908727505,0.69308441915748,0.0986497377515917,0.00724679038037363
-0.192642324861907,-2.03420920679363,0.280287117877157,-0.489767298179348,1.8936646243913,0.799443875410117,0.315253001621137,-0.198529947907117,-0.26489327967929,1.49985102938884
1.32568735189923,0.796495167154504,-0.967007808209879,-0.468338682071096,-0.739205147249128,0.742831110174766,-0.563745426070853,-0.0999080015615422,-0.188755872334011,0.737863992214806
-0.056784351564992,-1.44215252912334,1.40908139482187,-0.954272101248079,-0.0434246553633108,0.57824041140622,0.22135328779672,-0.401761296853759,0.555250139250333,1.32208715770773
0.388847096324862,-1.45840732252499,1.01338020768587,0.107920602737526,1.66102169894619,-1.8801366683843,-1.38596588787251,-1.28304664453667,0.00226428640546642,2.35720289217064
0.760582002937575,-0.381016868841079,0.0716091880728801,-0.450799415549416,-0.163935959567306,0.0427809881071809,0.230513550877351,0.770910086036137,-0.586868446069998,-0.192192916084454
0.997005868945911,0.191762851508383,-1.30830463795293,-1.43879280993701,0.156474726440251,-0.687529939669074,-0.240973143064424,0.611872466583872,-0.571655605420374,-0.505344363960761
0.589988890706526,-0.940212516861576,1.50692113088292,0.0166847881407167,-2.09304136487456,0.348954550092273,-0.510390011507798,0.436489290394,1.295368360717,-0.762977594708533
0.751751276601622,-0.2348276602427,-0.191033736022274,0.753670887295334,2.96810692676348,0.560752584259494,-0.962419050164796,0.553219634701263,0.567039969056386,-0.049268576713245
0.379720169518302,0.319475389828964,-1.51591459110692,-1.80385216636833,-1.09888176167425,1.31148932438024,0.344988163958839,-0.126454348956984,0.320547442728757,1.42570982478121
-1.14840349675375,-0.358868318647561,-0.167738739704782,0.800787458191385,-1.4136308041959,1.35424019093836,-0.855163693835535,-0.802837255045139,-0.529602957610229,0.76794539511083
-0.993955850890756,-0.78221665275046,1.49520393992924,0.0242638363796657,-0.859833343465256,0.481091164467545,1.78694532789002,0.732670639527304,2.20393607862404,-0.896846194064391
-1.38034274782943,-1.69486296347739,0.0370499357253262,-0.0251777047669719,1.91210388414177,0.972762131164388,-0.222018976341529,1.14819564622251,-1.00778716963792,1.45086222291618
0.338803899699718,-1.21093950844452,-0.682237045917707,-0.155142604021834,1.34364102939221,0.0507382223619867,-0.596322230633351,-0.173373106610812,0.791571099632041,1.4692950032019
-0.0978752436225662,-0.46883455472301,-0.902556909878551,0.933434981811216,-0.0971306970191805,-0.415221453240688,-0.951340552010818,1.01109505695636,1.74149008357017,-1.36701714176429
-1.79735603221926,0.721304447634622,0.103454679197037,0.489987212952872,-0.385773050498793,0.0894718804933073,-0.710815588271024,-0.187932274157661,1.06884861677162,-2.0398787966203
1.06797469737626,-0.655195956054032,-0.668567932717359,-0.751796257665585,-2.60028234998676,-0.0763331145701967,-0.339641134509719,0.55531883150597,2.1732589226609,2.01373804985746
-0.27607876998986,-1.3396290938785,0.241937655283844,0.932534368023426,0.13348641556067,0.173511047916845,0.0483893976855285,-0.0115948049416405,0.677874767433372,1.1985343953983
-0.395201227978998,0.840022104655436,-0.436609932076722,1.15181776254813,0.828450124873013,-0.945348239804605,-1.2851698298921,-0.168647376449921,-0.915815997776764,0.115257243532436
-0.0223811674520236,-0.630388697671651,0.985189375974347,-2.47491392860897,0.532979456227202,-1.81357443419122,0.970308755272267,-0.585071795457014,0.0751685740864173,0.0920657108400331
1.55405337018263,0.0919721683687703,0.901928390250068,-2.12479951998843,2.05221035031674,-0.76032106945773,1.85529434701476,0.938288816596311,-2.05277078460556,1.07670839422629
-0.0621834478498137,0.115320396757058,0.303749275461725,1.58977818063839,-1.33236818040687,-1.07485061964384,-0.671252734223663,0.300638463098595,0.661103189699622,-0.84006643431311
0.921349236794911,0.653510278244825,0.0550949191953894,-1.09576343205744,0.188839959635361,-0.0475105764667491,0.738604208971863,0.862620546601435,0.565243535434164,-0.114727813927244
0.825511756071374,0.548461753767022,-0.520578722423064,-0.603798159800512,-0.180905245684184,0.41286966536763,-0.249041362183454,0.764944934558107,-0.912426599866427,0.949662573683545
-0.036075787139544,1.09928987280665,-2.39740861348245,0.335431101113739,-0.172737255135746,-0.118420866893667,0.879514738696155,0.168764878690972,0.883177322536602,-1.35002736722912
-1.67096483709302,1.12518004113095,1.62617415641411,0.0356927090656294,0.104429349809759,1.55643105829678,1.11082861935631,0.147453063515002,-0.355670182611255,-0.598032288274558
-0.250834272273994,0.730651165729834,1.12703688592381,1.44177161072237,-2.06719247551902,0.992788826682343,-0.0861289304431746,0.0800107732664201,1.84604871535269,-1.06414946760617
0.502593640274933,0.54838310206769,1.2766105778591,-0.00520723830805254,0.408002453474658,-1.07524765807237,2.533490865303,-0.384501594028489,0.709681802917225,-0.17764113440628
1.44953377159131,-2.41019353249193,0.297551409078877,-0.403034946475419,-0.394559214149808,-0.501117339481027,1.10107981098383,-0.797087878376489,0.646678919535317,1.28709582330318
0.244736533045876,-0.395607753003948,0.426070524715258,-0.0871036254415706,0.44567716204248,0.756668222483875,0.839250630791595,0.0421034614618509,0.687336686001539,0.765625436565618
-0.461451398784316,-0.395481035818971,-1.10575066211434,-0.551981545196009,-0.180672404400457,-0.744493607456773,-1.23145430543703,-0.606665294207336,0.876103024273946,0.784362000578415
-1.73263777874856,0.211352591932285,0.0343844105002962,-1.07282557138881,2.5329824290802,-1.21923910230933,-1.45262845548004,-0.58397801455518,0.822197623760747,-1.1076761650563
-0.923323392071737,0.131734643178707,0.229552055692113,1.46085220237154,-1.30020293490884,0.474375372686576,0.402839869300581,0.935489946116304,-0.656320515474474,-0.308559524262354
0.664598246576728,0.22843105463875,0.471623013741767,0.294106231490551,-0.110660662072928,0.356026251550906,0.925440025002748,-0.255041587499117,0.366971584061541,0.411801418941238
0.0518784548612464,-1.18099363020619,0.33876105960767,0.0646161619962533,1.19009748243741,-1.36289777812305,1.41256497442305,-1.0717375389793,1.20699237911342,-1.87505858586475
1.24981204471486,-0.0476483427310786,-0.795741601878808,-0.453084092319462,-0.096619130138301,-0.158166036969873,0.490055303307989,-0.347256931865219,-0.224345529291064,1.6833765308095
-2.05632950773394,-0.722302301083739,-1.76208342631062,1.57390654128097,1.50802315850612,0.25315797054387,0.416729324778459,0.233838757144004,1.06170154199951,-1.1828601415545
1.02507932811193,0.282263234179709,0.297954395762695,-2.0445784328191,0.60673289063229,0.811546110861257,1.22215149569002,-1.65474167949698,0.00247548035263074,0.286137458425716
-0.453313220708901,-0.303234013266375,-0.518459458252605,0.753640675921497,0.113434393190119,-0.775353094248579,-0.535370274309569,-0.303148136440594,0.496213827862818,0.0192881362856928
-1.22623834943369,0.364052988455107,0.906433182549438,0.493834705644727,0.261604489028545,-1.96039636943114,-0.966334690414618,-1.569693146999,-0.708950862073523,0.986708423610857
1.40354030712564,1.86790294755899,-0.0942555158067877,-0.465586884663832,-1.01042454519716,-0.302596031160436,-2.58148373106848,1.28666830166834,0.698805540209583,-1.46107075597949
0.237710086571756,-1.20588601559175,-1.29168164900183,0.0765169606153499,-0.211525863229355,-0.80968734590913,-1.91432557594747,0.183304022602534,0.172007383947263,0.635138979538838
1.92809772121326,-0.483891327830202,-0.392290716225723,-0.127625321715061,1.14561728561887,-1.03834315116424,0.923363217774425,1.80960936202531,-0.160197319313256,-0.290405367780413
0.000142182813019963,1.19077311189774,-1.29270449581707,-1.26660334741397,-1.48078977061107,-0.000324145250361304,1.06660564410586,0.355717701825646,-0.774965436521145,0.175274142977149
-0.506427840889677,0.460049295381519,1.87643027421736,1.32461941118537,-0.460994567233516,0.158866848127814,-1.11886340209901,-0.395744603698494,-0.035238748546799,-1.81690236502241
1.2046337106209,-1.20941405506983,0.0792754041742552,0.50195648306836,1.04129798535773,-0.420506773771856,-2.25390716976648,-0.950377264849536,1.31955892173683,-0.497887871675275
0.340348351729846,-0.2305228113399,0.69186901374737,-0.294861178945055,-1.53681813853378,-1.15834948304776,0.414452821225532,-0.129467060983105,0.30789416154328,0.0918341479419509
-0.78391474135123,0.986919110187036,-0.782301967344956,-0.988584509243379,-0.763125491642053,-1.42273391001133,-0.00755712872009531,0.0623671108862139,0.255190434442144,-1.06732968410582
-2.09834487242637,-0.539880378882354,-1.85907963707508,0.515565447080311,0.0676439818968478,-2.41733043144853,1.61609714671014,1.359155707947,0.13563130522478,-0.420004837119666
-2.01688881537189,0.677631334739915,0.360543850854794,0.938897682771828,0.121327252969582,-1.25705611062253,-1.7778755988333,0.398345953708318,-0.938773614013986,-0.514526458051382
-0.99930645652164,0.680338440750017,-2.42308719100218,-0.668161087662803,0.0597841511550127,-1.00853849740123,-0.0960728814888194,0.20544844847768,0.0724863076689409,0.842774759248642
0.91827118323859,0.231893899000115,1.35676708918853,-1.33965777799821,-0.589101350191233,-0.366030222083356,-0.621779122469183,0.0560605648381628,0.247557231147621,2.21462309283209
-1.55790227086704,2.2854500367513,-0.886384056538137,-0.092932038021189,-0.838598239651174,-0.73331496612568,-2.20894587230648,1.50300119157239,0.827201637507924,-1.2793409222948
0.500295270370913,1.53852205776538,0.857836376810469,1.2273067383559,-0.544146180944727,0.938302918940567,-1.82678330613023,0.800960716355782,1.20327517371464,-1.23591932116654
0.923886526680638,1.30335413303659,-0.121996778368601,0.000561740608357145,-2.3139860841085,-0.375973618743905,-0.839669488648658,-0.721418105413469,0.225084628588748,0.899422047045175
0.584916718860959,-1.16067648311417,1.72166852015475,-1.1434726298528,0.528710014043679,0.833182306694778,0.888972218604861,-0.0734191184048702,-0.452641637402377,-1.18673577780327
1.24305398256469,1.86315436556415,-0.622079763181055,-1.86648822141828,1.14088613233326,-0.665290520596282,-1.10095927940257,1.28361673417504,2.95922553980696,2.15814356989207
0.0879956012040136,1.64640944600866,-0.70560185137539,-0.791674321914503,-0.93642170301854,0.996195020947447,-0.847870300798304,0.0852941162510916,1.19628993419068,-0.974423169300668
-0.239032034175069,-0.430989241270663,-1.36523020007813,0.416951689373491,-0.0823664429567315,-0.458122577782243,-2.13235165741253,0.0242700665861649,-0.276589736464138,-0.161564495598475
-0.0515092210284211,-1.12605449060732,-0.213837272528888,-0.151423383679331,2.37114986936144,-0.909963997356823,0.806373299005374,-0.969415871551092,-1.09449801573898,1.38216057788784
0.491386430891083,-1.50232020424216,-0.336261825394838,1.28775885399987,-0.158102704824497,0.295492315241251,-0.658716327553378,0.204073006638987,2.39040511785608,1.27414632379263
0.66306109081154,-0.222032975089135,-0.64629755933568,-0.828296312822611,1.38502900565626,0.263362909265636,0.912268391101114,-0.444519272933459,0.346534272360121,0.42311752933334
-1.04458265587185,-0.341449160904735,0.311121221836768,0.305732032112488,-0.69738273751313,0.219544590393786,-0.791087634524186,-2.61588277104474,-0.587259071907685,-0.668936457880466
-0.306864949078488,0.0107599856961908,1.33314002747695,0.442149126019656,2.34420300515423,0.876291998844845,-0.773670263813986,-0.141105997209854,-0.307880123581488,-0.369020311535673
0.0556260860648903,-0.382133602662285,-0.553481582852371,-0.756915879351172,1.05118416717796,-0.679370747366474,-0.205929045413157,1.01835385574897,-0.718656633789985,0.514276345731222
-0.397061928188789,-0.900985103949134,0.373290082280547,0.77664688255401,0.318250392162092,-1.24830484313137,0.148013800696715,-0.582152996888824,2.15284625334948,1.27071341975356
1.67691679242229,-1.91591427689641,0.555954183092114,-0.720436380782653,-0.0179586411267237,-0.593409426143075,0.389140277207781,-1.615687784769,1.0835063500194,1.1192845898031
-0.0606273030700083,-2.23981488282921,1.3715930505482,-1.065251993665,1.49209833713911,-0.261542047656625,0.156124878105223,1.34851185949204,0.00188782984742945,-1.50029629993946
1.00532792716366,0.170291306964237,-1.24812801921614,-1.49088301445902,-0.514021893159302,-1.65127400651318,0.516773228115158,0.462866082587475,1.22059016322563,-0.00379713200780806
0.901365319336155,-0.21725870887204,1.53541927078407,-0.227645051702574,1.12345815858549,-0.0215140485762364,1.58964283862655,1.36376144974175,0.136790545840499,-1.28763596811808
0.896083125935734,0.718671964394708,0.819033811380616,0.566314553660907,1.69332364948106,1.70300425031522,-0.352363664611957,0.705864831845136,-1.50096997027229,-1.37064851278036
0.537826829634637,0.329697206669764,-0.749747757865788,-1.16950585391438,1.57005863251499,-0.995350796324841,0.154248990776149,1.91626347894462,-1.4628067183099,0.568029806169981
-1.35251829712663,0.846546816726928,-1.41556769351399,0.530880580910165,0.272181248276893,-0.112693784341109,-0.0261013009788297,0.542758661518677,0.6721835643183,-1.85340240060356
-0.213934752072926,-0.690290149801856,-0.234524597517744,-0.653415072978081,-1.13068793179503,-0.21513983382254,1.78354728395558,-0.209633053648688,1.27451342592644,1.274082952906
1.04188068519033,1.20837700897487,0.152924060432039,-1.44833398996417,-1.61250264941468,-0.473593642382538,-1.89758781429406,2.16718302179489,-0.738553563868313,0.600274221073101
-2.18011846073918,0.306536372167046,1.78925063166243,0.932370406107342,0.0856299676382095,-0.35785782245092,-1.35704742837246,-0.87638409096496,0.376083522804177,-0.161632233037437
0.887553732622983,-0.126097697440743,2.22203147754136,0.374996898462122,0.484599916132818,-0.480609559547832,-0.510111778063184,0.510795846461157,-1.29224444361828,0.104318581146875
-0.624156482539281,-0.512182073001732,-0.809208490521239,-0.1600911619609,0.429706558027931,-0.271645576952497,0.43137103697518,-0.499893231766022,0.111148672754522,-1.25845869616999
-0.215514254826521,-0.657783600179078,2.36526532379456,-0.257961448163335,-0.820235145338762,-0.363263465499507,0.772415017024877,0.697432684307723,0.704995484629898,1.81437916858561
-1.41441194408459,-1.66466563632702,1.07229090836266,2.07714304852646,-1.12873627051458,-0.792081737671599,2.08180560791097,-0.741370633516612,-1.57494161801048,0.451167506058431
-0.302940137732728,-0.770225992610065,-0.542340405786585,0.681152029776544,0.334540101397885,-0.168307107250099,1.05954915905007,-1.00492527617738,-0.264008210953535,0.239001540686504
0.710998796750279,-0.192617910172227,-1.43926542164822,-0.442683197174567,-0.256262689345884,0.364247592034328,-0.255104377474791,-0.521920366327028,-0.136941531071215,-0.500818388014472
0.109109339237952,0.367232386781528,-1.111300441633,-0.412715175649624,-0.478779711243015,0.415531468937122,0.691601708331875,-0.611046694229406,-1.03013509001804,-1.39094967092569
-0.162404477595201,0.153693911803476,-0.281541851509475,-0.0261312214309275,-0.885747117457145,0.446847839983013,-0.688758066782849,-1.18086894685797,-0.863473468524443,0.00907203712901885
-1.11926649442171,-0.250414317745186,1.28633145024166,0.0978757994137038,-0.472817971187314,-0.425889873020876,-0.527844048885224,-0.0721175068430282,0.886389469765601,-1.56603486932672
-1.13755339796151,0.808481772790952,0.472904370917681,1.73096140036894,0.382923311195197,0.213479015665526,-0.378197849752812,-0.768790909870258,-1.51873655997343,0.0924747962449535
1.62783857222476,-1.67212583344444,-0.248470825092898,-1.08577684899742,1.27844018270687,-0.95961777857026,1.61750498533699,-0.186480608887016,0.449146109256538,0.81745517484965
-0.7466323828828,-0.287779182835695,0.823968615372287,0.191302035427566,1.04323586368396,0.741033597056966,-0.284932104300686,0.364145111701433,-1.02149997238106,0.589199597848313
0.250425414950483,-0.702853913446638,-1.15119282444904,0.541253319900456,1.11305550762301,-2.69564211742021,-0.982978026754548,-1.02013779114587,-2.01597427133157,-0.763973880711832
-1.77102944340086,1.21028338398191,0.49619967035395,-0.339879813562927,1.13158702320272,0.287601547791679,0.233879998053947,1.41010548719256,-0.196168032051181,0.190424649863418
0.500662084307941,1.50087416161387,-0.403223758709101,-0.505181982145297,-0.141341975210841,0.455313736972306,0.177806303917695,-0.465019109337447,-2.03644353454786,-2.09246037497708
-1.44978873213051,-1.19590778353124,0.822821011875755,0.60554439607473,-1.53274943804521,2.66379431695305,0.249067591867602,0.794857801065654,-0.1961494685589,-1.60672430563817
-0.13068043815549,-1.48623300149487,0.138686509115275,0.53969927771176,1.13389432816225,-0.00495679351070716,1.36762161785995,0.022251767714604,-1.70911518438391,1.12405341932068
-1.43033424531606,0.605843455426848,-0.056063620902334,-1.38365756813677,0.0466145757939901,0.283655914973572,0.478994013217337,1.29326805036462,-0.260035475657588,0.527225055413438
0.171673324852317,-0.341590329695196,-1.31076504802159,-0.123248194784233,0.10132078118441,-0.387273753201356,0.668590377449066,-1.30599527243293,1.05932406564694,1.37091786647173
1.27737289629656,-0.160187437382935,-0.169829226960204,-1.67761754617706,0.101634324020604,1.03585492070076,-0.802213302702384,-0.468223845677313,-0.32978081998846,-2.12979259447929
0.631106948516394,0.195230596133692,0.692565018033991,-0.0607195408578629,0.745308389554221,-1.05963814033085,-2.45525217927654,-1.04967403685179,-0.172786998129474,0.396256847542866
-1.6020785922805,1.08449811585421,-0.0608464761320818,1.18124618796795,-0.696473161747311,-0.582934590431113,-1.17082491592261,0.0683800859035682,-0.431307115018689,0.382834057530119
0.247919930311225,0.559615186597703,-2.41405983471468,1.2104171492488,0.546475226192205,0.488812928806076,0.114060222442552,-0.501016493175346,-1.71634306774026,-0.694372860666121
1.84604202299031,-1.55319263489696,-1.13666276196599,0.489066925974354,0.105961108315832,-0.891357716136538,-0.240947175565781,-1.5843805440263,0.0877387848536769,0.0315436545094342
-0.347154102740494,-0.591816789814328,0.354252407975422,-0.33962294529256,-1.49325712168811,-2.08475886841403,-0.636340849985279,-1.97607231792951,-1.49617671170876,-1.17372013362493
-0.461519199768579,-0.701525057017768,0.65166849231517,1.91325784893838,0.398453590126068,-0.226310847649997,0.473172251726404,-2.34001665345203,-2.4369139493489,1.43039828965588
0.0861840283301314,0.321496397365753,1.08969979874204,0.33322129675737,-1.34872096131304,0.744965921334341,0.831563625089114,-0.163805565759163,-1.30979061882406,1.06368098950589
-0.877075905974701,1.15755302061798,-0.5807950913335,-0.377193280694334,0.810108325202992,0.0288530622997493,1.39200938794667,0.449573661903775,-2.9816420773093,0.83793334942401
-1.45847069648073,0.130575646972641,0.65335497034707,0.654451137194627,1.19477518263383,-0.798338266234941,-0.458493463895436,-0.923136084462081,0.760655506745756,-0.0135552059018821
-0.855180805125744,1.28411698137414,-0.230027051382742,0.308268293409609,1.12728619861446,-0.478942248536659,1.04156635225792,1.11945630604332,1.44077286879044,-0.739377202710936
0.671142203893156,-0.440390426091002,-0.0249105281899676,0.438831565020164,0.112760989746506,-0.0817502749952059,0.910789998566545,-1.13254452369046,-0.0412477119071277,-2.3477820018147
1.91517039817807,-0.544824491960455,0.276659212391286,-0.0857513000441618,0.760387566548693,0.809720005123314,-1.27715603522357,-0.214522383005043,0.932219242711391,1.80478780333134
-0.66144710643554,0.860610520121421,-1.86938704814172,-0.812684547872988,-1.27049198431856,-1.3169185067733,-0.534147310054756,-1.43489743804378,0.288384791374319,-0.0781357825369053
-1.67746467557973,-0.94673191673831,0.574852610921726,0.355420240751433,0.594509016055389,0.173384729699617,0.392113085776476,-0.311969899795462,1.71678804911555,1.92407020105358
-0.105798528510381,0.258775636087347,-1.1200157284875,0.951547662607684,-0.316805155289178,0.327994796870361,-0.484395795427951,-0.923184931790308,-0.115096350790804,-0.0469253916488495
1.13474189238464,0.74505124775625,1.20604735186223,0.768403606254077,-0.238717025410446,1.42603838390303,-0.0710053437017518,1.19073286204162,-0.0475419757200349,0.253590928643844
-0.584113269873935,-0.19379836207159,-1.08682227578297,1.9703061403298,1.66050431851175,-0.0564329285061326,-0.524904598143237,-0.694124138813804,-0.440309171547448,0.285171790781578
-2.47862072105088,0.508382310062858,0.0111874992121432,-0.683057195616764,-1.76157314316767,0.303617383701554,-1.01042030834157,-0.767324914345604,-1.52005580962483,1.29713723532669
0.740017851029393,-0.156262693458406,1.75749974005408,-0.547575122098754,-1.19329312982735,-0.819124892849204,1.18639337596079,-0.826800865808542,0.761480509974215,0.453576343484017
-1.68545298159989,0.86012362187926,0.394599150884667,-0.0195169688976486,-0.124965027231899,1.25853004893147,0.00410273566781973,0.989151813900232,0.13052201365315,-0.465093270691431
-0.216717756485804,-1.26511987854209,-0.55771538489303,0.42908739820024,0.639009080358496,0.527858106621353,-0.292461171889192,-2.28001106103094,0.143393426676186,0.672864286972066
-0.352072229338481,0.230781874346201,1.53582668963415,0.872068477658575,0.524070343391611,0.0254400042767354,-0.545572544007369,0.622010950480118,-1.17903220521699,-1.10511079791816
1.23752807966425,0.239347182077273,0.401707964655717,0.107031773830297,-0.58506917378649,-0.291919158352596,-0.965259282432995,-0.786346715877434,0.786797576103264,-1.66345841052854
0.00672889222093171,-2.1001056384515,-0.577481029380943,0.559165080957013,-1.52081863764524,-0.311949712449305,0.0783064130603458,-0.0537926885740069,0.407848552423842,-0.571894236579042
1.58325127548857,-0.774818079572057,-2.07009773979735,0.164499116649106,-0.167119833921472,0.0506178735860527,0.678819409548835,-0.661551915661649,0.134450941946231,-0.886513576972717
-0.237523234845592,-0.46583991353766,0.241782442954408,0.754562249326187,1.32764617902589,-0.77208085193799,-0.525338459582457,-1.20769589057455,1.17288084785702,-0.237199643388466
-1.17981459750006,0.531902412589391,-1.36196221945331,0.357880807465101,0.314242587264308,0.293728627234305,-0.542097933657826,-0.144294272441282,-0.407957273234715,0.689287172876197
-0.35100257203551,1.24228842304304,-1.73485874624922,-1.74567750117191,-1.10721893806985,1.18804111531858,-1.11263589826164,-1.49076832851948,-0.265358107091219,-0.0852115748649556
-1.01458113204102,1.05942373721921,1.06516339148374,0.241563263587277,-0.751562310052168,-0.502203034156771,-0.364090007894913,0.682195481440549,-0.525052525600597,-0.32454469335109
0.948328194132724,-1.15730052706505,-0.976443934337603,-1.50135720804392,1.70934768204351,-1.75774246792846,-0.243902551156885,1.25054941334371,-0.325766372496934,1.41821674236222
0.524811631081659,0.156677018373483,-0.199779637775009,-1.00047680091433,1.42433940027799,-0.713346342977003,2.14858990263416,-1.55938853353808,1.4174485221977,-0.215066507962845
0.752859623040949,-0.141536294196912,-0.38888095958911,0.682459433344831,0.0758299777422274,-2.67196147757788,1.12560270008097,0.516255748042658,1.40087573349558,-0.424021373013777
0.862503993431909,1.49195139486428,0.394464351534997,-0.749442827200456,-0.0649071801629962,-0.174538671607023,0.10715365031876,-0.54333683950219,-1.498895388198,-1.51870950478715
-1.61196574981844,0.388989699036811,0.769619749919916,-0.705522838963814,0.478003711756482,0.351172977978922,-2.40436398083694,-0.342965256629128,0.293164060716266,1.23178037579824
0.0568385991498388,0.318573273260762,1.41564014223626,-0.175954378794351,-1.50155980607741,-0.155612330094282,0.725113436824127,-0.0732699124197072,1.72746969327225,0.436038873692438
-1.31302507361175,2.04476133201828,0.874975785551555,-0.30424535164838,2.38907640787132,0.577199928032863,0.822715401087769,-0.330338276967957,-0.764001548564212,-1.51076853103155
-0.109449773069952,-0.692514337692401,-0.668712039634555,-0.5870215302627,0.320565473149764,0.60261787600229,0.63183765162108,-0.644784701064083,-1.31699729323348,0.615827876393859
-1.3870089480774,2.70076075679451,-0.180629236817905,0.591352519498658,-0.310207451680812,0.174216058897972,-0.490268846852951,0.172835623260189,0.66445988574825,0.781863241658499
-1.02619687138327,1.59858094550587,-1.54504676011089,1.33455272425635,-0.577849290248347,-0.327546383200079,-1.09400074899408,0.652276503207493,0.103325521990128,-0.433334193316554
1.38310175886551,2.31209311676794,0.89345661483089,1.26205928083284,-1.21500999626906,-0.935876563498307,0.378162633687482,-1.251916286308,-0.571922242656034,-0.398872646981063
2.83973574969692,0.41413653932889,0.869545804266543,-0.760811951038465,-0.15944010627786,-0.233234298503028,0.800155744294874,0.900033391146084,0.0180443910777742,0.997711256511646
1.23535794145126,-0.0432123809503202,0.173544921478305,0.101220363140866,0.0645061210748091,0.634666420971074,-1.34658938289313,0.313832548014205,0.662818942269001,1.87523463824626
1.5204704749328,0.353808125420191,-0.442177524446743,-0.258177869567128,-0.721315143838859,2.55371935951822,-0.742454724642734,0.0214045712035494,-0.817557227710269,0.39907630131638
-0.313592851748586,1.04768691916221,0.617803886550716,0.27846580946766,-0.919970290501562,-0.647749844416661,-1.62657901863205,0.123963863304945,0.965701704083483,-0.0981405770362029
0.39637023582439,0.0716564452483179,1.03980241678313,-2.25749278563381,0.362185070003176,-0.298869579758136,-0.202848423345566,1.1308131891133,-0.962011743590323,-0.455323312707485
-0.418519833888247,0.422335527394878,-0.492960754077006,0.917003530498704,-0.896172323576279,1.10622533998355,0.600803984086785,-1.320797776231,0.548010990869062,-2.83238608988789
1.89400608842379,1.34651870702409,-1.56505250883852,0.120031239189566,-0.987984114658137,-0.181636901727337,-0.838828244547596,1.56423025552815,-0.237843509441812,0.611008094575418
0.374534967789637,0.532975333186438,-0.659279414383405,0.874463369064364,0.272661128967415,-0.00321625161937575,0.448344212588573,0.161110542107245,0.671685458807458,0.269195894863573
-1.14394037519783,-1.32195934316107,0.446341344565328,0.442756166310036,0.3351912846989,-0.882352862542881,0.218762357553928,0.202023139304847,-1.01924530434002,0.448050370224083
0.522211097963678,0.96987618634578,-2.14631731250671,0.537390157339872,0.0179795649374477,2.28477813243523,0.0470689672454886,-0.259196880428345,-1.15787940732654,0.543903040965305
0.320875690815513,-0.775576514128152,1.92160150688813,-1.80965889597623,-1.01087790146141,-0.99840481662139,1.70059947926603,1.14219176309841,0.0448858340964586,-1.1994811816738
-1.54404186725605,0.74867358078536,-2.126874679809,0.632544202357873,0.735251177012678,0.908765273627832,2.82509705492032,-0.018656986689408,0.0269675380625452,0.490889224219346
-1.44758371266372,1.2178210139247,0.160114351319775,-0.638813215989586,-1.06334022359664,1.17963234303032,-0.10049407694539,-0.0765703614583185,-1.30547187476209,0.642538679851223
-0.241025872845456,-1.85442777515801,0.726550387156406,0.0717989286219897,0.117959292155088,-0.600888377842613,3.43874198640007,-1.80907024139166,0.374094772248078,-0.87316809135585
-0.67234705182275,-1.21242200932049,0.778919719746455,1.00060547418135,0.850768041001375,-0.84306799874425,0.595324710125444,-2.06629543232849,0.449041292471072,-0.280805219406138
-1.01701250002546,0.681762126681649,0.00930660535761142,0.28236935423002,0.229425954984531,-0.175628237399059,-0.47544061509815,3.46013481726547,0.385351888045201,-0.395297948217349
-1.90817334251378,0.729541104085232,0.564741509650182,0.682040413230077,0.0841537896619593,0.971916196081864,-0.54236656754639,2.00338052686588,0.153785876577011,0.0243925676233923
-1.01671840093896,1.43757874632338,-1.36580308011308,1.07168814218152,-0.529378097307723,-0.830690925885732,0.711010682920575,-1.45459029349079,1.30822911437339,-1.15199812492816
0.358066014645644,-0.247082236074812,-0.240227460681562,0.868611506758622,-1.40985417166657,2.11196974792833,-0.58670957445223,0.568937088669394,0.0573928241928561,1.03389706507178
0.172330888828186,-2.17263279624825,-0.615254063354582,0.16550781887369,0.708345285786624,0.556049226723864,1.10830828603459,0.502017613308051,-2.10107454695451,0.722677332850546
0.357915502267917,0.405771107421098,-0.203925078979749,0.41416058444087,0.159908064554674,-1.63923422568366,0.568807511667934,-0.91129777857793,-0.738503529326024,1.46774632408035
0.873748905208844,-1.6109968042236,-1.24862189086193,0.473731314585239,-0.446483262401992,1.3124839576288,-0.722423555053307,-0.175244655523101,-0.959111589228286,-0.557274616363476
0.0505641511748016,0.222367524848375,-0.882797207181155,0.465932888985687,-0.408900487134691,0.597884650768039,-0.618940534333209,0.521552008621291,-1.05897316742821,0.135880290161083
-1.71696900235293,0.374561477741816,0.636859225782816,-0.771456436208597,-0.639831529507393,0.582154246683018,-0.781958086743457,0.133817635099898,-0.255969603188623,0.446675525336684
-2.44898475385204,0.96384390201295,-0.417597431210347,1.07641879810957,-1.32022324546221,-0.383812759495172,1.49520492669421,-0.217727588736681,0.478194790099588,-0.261513036535045
0.678193939803797,0.429135160858757,-0.0747402655902857,0.508395512285782,1.84744242798969,-1.12007983466143,-0.2719735538486,0.270649364411857,0.319756063023207,-0.767385794535788
-0.924369207974349,1.05700239690275,-0.603467382320196,0.434413354180849,-2.16964117040708,-1.6662819188371,-0.301449691870511,-0.594973514056517,0.828544129414586,-0.204991991391445
0.511125986110834,1.51478055083869,-0.978471419804822,0.523029144365636,-2.13748411766018,-0.474047970324199,-1.27096219054266,0.0438194170072113,0.786411915849151,-0.951009791510089
0.310725708283552,0.245943314279222,-0.106465808309184,0.533710256630529,1.68587710272837,-0.33141176598776,1.00891595215789,-0.363690489908179,-0.264560844148118,0.650286191328574
0.76522106666493,1.53552131028132,0.946340506519267,0.0615204711292081,0.593034543926102,-2.46535556542288,-0.191875966263316,0.350279542513063,-0.478428935997032,1.56399419352593
-1.01825676621205,0.673920988684866,2.50995445419954,-0.676119565986933,-0.444639546391226,0.0123261032136609,-0.90041008589611,0.235576146591721,0.360309724682471,0.520634575672735
0.979431044670081,-0.872181281389838,0.813450312158811,-0.678354000362676,-0.635794209904692,0.296398253096659,-0.75601743595717,-1.116186727382,0.579285847055706,-0.2697817234693
0.0677235683466266,-0.877792695896951,0.757105673245629,0.586944625608332,2.08968239774544,0.4265649730573,0.289764429441833,-4.02662679213139,0.0609336948341387,-0.106898170229339
0.199930589882954,-1.73473409019189,1.58953408098309,-1.98168246244618,0.67400446197277,-1.2386796385159,0.73082344176027,0.10744484785615,-0.102440464185962,-0.316226409363742
1.88556992952983,-0.236479525452009,1.55561241044763,-0.943609813282222,0.550722003140614,-0.686963438096056,0.861934610552972,-1.02908633740118,-0.674960113018827,-1.60520214520212
-0.789154147546047,-1.32063411512435,1.59824517134537,1.32293940144023,0.696147868065268,-1.37959437836681,-0.952062315320635,0.707403431649927,0.452020592461176,2.00645996165043
1.04332068022026,1.06923577929905,-0.506011703671541,-1.71556606477983,-0.602421973841801,-0.132591807429738,-0.726359917873713,0.0499105168364386,1.70857914621242,-1.53104340454362
0.473241001771862,0.193808523059016,0.230414020939598,-2.52249516685594,1.93679105137436,-0.404543405142097,0.776635821255401,-0.867133463912935,-1.49062684269376,-0.514179678926868
0.165575781074778,1.34778021369142,1.25329294773891,0.930144305705576,0.981185024986761,-1.74336401876734,-0.12977358119658,0.859044990489186,0.705393067894106,-0.892655280656093
-1.50605245177244,2.61230436462176,0.667776678992479,0.533408268234168,0.318509071842043,-0.540497996248713,-1.36127169933173,0.100450423204416,-0.0637238842598404,0.4636745934873
-0.310495826139869,0.587198243583258,-0.0700621531218932,-0.33854299621293,0.380513135649554,1.13669530878459,-0.343433021333995,-0.944499146385097,-2.11241899511113,-0.68830631236758
-1.25033603553845,-0.185797883505919,-1.19642489195527,0.5727978474461,-1.22505562868657,-1.3034727169751,-0.45530964356106,-0.564026462470472,0.0464595733933139,0.900923374968151
-0.354217852537887,0.773596491709253,-0.909390377212228,0.118282903868853,0.510399704149103,0.975248347995566,-1.43866475434223,1.96252997801962,-1.1233917821283,0.180685416403439
-2.13243285021315,-0.81171950886494,-0.757744957432433,-0.765327769998291,0.822095296571519,-1.05585846704449,-0.361999839265207,2.61562747246962,1.318762918128,1.24307298428167
-0.687523521264516,-0.591865659179612,-0.00561224563090697,-0.102116190164019,0.404089499567731,-0.239257284818283,1.65363495798644,0.469996367421548,-0.842198543728482,-0.369205024053636
-0.466130696890314,-1.11618770026053,1.28642998364129,0.466986525468428,0.422390496749542,1.99916097176629,1.07313187713077,3.52898093146969,0.0574230908388335,1.80906085281018
-0.316926143602051,-0.25807106666954,-0.509862363680358,0.220308550646864,-0.97079641207076,1.07865696482037,2.28826255426565,-1.26421236024884,2.2095362057954,0.0263120217124996
1.09665515489349,-2.52219643831214,0.463824490763064,-1.5141364143356,1.69057883063583,-1.29951653415428,0.383404199622001,0.7633394955877,-0.16611298420889,-0.18452239169603
-0.88543929675725,1.16193219278876,0.484310666238327,-0.460544165290226,-0.00595040805260922,0.658258188264717,1.05209841685768,-1.30790888497704,-1.59376896964192,-0.810932659248705
2.00525501041628,-0.462175309712132,0.976895359134787,-2.67773467372644,-0.720053847151529,0.683870899449134,-0.775689765100861,-1.93050144862654,0.292820947828116,0.908601774688279
0.541911055423847,-1.71681849913087,1.06694432467324,-1.6296610935834,0.639235642736266,-0.500493275009716,-0.841194935283045,0.989949150235778,0.340700566420987,-0.121458691235656
0.672559942151926,3.02425976750084,0.335716533940417,2.45411088106769,-0.293258410965208,0.255549829563536,2.04010197353774,0.42395364766397,-1.30190166555,0.788488081927808
-1.55353040484975,1.15118291819638,1.66655253663574,-0.50082037189426,-0.533982032320596,2.77704228636427,0.553051617468902,-0.3633303200572,-1.70457019207593,-1.10318896129807
0.27682081252026,-0.17594263622383,0.469123388701339,-0.253603484277872,-1.53747007314421,0.289233862610051,-1.03872522341118,0.864655157801154,0.982676384535435,-0.00130262139743225
0.113341100043451,-0.774911855727574,0.651077216600236,1.11923191423762,0.750744855457795,0.311971732328143,0.168696429252396,-1.36676076247952,1.53356235264534,0.735628533613543
0.555239404959982,-0.653614282615623,0.62231900890085,0.949766636719158,0.151446209820478,-0.978043466112131,-0.75627200975066,1.41104197165807,-1.49665992284885,0.755366569745048
-1.93651292340044,-0.776849076300741,0.877819677692034,0.7608363811299,-0.00544114300864222,0.364603723176825,0.168945636077336,0.666275056884757,0.018607650608131,0.517220987699081
1.6083657549659,-0.69289854718085,-0.555149888281626,-1.01195100617108,-0.215002191564977,2.41818819104174,-0.783606984950784,-0.0343893962529756,-1.10948193213798,-0.477163991658951
0.863905274526892,1.14043270471476,0.708759147588562,-2.3230904427397,0.874446679504989,0.617616097643082,-1.28791093450483,2.54010263641152,-1.35998500227277,-0.193097473907709
1.02677874038234,0.049045913248644,-0.0608462977503645,2.52236485227059,-0.0615393910073507,0.906823649955514,-1.11179460727175,-0.795482845096518,0.850017496473144,-0.0608619176582348
1.6375367634659,-0.868793635085058,-0.237379770029656,-0.932779352462252,-0.398278967748745,-1.87410706485912,0.839574316164564,0.480501915655411,-0.0911454395381354,-0.231093772622614
0.0390765396846677,-0.725721443636603,2.06116206309659,1.80969315672524,1.23975050644457,0.418153163645125,-0.899622130297097,-0.646879842299222,-0.93533008055381,1.10385376191515
1.72021110393001,0.21334856636343,-1.52366084799252,0.404519113703828,-0.522241841297837,0.647020761431382,0.937234343494683,-0.995138670869341,-0.182869262809748,-0.862806052075482
-0.288303460618865,0.167685270640241,-0.617651360480913,0.877189239490968,-0.00115920090318817,0.00598142922393313,-0.802002065634775,0.672213068292164,-1.85055656305233,1.46255855660063
-1.19587115239645,0.138866771369789,1.29752173015654,2.75494173137474,-0.607200590302113,-0.942475939575957,0.8458161101744,-1.27695437600308,-0.652649186096238,1.83053969545871
0.618900686810604,-1.45163990472782,0.83650485787376,-1.62384266998051,1.93103838977135,1.6700385453769,0.442693439904848,0.0646243101837453,-0.250181106225255,-1.09692636340453
1.78423555073582,0.936144392015269,1.9229976134301,-0.0940550406535853,-0.916379908733994,1.70913778743769,-1.16887149309638,0.377765562312365,0.494763873256444,0.0385758643378045
0.677438059451921,2.59564098403338,0.339414856890664,-0.345593593877999,-2.94751902776848,1.32050289924342,1.63848871278008,0.141599311228011,1.49824847991056,-0.991651524067646
1.99289251929698,0.341590579487169,-0.145985483604956,-0.521075836404564,2.08499945103787,-1.45214602108887,-0.239635059190041,0.151297393404618,-0.264287446269704,0.220359959330438
-1.98431052943293,1.02921321842689,-1.72906230939723,0.624122205013278,1.19377946954827,-0.528759447711519,0.212578206516643,-0.0940801183578542,-0.585669565186125,0.436013184616934
0.129246626643547,-0.15006828131567,0.166137947314268,1.55778546972801,0.338590530988023,-0.10883630710137,-0.823964068056454,-0.366103781835784,-0.753911261443642,-0.358262892124695
0.548636109529476,-0.567779317312519,0.790034207409821,-0.246691113567037,0.46691885527962,0.545086552337616,0.125184999841902,-1.0769480511972,2.01340898631184,0.438140778269243
-1.03440232975358,1.09454754436264,0.318075139188296,1.00107201010848,0.571051106926693,-0.542631349343944,-1.69322038668351,1.48233390685391,0.143176009612553,-0.408302407118928
0.335749665180631,-1.2730904526654,0.772983857766547,-0.266293324333889,1.54645594681699,-0.486652181543936,-0.0306400851468118,-0.952866958277128,-0.136604709009007,-0.641917180365335
0.772906972164037,0.967886617376428,1.05746267184106,-1.15461467560027,-0.983749336455088,0.0316741348908748,-0.431082373883942,-0.928923260290388,-0.515910460829928,0.0959219374218332
-2.36488899750221,0.135308448388818,-1.27779291233139,-0.433961521621218,-2.25668717938957,0.630637199926415,-0.75554803457136,0.871312392989218,-0.836992569028838,-2.27157729117129
0.188474211014437,1.40666543677263,-0.0711488382670633,-0.775077272908538,-1.06744789388024,-0.855625290134917,0.165026088029219,-0.187650948905971,-0.510249706053003,-0.379321578604172
-0.342364249522522,-0.769561465225259,0.673594498434745,0.726479073828228,-0.605274746545731,0.170472751404852,-0.0682405413420661,-0.85761904874647,1.41678484749849,1.065699774541
1.11789051123651,0.371497246731967,-0.960848330297164,-0.645890991320848,-2.5525943884672,-0.492751966784169,1.40601546494861,0.087314608297044,0.785169563081592,-1.39937824666094
1.03041191996693,0.14317740891975,-0.667830124023613,0.452829420101268,-0.81024203525898,-1.36124109079824,0.146363185054571,0.158658095142704,1.29466419154209,0.579842411412244
-0.287288843665144,0.240596650677971,0.69624010707739,0.607690220770888,-0.082811725218276,0.931553588977245,-0.622970356729012,-0.823171965447839,0.317518270754004,-0.599090715088747
-0.128672748801403,-2.82818774626572,0.971997172158967,-0.358141095763785,-0.025475425206726,1.15209159261087,-1.62986186181345,-0.897468564510714,-1.12925741891554,-0.67408415494161
-1.58031297691182,0.338229315548091,0.382293562023468,0.197304046560086,-0.214870802790939,-1.00813139605201,0.684657844420797,1.35412992862415,1.18462351600296,-2.39103623024083
0.153832050041719,-1.23637322364633,-0.567165968949711,0.234981944987299,-0.717556050561435,0.60193133918361,1.63302767368914,0.495484817476213,-1.26967418392684,0.0432626155806063
0.0255373555183556,0.556187706993605,0.0815121193874054,1.63538849285478,-1.285519241319,-0.0102886660420019,-0.777902928795564,-0.908416600927724,0.0446045207435085,-0.179557384068489
-1.15813110903574,0.832413876365898,0.187275827297644,-0.107019757793972,-0.941246794417093,1.07636128419394,0.942031640371535,-0.075795455104404,-1.51271473145527,-0.135235042347125
-0.901089759136801,0.514160734029519,-0.0265294067738042,0.293060428298359,-0.126534647864623,-1.63802282798667,-1.17251873703147,-0.216313590200791,-0.967451701526941,0.645728078406451
0.665408024249543,-2.17797189942047,-0.880737440526926,-1.64575939001669,-1.1663548976044,0.909393901215902,1.75690051480203,1.16648087593112,-1.85859481529483,0.902776629553524
-0.967481264706023,-0.264396597074518,0.324095326160328,0.727666898767763,0.493652091082308,-1.22215999909869,-0.511090497940633,0.982386561980099,0.434253869055502,0.376139499587474
-0.454494999791071,0.229281148638752,0.868783998000176,0.00960649661616956,0.20341212086769,1.88534720715909,0.629289472713102,1.20481711223271,-0.399836120501853,-0.495444481385588
0.615077503764064,-0.571245477231572,2.14822271084732,-0.0183720094631247,-1.45225794772442,-0.985188915909816,-0.514144216768199,-0.192301722730169,-0.722485477291156,-0.715592135010577
0.558117045364296,0.674947617568834,-1.19312826129482,-0.173295957528067,-0.417475404697099,0.800233664230685,0.22150054742056,0.864921448735446,-0.546077443171512,1.50599501162872
-0.595058455372175,-1.35777249397525,-0.742257728790747,0.641483725847823,-0.280094796133068,0.68610820984876,0.945301756583772,-0.983092899484957,-0.346346902062187,0.313754977256383
0.124050477344343,0.286997811725524,0.882523200869852,-1.21086652975812,-1.02557484522159,-0.838671346384261,-0.774637628565854,-0.0581187936639808,-0.804380758337788,0.050939912243612
0.67895003826108,0.0365306997429563,-0.770027502690271,-1.13868049291259,-1.41707083148415,0.480044893900259,-0.611405709710696,0.799322027173927,0.433879552307969,0.787553988274689
-0.209719279849704,2.08198144803725,0.325198758510709,-0.654118607367316,0.602480897087687,-0.720060810315971,-1.0887133996815,-0.899841783751119,0.896928180840882,-0.531737354624916
1.55985848208124,-0.999442853355633,0.636824154980953,-0.294895219878958,1.9929279927511,-0.308972062815764,1.76431016000312,-1.84739978408175,-0.308185860007328,-0.558242548158447
-1.41342417692451,-0.524858200333306,-0.204352725085489,-0.262707707689736,0.837882443206567,0.365414961978035,-0.70499462722829,1.45326101896942,-1.55591380659284,-0.835547809156862
2.12526479622871,-0.79578669227399,1.56029548356911,-0.99907457836313,1.37599894315406,-0.17254878207788,0.369563520965205,0.410339881820203,-1.42584910503967,0.205304322276418
2.01777977823845,-0.296743491094817,0.936887482627469,0.336615958546945,2.07650417221527,0.353790782610931,2.28500905200831,-0.22821270939465,0.634823916836837,-0.84004293577404
-0.07998660367015,-2.18819695531637,0.0117857081551546,-0.496081833009302,0.353456458213182,-0.70977777297987,0.0429570021859028,-0.341891605921862,-0.202606455536926,0.730523216677076
0.624859256838757,1.51141651929285,0.330470441838383,0.217934540762939,-0.0381319092412224,-0.00236929319527857,-0.0430687878240239,-2.61414624238119,-0.109447711642135,0.065609674619275
-0.00751973686926171,-0.559196271645463,-0.531217241096259,0.197333464801198,1.01010892845798,0.727333887451537,-0.363447566467599,-0.656651778798326,-2.00074195392928,-0.466803296838627
0.100480381231196,-0.210434533781812,-0.708909910900947,0.0642309781169729,-0.384006990797663,0.244697004517582,0.0333173339679767,0.120774125219026,-2.20078930716548,-0.0669569464286098
0.785671295636317,0.89773683100957,-0.167539333012968,-0.263971776187686,-0.389412095765379,0.474741857182601,-0.161917836367853,0.871783675737462,-0.239124971369525,-1.34272431906989
0.227617242068389,0.507010698841803,-0.537538554657596,1.93109516516001,1.01814031687571,-0.303558807140836,-0.109590753611957,-0.722687376638767,-1.30720390682748,-0.745591703307963
-1.58723996561644,0.590268928006023,-0.858432118672372,0.377936613367342,-1.04222518881824,0.431724870211512,-1.61634555409178,2.29211469686886,1.28724364805283,-1.08425574958473
0.148439506383221,-0.0849598982663995,-0.421949413426306,0.564978969828926,-0.326052515180225,-0.334557987843817,-0.48327013218948,0.684497177298765,0.0333657121761058,-0.962194033523864
-0.551169930225117,1.56639962581088,-0.280567816053825,-0.889070467923973,0.653532076075282,-0.368498480836767,-1.09044016355607,-0.588700347868528,1.37384707945547,1.88562904819106
0.394981309587216,-0.995064613289308,0.294608519041422,-1.2671657882073,0.744796836769636,-0.67942059496372,1.88381779069045,1.14574042042514,1.5381623154757,-0.211145678679879
0.326702279071795,-0.0922166677139877,0.385973384422092,1.60073078773354,0.0344913424118581,0.0622196537152444,-1.16009603014909,-0.382952542245444,0.124616258302763,1.31896843855378
-0.861702806391548,1.62974735801729,-2.20312468444685,0.268382368329205,-2.00443876855072,0.477406080384805,1.44093551493718,-0.465644706245804,1.76220354288145,-0.455985950327393
0.739829560980314,-0.165438635214296,1.30558783543599,0.422963513125425,-0.00124085511788581,-0.474206990199844,-1.95388883535389,0.300471171341925,0.968115151115517,-0.440515403399031
1.29569484107078,1.01071943029514,0.150044391651446,1.40716925910152,-0.764173035558203,0.266072562047009,0.397971476385703,0.331994925898553,0.871090087193883,1.06821087188173
2.35432728923289,-1.5403822727275,1.51570261310014,0.997145026515269,0.12264115779305,-0.277135332735529,2.04474870082158,0.0630285439247319,1.0093202001596,-0.904679659445743
-0.282927312500907,-0.460845052919079,-0.100251680051484,-0.354009291521293,-1.04216831514663,-0.392284702852743,0.564384182714562,-0.0125925566239591,1.03924114648081,-0.170492169200756
-0.880958018035803,0.0998385469005444,0.0554110470781891,-0.0649892595151689,-0.440941711405589,-1.35998741351947,0.0816041667685788,0.619010350793036,1.37490432198824,0.367156109058835
2.89668748842663,-0.158571441212127,1.01156619967294,-0.0462964764677339,0.0621231876797492,-0.174792609978647,1.56348858188484,-2.28262059477735,0.299610456627516,-0.224418013206579
0.592978219255097,0.308015563823334,1.3813858305588,-0.798197016815377,0.07221710214594,-0.0735386577008737,0.803220428423508,0.660835774224702,-0.192738765403885,0.488480182927726
-0.68992318979093,-0.376134782959885,0.757474848764048,-0.702600510039066,-2.05400786691452,-1.61145554561244,-0.332114827484251,-0.59553820427725,0.444139148143792,1.65741552871105
-0.538501606218835,-0.587003752621653,0.664395569647414,0.762264849623699,-1.71622373046322,2.24508409634695,-0.299592474600331,-1.402926136002,1.76102440682704,1.42911829030598
-0.632012014698053,0.82808334369876,0.747506437843955,-0.21930915495728,-0.562188214168,-0.139756362016492,-0.0681295373624062,-0.557644589343669,-1.56170303717409,-1.86911828452803
0.173083853020918,1.15609193097215,0.761152633113914,-0.80474007407268,-0.993083511497698,0.404506693107359,-0.892255682741976,0.794793486541816,-0.864965381891748,-0.363202007754864
-0.227138082987882,2.26541752598155,1.82267051016393,0.929858180506133,-1.16750215477034,1.02570857075444,-0.349457374285532,-1.19781231461479,-0.499584098474072,-0.569479960358279
0.394501266732318,0.632030047183474,-1.34951271429297,-1.03338682619358,-0.720719101859787,-0.240391248900068,0.00410300275461844,0.388466684906921,-0.279413430855998,0.668786291714815
-0.71602060477527,-1.84885300224315,0.249164371263318,0.936474984658422,-1.6505541814485,-0.237734538129894,0.54234399121019,0.0400669437104741,1.45726265452765,0.556221401870617
1.04892696250984,0.871127650812164,-0.200554393196961,0.222275054276972,-1.1871670339091,-0.635667308196198,-0.576346729096743,0.673023678918144,0.823231932265028,-1.13360574535359
0.877088783488272,-1.26613206157424,-1.90317459387956,-0.869687203703956,1.63343266224475,-1.15901671305037,-0.0330180523558328,-2.20219262080866,1.31667849050235,1.11554648620446
0.428690755460154,-0.295330983786825,0.289908202394269,-0.937455380115378,0.271795729743351,0.911517168122267,0.506060774348875,-0.655455204667131,-0.782201716501092,0.676993679708094
-0.718630201637334,1.02937175095459,-0.0197615197015949,-0.759248056870394,0.473209071644249,1.38894947582545,-1.07533975807417,-1.17442554611639,-0.140087857970531,0.533772994490218
-0.964951130866997,0.506122949553336,0.402622175824942,-0.199701912554788,0.236023994390534,1.2885320337206,-0.0260225047385621,-1.16190210897913,0.913395469017618,-0.211413032140396
-1.23401889489508,-0.0876722123096314,-0.645287830541226,0.299038280447801,-0.351435102748257,0.011922214747065,-0.852230324434203,-0.683137093900655,-0.0438352919635337,-0.742695926536605
0.139298908143918,-0.0648586117804193,0.762422689153727,-0.879438290832888,-1.10007634313801,1.47306620276412,-0.327095637840993,1.2243307842947,-0.826291128351841,-0.110730357017214
0.463441616310067,-0.319857385714136,-0.388567577046661,0.513576624445041,0.186561727681723,2.12143946897025,-0.249526315950412,0.769354902801105,-0.685436987160827,-0.0540486738187167
-1.4078997230437,0.725663447869583,0.222856199978121,0.175831022389915,1.08312918868665,-0.0817201136771138,0.559392332666328,-0.897611948149108,-0.254241612728903,0.44144514029651
1.28615684336262,-1.4611788556889,-1.7008512148202,-0.0575276997198145,0.637263453204208,-0.927736321254759,1.2031579281924,0.348802798070278,1.05092842905524,0.134402313165335
0.971638443779265,1.43813227730543,-0.0437923461080101,-0.56341160078719,0.191949486293946,-1.35901987973897,1.97031404704326,-0.592884530558013,-0.508114419944103,1.15060255062446
0.996316748495249,-0.633369701579506,0.0425488213311209,0.74492361449404,-0.150165839977351,0.857392784479978,0.938060205427477,-1.76809786203944,0.185183616581057,0.0049533147403402
-0.0446739265483563,-0.63202182732916,-1.82817146441119,-0.0550423837767875,1.26946649608268,0.0164349720717038,-1.3801832007552,-0.499096776176778,-1.86865534453597,-0.139062548569568
1.33572739916074,1.25216857934796,1.16030507029637,0.750883308334462,-0.786988870149467,-1.96755359864174,0.468668475607288,-0.8952571773733,-0.949225394012744,-0.378396664624728
2.16430008759424,1.35833385584791,-2.20955962097346,2.0750353983174,-0.695998088708783,-1.60482280225813,0.246831155769089,-0.777352099432889,1.19812893534834,-0.590505191806028
0.974823575130128,0.625293568780611,0.267937158285498,-1.4195891578736,-0.17383195590632,-0.56570163733548,-0.24690053412687,2.24270222045787,-0.719793738176474,0.292180292843039
-0.543118390265443,0.157264312984057,-0.430853505305443,0.991114832261555,-0.786340586145784,-1.03330032003004,-0.104549327558782,-0.772268239545493,0.295103053339711,-0.940813464766412
0.336661138238248,0.363725489573787,-1.00233265710984,0.820040037430058,-0.173488787157411,-0.180745841272781,0.830743224482397,0.932608859737062,-1.03393191450003,1.12391374439694
0.494766229765569,-0.227328824284931,-0.696589003613034,0.625208139635892,1.05332777708005,0.162557213209517,0.115196736749153,-0.998941149640533,0.464630900978828,-0.736800155818274
0.787168073509981,-0.0483266903311676,0.450585818954432,1.67508169174666,1.64580868248514,1.03531846628034,1.24226201733143,0.507221993072507,0.649954832424547,1.96260094497974
1.72820565203922,-0.802348308565942,0.457098980536505,-0.395300163708951,-0.432131699300574,0.144717936888016,0.0957139481557722,-0.190337727348316,-3.02199422338119,0.83943423819943
-0.164378281450112,-0.529963816505443,0.419900263656601,-0.504324350441628,1.26308318758405,-0.532597233865488,-0.195270636877629,1.86405532316178,-0.132885979881804,-1.59443193802566
0.138316041872737,1.69301023813153,-1.81516523127081,1.48382431313394,-0.218406588181035,-0.288211467078274,-1.24422410867561,-0.171960335863373,-1.27038991891257,-2.27092848415191
-0.0400562681074556,0.406810724349411,-0.286786756363126,0.14872710478739,-1.44070937367102,1.87915904823625,0.377013326470006,-0.710777698734796,0.464577015297674,-1.52750302241074
0.650652778561604,0.292107880680163,-2.24997619196728,0.72971253778107,-0.518542727260059,-1.50956395863149,-0.572396108496006,-1.55390303045052,0.957650497965749,-0.492073549885875
0.236750049635646,-1.17392260021418,0.305393642140804,-1.32301754450629,0.71868888259241,0.6800471286288,1.20147191639264,-0.557125417841609,1.06081868539808,2.35579378930209
-0.94498430894857,0.947150032645261,0.252008877422664,-0.619524559011203,-1.07291904179405,0.370606486008677,0.168829204983232,0.866619311192635,0.663137576242431,-0.751608814061177
-1.68488452538147,1.95221190445212,1.67775705700273,3.32334330913459,-1.36624735657181,0.696309646449715,-0.0682217544522276,0.123802188500839,-0.135836388332487,-0.336236682028219
-0.495748714734752,0.972978256721532,0.285223634578438,-0.00298085936737298,0.731495949123501,-1.19707696260193,0.929350066503088,-0.196758547449878,0.354132364993459,-1.36145512781566
-0.903440410473627,-1.27583150568843,0.828385165871764,0.77838330630682,0.175250291247307,1.13088533070825,-1.3630548664157,0.593928098661701,-0.519281283351827,0.847696589457476
1.50522952009926,2.03186318383315,-0.084023132043789,-0.524645727071671,-0.512658405258204,0.0933921880585693,0.700793388706574,-0.612613395228246,0.674132441103814,0.268017427054185
-0.644253557432517,0.542804269996899,-0.733479707480419,-0.529921086814921,0.534116618095363,1.85139160274457,-1.67325548302591,-1.20305519258468,1.27840378234186,-1.09542495268756
-0.52468220895014,0.130572308655143,-0.441689199437515,-0.527048210411601,0.377325029175364,0.0534538210204802,-2.31882156714403,0.0223990431001152,1.55535257456919,-0.0355459813546648
-0.331449309131136,-0.562999804278189,0.294143873503712,0.685490132444777,0.650070339658199,0.259661640397983,0.3618587771348,0.865618836430006,-2.24754925788227,1.42307291790567
0.26651867831092,-0.225021221853491,-0.0583881627063818,0.870932450366794,0.466587321492582,0.728772551516423,1.86854396326508,-0.175457498904243,0.875795658527937,2.04594442452566
1.17959964942175,-0.147355549577937,-1.11433740709869,-0.489717679303251,-1.42709986276931,1.72157569532739,-0.695170672506309,0.91365566072803,0.362676729437945,0.703914611872025
-0.549747769489437,0.043534126012214,0.493837670742311,0.398619162718412,1.47802880349669,0.035039709128201,1.93223166767767,0.93999699470585,0.834128094688848,0.215241561437024
0.106117900661136,0.000274999459564965,-2.2961578054581,-0.365431122453276,1.03410430239523,-0.915106815457143,0.673637180459946,0.633723157213333,0.44623716239016,0.227017624562233
0.0902568694514365,-0.536372933239884,-0.824133875347217,-0.807456767576189,0.455547689743654,0.110352892439588,-0.451587139193288,2.27159557248504,0.344065785426063,-0.846138673828993
-0.418652240927417,-2.04796777745896,1.21998558926612,-1.1306928069016,-0.99030247561117,0.0638395642340646,-0.361495667741765,-0.974625614280184,0.36488878026254,0.811792168404329
-0.62845071146122,0.997036920063451,0.0374024859937445,1.08109718121285,0.381462187279915,0.215233076399628,1.30533382992515,-0.854754697079983,-0.816642393862022,0.97178252124856
1.0856105328604,-0.73699580068934,-0.421181470159038,0.55298614094702,-1.53767088962644,-0.0674706167468116,-1.15585687617069,0.977285490326327,0.356001373296876,-1.3011418720019
0.914152919019215,0.401017650875018,0.0704510489120798,-1.14344457571507,-0.144644297495295,0.32676136576241,-1.32990177836642,-0.205184426257628,1.80952274879376,-0.350711429887995
-0.42396270158172,-0.0501899365980854,0.265459954898916,-0.000425490064805659,-0.639721327169355,0.269705457557092,-0.851658627067851,2.37256538491688,0.148641118426323,0.313580633993137
-0.895741003978655,-0.139148490369291,-1.30929979668011,-0.243460257912839,-0.591477714404131,-0.964269108979246,-0.162923999005477,-0.145265893236422,1.409066351189,-1.01668657153991
-0.98754931049516,0.291395920939835,-0.166466008480147,0.555749241998511,0.169632548477652,-0.651334897979429,-1.19373793689958,0.0434231797433773,-0.415725044271384,-1.16157355732588
1.29844559840959,-0.801360829669446,0.931396875657008,0.60081396318933,-0.0001433277948638,0.386873267371072,-1.4501293364778,0.273815037410951,0.457513626126899,0.87035126262619
-0.546532008504378,-1.32763268115684,0.634179211735308,0.438386209455761,-0.179362419555579,-0.295320771898323,1.00773257350255,-0.888380446006158,1.34316099779482,0.74032229323061
-0.542649890908368,0.164471246627059,1.71217483612834,-0.253769530692238,-0.250741498854832,1.31009976856189,0.0441081683097645,0.704965482552411,-1.61976813726285,0.480100492261317
-1.73368538580054,0.255091960783348,0.592304603708026,-0.536199704888711,-1.08318558786645,0.594243944045215,1.82762714126018,-1.08750900049282,0.631272452563572,0.0116995783559216
-1.60888998567796,-0.323089951329503,0.435185615920353,-1.0853501274863,1.28229780211145,1.65593388160752,0.170078966369878,-1.52179545202132,1.1187082161647,-0.0803922568710563
0.614186169422242,-1.4795931426539,0.713862792201522,-0.601101891211812,-0.618559408720226,-0.745374273959157,-0.194839012961037,-0.674032221551362,0.738993578331078,-0.375870090932316
0.158106599841425,1.60526472954806,0.812319637669465,0.758623369706061,-0.664346549694451,0.64794025661798,-0.393079730592686,-0.209704620787885,1.47013746760854,0.357673667450961
0.372970025893419,0.0180313509898349,-0.0701820795437988,-1.25018153042918,-0.126855824283539,1.01562203655388,-0.938436960644193,0.531097361987981,-1.89911153359894,0.908728477324115
-0.915045169639605,-0.108654542902881,-0.534735358168506,1.34384101578426,1.86080241682282,-0.525938859478106,1.83974018490919,0.324411098629753,0.193986843504514,-0.305269560858723
-0.0164951165989793,-0.0707402708133868,-0.203043116025374,-1.26570483536217,-1.453597217463,1.23388040325946,-0.37110060871586,1.10210332387956,-0.117528621785669,-0.570540871439757
1.48582154560533,0.909291642889347,0.484165229454064,0.207606960967889,-0.516345171376005,-0.48080096513944,0.0558114099756212,0.560267610935417,-0.0998921730640848,0.151634030090238
0.436092725483335,-0.625420269621965,0.0993038727399256,0.131389914609768,0.277941170805225,-1.11620197143202,1.62344682514043,1.88917619840238,-0.349719366814643,0.645360918934047
-0.745718528350015,-1.86566390287594,-0.804732001820841,0.19732665694586,0.691078807138399,1.10281990914033,0.589341412763668,-0.18935307434249,-0.524783612659492,-0.329985758643772
1.07736974763435,-0.679030314875378,-0.292710788017265,-0.787105566230076,0.775115129569265,-0.249333937020227,0.949883094944711,0.0824119738314502,-0.323298369182754,1.0732229817193
0.136458864374716,1.59183564143213,0.987166804699258,-1.75897884533428,1.66853337089052,-0.143030872899543,-0.306054048839256,-0.418047595090126,1.08263955689153,-0.721144177709921
-0.416335514494556,0.320613874827697,0.775607536921389,1.92818583691206,0.462658220619716,-0.244986198953416,-1.29974077437946,-1.34619875295836,0.438753793624841,-1.27798561093788
-0.95083988328619,1.2476558394556,-1.10006222201442,0.243640161200919,-1.8243234057783,-0.781836217374115,-0.468244130213652,-0.15067194682323,0.716046090111869,-0.71412955057659
1.11241857491418,0.518900181666026,1.40951197745171,1.32809904343641,-2.29193902220818,1.14811479799536,0.660956637126827,0.0276003329369401,1.07375368913569,0.743403806575766
0.345754731296549,-0.557515603360794,0.301690606395855,1.0330205431719,-1.2647404061847,-1.53124902802982,1.0320071311297,0.930838841947772,0.797315250985974,-0.482643543198586
-1.56874861505415,0.668314832528581,0.0575117304007129,1.09783199580343,1.72367435197043,0.541817218166784,-0.628985282687088,-0.370566619140062,-0.368486157939501,1.73541148223948
-0.244758236989578,0.3890770157616,-1.01007460291815,1.18388573169902,0.469226530905458,1.5596900773767,-0.111135589967286,-0.311221267500196,0.51305542896069,0.300467505507538
1.64260774099103,-2.40818243157689,1.48788036246477,1.20012506731788,2.04422739229895,1.86718702346076,1.72593213844065,0.583903372263233,-0.181362790363563,-0.639284655672716
-1.52405464566785,1.1485972155913,-0.985060711564814,0.466102167008693,1.31580690847204,-0.666709734549976,0.0990905711251046,-0.606671666383758,-0.119318262243132,1.32323169348569
-1.23448341120862,0.431526727717807,-0.105735915302062,0.553710471495431,1.60708604901384,-1.70633421468222,1.03549196677389,-0.392726691961405,-0.336333476559084,0.633692817157828
-1.69659380412767,1.01191440984165,-0.0470630187660567,1.72721276717166,-1.73655428653399,-0.533840738320176,-0.685177699747994,-1.44500431923874,0.838161767536862,-1.34947517482264
2.35195386094604,0.0605570801249085,-0.916453738024948,1.74671369848193,-0.509170974024844,2.70148351275935,0.868208591265308,-0.201656443980248,0.669832999267412,1.62832704497214
0.670279253695112,-0.0907998122985852,-0.428172530529928,-1.15552623605988,0.317088912412694,0.0637302639962826,-1.33063727882763,0.671304752101803,-1.0593123100448,-1.35749047835283
0.982909835366427,0.326092682764032,0.891027701775765,0.430974211034087,-0.673043910578026,0.0294538440596123,0.643503647106002,-0.0270561178524795,-0.569374412042378,0.0228038677316797
-0.289236321615512,-0.976737330201399,-1.43039601286232,-0.199698931997328,-0.459633453907089,-0.278418407756737,-0.765530504701259,0.929396537434874,-0.428209658778795,1.96913484547826
0.269647129519397,-0.315136476105592,0.177376763860739,-0.663251551490555,-0.665205263550304,0.813178456212696,0.500245861178008,-0.346913551742139,1.08737862003218,0.991724123694669
-0.726650592968725,-0.224062519040656,-0.494714267359556,0.234122694954112,1.14688261712602,1.45089012781224,-0.197014749940836,0.938817139617513,-0.941852635012856,-0.35204890629299
0.382984367958035,-1.04695508382051,1.01233871596154,0.0125691879200091,-0.230532011487744,1.5646257750254,0.210530582992442,0.784771247408108,1.07306734829759,0.296143973275948
0.291962247297925,-1.16294065500732,-1.14641158328841,1.76193694640397,-0.510472057066839,0.562756067003783,0.787557255559359,0.0324794232735135,0.813730357918112,1.82204250965405
0.17692200900522,3.27332649886964,-0.5207483857518,-0.261342348485908,-1.26125813734451,0.00014987507808053,-0.61112775828231,1.01252566840254,-0.0539751037684275,0.44417492112076
0.66914507796053,0.825271975078402,0.189839860539784,0.820375056641696,0.161222910180132,0.998275651946585,-0.192630458097618,-0.92879709477227,0.110459122927856,0.408507113096597
0.361346553107905,0.15327504353427,1.17673042443985,0.477245034661385,-0.649636542928278,0.673448104480172,-0.356641254789406,-0.934069135353553,0.420701930520932,-0.718650575432186
0.354928990368534,-1.90103206966584,0.427818735488064,1.03865226266771,1.0488510059167,1.15336582404114,-0.319846186774143,0.26816521732408,-0.690445409158826,0.458211329883413
-0.280203976721335,1.12507837532193,-1.00426163727099,0.588938276651089,0.380105333644899,-0.725569780162463,-1.20369631489,1.05309320195328,1.17211404861872,-2.13069811206768
-1.03878776472282,0.0473940478134265,-1.10317603374923,0.81794281663542,1.08988788649429,0.590606620378529,-0.20476884786481,-0.942782905548054,0.195957089655455,-0.770712132103033
0.969265437026292,-0.621115640607637,-2.97897134452483,1.13987984549822,-0.00784469475778995,1.83626073538102,1.22222449562341,0.520807819975798,-0.860811362411872,-0.76252529080066
-0.817906140346961,0.125688403040486,0.194817280818481,0.638374819554437,-0.699979656041805,-0.947465201099706,0.714000181059049,0.257604639124797,0.140867827230244,-1.03601631451584
-0.74548132985692,-0.363271692777688,-0.0738277714020652,0.469068135204372,1.09869203494609,-0.323278755143395,1.62072572481394,-0.328493673818405,-0.589950656294996,0.717201712133362
0.887456909263784,-0.978179917875684,-0.384430084102528,0.308791050057249,0.510169531728452,-0.227640498859034,0.00085216206442679,0.221229495831914,0.0438566825005891,0.0594189576230214
-0.82108116236544,0.628343078127649,-0.503302874981711,-0.461867096842418,-0.35059333675304,-0.825712289161946,-0.946505379555119,0.600501004118285,0.0556926916677566,0.892356531116529
-0.305762417113362,-0.675993429788402,0.4715161268705,0.0291625166343681,2.14747905413451,1.73495602057027,0.706097083375567,0.209383466082268,0.75431748283116,-1.23263543817815
-0.0215912433343445,-0.756203280315228,0.563062640152134,0.35148247036191,-1.73811372844161,0.840724268594416,0.0675440632108684,-0.614786309896332,0.274931032593255,0.827683500375265
2.59995150982699,-0.0858058966374865,-0.397174979948054,-0.0266955844859333,0.407709420361062,-0.0822416230494033,-0.0691834083611811,-0.711858654212353,0.398541946053212,0.274121379956148
-0.0247141407031033,-0.250557400414782,0.692210481909458,1.31888885723475,1.29604261458292,-0.158276735456255,-0.449582030340654,-1.85721662586458,0.62323812836787,-1.68788650234841
0.311121374788518,-0.750728118512027,0.654473893430973,1.32920552057511,0.0582872198845275,-0.457372076500176,-0.408202731774158,-2.69513928016428,-0.0140124536048008,-0.456337510421801
0.267586337000312,0.786572944934619,0.241255874568637,0.27981283153976,-1.02254433247823,-0.908741146949188,0.0539364282033493,-0.923067140504475,0.965452765682752,-0.0468232345060216
0.839227565907945,-0.799516585330322,0.0297186842005633,1.27330458417717,-0.158559276912681,-1.37896236386264,-1.84414298482923,-0.0885852896165688,-0.875080931718118,-0.408255238021669
1.63269086507611,-1.44274723008731,0.196509578487703,0.174524280857361,0.951187219252797,0.460661340437123,0.609599933322288,-0.104578132912275,0.519412350354579,-0.744676999042044
-1.3135064203616,-0.169748363969241,-0.638468310863041,2.33729107553886,-0.480443202444515,-0.856643376854506,-0.0799812612723807,-0.967223071465236,0.137207452092785,-0.930482962249043
1.26130164060068,-1.18499189537765,1.03649568101211,-0.494287970718766,0.530494655488713,-0.107478743257176,-0.222800472117957,-0.305220828797483,-1.30608911053224,1.32839454038623
0.0768899278093917,0.195635295697898,-1.61421037415649,3.10846699615286,0.968990267284213,-0.902437392456849,0.362571331858257,0.848109021064704,1.3308372589751,0.560046743946028
-1.48082372276596,0.22228971187163,0.604011629333156,-2.17602562384591,-0.0540596427440236,-0.96282896708567,-0.183397180922681,0.65314746239683,0.155610240115542,0.985523675496011
-0.147404777215664,-0.387460308414,1.10961650873429,0.498254767450306,1.35481398510922,0.460661377555309,0.61104302134316,-0.35244047586592,-0.987527002793277,0.285246253494824
-0.245281545234412,1.52919577337289,-0.665754087713702,1.94937411172387,-0.220211597004303,-0.585960564550316,-1.02757710631124,1.33701585895963,2.18704983630949,-0.655434283761445
0.0344988639502745,-0.275052039818725,-1.92639196779284,0.906189971120648,-0.135018799965547,-2.21183834542992,-0.399462435384987,-0.289894496208717,-0.908187819368128,-0.96739643292307
-0.0177135420926838,0.779236182993376,0.0618234978353335,1.01928628279588,-0.0554716339200262,-1.3988962047158,0.326626261517569,-0.0631958006635653,-0.287734226368251,-0.6913191701197
-0.843717714702722,-0.782270809460863,0.884665396425564,-0.429565560656968,0.559406202018015,-0.704230965581007,0.85016109239376,-0.202791442787851,0.152064840489069,0.0238824012621885
0.413392715511526,1.71916670708299,-1.19564389194967,-0.422738944780679,0.275949241335734,-0.954180892711222,0.184940996923036,-0.600651783172099,-0.92432341898365,-0.803453223257959
0.30550495679997,0.962115581822575,-0.605889025821498,-1.47716783470585,-0.454012726700976,-0.157842355135871,-0.363114161730865,1.49461184571396,0.450960657122307,-1.93343198349508
-0.890948784175794,1.15382749500408,-1.32036390089846,-0.377698378997071,-1.35673683795035,0.27692951435916,-0.34705800771986,0.734038470235778,0.16481989235727,-0.805837892017985
-0.146181256439804,1.46393293300014,-1.72908714745867,-0.330837910395157,-0.101552284773422,0.810685239935813,-0.276393756446491,-0.97204999059005,0.0604198350290339,0.0510952106759262
-0.783184125981498,1.7782764674377,0.547328284456695,-0.721172193249319,-1.35726602875525,0.72123534399922,0.644152298740569,0.233292487844022,0.567816242960577,0.529735040458233
-1.14703867191988,-0.0476042116990635,0.921941361385141,-0.258288133140843,-1.38446770042301,-0.440319435152881,0.486022207425794,1.34373971454414,0.627565200726664,-0.673144943287494
1.34670576126974,0.0214777291939253,-0.303389243713109,-0.725028013770364,-0.60044228021073,0.645702881686889,0.792304580817005,-0.39380272910362,1.10339119891581,0.471897106528507
-0.734273407270336,-0.0511684248111548,-0.286797883046335,-0.417437480859012,-0.703759205825738,-0.683018019733646,-0.717888492283194,1.45235408585471,0.023512922187501,-0.402384117110591
-0.0840620056625449,-0.312590649668493,1.15839987060555,-0.250837886614075,1.13516993407687,-0.336229678655856,-2.11838271200526,0.273276498287198,-0.444950639447725,-0.611306943729685
0.973773044340899,-0.762157595125688,-1.22282251345585,0.901087581796084,1.48191610618727,-0.568068526685167,0.963124058294325,-1.74007787058039,-0.133276429474679,1.77431289486374
-0.941710011100738,0.361759270170106,-0.0243051995811347,0.480329069742354,0.892303597457434,0.515368165837387,0.0920126271588257,0.23183797329302,0.992715269467398,-1.7439437315028
-0.0752316133169359,-1.20309610328981,-0.408172237229453,-0.119472535061917,0.258754712061863,-0.621598485890957,-0.756336894574381,0.724749569471752,-0.306144133564262,0.104446178646681
2.19136454123208,0.379920329460613,-1.24879887849642,-1.59927799379455,-0.077030550927556,0.0896356013771766,0.541738512600249,-0.067664481742709,-0.662970602053765,0.364797512615177
-0.122003487637419,0.658847443835508,0.42984804458167,1.46326174031668,1.6073481412151,0.208520353793077,0.255531396944242,0.377694293440754,-1.97977513827779,0.941159928520787
0.969351276407703,-0.330460357855023,2.09591338976815,0.111042302318153,-0.154295910656474,-0.743477878956568,0.906235204421312,-1.37730925291782,1.12243883181799,-0.702455402701343
-0.668533820038121,-0.32886762559058,-0.331388530502876,-0.983478435632138,0.368800711460556,-0.621353667444833,0.0839618029718888,-0.239411327442162,-0.473076712500553,-0.374701047900512
0.463056100348432,0.51305263175286,-0.643174643769512,-1.55096336227952,-0.28232490774477,-0.147949966879307,1.05852960446992,-0.43458209941904,1.92388438462165,-0.307884690191516
0.677307372634364,-1.7384103136981,1.79536711818439,0.802459375211598,-0.103919708441677,-0.824185138960269,-0.803578040243305,-0.87402771065038,-0.234622558154052,0.847104160386926
-0.442164245883322,-0.191436856160406,-0.694962137178287,-0.0469818290609237,-1.35654536090491,-0.0932140311092051,0.161237708827424,0.0352059023192305,1.89104016925314,-0.460616925159369
0.754949173824687,-0.490449630431218,0.977396838235654,0.156289876523967,0.730755778767302,0.324340283651333,0.438554098788659,-0.287085765040867,-0.61536495322473,-0.292421674634164
2.34931633633817,-3.04023756619398,1.12369132149769,-0.380210289414735,0.884346747419846,1.16628823893609,1.56335776970433,-1.78583732892678,-2.60155900289251,0.285279695435641
0.634258943715959,-0.431129665485244,-3.12101032337217,-0.0641565910067459,0.339456167600526,-0.015491300007228,-0.538920437798819,0.570255573434805,-0.300040370792864,1.43704913310872
-0.759934427192007,-1.08613146677595,1.1791809617129,1.19370553014593,1.59154343239393,-0.251173777231787,1.38287940998068,-0.512619872332404,1.02045811623765,-0.158127664728366
0.685195936149834,0.406205384740216,-0.413003194620592,0.564472919959522,-0.703431004699074,1.00327264409818,0.863957163440054,2.66114819799094,-0.426644002012708,-0.467980521320279
-0.355935755290113,-2.03681976947073,-1.1928923245536,0.717416324669721,0.287119473566929,-0.475402324272372,-0.601525039606107,-0.0451935379159376,-0.284556963078325,1.03648579281256
0.87739065457526,1.09078708783448,-1.1839043844479,-0.333305993139543,-0.382198172984094,0.84430814069139,-0.652248559538845,0.692908624898371,-0.094978377009486,0.223477538719413
-0.00729950385221924,-0.246442559178177,0.397272999799314,0.293769288536724,-0.0910307276122861,0.883202468226102,-0.168469941521523,-1.59024019290654,0.398855115533043,-0.266633377697243
1.09196936535186,0.77977715634368,0.368842488796911,-0.692191683723525,0.789709349002311,0.454475617412643,0.698835299077705,-2.01258909403343,-1.04973542326536,0.489382703779348
-0.113371307752566,-0.157012211257256,2.81894409442557,-0.770588872337698,-0.539254158767438,0.696454936924916,-0.57450547043745,1.19764431218373,0.871001355146103,0.668221823499573
-1.31390802770416,0.565994489431063,-0.0507739594108086,-0.298615189751198,2.44560891561427,0.539820694276702,1.08643930683846,-0.121752084504218,-0.128231683798818,1.45734810300118
0.127835262076687,-0.231529076075384,1.06661595027606,0.19636313534756,0.209832757244893,-0.45138827395333,0.0125497716891058,-1.4595164845027,0.0440564091120073,-0.619490810306955
-1.02899136237433,-0.036407356601277,-0.875051546096348,0.983794065989374,0.198536886386944,1.65382334528984,-1.53805518935438,1.42938127866546,0.109605529608039,0.307584761137786
-0.00330500713299156,1.47731672149925,-1.1121208126563,2.51463324606591,0.435794441536315,0.151055885312956,0.116155808795472,-0.0702029656003756,-0.74483787498977,-1.02167473870441
-0.979953153511527,2.34218043387569,-0.710707613914177,2.3301199408602,0.109394318699161,-0.519467462611815,-1.05849802562092,-0.679465422844149,-0.84001145284071,-1.22224768454792
0.523590540192824,-0.252750641206574,-0.317392946741145,-0.291025492654668,1.80348470410835,-0.876176526072476,-0.739503936142573,0.690960930089139,-0.255379644694876,0.850138838403607
1.66356731742576,-0.29868578883406,-0.899569157519735,1.35562315216203,0.748079143080632,0.170375159183441,-0.0486133890566807,-1.71651583687678,0.846451360345181,1.73318644533643
0.278118965539701,-1.14092382926997,-1.86613013996314,-0.244470340796107,-0.901965237753926,1.88264291677834,0.128059866934005,-0.760262078551887,-1.4419702268944,-0.536576286434749
1.32039667254852,-0.0452752614783305,-0.56732482098246,-0.599686915528427,1.86474488447419,0.473081027969538,-0.622221656959482,0.108739289421765,-2.94398915561615,1.27416319978451
-1.51236929166288,-0.220122768847992,-0.968903459951701,-0.724560428625278,0.409859597919817,-0.077582487835632,-0.210869761275896,0.2226761092169,2.24025954782406,-0.653544705851627
0.590433059141957,0.213682826155656,-0.349558173681128,0.0315964491552208,-0.320391641901376,-0.279705310455603,-1.38090161447823,-0.0513135252655642,-0.787531306953155,0.0980996848644828
1.34366115221782,0.735098999449502,0.536970360407891,-1.38990885857907,-0.920222505777676,-0.370697201735647,-2.12659245632325,1.29914229227936,0.214233197716714,0.672909054328608
1.62578824164328,-0.930792144721955,1.04682150087825,-0.817052405582538,1.4109365027312,-0.356811843743337,-0.0202627346153322,0.529391303681962,0.853963165342723,1.38918885224022
0.0961854934961131,0.759120317006419,0.0234645694471437,0.890326574500488,-0.757526393017219,0.653573909555694,0.353310699546878,0.234672964407424,0.966667533899678,-0.716039552382204
-1.66497131945855,1.55828707123627,-1.56318746263209,0.594507347067821,0.24195282567251,0.0834026153345075,-2.22186938946268,-0.391693353236644,0.332047677235124,0.724212022430968
-0.635927199750524,-1.16345287724278,0.866089308473996,0.561557344953707,1.13221426688961,0.201026521913008,0.957077952008154,2.46442123299825,0.571240430605657,1.97866965732911
0.497754133965279,-1.855247433677,0.112377826616911,1.52526135962871,0.199246120381892,0.404107603665551,-0.599841859047507,-0.112763225244601,-0.344559219445709,-0.57499667762483
0.971116306627932,-1.02591272960898,0.136252916571498,-0.302191569487643,-1.31561944570332,-0.385176182633979,0.158206617550616,0.557405698969855,-0.198405845743485,-1.28713980569433
-0.255130874786326,1.12698654237591,0.271439043339495,-1.3621399489118,-0.16245463524645,1.06338808994569,-0.308846788451368,1.38917946211516,0.576344212758378,-0.649328955463713
-0.684915427127794,-1.40934631324689,0.255395490625471,0.992931031237437,0.322272685331826,-0.353672719306889,0.291122823446847,-1.23192734371239,-1.59727951876587,1.52493538272536
-0.0566050638989265,-0.637939201072481,-0.901443745872825,-0.277144464556243,-0.414278008836601,0.608850099859311,-0.597113931281449,-0.633734140928195,-0.616679266855263,0.312514784506801
-0.58215064317611,1.5675097148609,0.579714756802842,2.54031115010676,1.11074582754072,0.441932579868504,-0.512212185695422,-0.978881202963349,0.827919850813092,1.20703699806393
1.59517942155459,-0.227834815663589,0.964143233735088,-1.10470054054973,-0.855993655461177,1.58304530039375,-1.00429616308449,0.0777957466688073,-1.20234699071427,-0.147529703029555
0.190604831971159,-0.400343964071986,0.209392922680334,0.286374128822137,1.2235615535574,0.813162527842175,0.290025470795568,-0.8295307278427,0.0328530042360034,0.953167791761428
-0.471715595270476,-1.54614861460716,-0.458515220582336,0.375206124323354,0.47593625517571,0.308743524486838,1.73272189561832,-1.81903976545037,-1.81871021734784,-0.131767741607781
1.75105229303771,0.285081871181652,-1.48835923332918,-0.431425574660426,0.437168386799436,1.08006515944347,1.70562211972373,-1.57611411805204,1.14353223450516,0.406603131254237
0.0391694159754144,1.22152244962753,-2.02053798250736,0.875772183780332,-0.764967648732084,0.975830844581114,-1.08842706830823,1.05694484840272,1.07351759739383,0.284778913164159
-1.15116639913658,-1.0062357028551,1.26923642055596,1.09529656463489,-0.0671742777754673,2.45527297535525,0.98394706360595,0.213228215802678,-0.489995808885266,0.835633940751558
-0.271124882941307,-0.330851992266087,-0.361830789093981,0.327481456199723,-2.29205586208602,1.71224541886061,1.31633969521809,1.23233293131702,0.187818812361468,0.24884965635539
1.52290782247814,0.197164197615857,1.36737656114808,-0.24112153366526,1.91430021036315,-0.0998151273975166,-0.450436200042777,1.78342007907433,0.94419066891634,0.834836339063546
0.435554851439384,0.164317995567138,0.220152060079693,1.04969209063187,-0.541978854432576,-0.0441868959018229,-0.0598032143779165,-0.0206076202547616,-0.654899656021476,-0.415044073469992
-0.231810851104236,-0.648025154836302,-2.096017662608,0.881539711591663,-0.0526407278143353,-0.222853834650107,2.67064181257803,0.645776041773131,1.46517629604908,-0.8226480739202
-1.16013374603457,0.560216279514804,0.400035170037557,1.26849457846131,0.696095224033487,-0.167682548376518,-0.986418023984049,0.169277522556652,0.373527545683344,0.0728742293757392
-0.576187936424015,-0.0762979835612483,-0.648218460993062,0.445535248776463,0.311495995337713,-0.810067892442465,-0.0110949300117611,0.174424065427958,-1.06523267804502,-0.361593070591382
-2.16646381880422,-0.502699737810496,1.55092038642404,-0.189389096266446,-0.191961489901316,-0.718168289685154,-0.265907208255813,0.452351339835726,1.0654882254893,-1.80352804071157
0.0766231757842464,0.106399206479685,0.0573830896524607,-0.356361003837634,-0.669228643530552,-1.25775973472216,0.161208642028963,1.18307452359136,-0.675208101182699,0.463361395994006
1.63387893416231,-1.2347311958304,2.50425352000521,0.316090960993102,-0.850996456955194,0.247510818188866,1.54334984857392,0.399558117741669,2.27095638211697,0.709492542590649
-0.104959041793619,0.115123480165763,0.255893608516504,-0.453536232199089,-0.0824137795600138,-0.820128512124418,-0.268280128612005,-0.24385493394577,0.948972929350411,-0.862176551855143
1.29912652992062,-0.121743456316801,0.63585186026593,-0.459736687011424,0.731408205300055,-3.05230899251499,1.36143792491217,1.38449423537846,0.227852358387422,1.58847631302653
-0.461352573032933,-1.11434834937472,-0.560464091590906,0.473029467488051,1.61170387583326,-1.57379295569549,0.79405377068854,-1.33145921122764,0.99964607831619,-0.409539340351377
-0.274127703697376,0.0665892617809099,-0.788409621151687,-0.825803003904076,0.619236709656359,0.45814737931858,-1.56564081616961,-0.248132473067646,0.586710131425184,-0.370653165055646
0.387743824936753,-0.249287055002037,0.56309474815211,0.134229342132571,0.784891548865284,-1.05208701103292,1.92441815089207,0.229753371706742,0.0393443359683665,-0.0157657647753291
-0.686646983199707,-2.82212350833958,0.149861762181168,0.456809373149902,0.189170707790506,1.4367288830853,-0.349169070467684,-0.52708978757049,-0.530747397172194,0.191291264951886
2.00881086857928,0.0799800477203646,-0.876307320297628,0.925838974813733,-0.0767662752303487,1.20500292303509,2.37848401715946,-0.175926039536798,-0.275917328361099,0.415742656971977
-0.387122029696325,-0.0197521917508932,0.426350479407773,-0.636526538128585,0.759749744942189,-1.62009014032985,-0.9598569307919,-0.458580031208518,1.52572581919313,0.733169726891971
-0.309829186742303,1.08600414736076,0.46475994103666,0.413864625113851,-0.811508096083027,1.95252705502565,0.646863404031142,-1.16669896749674,-0.385445168311651,-1.70112810848768
-0.958357013464889,-0.010521134527209,-0.619303507602227,0.817316726925321,-0.00291694981230068,1.78496052946754,0.21103235054524,0.998454563969083,0.460154790651212,1.14580666382254
-0.0129199682869724,1.70455946476268,-1.30125633216555,1.56819220289166,-1.88115050497636,0.925376470486405,-1.18463737493123,0.982216467946956,-1.70874264799486,-1.01488051337558
-0.145050792944484,-0.265437326062756,-1.47267887392599,1.80094862769011,0.11586840559348,-1.50808454957768,0.398023591824991,0.166919106494064,-1.21669946072605,-1.1393646234184
0.22334808109127,-0.682989880893533,0.77085907857053,-1.28404351126041,-0.668955505746763,0.631054591861269,-1.70498171274651,0.243821420817203,-0.544686359372944,0.211157149047218
-2.20109355894539,1.66672241281309,-2.19460587384874,-0.110376140635775,0.222175907244684,-0.344225053105364,-1.78720137466001,0.24044014274552,0.690975970775176,0.404080025543351
-0.283317966308603,-0.0121621047706692,-0.495356610183655,0.574229578617968,-0.265009862363389,0.115562671303105,-2.09894114255027,1.28239580570312,-1.10878339008927,0.625434074393257
-0.862069319502459,-0.616201731490436,-0.318423543189441,-1.42176136674884,0.779274754364454,0.0665175557077071,1.93979434820364,0.415926205135887,-1.36103640116571,0.681227258643892
-0.675784184936125,-0.567776768755877,1.28852086879499,-0.430907374288053,0.325157957760098,-1.02809503357028,1.75936815166074,0.238385058244629,0.242213590480563,0.607394484346343
1.33058853300136,-0.41073577519126,1.37429623760016,-1.29618262234556,1.02714513505853,1.38003968741722,0.182392696555219,0.55811611944423,-0.347739729250272,-0.343433627874747
-0.652378946147897,0.180286066316486,0.961548285751908,-0.161140938334582,0.663029649618885,-1.97181981015184,-1.5760759451908,2.03904204017711,1.23374616045952,-0.0246404180396267
-0.393208129068093,0.679712092458781,0.604247566393206,-0.182595260221055,-0.476626115006412,-0.0959855715006814,-1.28676380415684,-1.85935410957701,-1.19695206290026,0.237148922403212
-1.12769648062656,0.778743089954236,-1.19290562911902,-0.439188708054096,-0.575444129347217,-0.654664206915177,-1.85044047599028,0.121567080682168,-0.866602001700863,-0.733789201046626
-0.655770756252584,0.792607877748293,-0.0331862770412555,1.06688921558879,0.0335731061425781,-0.377447107382214,-0.659213154973689,-0.23087152728361,-0.0791372097879647,-0.845008504568513
0.0820743195443068,-0.30531084402921,0.0475007127520547,-2.19380127953029,-1.98310478885795,0.385202640344971,0.192034576534489,1.33587672168883,-0.650595925720655,-0.22922126963894
-1.64560393283345,-0.102078964216152,-0.582013833674357,-1.07134346719368,0.199877259150599,-0.747907421725209,-0.792584978131605,1.45838438817159,0.10303198305628,0.113099106672516
-0.207400473588853,1.44536718301186,1.19418309475764,0.717705537699138,-1.86856687998485,0.899533917083486,0.595024317994996,0.544167802685806,1.6382548455379,-0.0436242724881924
0.329489648650242,-1.11731821275233,0.141310076229999,0.65199452055026,0.10967852537966,-0.233305014066229,-0.510294238292879,-0.722919794807277,-1.28228702283139,0.784339627976712
-1.07491464829056,-0.259457690222844,-2.02584569315549,0.11349647704793,-0.901791879124579,-0.224453715426112,0.747518116394932,-0.0769578309026858,-0.1547844347728,1.45839831137614
-1.00721552028257,-2.00912164402921,1.03251882178819,0.514101223593514,0.018350587759351,-1.41280961199927,0.133679875011924,0.602214897080666,2.97178139455016,-0.366269103766905
-1.78393371610374,1.28173312583586,-1.88313640997125,1.34031429211713,-1.04344660043244,0.606954899934026,-0.139604304436133,0.666125299983952,1.18245925092853,-0.731912349881108
-1.15908234647364,-0.476293022678039,-1.04382917185343,-0.067818355609605,1.42408940725527,0.0637788893225987,-0.674954174623198,-0.0956218496288556,-1.16382582565917,-2.01133865088251
-0.99103343150624,-0.0665341416308309,-1.04789104957649,-0.0412882289550299,-0.668863222477175,0.245728221457973,0.677886287234279,0.00538622010687242,-0.958747068989301,-0.220700066992273
-0.530408728951457,-1.41715115773419,0.160520444272998,-0.396884953412056,-0.130422597543008,-0.524116079129384,-0.820695892259815,0.392169693327503,-2.30073161246722,-0.383542199631531
2.51334530909384,-0.242633546980184,-1.22334087185931,-1.17900200397007,0.823646290284721,-2.60810304677868,0.226859721948397,-0.489033236420467,1.64804469074316,0.177044966579571
1.51890025942031,1.42706807233736,0.445953853099067,-0.612697745501705,-0.75187071017265,0.160552930276215,-0.242002863518584,0.669287071581102,-0.474698201056421,-0.529316448325972
-0.260075725625808,-0.369987360622674,-2.3170146467442,0.0758886102438969,-1.94782844528165,-2.32883477106438,0.152958513137563,-0.191948010361519,0.340613843236978,0.775408686645591
0.610264775175985,0.555271810179799,-0.355733205723261,0.0839346204448032,0.784568408534454,-0.304859495616232,-0.490949245850805,1.27943435065533,0.0820421156802969,-0.412449663866834
0.541040911886187,-0.658889304980138,1.30535919536708,-1.4314139011459,-0.0163848912119303,-0.445364441358182,0.770562633470417,-0.545551370687014,-1.13700311734073,0.641041368929702
0.117590971176115,-0.266472233361054,-1.3250945436474,-0.553001112254233,-0.0578702779799786,0.424439907457767,0.0965698956915809,-1.07525576417652,-0.803080638924662,-0.36869629786134
-1.4072163791534,2.29832293550811,0.669237236515886,1.93015493020904,1.51411086170285,-0.249433685249628,1.35756562135308,-0.969565377800206,-1.06974165151849,0.100427736495291
0.202937212447148,0.982392086149957,-0.800614826863069,-0.606053148311485,-1.19585359063284,0.220426846016923,0.20858645123246,-0.487460879775994,1.97011070051084,-0.522500743416517
-1.14906249002209,-0.728649658350768,0.192170296110343,0.142939976885551,0.180039290674911,-1.11408681476432,0.105974488227682,-0.724375318052539,-0.0218272305811651,-0.582930451816497
-1.1945259136483,-0.0671168466372404,-0.305323826849269,-0.799845075361038,-0.111889409419464,-0.55131727629442,1.1609060499793,-1.35456904779316,0.0620186621405966,-2.15258655343793
0.225208517163521,0.839915621009872,-1.80310803437105,0.626351666898995,-0.109311440455732,0.32787077851334,2.49903668606747,-0.259978770595512,2.75690209786755,-1.06148765645398
-0.419468328705533,-0.41929832202824,0.610085896283268,-0.969617390584436,-0.736089562463207,0.89516682774952,0.247587946062452,1.0120007792355,-1.46496854609799,0.239299850381607
-0.0953972345376972,1.83739804290275,0.281841230492006,1.00355011107874,-0.202481065314129,-0.684495049853783,0.171302681527016,-0.782617424852109,1.86196308482132,-1.21155103812095
-0.649956370101031,0.0916011765303779,-0.428905054909583,0.865861800942665,-1.06167896020617,0.327602292332733,0.747471935682632,0.184820643278132,0.794879044879456,-0.430607358605925
0.304654306758579,0.603088683526719,-1.0076511282799,-0.15335083586093,0.0268947310533084,1.11257910389034,0.561685112758321,-0.602580825564967,0.71346162880865,0.205864565742349
0.325072673286435,-0.208578361046268,-0.78826903959839,-0.816773786126161,0.71680451028687,0.129377799788615,0.596369215096752,-0.850439008063363,0.219014057510632,-0.802654043126864
-1.20610954810865,2.51535061124577,-0.616937762638731,0.125555119242266,-0.209114357343181,-1.15738001137085,0.0876854898249028,-0.0682348540392963,0.160575623800505,-0.656950274270246
-1.25683350092466,0.129785126276585,-0.59491593989011,0.236521034840023,-0.758100506044367,1.02883225545713,1.05519963478088,-0.484419424929281,1.4404669744133,-1.01608694423265
0.388252212107299,-1.77246176295684,1.0086236378241,-2.05161816257943,1.53244548419926,0.318936937039359,0.129743071981187,1.29961078591623,0.390574921692182,-0.26679069549049
0.46696416224249,-0.2026988410745,-1.16403250710782,-0.824759762114966,0.162216809544903,-0.119578883118316,-0.328399177157227,-0.752746914805805,0.634229065282208,2.45809635889143
1.24260219746417,-0.846974840672164,-1.32353675377624,1.18388919746989,-1.31294713052953,0.741916444718359,2.55516919169561,0.538441654474486,0.415966325747271,0.493106519785666
0.671305199455864,-2.37408782022829,0.451515329266154,0.142216860819996,3.33196962033222,0.578959203966941,1.06626771042559,-0.204549774243319,-0.73730543582293,-0.639302905626016
-1.07264254501479,-0.441051316321423,1.8413404689785,-1.5840179102747,-0.782059019118796,0.104628105962088,-1.38142471269748,-0.778360298537655,-1.57265239956662,-1.49850435075795
0.410136818037757,0.51812536297746,0.389753102479577,-0.848297180937694,-0.0466137264434269,0.659978768065902,0.55689371654132,0.54235733243138,2.35084770593411,-0.321754622796651
-0.168665739129549,-0.715632592680453,-0.812244657157075,0.31073037273156,-0.144517532721549,-0.656757970971176,-0.214772024286207,0.542122904226656,1.50823008246842,0.890351986835996
-0.511392534221308,1.75593611932474,-1.18053547871002,0.815668333559535,0.55298590808706,0.141467944229583,-2.20414074471702,0.464407720955636,-1.00243351798437,-1.45710155448322
0.370128408956146,-0.380823487812282,-1.51032209354396,-0.642481573174684,-0.238328143995058,1.3655521466034,1.23395885963841,-2.86292546555198,1.63132756798454,-0.674080808047971
-1.09694902382663,-1.6138256651314,-2.12581287051444,-1.68197945717405,-0.278948358184806,0.132248799445346,-0.39972478569651,-0.00570104259423274,0.50487534102464,-1.66396676639971
-0.704682712754261,-1.27645670207035,-0.716524213130894,0.0591950357885246,1.15139931267565,0.35365054422632,0.910479579654837,-0.248649970627952,0.480824190156311,-0.00746716588674175
-0.577683311465849,0.497837992845601,-0.118841130635026,-0.298128635211218,-0.0173586871056174,-0.875544143652307,0.89378565555298,-0.190618507601653,0.953773997324159,-1.13040804428155
-1.19291365254871,-0.117489761319567,1.67462861015624,1.54645209741322,-1.41434679274781,-0.405584448591722,-0.163210937927828,0.109214403398118,0.150266139173332,-0.81064080814323
1.03311989652403,1.14437480834487,-1.08010802209132,0.153765634184629,0.493297561725766,0.269989998247174,-0.557339449326079,-0.727312808248099,-1.05346674696117,-0.308319845777932
-1.36117903267846,1.2691040758771,-0.156803658853657,3.01570498993176,-2.20317978834034,0.663699201541782,-1.39997320477085,-0.283699770488913,-1.39375664625608,0.0426736227983818
-1.96170991945855,1.82988851563406,-1.35704891587579,-0.612354977377775,0.969589541222094,-0.910478563451234,-1.22656566052608,0.0241539916909656,0.23131481514273,-0.788249858913863
-0.865728221285256,0.77171285926871,0.564378917882391,1.1744354223113,1.82027368552807,-0.631598186158089,1.14386977105051,-0.0632412958782366,-1.19183113935849,-0.638830816693912
0.386895691910339,0.984467100029534,0.278367560827897,-0.502679101788408,-0.430999785633998,-1.33569518110221,1.65863868422115,-0.899503000075583,1.98369607061736,-1.24250697250843
-0.740412602246215,-0.253857174794275,0.535585257549039,-0.0597893274792197,-0.158204602169014,-0.0454061139224099,1.62867499125661,-1.73534143330341,-1.1084743716595,2.2375760836446
1.0316489939308,-1.13467057483037,-0.694950267044076,0.0987594378815197,1.8396292098345,-1.3644739105431,0.710694825205329,-0.648039244493464,-1.36210745541474,-0.13898188830232
1.75952327126698,-0.854249914503098,0.179120656154878,-0.750976954694802,-1.27173320684663,1.13379229613869,0.0594251640029465,-1.33305147137295,2.54429687100052,-0.566003615178269
0.30436342684002,-2.28413157033571,0.511711851248745,-0.188495248852426,-0.0261003700693936,-0.0888855327017237,0.368665010582239,-2.12604892157505,-1.3909334036399,-0.0836831372210824
0.152709978107576,0.974617721571582,-1.30867625817707,0.147571902799401,-0.825429848452488,0.380340170963992,-1.64741806769156,1.32273357707974,0.331512549082836,1.80356364492923
1.41936889119393,1.67953905504392,-1.32345670866386,-0.0906857752460738,0.403710016556399,0.742255369032602,-0.760112284221163,-0.160298583170557,-0.239314102996169,-0.999439988675725
0.6514352730172,0.345348010385245,-0.357945376271018,0.250242137052326,0.446156984920553,-1.09096158226607,1.57689292230016,-1.5956143521123,0.0288370243424815,0.896553102867535
-1.38845769601049,0.492257521190242,-0.54558876361805,2.05966827324418,0.342489462857213,-1.09670365564754,-0.957565681389999,1.12349919821979,0.18116259865989,-0.14973063631862
-0.483656708574577,0.378873946719948,-1.19202217011656,-0.474035290897747,0.488222862407695,2.3571404285277,0.751597418446812,-1.6421655345374,-1.21715539377664,-0.84130264466
0.327566693830333,-1.40553749025939,-0.105289363734127,0.644328589692271,0.29215958256092,1.20986726630056,0.278845742482856,-0.737188067098141,0.823958077055084,-0.288761866156966
0.875249299269746,0.364345119190866,0.123978849425402,-0.286020963640871,-1.0205135992248,-0.437249728621928,0.0835154402356204,0.779342849374063,1.16107374109478,0.5766292542545
-0.137882154125466,0.711553116728981,1.52817684324185,-0.0887553844166954,-1.68268047452283,0.99769980321377,-1.33283579151347,0.863668653562054,1.4264034914557,0.0573329648919226
-1.45110042507462,-0.779014332386161,1.39555554567519,2.24058545510599,0.423125074253456,-1.07586090442807,1.45614182099747,-2.25778427159024,1.20915775892443,0.670548722536734
0.342488037733115,-1.30572692585861,-0.967973617525025,0.688817387504523,0.5873422646114,-0.395408881782057,1.71186620000354,-1.22435559764154,0.820967297416604,-0.0317210919904646
0.956739214206594,-1.1468732877131,2.54362864254393,-2.83229535561726,-0.870791459385554,-1.39387436637166,1.12767422590278,1.78757127597384,-0.112437362288465,-0.50822078829605
2.1837337842785,0.140386806712663,-0.302394423544555,-0.934929074958602,-1.12897932119587,-0.116623572007838,0.257277848425808,-0.66479137772792,2.32329040970182,0.478223294538666
0.433727205234811,-0.9365938751592,0.380693064983351,0.271837455903777,0.983998819477615,-1.40014067881729,-2.02868040626971,-0.488250619003702,-1.72664824009104,0.795657598850348
0.573120440110969,-0.120933766536755,-1.35282510969172,0.756552524746906,0.631086317918438,0.102162106099822,1.69361567562205,-0.265744901430492,-0.228949947905729,0.797973077075886
0.709975944358453,-0.0823955615347069,0.696942465899922,-0.86785516083815,-1.17245601899888,0.376017375748644,-0.430032674278969,1.83034796865263,-0.623579900627951,0.262923790142819
1.71996616808295,1.5301274993774,-0.0177647421529519,-2.14065995471519,-0.558233223937141,0.925544253624822,-0.722624690106706,0.0234472371875445,1.19502935967948,-1.98705333292904
-0.0234063934082914,-0.534026909783154,-0.18187403396176,0.995400979552558,0.725994423504094,1.31574892569356,-0.921363196876794,2.46596192542914,-0.111503904928405,1.44106639601401
-0.695467869173206,-0.588449918228804,0.851038494142364,1.09587831381297,0.108144142369552,0.66893111227508,0.0289243909583665,1.60108401971044,-1.1719862340421,-0.57749668307025
1.66065776074779,-0.548072248325141,-1.5708979026751,-0.072419398337267,-0.383636219052126,0.0527205528306532,-1.19652831511715,-0.792991791801757,0.0611454495974652,-0.559533476157552
-0.819147796432897,0.897594204130866,-2.12063026445321,-0.73247982824259,-1.25087896689523,1.22560907125956,0.585798944210469,-0.534723190860846,1.09333366054702,-0.829833266459567
-2.12474321252872,-2.06520066748625,0.00644951299577486,-0.155379221278443,0.646894170682618,-1.36848915806766,1.50392885035815,-1.86129714066349,-0.707678179002154,-0.221559222916578
-0.506205032958385,-0.826523501178409,-0.0826647952437337,-0.101875182408896,0.395521182276136,0.100077604342951,-0.758467279225749,-0.422931117444754,2.18435019524081,0.277864523424743
-1.5658530046817,0.476389375292791,1.2867298590908,1.03247288244253,-0.882890410332134,0.60173106023787,-0.352908513568757,-0.847003340462533,-0.617108097648018,-1.03524539184326
-0.329351386008957,-0.795627010113989,-0.447715652184303,3.53517269163911,-0.416562625490032,0.812268327343298,1.45176192409739,-0.863266350504959,0.902057086426069,-1.26157385010784
0.58840331383728,-0.578549511979947,-0.485148858366601,0.981120538383619,0.2335397672062,0.419168820427497,2.91359478173287,-0.650826054372875,-1.22003958212126,-0.664803772159592
-1.14116801878381,1.18359663499807,-0.344230100074694,0.542199588251429,0.0656712037865751,-0.827369590269208,0.629537417589786,-0.0155860741489105,-0.837091773291518,-1.23711925033649
0.370522660626648,-0.298234708754449,1.10182319228199,1.94353626414005,0.461845642827209,-0.172197922820784,-0.439625736970405,-0.402441757431266,-1.1989504835637,-0.308845908499538
-0.338999816912805,0.524856558543521,0.734921296680126,-0.0147299755900743,-0.977585270054335,0.576284024502089,0.888539577903877,-0.234901842851507,0.987450930275997,0.50327059154289
-1.40943224128576,0.817765557595374,0.502104669972005,2.33638581467034,0.942133544674633,1.93648759431541,-0.829496198494965,0.0607949022865068,-1.70266442753842,-2.52460966275432
0.782090830385059,1.07625594709174,0.125726581441603,-0.736102876004286,0.748108943288795,0.738363294042596,0.57714415744247,-0.477304295905204,-1.73125775019261,-0.17645751083953
1.48821191935906,0.467644110155065,-0.832678045282641,-1.94089743619658,0.677389604874859,0.330178286954787,-1.24696603036031,0.566817694861186,-0.599539789614913,0.161914890491154
-0.678256374063751,-0.284437364271322,-0.526001581852774,-0.681938068082976,0.750698303341034,0.263366225823347,1.95037067884743,-0.339936912269819,-1.36649212853366,0.539170306296211
0.572326894625503,-1.59014960737835,-0.739435014759488,-0.853788386634867,0.717265892233778,-2.15722744137277,-0.440145502614215,-0.597334233044209,-0.195385674474797,-0.106524227679324
1.31086715038603,-0.940273096637196,0.55564640371602,-0.38464990695387,0.127165791486493,1.12619306874069,-0.581881460726657,2.24171803018863,1.40989330232347,1.27567610311677
0.0319398228552306,0.349599752873482,1.14559197589035,0.512079998750024,-0.0599544021259448,0.608370434013679,-0.0408654189614199,-0.796090266345591,0.145595349408672,0.995244528833848
-1.99459878192169,-0.76733638134316,0.433928960334723,0.0947400335535761,0.614011559922743,1.74737723099169,-0.350915479184431,0.337018232582813,-1.11550973944492,0.537939133967408
-0.801240262254011,0.700592463032102,-0.570700023488809,0.0939826631616004,-0.232946168328311,1.6737107635844,0.763722767897876,0.594619068442374,0.0357346665294733,0.969647453582525
-0.496435944698999,1.23491392499183,-2.10821336915883,-1.132016676159,-0.871838583489669,0.53497381219319,-0.0288029969309975,1.10874436808305,-0.307867853380975,0.497142772654942
-0.00205447022259439,-0.601993185423445,-1.59937194295097,-0.0775773668478175,0.257816053859287,-0.299677005088284,0.033664856295857,-3.06823321024602,-0.188999945997524,-0.68785341663192
0.713934004722266,0.230479315768957,0.0627492904662526,-1.5130627885842,-0.549321140034274,-0.505261449388134,-0.855759655987206,0.288383314753082,-0.593791236268504,-1.19445929773198
-0.139414731368451,-0.385825817611777,0.342807569640234,-0.175060117874797,0.131466760988705,0.487171895073897,-0.996874715430265,1.02963483727487,0.0638388900864544,0.58918945844152
-1.56484262765894,0.317005272674785,-0.982036793058266,0.448883022153777,-0.396832807189612,0.401556807804086,0.121537827660608,0.926813606996533,0.95358866733829,0.281175905677294
-0.408918651043736,1.2344208613087,-0.427281885894396,-1.15696992322839,0.537150104538097,-2.48886707272999,-1.3905088210084,0.887356676987223,0.0309747138406914,-0.804741397012947
0.128989855090021,-1.64169279380638,-1.50012686412333,0.645772625364783,-1.78569907801659,-1.04260706476785,-1.11523450771023,1.36256733605346,1.26129104310457,0.982229507230519
0.210047962745425,0.349962084848517,0.795398369779555,0.189212512708064,-0.840684485403261,-0.738512554404607,-1.59550619744835,0.608713018216398,-0.023327721107738,0.557879352398644
0.144623774117316,-0.236124650378707,0.921423624607567,0.510295816806723,0.354966461552177,-0.143451986016483,0.607615196920232,0.0608529751865629,-0.150929495556513,-0.758691532284303
0.0450300600176316,-0.409082278454914,-1.01879929616363,0.239512405691335,0.648408717463593,0.28031454080216,0.807213392965981,0.822177910906901,-0.432622812816841,-0.73640246148462
0.894204418676604,-0.210126657370029,-2.04835773102149,-0.345040193206959,-0.945480378367313,0.19804071488411,-0.281918896341328,-1.97677791023441,0.43711327649377,-1.24121146554983
2.24424314817629,-1.25828279747378,-1.30798836844431,0.214210457939999,0.854226672272574,0.0800074599701383,0.747526837506101,0.492218784605294,-0.477174596306908,-0.351461145373736
0.51521658038822,0.312481628020762,1.82021381339824,-0.359520188610225,-2.08419124944168,-0.377322355042647,-1.00527857403444,0.771859846950827,0.211522842404398,0.97562684366661
-0.575975731377181,-0.515075714938982,0.299425463246132,0.447392768843489,0.135289364333865,-1.39330609983983,0.113034490924337,0.701363960178303,-0.373848220178106,-1.08839802081582
0.160734066532344,-1.74589166627819,0.369078492889515,0.178664078066221,-0.643950592502718,-1.67132299438513,-0.707359965161897,-0.868528876850639,0.850125352908395,0.752553338000727
-0.106522952751275,-0.915071251551583,-0.776712355387753,-0.656332919071579,0.219696718173575,0.195711027566968,1.28747914577726,-0.146287758991907,-0.665845207227669,0.153197983388843
-0.639148858894182,-1.25970913435749,0.0335702803217572,-0.601651363701625,-0.0804589057626732,-0.633077768495128,-0.878088535876385,-0.711639562215436,0.131628013925209,0.477017139053664
0.193729906490772,0.728281994523134,-0.283643745031204,0.57537541155023,0.65715611753447,-0.306811891342829,-0.116109767634101,-0.00562825137080675,0.377088908051067,-0.254099515422423
0.206628484842577,-0.523632430256661,1.52089465235735,-0.370567865905494,-0.1161235972234,-0.209859923893088,1.69632330581646,-1.01078190283836,0.117759149318919,1.1625031170144
-0.111295207706752,-1.94814463976518,-0.8598970028301,1.23169439315093,-1.02643346581936,0.390715995097802,1.2943978539164,1.6052336787014,0.101913888299036,0.281493311504458
-0.983838833322598,-0.950958734707269,-0.201845441225767,0.10948801272368,-0.608554899995449,0.886878935959565,0.39438738615363,-0.0996790853163559,0.385676221850453,0.597818997132209
0.210481922235771,-1.05784841835781,1.12381616414203,0.429852523745044,0.133301406779013,0.399037405797175,-1.25998561837853,0.23035357916728,0.667009102098624,-0.220314094437499
0.0757559502153777,-0.13203721740642,0.846704092573731,-2.58549879223213,1.25920893764763,1.38382108626256,-0.473157480989954,-1.05387811388983,0.168761690970768,0.74378299865109
0.735028817608003,-1.18130613084122,-1.82524458133456,-0.228681903969945,-0.216638125491611,0.0914419698681043,-0.719483786989453,0.0378306069628523,0.906796185982117,1.70195385105994
0.710568373158532,1.04423013835719,1.8179296436159,-1.23559828896475,0.203965163716099,0.0676944023224321,-0.136167825175499,0.620273558143122,-0.640455513738766,1.52632980118135
0.372395886404729,-0.339357669030166,-0.528905883800224,0.0218380296989243,1.33834155453192,-1.03001783552098,2.27451475905568,0.633648522862486,-0.724954067793448,1.12520166272525
0.0779013772328745,-0.926854892152691,0.18361041470898,-1.35166469696746,0.695250110186677,-0.848812496549354,-1.75365568232864,-1.34344671402567,1.94907831481387,1.03620435071838
0.244962257242439,-1.25591081536711,1.55908763817529,-1.06043466000182,-0.228881985276359,-0.112515391145947,1.7795942813263,0.838754771548904,-0.730648780338392,0.425023935499048
0.719994971244723,0.267722177310488,-0.512456568266628,2.05183049524862,0.644442457650096,-0.801457516982211,0.217057164893282,-2.29437823885736,-0.0174287277588905,-0.110622334577775
-0.293645864702159,-0.964835020243126,-0.841097435610241,-0.496324346211396,-0.495366486383442,1.41363856115205,0.559557641194416,0.402865663467648,-2.17318862577066,-0.0402969449570461
1.87833396862697,-0.509981873366511,0.553829200134151,1.06174302705731,1.0611755308694,-1.08160936633985,-0.362502907557627,1.48575381956141,1.67581756574673,-0.977484121336249
0.252652786357704,-0.388914245231372,-0.394581501369869,-0.850966946746001,-0.146010005351248,-0.413021901585312,-0.864065933689916,-0.0274620289842302,-1.31267373548064,0.246957517245425
0.411748888391937,-0.0532190032849106,-1.63339195420393,-0.350977892823774,0.94792463719534,-0.714063948396744,-0.383361749264331,1.06146174898168,-0.120496185824975,1.34292669600497
0.74597788196156,-0.154369003886436,1.2166366310006,0.263579587781258,-0.610578631956371,-2.09189520576297,-0.221558587117678,-1.18608439690534,1.81172794521887,1.51162174516989
-1.12812965939569,0.672954727880771,-0.603740679384191,-1.06676714382089,-0.0304417313841679,-0.175140445950882,-0.796788019949639,-0.645634820936375,1.1602512127658,0.434772178722516
-0.831345514714368,-0.195452234358312,0.115136145464736,0.345612439778143,2.03870412162447,-0.253459692350277,-0.727978827476549,-0.558131721029928,-1.1628423444997,-0.991143851990331
-0.146218616551851,0.098460539138331,-1.66554719346972,-2.23194549231327,0.942366203196194,1.66025554238224,-1.86624059885686,0.694472416371923,-1.5331482235686,0.197665737684518
1.96894909534231,-0.140088761693622,1.06858133225459,-0.294667908286288,-0.761807014881307,2.02517651943401,0.278129656432462,-1.39927849267404,0.170738281553381,0.992298003060076
-0.421405442787538,0.0913902346885266,-0.101313111355529,0.0349580930304025,-0.403321665614819,0.640455985176355,-0.123641192082951,-0.952317931861035,0.459422801018812,-0.226693756138366
-0.556443749062889,-1.34807826880849,1.02229465964632,-0.0410598643386179,-1.04322771816084,-0.389795353500593,0.584973478453115,1.89641887990524,-1.14356624617187,-0.160993924524272
1.5564853416523,-1.73495785329621,-0.765464645801553,-0.683639977202733,0.200703946915331,-1.37012881922107,0.216391990360306,-0.754279838053556,-0.446706450495883,-1.11831144746476
-0.565968836514531,2.28936241010926,-0.17767049569135,1.10243706319255,0.13604554557153,0.064937455064809,0.685270429496569,-0.972094865649587,-1.18312892070052,0.141578103298659
-1.49092655528871,-0.715174385942177,-0.776071513377366,0.0509764942678269,-0.637997719981604,-1.37953991163936,-0.204044164820959,0.49796297438787,0.430093562264742,0.441505450496413
-0.910583858099416,-0.304924726164706,1.17354108082891,0.224239509397871,-0.600818697266391,-1.01497984026041,0.379887715554883,-0.515591100758901,-0.700906815999428,-1.3338834834876
-0.0679715774457118,0.0586570797289372,-0.942608152420014,-0.71814169676074,1.20741639615633,0.719110121540846,0.703320474660063,1.17679513442323,-0.716833901175176,-0.410632992416455
0.689823815735012,-0.455914068612322,-0.582903919046352,-0.665463814128083,1.06274452697972,-0.472056858104404,1.15868460612879,-0.843398442804841,-0.715305499664886,0.129693277971303
-1.3915706932459,-0.420724117224563,0.528370811620491,2.39847601310248,-1.03287201284815,0.363520073731305,-0.088050799896958,-1.4017844459013,0.284488774593719,-0.609547796838005
-0.234904996605129,0.096119965127591,0.430639836948608,0.096925064524355,-0.871832493461802,2.14347233869385,-0.894964484428111,0.451946378118489,-0.523564879892701,-0.620992493248306
-0.178478392367574,-1.6299044020782,2.33497956125874,0.0973456966200557,-0.383213832116694,1.26058915484251,0.172248363065774,-0.434002960609985,1.07935292112806,-0.877337656933696
-0.333815543289547,0.943619698044338,-0.947124457964675,-1.40364491624832,0.756826418726568,0.370098366448305,0.201414947651274,-1.46828216670461,-2.79756536898256,-1.47815953136039
-1.1514425479442,0.399306933109338,-0.322465500779722,-0.661940159758125,-0.149470401438935,0.326142809719474,2.11376630018197,-1.94279397314103,1.89761846089903,-0.932145089290114
-0.0757231856424351,1.17164507616348,-0.118881779780074,0.305633999744579,0.811089378965666,0.324369777654529,-1.02346283418071,-0.260365651492787,-0.358037329511315,-2.0342669114992
0.458789320286781,-1.9452853414344,1.04646869881081,0.240842088488835,-1.17870173164299,0.564339185314078,-0.162276718628321,-0.970415665695402,0.407147823750129,0.433183237712218
0.564288853617005,1.67674088553363,-1.7213779133477,0.919636328921626,-1.19947375256917,1.22013674782465,1.13896409346345,0.0220153189909585,0.157171795086342,0.236951278440695
1.56714433999928,-0.293758248635277,0.759344760680115,2.21375519059155,0.689882649295717,0.117121151410209,-0.0566464034466452,0.460782891997121,-0.4124242705351,0.845819138619645
-0.370938295691818,-0.201603560593167,1.23255312982138,-0.274351032577499,-0.629701189497727,-0.0715430035252664,-0.572261073357701,0.90890336734264,0.617896528117994,0.197347411787254
-1.21085123370919,1.02546268591233,0.0848389318567543,0.730402117705006,0.178019460507369,-0.527702360520589,0.138822454490612,-1.17529019759329,0.690501174214447,-1.25462708979635
-0.859511961085359,-0.883507495853857,-0.177312538173778,1.71139746200095,-0.886371575377045,-0.630980443854584,-0.334402562096584,-0.782042232946292,0.778215344157331,0.393887693147054
1.04241681237044,-0.531101332524714,-0.646217282780401,-1.28649811082511,0.0488981814770287,-0.489518102260874,0.577992879109225,-1.41461929088331,2.17910579988314,0.026487435733496
1.83219867302461,-1.53935735639863,-0.0398649052539479,-1.01661239997884,-0.21876713044898,-0.869359832527749,1.09580693839317,-2.63632805574792,-0.319193550346819,-1.18069108506047
0.0238000413668255,-0.743801800125823,-0.318304062571774,0.294642289110219,0.156343290391249,-1.26041400040896,1.55103837964572,-2.03711838049277,0.156115078336375,0.581514163968871
-0.288615108182167,1.09218177710638,0.454568928763602,1.21420774261835,-1.06589665804026,-0.17609423271509,0.98933415299169,-0.0122213641458801,-0.693408273886314,1.40325586670184
1.14935361362076,0.183280059469957,0.516015002704202,-1.04544527124132,0.937639329251604,0.756532244729453,0.439744407117886,1.5525422601393,-0.839686673864197,0.636872433036368
-1.99685640448951,-0.84262927085095,-0.219100307585053,-0.239561997773406,-1.09137041900284,1.65741026348801,-0.16304770469493,-1.77440301068441,1.79507607916272,1.04188978855714
-0.578048609876168,0.534479335315715,-0.461715326056328,1.46131182802056,1.84093071788731,-0.674760869433294,-0.22830753637485,1.28892214310378,-0.20064571469058,0.821473933008818
0.896420207151279,-0.172384246275827,-0.738204850529632,-0.905910978132513,1.26306544609599,0.0404446964732195,0.817227147620144,-0.129877323299419,-1.91967622156443,-1.11165318650721
-0.32632132961518,-1.37701150699393,-0.899788279137963,0.130247570077368,-0.302563277375008,0.696220387987741,0.855569803959313,-0.878061065984385,-1.35331469972482,-0.153845920459734
1.31501068128543,1.91019939522809,-0.906389967233123,1.94758920567991,-2.16633068200999,1.20676964739557,0.035870649628713,0.11723186856868,0.921839003908357,0.086040556825487
-0.323603243044399,-1.4023498052483,0.811461052772083,-0.688341419507838,0.38596307920508,-1.011713091951,1.56202428124947,-0.875912634043133,0.153107156145493,-0.138376873182358
-0.196818414301408,-0.121812998197113,-1.20496590472994,0.736406871157529,0.324895349510028,-0.5730907938291,-1.24857026439092,-1.09998680653834,-0.672010673408521,-1.32765449128804
0.587570300559755,0.370418542927891,-0.684154181491848,0.565226689126243,0.0129974339675423,0.625452640688846,-1.13646247696188,0.0569363718225934,1.00975142303576,-2.01390481440488
0.578446107393018,-1.54138079720536,-0.606864206898567,-0.304186997449396,-0.397295698987817,-0.240603747602889,1.5709376851915,-0.294380574686768,-0.798695880154131,0.148543060103647
0.754724155029949,-0.755665840624683,1.33387238490035,0.523238877258883,0.928098566690608,0.375635938004236,-1.7023041585671,1.17351433807998,-0.0637326673202692,-0.854068677867026
-1.08398285657489,-0.593666252309821,-1.21064611511877,-0.182594824672105,0.659379543473433,0.927244369011052,-1.45028461778942,-1.66932584820796,-0.930797072549057,0.187545644857666
-0.159935935520973,0.439569980740886,0.559385236826948,-0.512970831856009,-1.10637064106297,0.571195141730743,-0.14687091298494,0.110840413595721,1.00751686033385,-0.859286282743511
0.444899756414389,0.160678899991841,-1.1094241891961,0.443640888203586,0.0221506896922823,-1.93082802623257,-0.504183497486271,1.02908590963431,-0.687669855824359,-0.306366231429293
-0.659692386399201,0.31384228126341,-1.4544607296745,0.357808670141647,-0.628011035623575,-0.69197360165542,1.37174458785226,0.534617857011227,0.0740248960388275,1.29130679574267
-0.320809731540801,0.05962073591084,1.28678847498874,-0.183612560358014,0.379990236498052,-1.12582001382862,-0.305938478680384,-0.424250444836278,-2.11617026567071,0.059540283608135
-2.14564777870651,1.20107188182773,-1.07692358295659,0.418761177326517,-0.863551663179134,-1.07993094474272,-1.25485711724511,-1.16646399260809,0.924883978283896,0.168446084007128
1.23977033033508,-1.33878775731923,-0.958865228758009,0.0471324754013048,0.232067293878485,0.368978605242384,-0.412624111124525,0.783786369398122,-0.58437597827048,0.378754091244579
-0.277736370874733,-0.742903489715984,0.730503495477116,0.388829832506337,-0.10851054388944,-0.173125962570086,1.55735190500877,-0.897758236241862,1.25482162626287,1.30555542857969
-2.25476404161952,1.11665446291909,0.229781974224881,-0.441730197936725,-1.13920363697719,-1.48557904716518,-0.2324428091907,-0.947645624555272,-0.729801537235071,0.469789694867786
0.320613709258838,0.807751130141487,0.706857919715344,-0.304519522031346,0.840196994145869,1.60215005952925,-0.176657529884694,0.932276056361829,0.0697149620002587,-0.86244761703105
0.404735706783976,0.469322391719973,-0.96014298504359,-1.56108365752697,-0.935651736388791,-1.40943822639767,-0.583914886611967,0.499958789020874,0.107465302627924,-0.376636112479254
0.576855925508859,-0.612339036227188,0.669882355785831,-0.0301074422023638,-0.391371084085618,0.877434492352883,0.117377387156157,-0.299835281167382,-0.584419631007055,0.531130802063841
0.457779470699262,1.07081927442725,0.276834085235194,0.912182045475476,-0.947073582602287,1.06827957271522,-0.0544091468421695,-1.40409624147832,0.0960242395955281,-1.24057040461068
-2.35010610849625,0.485716186731508,-0.761024947243416,-0.220331090176475,-0.557638347604111,0.604064365637854,0.79013147172142,-0.0456816565944209,-1.25195929192813,1.68801170303515
-0.224206654751447,-1.19404203561002,0.35710155580468,-0.861441572177379,0.56911380404625,-0.594238798020035,1.23947884628169,-0.580429686770564,0.269377523861799,1.17930586726888
0.458858831943081,-0.0562766703221456,-0.198804795112956,1.1781162555935,0.280913553689258,1.07282444666676,0.0931239799646082,1.16758018958652,-0.592397075295817,-0.483515047061871
-0.145565594155911,-0.452643845708624,0.48694972117076,-0.550668406283251,0.465954165352074,-0.398212706473836,1.26383322783693,0.0553907239079141,-2.01193285368284,-0.378696300203337
-1.00042092613274,-1.76929810406014,-1.69144850541046,-0.307551685282445,-0.769618255494242,-1.32972464286585,0.846176078747336,0.54472960455222,-1.64851441856165,0.479730487053385
-0.223392029112585,0.187920048338767,-1.2434376382516,-0.565196524962938,0.352622705566845,-0.539978799388016,0.0286796857102702,1.55124798898642,-0.535322875842703,0.0186872178508715
-0.656600028715212,-0.208478225132704,0.815667593163316,-0.370160203084905,0.641811592351437,-0.0787393754022493,-0.784437017946543,-1.23454735169775,-1.56887584640219,-0.725992967032529
2.32031155991185,-0.999627690562353,0.509620302671312,-0.705168523810468,0.16713857347907,1.69236760300288,1.08643048323991,0.158166553366737,-0.0556068484585098,-0.868941957129696
1.23204271099992,1.06933870424392,0.560309480890579,-1.16461954677989,-1.70119247815676,0.183651429842809,1.04194301404008,1.48304958623685,1.71624167216826,0.628590056949565
-1.17698132247517,-1.74586345294597,-0.00602206104367971,0.929236089309288,1.97719013124695,-1.5395177170054,1.62921244774954,-0.857582515561972,-0.0968294675226702,1.38312834757602
0.201196896018253,-0.341856335331635,-0.511551308003959,0.989688495819003,0.650553768515654,0.507321095977716,-1.74770390514375,0.524474548996686,-0.610309731125388,0.439683164928307
0.545292440772368,-1.29076784261439,-0.23954332932726,1.98755044088674,0.974648517363111,-0.361809225515675,0.408839911297143,-0.214586915412753,1.31008701742162,0.237942147692538
0.337376513526752,0.534851705676652,-0.476923743267107,-0.379239467620403,-0.67248288022538,0.612278263315843,-0.923308711041243,0.0623103176353803,0.139465867496163,0.208397325119755
-0.402024620120473,-2.10510113531542,-0.641424434042751,-1.01876352608563,1.55729347335869,1.1380251336086,0.334856558740858,-2.01634545081649,1.78915641002081,0.600836680321307
-0.367745355526555,-0.148383465698498,1.14826596024958,1.10631203683573,-0.861086679644618,1.04374812773883,1.02344617522014,-1.12351906148255,-0.609995250066816,2.8632253087627
-0.877411305981291,1.70749937912496,0.114343203602252,0.365749052354677,-0.296752636217961,1.21103317571254,0.518189576322441,2.8333328003223,-0.311758932113675,-0.0547188244453626
0.329833788385987,1.92500478761508,0.459154448647388,-1.53670415353797,-1.509708860007,1.83458143421964,-2.61549986741985,-0.503948309421136,0.359339308469675,-1.26909987598254
1.41819445622453,-0.62568117300297,0.425909653288049,0.0387667953780072,0.247530572368645,0.876611083401982,1.03888588075226,0.507326237175765,0.350416747060136,0.838242659574383
-0.623645707257547,0.695144419747808,0.249310499080479,-0.644498306522044,0.347498094508786,0.502409641060896,1.01646640556608,0.823533672310048,-0.267455684744677,-1.85823229801143
1.35570070734193,0.687284534170563,-0.921137739210803,-0.73781385805097,-1.35887911438392,1.40021812580953,-2.1733234824641,1.96341963990159,1.70059208472301,1.00876558659004
0.640101395369561,-0.882213013697465,-0.94526464680383,0.838412091288761,-0.80319468526649,-0.532721638866764,-0.484768156741034,1.1630490565126,0.477274776872032,-0.92637908876087
0.274320526455273,-0.316763513817459,-0.270908204019582,-0.502273793193174,-0.718145741196998,-0.228755527282319,0.381478326965052,0.37947306254504,-1.44597974495413,0.641481408663146
1.42977427763206,1.07145859471297,-0.536910525216208,-0.696621804670382,-1.24572039251729,-0.083792922719391,1.44338994566714,0.258021122894104,0.739590076457127,-0.023364477424552
-0.16652074327278,1.03200460284021,-0.696285952505692,-0.121031137161143,-0.356058640101348,-0.649526020695867,-0.173991169917682,-0.60781132159111,1.10084953393551,-0.627272509419128
0.183187153554302,-1.74613078379497,0.52711597209727,0.0414986790605118,1.40794548785746,0.506463912467947,0.162107789916036,-1.01057938469016,0.502358433276675,-0.996906912837865
0.611308919938612,1.80922385364225,-2.08820597773191,-1.09975819210598,-0.41554055612173,0.992924147078373,-2.1946439659083,0.56714569820408,0.00656511245475154,1.58219572489163
0.925829223955593,-2.25756965109939,1.70007125946191,-2.1538360944195,1.74223211082769,-0.56758834754387,-1.46706426083324,1.65538413576085,-1.28414524930349,0.757635022135252
-1.51863653487892,0.631527285373767,0.267668356416829,1.72861134780433,-0.178808493439202,0.596830506881376,-0.815031674539912,1.07224630968203,-0.998931720430859,-0.810158006827073
0.255636567522522,-0.860435117630505,1.52180206609997,-0.882727188349405,-0.988349882370323,0.662078746088347,-1.56210477198502,1.37346930369936,0.663065945981241,0.671276221684922
0.428221509016656,1.27699617550454,-0.610124662001825,0.189782460677686,-0.590168086193498,-0.390659212486436,0.493257056547535,0.608213454863227,-1.16713870724006,-0.101589216829927
-1.51639887117923,0.555543027581622,0.359147446226675,1.0418466807148,1.02213533340087,0.445499858020232,-1.38990999829947,-0.908626941000133,-2.44880993059161,-0.338762156393546
-0.0159543120084679,0.69317328496331,0.0877473306442239,0.41245974756469,0.311310253123479,0.273527933122926,1.12569889347821,0.23269658406036,1.06610015592099,-1.1944230362718
-1.07307524693264,-0.0427442740967347,-1.75378436668992,-2.07540544905493,0.414287123281054,1.0512596060965,1.33634183268434,-0.958440426122912,-1.20658204151954,0.566888070969605
0.785513364369783,-0.466325652919346,0.0729512583124976,-1.50292862942462,0.497759831906636,-0.0606772689180832,0.159679589685827,-0.986216380584569,-0.748814131362067,-0.264769815643432
0.0404252010720936,1.09608689540165,0.182968947263764,0.00371693239036719,1.05897356369379,0.223586742809313,-1.69404374014365,-0.730407511469607,-0.385082257020765,0.161668147119297
0.0131409572666134,1.15912437793573,0.586225007557252,1.27493318749487,-0.252104573171365,-0.512202900344433,-0.162895440632034,-0.241783393650002,2.01862789063714,-0.873074498643774
0.183289172714273,1.06827659674183,-1.51884296883363,1.05616491322123,-0.844334567474932,0.279415337279823,-1.3971618775828,0.845322679765223,-0.158429194544144,-0.312732986764787
1.65094484410754,-1.08724072221573,-0.548803216187532,-1.21672240701752,1.13741374939325,-1.00684520443928,0.720957085704971,-0.132702278289997,-0.223740335995736,0.277599229019333
1.12535921560219,-1.12572278699765,-0.733151147699038,-1.1270586190883,0.329916217730323,0.298663875255729,-1.26679826657884,1.26959707901467,-1.18343322597598,-0.403602656913636
0.176042517812953,-2.54511476644698,1.38289490296772,-0.215202412014055,-0.580683584894672,-1.0943324995686,2.08175064019667,-0.723069690966762,1.78122993045666,-0.59838646943219
-3.21747121298221,2.04838706245301,-0.418395295192251,-0.079754327313892,-0.440860100217844,1.17813597232608,-1.86440778090719,1.07465913252004,-0.296481634020846,-1.11182629638622
-1.57157904188926,1.98575562595359,-1.10693607097114,-0.821954114054405,-0.783338069082174,-1.06448815564402,-0.356514152139728,-1.21045033810689,-0.184949880674992,-1.93504635050006
0.930626648930718,0.0803130532358037,0.89025992771155,-0.0988632781817645,-0.370379036986756,-1.79380944369798,0.501929562137909,-0.574677897880692,-0.302634533009088,1.31662140787494
-1.82049188671906,-1.1031142733571,2.01141908141944,-0.182110941686605,0.225565563057792,-0.65519575278667,-0.825565438675925,-0.196808209708579,0.216527383822118,1.80203519584322
-0.577522168574625,-1.07792609449604,-1.16034049073728,-0.73883993529342,1.08688833138961,0.816755053029963,-0.939937143541137,0.942232928382943,-1.45615071746297,-1.05587042882832
1.75908889289453,-2.38037380275044,-1.78768777311781,-1.58797603718468,-0.608166283145797,2.32578127211932,1.03281523848818,1.81370192877215,-0.471097323020364,0.00892266826833869
1.44579822726039,-0.210372655481306,1.14999758072866,1.75768486383754,1.32285504337269,-1.44711869056892,0.631993585733736,0.722333954994063,-0.877814491398422,1.6757929204494
-0.267456745997726,0.0241477876055594,-0.902694353306311,-1.11506333674832,-1.46275478784964,0.672798633691979,0.0435868567251308,0.0698587404866119,-0.119277982415863,-0.0511358272861933
0.568207065061086,-0.381759993447045,-1.3755141972893,-1.54271329295181,1.62455467417915,-1.14376763673712,-2.16056334308876,0.171946370945092,0.531265720199455,0.755272834449261
0.959846236187967,-2.33287973751392,-0.121992376471147,-2.00816455704417,0.361961996789762,0.231711696272961,0.348169903630377,-0.0320014976053785,0.122623101153533,1.37984984779645
-0.998816801729639,-0.489565022278271,-2.16218873190378,-0.367504750355172,-0.354479084227369,0.322782198130181,0.406760933799008,0.358715035859327,-0.00345315164717273,1.42079331102113
-0.729668628405761,-1.10689094709305,0.665718709502225,-0.106867755718316,1.6663181387984,-1.17892151237814,0.932326948068049,-0.0420536521839113,-0.0199651013060606,-1.49602076120866
0.258535097053974,-0.256082466480665,0.561374922526362,2.65639105082666,-0.160974223471353,0.727034590076153,1.06112553329769,-0.257053068687611,0.00266699753082114,0.845827828085243
-0.715644053715095,1.72040592949619,0.254452508568018,1.06961981485077,-1.53894217189842,-0.754518812744771,-0.843757336786077,3.34540541533805,0.133273183550435,1.91238891052008
-0.677201576594109,-1.93116241583093,-0.0367296809504994,-0.200788574968443,-1.10734646775445,0.614075942991334,0.159370238855712,-0.880161496441074,-1.02427506716828,1.99897796563363
1.56926752305024,-1.33063979356637,0.36390072170151,-0.186347338201223,-0.290990721439324,-1.34182070971875,0.691392050052062,0.739177366392921,0.0198447145887446,-0.211881592963923
-1.02397540434321,-1.7303758743449,-0.300829719683464,1.7699569701252,0.0570270719039183,0.404020820114753,-0.734333448348919,0.638593446065845,0.489070851911906,-0.794556887311127
-0.425228597854258,-0.318594657965245,-1.24191517332411,-0.670108320625927,-0.113387038686508,0.0890183302905578,0.50014954099233,0.355833670155284,0.631490673821091,0.287296822331317
0.40459166965583,0.536933269243726,-1.31049916083687,0.654762956294312,0.167308498888504,-0.00713709942829444,-1.650836294836,0.591093804734625,-0.231094179610822,-0.322970395187725
1.38850084959669,0.303467250271221,-0.0971444538160688,-1.64829943083038,-1.1095030763521,-0.100619484210551,1.04997924814228,-0.104057456738486,2.35936488729625,-0.343430008588312
0.667008729293209,-0.491209321575309,-0.92915752270248,-0.258109906433408,-0.481824191886494,-0.41463711607218,0.733996966629536,-0.734664776974375,0.217745875345675,0.922593509415086
-0.0409764966181035,-0.230329632820374,0.625487883097093,2.04278601959218,-1.44348573229324,0.421783503542261,0.410286786330003,-0.321097508203025,0.281395008682942,-0.625866396386968
1.50410434960671,-0.996254754841499,0.792909882842713,-0.505188944974543,-0.336040883433488,-0.589995286859037,-1.18662328112023,0.0803291240559216,-1.09818193007202,-0.383735822155128
-0.44727390395646,-0.401573931512989,0.745783870101235,0.459693450674512,-0.920235349314777,-0.589294052788613,-0.136101924036638,0.445627665764739,0.678842640094278,-0.310853756506366
-0.396127281155677,0.0800763346571303,0.468937566497389,0.357765099586639,-0.417661953708112,-0.0244705335362167,-2.32964319146352,-0.176378228704948,1.36253347526121,0.655572467265141
-0.930831070690211,0.588943339661081,1.42809999944874,-0.122231379645097,-1.98489525158707,-2.18232777062614,0.817644580041554,1.11090518212706,0.353468015131356,0.754029035200672
1.18978826024369,-0.555992888750534,0.00719113045940155,0.524405377528238,-2.29420931284222,-1.0540356783186,-0.697234402068673,-1.05587510547146,1.22398907940093,0.677360061976137
1.87004373809072,0.376683817783354,-0.242132525142135,-0.15733475830867,-0.405133128717606,-0.157687659970887,0.516225084634894,-0.0544246980612254,1.39291173803089,0.795230582728855
0.603881708961324,-0.44710271062735,-0.131482753494503,-1.14050749539291,-0.858719813126191,1.60156308169213,-0.151882428882395,-0.628311738101167,0.660877621824097,-0.911183697836036
-2.0258049265159,-0.698531564961949,1.22621323993379,0.0928182536857922,0.216453888520192,-0.0116699003672744,0.6956196553909,1.29940664029293,1.32754669050204,0.697609869826641
-0.597295562815811,0.359094130909182,-0.121277442101505,-0.691541008565961,0.625069731239547,0.1044615386202,-0.248311402096007,-0.525011032532243,-0.92805293685974,-1.87260866702582
-0.249430568022133,-0.415242232448038,0.0641025431303355,-0.868204384029802,0.651746861202225,-0.87274179501162,-0.514736999487763,0.364632448287426,1.43640034301787,-0.267689662036092
-0.687645766390755,0.498624267116936,-0.615216183299051,-1.89856450290999,-1.58442014762749,-1.26054526695508,-0.374370851689689,1.42144713384546,-0.484654869503599,-0.375052060261731
-1.07114017177188,1.51207412700646,-0.420426608938061,-0.894939047521291,0.371052108739985,-2.10836932909172,-1.18367146023252,1.61896078931715,-1.14525453100183,-0.649290306093303
0.247809723479342,-0.0132517041396767,0.214661666713091,-0.494540097940543,-1.51654330995126,-0.227354826007302,-1.13416156124327,0.248080812144397,-0.649209494381598,-0.93561773927844
0.0296024996857965,1.39348029861883,1.8088245451908,1.00310216781327,-0.32099928607805,2.1079650713835,-0.728410325428091,1.17121576996853,-0.217692792172992,0.274167029574387
0.214129026809167,-1.69654061603958,0.813656074095365,-0.418882083198877,0.357833729607567,0.771768787786908,1.28728653129898,0.602991010549021,0.288028828857333,0.0706849992537743
1.36735272470088,0.303483537100075,1.13737133240528,-0.791083938369501,1.32505977673864,-0.931051041931592,0.464535270334687,-0.0780255200843234,-0.507294372534627,2.11461984960036
1.26860026311231,-0.920648087788203,0.397138437821347,-1.06495341802104,-1.09347534185398,-1.03630781027335,-0.385080760118585,0.128299366542356,0.691716930884621,0.758653050750313
-0.448825055276161,0.0203935789174833,0.230444755551634,-1.5265361938862,-0.24721668432524,-0.236505416020975,0.132812400361262,0.651961270830537,0.961485004015322,0.51580058968494
0.650996744917718,-0.535257817898312,-0.554197566362038,-2.98753059942936,1.76857572589707,0.6734587407254,-0.944085916926798,0.644568213649383,0.92209831536505,0.298003738950972
0.86386407981369,1.16533023099909,-1.58697394961371,1.11710196248394,-0.101563966660878,1.50653284590155,-0.0052235209904266,0.753918754128499,0.797473058031652,-0.643762480779333
0.195594914124277,-0.831322580084212,-0.794013554631574,0.52233744081525,0.0995999515136598,-0.399879371795655,-0.217526083993832,-0.777813942725348,-0.842140730717256,1.65227974522896
1.53860693615223,0.0776575902791759,-0.0584318311646378,0.106687387361179,0.952351088001026,0.258587936169281,-0.396234472245246,-0.687826285475548,-0.466692244005122,1.42550870401115
0.696780444625475,-0.342638863618912,-0.650104721300388,-0.291468968297481,1.50209941961096,-1.13834751251287,0.0769791229825306,-0.0167119362634599,-2.40473293574744,-0.99252073741655
-0.310907626918105,0.855285673179896,0.820591789889021,-1.31660022511706,-2.13742848677345,0.278375769516673,-0.998086285005213,0.701159518090842,-0.133248296233416,-0.148642564334798
-1.72728333770362,-1.05166966603065,1.14220047874551,0.797724124550095,0.0358188978470005,0.900577881835725,0.0547917924883315,0.0512994166649311,0.0943570673251258,0.447407824158215
-0.20643161199695,-1.04518961684139,1.08406932142743,-0.79869846481146,1.46655026308743,-0.447227091274765,0.267727197100489,-0.456082351962174,-0.840296591219337,1.47074048327243
0.67941309978533,-0.713054885083272,0.169928843433798,-0.289899958327602,-1.06989193687757,-0.229489839856411,1.3572845294665,-1.95340610124963,0.0936293264962392,-1.0943490304357
-0.636906039885246,-0.527186767961074,-0.251527883325587,0.306202331512838,0.712134981317872,0.0191275587092716,-0.583320125653818,0.628913752244162,0.258746467867326,-0.0426146066717046
-1.27781192599279,1.27446135779374,-0.3825170734406,-0.311211155694702,0.753534934066744,0.741948319173551,-0.135845155587011,0.920399780585652,-0.795774910022134,-0.994804149868427
0.191572897474726,0.0620825685660234,0.0504305279099186,-0.78970142729009,0.146290537535069,0.502432952872305,0.309236470909882,-0.473606627449605,-1.22940701445655,1.7691636118593
-1.03696457289087,0.651829783997136,-0.143419812418805,2.47817774455985,-0.87404522832029,1.16558673120807,-2.07409316750705,-0.218675287415705,-1.03046868706788,2.06180946427746
-0.53740722060887,-0.169029694103103,0.697517031530767,-0.214771047101676,-0.455063459086048,2.62706239942541,1.84541293639515,0.0970961192848188,0.986199024486313,-1.18003565222169
1.09808064238903,0.021771975136782,2.5401225050988,-0.870016115509344,1.92573968707607,-2.52673037600214,0.0759171644669503,0.819947849994694,-0.49136895122937,1.63514727637465
0.168858151486796,1.35502969170344,-0.176961647265972,-0.105697172585076,0.852678364775207,-0.760637805828177,-1.36564225615791,0.294454329506639,1.10324153172767,1.28117903272243
0.210454695133458,0.328093041556687,-2.05852487877669,0.486654027289762,0.192374390322683,-1.59577299069401,-1.90496109603879,1.26963149965033,0.545775682311694,-2.63136211411242
-0.238773839756568,1.05903716950912,1.15424321318224,-0.856474925337033,-0.67425524666252,0.469462006547739,0.650719630010381,-0.671199296213817,1.1589306434511,0.377633097456246
-0.591368992805115,-0.871641390586763,0.664089104101931,1.06764161364427,0.207526562730568,-1.04357778354546,-2.49156624768668,1.45969142426283,-0.397762970599415,-1.32105681059676
0.514479859373769,-0.991126114298607,1.70648796157588,0.611176347672248,1.52284286402071,-1.96472051983978,-1.17061358404541,-1.29717795408491,-0.600283292517773,1.42958752007142
-0.0105498917302906,0.261898241211872,-0.925172860756965,0.118849454576088,-0.137753602660614,1.5418757808007,1.47222769693869,-0.462317874844584,-0.967518755167322,-1.7236969167104
-1.39245747391218,0.124013368075684,-1.77592438877281,-0.00766924085574281,-0.529637846179888,0.469640578522337,0.29204956505222,1.01494455798829,0.932494217382706,0.656102077273175
-0.121773345298461,0.432181950698333,0.0749701909838245,0.277158502343601,-1.31380965040052,0.742342907594149,-0.781653934280621,-1.20463379800244,0.792970053139466,-0.912644130346642
-0.400641734998459,-1.20713922920478,1.58413826472403,0.636860087666109,-0.571985002221559,-1.09623582222833,-0.404133992965576,1.79185440460061,1.25458701924682,-0.111635287188673
-1.64163023248199,-0.643475762712765,0.419169117132801,1.42397038913799,-0.105435573312417,0.482091419570308,0.400169855468595,-0.452052376487215,-0.707721518832062,1.39927987344272
0.066226785475002,0.0557024654903304,0.0721826662594389,0.10413384808039,0.205026214924598,0.128957309473683,0.0770415171147426,0.283765854222887,0.0363122014980893,0.767032447192305
-0.428726058846226,0.590315777625047,-0.530159578653014,-1.4179558877289,2.07949340045115,0.280747731809202,0.407045065946133,1.35236542417232,1.69874909910845,-1.51340580826998
-1.03214296011979,1.45501211322328,-0.460297477158537,-0.0869894674974535,-0.303558301162453,-1.77967794728356,0.85102086554275,-2.30714003717542,-0.586978085658745,-0.838024259533319
1.23413942500974,-0.710044173642753,0.878035142916002,-1.03103332416632,-0.978144606195318,0.545059113224277,0.389708999565436,0.845740920954453,-0.390875465348728,-0.185949160959801
0.619951050090082,-0.746851272548314,2.64470775184926,1.01517537239472,-0.0536122797850789,-0.639700912446301,1.58286085455717,-0.478578877753362,-0.499147015756637,-1.22694832889558
-0.718292965796636,-0.935670641873908,-0.208078361459265,0.757113153731725,-0.166547644526236,-1.52111592947664,-0.587222732755007,-0.528645981327805,0.660477674688799,0.782645023218668
0.0132075097969024,-0.674560439750098,-0.77225215835505,0.400834273472453,-3.55994166888494,0.845472779686463,0.344272593856193,1.54856010847126,1.853862385232,-0.294433796329744
0.424092022630716,-3.2050297892401,0.0507720894233148,0.0360273258394933,-0.502855927069517,-1.77773100409111,0.266183113592817,-0.0275479054798441,-0.422297979114399,1.36607469489821
0.0941078319874248,-0.246638294864519,-1.05137924440293,-1.67846626169245,-0.572151047437628,-0.19561547725927,-0.354536763625438,1.09405148848142,0.515898049814296,0.936703852288209
0.919894860896379,-0.589902125323296,-0.561620962893464,-1.41671034733943,-1.80987448448149,1.70530602724557,0.189202360294177,-0.396039523625455,0.767895949084708,-0.367257964450912
0.178648094036541,0.442201878646891,-0.126686301903008,-1.64655447980186,-0.99983686741767,-0.0059426971998906,0.220021615034056,0.0106111148895409,0.0702133134590958,0.919698660230904
0.385679965109966,-0.323554639064802,-0.0488363908196686,-1.41219531176198,0.0644446103055219,0.540458556109019,0.848862370804283,-0.611905615042015,-0.46255207081885,0.343303878890694
-0.401009633495094,1.41158259997102,0.0523271109809355,-0.0520371782124761,-0.460330012770104,-0.685376693433491,0.310847734006956,0.575241832897765,-1.05317903026066,-0.694488968943625
1.49303697248343,0.157756092295821,-0.530062227276643,0.58034803555047,-1.08470374091351,0.217947974168982,1.38355054346589,-0.611425676245732,1.09569546327626,-1.20321762373779
0.877653803048772,-1.20386073295718,0.48924511993918,-0.13916156655893,1.32604562175831,-0.876987049307835,-0.278929746749076,0.35408350369654,-0.453928572988512,1.29514664191027
1.16942924073095,1.4272006551983,-0.646084973745944,1.76638428009701,-1.38866855331824,-1.04752372628581,-0.511542668835497,-0.383542511962322,0.354786745314217,-1.28332794070667
-0.509809878191071,0.192123728690014,-1.77401246047609,-0.502507226840747,0.0209753218698987,0.846614819300736,0.294444839165716,-0.296201850807428,-1.22251558579316,-0.221230289360413
0.710971890681378,0.412783858293413,-0.0381027571015315,-0.983771952667795,-0.1773127385075,0.664815618396115,1.06506813516569,-0.439983972186812,0.486197056630581,-0.585182271765731
-1.42481113575289,1.90667097828546,0.300288435007296,-0.221560898872084,0.129224318933355,-0.696241931026579,-0.196675982000426,-2.62553592784631,0.617146906094326,-0.184215780514796
-0.624196239921091,0.729650026627464,-0.677855785072284,-0.0782789202482743,0.428819491957619,-1.93484040834462,-0.283825403833626,-1.30240791147174,-1.70591900608971,2.31341430047494
-0.945410485850123,-0.347409869860304,0.352602280406141,-1.0242396751469,1.09098261093369,0.502561860240184,0.86469917207911,-0.666542432454743,-2.18784145757658,0.362402364182443
-0.913422738123467,1.21505175405545,0.295128684148345,1.68138080400672,-0.783288780391552,0.637079269860849,-2.67802613830242,1.11657719939472,0.834807049366009,1.39494020275871
-0.53932313294691,1.20859057036664,-0.36744276753314,-0.0798240385516991,0.108909743040274,0.16686159742505,-1.69457796402985,0.612285846894258,-1.02635467412912,-1.41271577384584
-0.0467103225886196,0.370243986880764,-0.109275604737789,1.99859564830781,-1.63610121402401,-0.633266880518481,0.987234492336012,0.422692283300706,1.91108153052682,-0.0661422860029766
0.183674166408705,0.607417830117869,1.9206520080843,0.08123887206664,0.539275343596372,-1.33676468969381,0.604399053413979,0.152426521136488,-0.422923974128512,1.85146142018725
-2.75526371669813,0.234197370253011,0.451002539768641,1.73153387599853,-0.983639387535293,-0.233970109939787,1.99141752799484,0.221459433941524,-0.106298222799606,2.00646933450267
-0.423460818386965,1.18147711899057,-3.01306483354788,0.184141689528907,-0.895109291785369,-1.34448473947613,-0.623382941617666,1.91697797606149,0.0731464679902771,0.32856354457085
0.220809086381032,-0.287569015966874,0.846637798187047,0.203328701946085,0.928189734771766,-0.364586022886473,0.900678057151847,0.715187650640673,-0.693486974823612,0.591201417488234
0.181054959127096,0.724112808789742,-0.506929223793256,0.760141025451558,0.894239614457636,0.360564602442583,0.996010406845667,0.343231015747561,-0.370167168033674,0.0710639497715622
-1.53875131765004,-0.143519085928881,-0.590029444572129,0.727396414401451,-0.780426379900978,-1.78942817557352,0.906676934069395,0.805212431364595,0.382915981339667,-0.405401840413289
-0.573256623823834,-0.523812251091453,0.619263134917798,2.27731067146059,1.255102478159,0.903836708772737,0.996246243035234,0.656197452043336,-0.172777457269005,0.0639895692357902
-0.709710857803997,1.88028247866558,-0.712647358866995,-0.623037410973761,-0.405938518930855,0.738496854436658,-0.334156166894995,1.00512058091554,-0.729381294794589,0.326755542156941
1.63315103050392,1.34372734929275,-0.207918116977093,-0.967099114016375,-1.65215560790027,-1.0709256625427,-1.53925381231724,0.757974508202344,0.811572985075257,0.276326122839259
-0.0566187162467086,0.221108773100941,-1.78977323130038,1.29681843267423,1.12136091209138,-0.51410260563914,-0.93651829301207,1.2618467802324,0.797175880633501,-1.47114881806278
0.309881673548111,1.56700700397139,1.06228995437264,-0.475789331066989,-1.07484004788777,0.922696089499049,1.88105320176553,-1.00630910339029,0.504103525340775,-0.970866010033137
2.00177108019827,-1.41500175396583,1.04618578626513,-1.63385300172847,-0.242333110008215,-0.398938364395098,1.22671971563145,-2.09118354912201,0.0785890399296479,0.53372865616665
0.817114854779653,-0.636399382252881,0.179295722075751,-0.337502829524662,0.834523365291238,0.293717979188327,0.838491778196222,-0.0713334417027391,-2.73020241500624,-0.157835057506951
0.922083892191467,-0.32042313253387,1.65656052716005,-0.427563819308498,-0.129629726013166,-0.103961155316633,-0.273904275433493,0.37155214260449,0.452147563027979,0.222784991443211
0.829920679908316,0.178440051359888,-1.21456433730912,-0.56401714057421,-0.839327999303788,0.160295352053258,-0.981890571055848,1.10921631308946,-1.12119470293057,0.34119868549718
-0.651022676853001,-0.189138766339087,1.40480943668532,-0.300506315496365,-0.650098759841561,-1.21523201930746,1.23422985734722,0.0398332954016283,0.404052551186045,-1.40089872459966
-0.758277565159893,-0.42509317637131,-0.710014363860227,-2.04478301847174,-0.236739426609299,-0.130453830525647,-1.01242624883922,-0.20529540825039,-0.553309302526746,1.99025017211702
-0.244591274020548,1.91777781407772,-2.23376162097105,-0.368226320706577,-2.05920056452431,0.328801437571926,1.09868878148288,0.570306920389673,1.52152874235685,1.34515909110703
-0.172560503097583,-0.312986858236827,0.493173423980501,-0.966395923953048,1.18206339770173,2.14127396745987,-1.13636752714129,-1.02385828010196,-0.312644093161419,-1.3085238035632
-0.928247660254687,-0.315550337957793,0.731489544753952,0.692157296298863,2.62403409846606,-1.62931619883658,1.10994776999908,0.0225739356727503,-1.46422307886475,1.39201610678984
0.483724568039506,0.154717291743272,-2.29548877696457,0.583443285789419,0.361611750272262,1.3882264517293,1.113319293952,-0.664262834868868,-2.08181977862236,-2.47996928549566
2.758510527926,-0.313502422412758,1.05404869335325,1.13968593137871,-1.37881173719929,0.406703450372519,0.0293686478503437,-0.0147029908913621,0.670898367879103,-0.543903872266755
0.382407649194838,-1.12660153595466,-0.837204165432708,-0.0748839115805323,1.26253114311242,-0.975502592229499,-0.368428697347639,1.36508752979987,-0.0878693448996809,0.96993322875231
1.10022984555267,-0.79840633001272,-2.56320855664601,-0.342662292016133,-2.02359173933625,0.778433864144532,1.21455119969953,-1.47209359099503,0.378499259340176,0.470313921545117
0.030340634843167,0.025332359802664,-1.03541992786924,-1.57656824449141,-0.574363166600382,-0.606330346098988,0.136668090988841,1.63182327398001,0.540409797765306,0.533261297956269
