-0.112803737581013,0.352319714378143,-0.594395892547754,-0.745376512656255,0.120189333128455,1.10600605416161,1.91283620853708,-0.36810444967698,-0.98938299504838,-1.07162559016666
-1.29566198648943,-0.306708409777913,-0.457012871740339,-0.713723011110305,1.41780149108655,1.09256770865772,-0.84498529065733,0.271653068354541,0.106069882153122,-0.268903606955072
-0.18135174774973,0.424117465696686,0.318991815723834,0.787991032661633,1.02454289506393,1.62667777258401,0.228531872690235,0.451373705515886,1.26526884022824,-1.65490909974067
1.90460556115288,-0.524209795752238,-0.518174358713869,0.613725975349681,-0.212990199808491,1.32938751548371,-1.88144044732336,0.585223995587174,-0.662325550224434,0.349524595786644
-1.97404712532268,0.567187855508005,0.150507473177108,0.0375097754069489,-0.395629727249479,-0.511501868934655,0.853048855191896,0.942430247739153,0.930628201710237,-2.04563399882593
0.992625711764508,-2.51099336542831,0.240473929010738,0.751796274596467,1.11431104985471,-1.07773541449875,-0.811046075746199,0.189369292316527,1.9900508639594,-0.0553568961291981
0.788830272349,1.53251214429644,0.394429881297716,0.135355411508532,-0.356264947767427,-1.74911810273937,-0.596731175581374,1.10805217799922,-0.413074348824856,0.440090784635548
0.508691508485889,0.56351337539033,1.46875106115494,-0.861331853678032,-0.279631103228623,-0.96839747297443,-0.651063431760089,-1.43188034577781,-0.605947929405749,0.0859876472130497
0.427200337013826,0.0726689876432652,0.0816889932105186,-1.50044994535814,-1.95621667127211,-0.890706004617199,-0.449205831164423,-0.207666502420255,-0.954601328346124,0.837302887304751
-0.796732790327065,-1.62290878084418,0.302953147723419,1.42641082666149,-1.00400477302135,0.288014833843242,-1.27044918231957,-0.517852304693102,0.344247328724926,-0.0013535641832774
1.37028031936432,0.471330751478648,-1.50343813939547,-0.44463825464792,-1.21614523452065,1.12934534433163,-1.08826349973368,1.21004044773695,0.460379286139222,-0.214827474547309
-1.64341721722423,-0.0738652647783551,1.51759698802049,-1.42707464520533,0.254297410707606,1.33465655805711,0.220411704539129,0.392712464342352,-0.0060635409891383,0.648052073701483
-1.54173580362632,0.393330849472517,-1.20946024826774,0.403906468402411,0.723237400108929,-1.68650822477909,0.418886516922847,0.145804988719484,0.240128981053852,-2.00673745559635
0.0810702977886862,1.42040697194309,-1.10682098092446,-0.0142436084493362,0.180046883749944,-0.399842105978833,-0.0501736706241253,-1.09478878227484,0.767543787779945,1.3013850820473
0.453414352056265,-0.326245286751417,-1.14028604040664,0.792719150963591,-0.286660221562383,0.346571541066978,2.14267543683258,-0.216042173338668,-0.0292995099107375,0.852801748774248
-1.42337703954609,-0.617278481022388,2.06899481314318,0.709593438686816,0.480826284718683,0.133227040451289,0.648822379719594,0.350059039624645,-0.896202777104736,-0.271139149794998
-1.15251003034784,0.00418657243812078,-1.87798772047319,-1.40916666433121,1.40651303486079,-1.17725244505496,-0.0600960611149887,-2.03789574769995,-1.11041668357746,0.483730433966028
-0.100605601774813,1.11836626634543,0.804506961592832,-1.14018180502709,-0.0178816175826007,-0.256169216811835,-0.897725099954584,-0.774815898672698,-1.97973809871586,0.756115057098794
-0.00152123294831866,-1.11474880059885,-0.824859389235944,-0.673375665447203,-0.428285563565349,-1.27149402641718,0.92056108737012,-0.667126017709957,-0.299526491610196,-1.94094050932949
-0.00933964999424774,0.953323624699078,2.19193826568278,1.78027464105008,-0.385215365597366,-2.20895109851199,-1.21113889137721,0.00792149442196841,-0.00669994988395892,-2.25062040231982
0.260682543915416,1.39339504190337,0.444233869855085,0.785796824006991,-0.494472245212244,0.349395862416576,-0.242991637862375,0.713728964615357,0.473600680458903,-0.0344336242048865
-0.700104238075647,0.297212008700708,-1.09439898980072,0.56260604945105,-1.10868612453395,0.311841234666024,-1.603817177787,0.424573734059648,1.91420755535347,0.0598520713355614
-0.235339586946812,-1.21130262140353,2.13413655782165,0.736725243579114,0.88913492478415,1.10025453464073,0.777673822320228,1.11804560611472,0.208662712845712,-0.407905074870815
1.35227851693307,-1.64933730936547,-0.252841888257301,-1.00245854848669,-0.310885330774889,1.13002284559579,-0.0605244031821015,-0.28319895964543,-0.072352891673485,-0.493134925722352
-1.37226053082981,-0.917507368943423,1.37637662738456,-1.00078177359097,-0.418478901684397,0.961080568322025,-0.0421191217738619,0.719210958625303,-1.76413670960103,-1.02409609348305
-1.03195032952821,0.339278253884373,1.02851097204006,-1.57483163173682,-1.1621967730602,-0.628886606595313,-0.699946228271401,1.09004938537326,-0.223766920434314,0.330171514614483
2.34566455480893,-1.04384955361503,-1.60924860195505,-0.337859907199555,0.856516429914216,0.202929449381506,-0.197600401132616,-1.44788619340986,0.0921092620682967,-1.21549136856604
0.93759178174834,0.151432145979213,-0.122234594468109,-0.0447698083777995,0.854089052014628,-0.0681632403616916,1.53286866505372,0.0272802685154751,-0.425997594759459,0.406464956650198
0.0857416829980444,-0.757548249035968,0.526884941294447,-0.204323568256426,0.8313731439255,0.389597332609082,-0.593778785261141,1.17113213229521,0.370541014804181,0.427953501612095
0.659191891432975,-0.196037784947381,-1.90029980778319,1.18175901980054,-1.48773875469064,1.33641860752275,0.155275495650195,-0.0107129914431335,-0.623114048362123,-0.51059249702189
-0.407367392915125,-0.829618873024128,-0.406129130740478,0.552558262477153,1.14089397859299,-2.7339301608009,-0.114631778337644,-0.462500738496295,1.25956084175804,-0.848592178164194
0.185238794953714,-0.926007522056397,-0.590152159977773,0.70426982510013,-0.118607996888787,-0.363805039103838,0.748476451791056,-1.29691999782067,-1.75774256243276,-0.0699669018370415
1.06514616551115,-0.177175770668335,0.222771600082662,0.983829979442332,-1.52052610816555,-0.200786902571383,0.618413163964396,0.550679789428033,-1.85823650100675,2.82125024066763
1.84606071837643,1.32550536478796,-0.711339103409236,1.59623630181056,0.103653393268714,0.023643607434033,-0.161486149069251,0.2395554653945,1.69984349673517,-0.522641407705005
-1.04707609748642,0.570103890877677,1.28848697864871,-0.453689688176712,0.394507445391089,0.566637260301918,0.874385202235765,-1.15030688641245,0.7764154491641,-0.915257359803166
-1.54580089985941,-1.58070198970502,-1.38417530979989,0.724014565658078,0.258413439479597,-0.233298355503577,-0.251189924762384,0.916848001252423,-1.56646175086198,-0.940661295177237
2.00532029805426,-1.04068297347594,-0.0862554308314434,-1.06980991120558,-2.75697024831094,1.25833883444885,-0.329456921669502,0.268277588686879,1.42271420774713,2.01076205812649
0.613440781835168,0.157727134808954,-0.720793720221343,-0.212473974397843,-0.449628037784346,-0.251532595766416,0.316423402691633,-0.485112619222562,1.54938637384474,-0.32991340314041
0.433769320052088,-1.06032626123218,0.0197309621400185,0.236952699454925,0.887682754361997,0.994374395739095,-0.710395404892405,2.48822001883264,-0.830728028218853,0.487807326489762
0.0684696356234139,-1.17400521000678,-1.3642389102508,-0.977619621564692,0.566319560778516,-1.43003097565998,-1.79810379832508,-1.53937699787062,-0.828610376830476,-2.4099606334068
0.234817324575301,0.165499286193067,-1.49375907161382,-1.94198314258279,0.0900660221258401,-0.365020789428684,1.92110540689922,-0.259484833679156,-1.86322419589671,0.345383618107773
-1.10436039185115,1.32101704362548,-0.303611220395042,-0.105581167730959,-1.36203146028036,-0.353193456241057,-1.75446064376586,-1.92561348196826,1.19810254595702,0.0316823337124537
0.271855650610051,0.701927919968925,-1.48933989194329,0.932831856257159,-0.671743087648313,-0.831680953300532,-0.770398094899997,1.09400637121104,0.8903073800603,0.388868287848894
1.93766265046134,-0.737076605579725,-0.639138108281153,-0.419156507244347,0.603484866200445,-0.227696852829148,-0.861935026128088,0.780638686195422,-0.513404902508649,0.467744164078508
1.55599836663625,1.15362366185706,-0.691548955003763,0.0269933326788398,-1.59935262923437,-1.20420363340005,0.0914837544624045,0.187459349702244,-1.08889021275284,-0.0343291958833847
-1.21876455944093,0.960386766869277,-0.896603649011986,-0.364343929780606,0.492157516663185,-0.283459999224111,0.336610924629027,-0.827642170464248,-0.278198993272024,-0.373253931425956
-0.183271746788224,-0.288682033121761,-0.380193186926074,0.0390313398563399,3.16764268850812,-1.7152138315541,-1.23486899178833,0.712893773985265,0.0372990984617324,1.76308447746397
1.74757702531881,2.11950598310685,-0.824846918852985,-2.03911662850318,0.102422820420012,0.125229353488868,0.127568561047621,-0.455552498616413,0.255398473177746,0.577158815483494
0.0605277603640145,-0.646140081255607,-0.620454168761735,-0.782388577557092,0.077023185411428,0.922284158255586,0.339345889116059,-0.436717506661986,-0.956943694083794,-1.30424853561048
-0.669158458547927,2.03061442871248,1.16518873952978,-3.3802204771018,-0.388728178091154,0.502831901751838,0.240511765575994,0.485696526810128,1.63637298842486,1.57550404338286
-1.95053475391594,0.0806201275062708,0.625310463942768,-0.709587658260553,-1.19642415262786,-2.14121314717818,0.947207727256466,-0.565244077401569,-1.11817151985842,-0.337132316477764
0.815993338386463,0.223057071843475,0.00401284947395818,0.307456318313272,0.163104163957564,-1.83594670569946,-0.100021965854323,-0.364851655340291,-0.985118148394976,-1.36512774847647
0.547849315742807,0.516754792919288,1.84459519118009,-0.431521637088243,-0.127031168759579,1.09530214097946,-1.3200450141576,-0.92950994550425,0.00428449310395001,-1.5617925388341
-0.170694236446975,-1.18418222656404,3.28897654802376,0.220657151332949,0.109802176912244,0.804065797538386,2.21023221722103,0.176902545034588,-1.53830693725781,1.26204356699624
-0.521869486018665,-0.162958364521799,-0.446952911129502,-0.500535334102013,2.37048214078758,0.24343282335001,1.43909133134374,1.60166522121606,-0.174851949695228,-0.976723287172363
-0.139889392601302,0.877095386605004,-0.0271617696915659,0.0186910070988973,-0.420581521317627,-1.30627570289734,1.90351619871188,-2.45178118100726,-0.625588993641769,0.447036351520637
0.540800015174222,-0.0663114792671365,0.2707818807255,0.387175343832568,0.920968547693893,0.2962853681098,-0.488638833235616,1.06377111884717,2.35397337705477,1.052587789808
-0.73937083435691,-0.692601934011691,-0.344905143866524,0.349580165426467,1.44348167117228,0.388138335143873,0.0343392970392544,1.86523227302961,2.00512582118106,0.467797440880782
-0.485962421300658,-0.426045550859499,-0.313140614345974,0.0507184470962348,0.0681336379265082,-0.828967347897871,-0.737597989503923,1.34742059483081,0.409686543498103,1.00998268198158
0.590459036433264,-1.18077826341055,0.742490934839651,-0.275900604855969,-0.571126998483338,-0.0488166736678421,-2.28042034962845,0.815508878303597,0.950664563680286,1.49142657929775
-0.213267932150403,-1.72404818432919,-1.01100278913293,1.55509914893701,0.783982095629702,-2.59098353865909,-0.00715189653129721,1.02827016456467,0.505520855419273,0.740738699965854
-0.783669149204902,-0.651529168042231,1.67617317594069,-0.724531090252723,0.799284361247144,0.772959164668896,0.0203336672470125,-1.08947586000767,1.40582739719172,-0.699475225074289
0.544287146686331,-0.0709065012250755,0.976956620492468,0.697124130783092,-1.66822263498593,0.0560468096761426,-0.392720496690295,0.1083381019464,0.516483219326258,-0.761574279171998
-0.121351810888274,-0.00503093254577693,1.1040545220311,0.232562737154945,0.079215450176601,1.34910118535042,1.0760929268585,0.534773301025222,0.4166643481922,2.10077636436019
0.19175779621384,1.41669205344295,1.51063742347768,-0.653287236568373,0.720538913253142,-1.54594882293316,-0.211131265962805,-0.876137096339051,-1.52650315562764,-0.421742573933361
0.116092682535375,-0.253067758514846,-0.0201651184638176,-0.212056001440397,0.676326904328446,-0.745650071647136,0.589478718744993,0.610689749882783,1.73405889209017,0.168914110212877
0.229016066114558,0.278858617097304,0.303513903781199,-0.840173257664572,0.393931185266705,1.74122585741752,-0.705810108129453,-1.05832540631127,-1.02450781896166,0.249375805850217
0.560834264310257,-0.684284228420345,0.835582738058975,-0.101110645180902,0.698080479242405,-0.747899446145383,0.832097701669513,0.913750265607829,0.285701967776031,-1.10171050461673
0.841266814616677,-0.3532242116453,-0.212283051473828,-0.58690763957125,0.444048212031344,1.46499038976365,0.128414359809997,0.645986574040734,0.240402664980055,0.716065610106994
0.194454215652346,-0.774410982388065,-1.0444373400938,0.0194852370353995,0.41390750576694,-0.312488219724948,-1.10769500797147,-0.416854145864499,0.247045674987376,0.191021990740123
0.456181754111201,-1.16140203612922,-0.332952403883352,0.0811199020221807,-1.52540392515728,0.329732542066307,-1.56440888448103,-1.22523425887957,-0.751065519695934,1.15678128052559
1.47411736279653,-1.04447383455672,0.19533384118642,-0.859633173584515,-1.32076127652489,1.07258091519238,-0.334867950215331,0.462064536836785,-1.50254385755472,-0.600773846019644
1.01542978621597,-1.92590960182781,0.213137994092386,0.999586736719526,0.553957200157867,-1.40868702745318,0.359464083174444,-0.114391828858165,-2.00000902937048,-1.46370368029503
-0.0456383527181285,0.355531142075041,0.594677619054473,0.33843563259799,0.616010617887854,-0.511736912003879,-0.0615147300289927,1.667417104446,0.0283575562113272,0.913488052022225
-2.34906745444097,-0.483411642502956,1.58278444432862,0.260522271363322,1.09587705189907,-1.16078256237704,-0.0822380006414409,0.826885647473184,2.67629876505135,-1.0981442251024
0.856788040306899,1.32551175736177,-1.14365677061931,-1.07868354498267,-1.2281143795807,1.39140743339102,-0.467986914029187,1.61808321364199,0.643847951505761,0.619241821262577
1.59857134360147,-0.507290617907644,-3.51283513170054,1.39639550632337,0.554140033871294,-0.208200686488542,0.660948726170855,-0.9677281415789,-0.279551126099727,1.16895716559567
0.185630511999898,0.355167977408233,-0.594002373334817,-0.86722248501756,-1.84965849309058,-0.196507171949812,0.339219069505735,0.548400070943914,-0.754374411005079,0.213679944874761
-1.56782390159146,-1.75615895186265,0.94842124323142,2.42388901088621,0.238818039947271,0.79106841451061,-0.177968674259245,0.732296789820495,1.06142369610408,-1.61720286114592
0.704167298470377,-0.668563426908653,-1.05532355600317,1.79780249102515,0.691864941370008,-0.336653468987483,0.833243909128225,0.884390377766214,-0.236382340360919,-1.40376332337684
2.41945545184854,0.253231225780042,0.72404363265806,-0.974813603344773,1.03919503295617,-2.38900803053426,1.94489557378432,-0.141612217647915,-1.16923307897635,1.30686851242697
-1.64897214409495,-0.663165066016071,1.04516352652376,-0.359418231783793,-0.698469280595126,0.699087177068522,0.838107859222933,0.859290483898171,0.34966779769578,0.0844538408513744
0.164471699720664,0.112759536089978,1.64710225528662,0.16423445666008,-0.378484647369792,1.23759046781822,0.00831052539442347,1.79410037420166,1.08368586841517,-0.262727707571689
-1.58035684561962,0.664228572825077,0.982316750519433,-0.591686824410053,0.391155616051519,1.31286325513953,-1.68185494471841,0.265011307432979,0.217344052685355,0.475326706594141
-0.837744027823398,-1.31550720401991,1.50462727436743,1.98823666547216,0.973854648541245,-0.960238231663133,0.287946389282563,-0.75888961941714,0.541552720839664,-0.229306594334147
-0.374926034899674,0.192446492878931,-0.739118823671911,-1.29892532462539,-1.19758178084148,-1.14800664427426,0.33952009972415,0.648119812685256,-0.337922776601196,-1.08146281272337
-1.28192056157808,-0.951005655990931,0.176007392036694,-0.0422226222050134,-0.97686290466005,-0.47945875476718,-1.98504445302082,-0.500775474056402,0.90026413763107,0.218278733824385
-0.255569410552481,0.974047607283782,1.2540932467267,-1.36972658086379,0.147071510859185,-0.110241154765923,-0.301641083169518,-0.0504233437613321,-0.49124336383274,0.0948306768471417
-1.71385729684776,1.00428500532946,0.113415325390256,-1.1200229433789,1.29139662959889,1.06138096418045,0.684032887760852,-1.3426384210489,0.409003693273208,1.23768540904135
0.57917081330222,0.0990605127120156,-1.40071747557739,-0.768491837859863,0.140570289589237,1.59878429619606,0.497486081924987,1.0232533003905,-1.59606682601243,0.131454118503736
-1.08932038069219,-0.418045513807635,1.10469621695287,0.754621193584007,0.504284479575741,-1.00276839864743,0.0673980131027276,-0.0792228449124174,-0.270892145710835,-1.08009191086477
0.770613831126596,0.107531190345015,0.883162072743697,0.540595791430691,0.453907297751655,-0.0916951494513992,0.265756051065924,-0.342092384787444,0.172021288904567,-1.33206011585966
0.511296993759514,0.719646272950826,-0.870794151952902,1.45593093676073,-0.586661853199543,-1.74325096075366,-1.10009090291415,1.05478021466592,-0.114432277726545,-0.802650872221419
1.1044087855512,-0.414392228399242,1.16600278006772,0.668944638506728,-1.14224346142439,-0.292197360189747,0.973193015782419,-0.372053582690959,-0.764435490224942,0.487395796548761
2.34221166618707,-0.166173628115655,-1.29887100672046,-1.45860355932298,1.38408438008638,0.0362740497059544,-0.375571236295411,-0.477031635329925,-0.841405806069094,0.521286411226712
-1.33033365552156,0.63143251131811,-0.872897351908207,1.0146822961883,-1.17777901305003,-0.354785195965723,0.91985519093721,0.49115833484064,-0.213143193448087,0.706146071704595
0.159583123258763,-0.410631079695436,-0.564198862702373,0.577918077163464,0.786692728502849,0.0992604254250386,0.220870384241114,-0.0956366128505827,0.701174044666587,0.185283652789388
0.392169187888402,0.0442504908879697,1.30110870551048,-1.03845084232831,0.028989605216228,-0.845939137987861,-0.0445591581380946,0.0577484372668153,0.200017933582572,0.406670881574355
-0.448533482058153,-1.21628808308849,-0.615996054191577,-0.795761259606645,1.4581622173284,0.532770350029656,-0.362590304353798,-0.71963142777587,-0.934496351710884,1.70784864031085
-1.13941621799753,-0.396456339756997,-0.0662728928972964,0.677166325043329,-0.0884090276141496,0.689118414419539,-0.41628426547319,1.18880802024519,-0.697950373189056,0.88948316045126
1.32817546361496,-0.83951404371244,-3.24460166419441,2.57930504037912,-0.290624696812147,0.866723772874593,-1.21786750164785,-1.45085822762124,-0.64830143028513,-1.62010599633702
0.46976340559256,-1.06601228151652,0.161507442193242,1.05297235159397,-0.0135850351563812,-2.32565578588292,0.633701764698392,-0.861260709141345,-0.385246257668008,1.16680266735127
-0.312982543127576,-1.15443580815845,-1.18874253796834,-0.102643315858115,0.390122444328384,-0.36080074599915,-0.643257764112833,-1.09836326936625,0.789703775843113,0.35922806505056
-0.824040577700947,1.17721420392931,0.291454033651748,-1.65917184900222,-1.12993751717698,-0.324836765159526,0.460772932368513,-1.14845694234033,0.543067115707036,-0.706621160566537
-1.20770274787988,-0.106673871192017,1.73793016804883,0.647122578861359,1.2088544173132,-1.12457523257101,-0.321604236195154,-1.69670246578056,1.04232231333114,1.05298638147099
0.882945614006853,-1.05591544815422,0.42325343677506,-0.544012899264298,0.066832377005647,-0.544206727623409,0.508735446243537,-0.545275983679628,-0.417829144547134,-0.262280495160759
-0.687301614871627,-0.166266909248444,-0.78533580489556,-0.358884326762798,0.302610962964129,-0.858601806918193,-0.645110681452871,0.330643864217385,-0.112539910808568,-0.864232394698411
-0.391832415716275,0.152338183592182,0.397199985547605,0.314057155902353,0.0633496997066678,0.660157351576737,0.419365378868636,-0.772608178986195,0.57341246041636,-0.569431392918125
-0.293875146503437,0.0882520429346653,0.994832696326407,-0.500221114490925,-0.964702594488513,0.389904542696958,0.315765737004569,1.43772978493575,-0.225804877768052,-1.56221367466752
-0.212916245031315,-1.01956409217703,-1.43944007873397,1.24067462404052,0.823059950519612,2.01735822470455,0.251222017132304,0.0602492433025522,0.298316858208346,0.381182602375829
-1.08261153625116,1.70174253473409,-2.00327039139267,0.782896915961901,-0.656952174567665,-0.394883849395241,0.574145811277344,1.5533462433147,-0.120223368031323,-1.10510082499951
-0.670053996619315,0.261628811565366,1.31724476158124,0.0627014426540142,0.554117282721008,-0.080706267821695,0.37159531551716,-0.0707460831942336,-0.10215824917272,-0.769868488016674
-0.603922239261825,0.0611808821931223,-0.937392612137645,1.56408999840995,1.09055385917101,-0.929448103820461,-0.590745096813603,-0.250047067484969,1.60985558418642,0.485501053411901
0.297773683279759,0.678464472042118,-0.79985493850307,-0.0317789369116085,1.07102172792492,-0.621525003427447,0.456622928467079,1.06194727783662,-0.18902415634756,-0.366018636668235
0.0345533486215642,-0.295955008608309,-0.266517364650109,1.04709801352752,-1.47196399468621,1.13666815832489,1.21664437852295,-0.844422230099287,1.65766660946387,-0.153144529309564
0.45159797822264,0.17923654984398,-0.657734231852329,-0.238644056781005,0.0955098315709752,0.317908935951926,-0.741626201085455,0.92978623513588,1.88523468082193,-0.0992088884910256
-1.29844480059991,1.71171628718374,-0.94047242891466,-0.819361269759771,1.23216209535819,-0.883270947765061,0.139156456118045,0.0298286962166636,0.169831265734179,-1.43468851120264
0.377729597688386,0.619003874450852,-0.894920076259209,0.82114500610793,-0.62787654834885,2.01268061102748,-0.744615686413443,1.0656629999095,-0.103145553099737,-0.503302275782492
0.206642173693892,-0.468985214257342,1.65650092949804,-0.15766612839899,-0.371610297347313,-0.818123772290123,1.38630567616909,-0.997679800809922,-0.149384562644141,2.84447165550774
1.27857291403062,1.0589658797668,0.533358241288469,1.04023945884634,-0.604400231401771,-1.12810491197585,-1.03858786956462,-0.272035823579068,-1.08464292399924,0.175359619723876
-0.39981263980729,-1.26671158470275,-0.471754345486735,-1.79533725116471,1.20824123343807,-0.707228723730445,-0.460221559871521,1.34123093243452,-0.77946931361077,0.490164380215426
-0.993393488126982,0.455859187709163,0.341424758178173,-0.164433882028968,-0.899912583613046,0.015600361197323,-0.226580402961298,0.419480650792816,1.53288202376322,0.732783706483122
0.201068798041758,-0.847200819493305,1.79100017428154,-0.871694162556062,1.28401104077736,0.472620136935922,0.293786411668426,0.0469417213117161,-0.0780099102152197,-0.667735465998075
-0.0729171989285328,0.207738587649874,-0.419832260761772,-0.371280590199055,-1.09009053818834,1.61374942080495,-2.77530221248978,0.343692726927275,1.42619122113254,0.35877015357346
-0.742230163294947,1.36004199700497,0.0733920749487422,-0.589017484734969,-1.32368324023271,0.0427700066260181,-0.992248220360691,1.19589343007145,0.591738041868507,-1.83863759532705
1.51200482835785,-0.619310829247415,0.34372707510821,-0.021312958221703,2.65578393537266,-1.64050965755954,1.32380704170265,-1.13403449219087,0.781627681478896,1.36805044900336
-0.712252239077602,-0.249311034712849,0.125885373990248,-0.0177482057624468,0.986304735962447,0.565118669470873,1.44195696457535,1.77641394440858,1.88975598895261,-0.0756622855776455
0.155558822094556,0.25645814233297,0.285447714268431,-0.637088164340974,0.82372048628319,-1.46531366293578,0.830501850741499,-0.227320069620996,-0.846700218726464,1.39049585682196
1.68951267709656,-2.09517954595559,0.0748139123400739,-1.19315468660681,1.00751542396364,0.291948330708406,0.857671182657705,0.672362988130464,2.26183911533798,-0.413756284795137
1.20101587591818,0.875951446125806,0.0190951134865913,-0.419867248223534,-1.17603823516936,-2.16317219057415,0.524379436827341,-2.27287208721237,2.04355689382712,-0.433305623547295
-0.297179919446385,-1.00469702364747,-0.0757263543005712,0.323432516906668,-1.59685883613058,-0.293615389121599,-0.423299530356779,-1.24227370839031,-1.44319603259594,1.1068586954036
-0.861466556028823,0.909526528860986,0.0834292371266133,-0.482413640380874,-0.852515927493112,-2.00188327733223,-2.71707519919417,-1.76900728838308,-0.433231873973651,-0.21572342762015
-1.44985326345584,-0.90117000172168,-0.0346025023918534,1.6922087095659,2.36416337366014,0.902598432363044,-0.516766113913495,1.37131798555283,-0.276509522699154,0.510463605549038
-0.738273393736179,1.34379453859634,0.389674800549961,0.116333318181225,-1.17422698014536,0.986830663721001,-0.239610075457015,-0.0444350539149027,0.771540917711891,0.959651895705182
-0.724586990875802,2.24807565266304,-0.222902423992779,-0.161839220708185,0.134891696940831,-0.281523875330107,-1.18247551190224,0.367702635871386,-0.286062539630656,0.849941943394635
-1.09761238982276,1.1416437680686,0.832592561025703,0.863144592642126,0.18537419829349,-0.732441267296929,0.244813238073984,-0.659221070729166,-1.35986458290663,-0.212263417446466
-0.10163543436948,0.795499103779137,0.189000038610405,-0.639846673244082,0.532085613969796,-0.83983950740179,-0.642145707988949,-0.053642541412145,1.1637327843232,-1.02018629556128
-2.17790945491738,1.33755857677536,0.581130140228875,-0.413350937495119,0.763996246835054,-0.6717129207596,-0.855270426388419,-0.406936044726999,1.17748356557524,-0.661213781533604
-0.56441391115097,1.23491797974825,-0.48516024974543,-1.64092232333618,-0.212413168402695,-0.025744241137134,-0.696629729820081,1.18588997776503,-0.600988521019475,-0.239216278097618
0.054305659245215,0.149076055962124,0.731410493739912,0.557666264342179,-1.10280121169885,0.153080554692084,-1.63848490774193,-0.0289047270198099,-1.2985213020094,1.31171701252397
-1.34084165884532,-1.26933179212945,0.374645182026138,0.11291034646993,0.641174293065122,0.915052021807195,-1.31491334191462,2.19011403421025,-1.39149295000905,-0.0186330151153097
-0.264973655268803,0.0585054459295034,0.038345731327286,0.160002352696375,-1.02188988746706,1.49372913206352,0.851198960407426,0.378619304298283,0.541947966975873,0.809095472809737
-1.14165555088117,1.17639638906963,0.0831412878175218,1.51592177279552,-0.52032545463106,-1.28360323883358,-0.959043807485521,0.434930680536574,1.44635835560274,0.110443667069545
-0.256762141128366,0.514568872995498,-0.28628523964174,-1.81113739719206,-0.105503948664532,-0.179505221521185,0.962095357559599,-0.300809399631609,0.25797891170684,-0.0342714230837055
0.386807355416166,-1.15274081733114,0.71067025138496,0.620096029509588,2.35748759663528,0.453880421655791,2.07912153987444,1.30878843741906,0.127384426285188,-0.601527199021084
-0.51444842810786,0.330794780356736,0.596290197096989,1.78340054606714,-0.297409660255248,0.765029781534866,-0.57130053658902,0.266558904365054,0.461141425331504,1.94056982430397
-0.51630161712419,0.227646926241807,0.34727879412813,0.263029186649988,-1.34645376489943,-0.319169839043916,-0.98408971507153,-2.62506577587379,0.0207173512723213,0.487065343134407
1.70368453124507,-1.15655775151176,-0.62724823328174,0.400162170109895,0.728856429101367,0.977229705155952,2.02488907149616,0.438479206976037,-0.622338391781605,1.97851611403145
-0.62930248754494,0.0468546693464458,-1.72415924102977,-0.64708339693211,-0.198917138579211,0.591448703400734,1.20748540389922,2.79103467624991,1.19495563382786,-0.875434906469054
-1.01882385183752,-1.7677030492028,0.876676727686783,0.171358626440567,-1.11173616799572,1.88238508059583,1.61808123997013,0.616279499107437,0.724259407188223,-1.00232849273513
-1.44263959761159,-2.11655043843176,-1.52393799717948,-1.25429056938514,1.99678687394705,-0.269692463940807,1.45469450982852,0.588429661899703,0.0315195039449109,-1.21720404087649
0.0873110791755599,0.772185793787482,0.619409777331228,-0.200838873735623,0.333574640611892,1.59384061135929,-0.81804019818234,1.12551239404861,0.774983104555988,1.39754898752815
-0.648519721462048,0.716438555745334,-0.306128568123377,-0.963448457181353,1.08285792109836,-0.21025347765689,1.21220005617064,-0.284433484030333,-0.104778122654843,1.7061892065002
-0.0585180635554875,1.62700613463963,-0.78413447620748,0.701396733613895,-1.09235519754655,0.238979806130295,-0.59702440740382,-1.33637294377546,0.619394423630754,1.20945837723909
0.448675080215886,0.260903971020203,1.46567432847316,-0.458737171910891,-1.51226589955561,-0.514622609619594,0.981751267336506,-1.36848804777794,0.630198141083397,-1.97085713995454
0.375066475858746,-2.00350297406414,-1.22583975851027,-0.0148921196188664,1.9355551962874,0.37687899764993,1.9781188436408,-0.122684965101394,-1.2858812409152,0.75066263784969
-0.794500020696623,1.0089261769782,0.488138656622094,0.390291539074193,-0.85881869786076,0.565050059349782,0.0370745099858602,0.277165422055799,-0.0163267609647607,0.110060806889211
0.756180564975742,-1.25586701766595,-0.44352324671627,0.72487035632243,0.989735439053584,-0.148872885088657,-0.160499368802819,-0.901760278988125,-0.633771380933002,-0.731687403935623
0.450429249717744,-1.17704059099603,-1.62444004525848,-0.230470853153045,-0.874770437365882,0.866206223935148,-0.240283756036951,0.725336309922845,0.834288248837019,0.501373513674195
2.16060853710906,-0.757763400811543,-0.431274223154423,0.298220648075481,-0.602039332128174,1.43109051069607,-1.72324630110231,1.16958349734218,-1.30105224094379,1.29419008705308
0.748151537252305,-2.34611196570533,-0.708960243896858,0.577991057455415,1.30315509868416,0.671511872873981,-0.312088380128415,-0.203900726873289,-0.361297552677592,-0.469916428952888
-0.113074599316394,-0.563276328201841,0.0331373526383802,0.207099243821255,0.211742554174895,1.00089406826307,1.15465228405183,-0.254437761650515,-0.0968385222421707,-0.252131707872761
1.97368854752979,-0.510360577988656,0.225720063815361,0.490435300593257,0.0792700924586534,-0.343836651344807,1.61682980246011,0.368431696081245,0.19365947589849,-0.131953329195173
-0.932737622987353,0.75851625430327,-0.920322060072188,-1.93845184603658,-0.192291674423057,-0.246506224056038,-0.408946981182272,-1.32403183263662,0.729224966169613,1.78092331899795
0.59875651360347,-1.1952521860625,1.53289850103066,1.54999718119851,0.641134745999117,0.648415973587613,0.662071302070188,-1.2196413684492,1.43418619654068,-1.03505390855668
0.934042925077817,-0.547524677511107,-0.876670917496476,-0.565123720511797,-0.437077506204952,1.4075706157309,-0.489775662265441,2.23976962467343,-1.67167131967013,-0.455164618929871
0.151714155471199,-0.401873613717607,1.99112870081732,-0.328304833195469,0.389872994496786,0.235516971300992,0.037573848498122,-1.19528684214945,-0.348283743248181,1.74965845438821
1.18179729201666,0.772627115333938,1.40496672482131,0.937559312079541,-0.365551333358982,0.389231445436387,-0.73526951263219,-0.188036729663275,0.284142032541501,-0.832294918131749
0.0556604202543343,-0.00693223628971185,-2.25859497668631,-0.44754435329354,-1.55169041578611,1.06460122024848,0.308373384966266,0.539926143070949,-1.0636587630951,-0.761362565995978
-0.00597863955376387,0.682600153541799,0.681265315224496,-0.390830867480839,-0.657461207639912,-1.30873020716161,-0.145943260009267,0.938633506453888,0.61794906856859,1.30500198292323
0.308593414524136,0.629351181136838,-0.564086981531741,-0.228578919546454,-1.1748726117817,0.451513854042554,0.302810638415135,-0.115313395441423,-0.247456260187327,-0.974110612379925
-0.646433163395692,-1.98969094600803,-0.634560359001225,-0.148234580867262,0.121409569689366,-0.851472886742564,0.627192803189374,0.657654953029553,1.22467053389663,1.63805136867439
2.27577877613294,-1.36751624000089,-0.584414959718834,0.414243871954422,0.947185426843753,0.926121953489706,0.898039538771744,-0.255844460426338,-0.560240949428554,0.254826846308203
-0.49673092637046,1.43666816811116,0.0175031851455754,-0.895851091340313,-0.987689917486049,-0.0736167800824805,-0.271942400009737,-1.90915635424517,-0.00508642717535525,0.189135267434028
-2.42728480503772,1.86660731012551,0.126367595483785,0.0499757628177186,0.285638999010356,0.635226682238979,0.537395317954299,-0.954053453307153,-0.749642878856686,-0.862131622590185
-1.61078842757138,-0.444524734427517,0.7906725405778,0.744599904807869,0.0648629266172262,-1.84841587752454,-1.09326881910718,0.48643603202365,0.569482312544867,-1.2401748374423
-2.06821814190542,-0.810587668313853,1.69511800239417,1.26754323046237,2.28121235420734,-1.30514788598924,0.899752790193805,0.18037156938925,-0.388712955689894,-0.220581529636713
0.447933391202195,0.645414603748436,0.481839448933332,0.0744564341681454,-0.535030425240374,-1.55712487684061,-1.37673369669995,0.403517471726998,-1.80001865785278,-0.956044936667129
0.00652697220750112,0.585359376559979,-0.181410185965599,0.253351568320866,0.410905667630319,-0.0643626389097545,1.36829051289666,1.85843677539981,1.57620585709098,0.0602251090372415
-0.500636862412497,0.0290913771573775,-1.02171933555145,1.72770429627483,0.380300663578032,0.484000552746136,-0.821376322817507,-1.02294606864859,-0.673768286362658,0.114164199283228
0.234384969632834,-0.530223293965554,1.61231566037993,-1.09372577289724,0.640710068140724,-0.452186239132138,0.0949316826652345,-1.10396978628955,0.273596093964816,-0.50601847413078
-1.35824262960747,1.43861315845735,0.805284176807068,-0.597613741791683,0.28241041251191,1.42553812719507,0.243953044200362,1.26270339183915,0.0497461936131947,0.360285970497856
-1.37685591964352,1.38011609699308,1.41932160650837,-1.42838657686322,0.14325624763954,1.23236889902113,-0.123422076812432,-0.818805482403679,-0.158979326060992,0.542421251170131
0.0512571194830083,-0.288664403903323,-0.977208014716882,0.605175992017922,-0.683757439338118,-0.279359204264277,1.69358989528722,0.091001440577115,-0.345656804381544,0.247294576656799
0.0915625389477234,-2.20803352183294,-1.04101871186552,-0.0460837109215031,0.553476556177153,3.32743514364365,-1.23500170449724,0.962003575695116,0.421373479020313,0.928090432101997
-0.0666853551630763,1.03847693091249,0.165528120300938,0.614351180460516,0.885661774920832,0.641620554541422,-0.520374485660948,1.0279138759012,1.80168548790367,-1.04400117064736
-0.241705984276321,0.999081307492917,0.0393395278438923,-0.176061350735277,-0.753837042580075,-0.452303138079993,-0.995968428361121,-0.827201432309126,1.17585274240731,0.221782940468354
0.213981971654462,-0.0780152143612029,0.511907030680826,-0.516922434421486,0.170338117081839,-2.77957538363065,-0.0514940637669969,-0.81040308233087,0.950398818544241,1.27048118619298
-0.178009803918724,-0.665846187158194,0.817627715225503,0.0544487141375689,0.539783306603069,-0.916655684678147,2.50300087906734,0.163125701960799,0.0524368384267667,-0.141531418787889
0.574497302559508,-0.439140448823219,-0.790983816988838,0.272617066269171,-1.02447824864554,-0.205435761568254,1.3497176790374,1.27140743909969,0.0270469786797751,-0.294354469093485
0.0575528596989351,-1.46501309658239,-2.37581060172077,0.0576071170341524,1.65317641538082,0.753343382590398,0.957202799397419,2.8205647512747,0.109097904069957,1.3980739567131
-1.2002524769279,1.33982886582099,0.821363186837246,1.84934526555601,-0.947394393263468,-0.768053233202844,-0.490521192411478,-1.04484139775209,-1.49144180132346,-0.67160397523933
-1.63997423696928,-1.19995072375001,0.687967265255493,-0.212447103760809,-0.294257553165492,0.159717356541564,0.00384074872224769,1.07756457252734,1.21484024610794,0.0488270064214536
-0.688803020570032,0.946043811904426,1.39834907194214,-0.0233801106957571,2.42078231675803,-1.08345897281473,0.311525524209931,1.18883781575793,0.261411865870898,0.234982151083295
0.275511969727078,1.49388975381844,0.544034613372433,0.117367385471157,-0.262828029492425,0.484182520768034,-1.20375304535155,0.201648951802299,-0.493672070133251,-2.09805868612887
-0.0899563163899954,0.838328072944923,-0.327686921284397,0.949791486989956,1.79073558759571,-2.3192054129186,0.101844955906772,0.131674107352174,-0.192936415435334,-1.98084729261732
-0.999344145787022,1.28368896191142,2.25546265664504,-0.252692031991803,0.42303275198539,-0.902393888755595,-1.34968884853381,1.84682278951121,-1.23735590870353,-1.11080720004335
0.334722897275383,0.329983998564998,-0.471054442619828,0.296094776870281,-0.428742807615474,-0.654398526844361,0.73473358766064,1.15174129611857,-1.12255833992836,-0.414744794971941
0.540919756419629,-1.15270527418772,-0.242290451254687,0.666850785372095,-0.288909449755273,-0.0175796010436514,1.24746330163557,0.274868453139587,0.489954568824437,-0.0672969653406587
-0.576450666378325,2.2423426003527,0.30030540499397,-0.415476169194268,-0.885258388023718,0.61362021902305,-1.55688707931195,-0.638558661627671,-0.794898137960609,0.868787736531832
0.832522116385113,0.488944741015597,-0.163034450341504,0.229223739969623,-0.282840638839743,-1.94791158758252,0.740679094227396,-0.528760403129069,1.21048873676749,0.282934366076735
-0.527859404575029,-1.10456156093686,-0.743438495737726,1.51496940100706,0.36445378212085,1.06175502612614,0.257753103221785,-0.0655272799101871,-1.31070354762525,0.631934810414612
-0.18684613219323,1.52754727096903,1.43043273079182,1.56795557774896,-1.18322718130644,-0.813730413001502,-0.38312438729084,-1.16025437294495,1.67231209204231,-0.289901658967001
0.723340316206692,-1.79084129670669,0.468771100499239,-0.64571620701719,0.415110023884064,1.19880353689662,-0.590661119029791,1.1686301328663,-0.929920445306343,0.381889483299005
-1.4302672603597,0.284026291796616,0.280192958508073,-0.322584992569422,-1.6333692928309,-0.242355887471769,-0.781890228811199,-0.550799587008172,-0.243539658419911,-0.778112971261784
0.423618473984445,1.98029177819485,-0.0798678916841258,-0.249851305958819,-1.67723732221016,0.847957694263571,-1.13776659332661,0.573697028310128,-0.139812936277057,-0.00873568633386973
-0.787685492923381,0.723379680275862,0.478384988852412,-0.00646180774466313,0.697347884412631,-0.606873895553153,1.13125417497784,-0.757964934625308,0.421474600273935,1.06745301264796
0.278743911636385,0.352977786279437,0.0248950959116742,0.216345910233658,-2.33912340586772,-0.376787622900018,0.501399658728078,-0.995751963227644,0.350594052938434,-0.566737544583973
0.663048144534493,-0.7903718855252,0.939800344347395,0.392986634610307,-0.212546584917026,1.51470318209498,-1.31966252223324,0.460724259485673,0.2282998792906,1.06329014741308
-1.59259903460028,-0.339871761270151,-0.850439851738288,-0.0347188841444014,-1.90204865107716,0.855709061669544,0.317275098146249,0.18647899328058,-0.210816361637316,-0.930725723323434
0.853847563650407,-0.0822686104261038,-1.12113793760378,0.829867279701988,-0.238693766635333,-0.0795078767471114,-1.10246768151243,-0.140645867204226,-1.14480634945289,1.50019533775426
-0.0247653450409319,-0.0122225164458184,-0.430386561837275,-3.16841165727771,-1.19842898253567,-0.852193743411416,-0.150268486002434,0.741030971665147,0.743721087647032,1.96954275252464
-0.180179947664624,-0.620195785923842,-0.225506882029983,0.120521977633995,-0.82764985075825,0.942037518698826,-0.0274508525978942,-0.944336012176556,-0.325652112890506,0.849343889177079
1.21035528646112,-0.823497165069862,-0.415449141179636,-0.166496388592986,0.867635476708742,-0.15689625599175,1.29258484758398,0.997193574788187,-0.917095600611035,1.29841220658294
1.95302322342951,-1.07639307891969,-1.1314351252368,1.11936033672375,-0.948386786387965,-1.00615403777345,0.985596255593298,-0.644791322145513,0.378306547376729,1.75547349575216
-0.350119913269244,-0.882723543461605,-1.23686073115524,-0.47511034352146,-0.788392325767556,1.12982363182199,0.0896906665431912,-1.10017725877793,-0.45282461551022,0.570841739012863
0.98736683796521,-0.340301392672168,0.427942322895554,0.365305562071672,-0.106941068632948,1.65412635501812,-2.19691351769391,0.389867293603563,0.919738747893167,-0.488730564270307
0.927727225776789,-1.73286968790905,-0.703158203092707,-0.8760650545552,1.12217695375773,-0.139895691097607,2.20752092975355,-0.935448728489127,0.0176566300954079,0.851554108014053
-1.09288387509487,-0.114589721879364,0.472176539490282,0.647804516665331,-0.0737775844401628,-0.85067206207246,-1.64843374762265,0.27797053297076,1.57847133882942,-0.455270841966778
1.94119710964136,-0.94539161398697,0.721071796904645,-1.24670615713872,-1.16008650017716,-0.778255371004341,0.925429631983441,1.07961324017719,-0.467917607498282,-0.314208546543178
-0.251471889716927,0.91344422347551,-1.4201486872283,1.30174150268149,-0.376188488340628,-1.04723829686722,0.0761797448353489,-0.356485139833695,0.620293980196745,-0.198970472712936
1.82134903680129,-1.81414922582825,-0.818526700300552,1.81726686484364,-1.25567485436069,0.0587605411757345,0.570216102727234,2.27538918276448,-0.227157793603542,0.690460263481498
-0.527822218081798,-0.1144904546877,-0.837301003631558,-0.323207750284898,1.23491261536046,-1.38411273710105,-0.339972543253781,-0.0331439696111323,-0.930387377499403,-1.09973221393624
-0.154038894019274,-0.676809419062176,2.37750067116077,-0.259668335496742,-1.5671097890785,-0.0407413755014393,-0.115567683409905,-0.237170498350908,0.0488875595286276,1.71687063485657
1.05265631969287,-0.460305798945942,0.476711256539225,1.13716439891534,0.22632559041988,-0.011942925679664,0.7496273678401,0.88429544790595,0.399950395092965,-0.46896629685987
0.454619692122542,0.311287793221797,-1.6672260909043,0.0110828992706679,-0.104588120697874,0.102148609916358,1.975762547522,-0.389201510515415,-0.403068060265138,0.0619150733596465
-0.389976204102032,-0.696161165277216,1.38447706501792,-1.23942759223022,-1.2885353917313,-1.12943436092225,-2.01938224707259,-1.46229664713656,0.0118602259895652,1.32520967473729
-0.400713529021645,-0.196118765215671,-0.0246976921050157,0.310954967235624,-0.67636327282483,-0.15227705940851,0.39586628146956,-0.282346553769109,0.0285126313471624,-0.891852428858673
0.2328726630684,0.863743909574971,0.0681549803386022,-0.0857299839349229,1.21831014038556,-0.957950897722777,1.28034407264582,1.38446163181783,-0.00194086628760602,0.66989585362865
-1.14008639416536,2.12930086641152,-1.01488245073136,-1.05992204878954,1.36866098404562,-0.19835701408144,-0.737254194521712,-0.198308677691065,0.277362998362201,-1.04720957172064
-0.134229817354864,0.127025935701601,-1.26570831764821,-0.302843056743919,-1.04675039344301,-1.06255640206591,0.0403435387213169,-1.00979093294764,-0.774758166923419,-0.561534565830637
-0.392684471716319,-0.00286639695672465,-0.479313861093598,2.5480148206786,-0.306007229336647,-1.12563817922047,-1.09915830942859,-0.53239002713446,1.67623056438374,0.525437598629425
0.493964596992927,0.991607917943882,-0.508219230842672,-0.555895196604273,-1.3754349304876,-0.0544724040465803,-0.0204893864027984,1.10333898460878,1.9766623033699,-1.29137628645415
-0.105026491018469,1.2248867073376,0.913065865323857,0.271149621830887,-1.54383552769728,0.257196853074664,-0.765289552391216,1.45886318820274,-0.190430103576598,-0.623072245845144
0.96796402717853,-1.05219081263619,0.511378229692505,0.298327080997048,0.542809672467187,-2.22245587480913,0.699341695805841,-0.761251455342636,0.759927407799108,0.536710705501831
0.262232940845857,-0.217999544244593,1.24141545080748,1.27420828856945,-0.970848533847993,-2.32735584557415,-0.0760304775651137,1.75822141042451,0.911399140593983,-0.790207736791056
-1.41476202311037,-0.167956692406121,1.51684323021536,1.44203479880823,0.121735699151288,-0.202927252369599,-0.511908513965124,-0.000157585045675147,-1.0054584006037,-0.342160677061634
-0.0617295131639153,-0.239995534666679,-1.32473377129622,0.838896177724853,1.56261671220907,0.991657605749716,-0.305871736645634,2.25141683229137,1.99496440125171,0.46222310542888
-0.651585072827079,-0.553024867711668,-1.04221307694032,-0.778773866063817,0.160540035276967,0.388187383331255,0.164504804227748,0.801276648304493,0.635254224176505,0.0453873124029312
0.106194611055465,-1.40480230416971,-0.512892462827297,0.099211350732474,1.5130172508439,0.0474520011240262,0.654205634803814,-0.147842417620145,-0.407961622994564,-0.134760160376512
1.5231321717589,-0.173931103589652,-1.27933811372035,0.601682121371138,-0.0802187180045502,0.354069300346532,0.381940495479876,1.35254469823183,-1.10542517750514,-1.59163709553958
1.34768752053573,-1.35542263472207,-0.183868617467965,-0.121752922832283,-0.560386617978703,-0.106355476755107,-1.1758129032006,-0.831008711195084,0.365850436500363,1.13466701421679
-1.51634333953884,0.705186479704556,0.958412973668931,0.0731621474406782,0.836497272628039,0.736647974474875,-0.507915170529448,0.956718162412038,-1.61776249050357,-0.325313766197585
-0.988250082050109,-1.663816507751,1.89179038221364,-0.362935568196044,1.33561145365502,-0.308595738623843,0.790962607470941,-0.655926291727935,0.412314117307941,0.173210002223756
0.389366057618342,-0.4468173340619,0.844442767512945,-0.823626572362121,-1.12994403927176,1.17022046769502,0.361597046054357,0.626809668384162,-1.70353786538896,-0.00426371466680122
-0.147085470386953,-2.59773186142024,-1.13809725857993,2.12181463555219,-0.113158829203787,0.436052139792598,2.10862143270331,0.559468414988611,-0.317320465590959,0.0613808586123061
-1.18061083382534,0.311646203359437,0.0974836027851977,-0.333702207290896,-0.135438468983706,-0.967008861186504,1.43201504249467,0.621070918105924,-0.953923556151463,-1.29725394317659
0.491024309386932,-0.500946933095141,-0.852390007288467,-0.140047368416677,-0.712183105839826,1.73854664738873,-0.405045609663567,1.65372700734058,-1.41794282947191,1.1012861229318
1.13069928091408,1.37737857562353,0.160780332039228,1.21069869039628,2.06121284227969,-1.56396999822123,0.265868599343958,-0.0506622746913001,-1.44660253718119,-0.381186752412217
0.0579170745801124,-0.237042412597774,0.785869861645439,1.76172558055238,0.183292376518526,-2.05221937327945,-1.18745748649595,-0.756892575353735,0.704163147910473,-1.31418463772887
1.75706232289527,-1.34953668528784,0.276945107858255,1.11258275178814,2.60026856247165,0.417511225209035,0.415181880546404,-0.862177349234896,1.3211669828754,0.494508049152177
1.95413943364184,-0.304207787298441,0.26731659821112,-1.39767998234915,1.08024194849385,0.738643548770015,0.286512695693011,-0.837331091355833,0.0808537597577681,-0.389848574206994
-0.63930231390212,2.1848463906949,0.84168735912662,-1.93447671822159,0.380021277868036,1.84617550704642,0.190989987865153,-1.11889462094392,-0.283435576156601,-1.76403896435874
0.665599201374663,-0.018883578938299,1.13623380451667,-1.4124606701147,0.0196239813867908,1.01166587676054,-0.34455500143727,0.611510961778291,2.40171075994995,-1.35276996979976
0.420608303249548,-1.51652227790451,-1.36112297800688,-1.7127826774999,0.604213480766951,-1.7691499906042,-1.03177611894382,-0.597904997695073,1.6070799685803,0.56868975736603
-0.621853128511273,2.2793455860611,-2.22542260360951,-1.80012417305755,-2.02736303336031,-1.11630051207593,1.54906541143422,-0.813940290703956,-0.629861340083187,-1.34492246274545
1.99131421691705,-0.94799826396607,1.34195040132809,0.280219745692052,0.130557156610179,1.00071453244883,0.527675121068755,0.839966138215838,-0.705732932107433,0.948515178329962
-0.387336999204954,-1.07448168289841,0.482827112305653,-0.85597829658153,-0.110390260329802,0.47639237090901,1.34846742830438,0.597664512277314,-0.266677755779083,0.245748295039276
-1.47614119131363,-0.593166240125692,1.84006782500346,-0.187354170848728,-0.348721748181502,0.464806694721443,0.844669057856062,-0.72557724041862,-1.0389425446074,-1.21655822782308
0.371526092738888,-0.251649779333875,-0.149730272031728,0.355597976454135,0.459916516329185,-0.64482754430264,0.407677123424805,-3.10397345688971,-0.371734175762512,-0.984138287779367
-0.775955149009372,0.419083225603134,-0.854192327491637,0.425318620230629,0.544056460464412,1.48084889379366,-0.450823278559737,0.111640083589062,-0.579503221568537,0.56947757992405
-1.70074337024353,-0.241508562397211,0.479928532391579,-0.809203089762919,-0.233338543212522,0.0101944730690533,-0.401412966894569,-0.42430965556134,-1.00626568266504,-1.2014209796756
-1.89640599728837,0.26577074408807,-0.635036720848115,0.027149920301617,-0.390918921861385,0.982605526627279,-1.48565215408921,-0.432443870337847,0.378395967055692,1.80701030960039
0.522042194838898,0.23241405632907,0.189259246622342,-0.559622263013248,-1.36478191763691,1.6272792999697,1.1697844536906,-0.498818494272482,0.967049308826441,0.391306035292483
0.666952584984198,1.05195274173808,0.772829603213285,0.466112914194113,1.1020920850136,0.296995247023519,0.201524269785511,0.955165659367184,-0.334348953947052,-0.816846127972504
0.715246547304448,-1.8746249085554,0.0793767103925904,0.540489376847082,-0.0463416746540666,1.77738675017216,-1.22796592157094,-2.65955323935301,0.0785999813351002,1.9181562679727
0.770565283179698,0.31627765744817,-0.0860673054539322,0.360062763862361,-0.496930567576642,0.715409634687821,0.768322123321635,2.03694871900497,0.346459761995016,-1.73340236507551
-0.535783197748893,-0.720839791908267,0.451868974688005,-0.0530100321065724,0.680205319250374,-1.31597379104943,-0.412233374029388,-0.0302730411191043,0.967541281295577,0.392362917641764
0.545186793177202,0.730114225862336,-0.619370118466424,0.177817391471079,-0.311206142280407,0.00723145537837084,-0.83283282121597,-1.73718130772434,0.824169780562667,1.99284305015254
0.0818570409836844,-1.02611082058223,0.310568727116258,-1.29852365840725,0.770235718036114,2.09515444564325,0.447574554609656,0.0646712385688753,0.436042840843297,1.78605850580042
-0.117236473317869,-0.594175456470354,-0.0781184943029246,-1.17660107899577,-0.158233595221975,-1.86464426280572,-0.583339947153108,-1.2481971129283,0.925291587483716,1.11786715026447
0.136728404048906,-1.85589851574911,1.75241982999638,-0.213398537658852,1.42309448202449,-0.501650113815548,-0.669885395400948,-0.200587573744842,1.02403540233335,-0.0506098892939763
-1.65515162011046,-0.655638775764153,0.232992027882028,-0.00368559268976693,0.627102845269722,0.413143008269334,0.136497446512786,1.67762536651932,1.12414549481699,-0.00587892538327113
0.155328087552099,-0.616599863611666,0.129382048277238,0.316349736391684,0.202753910819748,-0.344239860014005,-1.39375863884305,-0.559567236450131,1.51031165328635,2.09125238349557
-0.140955399400858,-0.6816661302172,0.375615266364078,-0.214555641668127,1.70663205578691,1.17347096304735,0.810299295740905,-0.286543538969351,-0.152928184759494,-0.189537782203043
-1.60593188296472,0.192297419343238,1.81624289887341,-0.682931886665829,-0.201265213809546,-0.702868659106286,-0.422264315259463,0.0144677319204674,0.658037929888322,1.84490062562271
-1.811126792907,-0.476492072040094,0.42763421701897,1.3454974005641,-0.228101124555943,0.650276492967963,-1.43559888212232,0.810279204154239,1.15668470882108,1.03422808544938
1.87202321060897,1.38128768818886,-0.156168878293683,-0.524139239691096,-0.322263768584077,0.427782900048972,-1.99395244680067,1.24268482506738,-0.581458702004738,0.508551454967429
-0.272095577507922,2.51000004945031,-0.261056770236218,-1.66743023084173,-0.154223684389302,-1.55575602373714,-1.32587593513855,0.692025547490914,0.737891126590918,0.0271314725565113
0.134350457272066,-0.899060870986341,1.94486083952917,-1.41640053483409,0.866539875071023,0.255396166036589,0.230806645359577,1.64570040341228,-0.556557221799968,-0.811077946729454
1.13316778095156,-0.491684153868626,-0.979038507584597,1.10951217504783,-1.12758654330786,1.3201148838097,1.72902816818687,0.281567792464032,-1.38005906939246,0.21903387716026
-0.693231600816484,0.619864808779306,-0.00180537639666901,0.813825194785547,-0.856965793354694,-0.916160112775402,-0.894528985395559,0.0545270737302335,0.789302474711817,-0.942312724721659
2.09823440844293,-1.24137776342297,1.15328484238443,0.217529752979496,-1.51543976879054,1.73085245308383,0.797138012935827,-0.167547957474567,-1.1641560944977,0.996536638864807
-0.137503454870438,0.11294079965616,-0.544028532680023,-0.614094164023165,-0.0561665046331419,-0.410994011149756,1.29953326247075,-0.1206665239962,-0.770530482435654,0.54148119102425
0.232476364628422,-0.832731247796158,-1.84124088490642,-1.64739457533458,0.842141228467596,1.50942049227298,0.520991051793215,1.2815902297226,-0.299790578990987,0.477945420539813
-0.933096305306612,0.427031013268439,-0.412191101794138,0.937086487050017,-0.990067530541612,0.331655610284269,0.226614611520215,-1.12597957232054,-0.36526003211527,-1.56060258130993
0.40429905759328,-1.53882834487632,1.61688403332685,-0.711676997628732,1.79372695658899,1.9519865527381,-2.26677146404949,-0.204410034923734,0.768556994377944,-0.0757274268749158
-0.906295592591321,1.22629624306183,0.193613594271499,1.51992882522199,-0.612008826176137,0.566121262720584,0.117691297531761,0.424382539747495,0.57216254398752,-0.31291500368793
-1.36761659567336,-0.550760950265911,1.03083715098284,0.246500626462906,0.643646377397284,-1.82114893674636,0.450828553420487,0.358328119087425,0.337986557166163,-1.6945073560626
0.191771129860165,0.129079628977083,-2.25163699334799,-0.333101627178008,0.0298847263634904,0.793947588956792,-0.70510077768285,0.236233510959597,-0.832781213338618,0.0324383757418683
0.434400690778202,-1.48417599633656,1.17971122538288,-0.071518345042472,1.25617139933216,-0.127592577027409,0.150021306870073,0.547668066397937,-1.21158995252126,0.342868387506609
0.377549955149045,-0.730959500048122,0.62869073560247,-0.663620537926537,0.511017574587945,-1.05416686478032,1.60820429193641,-0.337621700811865,-0.216072190674044,-0.531211160875943
-1.36065389449527,0.857469864828911,-0.604170046485641,0.156152225491328,0.721873644832367,0.18023897253421,0.329273811812938,-0.518789688058497,-0.793057529881167,-0.238033947237465
1.19741410983058,0.183444152161522,0.886353785471369,0.899884337976025,-0.422138693885629,1.03894794019225,1.25939993860492,0.163567494917639,-0.801720245717222,1.68636781207885
-1.92679431307661,-0.562665261661318,-1.68043979420389,-0.171711685041449,0.527138820149619,-0.0815931588224603,-0.0880442427125292,0.171600354456502,0.882308452379687,-0.925874980655896
0.489769674028668,-0.553663729467757,-0.27814165271526,1.30060808098179,1.54680585709506,0.7960513698679,-0.53866050185229,0.763614195503679,0.0428871484313546,-2.16726266578531
-0.253920016811382,1.15084837432632,0.30176149364746,-0.370176217981032,-1.67075153966063,-0.559894666098735,1.09314549891346,-0.747780347503495,-0.532064551089146,-0.727833202204594
1.0618376338707,-0.245089925538314,-1.11493269284941,1.74122474971451,-0.796667435454538,0.228763830628078,-0.798229206940401,-0.315940494689196,1.37668954800776,1.63974476874998
0.92123334728557,0.788026160472067,0.0206101862673543,-0.0768842463486685,-1.72794537449947,-1.02406366703359,-0.0773417669935472,-0.445590562891473,-1.22263229936869,-0.440054259402942
1.09468120409136,1.32704754083635,-0.859331795548881,-1.0345464822676,1.04079096093621,-0.105648683566845,-1.06800229880436,1.02344506325733,0.0568933841995815,-0.499323622055711
-0.569503699856767,2.03199404013486,0.922099329078096,-0.112953230876971,0.106587570886852,-0.833031065129927,-0.787931413029684,0.65753856075887,-0.974883693243241,-0.0132301961458362
1.00557160546852,-2.27203601894886,0.735295284148387,1.04584197836117,2.86694224224894,0.196505658646716,-0.047100669451373,2.17669492338422,-1.90266401421681,2.81965365613304
-0.618820726248312,0.0090774344200186,0.3408251039399,0.396868391299814,0.705761305621746,1.11248702713109,-1.79936647710165,-1.93307022627009,0.730228983942942,-2.61341526565554
0.603525044668342,-0.175860628240657,0.243648290418781,0.00545209276521915,0.616864195153953,0.138152871626867,-1.13255673687859,-0.833984089231894,2.4482888212805,2.40967788750742
-0.269087348901077,0.386584965313497,-0.570497418843663,0.732788055753323,-0.837108480725483,1.29180683249361,-1.12864037353237,0.215034185061595,-2.01039760311076,-0.0582336482107617
0.151420896929742,0.548670243183475,0.0144897866840454,0.394053765176396,-1.63874974426441,-1.02200603770494,-1.20558972451739,-0.303115578094268,0.356982889773166,0.989185324011158
-0.76945389872441,-0.642605341805819,0.592940422584757,-0.0362114029899026,-1.03654423631505,2.18592042430543,-0.431116876065318,-1.24415930833516,-0.446281982349146,1.40461829178657
0.220585189397101,-0.257104575532737,-0.0688263195920032,-0.590402809416662,1.79118530368697,-0.238583993591519,-0.395233049450369,0.482573361985494,-1.12354536956477,0.433814938900325
0.271339595184431,0.677880145369825,0.775709091801658,1.94101069534554,-0.990033107207963,0.743104527267511,0.0651850766748955,0.983186892307911,-1.09074129278085,1.75743610735423
0.0662584511176538,1.47560797137453,-0.00248342166549067,-0.208421273849963,-1.54848759268002,-0.647821800004283,-1.49524704798295,-0.602942487491501,1.81550348701357,-1.5061326852854
-1.82234801519742,-0.397619551654546,-0.592699663657442,-0.238142977548671,-0.566661691673379,-0.128679882288868,-0.856279389516038,-0.107606931634627,0.696292977443761,-0.683639759205162
-0.147384965609955,-0.272133420278335,-1.41172164011989,-2.91904322809383,-2.11268973870717,-0.130545911150662,1.33477005629567,0.995872837036391,0.451304321454805,1.11652986320679
0.09743753279175,-0.156408345876554,-0.961166963209829,0.923204568223057,-0.0647312981726872,-1.6404581003099,-0.494605770442238,0.855115121889279,-0.864073933503438,-1.37457861147092
-0.368345108913765,-0.422877743373148,1.62826752588392,-0.649112303636152,-1.54246663537039,1.11834982798412,-1.81483619374111,0.161589316816156,-1.645603630079,-0.0664815129622536
0.119762966940115,-1.81692060835667,1.37118358430247,-0.527867456506227,0.306275604483244,1.56477615253984,-0.344107201644258,-0.193131099689411,1.18327835551442,-1.23437865466844
0.242791189160493,-0.428039736178656,2.85754163157306,-0.788418187700562,-0.874258921737581,-0.215407271391881,0.37887826673958,-0.55249431575456,0.631601991659623,2.87960275308543
0.757398441145003,1.86643686383709,0.850066049001901,-0.644297619766746,2.1752376185584,-1.14120815446681,-0.978082003457896,0.0300404549004278,-1.66547210598678,-0.873665213344819
-0.514668880265907,-0.656613705467622,0.467938539054038,0.139320849618034,0.973779622638077,0.815947656132362,0.51962295612564,-0.220901642940971,-1.82684852509312,0.407045200657628
-0.561255191840362,-1.32741705272076,0.990820843968369,-2.16768779610143,-0.909085238321745,0.190112419962751,-0.296990654516705,0.488246467655887,0.111914105449677,-0.476804185972826
1.0919552385427,0.528990541924356,-1.69296972518793,-0.724707199758619,0.793359190243531,-0.363708480216142,-0.0152723486095396,-0.252797162367795,0.44054971173507,0.0541815362314946
0.517284618404253,-1.10002214369466,-1.31212279685553,1.93616844419508,1.90528242989483,-2.74734295938687,0.900102603013516,1.98218771283867,0.119548643440891,1.96003546914877
0.658903440632529,0.7311187710698,-0.85442269030282,-0.93517336381305,-1.89027408511346,1.72800442173954,0.774333239167743,1.53514468977661,0.440960140858517,0.235166132787536
0.84091912973339,0.674007527738524,1.13340281320757,-1.23352707858102,-1.38372590296245,0.277166101019984,-0.215108912130126,-0.00142608181834109,-0.303045695532971,-1.00587498654858
0.510209712617502,-0.621759892426213,0.521491774007353,0.821722719902241,-1.83575278819788,-0.451509088058834,-0.682311645869632,-0.65211940468684,-0.339709007336406,-0.469868058004372
-0.0944940368458805,-0.410856910286681,-0.469437116506748,-0.826339269925424,-1.62843949944536,2.06462490391854,0.340341751457696,0.0794275780904961,0.432169825488341,-0.0950487873484267
-1.49581503446726,0.575765534731465,-0.530247872740543,-0.53631572296695,-0.94274922368349,-0.690946539336418,0.443222954278482,-0.030106392892937,0.51177494163397,-0.093527711080127
-3.00666522548121,1.29019009942049,0.142000338142311,-1.6793896828822,1.34291727030513,0.466506033320388,0.861925296461784,-0.621060760128452,1.62673067297651,-1.38561813367063
0.265980539032749,-0.573082964048223,1.19218913394431,-0.56373509462577,-1.00244642099712,-1.33394015545074,-0.36491354956793,-0.24383270161054,0.728214052603996,0.787900534370851
1.07309226043734,0.856521443478643,-0.0239323319297858,0.550616865658031,-0.264833039526007,-0.945156671158787,-0.400881213079962,2.82174305295776,-0.385020274329181,0.974346738935626
-1.28794423261236,0.705964348028612,-0.085740536756208,-1.10832182216318,-0.635543133692827,0.73487004832546,-0.577829978755343,-0.177907124235167,1.02257706786536,1.34055037162533
1.25295085881444,-0.373395144074213,-1.77283858060773,-0.0932839161407027,-0.169324978278407,-0.455936335382762,-0.9749313748934,0.0715599268049805,0.117668622749198,1.35373074846307
0.879012399939688,-1.65923664401459,-0.640655833833113,0.721934295438503,0.691550754342823,-0.746482514921899,0.260909848275442,1.87619775870207,-0.121449374014156,-1.13139539069339
0.145298044997353,-0.123303052305413,-1.31008043066359,1.72720714469754,0.951547379932318,-2.00150980792553,0.632651880615215,0.081646299276903,-0.358795839041147,-1.89686229183356
0.588986327709036,-1.77539456980265,-0.038921772366836,0.141560685371466,0.707863335453767,-0.161491954502669,0.0254622903764141,1.75921629519312,0.211726156452598,0.643516289436274
-0.454824520380796,-0.264307204986753,0.54187470838079,-0.484981685818122,1.46240938869435,-1.69787360522373,0.748431850792909,0.821479925256128,-0.0440522252083037,0.705831897768831
0.375325834982456,0.4786259895882,0.143493204687561,0.465539268377932,-1.35903887577941,0.603254316260139,0.294374472649369,1.13131489414514,1.87505834809891,-2.04594907328594
-0.306914273153094,-1.28408074238518,-0.0541031400890767,-1.03101909637213,-0.031181014572693,-0.623773645434913,0.148190500157173,-0.178853941497163,-0.28102512935011,-1.67353879034132
0.253134900793796,-2.32072236825786,0.0760717372673283,0.219458959313147,1.67087874434213,1.03633534208746,1.40256468331243,-0.129902171651596,-0.735592798526497,1.29536100044657
-1.2514425254058,-1.53661280057611,0.715128292556039,1.15884596845885,-0.0439274758556833,0.574815265021327,-0.0127898837416228,1.83459733305156,1.0136833198442,0.554520279064966
0.727737971697403,0.251350867754701,-1.41658276439903,1.30880582999234,-0.0348440772281045,0.517694571686529,-0.22261787438244,-0.613034562860399,1.32404953445951,0.170053881932287
-1.01678595591655,-0.0407251751149716,0.268766149767003,1.4067542390844,-0.812710020696645,1.03365701335427,0.50819805822524,-0.0222789986809269,-0.444884027269725,0.0456102755966244
-0.273341338947391,-0.0174338502378953,-1.35595221046889,0.629857337025819,-0.943513310952297,-0.0388707840770255,0.171648506402716,1.0426125342686,0.580600957301497,-0.660788960159241
-0.41749827517574,-0.0543555629150297,1.37464735526059,0.274149897689576,-0.591643344313093,-0.0499479634916624,0.129481978002508,1.13533262425574,-2.11484274827329,0.525082959977262
0.910934284068187,-1.11196776587547,-1.34520780742383,1.32721068522815,1.0115021374845,0.958552839400723,-0.124729274237127,0.172284192629325,-1.16555795775411,-1.52122873512834
1.29131245975589,-0.48248620468914,-0.267929518347588,0.534526609951903,-0.473633903329377,-1.05983435502336,0.682624053532489,1.27767221603154,-0.406698611099914,-1.29260555437524
1.09081284472075,0.843685939129029,-1.60608036654273,-0.323973867602785,0.292321558669435,0.612791624641903,-0.868791480562855,-0.29074995066215,-0.200152608848746,0.446205165195437
-0.72751228361908,2.86221755333412,-0.049966924899695,-0.978146009790502,-0.00611715923069276,0.488541662457819,-1.45317614215618,0.425947372923186,1.26192689661013,-1.4138273110097
0.134094201261097,-1.44116630026254,0.809455358229126,-0.13901248582701,-0.188499279807554,-0.584018857470746,-1.90143931821993,0.220694320440627,-1.38220398987296,-0.919026680202749
-1.27013017342282,0.0914654984513252,0.0797744479947952,0.350358070153674,2.17364516443598,0.20215863350441,0.206975777681047,-0.812753476714295,-0.315098696076658,1.16131697512352
0.520065939407611,0.68960378640539,-0.129827050744655,0.575190091063308,0.423970819721034,-0.270257747600753,0.487661285651818,0.815668451355254,-0.178226026366601,0.654669783245645
-0.0703773221418206,0.200955190762624,0.61448115185335,1.06361288634364,0.869815874397566,-0.61803627145275,0.168206854767285,1.07329462976021,-0.255488103074553,-0.846264006360251
-0.883704921420449,-0.622215990752026,0.0662030985347555,1.19403965497505,-1.5416575922312,0.516864756231483,0.387931121547011,-0.399733600818815,-0.375107824933487,-0.0588435084260498
-0.897049989117429,1.33768519562172,-0.596603692832191,-1.68218280353072,0.438970348498545,-1.32225838300859,0.567410544697901,-3.29637217817848,-0.19040389115862,-0.0992468912039682
-0.285328648982075,-1.6051266685565,0.0832851604122933,0.544012989760048,-1.37562156161478,1.03776094572888,0.71600845031362,0.702154877909364,1.29259146008927,2.81082970049865
1.0954958891827,-0.173186272797565,0.0582683271202105,0.346061601343593,-0.595203322064819,0.332828109792062,-0.634272173689233,0.297449424851707,0.57435185230898,0.402195631850323
0.858924274239379,-0.822737661609258,-0.242251293116501,-0.673978114990202,-1.08849792371676,-0.465425816201802,-0.711087899977116,-0.31771905418062,-2.69484461626845,0.639070381865695
0.159483845629518,0.21070138764587,-0.822663039005583,0.0993800078697727,-0.164559969110079,1.31870026999353,0.726762722392043,-0.0547608217206276,-0.68125409728435,1.02125083982289
-0.747156764910452,-0.260966509199818,-0.408069011779965,-1.2274290057393,1.39734365230888,1.36874919324808,-0.901415265465554,0.1788244495042,-0.467943157517425,0.968222441608734
-1.78304009576973,1.71368083981989,0.520892923172886,0.328884921817284,-0.142953835907847,0.175512428370476,0.0566221289039746,-1.57940302414041,1.26334895294788,-0.716614422864952
-1.39495856610165,1.03694810931847,0.0663586911059055,1.3713767260611,0.810570759020035,0.0886914268232127,-0.855757834642998,-0.643065307612265,0.859670641566885,-1.08174952843368
1.18178474097767,-0.1012059443497,0.715344217937287,0.55885796289377,1.25607270207514,1.74515320974776,1.01443792698947,0.213876775233091,0.556366915449169,-0.977729648536391
0.650689311502857,-1.26609204630806,-0.999127860890697,0.466880501726054,0.593472545556542,-0.545189627817701,0.702338310953941,1.13586570819612,-1.56306188494041,2.23997715198847
1.71356640644338,0.449658741719433,1.09809680999322,-1.15686973122242,-1.3983507979468,1.11951216977153,-1.83498126203642,0.731729734771985,-0.823765658858549,-0.865895279242914
0.805834975680432,-0.332284248141952,0.637468296608734,-0.882352032532417,2.21159626894066,-0.364993236911291,0.148296345714198,0.0243171043203627,-0.474259855514094,-0.984215818584605
1.08045367598755,-1.15120617430003,-1.87302284188661,1.15176512840528,1.83125605737926,0.532133255949232,-0.473967355054261,0.130266371356161,-0.919751679177866,0.619870085169419
0.468473198670792,0.922421061457763,-1.66258498573639,-0.526162377292502,0.618267658299486,1.03150991641199,-0.335665764101389,-0.263861913712977,-0.0447597090544716,-0.90812060014755
0.895726070235438,-1.37116156560058,-2.57518314085955,-0.289521317750666,-0.839449641707612,-1.63415133780135,1.25229967195933,2.46985684477692,1.19669752089359,0.299100178268304
-0.949880896414801,-1.04747887013576,-1.52333440742748,-0.199464800784321,-0.9747686761107,-1.47360501658404,-1.90645089539594,-0.477446872491623,-0.771941722668099,0.286172700451602
-0.224930689828334,0.829920174797973,-1.33959367848541,-0.59424655749009,-0.391558725829894,-0.844604415112654,-0.689686346319778,-0.843161904133153,-1.17360713237279,0.829736787712529
-1.97654907412135,-0.137286624140639,1.66687443485357,-0.353240306782837,-0.87374245103844,0.283207074946771,-0.646652747921796,0.796291397313648,-0.586786075180733,2.86934645913636
0.331642105665908,0.35099746338533,0.582841424528647,-1.49875620834158,-0.335245837527496,0.372445140815377,-0.379116981306356,-0.0271821885945565,0.147972250443398,0.787276191757779
-1.25414266924397,-2.13272701658037,1.20070660723471,-1.08498172787658,0.602937178357827,1.06949786473157,0.0614560484003797,0.70813346924333,0.792100936830088,0.414649641763734
-0.133966833960116,1.12554056770126,-0.96724238530691,-0.735141746192832,0.734762419216839,-0.889229388653121,1.26505781350494,-0.246145612183626,0.992035015828592,-1.01430357081062
0.187117247430902,1.30676483253611,0.59936334553331,-0.642803822455048,-0.726271935580291,8.5320360412449e-05,0.364342794138646,-0.344218333492522,1.47272997235865,0.890082807147415
0.0250620920184242,-0.4356468850267,-0.114650367466345,0.232982718578329,-1.38551942816348,1.91662195924541,-0.631621304486313,-0.327953959424747,-0.0808599321502334,0.990511347111284
-0.0501946697898538,-2.13422043246734,0.0158785678289472,2.3341624518809,0.437185763154522,0.620893029279415,-0.301451754496076,-0.248793804433938,0.00731293576478124,2.06131643123117
-1.33022821324561,0.380374024316742,0.0588027956280787,-0.907198031755507,-0.00608094352098102,0.536547398923168,1.83939269642799,-0.657361712991498,-0.354547194983902,-0.427537516272781
0.10891961487322,0.854595668317119,1.22010550924226,-1.28131294099494,-0.894468727939583,0.986618972148422,0.0334577405587086,-2.39716845844637,-0.200902878240016,0.876478977662112
1.17262953921852,0.530742004693389,1.46072083442198,-0.712425001903829,-2.1161251911296,-1.25188307094397,1.2938979420946,-0.481318325345428,-1.98907417604618,0.201728776504594
-0.184795862351043,1.04709181509382,-0.855346233437675,-0.389798859879112,1.08802533164058,-0.349325993872465,-0.586080156843009,-1.85214119659457,0.0613774345496783,2.01833512551401
-1.17201231655439,-1.0419432347282,1.28917855545361,0.460746705630519,-0.915853154143046,1.39550036822789,0.923069256291158,-0.61413316392649,1.18112967111445,-0.0885472650652932
1.2550247054914,0.634856212114345,0.458228280961806,-0.693772151677334,1.04487835044008,0.177011735897655,0.131397955306982,-0.589598714793763,1.63465324981422,0.531959563160886
-1.78024544788453,-0.997252951136073,0.725397267549132,0.274093565945231,0.239617339118008,-0.293841963946228,-1.19598496195866,0.013943177627346,0.380703310607947,0.0299203625349591
0.115166256109056,1.37136128013345,-0.37702538567945,-0.97607923456882,-0.600835896837241,0.635325315297,-2.26224664983308,-2.59798154795191,0.151654591387725,-0.784575324766549
0.601803547759686,1.00755037915288,0.634525728453732,-0.158969213675444,-0.120862367842798,-0.307362587510913,-0.0878716835769342,-1.21665542356039,-1.97032922734952,-0.823081949981953
-0.60185483830608,1.23746169646356,-0.323745926296048,0.100896250249851,-0.914875643541189,0.119779373847547,-0.670324095592927,-1.71117681624737,-1.72330338811254,-1.7444195267853
0.100887054293111,-1.40770207631295,1.33053274867813,-0.698963530105187,-0.895112009791465,0.61414139587182,-1.15754307000709,-0.94272614665918,-0.313467881755346,-0.973857274518831
-0.412986540887663,-0.433296299017108,-0.3246650221935,-0.0137525872988794,-1.61567231957204,-0.977059609301639,-0.72837299829555,1.07541435073522,0.497579564398038,-1.24622696222427
1.67906096880309,-0.635610754416828,-0.0479736375557731,-0.120913911509686,-1.34718225180728,-1.62374106718882,0.508351389971698,-0.980751340366631,0.769280380259174,-0.45263309845239
0.848211841800067,-0.441261201262145,1.0350043815691,-0.194704595872828,0.189806750336736,-1.58798102087805,-0.241060125951277,-0.0937013183238916,0.646795913154055,-0.259223467220233
0.533561502877698,-1.72913140372809,-2.71591768993721,-0.501090469698949,-0.769181191357143,-1.05517674592215,0.302572504384741,1.35680235775897,-0.996822649129614,-1.77143356972562
0.393123955484204,1.37647208928447,0.597893994449824,-0.424705304874535,-0.499891315634774,0.676408465215444,-0.42877440906798,-0.198764781976866,0.736427961839041,-0.894238376821499
0.425328027311998,1.3234978631763,0.440291911981657,0.0812924620535019,0.829052458248555,0.0157874019318053,-0.115684879814967,-2.10239605900793,-1.64902365903815,0.00263679413759381
-0.610559455996342,1.2603872675526,0.43097565417019,-1.05964398324726,-0.98483600402447,-0.164096061364355,1.24039971902697,-0.103233696594659,-1.65412066867599,0.0162018148610168
-0.615399779714953,0.319737063793855,1.17880896244872,0.481168563120665,0.601981906886534,0.2130155294599,0.450083958144279,-0.0166784211298713,-1.32100066721637,-0.892030248815072
1.28371770509273,-0.590180377392551,0.25295961457499,-1.20520808917526,2.29259660656028,0.604099328901964,-0.114118862429002,-0.0449371343889354,1.36970310417861,-2.23800573952375
-0.184711210407265,-1.38865532573539,1.48313392189557,0.73825233306962,0.586745256794619,1.00569657710711,1.89882873110841,2.74309391513619,-0.855466456823268,0.419057596933825
0.0803899530237153,-1.68629637283395,-1.13410760891708,0.834205540203437,0.133701473115598,-1.43410597097656,-0.93701099756922,-0.630354012949065,0.58530461375032,1.87150918798783
-0.797019056487433,-0.071130811292618,-0.830899703184813,0.566891504543837,0.52014120344027,0.414817767668918,0.982917722760888,0.751982285057357,-1.12519410302847,-1.1252190666041
-0.0104826188629833,0.385681559917274,0.651315071280648,-0.106627369079773,1.13257328790015,0.107306925568596,1.11674888737846,-0.820004931583846,0.297822545765397,0.485211707459489
-1.13068728099674,0.195669661252658,-0.490876519215301,1.73579049788592,0.244663238484206,0.124271845507911,-1.53316025084865,-1.50803286772249,0.910959273065819,1.75147483597606
-0.19482765911372,-0.306723082074338,-0.445752830559138,1.53709389108225,0.211006247341542,0.480316108262516,0.77472112239051,-1.00088852307436,-0.524055722305218,0.564167073510832
1.58120293618259,-1.16552141868465,0.628915512028634,0.902506387489893,-0.10720780543894,2.24022123967132,-0.166207347870665,2.10917999688173,-0.834980510740191,-0.028565079405366
1.80599168482008,0.0851752253328199,-0.466012940336363,-0.537391142213625,-0.0658528098770054,0.351985711396149,0.392248295395449,-1.20384557687727,-0.697830810667933,0.746895612909246
0.118755086049036,-1.08866851104454,-0.209209514332308,1.33340663312091,-0.0830754989228443,-0.391959308046993,0.615965938857164,0.580375584933052,-1.98259676062755,1.14620523318368
0.430131889522797,-1.7045640920713,1.06087342147461,1.90664611822718,0.962632010208717,0.841780504041058,0.830469115613474,-0.770593256941762,-0.941031973159586,-0.457955401138043
-1.01762046016776,1.31085985653387,0.0761884903410583,1.68860209445777,-0.0470008547606044,0.0204103145746309,0.425276289647605,0.639417780804484,0.184685801398423,-0.49375809841889
-0.111775939138698,-0.28461936587633,-0.0491060851580677,-2.51318503173316,0.669362977057659,0.080042162157873,0.278125013325239,0.418767384702046,-0.50468152625085,-1.4235880531374
-0.0404315597183826,1.01767736755851,-1.14793283543819,0.347549542255855,0.401205594214437,-1.00191948047826,0.219584163629333,-1.22579509012162,-1.4884546915955,-0.237318909685023
1.26301903474106,-0.568052043716484,-1.34194999981803,0.321282912967836,-0.688629996847618,-1.29413412756453,-2.09372192661501,0.269525507571957,-1.19968759239304,0.956081802011526
0.837827543619588,0.987301951031152,-1.45765839684943,-0.800694535254669,1.33068071585976,-1.98037829630282,0.544211609667411,0.687474730303671,1.08472202335505,-0.315254311253372
-1.59578216878215,-0.482946941178008,0.60716761076627,-0.926205886347111,0.44865951495242,0.29224351047729,-1.06470660751842,0.448404061221256,1.11589675892062,-0.366343275468205
1.42246903625178,-1.97266683870672,-1.1946687112525,0.0297133388429235,-1.2644579266191,-0.248801455133614,-0.0294866943956686,1.15432736504821,-0.309050276376257,0.706312810059271
-0.422692772142258,1.13010455591451,1.13666652179791,0.940574356191718,-1.73643686112223,-0.588180959117799,1.15366934789559,-0.212881989211705,-1.14293277326433,0.394258683888964
-1.32860205566684,0.0524986141726363,0.194890528125678,0.512954434935121,0.307747769385931,-0.326418125126049,-0.0803564043979441,0.146049402263904,-0.542071419133338,-0.326753783722443
-2.50208979018627,1.16716645648272,1.62863015111703,-0.239257281030857,1.25572819093918,0.774430019490827,0.210793277237749,1.93441292853102,-1.8509841522322,-1.08936560131902
-0.196086871840384,-1.43764916746638,0.130381000285602,-0.423151121842943,-0.368500760157812,0.196351281616242,0.741670082822806,-0.189836892926473,-0.851162046279843,-0.416546236181625
0.339612969240443,0.435897094244965,-0.496021213831113,-0.976561285455388,-1.06188185402966,0.490254597463759,1.20543590436261,0.401535450278089,-0.775893228139072,-0.120637234862532
0.653274886002733,-0.234053512479248,1.70771845234256,-0.272536964803119,0.576781939866296,-0.634427498650387,-0.00300281992977463,-0.185133435160793,2.09222222306446,2.29573071374715
-0.13037102596975,-0.360322108057656,-0.722502286804508,-0.0885922800189758,1.8291325631738,-0.734097438615313,-1.61505974895027,-0.0458583554042735,0.447004375574789,-1.26456114128398
2.25591047874735,0.0233777548765108,1.06092151961722,-0.678078271438078,-1.29790883763023,0.132504273668993,0.761555300861632,0.688507982230527,0.46842833134448,-1.5516853466952
-0.105029951809159,0.81816137432116,2.08696425000774,-0.428704498030435,-2.09391013730193,-0.94706691969651,-0.198856418163353,1.4564791535891,1.36835579345545,0.40761792855584
1.33443272656331,0.766854716449447,-0.976913354237658,-0.758722886069302,-1.14409533258391,-2.3367871052402,-0.166820369736544,-1.5313963364585,1.8363250827529,0.859803717125412
0.832864411999337,-1.25518637546663,-1.06922896555433,-1.13642022167114,-1.22363998274063,0.127986439148202,-0.512205530363645,0.860592434426703,1.77404195653851,-0.382908843651337
0.146261062491613,-1.63837775744062,0.307723281405422,-0.539887805357998,-0.832043982445591,0.617349683262841,2.47497758045209,1.03698020141288,-1.44992750882076,0.66229233185278
-0.236285808780911,-0.145915032681031,0.939695545367144,-0.679374179183091,-0.74684899304859,0.160545135987157,-0.261378469857327,-0.323091032068378,1.11160548941441,-1.90526417044825
0.925266651286704,1.21049081862301,-0.655461193731055,0.131337278412049,0.613680776374813,0.794086413623936,-1.30034999458379,0.516068870037656,-1.31533473969282,-0.870860567367563
-1.04822264679194,0.056498323212251,0.482471372989863,-1.41579406170096,0.701651159197158,0.292228448334121,-0.0841473364805294,-1.13735483620843,-0.0765114667230726,0.421732905560187
-0.173413665282193,-0.806446918933437,-1.82097692668164,0.286270542808654,0.0693301724500877,0.705038523432976,1.02135178080727,0.974942007231613,0.848259021959897,-0.870633133772656
1.67249332386006,-1.19676007384698,-1.0500732204067,-0.587778956461442,1.49964113563993,-0.250195910648835,0.965653329873567,-0.406270996635969,-1.85387496458446,1.07354950468135
-0.286535184374739,0.892837237280772,-1.46743227510587,-0.454361585549313,-1.0556082891658,-0.9075814374283,0.579731305463738,-1.15883810947434,0.307834627366687,0.120273470923602
-0.53650873829835,-0.570379799007161,-1.02479442437096,-0.229769925393044,-0.565356757128075,-0.222272642420947,0.828157866754645,0.702259778028183,0.55788760631202,1.15781440719895
-0.271768016540346,0.617275774797296,-1.09727021640874,-0.304740951139546,0.780240271762944,0.904523490447515,-0.0612241801328356,-0.913428200464009,-1.33507911337318,0.137078030301963
-2.64246808945673,0.376994053422296,0.65743203354027,0.238011073084008,-0.196630980186541,1.09048080602553,0.446765229531343,1.05519902540995,0.0243553857728888,0.612808435288252
-1.04916621238693,-0.047720319181076,-0.751789181174039,0.329501544860762,0.701584538374575,1.76649308395599,-0.838354579537663,-0.942271835587267,0.557346663613376,1.46692141198607
-0.860599751154836,0.266501242570698,-0.243287314603882,0.213306877314466,-1.69483175102039,-0.0176663968320796,0.45004531660046,-0.176102459629506,0.797462998751821,1.68333237161936
-0.271999503587094,-0.0941343499280947,-0.76950781480269,0.484374459345128,0.387601809145055,0.550783902556666,-1.63699228116312,-0.381323067372659,0.240974483410741,0.981274832854942
-0.00392757617055443,-0.93984170494849,0.320643992185653,1.89781286849422,2.10930469130227,-0.167880906475008,-1.49720388531768,-0.722275903052808,0.337483299291255,-0.869395180055684
0.333806078571188,-0.559705016598867,-0.257684053985643,1.56784457233589,-1.03342760231128,1.53779757685566,-0.655844065530753,0.790045711715937,-0.0754225897711472,1.1562059541205
-0.248222466694953,0.416576913912948,-0.131456410276503,0.756896368087018,-2.08437895839551,-0.671524820369356,-1.37371662173926,-1.29415622427427,-0.133730434809147,-0.107076464138117
0.024002945475408,-0.328999637970944,0.0912782078657896,-0.675777639247047,0.557985510018438,0.953681534067395,0.805669884690099,1.07375237174369,-0.868921237834367,0.296926930699794
-0.520942967898276,0.173390543667638,0.823559417483167,0.251227554266096,-1.20697775660092,1.18624529383226,-1.6138669560872,-1.49667152781841,0.852503321707044,1.00903876962013
-1.12759397477741,0.738748119286873,0.750160778368646,-0.365707341176486,0.896000409978605,-1.01165573529436,-0.981316998909243,-0.76927017745243,1.9221868761447,0.354264237004495
-2.00559805002879,2.47092379303339,-0.109033358522635,-1.25544887702848,-0.049886278239471,0.681920595692755,-0.998385720910773,-0.226861367212886,0.329809254518984,-2.06620849940552
-0.201500197660411,0.697670375654913,-0.914331169594893,1.00805548714578,0.563467641215145,1.25712428677617,-0.587406137030154,0.979059067361784,-0.146616973929387,1.84665833832841
0.671498627898512,-1.42911378684189,0.702638617168769,0.388297092251722,-0.973546656847499,1.38602807774381,1.82872822404186,2.07771590482365,-2.91648467452847,0.86587013543989
0.575068542886534,0.652992275587504,0.0960097184522048,1.26886917635922,-0.461522717479575,-0.57732014239404,1.38758220781663,0.686642264882156,0.109874459366671,-1.41430645806157
0.502350186571949,1.58829935446492,0.914721591270661,-1.84700844421418,-0.661215328200573,0.271300730604184,-1.62776995447054,-1.54184973921339,-1.53909705573934,0.478970946105142
0.745040402892202,0.45247667474782,1.13786957387241,3.6656428228564,-0.538451070771317,-0.145595833581577,0.0672869817436007,-0.822201772518924,-1.19815837219295,0.0185465562103035
0.491968553210148,1.02831928641505,-0.592146295897707,-0.140327049993429,0.0603010005508467,-1.89901581762525,-0.975848194289652,0.922616638943987,-0.140239439154448,-1.38384732155597
0.232550635424855,-1.21053467658124,0.243844109894665,2.70624367191989,-0.637147266294998,-0.52308649956036,-0.0772355994927596,0.171402889412562,0.559288277368923,0.782557606996348
-1.17790089847659,1.25682628967036,0.337378521253601,0.884450074087313,-0.227876517023258,0.177022507532645,-1.02124340369429,-0.696925047392038,0.175055594509332,0.315153691079191
0.53408930281386,0.773993855799855,-0.732973808604454,-0.40553359040634,1.47046888023595,1.14692858057707,-0.925348994529985,0.716113319742247,0.912128290016521,-0.938248644060994
0.490175428607872,-0.278645784335693,0.238781303263691,0.0205364940812725,0.231049414798816,-0.95724210484994,-0.150738714549661,0.260375144508499,0.434170237089232,1.06550776385019
3.05231602938037,-2.82252025195823,0.362326071684694,0.675796815552123,1.3845588654299,0.0912588811936687,0.263024256669921,-0.446731369823389,-0.628967361631754,2.20984667314276
1.34412953135291,0.738499465225879,-0.636659206219619,-1.23362575908895,-0.0399834935568798,0.867849463131603,0.389649430234592,0.811307965840405,0.726944137469386,-0.442012205121672
0.930472615966627,-0.195197296669261,0.377678783371165,-0.573100630751646,1.30746764063723,-0.183276916087847,-0.217200144781421,0.528933001064866,-0.671631029996691,-0.0691282357057893
2.16914542805957,0.403104813627904,-0.13534982142717,-0.551750393607228,0.238452173333071,-0.348348486098143,-0.660461531018279,0.752437441051586,-1.00338560230615,0.416463350865945
1.80131249109109,1.48871985076778,-0.419983984233938,-0.716713731941352,0.0527760232853024,-0.988369361124779,0.456658909685358,-1.33061748201252,-0.982422911712745,0.702349807666005
0.16447498788551,1.29666810658092,-1.55733037503962,-0.29441290099798,1.41524506216178,-0.915632685790716,-1.85932452946189,0.170005282510204,-0.553736419129306,-0.080343155491658
1.47246021058157,-1.47543289024121,-0.912283700571625,-0.645073791365689,0.547572904370447,2.59381698061671,-0.456291582898788,1.04045845326042,-1.34445821390256,0.290923518725935
-0.91696279788156,-1.74171212096892,1.85566651140916,0.53362258487589,1.19426233294707,-1.03629694642544,-1.48674931469845,0.66550895463085,-0.229872191939477,1.05042919019966
-1.87886058802333,0.418779047830013,-0.779362956040302,0.264324948673482,-0.467538482805428,-0.406285288508032,0.149696279373153,0.821139591521041,-0.41375247040901,0.61969987629668
-0.785223683361521,-1.16707511539515,-2.26773074296007,0.384284481363274,-0.099318617737916,-0.953389543293368,1.60050634346084,-0.206684645797704,1.35582787623148,0.475883094107461
-0.917141695007682,-2.864256878008,0.199259265662515,1.23003909892013,-1.03545299611199,1.1904544453927,1.12547224398791,-1.31145578495283,0.356466077227037,1.71276310562432
1.19115602081624,-0.21602650801822,-0.174964555805417,0.410229469734053,0.473487928097315,-0.139553144309074,0.968620794441017,0.89673818146568,-0.0713601640238612,0.132808879186958
1.39918600353381,0.0483378120224097,-1.79275623151953,2.10684741757675,0.335235651299952,1.17316418093472,0.514562266089194,0.530659922542121,1.34968093271706,-3.07209747324324
1.08271058066734,0.671646135893654,-0.713257776135624,-1.01401715980338,0.364429815608276,0.84802936042526,-0.806570045407215,1.03317206280807,-1.27933397676727,-1.20902826190023
-0.876908558845085,0.459257139431832,0.28349588110289,-0.708480459547701,-1.60045180779574,-0.498606630529526,0.59187540749755,-0.27516040402138,0.892601523853702,0.361226739915089
-0.453007495112528,0.0686745357919882,0.218445443575747,1.27652286777799,1.1579425031477,-0.467535511552577,-0.105888609663104,-1.22363277063405,-1.09134476115553,-0.415608119501989
0.154063831549577,-1.74442629423516,-0.858825848056117,1.24291287787132,0.206128107525617,-1.05316597575956,1.29881436773099,1.72083295781956,1.04829776695218,1.87827721886917
-0.249789840067292,1.40960781662561,0.548853501413603,-0.918931856474957,-0.177944983953354,0.0535734937021873,0.707009762147421,-0.208174476655814,-0.155184020313301,-0.846363768774025
-0.00566971887378684,-2.09622277777236,0.235741066930092,-0.716249689472839,-0.0373467766422101,0.427057946971999,-0.893346600361356,1.30314952012918,0.487344268781872,0.837888414479148
-0.318182360674709,0.480886043764539,-1.08969343313828,-1.75275283474677,0.463102546135335,-1.06300013484945,0.563345856650254,-0.936593854304729,-0.00164808328134139,0.796945846872468
-0.864265669309648,1.42208592682683,-0.473292076331616,-0.385342796638866,-1.59750589439914,-1.33968858090908,-1.26283098557696,-0.961589065865518,-1.12478464408668,-1.06972134402815
-0.866193776033279,1.64224883643013,0.610837281028533,-0.758943253942326,-1.0553310177992,0.237233027915585,0.521440362787016,-0.217174000555622,0.0969339842963471,0.919047388075617
0.355397994821684,-0.792234933770084,-0.32559809617471,-2.1490662598725,0.665017066099899,-1.35625084035196,0.297546836972445,-0.144433404767623,-0.970912226553737,-0.487790235003755
2.27101788350486,-0.363985853743667,0.665180601829035,0.143785141493682,0.594543038563699,1.27708944693935,0.832638384657251,1.44836883656685,-1.52216041577068,-1.24397099137541
2.7717071575644,0.542273045794749,-1.04136546720367,0.735506979247275,-1.95064556307495,1.01130517277404,-1.99660573034577,0.929754073740977,-2.32551748128502,1.22576980824223
0.143553132667493,-0.698033652894488,-0.708185787814221,0.718185820019253,-0.564234838870458,-0.0651230002412883,2.15282839527549,-1.23073626034178,0.0680410654522221,0.677671099894517
0.412784106198726,-0.451418037155036,0.624176887659326,0.93852977163544,0.347794668935438,0.489679672684003,1.489312787721,1.60717387243419,0.277466485570628,-1.22948693919242
-0.0622821801310068,1.32538564553846,0.0919323295634871,-1.46914498878041,0.773137385571243,-0.54101504211318,-0.277100905370278,1.73385720442811,0.272733974165169,0.857950381107511
1.99245359607549,-1.23086772433406,-2.07354345492125,-0.486809037147314,1.00389712485229,0.476322723515208,0.912835321522444,-0.0881512855358213,1.76556705445708,0.143275288553588
-1.67496490672141,0.46202464799513,1.57416237130097,0.418475556036817,-1.5176596645901,-0.58201354226319,0.253119855963569,1.47736747343637,-0.0572828381136418,1.13446814918838
-0.455248961083714,0.391307273558891,-0.421837880751154,-1.01887866859633,-0.377295643343272,-0.898625229959784,-0.632383495053007,-0.798533457497405,0.236155333189373,-1.22468884241709
0.705807553445894,1.25686597697205,0.113018606428945,-0.957470783491746,1.41635211791841,-0.232935726970214,1.16710919880033,0.642793573303736,0.0674279452825867,-1.21995378878569
-0.984086761879597,-2.13477198960834,0.792141188008461,-0.0896783251030705,1.75048791802812,1.13852555008971,2.06292358040237,1.37264979922116,1.81851829711671,-0.581996363583811
-0.597657374163944,2.07721617535684,0.717181280963991,-0.914861881168855,-1.60163092429646,0.580817002175082,-0.253523065653341,-2.42135604343055,-1.8205214527911,-2.22437504370026
-0.762518976980451,0.812655697139788,0.645808504307525,0.133679160737506,2.19646602299256,-0.145676671515219,-1.17387126751941,1.68565584954144,0.723238143443882,0.946901792243125
1.2178485828496,-0.88322402754424,0.67501547917039,0.184897367441177,-0.0321112806543529,1.48243654256915,1.8903977479945,1.61255143106209,1.41777805322955,1.43372297075491
-1.61772422241815,-0.410710708966697,-0.418609563160001,-0.0287086044737034,0.228192313916314,-0.671464829144005,-0.314599695889952,-1.31725304409255,0.920981455686925,1.81613508485212
-0.230204819774833,-0.854275348778287,-0.223450928294737,0.898627065875531,0.650378684786922,-0.420760487495518,-0.12152976042554,0.479544220792002,-0.246592171943142,0.8102537957361
-1.41067652683367,0.374379482136485,2.69584987315938,0.0105254426874551,-0.492198949933798,1.16773357419887,-0.297514029812785,-1.22380767351781,0.476184794934119,-1.34263055424782
0.585050784842057,1.78411712672463,0.200010486524965,-0.0428426216938196,0.211822822436871,-2.02227803121415,1.85171462910178,-1.35104525597122,1.03668967846364,0.138604668559994
0.391299763150173,-0.677740339545954,0.597168916927058,-1.21917145738631,-0.203889956677883,-2.02772782582374,-0.282389045766329,0.11829888527852,0.679136195957286,-2.17125859487075
-0.248789756009759,-0.33375226258023,-0.333606310089839,-0.131065411020001,0.23660568792753,-1.90321646601653,-0.544953096421759,0.0165122346559826,0.176973511529894,1.50818572667514
-0.62261877894857,0.824203550762331,0.523493254764137,-0.430553148686717,-0.168776570888102,-1.70396148485345,-1.2383632022481,-1.93194700784826,0.318850811797369,-1.19675160684404
-0.168172006780518,1.17501761506573,-0.980546091026812,-1.67843925186718,0.351152537592746,0.349477120851507,-0.75709058566957,0.122964723186176,1.62481255267597,-0.961190993992769
-1.37555477956532,-0.260757891381767,0.431850874231239,-1.55861791609206,0.324257687521289,0.924199217693958,1.29255549422035,-0.576320793674052,-0.158439348911427,1.34792404439861
0.415978721857208,0.201345497570606,-1.57844212821526,0.98391398621377,-0.331274100341689,-0.241183033650485,1.05593880454938,-0.280323441670826,0.649531700309064,-0.935386863967284
0.0282575813218474,-0.181512041952604,-1.51428062736577,0.722735168433979,-0.951709619538647,-2.15996964306591,1.39864844711253,1.66031828705014,-0.367160667488655,-1.29283279884428
0.244498589943869,-0.467790897864977,-0.613023987323573,-0.462180942031408,-0.453264069213653,-1.96632125928145,0.285061206518227,1.60616553488485,-0.445377418742995,0.0271970219474046
-0.644211447312487,0.619724584653293,1.82198779611043,1.29304083281768,-0.811742832048179,-0.28730879028263,-0.411077497532506,0.71938036195713,0.901613649601723,0.278199052774966
-1.33934665638243,-1.42954499597002,-0.574597485591936,1.40946419621103,-0.214870818519286,-1.1068187027043,-1.65751682821872,-0.684058750294903,-0.276540760030812,1.49576024545748
-0.40855591978015,0.498807323828598,-0.611469208397491,0.605466191510868,-0.866618327844249,0.854257614094226,0.0878843858141447,-0.389197874695248,0.505191720276611,-0.843702261216126
0.894732364040652,0.955541565855143,-2.04262005576005,-1.71921842462697,-0.870276599067812,1.2541835279868,-0.931207624152715,-3.16133663233253,0.623876136152182,0.143007846035081
0.434553065127885,-1.84349094557935,-0.937974515870085,-1.70513745824761,0.192129072919587,0.68269779258166,-1.25438829362936,-0.721596886291143,1.68669366411415,-0.929823199690604
-0.771319706496249,1.81272389497301,-0.498012666861538,1.27191007745488,-0.594503901334805,0.484488857421154,0.298750930374137,-1.37669819264279,1.01628355576044,0.538771007500673
-0.206887719615145,0.37244697891309,1.24901041895085,0.395069957328482,-0.643092954270042,1.79774443680467,-0.203634548708113,-0.4369008160679,-1.58668536597497,-0.869106313258857
-1.89185405747191,0.830949681561978,-0.3579834397467,-0.749926698987439,-0.064942942549209,0.514133990091287,0.545352305766795,-0.78856899997778,-0.545832886408737,-0.059375372600943
1.03340248619941,-0.137484162994065,0.176990212369323,0.994890924384563,0.90187330665914,-0.658603886980511,0.47996204480778,-2.21854296756743,-0.219430081980752,-0.923317170810998
-0.613865038128893,2.1834630943024,-0.2838099577458,-0.721521742543806,-0.0103827536478922,-1.65055367602354,-1.24750783631891,-0.371622160230414,0.337135443490833,0.0652309070620655
0.916727123342408,-0.47187636872623,0.395138912722106,0.285026220749472,-0.427898381538398,0.903312905307255,1.21826102666234,1.02341643640981,-2.4610625408851,-1.93245540007318
0.178109277934278,0.4819539701652,1.33798072404927,0.633738244475357,-0.0647577448799831,0.78773240095713,0.0216072026885719,2.05337778148066,0.864847155940242,0.344151730947235
0.654314862278292,-0.225823830729835,-1.0280635569814,1.62682351357225,1.06333106168918,-1.20690622989926,-0.931668686243795,0.703199972120757,0.56798184291957,0.42721169293992
0.672375585122264,-2.53746390453383,0.084439483640068,0.100954073340374,0.145056150269267,-0.00908878189413259,0.545676324356364,0.892768976279037,-0.0962298950539495,0.353492878753377
-0.398836592801121,-1.03998615041015,-1.06677614592836,0.0815682768691651,-0.744741154783417,-1.99511026472113,-0.924040012466058,0.226614121455947,2.37941193380998,0.459365928386399
0.179531841686744,-0.882526338044139,-0.0540546157304681,0.41603981073269,-0.688598335495639,0.12562553844953,-0.0104309548666721,-0.378187305383907,2.29576828331198,0.0732149724865813
0.239810312969077,1.1683836869256,-0.710429599002751,0.772164817534057,-0.267441614513769,-1.35652960002309,0.687830160203001,0.926352685945425,-0.71867031284684,-1.96871564741754
-1.30346193079756,-0.541930198042879,0.992229609533021,0.323559335925313,-1.01576200537683,0.799270470093725,1.38173222195158,-0.411920564952895,-0.361770443088651,1.69155246903026
-0.511829291551418,1.10259254384047,0.951680779032567,2.28109308555205,-0.581112165536884,-0.726466158883879,0.107851407247363,0.249704255282268,-0.0178586349262899,-0.165008607569051
0.670806624019841,-1.20521798151778,-0.932435471443143,0.249705132716848,-0.716277445880169,1.3567231383329,-1.16109043530145,0.697822139133321,-1.07094394934014,0.191589283499819
2.49710963933363,0.588099621137716,-0.771491140937149,-2.0041621137583,-0.401923039819841,1.37026455335014,0.445200784689775,0.0195457495712116,-0.0982715120678483,1.06192835499623
-0.267623956106626,0.252832243397456,-0.806179999164379,-0.983112299039564,-0.193717066239465,1.68920030792,-0.605227748168347,0.156116208260618,-0.904085208327307,-0.656475117153045
0.336901968352397,-0.214369979251847,-0.611799814020602,-1.52910584915037,-1.21380111544876,1.10215488267018,-0.874084066786519,0.940598021073727,-0.561023661582175,0.843691627377036
-0.851632436838904,0.135484762086319,1.37219595672722,1.82201296707086,-0.169921243256502,-0.764703845551357,-1.93210601189637,0.909386127091764,1.1041909930294,0.563640945590552
0.591480769023926,1.64273762039266,-1.87922801906481,0.17427397430311,-0.177317692034018,1.42502848275395,-0.471990768456649,-0.372449048413326,-0.611237082898032,1.25818819524474
-1.12842620995214,-0.0149074066835377,-0.102378717329074,-0.276153878991089,0.850211227085337,0.436416251380011,-0.164920667513095,-0.710404851452058,0.653457769276836,0.772390288778757
0.425104268471894,0.528623386195871,0.26960000285574,-1.93558591135791,-0.195773526698043,-1.34339250648969,-2.44278567966974,0.635005722066318,0.643501525252161,-0.013152557221359
1.47770852020874,-0.127485666211048,0.390613060039713,0.652396982441817,0.0238103829691249,1.27072409121485,-1.79968275113163,-2.34704533068095,-0.329553376384757,1.06120936696394
-0.338322004231634,0.131689291046354,0.286290324110608,0.628373172376771,0.00957331601805461,0.933809533847425,-1.55898532887866,0.150941550038668,2.38334306516656,-2.01150487954041
0.614188884176663,-0.395591223768267,-0.526144955344925,-0.59668948935047,-2.1851086036437,1.12808773519898,0.00154134180223166,0.309793185747901,1.15057151241524,-0.739011396904176
-0.378321331111933,-0.375218408193118,0.605952612181069,0.388684986607053,-1.31881617564527,-0.831428840090649,1.55848499135336,-0.853551759496634,-0.859660702733241,-0.540287133171532
0.182378612848822,-0.562325715006536,-1.72962313855147,0.018711321896392,0.340903064273242,0.00421518466602726,-1.65773530893095,-1.12215926494712,0.807726854923282,0.268562362098053
0.428653017294004,0.454460295127514,0.663453063074935,0.083626035944462,-0.435579709810383,1.91293490490232,-2.13722562842817,-0.305102692282099,-1.01678320096954,-0.307053726748688
-1.27464239773828,0.0188999900241429,-1.66713294699774,-0.0794481973938393,0.739522051021077,0.514892933764017,0.55753280973268,-1.45683246554266,1.63678678372374,-0.484611431688621
-1.42072895785118,0.0605203520072857,0.432887359655179,0.235671716788028,-1.32483632043002,-1.67021386355576,0.452126076767288,0.6650912831596,0.923754422572581,-0.294213719492389
2.22316794425272,-0.480814591546867,0.598462983662367,-1.19873346249156,-0.833794790849438,1.59638830426052,0.592983596023635,-0.0956386127430154,-1.67860818217017,0.379039416853114
0.0857462915498047,-2.02019144541492,1.30291299786093,-1.29129982869537,-1.57523929935156,-0.0209214449207049,1.38942428409177,0.796030914085859,1.10576357728657,1.1437875411457
-0.211160647786311,0.138108603947175,-0.652995735242668,-0.486776996270753,0.861304213846933,-0.518231733071274,-0.538750726908231,0.39645778208125,-1.08965293568243,0.676286444643493
-0.262981376076372,0.0836425110921708,0.158037046885459,1.04153322199811,-1.10177029437461,-0.656002568115037,-0.15186868347657,0.00529235877000525,-1.70681428440042,0.710086811550917
1.31249001210848,0.0784020324033362,-0.634994801507238,0.424485246739925,0.0777758195504943,-0.289015845439534,2.4309753971394,1.33954877043806,2.18048580525733,0.272104475336342
-0.109015036256091,-0.176491310286822,-0.128342752786734,-0.529296332575028,2.62315651214121,-0.262071234560852,-1.12764003972767,-0.0357999574441729,-0.9792513761217,0.200395297041355
-1.11060870458927,0.965033951218488,-1.36228123605613,-0.0673697387511442,0.0064697788047464,-0.781458005408865,0.528213887916395,-1.93616698865904,-0.619594897741917,-0.171166548152557
-0.399654872276223,-0.179746281736141,1.33611354145818,1.27563307348537,-1.12429218538355,-0.0730431941325466,-0.362365696238494,1.14778678538267,-0.567836008131642,0.550393741693171
-0.311394954401776,-1.56077762183697,-0.157635763575382,1.70272868602245,2.40397752554477,0.378068186998747,-0.620383530699814,-0.634967294420803,0.34453692138011,1.03511957647498
0.252264631729845,-0.497693440987255,2.40808751485011,-1.45293345054025,0.352634575873785,0.128689050874998,1.26813724267394,-0.459776504919563,1.23675152729764,-0.40081420317177
-0.861689488003098,-1.45297401656553,0.171212037921747,-0.0970691930511651,-1.02483250013516,-0.458491396486602,0.712826007473685,0.152478183110103,1.11043484202579,0.870097064721923
-0.430058438386816,-1.21190104726393,-0.995483512752353,-1.04166252392349,-1.21884280311363,-0.254091360172738,0.301761492985367,-1.45204054816914,0.37526347223527,0.591578921412536
0.236312869686199,1.86592844185746,-0.90730198306688,-1.1464124489068,-0.472001571007582,-0.653916252788737,-1.19149090373526,0.648701492258783,-2.53214619144182,0.22530832888458
0.405625257227376,0.680350165958385,-0.763573886442874,-0.268815189909778,-0.219196487754502,-1.40233704325363,-1.0715282877972,-0.750657065271378,-1.69388694475339,-1.34285730440802
-0.67493468689561,-1.61825682165181,0.335402492897398,-0.356467313337748,-0.230583265153719,-0.578695065091203,1.41594154817178,0.669162016331966,-0.541163068167154,0.0716113418879488
-0.117251834568739,-0.300677641903209,-1.34747366071095,-0.248218547568982,0.466933434926887,1.73644870144108,2.23614484552189,-0.875050461607533,-0.431395538240205,-0.934760256315577
0.428968990919676,-0.248651207720283,-1.32334262376276,1.12536159223649,-0.0547679716363371,-0.454305719408669,1.51446418980508,-0.500709350121148,-0.496281311447001,-1.61266129462279
-0.107483589369857,1.11754233683074,-0.0212622087378541,-1.74630445626031,0.181839389294797,-0.495385310722098,0.782667127911084,-1.0816959335247,0.755689049120501,-0.400998413095778
-0.0852421532650377,1.18335691377185,0.317955113124066,0.261572162782133,0.500277042521393,-0.362019210722002,-0.544951460489777,-0.855983577754605,0.463584627298439,-0.859889527415715
-0.636533227142375,0.804900149738577,-0.404110404929266,-1.10799804345785,-0.348214958120122,-1.54999346454921,-0.0644797897611959,-0.613953434928753,1.75111099827043,-1.62101205735441
1.07914848627465,0.903108645763815,-1.41225838992496,-0.168280920749496,-0.733496119348795,0.882426560796667,0.714438805392582,1.5211884537068,0.890280784929701,0.357987765351897
0.935694127361415,1.61226267969433,-0.769186884695044,1.82428331927907,-1.18132277802984,-0.657513884727347,0.134972090225113,-0.539774875998063,0.306158017182106,-0.676943351434449
1.74366179718064,-0.286806665663014,-0.126577821942669,0.417751845897732,-0.42318838515533,0.892701367106191,0.849119740085956,1.74045163639538,-0.580748727165575,1.3436337816712
-0.700177102678687,-0.607422209811591,-0.33639043121009,-0.895134692011134,0.576686084994274,1.24413968009803,-0.276437991939401,-1.47400996121482,0.633616344142751,-0.579016561194593
-1.34664921384204,1.41276351888892,2.2963026789763,1.43758923887938,-2.89551520833175,0.260001320032405,0.254555636908486,-1.66762736310757,0.861568643528595,-0.36683090143845
-0.896096211787937,0.985019820570607,0.45068823144153,1.37319718644908,-1.53779902275636,1.70396377907401,1.53656429564955,-0.349701072593326,-1.5470843010524,-2.63223716218436
-1.80960383126814,-0.0897875637166478,-0.522924644633002,-2.46224984330946,1.53333013174018,-0.289007304715954,1.86517943299171,0.195628705356617,0.49936105358568,-1.05626663988542
-1.0714481122825,-0.551523516136522,-0.692625962971053,-0.365373844061885,0.245191343886178,-0.0751538370079479,0.249439376778128,0.750762993064937,0.251749471543913,1.47285595565565
0.60814984525924,1.11260897660671,0.938785282351751,-0.189544711888853,-0.166936323237517,0.718283804990676,-0.274583748545798,-0.657917402606952,-0.297960433420226,-0.243629204920516
1.3164847120103,0.661243935358856,-1.0498455373708,-0.64964412237957,1.38350969230097,0.0657633469573152,0.34638667642977,0.878376614680641,-0.00216547390259859,-1.97315636097632
0.290092952383302,0.802854801090327,1.35492293911457,0.279558173779002,-1.58846558976172,-1.23889350646858,-1.97458424318781,-0.0789482162339514,0.12012848244563,0.303440761850156
0.178718753726583,-0.801610979899399,2.0814281127597,-1.02044887239466,3.20242617797599,-1.18826632957214,-0.559015850429596,-0.717468796954359,-0.618793359708827,0.901272720186591
-0.437554186762953,0.201528308126738,-0.624733800246472,1.45829946189889,2.05676911337686,1.1305852867589,-0.488774836164083,0.202781428499453,-1.47903602501051,0.818495680964017
1.6155940530455,0.745126152980311,-0.312212021796542,0.275011346180151,-0.0286961245886253,-0.169546416514855,-0.685349043651398,-0.23356816520183,-0.970071497370612,1.17592794593419
0.0516592744282823,0.331641918968644,-0.389092425757695,-1.39454231524306,-1.65472199239667,-1.9973051652555,1.39133192380729,-1.4886311163678,-0.0247291057047515,0.938312838319078
-0.0806588687945216,0.50906896615422,-0.138048685105356,0.502853243410858,0.425548285764274,-0.417467429297903,-1.48415837556198,1.22662116082762,-1.71512037875948,0.426942801786631
-1.25044323591893,-1.66254418096179,0.330335325264958,-0.384685492106069,1.54347926681064,-0.324938733956115,1.39793908376328,-0.845690695456117,0.0454149604358949,1.27788897803501
0.178304457780185,-1.17361876737332,0.323231817741046,0.214811577833094,-0.506240471889995,0.567551950275036,0.56530548937907,0.0943604911623119,-0.166021851163427,1.3366038213389
1.02790034875897,-0.455279903423208,-0.169862963721541,0.341150840456551,-0.0193895072304332,-1.44382933946164,-0.613626068627819,-0.11890480473551,-1.44263069053195,-0.129841457634706
1.46578915120606,0.926496963281667,1.00006061500801,0.28119311860309,-0.686252077700867,0.166956725930119,-0.250512102319029,-1.31824586514425,-0.115554148001471,0.594344211940704
-0.967654555969417,-1.31423886710517,1.25509410053858,0.42088611524979,0.096342339878024,2.68026324639534,0.388837435253597,0.969342897992761,-0.361223607742236,0.157571578809652
0.463295298672638,0.0514462693373786,2.71528824949158,0.595412628615839,-0.299224376698135,-1.28000798764683,-0.567463337196889,-0.305753576138157,-0.122647502626025,1.64465871166353
-0.405497707676161,0.441848980135528,0.654863115361441,-1.51502131603353,-0.223448933255107,1.0458120659049,-1.58188271751559,-0.216515505750725,0.477531465589057,-0.599063511430589
-0.589282059015101,-1.12282858258826,1.20865445236538,1.43137594267401,-0.416233271850149,-0.0357578003258272,-0.265227708301076,0.661692305365661,0.027549158722163,-1.21349008400084
1.38678971482861,-1.02536070677596,0.152473721514529,-1.70256134572551,0.0465448373534669,-0.485179251705654,0.830574219393292,-0.503742426286321,-0.177411226769832,0.597343216614403
-0.56725114929833,1.17465758495011,1.67555062548623,-0.725700082693753,-0.726333115300109,-1.86420392874029,0.631709878482623,-0.29766258617717,0.25733844097048,1.01452950166745
0.0164138948189995,1.04856754001703,0.111013116435224,-0.902082053746036,-0.428066143257542,0.0114210066716318,-0.723365807583697,-0.36315192515409,-0.334245391137245,-2.31548057700039
0.19575496756893,0.0681603265443266,-0.249648365652809,0.438745695792164,-0.963468344558881,0.0936664840764667,-0.383964799051098,-0.501910785080972,0.905545616160261,0.198062521225367
-0.332978792349062,-0.481724005355567,-0.515298516466422,0.304060804650348,0.932150100553186,-0.431848916027661,1.26582467594152,-0.139449546548037,0.773340835513192,-0.179484785594133
-0.467674211419103,-0.474387976654307,1.62929080712365,-0.826757448339443,0.154034551345999,0.00403930783354817,-2.39284340901094,-1.23099770827467,0.214887906402873,0.75241990016863
-1.94151323656183,0.980301047150439,-1.09021881628674,-0.526371673751055,-0.900211602972786,-0.849652902340836,-0.404134600250042,0.0806028062397928,0.839305555705804,-0.00986561761065232
0.811698084138658,0.00391466888310146,1.29811255417797,-1.26734914327189,0.243268637629163,-1.75098051723389,-0.084486467090521,0.239913092462267,0.525085228927422,0.272426668255662
0.550501135730329,-0.68073172956823,0.147333801490063,1.05891927096619,-0.221452308481874,0.866961150707126,-1.87846091591403,-2.2998550507546,0.234528432236464,-2.41887831804912
-1.41251000429461,0.204887558655873,1.76356692053016,1.21468396198892,-0.681061281228514,0.0993925925669183,1.87060944990307,-0.88721772924648,0.59343651896617,-1.12819704167281
1.28440618911873,0.414353749806846,-0.253304149999877,1.23079706600283,-2.24164674600952,-0.662514321623567,-1.29230504420983,0.0524390741053497,0.025516994449555,1.01566614126631
0.505491991895781,0.156819831015293,-0.787574905198673,1.2374576172833,-1.15485976751153,0.447644838618983,0.542802667355326,-0.313919924931207,-0.287323563086182,0.109151110545679
0.158020153908466,0.82429527984415,-0.163191692039256,-0.890507197286862,-0.216945569567208,1.38311433985112,-2.22643353418288,0.578031266149491,0.323414332139584,-0.590286217883296
-0.294904531969844,0.490929123366073,0.122889688488184,0.455361989209456,-0.83439341485585,1.44917565035213,-0.706317255704134,0.398525679429773,2.96341388737102,-0.061715447338882
-0.788540325078342,0.0130945557751372,-0.539869397595357,-0.573797376484839,0.421061440886061,1.2475809020506,1.47593793905286,3.07346251852767,-0.461531676873602,0.423653468300607
-0.288738512565315,0.193501790556104,2.22406642178625,-0.496471955520444,-0.234833337169742,0.193991429509307,1.20837885620915,0.0310834661730982,-0.167499172853542,-0.654274427513562
0.353431863094148,0.242044918650538,-0.42647701257289,1.61675610863159,-0.841543957758161,0.434188717809533,-0.491807790687833,-0.729635903610945,-0.649358229302453,0.246563143230824
0.558790571190878,0.660073799411161,-1.28649510691936,-1.49575608489425,-1.63126371554418,-1.54934385313051,-0.700148214001448,-1.82748954574038,0.220226684049802,0.164745585518635
-0.443776757411609,-1.54448552316619,1.8613904431921,-0.72956178997123,1.42081263224196,0.667331612361356,2.54238848784739,-0.358663848030844,-1.01371728404294,0.766937272758615
-0.650842763431703,1.58612784691371,0.197980304967524,-0.126364052456707,-0.337153734285424,0.461649025984116,-0.370143539663538,-0.505690188754281,0.676716530758702,-1.07672876676669
0.376981507558701,1.17502113239411,0.853871515143457,0.0453551727301868,-0.777764345557875,-3.01817444895282,-0.346507589506445,0.526535565965692,-1.0796119456505,0.316053358070158
0.056164995612183,0.394368341001141,0.744396410846313,-1.83188077805086,-0.947356310855448,-1.27479476648243,-1.05414224981182,-2.15904545571393,0.595829799087907,-0.446087423384815
-1.26608641737846,-0.291659855614533,0.200851474687604,1.09836346823593,-1.62249606438874,-1.61161252526165,0.163955632036389,-0.388800022829303,1.02579671213803,0.926743418305382
1.73995749928758,0.390584532484134,-0.592336767891454,0.448325577598626,-1.46914959409243,1.02015851259628,0.694484647878183,-0.0341559747095425,-0.553777356913335,-0.381167692036191
-0.455449527338371,-0.546824447245448,0.823158978816466,0.89205805329909,3.34507811107319,-0.882008107172082,-0.875820815579254,0.877944580098798,0.518691013015745,0.184506736835783
1.01283883168697,-0.438893902274098,1.22991270237701,-0.906112875892099,1.09681887181343,-0.840735906422309,0.334747685397696,-0.802955383681994,1.39931929791846,1.07505438148494
0.772828659635777,-0.0568388145406387,-0.970652381192692,0.184743758000065,-0.843106158788363,-0.078729953139193,-1.51011490893185,-0.590912980344365,0.581259376117359,-0.525864032818181
0.663353457163081,0.787229194237115,-0.772994722811748,0.0890596583959101,-0.525274439207831,1.20928437886847,0.594147770241601,0.901597212584359,-1.0531670095508,1.93109800325211
-2.01672273175538,-1.34273092547157,-0.787034252035611,0.515194938237584,0.912668719349967,0.554212833969849,-0.256947333688247,0.494109291728008,-0.831816743438065,0.594961619565289
-0.330580271437398,1.97740341378669,-0.430429642157581,-0.274449515951234,-0.92686841484307,-1.24135950176644,1.07462448562496,0.784575263909141,1.46435609896477,-1.72106945606641
0.0766004041134767,1.16306692878797,-1.70676066564819,1.20736137507214,-1.30358657183146,-1.60432821074192,0.00415215451534234,1.47475160126404,-0.0362814406720654,-1.50274663370214
-0.707161667330346,-0.428924941195366,-0.0502841511816479,-0.0626797810937512,-0.0187828268501958,0.647537927898122,-1.65527979581405,0.126520944514667,-0.552150992273554,-0.930594541121761
1.27576642461556,-0.826514455592433,1.72602433534743,-0.00727438942354323,0.470575004467826,1.17685314865829,-0.0945893495491605,-0.463551308376764,-0.477781751167043,0.588928922144188
-0.62269013874946,-0.154438461391199,1.03945094680396,-0.925068975918796,-0.962811778382136,-0.211656335200608,-0.721051091527864,-0.548645970883205,-1.36908318256831,-0.872165919248588
0.301297738621703,1.13847954418394,-0.494352595600852,0.267917879566016,1.98241773891736,0.0541402285649949,-1.13366966372187,0.606402225427157,-0.70033566855014,0.934639187100415
-2.00926261112078,1.29783244127281,0.715873686424208,1.30561765651581,1.18597076372743,1.22772337005138,0.475064009981455,0.382089554388134,1.65823071195221,-1.04066245014696
-0.0738415063893831,-0.992468834391228,0.412848875596236,0.607469685254988,0.79203569561728,0.675980218774253,2.30530067331915,0.450578709596134,-0.264668118306885,-0.576367064540531
0.518611460438957,0.916750759763786,-0.639104398911256,-1.59051342867011,0.664729678001311,-1.9717491581509,-0.66194054189572,1.52411643898857,1.05377881746194,0.897344487554734
0.133264345394122,-0.870841448630545,-1.46145357390041,0.561590581967999,0.44436481569658,-0.633270169959001,-1.95186444926775,-2.01043755354169,-1.05868155398321,-1.19165180321319
1.16963670343557,0.28712861714624,-0.622549441017481,-1.78569274251979,1.06174039600617,0.443701633834246,2.46218557315121,-0.409589255695206,0.657243581535541,-0.785812788259174
0.876535188167086,-0.291259793928682,0.376118080853924,0.560169304264438,0.601973192739795,0.927448322654137,-0.982683896607058,0.537622974192404,-0.70391574359899,0.249275686162079
-0.171450267825011,-0.966343817331713,-1.47360275722917,-0.300564274184166,-0.203076673180046,-1.49279091562021,-0.226800813185017,2.16682973741996,-0.129939411475782,-0.406721580684771
0.947220970869606,-0.735032437894058,-0.770980910151476,1.37832331916688,2.27653325989687,0.0973677128145373,-1.24843365657014,1.53259110988781,0.724861358424797,0.283258033275667
-0.570796711625887,-0.91600035186491,0.018528236767682,-1.10144319329678,-0.0821615782295777,0.63812066962817,-0.754845082746718,-0.798390296837887,0.0879736576995263,0.333122999503335
1.1830841387444,1.05837530570607,-0.745781198697913,1.58109415324926,-1.1408915084584,-0.194194437805433,-0.341179161818207,-0.345921961969595,0.67365585315296,-0.996954493654431
-0.149627564964654,1.67384164984796,-0.0362101304366214,-1.75814038592005,-2.19915256961137,-1.29873215749887,-1.51105496007369,0.17621805324544,1.67047695312914,0.557517045199749
0.4099602324494,0.844461594769375,1.66477177269604,0.706270345591661,-0.322725283914027,-1.11541551146097,0.806288001304073,-0.258174719193713,0.608525551527607,-0.107070589120893
0.62390511182966,-0.121040299917073,1.54120157745584,0.614027185879435,-0.167271876367092,0.614181978538455,0.0725002440109696,-1.06346300965421,-0.9326553558965,-0.658029872809093
-0.600479910525298,1.03640820717182,-1.65226888376127,-1.92198478497756,1.44203220254856,-0.0957493879544322,1.09017080559135,0.331947435215242,-0.412127320941546,0.617906278304676
-0.753963026912252,1.908287171909,0.241451878874278,-1.78171709043182,-0.281213614546019,-0.427656715255186,0.624460975763026,-1.32605419309664,-0.964851861075817,-0.513662143758158
-0.118624258563623,-0.198341427412519,0.457270628357452,-0.00685676375868303,0.178696438045352,-0.525542616508023,0.526326821425483,-1.16417397596141,0.174849996587456,0.69053796166624
0.817293999718281,0.458804369925221,-1.41400159871154,-1.12865848397799,0.0710583575389868,-0.745835740524551,-0.0475921531878639,-1.6640478752737,-0.254641055700624,1.08269111009603
-0.980643313723838,0.961750030432206,-0.201045143618592,1.14494334039126,0.724454345621808,0.764234932661327,-1.04965599715752,0.143062406521954,-0.926395650679023,1.63254050993056
-0.470941680697543,-0.0308036646862967,0.874540167287518,0.886562742325462,0.872019809577092,0.350136290286729,-1.62105457188798,1.74237088857054,0.556711749414833,1.55627749817052
1.03380594729303,0.546502091489732,1.3555203849242,-0.812290386061761,1.85829028758409,0.96083502171274,-1.41081983722813,-1.68306059026838,-0.773753424338788,0.375270603885848
1.81776202517104,-2.15738132142776,-1.0733852369028,-0.528559744997693,0.647500587812042,-0.482913238488123,-0.0360139416824443,0.268766570867425,0.0134813122673327,-0.0601093412851046
-1.53324995181708,-0.860388672452862,1.05459603918921,1.21107576644978,0.526089512989125,0.731029017797315,-0.962991946910518,0.296350528182183,0.450392962777487,0.55893563471403
0.839839179642885,-0.0532614650819075,0.753899789760793,0.0236762968262111,-0.960239224965856,-0.072785595646085,2.4338654087042,-0.461404784770806,-0.0671322607192571,0.95486754716717
-1.53543163352155,0.343474461842212,2.7129403106809,0.814561812223564,-2.49550864680027,-0.960755622316189,-0.702739926543707,0.273579828775685,0.743372741276405,1.23081426801707
-0.110993479080345,0.137772430368772,0.589018526238241,1.3031285856385,-1.50902765652249,1.03626836969594,-1.11304692230884,-0.11502055089443,1.66287226363865,-0.0605773896448543
0.684461929944093,0.0923648958855068,0.389283131164785,-0.747325220114537,-0.93678736852139,-0.0876470287154165,-2.28313142909673,1.04979679647275,0.850312795400843,0.768735933701263
-1.29192137206742,-1.06510051920849,1.21719316574644,1.27145216414313,-0.764767376325388,1.19945836399308,-0.441933145071864,1.07872349019806,-1.40817921099105,1.56366456720554
-1.86299783693128,0.100605546903779,0.515847752089447,-0.533490081877596,0.483534357455359,-0.693983777862559,0.0510767321536352,0.120764852026213,0.0507470522630034,-1.46337931209002
-1.54050900745411,-0.382690104768261,0.257091967308168,-0.748774965506011,-1.55126095283798,2.10887330482963,-0.413071917669594,-0.898828164202069,1.38066205130527,-0.622034455609086
0.341841957579139,-1.28022867191987,0.30330418407762,-0.464329371207704,0.346344955036598,1.30765663786366,0.463260760570771,0.280203277957942,-0.469910431685561,-0.517637924806857
-1.10030323815022,0.561743598222907,2.12781348805988,-0.143653306943309,0.43561607214655,-0.711728077166647,-0.720121952846729,0.137635427355303,2.2502951920665,-0.452405715341271
1.09768101475707,0.21878603728628,0.72232358289464,1.75775341400139,0.424641884248832,-0.0452888586098487,-0.164251835612513,0.0184076022168208,-1.2864007664723,-0.814156884605957
-1.21646842847072,1.00841297543064,0.381520396054733,0.769552204554075,-0.160179711330112,0.945090650193428,-2.32327804214433,1.25254535469428,1.11810931185104,-0.58610826939661
0.0782393739989949,0.417890811257995,1.15370168159569,-0.684155741377977,0.317198683791978,-0.520650147462251,0.268102430066783,0.549169784322512,-0.63782081077293,1.59369484923236
0.188552676909321,0.0472776829376999,1.76338584844375,-0.748967684754728,-1.02388497623645,0.391198495903698,-1.53694547170293,1.04612169400224,-2.17792896326275,0.702247714711948
0.27546224951946,0.841520901221656,0.595789558794863,0.852085634564427,-0.571178656034885,0.0746226700353601,-0.876399079097747,1.88680355257679,2.20920841816484,-0.722145154425808
1.08545607617273,-0.40748119276235,0.342874876675843,-1.31233384867392,-1.79882451461799,-0.175023977838912,-0.0350578521006441,0.245445750931425,-1.89355419773121,0.327764073316528
-1.42342755751554,0.236330930080457,0.476001393335894,-0.430803765937576,-2.13448464191092,0.254351166021097,-0.0163745197926081,-0.43444696417774,-0.787744647052913,0.311499041761779
1.53592287849725,-0.257349607056954,-0.68801934313019,1.3098912191914,-0.919962402487145,-0.968998503885142,-0.290946738344818,-0.347879948110167,-1.30224608774342,-0.513450627431562
0.742610034295459,-0.37732277525267,0.959119108297291,1.68093071065559,2.34462893006638,1.32283372644112,0.93368480723008,-1.09329934073494,-0.353873395482605,0.214403421482919
-0.400159267313754,0.875360311387709,1.32631462728543,1.43528058989677,-0.575761142528109,1.3308166546554,-0.696640545335885,-0.665738192891288,-1.20858751125802,0.487013311440859
-1.32769268298919,-0.62791541792955,-0.748934352027857,0.190400833869341,0.716211860012026,0.389078812335908,0.354243681040545,0.85673296924004,-0.562313608823994,1.090027257183
-0.448672721424282,0.2892561857832,-0.626633916838876,1.11972933103005,-0.89479342927707,-1.31487556760876,-1.89391630339241,-0.981649419072858,-0.139162180144824,-0.797288925572535
-1.42332370091625,1.27821312589304,-0.0350074080144326,0.6050860446666,-0.867837999525243,-0.315772765848091,-0.0574880996258834,-1.63677337860371,0.616215542464423,-1.34049800985497
-1.34099335304901,0.199626474249956,0.0510110241959796,-1.35283184275073,-0.988610569335781,0.553362676910386,-0.364351048381798,0.37788688140752,1.17974196322567,0.899226094084011
0.856208133202824,-0.993467248483068,0.04783286337454,0.313139871371411,0.302660799652571,-1.02753073264703,1.33963437438721,-0.989865341228922,0.35244752159317,0.376475339818824
0.0580821642029888,-0.67161505417076,-1.06738146610244,-0.221442210474321,0.921314213884754,-1.88939762765991,0.486569155723662,1.2688010558688,-0.239205074213219,0.667620715864443
-1.36114525969043,0.671725961274401,0.538196728997479,0.00622127413180557,-1.59009434292649,0.658079310337868,-0.99238162330464,-1.64593690791235,1.34396466009775,-0.2853602983128
-0.746510024719499,-0.503362556956542,-0.663910116985828,-1.50831535388233,0.167458731154523,0.972128589054575,-0.0936854263256019,-0.89306781380698,-1.11795194113754,0.619530232591417
-0.569611851361602,0.532721449738455,-0.0796979455813712,-0.527822403862974,2.55581914701641,-0.202224904521901,-0.62571918828685,0.861740871319662,1.30945848784486,-0.258394290168993
-2.00451851593841,1.52409243820689,-0.367415677571192,-0.481808447260287,0.0510224353328536,-1.73366304044045,0.270116904821262,1.79516213633682,1.68554143883197,0.14074815347932
0.488848746591655,0.704155406269479,-0.109724099788542,0.405508837999688,-0.496231729052347,1.53684918982932,0.244468933260591,-1.00483648163978,-1.05931175027886,1.8483281781822
0.27630779797827,1.05335488707192,-0.158105818221758,-0.513339241541768,1.09764346936366,-0.251144174883343,0.732232530977457,-0.603763245347384,0.649285411297566,-0.00918308459331007
0.607922413042541,0.274747875314075,0.219965244551391,-0.00761499240083346,0.0513449070516723,-1.29409648440054,-0.312857597460785,-0.00543178643692025,0.994794332073281,1.28672506802977
-2.39197033596888,1.97201099396949,1.3087584351847,-0.800254583702777,-0.0413734637348973,1.22593185154764,-1.14497181769946,-0.536587903517415,0.850484007010157,-0.0849788243008725
0.379050359510914,0.0329762398378272,-1.35883059443724,1.52787871541384,0.946470950361722,1.27261958390145,1.04839934481285,-0.699125764551113,-0.0328184452720579,-0.674579061588368
1.41790718264321,-0.0800713982251097,1.06904479356181,0.913128015916438,-0.533483171019261,-0.784434385272954,0.265054547634735,1.39671410635447,-1.58467080884696,-1.1821147239201
0.386877994912524,-0.367293177595536,1.29425057451164,0.578729274704701,-1.12977715119852,-0.445185292473055,1.799921173215,-0.247947170430673,0.272896018441178,0.198739069321572
-0.185718591281493,0.178297977445881,-0.069412959566896,-1.12823071481473,1.1664353532667,-0.893030474954058,-0.607271663742302,-0.0722493372802011,0.967304205964474,0.899170589153145
-1.07624855445529,1.01825740966133,1.01375306199084,0.903021890790708,2.06704471904006,-0.279417174974748,0.577949182374626,-0.129413124797554,-1.16158739299839,-1.35387636459214
-0.389426079077797,-0.928341349970646,0.559667603557696,-0.286757658271362,1.64563610640596,0.863384449750313,-0.691632803667151,-0.156668486106862,0.61503944576768,-1.25149053802552
-0.035294926901383,-0.525768567525834,0.973998259562388,0.587468583754017,-0.330469471073782,-1.34731701493353,-0.852650208921404,-1.26262674223202,-0.465693221335983,-0.44619695226294
0.0718131470133708,0.621879637621696,-0.27787115681049,0.0618888842785458,0.40674604865241,-0.63916365734678,1.02092996358543,0.957021573613515,-1.58250560282028,0.935816646338099
1.05104269870251,0.275345830547764,-1.32133459197373,-0.580489464712226,1.69556346947818,1.36174105154698,0.0283272386199303,-0.116510592150895,-0.0456533406744066,0.258951910307355
0.112215651518511,-1.63876925448084,0.428395078278321,0.636983303263072,1.27957660974432,0.235949167808255,2.28650222433434,-0.0219238695964925,2.01880413734393,-0.433296977304614
-1.28960495421367,0.196153610076765,-1.24499045881672,-1.09724410604717,-1.33270697224156,1.15789094763295,-0.284351171689196,-0.72776199734913,1.18059309714475,0.918202949370269
1.15870985120286,-0.216667915539837,0.968841178980625,-0.252507301735848,0.919457950358322,-0.218069886857502,-1.57265875679136,0.175884990390536,1.26038834331184,0.0883639322847572
-0.288728939766887,-0.435963171386617,0.714848419656571,0.347844613535108,-0.520056048604821,1.98889214314664,0.104011796409515,-0.783616419249399,-0.339779237931355,-0.896095446253556
-2.39394923647265,0.214016253327553,0.401742601122083,-0.188675113750361,-0.646977477312572,1.15535941327286,0.0586641072293747,-1.50761595255887,0.0134583876874183,0.759315301707772
0.40341056335098,-0.363775436506515,1.17659296327445,-0.428489117857186,1.41705881557754,0.251328025639694,-0.288527974927264,2.07671563659852,0.590971730665659,-0.747195396903245
-0.210149970968349,-0.712671429510744,-0.926725926120763,1.66498277577106,-0.254993102308711,0.923651237026516,-1.7855340255559,0.952821614582119,0.271430152177543,-1.82026115630591
0.862526076320632,1.58760999548264,-2.70453369346142,0.537013113606991,1.40851462406339,-0.00356972978406971,-1.76936079466174,-2.0234795397454,0.305968451026708,-1.00523930052561
-1.00396582750444,0.0639556697738138,0.258865941135032,-0.981735182177289,0.256590265688472,0.111941975303874,-0.68519755879567,-1.07229153367354,0.290385452294736,0.424935859906901
0.512183583478392,0.151204491704347,0.389937603488492,1.26016210733966,-0.119175105372546,-1.28182262915483,1.95882665397989,1.06742019554702,-0.230528279666778,-0.963583621856299
0.767684856777014,-0.342664208218284,0.184395074102039,-0.556267226265611,-0.00595841945046006,0.00953138314646714,-0.632295348759331,0.945356009039862,-0.468452755335793,0.910090586092975
1.29260134645893,-0.0950049679262278,-1.11872895633799,-0.153061145394542,-0.556401405627983,0.646251360045184,-0.80696374726494,0.637251432667,-1.44477809957378,3.371417272646
1.08260046780906,0.5025380049537,0.379602713813457,-0.0819008793145912,0.93680138866335,-0.873709619767494,-0.288841319826931,0.523653842659679,0.500654945870901,0.251342858537938
0.325972841937396,0.577899407702486,-0.236579350366978,0.701751252715023,0.741235306607282,-0.190021652305539,-0.30249575038163,-1.17167943834468,1.32094517258784,-0.979108321198374
0.307234519402543,-0.237683097677371,2.07558374892783,1.39883525263181,0.939441161798526,0.192739355670774,0.11507407101428,-0.324572546049783,-0.00361507980099323,-0.866003486149293
0.0393668835211041,-1.3844822922245,-0.0848725169139169,1.36698339731392,0.765381244444037,0.631976072476901,-0.969216485515776,-0.215527819295376,-0.763382784223606,-0.271160047049461
-0.327246766131161,-0.120612049446551,0.776027007151231,0.0450196394750585,-0.859896634555879,-0.27333987356404,0.427036995977842,0.547741147916401,0.060518917506937,0.0664101260703753
0.27241975622116,0.22226364350061,0.392223145096127,0.456544257844926,-0.426223759272136,-0.823289209296729,-1.13822957534736,-0.719995307599738,0.0366738703812248,0.120176826339637
-0.0283325543070866,-0.901525557565931,0.168435564694997,-0.51419414873311,2.42596498077431,-0.296822954629867,-0.694261234484656,-0.535141851256405,-0.692058283771931,-0.26203727665256
-0.305969290219078,-1.21460439259103,-0.451617656633858,0.114579833007005,0.743135227145437,0.266804837888189,-0.354295369372364,1.51234020956935,1.702055469585,1.15385722507604
0.349019222329831,0.121399020365541,0.374126383975289,-0.39096057076672,0.778327246534303,-1.94892281635289,-0.526253836599897,-0.615316754003708,0.756066321950049,0.851084847339732
0.418717045088637,-0.698954564363042,0.253484625194161,-1.32273966535904,1.03506443215819,2.39292053765726,-0.75031588248356,-1.58597002220722,0.84108884244546,0.666310635966972
-1.08264441542516,0.0980709669864959,-1.16394162804466,-0.382045840087798,-1.27474284077766,0.952642200000542,-0.746570024498553,-0.593764738024235,-0.323731843523455,-2.08091033033481
0.266570531499784,0.0666801159421767,-0.116370081709635,-0.652478101260055,-0.298270945727265,-1.2748033741824,-0.208860046069951,-0.213849919609232,-0.681723093046715,-0.864769723985606
1.05669329503454,-0.776614977736437,-0.0496488696115654,-0.899135881154625,-0.356372873739518,0.283296160045909,1.66718801993828,-0.942949339406808,-1.07814259297088,0.339751283814954
-0.502441108605976,0.329617980634128,1.02661205780289,0.425687073853986,0.459703175603587,0.554725970877527,0.212638944424055,-0.6007717275128,-0.319260482278049,0.468921069719565
-0.417158034761875,-0.192414365500268,1.68483667284841,-0.87370164379694,-1.87061756463355,1.22641518798715,1.69261213960065,0.566619530545012,0.245737772694338,0.0958364128717189
0.689074438879922,-0.903395924289939,0.449946914614269,-0.742690000264767,-1.13299351761225,-1.15634387101202,0.8809277153119,0.319408100837053,-0.537501539520416,0.76031718340311
-1.50072674540923,0.624449142680401,-0.286268479595368,-1.53158630449327,1.39770338983388,-0.818434946723199,-1.00353395664118,-0.890661559068531,-0.160601912078636,-0.355297709541883
-1.42221778732541,0.6092316364618,0.948285619250639,-1.32546603947479,-1.09246528448555,-0.282696947227109,-0.377672402112844,0.918214195317729,1.3886116414101,-0.0966055092972089
-0.180173412950302,0.525720963136563,-0.174486557463689,-0.908301982332963,0.532053613754248,-1.64621312994882,0.655027478337871,1.8845316751426,-0.823895648184515,0.902825240007471
0.0877236374634079,-1.54156944624168,-0.312480152179647,-0.927896567407443,0.745273181201744,0.14360209288351,1.94910888060185,0.324997079442453,1.19959597682036,0.164105049341845
0.238355480040515,0.16354228109139,-0.0775734821276906,-0.317547723257748,1.11163969389109,0.819518803346019,-2.41034886346346,0.13045016581419,-0.229930648481937,-0.615082091327368
-0.0381594487240047,0.711615393867594,-2.80761415105211,-0.000777370383184549,-0.548188386618336,-1.28390634726942,0.928843966254267,-0.422081811352575,-0.0685546691876786,-0.207060928689386
-0.427064387411783,1.62015210391217,0.704388024302481,-0.223033798282938,-1.77156780339978,0.286245307045058,-0.620035814529417,-1.73200244000295,-2.30215417066019,-0.926545511916398
1.34924032282252,1.086117562404,-0.280302760421566,-0.774688121463979,-2.80077062611762,-0.275694714612438,0.0422858651422474,-1.83991277500047,0.770113343316096,-0.885291928297803
-0.344321700245376,-0.752021873749872,1.1529700136279,0.483306100369319,0.729888002932112,-1.14874019884816,0.0793786151048517,-0.996010889561581,0.65114125503453,-0.625533443071128
-1.09834872372133,1.63264901570391,0.230726311074314,-0.23432767223112,0.328570851152353,-1.24488447363884,0.0791166153701136,-0.297657643169595,0.463428479171545,-1.34525426443813
-1.86137817715491,-0.898623607730224,2.02856352733904,0.310282328635953,-0.450759625779968,0.105147389214379,-0.226346717285825,0.648913377805902,0.373020177446139,0.328970680730328
-0.221535058466925,-1.67628335348246,0.825512304019789,0.470430692199515,-0.404851102689119,1.7071878853369,1.56889734960028,2.71530919130419,0.541025688610638,-0.590787785943215
0.996546002137227,1.3214950904156,-1.64277931556296,-1.05054556727784,0.196639733746577,0.733899547347506,0.505787922165494,-0.293959154591411,-0.978149019341312,-0.655366728893226
2.08275415390509,-0.537805564209922,0.81637944942449,-0.359228059897188,-0.731920598382294,0.842519270324975,-0.873223316904936,1.22131593402012,-0.286736622418941,-0.0370111977269241
-0.596800394814418,1.39009129387781,-0.917131881251021,-0.0544687563377614,-0.994275199288625,-1.14365562746879,-0.588168182842935,1.23346281902677,0.325654175113244,0.66524523685799
0.156739990589044,1.29545097477421,3.26070646966155,-0.785770961675159,0.675702337078158,0.214656947031291,0.0222818815162754,-1.12922928090386,0.606063820550246,-3.08935712274003
-0.519916910343551,-2.28097806991893,-0.554449807394391,0.185727138122496,-0.126951144815219,0.876944917646303,0.565355681784286,-0.0528627856482671,-0.417041948662021,1.75951400199011
1.80663937828994,0.146474315353014,0.304597640880278,-1.3717002094056,-0.158350373373935,0.27365869314948,1.4827329693476,2.041825373044,-1.68154658106196,0.940050471242204
1.27314283837019,-0.530595399443186,-0.494544740214277,0.371433225844742,-0.857673762478877,0.18150649554815,0.462282999558036,0.297638169945045,-1.8328539966743,0.467312420013819
0.687021450708525,0.666612108625413,0.18413031055107,0.926536977231904,-0.0719199055077886,-1.93733812439579,-0.234076422223788,-1.78388656617159,1.84694971711436,0.275186044646882
0.221651084638344,-0.731691263139988,1.00997679511895,0.224286935739725,1.23305975172953,0.483530660589844,-0.718652885892488,-0.770051561377159,-0.367562186709312,0.383376341567041
0.262063319196733,0.496295863507896,0.286353312818224,-2.03302553771937,0.586841226131744,-0.674405792902345,0.695902320608751,-0.654316576103506,0.496331175713848,-0.234845847559871
-0.794231548174676,0.594288905426907,0.603127166227469,2.35555736237127,0.265602518102076,1.14416964538848,2.00421700816036,0.27260474649686,0.519656276125315,-0.61570966838839
0.541689170803763,-0.488433020831496,0.398754508026203,-2.98364990847091,-1.88963274024814,0.599540198181406,1.73823135831674,0.522311375166078,-1.43955786595252,0.2792076736918
0.497910611111817,1.74520831452223,0.284275231707499,-0.514281996018966,-1.76412688350569,-0.560443955831753,-0.945434683422744,-0.261949496526854,0.239791862054076,0.542461378373289
-0.281529391699468,0.0968789755325972,-0.64981868336069,-0.944689845863194,-0.505257197636448,-0.198224572894257,1.29204243851119,-2.27929709371684,-0.562249349629564,-1.01303579029165
-2.03828254866245,2.93517684388139,-1.09751947328142,-1.17710941723574,0.878911673412993,-1.10928846827185,-0.216675243005236,-1.21220340962272,1.73155116272143,-1.53956580574024
-0.629992283521655,-0.621301190675854,0.991974732484873,-1.10322158434119,0.722920756645857,0.0991239752650641,3.39747644782409,0.550668112689957,0.0136596900555014,0.319313823174528
-0.219260643714045,-0.532603707415424,-2.29892887959739,-0.358771876870114,0.0371862461414203,-0.564741332767371,-0.351315421970226,-0.375092212558386,0.131477026303687,0.372503913460403
1.21605949260353,-0.42482673602598,-0.590104510305335,-0.326952020673317,0.252446181039637,-0.522154168275739,0.914899431016276,1.74795928467539,0.79242855747922,-0.609484430925142
-0.152965550713611,-0.769089210861064,0.428946630450642,-1.63243795801421,0.381775590220493,-1.54296518837558,0.126309081793005,-0.68878100393565,-0.0502891667580647,-0.541233705696888
0.644845519465911,-0.957085883784108,0.454993857345467,-0.231052937100969,0.634862946506555,2.4160600961214,-0.0909710759819466,-0.0248051132360923,0.131980085910666,0.147949085723695
1.2564417780856,-1.41342217179601,-0.434606653434651,0.57087303899407,-0.478681521492258,0.661441349335373,0.370417656744336,0.75009466305506,0.71820788715762,1.27366664175068
-0.234810789630811,-1.55679376775553,-1.29463673769084,-1.87162971425676,-0.71026286403002,-1.64765464357713,0.776173071864222,-1.39766810408365,-0.960634379867387,0.141994700420594
0.31660378941521,-0.379464532527354,1.04989609384018,0.812084895847748,-0.168149127757314,-1.04105045530902,-1.285805622436,0.830218873914798,-2.09117021797944,2.53819274822832
0.495087569690789,1.19568325273284,-1.06499614241446,-0.32562279742712,0.472264584758656,0.137616472530072,-0.456088210229038,0.728462721647089,-0.198755364568119,0.64690727423896
0.931150674374707,-0.710770210531962,-0.911456029844056,2.35988479114966,-1.32059952983462,1.02041084229808,-0.843863395705218,-0.41831553654357,-1.0925623120999,1.24069089749378
-0.508153467333695,-0.195961495770282,0.953720985417788,-0.785906645395178,-0.786094144417673,0.136136611943386,0.287791374392231,1.08693870247522,1.01384483071436,-1.87698832746285
0.734213930515277,-0.556834573737433,0.595335587559407,0.200729983406022,-0.627590779236715,-1.92199025442103,-0.207041698499273,-2.47152535005291,-0.0125492735065905,-0.395964518588879
-0.995461123142677,1.3910850452525,0.0670911817611865,0.147509300764679,-0.189725491048476,-0.0635252044427358,0.203296361393881,-1.32617755265336,1.30183050620956,0.284297026338693
-0.248466820617407,-0.251760596891797,0.800538057252686,-1.13320494484503,1.14322556314949,0.136930416615245,1.05359298823287,-0.432523013393069,-0.691336795971439,0.924339634041517
0.79265159487042,1.05148659595734,0.510540966286435,-0.256768282903531,-1.05965299119163,1.71139815742339,1.24269703858673,-0.386724452641156,-1.31689140336057,0.566663938886421
-0.927323148919364,0.195798220770385,-0.0906484462093276,-0.101977878224307,0.827007400137682,-0.241584054655985,0.17409425077049,0.0747085397327945,0.19339551597658,-0.0472351681943857
-1.25668181689569,1.94347457411058,0.958244063444205,-0.505354316552163,0.855098069406793,-1.83663942854633,-0.565089421473741,0.522226220973284,-0.628842120241666,0.832453642863383
-0.0591201392663308,0.334551677682107,0.756170369914623,-0.080778749594414,0.570405763667103,0.673911715301991,0.687862461599514,-0.62447107179794,-0.519900979775564,0.827765602137696
-1.14263503016196,0.614787257592613,0.545757630003493,0.674855966014909,1.9576992799808,-1.19158089664448,-0.600132027358058,-0.0981324898003512,-0.621746277388295,0.077714285116959
0.326217609292795,-0.547291434236064,0.760500005328122,1.38311498899263,0.536678280160441,0.827550056440416,0.240585868706819,0.812757247647494,1.02697544493832,0.51534832541253
0.146982689362671,-0.110274380222104,0.00193138560372857,-0.323761705407413,-0.615526210914872,1.6028299254364,-0.548608122052098,1.50624791333505,0.0854323180049126,-0.693332393285974
-0.214637837166953,0.000430004256255108,-0.01616012176823,0.333985873589619,-0.622242397307134,-1.32291323412636,-0.168537644977873,-1.16024786031522,-1.41845286445724,-0.292475089732991
0.164872488284605,-0.26133188367036,0.891261897713237,0.23299303718342,-0.819938438705134,-0.278993196988418,-2.4174460496432,-0.536661704148967,0.97528221303279,-0.665902666850217
0.459489536476926,-0.108118313414617,1.88464556402873,0.149998471568433,0.00562718981344849,0.839287804714113,0.0933485810991759,1.43292375198534,0.58663039356642,1.32220359400329
-1.73987691506904,0.194749742209887,0.961742206234418,0.834804469888785,-0.546022360385451,0.149340102434208,-0.32245711997207,-0.0137350550049108,1.19234675540588,0.0842961930843815
-0.601376304201306,-1.41006261956885,2.00435508839372,-0.447466482033463,-0.521423383786364,-1.27106422673658,1.24257589107293,0.845325429536791,-0.977687750112708,0.248046662191275
0.627790447115187,-0.060915672259735,1.20876004641876,0.620663532193717,-0.953460074468058,-0.725712571891107,1.11353648654826,-1.15683856001794,0.0129891308581589,-0.0610601400440204
-0.838957731967527,-0.00346672233823759,1.55832202709083,-0.319077815805188,-0.681619007916474,1.03372255048836,-0.96109029908385,-0.503265856677792,-0.700203657601926,1.12309556410793
0.542669584383547,-0.0333367240933365,-1.85666536779517,-0.47029409247895,-0.24257030201773,-0.510089647006104,-0.00523134597575781,0.258924545841594,-0.348058178847016,-0.100277364542721
0.792726349076669,0.212895845994464,-0.358499826611171,0.901480112175382,0.528312537296167,0.76752453403904,-1.16345129761008,-0.207663947476221,0.207482403776758,-0.168279317257372
-0.376994264624247,0.667782153166561,-1.23822164325157,-0.260874697063937,-1.80665675484523,-0.641482102163998,1.38722734821181,-0.0928868488846163,0.519797824761328,0.236098847415949
-1.41175798468583,-0.354097247950078,-0.464196199981074,0.205368238309951,-0.664070540361467,2.18170732133112,0.66861569902758,0.704121642289083,-1.08378708955058,-0.227360070948495
0.302038454551078,0.112554294944422,0.428043184104483,-0.617255288185059,-0.847198167485345,1.57961130820608,1.39973603067117,0.173578590829587,-1.44873737358503,-1.11690197484661
-0.069463212835045,-0.468920599952693,0.382342201185125,1.34543302268388,-1.20563862428943,0.627977733428132,2.43930053443918,0.341212011633668,0.15931806247068,1.82147281129702
-1.50359466893598,0.680803613644591,-0.354845802295306,-0.118401181395037,-0.601891662373844,-0.162443710291729,-0.629158068887151,-1.7189180623101,0.0657839018546766,-0.0862804376077694
-0.957966274981888,0.706381160920567,0.330691586384824,0.050675902804081,-1.58001749316622,-0.603389282793,-1.51505043784321,0.329872533231772,-0.718556703560166,0.637598460134877
-0.710208595286486,0.254302332709191,-0.564310728185395,0.304688664267052,0.36045393156004,-0.141786362386067,-0.36463386055457,1.26182043845463,-0.308728358265,-0.620181898132746
0.474811046659342,-0.419205422856621,-0.724101249759751,-0.00686631445699068,-1.16240526550286,-1.35656534087399,1.37419574996626,0.0663342828090992,-0.8977348866826,-0.635826015125023
1.83955297216389,-0.416328005218658,0.369205967776772,-0.415834118644641,0.473832572116262,-1.12918628202427,-0.21959512594192,1.75191557922326,-1.99996546316178,-0.406123047378472
-0.391538659583359,-0.229968914018243,-2.11826754878205,-0.405385587431474,-1.48232383668577,-1.98302341114732,2.0147700207157,0.0222312978070394,0.578153589904585,-0.827086099672365
-0.744059939515561,0.0497154168971488,1.35018753198231,-1.71375626353974,-0.426516844534731,-1.38279283915889,2.54635796740193,0.0878850024766462,1.27562988844381,0.862591568238737
-1.93245515329435,-0.950513466612566,0.104795727921986,2.7695991500743,2.13392203664824,-0.337270938758015,2.24515776616257,-0.466880451319332,0.295950170424026,1.1651119463242
1.01271354597874,0.300973761161103,1.26323577297707,-0.356977415293732,-0.168619510688419,-0.815395119748749,-0.616705238994768,1.36113563837129,0.519409588938883,-1.25102991088932
-1.13982313339367,-0.0310939890642822,-0.589748112798137,1.1276792704301,-1.14595675120176,0.621286133587018,-0.212250666822172,-0.174250225581643,0.85577772685106,-2.08026675332863
1.49433910820273,0.468434218093635,-1.09841704141283,0.278229812406685,-0.102160801095127,-1.02892012382291,-0.269740611912298,-2.16257743330771,0.87955316331871,-2.41213370660038
1.3167591869778,1.49074181670239,-0.154072670178533,-0.797083605720395,-0.544936007391278,0.331780873117007,-0.372594609317557,-1.20059060099797,-0.142734502456265,-0.797106485849098
-0.280966450006159,0.680951160775681,0.414603417541592,-0.0239757843494792,-1.13299364970821,-2.64267495283667,1.31931007012719,0.622516720624722,-0.526363015982911,0.753660474807124
-1.57422637070279,-2.05348931895882,2.2359300425906,-0.460961189961057,1.38299254795458,1.34750461512015,0.879410879894092,0.658005826546987,0.052298108501549,1.36095639640006
-2.33454562148645,-0.780879479459865,0.184017537214964,-0.382046385637055,0.403681131676696,0.0833098963971745,0.580819678490062,0.852019702274421,1.27440546648984,0.284169618043481
0.378188882506386,0.911750974619016,-0.284764933506657,-1.37038898289991,0.220197522689577,0.920916215818648,0.712795316692983,-0.676242085163921,-0.844163384161132,0.887914433432057
-1.24712187384311,-2.02506387022229,0.492372422182675,-0.131720550107852,1.28274048636894,-0.112132857345293,-0.338366199369339,-0.425131999500192,1.91865853820703,0.499528741763349
1.32766019474217,-0.0561367599745437,-1.42490309647033,0.122715007173913,-0.0213202480293612,0.237212219637541,-0.299301152085681,-0.387241202806879,-0.342649498678222,-1.19875281466995
-2.26234574325769,-0.854169442128966,0.390966442982177,0.620962705837527,0.0171140389614656,0.729904676390945,0.522493176543132,-0.739912536537639,0.945665393401636,0.443118455107279
1.18436691655776,-1.37485693367913,-0.494441566724293,2.29448813222502,1.06292218305946,0.32104386746589,-0.617747399188994,1.23187893663359,-0.790000305870108,0.253277943483921
-1.19247117902632,-1.13032808053513,-0.975963688310484,1.10739271396085,-0.931686054519049,-0.511030792103465,-0.0364562774707201,-0.0308964789118565,-0.733201643361788,-0.369703699439672
0.0120427442381583,1.84234294620136,0.092635568154413,-1.17815205672023,0.264437238545678,1.80703488469976,-0.933308266590158,0.311038200217954,0.0126626447167372,0.434704813571653
0.565008245275945,-2.39298137252927,-1.93010341163924,0.054203734594497,0.186613366945026,0.577996615298021,-0.720349922231987,1.19661439118182,-0.897633298173664,0.315506392464449
-0.31580892251282,0.954663821089611,0.547771077424093,-0.728900825913331,1.04480729381159,-2.01388742669268,0.235873879059384,0.789768931336295,0.117239747874036,0.11844901743701
2.000205651298,-0.0417925196719969,1.18944499546962,0.94545981214358,-0.219802509372812,0.0651683301312204,-1.08877764554653,-0.942364600881994,-1.49694791111886,0.829574538677049
0.0323921113365342,0.930664835512799,2.22192258695754,-0.987914642241332,-0.864964698945861,-1.72139639119286,-1.61767165132021,-1.22272874005863,-0.360547606194598,-0.890287471311108
1.17941534461685,0.657861296497455,0.668980562216508,-0.343040232489503,-1.08970686120608,-4.6360520040325,0.248251664040143,-0.373654494454327,-0.0788471809845312,0.185933335561712
0.904962884068002,-0.988804377035353,0.560522691953281,-0.129595334384666,-0.804204007500067,-0.306542400616707,1.08969055169443,-0.16112713435712,-0.33827027721788,1.82242362940805
-0.228433599034765,0.347434849193621,-0.407004278544046,-0.268407870896246,1.52499595263393,0.536272481854175,-0.332400303229787,0.705679690093507,-0.952309235220203,-0.260071389443695
0.473788313996293,0.0131157431550222,0.515103317112201,1.26872293728665,1.46637500158892,-0.522231124070905,1.3120253969884,0.820416227068089,1.05711785737405,1.29907522970935
1.92766286051425,-0.693231281242177,-2.0408922122205,-0.93643288990064,0.775350163173739,-0.122612023250127,0.882358661603046,1.21392438607355,-1.58989366632128,-0.484083185033428
-2.21104410426136,-0.479650179801005,-1.20665943964258,0.467906355448204,0.339756022405953,0.536076472736643,-0.748233841291449,-0.396922789677095,-0.00394371651728184,-0.321983613634206
-0.823280674303565,1.87847646709446,1.20829954807612,0.606966282340209,0.641913248880083,-0.259391959041691,-0.573840438425842,-0.00582056352153281,-1.70215777888533,-0.717382720156368
0.318287218965778,-0.135964550376733,-1.14221489636901,0.591862224411449,0.532042972847372,-0.0536600499702055,0.445141382906614,0.625166197376846,0.544845739943805,0.814574321466224
0.693953621678109,0.599111415794738,-0.135220008289845,-0.439889814241464,-0.34520130522222,0.0189595224762643,1.57725225008259,0.1380856677226,1.13658942662409,1.16206845721376
-0.414014614022473,-0.035633121797798,-0.277060356372626,0.863589756504347,2.61099829715094,-0.320753714819667,-0.784607768652098,0.185132311367299,1.77500215737039,-1.373214359555
-0.807398841679213,-0.534373351275947,-0.0854351557793092,0.142782727169394,0.509979986521425,0.226325422604077,1.18516759010076,-1.06585621098798,0.917098557746145,-1.02822194905948
-0.522451101380369,1.90356524371856,-0.344431679032005,0.274823813934372,-0.858326845785681,-1.68858309930869,0.105154523355615,-0.623721526485726,-0.415144383119373,-2.07133454691016
-0.611647195751558,0.787197044209025,-0.607234321398607,-1.68829711546327,1.27624203272012,1.22428089582107,2.23373612411915,-0.065613950259985,-0.488146637311365,-0.739554276903048
0.825935290638871,0.894019539473972,0.947012062683851,-0.399515056559071,-0.755439594974109,1.55881106684774,-1.31180782953709,-0.216083609952042,-1.21276185269295,-0.369549558977561
-1.09329953818338,-0.774233361995488,-0.662432170466828,0.489656151242985,1.40592778374181,0.480099524475582,0.118973536126303,-1.61099151045045,-0.851005290218864,0.166426113322114
-0.82330531981075,-0.30666985643537,-1.11427262642598,0.481044481553727,0.348699974373847,0.129352974226377,-0.0547619656877875,0.223884684536708,0.833101737182228,2.55084713830303
-0.478911199512026,-0.464692300166759,-1.0707006130744,-1.70840314601153,0.635040038394019,0.180496170936975,-0.792263313814594,1.26746133833469,-1.89437312783909,-0.857911187911558
-0.248091566041134,0.513349253436314,-2.16781966937668,0.00257620915785733,-0.140571524204328,-0.347463822885933,0.0633864343859693,0.258464119442901,1.18881516161612,0.817359737995103
0.417150031356444,-0.156297294947385,0.450707756826705,1.73697484229035,0.0214598644622058,0.103420380480921,-0.468278133534199,1.10880928426065,1.37683880075746,0.536679730799866
-0.926609287830863,1.5658502777958,-0.665302183734502,1.09651572922705,-1.12009803712556,-0.588011560593147,-1.06099131325559,1.5813599268263,0.62802526908086,-1.90776064518328
-0.395201747803474,1.00612950958674,0.540253304933416,0.64185808306763,-0.268129647811499,-1.20867375436137,0.0731145138525677,-0.080497150327549,-0.587298264892739,-0.297862438989351
-0.367486770005332,-0.883001161881426,1.1497893487693,0.522346339536621,1.60190613487841,0.636832122194345,-0.010771448962973,-1.40874867627333,-0.674066652737628,-0.244031733125378
1.41852251951471,-0.59823450686244,-0.695075945167285,0.0443386647876978,-0.564703588063957,-0.0836583676764224,0.141834771588935,0.311960192794689,0.921310537754883,-0.0297743391096965
0.930210912033617,-0.722966434030534,-2.65111716439621,1.08222592737695,0.179738189210981,-0.578150819542474,0.541068412033723,-0.0156713955408203,-0.381737761006575,-0.397684532900198
0.871066446804527,0.634155553456203,-1.12040528483286,-0.141365776591268,0.102091912463375,-1.08820667810443,1.11986196355681,0.663494349034286,-0.433638728407022,0.548868595992404
-1.70399101983324,0.538274199582305,-1.66986259230097,0.0680619846755924,-0.00100121442297306,-1.30353106207185,-0.221243574418593,1.20902086061956,-0.742364864556612,1.72200492851276
0.357616480443466,0.203565902031603,-0.444976765218068,-1.38723305128366,-1.36551107220448,-0.891240712404244,0.404630446715159,-1.92772609292529,0.0863192834280081,-0.0580465732815243
0.0232348328289956,2.39576420859048,0.789880903988137,-1.63010045464725,0.677652808619725,-0.222288938189262,-0.520269298016321,-0.361833514769515,-0.546720901131141,-0.112633554582152
2.28217194045647,0.137188682699239,-0.164772765871553,0.418672159479978,-0.0136162796772468,0.230456949644925,1.32431329930449,2.22498235760949,0.764259890965203,-1.35014854272359
0.606428942546016,-0.662106630189808,0.664376627692202,0.349298410864711,-1.50164272907456,0.168028692111896,1.40892168334443,-0.381292123025932,-0.687764894067964,0.272129257171172
-1.36792011341445,0.456058726749348,1.63701825648684,-0.605603308432999,-1.35168435950378,0.0558685277654897,-0.135788299640545,1.54930086822828,1.34116531317752,2.08156821774657
-0.715005689121111,-0.664559195807921,-0.674588024798375,0.331380035006588,-1.09876470457682,-2.73425007390251,0.483643082456098,-0.634760380774971,1.6117383638647,-0.583217165292343
-0.233301720724773,-1.08986898946746,-0.701463065521448,-1.30760693505399,0.442704497493064,2.04056289025033,-0.074085186548138,-0.561628162057368,-1.72491038291951,0.530947071883383
-1.5829265782365,1.10559326391107,-0.920747877221167,-0.350438337495062,1.07262568909247,-0.0634672272601883,1.91366008894125,-0.0744098467433319,0.112399301810348,-2.46548925505274
0.854158767915882,0.112196133270536,-0.757292991670407,-0.225080555905804,1.44494807084734,0.47420053649805,0.462369173766523,0.466045323707418,-2.95202674456701,0.518942945599697
-1.92032688201595,-0.761498185172525,1.68401662526805,0.503743549410915,0.944152252301917,-0.723531241943655,0.813498369472472,1.25530759019192,-0.318231668251281,0.341011135752956
0.261803873780358,-0.119086313894457,-1.36231689830664,-0.00592565353361104,2.09540763762193,0.289936541607551,1.84185163471781,1.03559503590606,1.62452442053842,0.0624652752339424
0.401448834349428,-1.71953658261665,0.0138895822889993,0.182351949734599,1.74358250248822,-0.309128476108199,1.31581042670262,0.873870471186543,0.376795666851044,2.05939549602035
0.0491558840440164,-1.62505519042221,0.100270730934093,-0.253243732290908,-0.40726334347109,-0.213086848564892,3.284270337429,1.18730737279336,-1.1406467926528,0.665119449437347
-0.0949126875572158,-1.39978313599894,-0.978075029960193,1.49384979435338,-0.956023549228365,-1.50054331731149,0.18090795459487,-1.14800923511317,-0.97800950192623,1.19116052442728
1.31459084549546,0.163527782885779,-0.658923115967018,-0.759429550882994,-0.545435720185461,-1.14987019126741,-0.412132320261353,-0.791794628529297,-0.497752595151573,-1.94755966031168
1.57872066945277,1.46142578504664,-0.711220158667775,-0.320081075478674,-1.48015207578704,1.08100120043266,-0.60219483917442,-0.0870120035372212,-0.275126132028806,-1.95136805762026
-0.58743992694935,1.0840993622327,-1.50891585585571,-0.517625339739292,0.0528944927833245,0.675505220102966,-0.977351469945544,0.0813360968481138,1.32457428533637,-1.80808799423798
0.135500751993804,-1.49682443346672,-1.0775719171051,2.38005821759072,-0.850659107895217,1.0632680219981,2.3138718557105,-0.987607614622662,1.35900386499283,0.10896473021856
-0.139823593949266,-0.14300605665818,-0.812680908790337,-0.517520555860037,0.824940405512391,0.0499363783591933,-0.205382012191154,0.367855328480371,-1.83620135442084,0.149478216890719
1.61031954577355,-1.06053014277375,-1.32622856892149,0.858968251475128,-0.109532866710991,1.6791763248815,-0.206479281071379,-0.910846686322163,0.430641666253959,1.04021841740424
0.650055542961033,0.237646242846214,1.68014662672587,1.46882382742018,-0.293627860118542,0.772088584708475,1.31540477537761,-1.07664487012654,-0.375246673950395,1.13419477728774
-0.514203290221233,0.800773909093056,0.0962001277827922,-1.01097915115246,0.507234540766489,0.107396973452453,-0.290388758727232,0.619871466208444,-0.440990699091875,-2.54939066672355
0.396339944724579,1.15326141676449,-0.324027075251096,-1.19940418276257,-0.294633942876782,-0.501346042497612,-2.95758749835236,-0.560247226850443,-0.212990810134046,-0.544646855856942
-0.85421549195459,0.319841642558938,1.11508027875597,0.347443651069199,-0.198372586391096,-1.08533122440481,0.123965747292787,0.0326353612204178,1.66243917286979,-0.514179654494485
0.841779381408913,-0.0202194060375526,0.208400064021136,-0.41149167783247,-1.28807931454468,-0.065851112841672,0.522298170130839,-0.137743423477564,-1.21233802855139,-1.3694108424762
-0.157100926434715,-0.807588927512494,-0.783091882464065,-0.60086204715068,0.989462540242253,-0.0289294755673098,0.483232839062401,0.65885845289526,-0.732403730851439,1.74142040613768
-0.542180554189095,0.196077548415496,0.992946598190391,-0.15046550163299,-1.98436924723072,1.77054276256481,0.598192623572612,1.38567866416249,1.04304455049543,-1.98674963337233
-0.876367024141327,-1.23005892356545,-0.85500405612829,0.802198411202599,-0.167231186832615,0.0157370940242549,0.265780812366262,-0.239926244658542,-0.523273745455811,1.67438341607859
-1.50637416604228,0.239259329286813,-0.381255496788006,-0.307106741953445,-0.835268800084331,1.6227732554289,-0.393038310344412,1.36555371661322,0.417011846314162,0.203520299526337
0.131126539107223,1.69362887435421,-1.63288142229773,0.280537321427132,1.3334032048605,-1.77400623332717,1.20899709010126,0.932482165175537,0.905665945693204,-0.700612613965551
-1.0715614450388,0.73442836242481,0.653108347504155,-0.286635828015798,-1.46832667766957,-0.831757521709668,-1.98737066083218,-1.11522583563523,0.783267461393799,-1.41633356508847
0.644880234994729,-0.298365321176941,-0.0666167985868773,0.824154856076486,0.552774045861233,0.454377493612076,2.74187236092559,0.104670426690523,-0.453490636626831,1.0602762823851
-1.43332964161153,0.167207588561072,-0.535745857761558,0.0102016114564628,0.2637767608377,-0.805328506131284,0.500773978336368,-1.88354104457225,0.824203802964988,0.815783895054337
1.04179389214753,0.356399496845777,-1.59658161206655,-0.730134409517754,-0.455515316653216,0.994116349257578,0.867118144331022,0.395560344495008,-0.598583976443901,0.6048061885781
-0.749208595371914,-1.21997383419304,-0.62221862171097,0.0451557541818811,1.76851767709258,1.21522968485779,0.138219702638758,0.501578602743903,-0.442326973915007,0.823893981736205
0.30700304110935,-0.247947605369709,1.42111140112847,-0.137052832415203,1.05526101429025,-0.25963208827075,0.703322873736568,0.490578197562275,-0.651460172578402,0.622968312566724
-0.35451114393962,-0.35092750911417,-1.4114209241684,2.83566993694013,-0.547927275665558,-1.34679299097854,-0.115436651461431,0.301973076248292,0.888632067452167,0.526026904003714
0.566454410453756,-0.776037595666396,-1.21328083764379,-1.39179246449346,-1.29494654503256,-0.59885003066627,0.711960130696024,0.361110197732326,1.24601707443341,-1.41479433318542
-0.707194257874819,0.997082650540559,1.80543074960511,1.2303181015999,0.128961004741355,-0.742780606356705,0.444222994650951,-1.59080814875601,-1.00090592299055,1.10649712064298
1.47372604527548,-0.490776249585247,1.70047803152699,0.325145280758273,-0.0606234585169192,-2.06507824782693,0.410065432291254,0.144006831265446,0.48801105373934,2.00611322479814
-1.86907433783696,0.708129316957349,1.19169814791276,-0.23183297783346,0.653139049410634,1.70893261112741,-1.05905760443618,-0.2934178354672,1.03611582333074,0.93445925842051
1.32368502597362,-0.165098307629885,0.0146856080363878,1.0222664164259,0.786798259706706,-0.022713357593845,-1.68671571701976,1.21697602306776,-0.0569230030779842,0.4887178088107
1.36279395048195,0.0297866845329385,-1.94283486101848,-0.758851638660845,-0.464768642345416,0.234371371295181,1.37431440620424,-0.275318698815824,-0.424571521742345,1.13469283723811
1.08199106843341,0.997962264740141,0.0831881909414245,-0.5113667873986,0.0924402461245126,-0.246215439645341,-1.45865570932894,-0.0952065909643264,-0.318353451811786,-0.721199951136951
-0.870002307859308,-0.984990288140581,-0.585213355443939,2.01868426827317,0.151219802128801,-0.0509184039301715,0.813532182917444,-1.62569326244317,-0.614521706815487,3.18593951175389
0.291918161692976,-0.606138851522674,0.548491442243544,0.999495666366272,0.0177241691169369,-0.896296911346616,-1.97267161871033,0.703174444586112,-0.909614511044604,-0.706414277369815
-0.487804254586814,0.730640063125298,0.0247363847923148,0.128889322023426,0.192150542205561,-0.532077279458228,-1.28947289487793,-0.292802398705451,0.424384896084765,-1.11128730908042
-0.669100420967542,-0.0319960250430867,-0.552331856565324,1.22842080629439,-1.69968963931335,0.204951887153823,0.767409975459488,0.240826445813656,-0.0110542888816089,1.32538925996577
-0.709404372946212,-0.127971753743835,0.11360930319202,1.72970495383414,0.630131727636474,1.23671622765042,-0.481437183632588,-1.06125122581298,-1.14594747566496,0.698060983237917
-0.967250190633707,1.49787982543493,-0.517406144769898,0.464544106974262,0.655076675046511,-1.91701383775695,-0.681403658452812,-0.121866997083639,-1.96491800539381,-1.70491067172302
0.642689984170383,-0.976507101402321,1.17764335167579,0.118434707525956,1.40470625343868,-0.950686906957862,0.576987842917439,0.238884474489387,0.708683218568008,1.29718637697017
-0.856478398052942,-0.349794962823884,0.813009478613198,0.342221001440179,0.522907789006259,-1.23490776502865,0.210798439996821,0.407569646369898,-1.02921466260563,1.43767160804131
-0.283074113338448,-0.230058204875285,0.232265902059213,-0.950234913095554,-0.37207527142564,-0.455877621641878,-0.788542113087753,0.588517050085247,-0.282547753462177,-0.493522621707383
0.0931814475999613,0.967183320197771,-0.612119884685531,-1.80661177377824,-0.549618558850922,-0.320458837735223,1.34078105318269,1.95643121994423,-0.794392872571914,-0.00306010257339368
0.320520382241635,1.10635169233582,-0.78956474275392,-2.18475556779906,-1.52978498011946,-1.16620444219768,0.00155275942583093,-0.890496732663353,-1.64954039749282,-0.0836481655445789
-0.300935422702778,0.453652405491552,1.15743456751635,2.09612974633849,0.576683157333755,-0.344550632738021,0.801844380970812,1.5430310853399,0.227322214419539,0.205884726325693
0.921707273078714,-0.791618467425943,0.601025041600962,-0.0309476612283748,0.0373447974123412,0.0472563985455831,0.653123394511098,1.22899898842548,0.16659433919251,-0.512382767620535
0.868284555585402,-0.0654696083580295,-2.15071081534942,0.46836273072891,-0.608294773194532,0.431644712853249,0.408619148453968,-0.0221537572135421,0.972831161645201,-0.528007154309488
-0.91433169539892,0.271983105268529,-0.124702323813556,-0.295779061501193,-0.195023411880582,-1.5624980978261,-1.77573557341993,1.02858476697655,1.91267038437666,-0.60736265062562
0.122455333283948,-1.01435265476749,-0.997571679800358,-0.214874437300092,0.997500994740596,0.420857607193025,-0.40903258330606,-0.43857461713972,0.402050089281565,-0.174908333828838
-0.447628373440869,0.299768191698195,-0.207949405910417,-1.13312475774448,0.187215274218536,1.34217329262131,-0.378275164765232,0.243995114389083,0.0936210485181276,1.25602500328617
-0.976890016209524,-1.46148216239118,0.621606141104641,0.940661857777673,-0.438284941997525,-0.444234855057495,-2.13332120303532,0.894768463280846,-0.443700105607579,-0.671740747663072
0.773848074146648,-0.9818479585796,-1.1447718115851,0.390046795651658,-0.330759982472999,-0.170600804825316,-1.17685734580262,0.632644643410753,0.155920409560879,0.190153356405401
-0.302273181001374,-0.55781272859121,0.0454711980015688,-2.43533016526111,-0.201514797096109,0.376994559831381,-1.29286033576493,2.15077481925798,0.0293144533440096,1.01800016028778
0.566765569920912,-0.166518676102051,0.983081335234399,-0.856104381177725,-0.107478899195431,-0.950884769457338,-0.0748616714197876,-0.481896373817375,0.315092538402996,-0.509214658741645
0.778298994884387,0.298801951430561,-0.112452661328467,-1.04544181280377,0.273710259805783,-1.04153989038791,0.416508653083391,0.987423079564551,-1.17584641391835,-0.626830639857175
0.447333112826797,1.74658159742664,-0.444838304383769,-1.26829643158304,-0.893392579750589,1.26981188380064,1.90375037993988,-0.174358550631161,0.903134817711201,0.178148646863131
0.274633726829777,-1.91550839834431,-0.488464421847837,0.622664299644235,0.792162067473153,-0.0815512915848498,0.210760389960691,1.03031541293961,-0.284183634495668,0.382244262986695
2.49912377988571,1.10739535462702,0.7425660343598,0.635421788634785,-1.01706179368336,0.661355360023347,-0.5655902348102,0.0900574475974863,-0.471671282551925,0.334039962840496
0.208045178002802,-1.60008909040959,0.997715383008421,1.67034417651845,-1.28471387744021,0.729256745885832,-0.430615111523371,0.0113908938663554,0.574218020257693,1.1967935252028
0.960015392513247,-1.51889253899074,-0.203280835219715,0.616372090404262,-0.786499718383248,0.412376240259299,0.174268320116298,2.20001748406164,0.197362478101978,-0.395922562859447
0.460821980418729,-0.703637259056781,-0.676663335292462,0.219236287362859,-1.49664482837499,0.291336894729736,0.646843422253002,1.09927089197215,0.172367940446177,-0.200754267823492
-1.11909337894957,0.079233588294883,1.71140592954632,-3.0544477126891,-0.642608447855558,-0.0669854304592965,-0.705091188673067,1.44119937344002,0.187322851948457,1.89076149699218
1.29059916024004,0.122651529439779,-0.73913179825104,-1.17060695663942,0.869177115262171,-0.121962816370832,0.294547776227526,-0.270978177993059,-0.80999721707822,-0.0727452837803625
-0.449960325976727,-0.0183824549462691,-0.273685654537244,0.334306603107099,0.569314066994282,0.653399886611687,-0.0585120591532332,-0.881377581652049,2.25721343128143,-0.702682988113168
2.12821424024878,-1.17212915296472,0.597858687667972,0.290906434437621,-0.343082936838173,0.861748279285124,1.02430408797339,1.33132908185277,-0.626431155976242,0.866665995655605
-1.17230028199107,1.29223675177744,0.220510931010068,0.305385087742056,0.149021822683672,-1.38161525198954,-0.134248523125798,2.07641770478243,1.30257414958441,-0.446335875162968
0.443203573308437,-0.0754114406605936,-0.335544866967444,-1.18962602635649,0.143551453880096,0.607655581064527,-0.87844897506495,0.180291320065985,1.07431404813726,0.233049863763249
-0.16061190463516,-0.660074774581451,-0.2409935985667,-0.735405289113831,-0.159970237582609,-0.79895465691896,0.519378091072405,0.891476033825471,1.59674855409359,0.564995732813003
-0.703896852205963,-0.706682144251388,1.67832659355933,-0.417710906419618,0.698070739925576,0.547589632271752,1.93307550955935,0.91768564791249,1.46550185009332,-0.054616968779072
1.06081642119995,0.664080169495729,0.110523475916287,-1.22275014220657,-1.07997603900086,-0.910373954358688,-0.591022099133874,-0.0353027668897416,0.0155897503462734,0.529444383468039
2.26060032779283,0.158333632658259,0.724807911495138,-0.522166202757404,-0.423501737234788,-0.213659341199661,-0.57031555410108,-0.462092678675165,0.661745517060748,0.517080690152328
1.0710029232611,-0.0279340876334697,-0.820338272335499,-1.0539261223395,-0.665455425792549,-0.859754404810704,0.0384972156646235,-0.0798875073335912,0.284249273003012,0.837567809657732
-0.546003718854482,0.161039783691033,1.45056470848386,2.40717056646906,0.538580665586622,-1.86230613313334,-1.19671112103944,0.767448074659607,-0.106464164586675,0.163576680015942
-1.59445910996638,-0.0927372323215898,1.01135173543842,-0.489308574365606,-0.715262440093817,0.216060234074785,-2.09977836892823,-0.168386137815918,0.1146098520432,-1.37063721463272
-0.741866807413449,-0.162787792910646,0.27733445520236,-0.284596871842717,-1.10502483505379,1.22513897646368,-0.115274084005422,0.0231600675501768,-0.226272695613678,-0.197771158233933
-0.321015006013069,-0.739859322086592,1.48203074916008,0.318175586010971,0.754719715359613,-0.51911637224931,0.86601699330259,1.03422794773396,1.03801271307626,-0.342003750724245
0.59612694433155,0.461717489793431,1.1317477658615,-0.900594852982008,0.211365394520763,0.238749073974882,1.04732115576159,-0.381332733161829,0.113151913685941,-1.3154001158252
-1.29564000054421,0.609730903482223,1.87492605314337,-1.36849107577308,-0.778788155221024,0.993981347821457,-1.19780287347527,-1.62752063425595,0.216813395974004,1.78834930021177
0.181342214960499,-0.233168549493271,0.0767602886435726,-0.87996685722505,0.138331554731231,-0.389971115189915,-1.02279371658087,-1.29409312037718,-0.273977109745484,0.0683438561135043
-0.234599178480088,-0.689422388399629,-3.15214363406479,0.0184550779610954,0.706458236289175,-0.905333251711247,0.814561054287742,-0.638155681024235,0.44326794311589,-1.60862715346401
-0.672021593036799,0.840350796658962,0.705166353377866,-0.158545706836821,-1.06698810074466,0.983312568190829,-0.797948664843902,-0.825941721185585,0.865904926008281,-0.685078316442454
0.967479664021474,0.185800002344526,-0.208561070083717,0.482507817331323,1.37139202801035,0.831432877259234,0.181418018045992,0.393629162089778,0.688847082145954,2.04555585882284
1.62644901924321,-1.04708001962852,-0.171972998241014,1.41867123759829,0.407298010519338,2.38676476017428,-1.7096164518029,0.956081382621537,1.01094917304896,2.13204959106092
-0.331310850240239,1.49635863611339,-0.262084808121127,0.78999758010527,-1.94386099316387,0.308340226160112,-1.77204559424679,0.605288613911736,0.668176086924548,1.10248595099144
-0.205229342108672,-0.420787709801081,0.0552669081813294,-0.427032407323742,1.23578998717113,1.45106889833649,-0.743144023582986,0.252516495882282,0.249092765409866,0.675721930455154
0.85543204782695,0.0137219221688904,-0.586843421165894,0.84976092992731,1.09900458594913,-2.11676193429646,0.348940232329659,1.64045322817213,-1.4562518154004,-0.334121630180404
-0.915335837480194,-0.136780588799261,-1.42928520561327,-1.0051584626503,-0.418707610880179,0.590685549744004,-0.170186433316521,-1.30769723954308,-0.165744122599484,0.605488061482629
0.995474850483296,0.574363719634931,1.09767509566781,0.289171847929391,-0.334852614142926,0.580886790784049,-1.66223619821906,0.0395945449739416,-0.491906722131218,0.86820165580874
0.174801719562732,-0.751577830838933,0.526536006986654,0.253053203578485,-0.215307284438217,-0.0388721485844745,1.16872875635737,0.231664837676218,-0.873496280189166,0.796613736465896
-0.302929582943611,0.707514779738103,0.331663866530897,0.347615170736739,0.819675836235362,-0.133460857634546,1.59525812519926,-0.000412382141193487,0.895641545145239,-0.983557891100456
-0.184924331255645,2.12511196736793,-0.0700066949369495,-0.628078735250006,0.310033766669874,0.157832573959703,1.28266005093719,-1.49301662412792,1.44430205511331,0.701003066467906
-0.165135536977798,-0.734528001063722,0.245641639176079,-0.167664411403892,-0.175515050071906,1.52885282792969,-0.0121172601489512,0.486614483727577,-0.772192296974794,-0.636108632255055
-0.780420346449829,-0.0621756294213087,0.624888021387461,-2.77384968025106,-0.883260208032554,0.84960781343583,0.0934447092318405,0.202089447337268,0.317118244181405,-0.035187890492233
-0.307548905747685,0.346239411935559,-1.1941864970894,-0.345872186045964,-1.43092706200168,-1.41026363557615,0.596308061230981,0.530428701146466,1.33987255058872,0.255704622862901
1.35606389251375,0.0470075568399365,-0.351839513380112,1.69602099691116,-1.09874500598739,1.04450426440517,-0.839747845282498,0.409537595772484,-0.192780105961008,0.285202938710477
0.367856364820083,0.127290079897169,-2.92971023671679,-0.550463396654852,1.20335122439579,0.514773460842175,1.89757684511958,0.756354366618274,1.99337337267044,-0.0616166566629394
0.388404660889273,-1.7433853462716,-0.100346334139382,0.511696935340837,1.16427500357345,0.609354240393584,-0.177432784669791,0.599752398505856,2.20054831702723,0.853700003919424
0.194375339439764,-0.34359571807573,0.351344407693737,1.76267914251366,-1.49812863935739,1.12521403889787,0.336215345568609,1.13520171994325,1.73949008597248,0.985732725347083
1.60471666808613,-0.353215568422939,0.855102697694316,0.72019955831487,-1.31238431609251,1.02863192171489,1.46365444281805,0.400757713914997,0.206753050591536,0.202103809758273
-0.32158356227068,0.843741806726309,0.623335583798891,0.896128872352189,-0.365901815244362,-0.715627501389626,-1.88578466075776,-0.985220106860288,1.78701252252482,0.398511367552714
-1.29037846919117,0.872948169127569,-1.06754381530119,1.23821277747348,1.42441572781333,-0.146598230427888,-0.759876310558238,-2.3811192560123,1.22066304274468,-0.982132915241038
0.296586452458184,0.526955481561523,0.38652294045744,-1.2710822953615,1.25815589606906,2.6660320991065,0.125655118158168,0.269584551450669,-0.142542844775697,-0.0538543404649581
-0.797538435360572,0.168333906363866,-0.357967549517466,0.73155153109641,1.46983204973355,1.17982158695044,0.120488564797855,0.507548474171676,0.753165335989728,0.174463517054322
0.547007179427316,-0.143070585900116,-0.352465305720808,-0.517945840855684,-0.3476437862581,1.11629737592506,-0.683506364987769,0.769643882867945,0.412301509635197,-0.556428755845642
0.633995790442893,0.644411068873543,-1.55947824393045,-0.996193311171439,-0.111409020242092,0.124028649462858,-0.019828076901016,-1.64540826864945,0.502491260111111,-1.02342110511592
-0.0613936418246765,-1.02522829653267,-1.00431206137388,-0.167038402995341,0.183069711807484,0.588391943436361,1.72694005791724,0.289300430995209,-0.602668696477144,-1.25079069358826
2.54151228221296,-1.22516073456934,-0.60250941983561,-0.436029729862833,-1.10985159765583,-0.587364875344939,0.692599906007652,-0.146103114566613,-0.612306602948279,0.191034631276395
0.725439615729257,0.434587003455443,-1.29192337253394,0.798119585139234,-0.269382842254669,0.125890596142879,-0.873811722156012,-0.540195978054883,-0.33017289696303,-1.28828134109568
0.350718386906796,0.282778451655459,1.6305988688325,-0.436863027861084,-0.409401230528327,-0.208218088297146,2.22852343918021,-0.342212052342373,0.691651028998552,-0.563286252741235
0.0541714688685052,-1.11909437510103,-0.778295655632826,0.598515882970791,0.709463342963842,2.45585441537186,-0.23648000175378,1.03288578007843,1.69903129850913,-0.411424463862704
-0.125163900335125,-0.927092091983191,0.380439326660357,1.29325160537848,-0.593575183893863,-0.285405855417885,1.22097959973059,0.892741159226171,0.176967101845574,0.66948919189997
2.11475497333426,-2.08856904293116,-2.14662409710145,-0.000701217914562197,1.23786053823561,0.167554598224026,2.11995555497355,-0.847707915211412,-0.523833538723381,-1.41360705589903
0.343172829366173,0.598897302158445,-0.366843588230917,0.284276412379441,-1.03402197774842,-1.51979423557184,-0.732824981188446,-2.30692274014889,0.847961806593238,-0.268046558606913
-0.41766707738053,1.35656174151725,1.12549632506161,-0.809902135901492,0.635731432346714,-0.767557905590604,-0.376634508667397,0.219326917139665,1.43018748817676,1.39009406682609
1.17216785317394,-0.950418317163207,-1.48351407676008,0.0942237402398942,-1.82725197052721,-0.188935157301718,-0.649966625584956,-0.502700365415138,-0.708013325214626,-1.06291507081677
0.830983957757414,1.95226381851576,1.9022692559528,-0.406145335501718,-0.665503370297851,0.514953284880472,0.20431855599687,-0.363551757936643,-0.856158942772396,-1.10971283515138
0.425166063668601,0.86306922463843,-2.57883598936148,-0.0730209224342897,0.0384399613703105,0.637694804682672,-1.52703437888626,1.15426345624098,-1.01656621949289,-0.320772934065175
0.58461024839559,-0.290492642495867,0.232680395843967,0.753160258483194,-0.205088206080749,1.53838080092667,0.465267834473322,0.162847947542197,-0.0136475463794978,1.47652332764971
0.0270284793452534,1.7443690633155,-3.06746507781198,0.630839693359647,0.0471137821928465,-0.834826551562825,0.462481837806892,-1.77315842146685,-1.11810818205891,-0.183321534021652
-0.352628033520659,-0.208047737876417,0.931022380855889,0.438577952566473,0.640812413138539,0.335498170075572,-1.7476359386073,1.13660147866691,-0.96731886189165,0.517264246421475
0.0219001206472105,-0.811134567836814,-0.255832953025674,-0.849868852432643,0.789105162150767,-1.13032861092044,-0.0730228244969927,0.147829062422638,-1.07898266408228,0.527116778845258
0.436401441725368,-0.0242196113892096,-1.47771166062952,-1.44528334710827,1.24929355386038,1.13497043753482,0.929537897971897,-0.129310644623424,1.17843217462949,0.344039648281199
-0.828422041775441,0.981466868259955,0.544468600985598,0.634433672550578,-0.692201165072856,1.32377894751451,-1.77853721077401,-1.45259056397101,-1.26121254623286,-0.462491089379375
-0.431990284275233,0.641571842059042,-2.13594619257553,0.521763914522133,-0.00506469901643657,-0.391219575219674,1.02926528925128,-0.245124129887716,0.402281812462597,0.0364915222491123
0.614902987001164,-1.17477546354559,-0.169978866418814,0.00617847219959297,-0.239011063287662,0.345060139248622,-0.441595408848006,0.352752046139563,-1.14236178101475,0.589241425729292
-0.360156457121369,-0.437991555237142,2.16342140344073,2.67216759089175,0.869993537333965,2.02156923117986,-0.895337842236401,-0.00933866564402628,-0.136153755636114,1.97088328170494
-0.218740816257805,-0.0404710855192093,-0.107017809488808,-2.33293591329416,1.48541933405809,0.399043220819403,0.218614853317086,0.227610906775295,-0.263615348609941,-0.385842984854529
1.61673863799398,-0.886487627882191,0.854235893320696,-0.648881937761691,1.10728294414965,-0.611931888320013,1.0377069974374,-0.120392466073722,-1.16130398703554,-0.833885604458398
-0.868593862051878,-0.401744614663433,-0.180498880943428,-0.0633124180321291,-1.22053093224488,-0.285581724116613,0.646136691706719,0.230623904415167,0.0834378183634635,-0.238296161146022
0.625041000429011,-0.409266240024519,-0.0421389007021069,-0.0794802878795878,-0.0110161633197073,0.482318238001584,-0.505922194860237,1.71098142839146,-0.329775965907943,-1.93406453267935
0.863986370481045,0.579861213457051,0.0934090153704992,-0.817299727231767,-2.12382864108433,-0.4990650632566,-2.65356100854613,0.957136095956782,1.88211558943194,0.26200757798515
0.112561724053192,0.50209969772962,1.25786856215041,2.76618275196513,0.979164497299299,0.771277183617005,-1.63167486682308,0.750641476941959,-0.274819299239511,-0.156780379335888
-1.18600956205721,-0.832123017028393,0.550452800856655,-1.8341176934423,1.240663769885,-0.631143861459551,-0.902005168994164,-0.866431409869955,0.569889258310975,-0.42661672728504
0.535119325887582,-0.498870479161537,-0.319921304139424,-1.65699848863981,0.0517293537701457,0.740220896855944,1.60476574565499,-0.711243293674533,0.829959307172013,1.61123438073139
0.900605657181236,-1.06277258464088,-0.776372500448305,-0.219825137307905,0.579706826270847,-1.49640393648176,0.629608950679353,0.0511718993656598,1.6947649212578,0.633139060177152
0.148300537612034,-0.255196623637378,-0.257336861507704,-0.0364235702064089,-0.225528763175575,1.17486018389559,-0.0348540560395897,-0.6846255289572,2.10246070398312,1.34268046716574
-0.0184331199282597,0.885154043943319,0.432960669934438,1.02307494004915,-1.88427364877178,-3.00349457348916,0.601205275626567,0.0112530013770241,1.04307625562143,0.573845834448742
0.450406268663231,0.562995033867396,0.311373563772173,0.496921668843466,-0.623134484962614,0.0925317423027913,1.57283050336618,0.619743469895025,-0.710970362958105,1.2370938489971
-0.254410856511024,-0.441512775946404,-0.463466251936336,-0.118986834590646,-1.19758734833371,-0.977051074511437,0.236140571491342,-0.0362606750848645,0.579578104152094,-1.2760733415788
-1.53435069090352,1.25520524996147,0.803996095489614,0.141672580535284,-0.523967463036714,0.699568004311264,-0.77739103700958,0.481264339392583,-1.30392219076256,-1.78019950643717
-1.14678828152091,-1.34959599227936,0.565962990352002,-0.953507480848656,-1.88355470445627,0.51116604921359,-1.27527650142346,-1.97877819478948,-0.444057723191541,-0.120760989347374
0.636609216424175,-0.0188456829789691,0.0504719818215179,2.71954486632992,-1.09691486715814,-0.109364744652392,0.15460730698628,-1.1341145047058,-1.50403659294473,0.378377339539197
0.518750853014885,-2.11948210499779,0.251792855123963,0.761158701741369,0.347328563384281,2.40165843045161,1.10650431336907,1.04075247095769,-0.263674505356596,0.792322544679484
-0.297070586937253,-0.106382823431966,-1.58445118146426,-0.763257051176041,0.787315906428699,-0.0672639915014051,-2.74208734464391,1.38452575211268,0.25825156992631,-0.286891710988076
1.41227101904533,0.629941740405058,0.546811756554237,-0.514436223691284,0.87095720778057,1.73021801193793,-0.807559836700159,2.17414716431543,0.0218164034589,-0.424771306109811
0.641045999355861,-0.241940755377504,0.501464492346381,0.628579924452704,-0.986579459717954,-2.01074704196915,0.397076272296807,1.17130093019622,-0.0569114856206533,-1.03206729270275
-0.931619092290084,-0.698302808573093,-0.466485761508924,0.681442773306757,-0.687035230726103,0.148719728533415,-1.32958525934525,1.43823419319029,0.410686539233223,0.414980358814634
-0.28701282309343,0.0802197930551792,-0.358267669074304,-1.32496856895656,-2.38241070823879,-0.711956343253665,0.703662918209841,1.40775463102566,1.50976314154148,0.441730634968015
-1.2956895135532,0.170808652301338,-0.829843765007026,1.16541349329187,0.621578034989362,-0.110309094626086,-0.0422967756057084,0.617991282851974,-0.136822843636822,-0.565726075855125
-1.27179497491079,0.204581021097773,-0.657264619530713,-0.869563516711325,0.240536613264862,2.34523846827279,1.40092031412695,0.123971946203634,0.918493955965785,-0.836917200877428
1.01406465171656,0.617740199558071,0.181566489930376,-0.742828309165284,-0.958302261997669,0.335380742525284,1.34145863877084,0.323371522719956,-0.517406313643919,-2.10513688024668
-1.48809528745567,2.63498266354238,-2.02141630994512,-1.41650078978318,-1.9453458837241,0.337902179736981,0.8819882907751,-1.89456528107642,0.813208954283843,1.11229162786411
-0.605720184935734,-0.538806300106946,1.21344640991973,0.491467098373744,2.26577703685732,-0.773985334217098,0.33415260257734,-0.0225788795075469,-0.528633822908232,-0.966615951689478
1.15843984509166,-0.644784463185482,-0.257145542919169,0.444669574417545,1.03694594877936,2.1502095320704,1.56398892039484,0.384897779150916,-0.875192143586935,0.581186637412654
0.847880734483216,-0.69800480553459,-1.12506391837753,-0.797125522494812,1.43352174817942,-0.741012835816282,-1.37288032757298,3.22877624480784,-0.517166979342197,0.726839710215924
-0.201749999987337,0.14195524043617,-0.0979420366579444,-0.0482945121941068,0.0122466446824213,0.333685067014597,-0.0515935584738692,-1.48034277246633,0.231332647997954,1.35964638502121
-0.290293531924912,0.943992643174465,2.14320237509811,-0.57264069509829,-1.32578586318282,-1.44765691798875,0.277225195634214,-0.74146716362384,0.124022677707338,0.835831069398987
0.0579045895829809,0.288206845298614,0.260042863475038,-0.0384093906098037,1.13393883407582,-0.870875259482904,0.810476028164092,-0.619154321342592,1.83369697548101,-0.416743007743041
0.589197786408559,0.97660973481724,-0.455350661147443,-0.718702612672721,-0.484259819058587,-3.30502909635816,0.183020553355702,-1.45379460232734,-1.07066751932665,-0.366436956077795
2.08583916742036,0.243400248466979,-2.18344077732017,0.774243532835692,-0.819876387061635,-0.269873174342017,-0.71922362607841,1.92625563329649,-2.01114804964558,-0.491906637042758
-1.81639720564785,0.719978066614557,-0.59186222645095,-0.197557539929284,-0.797572551988021,-0.436257421523058,0.513536964829526,0.0599292356308275,0.40949301973415,-0.862967343646905
-0.462470147468788,1.99009570435768,2.12748853257315,-0.721142857683578,-0.828227378139024,-2.9368820056837,0.477220078393361,-1.74940333203102,-0.497032946622796,-2.2659837535204
2.27283181308495,-1.64909224038336,-0.0824673967798026,-0.154566803809007,-0.957149925898083,0.415711089577357,-0.0984848845427129,1.12583858632475,-0.618208951631563,-0.75819251349995
3.08498845222654,0.70263747963686,0.979663300184235,-0.0923620564975253,0.755780831969513,-0.166456564053768,0.168264470723035,0.271378122732344,0.541988595968017,0.73034899100656
-0.429145352543434,-0.0344162260460789,1.34942181520915,0.683084041227568,0.155463991805181,0.842289607240066,0.76801564905649,-0.135694348283761,-0.629063660031604,0.598914010979858
-0.754559678166735,1.07856872419989,-1.04586870805087,-1.57029764856551,-0.047979376509636,-0.352982169506511,2.14003116716903,-0.826116603826073,0.742260310431989,-1.32153642288708
-0.100361444984386,0.984403082300946,-0.732922708600194,-0.878047347943307,-0.14090397018803,-2.15067661878195,-1.50286766800037,1.53984437508516,0.38404002425578,0.821314655260371
-2.35275743279669,1.91266996759366,0.742441648318578,-0.522364007710685,-1.4300725792419,-0.639742171907845,-0.604797858982219,-0.373872276145528,-0.13817431914164,1.14595685582479
