-0.345692928759459,-0.443550203852056,-0.0502958350881038,-0.359432619214498,-0.947423717308556,-0.151369619694086,1.10000115354495,0.298043630216311,0.920279595033894,-1.28132491513868
-0.530371497757344,0.575250817536294,-0.917732436431061,0.873424749212347,0.171687427027907,-0.627376024458832,0.996874010493741,-0.295381495869657,-0.17654977911633,0.280249315843158
-0.656796392714991,1.50907989996323,-2.06415192089634,-0.0118727254177408,0.89256110111555,-0.337321882232412,0.79373617391241,-0.769850958506546,-0.417897428651855,-0.672220379396765
-0.13274717012249,1.23863103981297,1.43309138744814,1.50893983464046,-0.00922567394418807,0.106735557870661,0.203934319480463,0.0622116305744799,-1.893500981793,0.96131748645504
-0.128929629519144,0.158372216602798,-0.652477902860526,-0.941944320406591,-0.427788738245936,0.439174160744932,-1.21360575192756,-0.0880186524574567,1.00476581502194,2.24523618987427
1.35883150939211,-1.65382094546221,-1.6746670225847,-0.261795062003485,0.572812699356457,2.58025286315452,-0.976541429628936,0.832276620796484,-0.785375149016244,-1.72376654688049
0.390562507925333,-0.108866249048624,0.888493635991806,0.104370045868551,-0.903438178063783,-0.00705124582296898,0.351007836000237,-0.473931248772956,1.39682311525254,0.134128942304908
1.16549557564991,-0.392695959420139,-0.561018498599347,1.01419978049502,-0.0768864927676873,-0.495436256121152,-0.938066615667586,-2.74473518822394,1.20785617214525,0.246643229032417
-0.286343165658917,0.950309742270094,-0.503877698453098,-0.277692485910379,-0.555252963313952,-0.562542338921796,0.331961304179887,0.807838416023962,-1.39719834726458,-0.085850383459259
0.305877970427135,0.433523812462474,0.956291380605785,0.342734909588468,-1.52296093762535,0.460756236596043,1.53017626860755,1.20886609001218,0.932386823287403,0.0925615660745222
0.886042666131546,0.494958617839761,2.14976499360912,0.608570882205859,-0.300679503453514,0.301529248542096,-0.680185541340773,0.330073735918902,0.919241241284849,1.06903027659638
1.31160980646802,0.158828041633126,0.514060481966639,-0.29337361882847,-0.280876198016798,1.04241565132831,-0.466743495405828,-0.0479559012809379,0.569985781882965,-0.0601614492850523
0.628593430891633,0.366830808353013,0.835493970104928,-1.18989938960599,0.173889193446719,0.194322566434049,-0.0172127360711153,0.265342966263881,0.878634404333933,2.47160302273667
0.0438551473820513,-1.64231265799727,-0.0448218611294116,-0.240481425628229,-0.336309521134614,0.091360855317322,0.890922742429082,0.241200895543705,0.78309408855177,0.326928258312686
1.11030240417195,0.379442759236435,0.704123206613902,0.982509708234853,0.549849209307929,1.46275145258031,0.0488233201846612,0.850936403144162,-1.3155659889791,-2.30607602881709
-0.213944124586701,-0.214882435157696,0.804921125169145,-0.431065955460674,0.997139371601763,0.397652706576466,-0.112672798740906,0.39960070431272,-0.21732420928225,-1.91909001124265
-0.159005979595284,0.876925155942887,-0.393073860031451,-0.384424567990918,-1.64254490968364,-0.0807787485786242,0.730326165202159,0.425714758208092,0.767662192251494,-1.03889059387838
0.968220170249827,-1.20209943861146,-2.18706760277187,0.0160338171609195,0.0739117953237959,1.12200150741177,-0.338984426983932,0.1362066902459,0.471743047850319,-0.477905385137779
-0.57152823180477,-0.360108725796064,-0.382607852095383,-1.03306483161736,-0.0525608453029677,-0.0023598157213538,-0.263122697707009,-0.185327715371536,0.712868603745479,0.0891416873148652
-0.512063304212577,0.702995947632603,0.238363826726045,0.932331396976876,-0.528111028951723,-1.51580900325083,-1.80076625584774,-0.343446694424707,-0.216373175981916,-0.0237771331155592
-0.229053698501834,-0.530361669534863,-0.173130856604663,-0.844044825997903,0.526788608702268,-0.64925151844911,0.697295847398954,-0.518696026133638,-1.3682149264555,0.950156580256121
0.431874184610683,1.34416222449394,1.21761384999905,-0.246740125570184,0.0879692834111547,-0.252840730659412,-1.51367303233411,0.55183800600582,-0.155725372873009,-1.39110124111763
-1.18011837077396,-1.51702883112458,-0.818059970068077,2.65341296924712,-0.355770747322782,-0.500967077128033,-0.467660168493468,-0.999424177234612,-0.480512272145788,2.29086315411209
0.558077426140262,-0.792464474489269,1.04978916859536,0.36475290012313,-0.0299349062042279,-0.495369793183771,-2.05357149179952,0.789621618952292,-1.15471402082238,0.203778868354717
0.960572096076194,-1.51583514188453,1.19892839451221,-1.02939991340463,0.483004314151066,-2.24396104943695,-0.841880533163261,-0.413384921768336,-0.00964817227394078,1.5102785784628
1.30713126510936,-0.482800722314768,0.562124965363722,0.0346583494158855,1.96108894376871,-0.966151171643287,0.622285641604313,0.905775153627667,0.0270220085271979,0.0314551936667015
1.16428823260501,-0.471637150618479,-0.31286654356393,-1.31823041632735,0.0315041366014048,0.0995637372735313,1.11282279418494,0.668019518043654,1.16031647199708,0.861856917814628
-0.0782457366177661,1.43884176919392,0.683860690005422,0.10642434966958,-0.935237562513065,-1.74116187839336,-1.32995175352795,-1.80415320431868,0.295522392174606,-1.64164827529629
-0.42974840093559,-0.703218558175129,-0.566672604095972,1.61487671571496,0.999391679067906,0.373101066495116,-0.917994868808744,2.07774127389584,-0.138441465636027,0.594423688788883
-0.363240311651111,-0.266772273835749,1.01745840315361,1.13298045120567,-0.948558520740001,0.674647395238995,-0.808464055524639,-0.571235429372471,-0.840282487490683,-0.52078867193239
1.05939489026879,-0.679743993611376,1.3656579480892,-0.570991343196809,0.138586543910401,-0.603203092890762,0.13458830246003,1.45872220140164,1.4249592240638,-0.989933196499247
0.995418910664066,0.0584617766742065,-1.59278041879132,-1.14641261971444,-2.16125749479481,1.59633805484665,-2.07923341845404,1.26687541401962,-1.74332757149203,0.814846620813356
0.14314299281315,1.50615395116442,-1.65191812220773,0.355785062767039,-0.712034509154895,0.156032075279801,-0.533170058004566,-1.05672266622699,0.855474765778084,0.599992032453927
-1.01521096373507,-0.664800334325411,1.47791223255272,1.30409905363204,0.157952130178382,0.628813520301315,0.0270684217012242,0.0100211157371707,-1.32836641779416,1.61644968039523
0.566175897544959,-0.49643431300624,-0.984184614093157,-1.26923000519208,-0.397728606062881,0.400625922045967,-0.906776615763619,0.77404051349389,-2.43633181975388,0.281220799408053
-0.862882587314355,2.13094851532985,-0.887361599457768,-0.711984230355366,-0.931151910859875,0.725514244889562,-1.88429094910411,0.36268804969965,1.65992182693097,0.913357260391403
0.574449640142898,0.596977425417944,-0.253329418907685,1.43651203922404,-0.172188679896189,-0.572245277753889,-0.0202390191651489,-0.670466359343848,-1.27844499143312,0.232687429518748
1.96824379966856,0.355945539235304,0.372615463333014,-1.67196269692987,1.65657773476583,0.970084906110643,1.33440665662398,-0.720356644463744,-0.600422913981537,-1.43340929828466
0.214335083822972,-0.0676553603160202,0.202930082114176,0.511625030325098,-1.63964571008227,-1.84508279476109,-0.589479547134147,1.2507335245566,0.977289176391678,-0.761772309316588
-2.31995037908863,-0.276430603492821,0.14368552571468,-0.96038945788212,0.334600228410322,-1.16028144750362,0.462051638703251,0.387419189686377,1.717230444043,0.616898464208921
0.200307361341037,0.371361484734354,-0.240279858820816,0.94979765366882,0.60273281826412,0.42694283094047,0.0608924398200923,-2.18458329922279,0.189534841378162,-0.590635110997018
1.50871003896574,-1.35741772542421,-1.20161077021745,-0.9284894255541,1.7553138627728,0.417648715744512,1.43753169292883,-0.682061409999001,-0.659410593720256,0.44990133707044
0.0237966092721659,1.70733982247746,-1.28488032790697,-0.557382840424847,-0.410875594950487,-1.8948705283183,-0.221519463919257,2.46621510332786,2.18769213982813,1.57231346786706
1.65221205243509,-0.636427144011282,-1.79525801843853,-1.3011232044186,-0.110588172494523,0.162087443298086,0.686546231327708,-1.08512158019904,-0.0533939713183051,-0.0666143028209044
1.05859012398947,0.224207603354553,-0.647245214469878,-1.49870774922174,-0.992395190537408,-0.126262276931584,-1.40094832731577,-1.15328163931006,-0.520367248981714,0.0336676631947323
-0.314969552288569,1.75065572602336,-0.579042765987596,0.16442886731236,-0.90856759116219,-0.23970894850467,-0.615053601597498,-0.947174186792044,-0.647379360474688,0.804672514437666
0.473818909513951,-0.768516362539447,0.832237573407668,-0.95074751614051,2.51289813114051,-0.191623822083772,0.949770399273727,1.28778388981755,-0.074897264150294,-0.769107290591421
0.23986299296731,-1.93198495123508,0.0157497816854673,-1.06366058886721,-0.353931237298758,1.17939391358383,1.91202435910301,0.53889219521455,-0.81160423374866,1.60575382191685
-0.853352831647755,-2.34916812378414,-0.809609046755791,-0.244392816375883,0.73996396103723,0.283055836486798,2.30372567863431,-0.260276071071249,2.17598887224757,0.595357196434247
-0.482817454694656,1.36870278269423,-0.730814231633252,1.58756729415065,-0.587345744355406,-0.737655213897805,-0.371357637964473,-1.69436368317867,-1.63002300383591,-0.328365292423827
-1.26274400376242,1.03133894294447,0.45971546635975,0.282411791491635,0.118410581148033,0.730305011584804,0.19168796996826,-2.14592431693538,1.37191422444227,-0.220570998156285
-0.340597897867585,0.767879685180288,0.526089632897379,-2.48654179096882,0.950066639791331,0.199169656021609,-0.750273977779094,-0.801308121080357,-0.0400204578680247,-0.392680771750523
0.515198782056496,-0.124531457176155,0.130155844042908,0.0907696090676092,-0.404297996542707,1.56586325031378,-1.3124262359409,0.101498620279471,-0.0419923071444281,0.648755863563421
0.374501908226801,1.60043442365975,-0.316139642888243,-1.27485189667952,-0.261518782002429,-0.64247902826353,0.563571797553957,-0.628929254747951,-1.16694550011779,-1.37887511285435
-0.181818189139723,0.0985751230837095,-0.795345029250528,1.42517084197638,-1.06551255267215,-0.977606881005315,0.198819971381661,1.38167709396513,-1.43588171996239,-0.243453274710695
-1.76048746673286,1.0835411926784,-0.425532082000966,-1.21309018776919,1.31913075972037,1.52311908221786,0.0770880004717418,1.43606751257583,0.512454312711188,-0.496896843833611
-1.52439009145479,0.203556804648708,-1.13336171032108,-0.902399922913005,-0.279859592706049,0.884511024151467,1.54537915128521,0.828550710727876,1.3118495599555,1.3195544120109
0.645640755682966,0.241829498538378,0.565068470658162,1.51441920237306,-0.0719048658520601,0.0469321535490633,-0.385659069675746,-1.50934924007381,-2.06181127761944,1.31225646306765
-0.387163041345021,0.15466495668762,-0.361304289209489,-1.46915521143434,-1.04598760605824,0.991423527692235,-1.34973962929397,1.62986649612438,0.881008663605151,-0.27562916459775
0.599224278698974,0.242020021183244,-0.512309506642554,0.716710223277252,-0.276004360164314,-1.01572328598775,0.243045040692794,0.257712171430484,-1.19115693420704,1.0946642777577
0.197384303935484,1.02591673860707,0.303501111437443,1.81009834539679,-0.343689209176232,0.125266968333361,-0.849531899568628,1.64466845215993,0.673787069094273,-0.264888804654937
0.0831592200222638,-1.92731627179624,0.145106968427622,0.583390624364419,-1.80762003378824,-0.330162188950641,0.90926693464604,-0.575343807708207,-2.22077107580415,-0.0397264114153601
-0.472214140579857,-0.523636772403038,0.337457407204225,-1.21697238580795,1.69844150270639,0.8170262328026,-1.27397617828521,0.591774613046473,0.932966435563444,0.751105003560684
2.15183709503126,0.153722159512611,-3.05132399353807,-1.17217856526249,-1.69364588671986,-0.0177657260660525,0.0555743942777426,-2.41373504877802,0.57171517561867,-0.0421014921558381
-0.496685728003953,0.320136565590551,-1.1025602905324,0.256191889912991,-0.192748151554117,-0.0908605847379791,2.01983771111179,0.42760880203586,2.88159015327385,1.75459614452701
-0.425799271897943,-1.46878707428487,-0.168710557992472,-0.390406410535726,1.15844138756811,2.03424307296584,-1.21566221170377,-0.400210484576139,0.189003002346622,0.462306921303347
-0.428012607038516,-1.45233544808354,-0.50374295461769,-0.207159280582913,-0.181352613829847,-0.869205138628348,0.0784684731420187,-1.42476007330983,0.587086994247365,-0.442244519300737
-0.0933290184896591,1.52164070275234,0.683308165665017,-2.02312156065963,-0.596292890738198,-0.860650229976064,-0.00172019171248935,-0.912209725940929,-0.865136225992506,0.524612665793422
-1.11768963640286,-0.0378740108227679,0.552641326872697,-0.29846783243213,-1.2385984859047,0.847191496489943,0.513565543295557,-0.684916744820763,0.489759401759348,-0.0257116732234617
0.474943835503832,0.689203179009475,-0.366411069669728,0.334190782058478,-0.168226583818063,0.899639969784267,-0.34923116955254,0.259319231900827,-0.620727336214872,0.13543175635508
-1.15961225103971,0.308623421779682,-0.151388977433422,-0.383606191084504,0.170786010853569,-2.62121745116123,-0.463254429118017,-0.59206503084019,0.652073803157935,0.508866134392644
-2.18089711681766,0.0721533579676385,0.0412632536724077,-0.238236816092538,-0.716169513743992,-0.216333015180814,-1.52928821472546,-0.194069320658682,0.0391795713816424,0.856645342429532
1.18173984929473,-3.37864061181058,-0.777078357428278,-1.27808476381726,2.15151712181352,1.53686868403469,-0.141901009029624,-2.69162956423134,0.90515381066547,-0.350861639286655
-1.77046096954315,2.7479412473998,-0.125975670846405,-0.967604792347574,-0.206068609308417,0.333890272711406,0.589515653289609,0.501707839806347,1.38213942713057,-0.72275574820124
1.66313388103525,0.756274633313827,-0.206702564140237,-0.366916921882261,1.88677074585668,-0.604911723286945,0.867714377433407,2.31984771524297,0.796414078621931,-0.906690185331551
0.29998492972847,0.760525444927793,2.06542181156738,-0.741836450610631,-1.19522363327277,-1.69552426742948,0.212610603747359,0.365733412561698,-0.81648671283193,-2.45515724480503
0.82632260148974,-0.155418716227287,-0.391363676401917,0.885433314650985,-1.56924156111258,-0.249500374283848,0.301731688034802,-0.540612401414674,-0.118347558721222,-0.107662841621921
0.338182910335771,0.00621555694340042,0.321079191116672,-0.168131722284859,-1.40782131874829,0.986757553091585,0.0542864783784084,-0.561109793826533,-0.233581921245622,-1.04360943307564
0.155505708183639,-0.541471644178939,-0.57001943071548,-0.508763242374295,1.35014037009688,-0.428071148772966,-0.394234175920891,-0.00113779994603128,0.808776185655086,0.0361305060764725
0.659710699519033,1.54933332454636,2.34788233378913,-0.328801057846045,-0.232977166609637,0.298243547900107,-1.06576224589181,0.710176777497188,-1.04581247742704,-1.50165966036042
-0.567901910715315,0.232090749376257,1.69259809643,0.291255307077841,0.45542073260005,1.69101394536736,-0.454784536564453,-0.35340761691809,1.40423982518201,0.0217443200468403
0.0974564422953956,0.0255500992780718,0.597761345576678,-0.8311271163872,-1.06609962540619,-0.1663288615615,0.273964418644632,-1.26253412164091,-0.249785307818955,-0.291236442728678
-0.181468807401913,-0.529259999235385,-1.09361530634533,-0.0421193327923527,-1.18244733150347,-1.46567749146981,0.201191995027744,0.250874451443693,-0.310413563579699,0.290163493562467
-1.29077113528507,-0.510033630724957,0.838137638663099,0.381857446385895,0.0425226459011159,-0.638564771578309,-0.871529816311932,-0.710831019718856,1.84078379775052,0.201216799705618
0.837858743903398,-0.456242626760237,1.2288427886767,-1.09709636463935,-0.361369834275959,-0.190629258663314,-1.23645055036136,0.426884234095297,-1.47036915961219,0.255632312721924
1.09805524306846,-0.289402632571365,1.07003447345669,0.259267119583294,-0.258248378649613,1.86088508098934,-1.2533049145024,-0.450903407623485,-1.58836660803051,0.468576333145003
-0.38299526221536,1.75093619312636,0.21069153730203,-1.10895889393336,0.336360102585227,-1.23686849833802,0.102926028118711,0.701183858315623,0.500945319844694,1.52196782464711
0.428101787518871,-0.101377056579745,-0.188483092972744,-1.17412420740723,-0.0169391600243361,-1.95099427753868,0.330453808936577,-2.48660656545937,-0.670437399289655,-0.427102784902651
0.0699329070555957,-0.993666929077753,-0.0715982566062427,1.49094848583539,-1.30274381429763,1.57311001497699,0.526259021321094,-2.32051373526192,1.48703434001884,0.84143650308812
-0.642833384003562,2.10572359250649,-0.155306946628522,-0.167774332697612,-1.32783784427123,2.32462482431012,-1.06185083999139,0.255408691763421,-0.644366564112894,-0.411080837716193
-0.156962975788861,-0.0729841901808278,1.49487260126426,0.504955388818425,-0.0481767038613481,-0.052434268768674,-0.927358545055744,0.927771935444433,-0.31562347594543,0.187318358924104
1.66390715787344,0.276725610154353,1.3923302899695,-0.876375650530524,-0.558905502978603,0.242880919636466,-1.05148332939019,1.51666871761805,-0.832116749932333,-0.694918968005607
-0.389097852649558,0.35145462441673,-0.194458888289961,1.54068914314219,-1.51075814539797,-0.829081181709206,3.149962323621,0.602011762978442,-0.971042342630804,1.24471012361401
-0.174854846736357,0.458015366190514,-1.38864490992016,1.174548606812,-1.09054883798959,-0.00152020778988721,0.488130666941706,-0.557432441564801,1.28695320301843,-0.534172709158994
0.717144202894972,-1.95563680065368,-1.46322557880002,-0.271449318386364,2.79354236260364,0.159111365675132,0.728047034916262,-0.775797239085794,0.475406056472757,0.660486548123568
-0.23513141440585,-0.046697338984349,2.10905292940778,-0.243341688392806,0.493675360703069,-2.3920440377232,-1.5679152729211,0.343354319317436,0.398926130230373,-0.725389393139396
0.5791786927602,-0.276509118540208,-0.619555680772308,0.034346451285765,-0.575713046200881,-0.141366303590397,0.754437331776495,1.27509013092413,0.124216461062544,1.31978435317178
0.478320896846125,0.633296302995717,0.15081616643337,-0.0731408045372426,-0.848716918509746,-1.15660396531201,-0.0840274873356563,-0.569972217143369,-1.47144846852869,-0.647753249786151
-0.615999896952852,0.284655694379163,0.53463932469493,0.908265558593516,-1.26535409902151,-0.41114728758386,-0.168348082392739,-0.347308765812125,-0.164306433202335,-0.337237591532772
-0.466589096614011,-1.84261955764458,1.15531125355637,-0.0543458392895233,0.0864436428737166,0.594601599464011,0.52597103451964,1.50661106115658,-0.0256126636348992,-0.385291263561128
-0.767061219480503,-2.5217847754351,-0.947369426108576,-2.62396856784066,0.93140847664699,0.371908000569149,0.799219030949678,0.218355909807677,1.55737415869375,-0.451343354779346
-2.43578499792044,-0.526203192655979,0.332963334636313,1.70956224751822,0.770721926867703,0.132127890198402,0.698053487178925,-0.523554974004983,1.52275270186354,0.420399307550447
0.636922749038335,1.13929766368597,-1.7527880960644,-2.03020169402913,-0.704551569544581,-0.401389426844686,0.586197327253185,-0.887295316600594,0.158653553760219,-0.185287419955337
-0.768813081500091,-0.534270315677719,-2.37851438735255,-1.24372335011434,-0.842157589962271,-0.106183090318045,-0.380269650053402,0.469332542933114,0.0788941764948949,0.735816075869201
0.975294888349464,0.233778223549023,-2.47409487358679,2.00054065208027,-0.779529267212892,-2.15419844049876,-1.89481000218895,0.572255664038415,-0.0337303572021014,-0.658353148255518
0.342980553204254,0.34368345718314,-0.167075847136018,-0.58000015610992,-0.46301042542618,-0.835194932774873,-0.820140041706874,0.693767584084274,0.361240424966043,1.67236389787678
0.49326386096859,-0.568950824633032,0.266787995573325,-1.69862279524239,0.76600728840123,0.235694487566114,1.75386166747148,0.202572198765552,0.9450463290237,-0.202589831455117
-0.0186015867834415,-0.000876913943028624,-0.324013143248312,-0.592623607343994,-0.525435719142217,-1.05153770770941,-1.71652113115442,-1.51350632355284,-0.306439319598583,-0.32120096569539
-0.844486007958742,1.2376425575817,0.567179194914501,-0.0502669857734414,-1.95800723846666,-0.608830162488249,-1.73686854525037,0.998668370713572,-0.915795498342914,0.844638695067277
0.397759041340422,-0.76126112728835,0.208281745831365,1.20068140941056,0.422903468188909,1.5492300731431,-1.50964537661943,-1.50083739149354,-0.697925156468656,-1.09953599198888
-2.40319657754865,0.335855171022928,0.505246344837473,-0.178322450640885,-1.22824927995404,-2.10283238886327,0.701498742553728,0.676536545584082,-0.635440229783743,-1.02584763230079
-1.08489699932109,0.316185400391027,-0.998255421369639,0.736595519357369,0.402765322360936,-0.893134862419176,0.208868428118994,0.0202782116520228,-0.618139701769417,-2.17215929701258
0.0526515668047392,1.11115495554384,-1.32204234439804,0.177863112604707,-1.27215314553542,-1.93018522815381,-0.427756632798405,-0.168523727570882,0.923087916056578,0.53361162851161
-0.244804448861297,-1.27069037883191,0.42892287787402,0.848739036635798,-1.45222310824954,-0.96838966135818,0.0318484536895736,0.910266134479867,-0.896146105875146,-1.05319466870487
0.164787969584844,0.369221548014184,1.5780133642804,0.472243587937751,0.50812970471268,0.128104341138433,0.800307855797335,0.402213356920404,1.74794037144145,-1.06698471190827
-0.0167846969727288,2.01285337647725,-0.704765216717686,-1.78456437125481,1.83093587170848,0.0963599653762738,0.982127448066665,-0.931719632956255,-0.575060595445931,-0.856542487574324
-1.10834804459367,-1.00716606276264,1.02012942006847,0.31004749566546,2.09565393027793,-1.35237339214877,-0.140997519122358,-1.10839801426916,0.133341627912035,0.703626327252521
0.598079716037085,0.631013194314336,0.341874629823945,-0.317236704854537,1.20827459412678,1.0501699571732,1.69775291135842,-1.82413901664513,0.41087306452912,-0.479517016557731
-0.701252372240358,-0.830756841636166,-0.0867267666944216,0.138738528646524,0.492767282648368,0.0885830577239449,1.12739421857847,0.307541883233919,-0.056555421362463,-0.988849162163684
2.53343531401105,1.03759290881275,-2.44384294303644,-1.65019503931682,-1.08639292347188,-0.486589045740135,-0.823410390565485,-2.52288774370796,-0.225902629147088,1.7501759510092
-1.10307896050415,0.305281902776971,0.322437784215545,-1.20209103563177,-0.227855338637361,0.814168859386158,1.36282605730573,1.88512692173659,-0.250217744786735,0.0707127340635677
-0.569552436501883,1.21363368928221,-0.205766024631333,-1.43420090456615,0.689825199270154,-0.177027071896936,-0.598937761608231,-1.35778892640006,1.65848576402099,1.18969062146777
-1.45485772125915,1.2204180763034,1.65341889344342,0.738131560651256,-0.197397081708288,0.140717307659373,-0.302293577955657,-0.0897199987121435,0.00898072443964268,0.702617100443391
-0.551269055589807,-0.963174651859806,-0.558095331718141,0.572987174115089,-0.468105999890475,0.363513426000486,0.790065392405976,-0.720378231056517,1.38612309708967,3.11530682587955
-1.01495452775525,-0.496557786842923,-0.2404149348951,0.82321716162631,-0.268719807844576,0.34608605121427,-0.0193008018484578,-1.690544311147,0.751228338064061,0.88998276019732
-0.64399437759323,-0.736542086109295,-2.89627852898954,0.420899094236715,1.77629197252542,-0.209990289759572,1.48433344583043,-0.015357991458973,-0.0593388815751802,-0.37325390848656
0.362357729483095,-1.61531403816833,-0.250096564904725,0.330152764531935,1.876949807963,-1.08816243991564,1.42214170928355,1.66231313509424,-0.275404963830834,0.369852670281745
-0.486953479815913,-0.0169315293078611,-1.98018918526132,-1.00016716488096,0.276285474672387,0.953632283448117,1.09050004009454,0.806020583470724,-0.12988559250403,-0.310914570629469
-0.659787915062637,-0.367886304454876,0.145283826969343,-0.253808033830236,0.275892908598049,-0.436829765709989,0.134128267997056,0.258205076522146,0.156397969822048,0.00359574594295946
-0.157673588957722,-1.03517250648881,-0.796330241599929,-0.810225675171388,1.20526212891826,-0.75309707836938,-0.0979044555837579,0.331984062566052,1.39931917203466,-0.209405517825547
0.0851433843039705,-0.405789459204183,0.841690107981636,-0.0132094603873148,0.836669235869011,0.776074114428881,-0.171600949455938,-0.777379816237349,-1.12820111750024,0.612041286606052
0.557187376680976,0.0221349656274578,-0.560192877360422,-0.166358246705436,1.64719507278626,-1.59263541302965,-0.67014823576222,-0.00784112993960274,2.28723159992324,0.634441234822611
-0.881330943301282,-0.278517211978646,1.28793826502236,0.609566920815377,-0.592676439549949,3.00533427795734,0.475894247798939,-0.310987230397773,0.64799455955926,-0.079333401219941
0.776694647278842,-1.12828072891323,-1.30758460860782,1.89945940989863,2.88463636736687,0.446719856283844,-0.196466269791116,-0.976024481460988,-0.347504142271156,-0.591012812994864
1.56749511083164,0.230327836764345,-0.593859756614793,-0.565875480750542,2.02673376909563,-0.853788575215269,0.870602520891726,-0.651368591552989,0.472201652763286,0.803232276494651
-0.370885996918679,2.86032047390036,0.475375480876833,0.889551229537082,-0.426630415114421,-1.38783679157866,0.840822889592974,1.86725269308525,0.478657396414125,1.13067752684946
-1.47262048695615,2.81501084557395,0.554035755606928,0.586905775406075,-1.95588377965127,-0.406008928967127,-0.0174830154553908,-0.481806923075293,-0.227727648928668,-0.385125496323208
-0.23627801178784,-1.13985747303524,-0.366609900084759,0.285837862596901,1.08521808657268,-0.334057339904849,2.03704011810532,2.66504888486235,-1.13356492665628,-0.00322796772515924
-1.41843131680479,0.16428958883478,2.558857885177,0.16953815426677,-0.0727937881842314,-1.6610159310912,1.08253220650102,0.0607416871636299,0.256887901757281,-0.0783483850081365
0.0925339430495184,-1.09752611788262,-0.116830637159003,-0.700031104754725,0.894101684915042,-0.520043613016869,0.427360661278337,1.14897198750233,0.462521525896567,0.122583113305808
0.0949542296113015,-0.529538263686169,-1.45894242172002,0.67518613798718,0.545501990907818,1.17712556686736,1.86929100536823,-0.0793027862344347,-2.56877597053465,0.308170233080219
-0.375527612256092,-0.364056004062832,0.489647698914214,0.335294859105471,-0.540540820151614,1.62449777852564,1.48828555865148,1.36210885547951,0.690352803215162,-1.99671818383092
-0.940310943969129,0.913154289366672,-0.81057087827051,0.350111992475174,-0.0594605108246798,0.987068423311297,1.05994491922299,-0.507811212191467,1.42221555154169,-0.78192524773222
0.0175276204280424,0.474377763977233,-0.970788561268937,1.28644673239185,-0.0768058612504194,0.862366644721134,-1.90509486496377,0.428401919768019,0.29088302093097,-1.63005837283912
-0.535343490011229,0.157928906632983,-0.631213507384027,0.55922564675471,1.07440887987666,-0.399983111612147,-0.18138907044379,-0.309885162630599,0.867300092064584,0.922240208400082
1.4096329156755,-1.57247635889485,0.881496474707751,-0.811420068356708,1.34669094075801,0.658394524477781,0.512184053255831,-0.540078154806323,-1.33699154161894,0.688805989777624
-1.50291725506914,-2.23107957024882,-0.38762637646402,-0.659810838904957,2.85752766085987,-0.47850667145974,0.631855879389965,1.5535701270297,0.623601521376686,-0.839597985102527
0.55206948651336,0.63211052871558,-0.323504134100865,0.538801100223766,-2.26207045038615,0.0542550044771696,0.178195664405881,1.04571405699348,-1.94570922628288,1.62208409782637
-1.36198819459725,0.281839442428247,-0.684886237844226,0.599453135662276,0.0665083020547035,0.724575957381695,1.37094192546982,0.363567170286205,-1.44401552474398,2.64042472190482
-0.614352032411163,0.0265799999420118,-1.07234922377419,-0.700901370430184,1.62809732709323,-0.00565612784616369,1.32943028143332,1.10220258183632,-1.66721679116268,0.63793650691715
-0.649273668271559,-0.412202053449336,0.643706153901728,0.751470759735795,-0.303681991568189,-0.995403683296751,2.00472015540291,-1.18531768089953,0.71813352230303,0.330082842836048
-0.0786083635629194,-1.0956047907538,-0.422824439369663,0.559944754745092,0.412412170415677,1.23933810919958,-0.0560917645190714,-0.128000757150588,-0.261014794650055,0.690189617104533
1.09603417233499,-1.48997331319708,-1.89179141810545,-0.301947801875631,0.269234079953188,-0.434154990141325,-1.75582374365294,1.70126414891336,0.366070075366454,-0.0148235481008858
0.274932066597192,1.08608102894707,-1.62365715630786,-0.19239735248772,1.50793832594315,-0.375029776063381,1.49777609742451,-1.88380275318362,0.45822930657901,-0.484902926743334
0.181639182006035,-0.288856684709229,-0.959592998881078,0.663846118942152,-0.290705338715206,0.20175342871693,-1.22948979089339,-0.130832139585086,-0.51368131971619,-1.24885170828066
-1.36864375759899,-1.53552919484866,0.153615946543185,-0.00675275914716605,0.52985478214966,0.676210782350024,1.73380994664094,-0.47112516951717,-1.16718479540249,0.25150694128015
-0.970322894334622,-1.39371697042243,1.21903491996964,1.70160301448377,-0.900640490612092,-0.434468951581665,0.728077097753091,-0.493408721893042,-0.536218317045549,-0.179835962458543
0.3669870539378,0.899436695069757,0.0273260232305823,1.32553277294557,0.088698952902517,0.617820982780075,-1.02494441200279,0.552878408356506,0.273845326674317,0.717485149951135
0.424861109784069,0.167567106430069,-0.303339616520296,-0.329707376987471,1.09885212377432,-0.492719657604962,-0.335975710567291,0.730679086762174,0.37780145494073,-1.9039087268546
-0.0147994770953129,0.229521328407908,0.292090553830906,0.0799298684975459,0.32408325506555,-2.72724942931908,0.482786459191442,-2.0510427305401,-1.63461640346837,1.81408513253494
-0.574346922091789,2.04068809170934,-0.155872604145485,0.995777922823094,-1.36249421368371,-2.81057913259315,-0.595586484255284,1.1478557187625,0.454700059423997,-2.60037049287307
1.38006391238098,-0.272292178633876,0.519924272272736,0.252045488715669,-0.108317412038588,0.578989384853437,-0.71414931776904,-0.320484218073702,-0.530747514477612,-0.4204499009094
0.571035090522617,-1.91301205594687,-0.683512890215023,-1.72656787074425,0.845932000576958,0.447002442185961,2.32399045834673,2.09219792072108,0.0834525614948221,1.00557505749106
-1.19773521743787,0.520209863727646,-0.0803092575208177,-0.471033072586541,0.980713282065233,0.721232899620197,-0.356112023065851,-0.301036644325296,-0.270068005203599,0.464862813791246
1.06111886447865,1.17003664744123,-0.476555358239552,-0.000554867117537701,-0.485113789808073,-0.744011142632044,-0.784682349264525,0.340059065965777,0.165055621603416,0.513570042220942
0.634802252076787,0.77510868603951,-0.459840903899293,-0.645431591724839,-1.23989494047502,-0.721918893319268,-0.249484399452553,-0.95721711725859,-1.14901056597899,0.328660750047935
-0.224874951281387,-1.78425804524275,-0.746614156111378,-0.00939033250556261,-1.67778383176757,-0.3889008399386,1.16303064478295,-1.13863057158838,-0.0829031657170698,-0.979062962175707
-1.03075258050205,-0.182210018296454,-1.03518878577035,1.00335172715,-2.31412539372448,-0.704208490543539,0.128467286217324,0.816551529769228,1.75703828267405,-0.100531151926088
0.11555990787216,-0.405054132457352,1.1717881984062,-0.8033552052509,0.386897964934076,0.330874641873915,0.250105131164463,0.0879220532036894,-0.283449329441812,0.52465782452091
-0.044034257922498,0.820010709109285,0.254555645349273,0.0962313767394245,0.527106828403613,-0.54886981539824,0.134178322058236,-2.93650825200338,0.513094604293098,0.482797092987021
-0.761283230919849,0.0555592124559343,-0.00364712072825874,-0.596355357208187,-0.731788906893711,-0.0342894558108344,0.351023720250798,-2.06054743911231,-0.369554752645967,0.0334659433249853
-0.0863230337558379,0.986676595557398,-1.96471748170078,-0.778007542222292,-1.11520745073588,-0.0582192731545947,0.979003392683288,-0.811140764566641,-0.140609146407165,-0.987464064842021
0.103310249544101,0.639046829570636,0.452549125231529,0.819199183020547,0.421212498518801,0.783917554580844,-0.560111339003475,0.894071678580037,1.01651685464289,2.21762289238031
-0.195785818846687,-1.94192736066518,2.03378285998994,-1.5663794740422,0.180652993666832,1.68878941153603,1.17289077755277,-1.23319326071815,-0.229508152867003,0.640721879565993
0.774157993863551,0.98297526089023,-1.41978876116435,-1.1192048764482,0.141431407600547,0.708425219748671,-1.3151141027456,-1.29016674796642,1.31964296356999,-1.34577875660392
0.223679289852642,-2.81231012320582,1.85995641955233,0.133679802791961,1.00020168362545,1.82903350472679,0.194792184862924,0.548189324266328,0.879379880501048,-0.852366889562468
-0.779332160794227,-1.06340598070933,-1.08296552069745,-1.78969532736599,0.998216447512978,0.585486068187945,0.46544059500886,-0.988461184238207,0.0442339539671072,0.549424908135112
1.63269703459769,-0.499378304233523,-1.10334363469537,0.54272490431627,-1.11126081324564,1.57178728485025,-0.154646162423711,-0.847054970994653,-1.34447549188903,-1.51511355460948
0.953589917356034,-0.75383016015711,-0.30722916385669,-1.56867530555533,0.969494757079045,-0.407271849559435,0.199303273542489,1.28574309035804,-0.341759712883707,-1.22772740176899
-1.09903006543835,0.723129462592,-0.563595261465521,-1.14621041372106,0.0280477004447606,0.339022573188965,-0.638479315527878,0.125451205520598,2.21668907386599,0.468535287206348
1.5979595642778,-2.12831144059389,0.000589462234067395,0.589655254191055,0.822431963838558,1.75584041334836,0.623366043617524,-1.83747445758355,2.23061859793814,-1.39321511272166
1.6835529161491,-0.660217188675801,0.00957385947246836,0.346429578355105,0.501878216151515,0.236768271868114,0.447750727224975,0.4883309073804,-0.783151797286971,0.116905460412086
0.339643163679684,0.876407731380507,-0.000651620867228515,-0.0865358658668957,0.0684284167825758,0.215091564108692,-1.91389195404039,-0.284011788658839,1.21349001189011,0.297496255813045
1.82126279661566,-0.418342973363134,0.309939389191228,1.21515864474852,0.363822278486937,-0.116494541146656,0.202921254656202,1.09059299361263,-0.312567587588488,-0.328538290353753
1.10361013511566,-1.09035677989764,-0.116239409447002,0.895360678991599,0.546886255664987,-0.242478781577132,0.451065174521272,0.0143499571020857,0.293447984254528,1.34225945736787
0.446049254536149,0.326476632136492,-0.213463981254039,-1.97548736868516,-0.558953006239887,-0.80647016594973,-0.363052189490052,1.06515446812038,1.54228099998828,-1.59875233067844
-0.312562604561283,0.503314271672229,-0.428535198057048,-0.7434242967767,1.13809186845026,0.559572459367175,-0.683830063301478,-1.89377402285989,0.776376247250267,0.420715384733635
0.780543747794696,0.117970992459223,-2.56826666879345,-1.49112123026222,-1.36306100208935,-0.794800980888782,1.09952990773437,0.768057440549689,0.496542582184237,0.662272237247672
-0.961569661127851,-1.02091598575712,-0.795280913156954,0.127626326775708,0.798746555847368,-0.0123696922639248,0.171594574597163,0.464846983470767,-0.666956522897487,-0.564466563764795
-2.32581697911696,1.35864212760206,0.372459665826845,1.81468343729433,-0.419461040469159,1.26543766080291,0.322365014535509,0.09135315872401,0.659434335646943,-0.682102362663985
1.22026929891588,-0.113032024283725,1.86385956784651,-0.492388656846718,-0.381398707861128,1.59079259094097,-0.321165202342516,-0.729787525596026,-0.570940023166603,1.56058692063174
0.951040601686792,-0.77465403990269,-2.23036587822508,-1.44237000948325,-0.525311804678674,0.516841293579179,1.33109123790686,1.23597890714436,-0.984008321964882,0.670966678452072
-1.073925981862,2.04795385657768,0.887769538055021,-1.20162086626952,-0.468569585772724,-0.587133299051472,-1.06639253554178,-0.0281736347794775,0.0271128728544991,0.0709646419628887
0.706562431365163,-1.40368333786891,0.885863442980041,-1.54656010503325,0.753216508560389,-1.58267731840726,-0.0892536664252259,0.132501500852084,0.663409003235104,0.177776331568517
0.311109362712267,-1.00816700763393,0.671405539500154,1.13712034111399,0.267111637532171,1.32062693099571,0.57999331287105,-0.528453319711409,-0.00858355260712801,-0.0693602160109418
1.1738458661577,-1.66230790481452,-1.01840462713617,-0.844979110046204,-0.324436779110953,-0.4226157816358,-0.83617159116624,-1.87592857021478,-0.90858426969021,0.242108783130121
-0.476046551257588,-0.327016313127036,-0.215225810300428,0.128246575395085,-0.372683446727749,1.2290804519534,0.258119452875161,0.424791124324488,0.400146899743754,0.0816323588432519
0.810310129168195,-0.821513641466893,-0.648413823960196,0.36858552614999,-0.185834728012977,0.358881243064244,-0.327905942523871,0.872307171540378,0.288957949186352,-0.0483675083846587
-0.275468858750684,-0.695720492826777,0.604356999336509,1.47369960627423,0.573094653720021,0.174316216705795,0.705769851203654,-0.4546345769925,-0.678647090239362,0.659445153240989
-1.16978517247169,-0.931310888231027,-0.217047269229063,0.227448859248061,-1.61074817718771,-0.220326665651604,-0.417373118243104,-0.44813018523222,-0.496310905821544,-0.134737008475101
1.13352171318836,-1.13310726801726,-2.34557892212887,-0.457666911342772,-1.3794869958949,0.0962236588220222,-1.54637880318585,2.23164445031299,0.540608042616642,1.19378134831474
-1.40656978194772,0.88551067634613,1.53214561164065,-0.448648140382809,0.750145499447694,1.43958956006253,-0.479846646521489,0.106465376757894,0.0139448931530943,0.626790705879408
0.33679614519174,2.52529972228492,-0.310836976510758,-0.704392296515995,0.258075054052555,0.105301618352466,-1.62600416289438,0.512815241502127,0.0933911934718145,-1.41401232819377
-0.503575730792619,-0.00356688545134486,1.72223483176537,-0.479314435675516,0.818803653658869,0.770704003433048,0.611503273814546,-0.0712289023652877,-1.34370829922089,-0.298167834101854
-0.179632630759953,0.127237340388683,-1.32008300542031,-0.357126569987153,0.956480222678536,-0.752826360977403,-0.631512045270858,0.219420973360767,-0.612036446204071,0.564645812372055
0.192553441058407,0.00526425022181873,0.327440062824254,0.105936883306539,0.913253762564383,-2.03513279085103,-1.20640825864428,0.393897753603218,0.145092383550516,-0.00950448172619456
1.48802713238224,0.62308512033684,-1.24052322533318,0.0316011597923459,-2.27199368485103,0.71439542405269,-0.728844412398023,-1.22479020849099,-1.49647136726684,-0.838906356245706
0.643395668124354,0.512596240598131,-0.187392079254582,0.594881898414843,1.65481942031517,1.28947579256872,-1.20993746640034,-1.94468448205956,-0.233747932640183,-0.597007305989636
-0.796583122340776,0.861721804203222,2.04266791552014,-0.816842418708926,-0.929097804871778,-1.32026848674425,-1.6077688960446,2.09815580176293,0.562444601902197,0.960218971329335
-0.217242466216782,-0.631017602648955,0.311411647553279,-0.322914317611126,-0.593109599645104,-0.762825460652211,0.488359375579537,0.824903898942451,0.24336155928911,0.986058581810652
0.647195403316299,-1.16810543857735,-0.246544471266355,0.463873622723578,0.569381903790081,-0.626395969971643,0.0991888335094988,-0.87693420917988,-0.443940297447663,-1.18144687878535
0.480264781883117,0.43420581782712,0.236073242179412,-0.165898999700943,0.485979916429681,0.458475310402236,0.187512151881742,-0.120981577205005,0.778733544362006,-0.732296334840447
-0.31029841182515,-0.935744751262928,2.05840782358924,0.216896001493966,1.20819115842789,0.371832967577175,-0.477766581713458,1.16232864877695,-2.31000744248931,1.1761897071168
0.257512733236562,0.093990654866573,-0.552600246371665,-0.247985678115698,-0.865738385196538,0.0603642595835454,-1.59997592291575,0.0453869419764566,0.205850684580915,0.555939378111675
1.40610365995231,-0.882522435247239,0.253544236630072,0.780666192544777,0.954912793201928,1.22593291488786,-2.06026101099751,0.180457606250601,1.12422465785664,-1.63916045545907
0.815884078483228,-1.93622587232728,-0.367461473923246,0.824030937311161,0.707324490088716,0.520629200547128,0.328067336963608,-0.224581784888554,-1.09313202426423,-0.284125612259187
-0.445246758925491,-0.679724906355171,0.394847196911652,0.479798018915126,-0.157549995216118,-0.596981648450728,-0.0311463570145942,-0.280852241236888,-0.0267527310634063,1.10689265279963
-0.758152350264056,0.349086382333017,-1.05910078043073,-0.90662268094661,-0.849387120867931,-0.484096559251119,-0.725742680303996,-0.0810458821871734,-1.19110714338208,-1.3860646291939
0.482985347476215,0.031837755136951,0.900398784525386,1.07700113503064,-0.103552782998389,0.0213909871472525,-2.13769144166317,0.419302611489991,-1.18501284426347,0.176049568741804
0.203817299295554,-1.58883377749306,0.643387000743393,-0.525418227304251,-0.295270372539535,-0.0363120771002767,-0.802512080373558,0.163883016377518,-1.33165408065235,0.198479693782232
-0.96316962730978,-1.7966612510918,0.627877085211984,1.36856291081309,0.738156363227849,-1.18679656117955,0.470486020669622,-2.19774069538054,0.842410856671554,-1.57007568883406
-0.146203198787089,-0.312169511677436,-0.852366721862804,1.16192346344265,-1.31134550223593,-0.00660237351032164,1.3432965355839,-1.73140334123202,1.397965380473,-0.323394502392418
-0.945977833891696,-0.455731607387208,-0.165214877701516,0.161598288981033,-1.64617561121609,0.213502612137465,-0.821843981567447,0.11978985845707,0.347270597384984,-2.11639490860686
0.914634767240144,-0.136159944842521,0.995235648228923,0.197013330607769,-0.649681764861431,0.305286183584619,1.42040058733021,-0.135008974160217,-1.29009044782086,-1.05079303933047
-0.605967795952408,0.231793642614075,-1.09038470085343,-1.77229481503858,0.460397486105638,-1.36620647112586,0.614850142612656,0.543711834753743,0.411092561648248,1.12516443496581
0.444467845623024,1.43332394538527,0.587544972784239,1.35437929096994,-0.838666826522221,0.416553365418866,0.626967718706553,-0.292060157211917,-1.16258221878263,1.81729876527192
-0.142655668492609,-1.09841438708771,0.373032659184213,0.700844560541038,-0.990576395318763,0.401102167691225,-0.186770945531248,0.210196828272811,0.828811875099136,1.14975203946846
-0.952467453656006,-0.307639673127015,0.552370132812001,1.82845963501953,-0.287096418522254,1.28838654346027,-0.525656412279793,1.56107862591277,0.624598591917092,0.22694925604285
-0.881288610500586,0.257199799872119,1.38885181344831,-0.460518681191875,-0.289688380697079,-1.36583006611912,-0.711490814111673,-0.0346827718651055,0.293438071523402,-0.933767187494771
1.84725800426601,-1.3580395177714,1.46725909597747,1.11291622010984,-0.252790705924976,0.863927806070064,-1.63630190399399,0.564160779290783,-0.765922617023614,-1.15789391758233
-0.86845052500403,0.259284653542555,-2.05349281754838,-1.50389902584097,-1.5674060398491,-0.131957074836599,-1.68729742116153,-0.896891152446213,1.1902729926328,0.861392330674596
0.623709585170344,-1.38214092135563,1.55340426086981,1.57636788645747,0.518179654578465,1.30618095167857,1.18557323185483,-0.413773064534572,-0.802422909201805,0.820905693238386
0.823590365081027,1.77284819843482,1.16505589202153,0.568507819003132,-1.8194241064714,-0.00430957570871109,-3.28447127700787,0.283184791765199,0.475168780826937,0.584523117669262
0.27960424309929,1.38717968316931,-0.27919456326437,-1.19768193688662,0.804036042666421,-0.503141758395882,0.125173612209736,0.9143423512917,0.0277628516979037,-0.869120663059369
0.00917554243718049,-0.450417222542951,1.54380418222407,0.76188294039908,-2.92500875786089,0.0290624786307957,2.40807320015362,-1.26791204390639,0.0837334889841872,-0.243327223296045
0.593520102788754,-0.444132620216958,-0.647033353182511,1.38929004981028,-1.01842032040216,-2.10437107023469,-0.119562101693108,-0.62169536751532,-0.490785279522461,-0.0717100893368361
0.432982019331226,-0.545588360698385,1.331593991401,-0.334419646178553,0.147986545364174,0.68408560846199,-0.322634492428949,0.172809553237033,0.504362179394209,1.23194150195975
1.0109460092676,-1.22358382805574,0.717982882714302,1.33664893209506,-1.36037638091332,1.69076226347724,1.77265056555631,-1.72034067518197,-2.38236408503028,-0.358296227942254
-0.276063472783477,-1.49852033991439,-0.596583984421109,1.45731371053644,0.55887504874301,0.708297566551554,-1.29513644772121,1.06518933836231,-0.036153524521324,0.892425620895331
-0.934097990273164,1.2162233997839,0.916705752036616,-0.471673044252424,-0.441627563198461,-1.8035228515212,-0.398195446749803,0.254456805540389,-1.51723926921554,1.28369624630649
0.835440755815514,-1.85220356677622,1.41746767907221,-0.913179869930914,-0.17020345370655,1.55884621781444,0.0753498256102493,-1.34185804423345,0.363866887001928,-0.00144679481358995
1.46817323572134,-1.13966795842694,-0.494688550629078,-0.122052015386497,-0.737294243686277,1.64388546516072,0.739388430524969,0.315517999489243,0.89510400225272,-0.281105174662903
0.92071849307631,-0.670255563041611,-0.389028757226577,0.998139789319282,-0.930613737554917,0.0698722257161796,0.142486798246355,-0.9729282849796,-0.212528143055747,0.150710295896106
1.94509280423121,-0.678510565364296,-1.58510283146621,-0.398577679839037,0.348351994911522,0.591526985569,-1.0833791955155,-0.46930413109632,-1.99089992806612,-0.903872134562865
0.55743848512942,-1.75101235650616,-1.4266871866127,-0.216502620333271,1.15766524202247,0.366691611757554,0.253257691649183,-0.245456417633688,-0.796323492887949,1.07221604517663
0.964533667877427,0.93787264297852,1.08284793331352,1.3108711619107,-0.869537991606551,-1.42049262829732,0.231567869507357,1.20598621946237,-1.61442344046152,0.948325034405791
-0.772829223445073,0.73127888211583,0.00935166001379992,0.97147951121572,-2.51020460095223,-0.2633438171725,-0.210636657384481,-0.355824916550301,1.19373991106285,0.503146571060666
-0.0871689180224164,-1.39375827331518,0.847437736418672,1.15851797053072,-0.00352433950214063,0.745806726032205,0.0863095800204095,-0.371151248579312,0.683578612189653,0.64601462569274
0.342763080996497,-0.0681375923506613,-0.372455984651328,0.578889012756603,1.38277266766882,0.546558286174797,-0.798873778199867,-0.263346697201779,-0.432172681426891,-0.276249972603838
-0.317431069091439,-0.081141999027177,0.207253807967033,0.820019915360271,1.63505416052395,0.495844864983109,-0.509453195601512,1.09151067341812,1.49521803844865,0.65850985991003
-0.30260870831865,-0.851172267218658,-0.0797622949743783,2.0151411758555,0.104207890202726,-0.158307516328929,-0.388918712294147,-0.500469105591129,-0.743582675146941,-0.869124229300304
1.36587728472162,0.203629874581057,0.14781651355506,-1.53817084099901,-0.166425661147118,-0.683821007827415,0.0638565137363248,0.100442049431889,0.0278145462219936,2.43443391001984
-0.803707940232345,0.048601555937652,-0.0504458332106977,0.819561744487989,-0.826479469367987,-1.04004000571549,0.495978265691938,-0.163532852397544,1.67007139321859,1.12882324555036
-0.610960962008992,0.308439597487582,0.386254786098465,1.23833480687986,-0.204830599836561,0.691674032998571,-1.3066327094793,0.101204706942565,0.642286859757247,0.290710761583546
0.878587661663084,-0.452709432481896,-0.812803836433837,-0.776364082163509,1.53014462756548,0.674879955193949,-0.79987790744617,0.427940257519209,-1.19157051387204,0.369842805129663
0.45555475340103,-0.590151437615919,0.0873457476959442,0.079481837158797,-0.0835504911465667,-0.718804693731228,0.471814595950065,0.0986245385670896,1.93763902806368,0.542841946147
-0.205216827542971,2.13740860747506,0.449344332369101,-0.289592980893699,1.21014987929271,0.305889712286111,-0.329209509383084,-0.64045283258526,-0.0307010409473612,-0.378896243544973
0.140960846034215,0.211907045182923,-1.40665480118456,-0.758767054164695,-0.240428626552805,0.2822732754943,-0.192008619045648,0.0805140349701978,0.427274191021638,-0.175935277443628
-0.0357622643627915,1.44729688949977,0.186811920661603,-1.46359915433753,1.10362663122949,0.134940673184099,-0.340413741637186,1.02445593979063,1.02845664777138,-0.252655579565109
0.318993577071278,1.55549100212111,-0.243077784378379,0.618861600049922,-0.0289124306585618,-0.591388972993849,0.395867890142399,-1.99870633805722,0.430779257641383,0.165773274611013
-0.56753066474054,-0.721780576254731,-0.158831253087821,0.329490042854137,1.29108859126619,-0.548654238875905,-0.243982478101819,0.887411662526517,3.2305585771051,-0.149373302158761
-0.577491055502928,-0.612435150397325,-0.51477337602779,-0.520801393267534,-0.443030941760198,-0.69169230680811,1.50187377457211,-0.368746234526172,0.0845695818395361,0.538461206797623
-0.420639446436185,1.97636371573621,1.47707500251686,-0.36384191920784,-0.304884153119972,1.70360162076257,-1.10125042571943,-1.10364875238937,0.0432944572761986,1.35159481478291
1.40863136315045,-0.133894305995452,-0.718592105224595,0.635146743702152,-0.813886295219578,0.219813059934544,-1.42326408330418,0.0707385200041095,-0.991489857734818,-0.554949317494837
0.79663729372852,0.0307672268441851,0.62569188304451,-0.181140797921702,1.21086957169288,0.288502519171651,1.16729512949632,-1.44068348026114,0.31177323113881,0.9588141778213
-0.815827616235794,0.657727083796617,-1.59980841147407,0.541766503790831,0.441646475901538,-1.0373492010148,0.549444506010492,-0.376039073198049,-1.8969459044678,1.67973714161448
0.631870647074461,-0.675649689684416,0.156318557009776,0.80873747655346,-0.309506424227909,-0.222291066092177,-0.727638407712083,0.313664837216342,-0.841256288251132,-1.30198613543915
1.30420864834427,0.052308304731532,0.388622209739122,-0.476671504119108,0.605803684284429,0.296515470276609,1.42489239086702,0.532599963543688,-1.14255981605047,-1.06547873374349
-1.15097749176463,-0.504975658319279,2.153337638395,-0.403150629628556,-0.992995468054757,0.389874532527074,-0.91331520267259,-0.766049826492005,1.50065280511149,1.08623267122134
0.036411150353395,0.818900185577868,0.74513364443046,-0.212851103587305,-0.761303347614264,-0.474029762191323,2.31648108543005,-0.0666356903664333,-0.667418562850201,-0.541635208151707
0.882366799824217,-1.59267609354975,-0.310299780127125,-0.04844195749198,-0.169952319288051,0.643746061208351,-1.33876541412015,0.846745482310382,-0.571781633978664,-0.423850676809589
-0.559472095604547,0.221348731270344,-1.38709489212803,0.249893173562004,0.64839652680008,-0.568099012272143,-1.4086740782779,1.6159113485946,-1.37195632596794,0.23686209518805
1.03943865894519,0.693505172904302,-2.2366002609944,1.32278468208859,0.283067580601206,-0.46167665986487,0.146672227149636,-1.72342910106928,0.609081957408763,0.693101567626409
1.65750721461695,-0.321560402454306,-0.788046643399335,0.960145162677512,-0.363754722127505,-0.784032007910353,0.695024632555414,0.963747259058751,2.39001583652971,1.41001226560651
0.730477667523084,0.780257590370387,-0.310612941990422,0.239954560167894,-0.427323005907204,-0.0751912154045259,0.482402398358093,0.771104202142853,-0.0994306641866609,0.0226584041630138
0.994232916655467,0.678358723965647,-0.314686233619194,-0.389816125632033,2.24686482393064,0.720602443111092,0.885522380619284,-0.550591179738174,-0.483898699509111,0.200633495604376
-0.974904159438436,0.791463213860763,1.27762617650488,1.4177380260759,-0.25797526269946,-1.8277202759179,-2.03349630413596,-2.12607619031922,0.260612042674416,0.494145537296408
1.79602166769709,-1.59598084279406,-0.223149757144387,0.081376347328356,0.298709385239693,2.6131839523058,-0.70831738782359,-0.319752705001414,-0.666978374038686,0.326479359310355
-0.221676119330159,1.54145113243146,0.260115587088663,0.386416901757196,-1.2978009642502,-0.0960324391554488,-1.12619760795424,-0.38688600555401,0.0640024557926876,0.0867900930246419
-0.717579985599516,-1.45983788758822,1.12880752771982,1.65085900240299,-0.23535896444118,-0.297730742422093,-1.11917263451637,-1.34026053259999,0.962158040474052,0.141213159362238
0.312045819386527,-0.0285616175976736,0.66736678086498,-1.2849613258873,2.39026861488892,1.46722824340351,0.0708419998521467,-1.33108204119885,-0.246827277524287,0.320674546304532
-0.449187165059992,0.54795250202521,-0.207382991500747,0.779363382951061,1.44361761089256,2.22573613195197,0.886243817932073,0.909467179187478,0.11892772746796,-0.818031873963233
-0.695412194933925,-0.29637058537311,1.43312037425532,0.912690555628701,-0.208355280572044,-1.32361114591134,0.616408191278539,0.483636413312932,-0.708986662753224,1.26459789811473
0.826289706097217,0.203106096299359,0.573412937060674,-0.398783094520107,1.13556177421708,-0.49044203640405,-0.351732850894273,1.13529428450027,1.98335822110038,1.11111686215281
-0.417807500218935,0.532280113673931,-0.0530271216238405,-0.315614668687004,1.16273928709383,-0.119681088663821,0.743885045052627,0.743891457241378,-0.751242673930226,-0.00538437846188241
-0.859204672306423,-1.95671500540203,0.867462922468911,0.790004321235985,-0.0162600057188137,0.609186541276587,1.4994532515934,0.529151587079231,1.70168193552782,0.177032669855691
1.23250825193031,-1.22748318774424,-1.4359490233224,-1.51257124652671,-0.233564496544573,0.255835077454986,0.0060507249901612,-0.702331539278041,0.204769635687502,0.501264262606907
-1.09409315675292,-0.90403953654016,-0.393986986045808,0.0982371907904738,-1.53761456214288,-0.137887513719056,0.823866835596027,0.688127206827018,0.905990583441742,-0.153848423573587
0.316635698719942,1.081315071849,1.2769610948922,0.923223747864224,-1.03597406947268,0.0394310310522398,-0.411232518596814,0.196490696830722,-0.379258107143017,0.0116284046622032
-0.333388856777607,-0.777545501178628,0.197469112405089,0.39599121181551,0.3940601594025,1.13253904653228,0.135767724925837,-0.0790629046719396,-0.0683437578028186,2.04421631797493
1.14662541841703,0.160477059685633,0.359100027222894,-1.43928968316272,-0.212135572310648,-0.0185504573733655,0.722370082009227,-0.43491773956181,0.72739701288358,0.0381470527284061
0.443438690718875,-1.24206998312612,1.85935821180075,0.125398757523665,1.18653957671972,-0.106092026337513,0.94389560295223,-0.0315900824971279,-0.160499996228605,0.334604032189454
0.68950567083866,0.151902703626976,-0.329224608970434,0.0854482439119292,1.33110973155608,-0.0174705112445445,1.43785449571031,-0.125091335645225,1.38144926177654,0.00844876247333857
-2.32185236710438,0.752622905253808,1.05529205421049,0.9209024104456,0.582031514044087,1.21860629098243,-0.830754634929999,-0.34893995285357,-1.32251308246462,1.48483585420115
-0.458299964388387,-1.37838596565795,1.10449414218361,1.34059790166463,1.49026513912166,1.10109207361254,0.391649333155693,-1.38559975928571,0.770707802895664,-0.848901388306553
0.678277048567202,0.857092117401527,-0.498722780137767,1.09262092039733,-1.79646338975247,-0.923967299157803,1.09244619436062,-0.169234029517206,0.834234211151283,1.17548709522122
1.111631656901,0.181106876801998,-0.868755009003866,0.154516585360535,-0.880552673409793,0.279434835346495,0.946689641530114,0.948744444996469,-2.00179435081623,-0.541415731900831
-1.50922380810823,1.26161058711654,-1.01881925939038,0.447980173347701,-0.160396267843039,0.395505359074754,-0.140451125370233,0.899635818402169,-0.774506656572055,0.237858768661218
0.619070723565843,1.36861728931991,-0.327829829724455,-2.01073006093079,-1.03741518914953,0.550261686511027,0.404212619610062,-0.143549803073728,0.488146735409852,-0.691336028909868
-1.06916328186403,-2.44644177680538,2.06300693024051,0.692264090099623,-0.846249369903737,0.651765812949755,0.228837180319433,-1.4096463254324,-2.80228000241329,0.807987059536857
-0.292049227298738,-0.278381895394671,-0.787437338878976,-0.558548689401004,-1.27256876035046,-0.0310624829679366,1.32675522422452,-2.40841442447439,0.53415772827503,1.00162499506489
-1.71221841204369,-0.272278352819703,1.19419136441413,0.900931907978719,1.27799599233828,2.18221820669868,0.0220890043881986,-0.346757195946062,0.340012407889387,1.34360763834533
-2.16679928897113,-0.375755405074587,0.350205554625675,0.767634509044028,0.814999037221967,-0.133560226238621,0.801040176948224,0.00717924474945536,0.11021386597387,0.0051337040636275
0.165147462292254,0.454769230419326,0.771996567135209,-0.367213451670899,-0.308364021388566,0.746029617507669,-0.763974918089953,0.622560481656299,-0.415322913042345,-0.163775600502532
0.596935514420183,1.44923558379887,-2.38208343035512,-1.78649445948445,1.50107127431548,0.28660675640199,0.556903085422141,1.88793506575372,-0.405976752147205,-1.27334962351123
-1.45300445675268,-1.25860954177709,0.162595873246623,0.331671245614746,0.830044252946256,-1.32308689679025,-0.45772511303951,-0.489004027051708,-0.503288385989404,1.47549520432359
1.43401622916162,-0.250600973249723,0.288550655503517,-0.0022909190275676,-0.332416268696712,-0.464957422631233,-0.133595363654095,0.68726974220146,-0.135155762366192,-1.1025795729208
-0.132823476415491,0.830540436624148,0.743348221314933,0.866607195386456,0.629347340740478,-0.5290246464855,-1.27785281757163,-0.476127996930992,0.225831231931157,-1.79355770927661
-1.33075525713065,0.47887403922195,0.405359359603483,1.50462028776567,1.46698519526953,-0.607418012027949,-0.572188110082539,-1.39877758209557,0.00966869125927343,1.23105687328789
0.454522675142636,-1.37900296654787,-1.77648250123513,1.36242344171772,-0.0308571647226236,-0.0858899707398358,0.785719871650966,-1.25649698869476,-0.258511901169082,-1.055788615659
-0.505488010158983,-3.63125028429008,0.358204050977417,-0.946421923992265,1.01759888784918,2.69250138529633,0.702335448126597,1.1866806891014,-2.22937699977941,-0.0732335099854476
-1.01951685961731,-0.620416852908235,0.633019129811763,2.10387715720774,-0.995718959107391,0.930938354411431,0.627160421209429,0.538243909013023,1.75337407365496,0.114485513188615
-0.234953707024372,-0.0738524455427537,0.766882405892616,-0.354657800463978,-0.629671230888856,0.138748909439637,-1.35902379951971,0.372263751710359,-0.390790321663857,1.22329150093676
1.66033006635174,0.0944355291822766,0.251967109407088,1.6635053178252,1.29941695027073,-0.153036940555464,0.432833894296931,-0.192180013663372,0.320350220523181,-0.721078734843271
-0.0668764378491663,-0.358693555580497,0.886708767623477,0.956826467083976,0.415538412730903,2.16130658430583,0.512969577565767,0.179507920444908,1.31224282308015,0.178619143469286
-0.464305745746874,1.43722199327502,0.0670001204051419,-0.663951708018145,-1.17288828222791,0.427861064825296,-0.549347225622554,1.09917344005034,-0.234366443268562,1.81753691179123
0.159941728735604,0.319237065858298,1.57762663735244,-1.31385467622766,-0.692451540514556,0.404740722625051,-0.120475614316682,-0.67730903143003,-1.46739947711941,-0.807747056606597
-0.762060924837782,1.28656293727866,-0.174007622450448,1.55314708244377,-0.805591789664607,-0.322451454760348,2.3225185576978,1.45272013281219,-0.63044148958439,-1.08594425823722
0.0947813104839912,-0.0604392340104055,0.289455777369714,-1.29330588915907,-0.267843447760167,-0.787814848848957,-0.129159578866298,0.910014673756288,1.67413813402415,-1.13974184887876
0.082379943527936,0.826487580318198,-0.988921775739163,-1.71757239789141,-0.726272834059584,0.753887449989287,-0.889067357528718,-0.182970334947063,-0.625073080367038,2.1674757306425
-0.625130365919777,-0.406844422101881,-1.10069062131442,0.341230308148364,1.86616732087131,-0.69489094553515,0.226451625477351,0.561413568178358,1.41500860753784,0.445497509437086
-0.762237885709818,1.0223487914489,0.697213325000477,-0.280988334942938,-0.125129578189122,0.814110660817099,-0.769433440463709,0.318037616756093,1.45098192306122,0.880712261413258
-0.0710724968512917,-0.733195951329232,0.127213875705187,1.57259925408495,-0.706103682237265,-0.49682774557312,-0.32775989281093,0.247621164386712,0.838656347119479,0.0114719668025821
-0.611270661316198,1.20526551779289,-0.183418870098688,1.45958335911435,1.1224372945417,-0.083734193364446,2.1301829670701,-0.288340294511847,1.12756535352252,-0.851980776686752
-1.1131886371755,1.25908119327056,-0.804230421636819,0.987678481815181,-0.668456791095292,0.902896576482701,0.867622042264388,0.997401564013949,0.535564893163356,0.739565317636423
-0.964942785821232,2.65448183266738,-1.06863402520995,-0.502147996882018,0.737978771824355,0.124103066749404,-1.52735045133309,1.64826788051885,0.883249730843764,0.306811625708812
-0.100075026024027,-0.555866862009251,-0.999967369689704,-1.09599244163051,0.862924910903299,1.26129145110373,1.46798837155927,0.728763019348106,0.0626222877883634,0.0843584710010476
1.17859547241824,0.163069927403227,1.09098199140387,0.861426267844773,1.40866850646156,0.319653643992264,0.384643046565473,-0.705344255391898,0.92920967533053,0.322600466004401
-1.02492811108386,1.06042932228333,2.20960513795044,0.0445646479692473,0.666392897116472,-0.902503176595641,-0.0416664987419694,0.212824945473616,0.40962025516697,0.575816708337869
1.28596042907398,-0.923771660886594,-0.15721080007915,0.781513014170089,0.972106559276465,0.62004967313695,0.280450054613983,0.603142260316958,-0.583177082653344,-0.395814836577264
-0.825234111150438,0.677611364157345,0.674140390438104,-0.88291715743017,0.90703291102601,-0.519348862445121,-0.573788239615702,1.2814270887753,0.692196481527355,0.28441639619061
1.7039485484421,-0.164113089527441,-1.17381685718155,-0.392810287776173,0.477852840395809,0.290773340142807,0.732311455952637,0.520723570498616,-1.68624301942879,-2.38439109298872
0.560914736852541,-1.41874346994408,0.0119194286047734,-0.196505500287546,1.03556266073712,0.757767622966252,0.750047441455121,0.770082067081285,-1.58464973332691,2.49185532177467
0.289959340053752,1.73396991333064,0.902182888039876,0.256968336163695,-0.0843690085133967,-0.0218191619096466,1.44583915878891,0.407019753962398,-0.785439462005419,1.60969693634664
0.342293280924158,0.557955711325948,0.643300474235455,-0.277569177967337,-0.638462890977176,-0.61043558265253,-1.55249421063064,0.637890491135661,-0.73572694563435,-0.557092893533715
-0.164588553720788,-0.467377149094768,-0.937555170324447,1.57722672063277,0.0888963897362998,-0.474232634688243,0.0738590481772177,0.260361278035439,-1.13560429246595,-0.296509231014108
0.170566131704155,-0.21917760758677,-1.87809859619636,-1.5289435482795,-0.812574640304198,-1.04261226730015,-0.578500648615453,0.763708805653957,1.06890537565727,-1.28099667530185
-1.06491550992591,1.69355404728491,0.975787360459995,-0.330225704090682,-0.982355344021603,-1.23697338440457,-0.61828522806073,1.16050812133159,1.40075069630042,0.623751065598285
0.452714647435768,-0.530673610558444,-0.163980314638704,-0.488368125486133,-1.03579774702195,-0.965144350446984,-0.256671143663937,-0.392205644940484,-1.05472595031546,-0.458869050625662
-0.344250494184008,0.978084446532338,0.99765503104498,-1.02917886077896,-0.434203471533116,-1.26864356629641,-0.421084766523326,0.618417519292506,1.00784941296023,-0.366245816844738
-0.737088779345801,-0.660384502742887,-0.276670277959244,0.624170134659616,1.66955063879013,1.52834812532469,1.58737696684518,-0.461325728392463,-0.0188435434755586,-0.221810458148063
-0.458464878896163,-0.831296861558181,-0.630067871774159,2.10788048545989,-0.472442492958939,0.883191828156446,0.866019556176596,-1.51337588040122,0.863409127490494,-1.23659033159724
1.89904062526618,-0.991875525417465,-0.0363371640899401,0.00113087334527047,1.2557187595728,1.12905637146961,0.447613263564425,0.426895904346061,-0.470881389463299,0.240688740480872
0.441273954246548,-0.751217084140642,-1.7927279973984,0.480740669143379,0.517942103973381,1.71402249264896,0.954919576011102,-0.67286435368855,0.463993800978243,-0.748755605398253
-0.571687755697044,0.951644581627773,-0.207907598069613,-0.90563249580002,-0.583276321816002,0.623836667665554,-0.452685795005618,0.701232338784884,1.16181872221115,-1.23842593623797
0.682520795869421,-0.7954701891084,-1.66024508575642,0.379009574639836,-1.11225996974613,1.62796908266041,1.02500210453031,0.506036852161518,1.13847854845075,-0.213080933938581
-0.00793899658240655,1.23143764053058,-0.536192135036467,-0.781783609618839,-1.01478254365607,0.146098923920963,0.490825235021498,-1.26276481347343,-1.37269618965122,1.18202904434543
-1.7037193372772,1.69374269149473,-0.0508089307099694,0.0237564684425374,-0.690185997576104,0.299435790655427,-0.585818737697013,-1.67292473150681,-0.54976911849485,1.21553790369657
-1.47202153153914,0.578569748678988,0.0899812120511679,2.36064633196132,-0.668753747823778,0.719281799237106,0.134158514827183,0.619348516355172,0.65670123149384,-0.766434538559833
0.370880042265602,-1.72889025980754,0.572772789625029,-0.985978853937973,-0.241815025874313,1.45052397192447,-0.775810661342718,-0.022700789807799,1.53912846925399,-0.470499195483111
-0.811605703612052,0.398693662042838,-0.837227548405502,-2.10406560986498,-0.833146700955572,-2.29281394520723,-0.576975202295486,-1.46059841425688,0.483920578661236,0.985713269875518
0.649211528070891,-1.01632725019386,1.39842986909531,0.474379840433106,-0.890812871922127,-0.687070613360057,-1.02692023931345,0.109207554114383,-0.505684328061678,0.575118670456548
-0.238646585931879,0.362627202173286,0.415764195416773,-2.7534415183246,1.07268179926686,-0.787977103314648,-1.80334987119204,0.964417499138759,0.643046095604815,1.36180427816875
-1.55659838617498,-0.368704124063551,-0.0591062528609986,1.67687268073206,0.130041873639384,0.736269023738908,1.05185630790145,0.640775220293724,-1.2059984594449,-0.890681033797095
-0.157332223650328,0.53968050681284,1.17506490580339,0.575950300871875,0.713826372039943,0.316647491127305,-1.52373318247204,-1.12050836969271,-1.08080062649846,1.50144141841036
-1.05994874447954,1.07201180737973,-1.74367658738884,0.426207993493582,1.67153607480143,-1.96933995791878,-0.392755056276927,1.72771389294792,-1.25470496987257,0.806898212213326
1.4371228215563,-0.574354443335252,0.0677695655172812,-0.36496636052294,0.32766518994377,0.385906951672845,0.146627594667743,0.803840872643651,-0.529028946323603,0.0485675212273532
-0.35298781668829,-1.07654604039473,1.05914221028233,1.44722752742238,-1.17974916348841,0.164327488171477,1.51459308824036,0.827486377910371,1.06240412564076,2.26429742422703
-0.318740667920333,0.307617644266558,1.16140178435871,-1.33285446572765,-0.29539246594991,1.67980736576449,-1.7758397355532,-0.303621256283854,-0.0401784438222926,1.16189027908507
-1.67188001606943,1.64572494437161,0.195033173788537,0.672865014571443,-0.927180261271828,-0.94187299874926,0.280090035668838,-1.19714653020457,0.928295929113164,1.20610560391377
-1.17947456687343,-0.0595776503493516,1.5860050598557,-0.189381684463093,-0.489793416138308,-0.845027998020861,0.0246978322049208,-0.360069890244223,0.688197611545484,-1.1736638765174
-0.536144644241192,0.339236438717231,-0.0174860447682242,-0.257349434865931,-0.093992823961214,-1.14266730432123,-2.22145043079439,-1.54628445415345,1.05703899734452,-1.31353623710817
-0.433828346019938,0.489117047174405,-0.724508791738312,2.68059909086593,-0.417887617743689,0.0440022878981721,-0.416817088048077,1.31813788814398,-0.660085488248098,-0.64211455760727
-0.951178621999472,0.17532973318657,0.946131688324752,0.543973561899997,0.272355889356831,0.184863767869512,-0.0318043738695468,1.21744157470222,0.618862219487173,-0.308428431680434
-0.958182393266731,0.139568663407679,-0.568207632578623,1.49024051369559,-0.92659854496417,-0.484547846770732,-1.00427498211837,0.171112375974426,1.19176049419763,0.853966243403269
-0.195500622412466,0.262051190142709,-0.704680954407085,1.1381531052972,-0.601875455756039,-0.76273901594828,0.0292229854799253,0.224436015540921,2.02180590881413,0.430264784271969
1.56924867088786,-0.17958914368268,0.514723747105965,2.52804225577528,-1.19934612574588,-0.100084745987381,-0.380524404474793,-1.66242392184996,-1.79768562196974,-0.859034572792747
-0.356842914898822,-1.61444971530554,-0.210307839058465,1.47008545270789,0.700953278388468,1.45835021466979,-0.381782405703313,1.10454194268236,0.597496304313638,-0.389844903326475
1.1040309124943,-0.708247186960715,-0.513018396157253,-1.12483634948232,0.389988911378725,-0.786796772653975,0.634318024573525,-0.0440702829500001,-0.859880533548486,0.0903770100703504
1.31593594742462,-0.324049860371201,-1.09466315636535,-0.899464081306616,1.03689921669245,0.372410686955197,1.38687718918,1.15589062193729,-0.331731783747764,1.7686680721994
-0.997117021540932,-0.871710089733693,1.27215658665588,0.545305657212379,0.255705446605292,0.390982582661569,-0.149368949325474,0.34667260781459,0.919676736202522,0.282774587791974
1.07129850647049,0.0752722404992792,-1.12679167597073,0.547449890133217,0.696718931348816,0.350437130720745,0.0140422310990782,2.01634890005148,0.723143450953094,0.776456850767456
0.464456728929206,-0.049949062714881,-1.4330961368852,-0.638472614335613,0.502664128347857,-0.153008152707992,-0.375717268255586,-0.445433757474503,-1.49108376493902,1.03693041396187
-1.30334691481303,0.637918051792999,3.42790338254544,-2.64478372497718,0.761569013080196,0.525652125481237,-0.038322946155381,1.34972848976564,-0.643852221679878,0.830424816623576
0.00659780594613796,-1.71412248922353,-1.92842215624967,1.93788763573155,0.509381362601379,-0.212905486873948,1.10866196105197,0.153020473382971,-0.736859183903579,-0.800400002084729
-1.08979583811668,0.374489318134325,0.332657094759587,-1.3475747670902,-0.20496729291751,-0.106265110493141,1.24994481601996,-0.458980997980309,-0.303063534042097,0.498088264029975
-0.58950625349057,0.17167477344073,-0.52463080304102,-0.382031692990713,-0.974621725911909,-1.00639378761581,-1.56523923393136,-0.946259131475638,-0.185475645736662,0.156386369212362
0.307265636135971,-0.512971487883002,0.0706270401048736,-1.36578156550305,-0.215109060786438,0.557167764062008,-0.529689561874662,-0.428132656133847,0.0798920723293854,-2.42882817019897
-1.07955234342579,0.635471704673516,0.947379211072359,2.00734190527761,0.378491833879738,-0.754784048622205,-0.129300850376512,0.032203494919048,0.963578052106616,-0.286158566333189
0.0442778602545287,0.146825854398065,0.154359119612708,0.520168943814532,-1.40440153347546,0.065198478509636,-0.0565347751178715,-0.341107440013738,0.923636177847062,1.58135967068052
-0.300234149957934,0.115715744992922,0.549575519256081,-2.00642796990267,-0.143902405763792,1.26306596725496,-0.885817571338128,-0.132893494378923,1.04370231851232,-0.412774642613051
1.38448714143558,-1.63286198507181,0.739606971347708,-0.885696598170666,-0.15070672046,0.795134157762472,-0.872640204129669,-0.616604384370248,-0.78029102831336,0.0458384808339679
-0.0685705148834519,-0.895584068475846,0.692659239100766,0.54172943804958,-1.41816773740292,0.0878434127255377,1.52892204464006,-1.3948848489894,0.131672250484229,0.0488164899658155
-0.763093644286295,0.586807150420732,-1.20649588160069,-1.52824430811321,-0.00757578302683186,0.117094089884781,-0.334729147323537,-0.607752417106325,2.10822646747445,1.55581588999349
2.76300622940796,-0.565295268350047,-0.0456708624861485,1.12378004369231,1.6754344538207,-1.59912064405775,0.436928557016633,2.01716202630156,-0.605782304612556,-1.77075278581268
-0.184583060979639,0.318645302720497,0.456114312522896,0.902970178772999,0.929326716743975,0.760959858686006,1.35974443205099,0.167263609361504,0.696752326995042,-0.941182637207715
-0.393832820087149,1.2070434003656,0.256092085736816,0.845042587047793,-2.5061426972932,1.31761929390522,-1.11493668356052,-0.265372667751956,0.506011440064963,-2.45081288373804
0.378614294586001,0.119318541641963,-2.02592907121106,0.917276794145396,0.0831590783521563,1.40621006058766,-0.176724891450604,-0.672880837090166,2.16181253183751,1.35131292576995
1.85561135651235,-0.606529947230905,-1.95827971832062,-0.993964390001862,-0.363162228309474,1.48241144550522,0.0991044623564484,1.7704158521318,-1.29669678294422,1.04999661102581
0.383901597823642,0.996902914626086,0.301665743704675,-0.630290131983186,1.25491865056793,-0.457894897956971,-0.139823518185661,-1.63274166179045,-1.85667750664909,-1.95470848149932
-0.530664237998624,-1.08404593947825,-0.669209614226114,-1.8748280844791,-0.834828035407984,-0.998629120169736,0.0521445493521694,-0.40140784788872,2.27180430910478,1.57738764515909
0.350389095753444,-0.473536761210367,0.389812920551401,1.7069242256976,0.100526496167813,0.0408292869825012,1.62379275445886,1.24318584790714,-0.0308023620050265,-0.154763154664619
-0.555682061909621,1.61345929068461,-0.814963752458066,1.64048234405553,-1.00456271924152,-2.47521290228239,0.599685009773333,-1.58890909840361,0.352288451569817,-0.13962058181938
1.35093065969088,1.19783515610235,0.51903448312931,-0.228376796556652,0.26122392863494,-0.547034231662035,-0.599562325507769,2.65717658815679,0.207574993145584,-1.12831184414641
0.345533457657038,-1.21836821198531,1.10306957431578,0.198461314451956,0.0225847565497329,-1.28775467046704,1.19964186535357,0.00828565488813411,1.35256752179431,1.72327654845876
2.31434659732828,0.0967776619063694,-1.07728130588274,-0.0678645086423678,1.29672541326169,0.185248399154046,2.57855613742433,0.914301254653932,0.262443575925674,-0.948650287971701
0.796298388027338,1.38629014504395,0.286996404685966,-0.620940336413677,-1.29152172042389,2.6924630243739,-0.733409521638177,0.0435246470135207,-0.581557820936639,-0.466570950774336
0.0432607167893039,1.21298964590254,0.944391561579715,0.0980293633859345,-1.66640404918884,-0.34822523404054,-0.816104229147912,-0.250507732076232,-3.04584741267944,0.7377153336145
0.911122511671016,-1.75953310654169,-0.758938282609904,-1.3484402479603,0.385606387705705,-0.761568158581178,1.79019582835404,-0.186089523141855,-0.350203130786099,-0.708810210077551
-1.37939266713338,-0.373949400115737,-0.711955684170355,-0.767669460780546,-0.622833996821423,0.396722388727531,-1.82781824157003,-1.38784224824917,-0.89550238044744,0.951047409597744
1.26950916121615,-0.399333422963939,-2.29267216835069,0.342670330298515,-0.468863327838061,-0.693514792564041,-0.318207647173226,-0.283227428385768,-0.778093334282654,-0.59801598461745
0.337305041820178,0.918133572776951,0.29793007012056,0.999379211544357,-0.40195246158762,-1.05394518645245,-1.25164459640489,0.0766864347238428,0.873375662499952,0.723345388610345
0.703924742149394,-0.357382070272376,0.10706011857873,-0.739729806457471,-0.50357462960613,-0.00186670981182413,-0.299232585572555,-0.353176848541224,0.70677291340875,0.221244359891377
-1.04302567285935,-0.723276250008375,1.08571762646275,-1.07743001243094,-0.94909683011127,-0.200737034745992,-0.45370426091347,0.70472427412965,0.395027558497319,-0.573052553955631
-1.90654192095633,0.485120459768295,-0.560729134258321,0.888213438936925,-0.126398144014515,-1.87923501437189,-0.938308039091342,0.0158069050718405,0.630575445865705,0.264919591176796
-0.310468686667105,0.468486811721191,1.30114863985963,1.75295970353198,-0.269408829743715,0.391002870684933,-0.815872389416266,-0.200082384814332,-0.807418928058771,-0.130716627039616
0.90251591897915,0.364535562205014,-1.0152289533369,-1.16212159288027,-0.46350951620297,-0.28370209081674,1.27925310481656,0.927528559816918,-0.827702723515195,-0.857345412116989
1.86667073258139,-0.650551881509283,-0.831087791063712,0.63615006536368,-0.23822861514315,0.318506835640729,-2.04738863791634,0.429401482888182,-0.762824140440278,-0.942717175857017
1.00188752578334,-1.25789942048079,-0.548071533475996,1.35711098121779,0.260870658823027,0.410010829644019,-0.178017261578463,-0.583449019928035,-0.34396406367991,0.889856569252595
-0.434237314685223,-0.550821969874531,0.643258697559403,-0.713763239350961,-1.22328718496072,-0.302856646394736,-0.0592093709637604,-0.246645014769083,-0.165417642849901,-0.456471161645488
-0.385408326214792,-0.389248993647192,0.432720714938611,-0.922739777172464,-1.68884249854998,-1.02545326873045,0.631294153076132,-0.176307119733401,-0.260592340387758,0.614408441784101
-0.457269272933817,0.800624692539126,0.143705002506153,-0.400784952461063,0.839352365625537,-0.0819133522665563,-1.34234459860475,1.20382477211644,-0.544575254822811,0.447468732392357
0.352685117487027,-0.717262853437109,-0.315743709983479,0.881376970612417,0.145087089559889,-1.29435650593314,-0.815770748148971,0.0611773786082099,0.206595645591084,1.21760141925821
0.367962992726976,0.273855301322524,0.219579701153694,0.675979940703,-0.877342310830245,-1.42992217094867,-0.93431113938806,1.55185382279947,0.768339508257899,0.0263455222568497
-0.00717758363826906,0.478181399481257,-1.02208276712452,-1.9012795498039,0.532725645122066,-0.00537987391372326,1.10601750116961,-1.99361313401182,-0.919725491995311,0.882131650846026
0.869666512049948,0.360267883471673,-0.786436270987592,1.1560395188208,-0.0687050082796808,-0.13994765738346,-0.422119133537355,-0.948025829497223,0.49877305339362,-0.971439066947989
-0.167294935957007,-0.0759692210830047,0.362157495843348,-0.094227723649118,-1.33205935105811,0.879565407830285,0.986069269588092,-0.29150056506579,0.791090068056513,-0.111069074707817
-0.0695794639371777,-1.31063580777546,-0.751739880032234,-0.567144629348387,0.575453000513733,-0.0723842471445567,0.268697663632705,1.25505269343927,0.301439033279933,0.238156165231394
0.868352771453636,-0.884703123543403,-0.196321478026805,0.177121740508759,-1.71577509603481,0.664158158136595,-0.621572566531313,1.16601855942966,-1.31802943267317,0.463291488938136
0.784619046129637,0.53100778714465,1.08994535368451,-0.573998164859363,0.574825360419504,0.130781767065881,-1.48460561178047,0.532578700649178,-1.35780008948578,0.300210184881146
-0.791459655129136,1.62755801309496,1.09154111294255,1.9866010204465,0.553976493987273,0.288884251767248,-0.700791620692834,-0.684993728994125,0.535158904354335,-0.693780851485411
-0.261641439015032,1.5716937625052,0.229388042292526,0.209429305372501,0.976413376162023,-0.0649913984688029,2.71457850548386,-0.484909825556215,1.69249933274342,-0.613879794301408
-0.338290903146692,0.863289769372329,0.093984922786523,1.63626159838328,2.09497767731913,-1.77674524063764,-0.511012929852289,0.138226888083561,-0.598567927364775,-1.40138839198394
1.67560545592006,-0.768682981519858,-1.73594500314085,-1.43923354783343,0.798173916376312,0.151358083186134,0.31716730801127,1.38480782960457,-0.900588649928505,-0.40672951288023
0.215867378122593,0.564498410898987,-0.716074937543868,0.326258872943158,0.251514781585246,0.881259405265563,-0.660536046336096,0.946590256733826,-0.542398242303279,-1.27118011996549
0.513057835102807,-0.0529746944649285,-0.0182270110680345,0.437306369053148,0.683407207412942,0.61036118734511,0.825246771628663,0.540750912374314,0.606115764648169,-0.576201612960744
-0.808683504144862,2.09003433631733,2.07493970064206,-1.45064107833703,-1.0173581860552,0.113118302115488,-0.247045530427067,0.678169870011207,0.448226648189288,-1.13451715141438
-0.651845138930356,-1.89568966755841,0.573720068615044,-0.674218467614916,0.132245878783,-0.528487147117612,0.903430436889707,-2.41414042822066,-0.789400284658234,-0.98415978303963
2.71232377768892,0.458105402072672,-0.796317864612114,-1.87541898981192,-0.150015419940161,0.940110391340455,0.110121793082793,0.661011648368485,0.145004270453451,0.548812637566507
-0.19132985378499,-1.16686212008836,0.420588304050401,0.487708876965926,0.159132044593817,1.57294473281661,0.337674789180804,-0.250275441086968,-1.48329641866851,0.204430241869288
0.777106731892167,0.624399993498234,-0.0683113895813604,-0.712062101690578,-1.23357491179739,0.532520711214348,0.00487792984766303,0.298661168821197,-0.284306477383063,-0.424215076293267
0.271202714856907,2.7936243228396,-1.38743438126874,-0.560544720752529,-0.981236572012517,-0.912697269382323,-2.00203228548742,-0.00560631884762751,-0.0382504827857596,0.476667657254745
0.713724526253398,-0.702630740578212,-0.763127681491801,-2.11604618613905,1.17857321623016,-0.816595665780302,0.629559869601615,1.42318431609351,0.400703389152784,-1.20944605692671
0.0291470660277427,-0.232948164689511,0.821882245073951,-1.25926600174966,-1.38832721878344,0.55026638706276,-1.20930987374339,0.894384101239242,-1.78674257931045,0.34209327156511
0.267635360893607,0.827822346475336,-0.797148111211824,1.54922741437046,-0.351730095395516,1.79445619251829,-0.722610826460156,-0.802505149174807,-0.412091833968282,0.635897123848706
1.14861336262464,-1.39441270399982,-1.49008071753927,-1.58891259498548,-0.624247162147597,0.317140888501666,1.72827814554812,0.0228983635273975,1.17312690041943,-1.21933006288775
-1.95823481046806,0.781654220696662,0.91647727356407,0.974722633242777,0.741971177587979,-0.744017564448911,-0.157372319594113,0.610801446303811,-0.0773049205224962,1.71677061846001
-0.338060421707287,-0.547346359907256,-0.575045231144564,0.0874885327868643,-0.400677817974977,-0.408767887080809,0.43739237193535,-0.713013916189182,-0.939385666575405,-1.19579624488736
2.34203663115741,0.97853527712131,-0.394127230571275,-1.1496456212736,0.786534555978625,-1.14102993475392,0.367429121145534,1.29659060472826,0.0905512058186106,-2.41632173873321
-0.942050415092338,1.24237767041364,-0.777878228731633,-1.48268841291348,0.289197119473089,0.738276628832003,0.00747837806989342,-1.15578793410926,-1.22729582156566,0.277733711490927
-0.874637854932835,0.897067420649039,-0.63144788680784,-0.708962033591903,-0.00475630737897709,-0.198185213303178,1.36359423181549,-0.719970523316553,0.234342810106733,0.615026960776196
1.57063767971765,-0.84883549409291,-0.207940088368174,-1.88552638041027,1.14882846200475,0.520056998202244,-1.70484866237524,1.34428613102675,-0.854088489871673,-0.0784437835054266
1.47677568086921,-1.19083625297671,1.75415117167147,1.06353451062172,-1.09839486917501,-0.494116527383195,-0.243809699642659,-0.0642775284683115,0.113518276180463,-1.22613852278032
0.288279695130731,-0.000641414528857729,-1.30689360495915,1.09556898191521,0.717013217671797,-0.815921551966107,-0.67119473530705,-1.14981947098203,0.165742297829958,0.460602776387582
1.32550199415151,-1.35929570774388,-0.74032034600885,0.38167939419252,1.12479985992604,0.474195040207068,-0.22056055718922,0.0993021341674214,-1.33706141814072,0.612561441067848
2.14121099690264,-0.423801508402639,-0.603182232484956,-0.0990687434990786,0.134062507304552,-0.40762862345687,1.56145268238677,0.0181396759455114,-0.0857307258572673,0.00689030476758267
-0.471500429338884,0.15961457856618,-0.997019246337451,0.707604859010805,1.61601145762212,0.842520037084349,0.00209641522358845,0.216176820739598,-0.122953962616282,-0.219446688606046
1.60457259569221,-1.42240633017924,-1.25249997073376,1.11348884288768,-0.751466786917686,0.970519481067565,0.817664712413525,-0.986667855412129,0.642474819783151,-0.415833820844727
0.284684885013653,-1.85234867608961,0.917888910203344,-0.0143371505055347,0.19223538835684,-1.64082104355628,1.47710196952386,0.352030219774627,-0.6314574607537,-2.0180426299493
1.02280404036937,-0.477297044568229,0.626811172292647,1.13341328117499,1.45106936492889,0.359971821327807,1.38437867877813,-0.484985236055664,0.229106019755869,-0.152698942771374
-1.06785723243881,0.48781331888627,1.1754376911612,-0.485451682641784,1.23269142329766,-1.57878791389899,-0.175906849488801,0.682911536514465,0.435052133867688,0.508597652566778
0.553944227553476,-1.14252857727097,1.37084133140747,-1.42470568719017,-0.377187891921736,0.230685375807657,1.25348118564225,0.458409077066806,1.08645917848021,0.0271801907385181
-1.75463864393665,0.680033244645218,1.80699969687207,0.138685120966076,0.154620265202262,0.1251749104031,-1.53821404110105,1.31943736200479,0.157742632812146,1.79161984678251
-0.55425869833763,-0.31355614430992,-0.94595763822641,-0.68212623162098,1.58893805025686,-0.135966277764241,-0.564908145291233,-2.3994323727045,-1.56976908471619,-0.956880295647749
1.98068875150358,-0.186915980005134,0.360670898880423,-0.645758684984846,1.09711344249035,0.0363541873245941,-0.375657905533055,0.518071723039829,-0.376587471104453,-0.902586398741265
-0.770646181692255,-2.38742455212819,-1.42505923391267,-0.63079694779367,-0.317439213905428,-1.28705155311566,1.17824066550559,-0.0621050037098405,2.56624446207423,0.320001189831423
-0.22460430816356,-0.406691810590456,1.26540611531526,0.21352213218627,0.620869204495405,-0.519392841807061,0.844011560765335,-0.108746531524345,0.810982783127728,0.884854595879867
-0.539143320566424,0.112599699559892,0.638294609009706,-0.777074855757694,0.597420476570537,0.850965910127536,-0.50303257507187,1.29245862637339,-0.584364627692984,-1.11497353223238
-0.51563250911731,-1.20228854477229,-0.161149193629879,0.841253717531651,1.44128136026253,1.00077477636605,1.32113178637021,1.51836168822863,0.599023966306356,-1.36764990362585
0.781400093815529,0.93429259345941,0.728097584811624,-1.84003787169962,-0.29014777195124,-0.382323263084704,-1.20217666711773,-0.0734957790639376,-0.325109346901305,-0.46266103360237
0.946555461734854,0.729179985237483,0.283603661635971,-1.41603732831334,0.043922868930502,0.96662481319005,-0.509333913792036,1.58740370724068,-0.411784960031533,1.51800083608368
-0.869195001768212,0.955816487634979,0.782085089234968,-1.34073488534238,1.44314495686639,-0.132441408189163,-1.35621931188652,-0.563675110743551,2.87841072333857,0.43800541065791
-0.735543136965183,-0.268778646938852,-1.02859552183789,0.864229163666624,0.68504250577372,1.16729051603936,0.78617236203135,0.935393268114734,-0.39498184165787,0.574458559880168
-1.15165649565606,0.944111230545808,0.0433365087045015,1.05666054082987,0.530711327033894,1.52474411610397,0.177717202648196,-0.337676317309854,-1.00370900779268,1.94057013135087
-0.349787873565907,2.15714043651927,0.202924290738791,0.305996112369212,1.74994420962804,1.59062924123173,-0.445406603792987,-0.136380497356136,0.706093818369389,-0.8914828322232
-0.972367879507238,0.0851166021219051,0.0438778171137711,1.36315556833215,0.91254904516854,-0.254837662345336,0.0796914587848616,-1.81897086916366,0.697739737976922,-0.0938432083699651
-1.53750680602074,-0.819036737841133,2.09284156601882,-0.842452677549847,-1.53095778524799,0.0454095620109953,-0.231688439932112,0.0340872779867767,0.536943859615539,0.0300641042658028
-1.88679030203265,1.21852333649592,1.29161608857124,0.739312073831604,-0.77614787326662,-0.963749023435485,-1.03066746873779,1.78257917759546,0.218116125064105,0.969483438984788
0.370880346777206,0.996175494229956,0.735711704988285,1.23002092198064,0.80716297259511,1.70313085142283,-0.224108012009831,-0.478571655230052,-1.71375746411914,-0.483411898797127
-0.462748457445078,2.21675643835012,0.204725525815858,1.77325617740648,-0.639186664536341,-0.501190307403894,-0.604657243950127,-0.21760765645884,1.34776768193788,-0.671854956509233
-1.55251427643353,0.522499377801012,1.23861906061542,0.628463977506265,0.343986787311631,0.082835727310044,0.613235241009057,-2.78602635253498,0.404539832951534,1.43824910683585
-1.35745354955007,1.06541957061692,0.814093212348174,0.428270883253177,-0.67739916599669,0.311267337628127,0.733688496396039,-1.41865698082074,1.05908979273985,1.01440484181985
0.276771945962499,-0.414952294263387,0.736842145582912,-0.944997072822093,0.530778086004872,-0.352408562177458,1.37526806676123,1.18632698658337,2.01030022029735,0.293224334932073
-0.591595649808202,0.0206426461555976,1.3891077132458,1.00438883385592,-0.725849648379021,-0.217991838061717,-2.70849173746695,1.03457548568118,-0.0929857503387396,-1.4062469491601
-1.27282940012235,2.10483971109645,1.0197090843604,0.20150376569429,-0.091464519347593,-1.39091591634206,0.646237316956721,0.413008937294947,0.754225782257647,-0.154086457052796
-1.02111482701438,0.117540790478574,-2.51441687172711,-0.343751309263253,-1.06693889255599,-0.41077206696012,0.739434348534645,0.263608437613751,-0.2181642309485,0.643046622328815
1.02246584053358,-1.68259560137879,0.228061141329576,-0.00955244793294881,-0.010802977692826,1.4672729512018,1.83191064984238,0.376531827283189,-1.52681591337244,-1.32713397785368
-0.881046113939293,-0.0813123223213187,0.474979247424906,-0.10336539835841,-0.402152714151205,-0.738299666477466,-0.530833381762972,-0.224707887166572,-0.0776832948085972,-2.1906469239393
-0.777171601091562,0.498827157912779,-1.17080662196641,0.308412723089536,-0.832105481014479,-0.0819636458706638,-1.554798212588,0.51649776772361,0.439973538050229,1.5690445818202
0.187935319402853,-0.360187854410025,-1.65272232109114,-0.77887616194663,-1.81718955877118,0.340036554453826,0.563733016134405,0.128654498378439,-0.38841377526901,-0.701417780978312
0.151281506739661,-0.825700694385159,0.754723494526434,0.507837032644339,-0.935610826994995,-0.086855659314671,-0.483319344876882,-1.27875746507301,-1.47290533164533,-0.432824394451703
0.566921445882897,-1.03175784927797,-0.377526035276498,0.134453986682615,0.197596072042167,0.824612555873352,1.239537508183,-0.228178250789797,-1.18057991605645,-0.208472637319376
0.640610217608669,0.309626762735199,-1.25824396510584,-0.879961113359025,3.17218543849025,-0.440655107617349,-0.0926319623150356,-1.23756620694715,2.31342417099978,0.592961383518065
0.16056441894516,0.298706037679397,-0.929770847264777,0.657506864204393,1.00697873853646,1.85075483190626,-1.17086464228116,-0.0233631388778924,-0.0605434159615514,-0.0708090036155679
-0.304939055165552,-0.663531324301919,0.731268683102356,-0.195809109130831,0.87810091087803,0.251070008631829,0.102208173500172,-0.0318432299877029,0.241199482114425,-0.556442153612618
0.428906779778101,-0.206411684352306,1.49813063472719,0.587511112157622,0.0100643209197792,0.158443501512848,-0.209591561852147,-0.709734146028056,0.583456306200201,-0.618369872076269
-0.237071586046796,0.0899098764418253,-0.204303910794396,0.649621991442165,1.56576771051873,-1.97557931388949,0.29889212228423,-0.0147083606020026,-2.29176239522749,-1.92180148724593
0.418646206763795,0.515553132144387,0.674805080032269,0.10203610764779,0.200294169571891,0.867296286022153,-0.679852850646372,0.735250961633631,0.0710866470773394,-0.518309989549634
0.303036218906982,1.12346413812807,1.30331811305687,-1.35229392629359,-1.73416009187543,-0.207892653608528,0.450161000459082,1.20158210848852,-1.16738566236222,0.0737003581433663
-0.939633001247975,1.211997010658,0.510329057441386,-0.306383904192948,0.535170734335929,-0.46718142038049,-0.4129984191934,-0.319447487376251,-0.291923276954122,-1.32068893944293
-0.0634396832725497,1.24084536799077,1.12040467787375,0.563867269167409,-1.31787548829129,-0.979302662720355,-0.577768808233694,0.527484023616955,-0.682169245589647,-0.730162588041566
-0.520323307608942,-0.516846437075553,0.880447318301906,1.3456831148598,0.37541909389452,1.15105177766247,1.00865624517328,1.25862055459005,0.128981913820938,-1.62546847434209
-0.234071879313218,-0.946824035844299,-0.234671461384808,0.427715818449163,0.944460637523248,0.805942510714194,-1.63724667312842,-0.554522347655484,0.177153146224476,0.363614789503524
0.787712227531384,2.4439219813526,-0.250097734646845,0.212242665266127,-1.14157513658007,0.0402531655534319,-0.128735649007052,-0.321461142087781,0.383549608211402,-0.268911565017557
-0.173195356881437,-0.23631689992605,-0.455656953930364,0.77348905106783,-0.985776199671925,-0.59411054556741,1.70062248705969,-2.5452162989736,-1.64770482560387,0.107770334325243
0.226919731607211,0.210993345082588,-0.398070152801065,-1.9202951329482,1.34197910855953,-0.195185922323123,1.74578417383863,-0.620704543843963,1.05683681095324,0.0767577622577867
-1.58108636517747,-0.709048717833432,0.367665394865787,-0.077844737329865,-0.0783504006792472,-0.543986091688091,0.955163791613259,0.077899173634981,0.443476953476564,-0.641364102188565
-1.11685480079744,0.569224575496812,0.0424993024984823,-0.650366664161567,-0.519899688867078,0.251484169776272,0.111289217165468,0.76057570594009,0.915642389051353,1.23021489999962
-1.7759279758574,0.271738676418181,-0.528043398778966,0.0688119177347515,-1.52387807227285,0.42294342445585,0.034864334845328,-0.918200527632252,0.220632865472201,0.936896937020389
0.49629047691231,-0.411043514248247,-0.846521646376544,0.446834959518816,1.62298110235547,-1.0527977779267,-0.437550482189628,0.547531368813209,-2.08657841282225,-1.42735154679453
0.311233727196031,0.480955239828875,1.94009266302382,-0.0509682333499048,0.164537653398629,0.490726228269038,0.490758592809746,-0.130929285842851,0.122876008540067,-0.406380388333004
-0.731151807876119,-0.257537277939726,0.544262993628067,1.06075503024312,-0.842825881980153,0.358985173728499,0.740692925367706,-0.717648704390602,0.778645518762145,1.263586582953
0.824442792597511,-0.71211116851107,0.186366733744319,1.28024162742125,-1.23898192835043,-0.805453910615804,0.000502372277193931,-1.39209810733767,0.276491882370716,-0.455489332828904
0.0767147367230453,0.232887672309103,-0.978034795602997,0.417993832683989,0.86462119255013,0.520204986426525,-0.323240553658991,-1.67384832237008,-0.894444753881722,0.682654319402513
0.478491986456464,-0.246048717951405,1.27382732814639,0.279081484936475,-0.690570318949382,-0.227935666432442,1.06183570870836,0.55220869898875,-1.35123823174712,-1.76160577673774
-0.740688423178229,-0.154551350006221,0.421954982961232,-0.166097793211004,0.836065880232603,0.371914520944295,1.28839288283892,-0.281670595687913,0.331528905695659,0.91258416043648
-0.241512674171821,0.818289622693299,0.670578494821553,0.244321961152156,1.24337216466555,-1.07889802348987,0.828169661613636,0.71725237201487,-0.621967027710682,1.89293009310358
-0.697407047946373,-0.898724909079171,-1.80051564564765,1.96741757154459,0.717047084788245,1.24005398766456,0.987747161654373,0.81333184871442,0.502686016145161,-0.638104092127858
0.56297747221882,-0.531257262283154,-1.02426580556814,0.623686806333783,-1.07083627929647,-0.169365601324444,-0.121979716552252,-0.99360547219244,0.0132672481117453,-0.629732933938326
-3.09014931041667,1.89163406919653,1.72009427427305,0.183746341665623,-1.71327318846367,1.69589437587657,-0.792860130024084,0.381128991068819,-0.782269768028788,2.84465978491558
1.19334266192528,-0.644260789022687,0.259939715188699,-0.086814915773735,0.577363943700885,1.14466956670624,0.905711493186594,-0.026451162964207,0.740484437555719,-2.01412347320301
-1.92984906832966,1.68836435544556,0.766262138947778,0.275689252921029,-1.46097216437508,1.40881441032207,0.656214920761929,0.703467404866107,-0.101441151677263,0.173161745131155
0.524248715702602,0.124967962343102,-1.15279772144488,-1.61817878034257,0.32370214231084,-1.01668220474722,0.765822507267538,0.495978287122792,1.25359104905472,-0.678060984477613
1.13921211549557,-1.46633804937362,1.02662681547284,0.164076217194842,0.000168512768608154,3.07779572622384,-0.490056154739001,0.820491726361224,0.565368869799961,0.957593056783138
-0.841276615714978,0.715033575883904,-0.86552817147741,1.25712278630074,1.83976235471984,-0.632848212148392,-0.352580720522785,-0.738203591354246,-0.959365421835196,0.689686362517951
-1.4046566623444,0.732567963432101,-0.669265436173661,0.461717605437707,0.195831244490241,1.27085725349814,-1.19642937075873,-0.0655010759344992,0.751315661523926,1.21073448272345
1.02660303103364,-0.49522397560795,1.23293495640026,-3.30788284040859,0.408690994405674,-0.588379430650041,-0.204878403812795,1.68379413025791,-1.64950588136921,0.0189044183697935
0.365276117595389,0.167517324130302,-0.39362729415143,-0.870437163893218,1.67655547429209,1.63706164354405,0.492908172781424,-0.781786144541617,-1.85307465629881,-0.798018660402928
1.43534710139632,1.70688711520881,-1.47031022131112,-0.503677154797396,-0.413175009362592,-0.135080983861712,1.73132814653092,1.96458949414867,0.878742274963144,-0.0730937481310488
1.01287880380319,-0.51623351094917,-0.174576335024318,-0.747099686757736,-0.515137594114307,1.54704084450185,0.890515478335989,1.29226869830758,1.53354272357381,0.314624298270814
0.148740798569034,-0.0175820379021234,0.533298622610015,-0.508705212611672,-2.18847500904443,2.06452128559633,0.797290802100632,0.999202707139197,-0.412761927337489,-1.0182002009122
-0.747359078850227,-1.27155842366348,0.74263366588761,0.245535772614309,1.12848347229431,0.58871406033545,0.77589430543756,1.34565965412761,1.31372332132907,-0.0868522676900106
0.850041874270047,-2.12326934138793,1.06958148094187,-1.10465517779123,0.831495112913016,-0.97472143168961,0.334898402149289,-0.758806043363182,0.772347413848292,0.309830333796629
0.46684067362464,-1.16813118590292,-0.413667608816504,-0.0172763669818023,0.820276008877792,2.60762410879476,0.790569605385848,-0.0966398462530508,-0.718444851388368,0.616038373683985
-0.000923874673198954,1.42040131312903,0.281981996851688,0.119252028364253,-0.420315330525455,0.263079536605901,-0.392244654383074,-0.306597846590552,-0.844417478165317,1.75061590824713
-0.141041090106824,-1.57279995659709,0.572924486724035,0.412962220390598,-1.77695110570847,-0.486244952455991,0.886716502600525,-0.536603892843193,0.770286117565577,0.998520100866283
0.478473788261557,-0.228718330001327,-1.76014817068362,-1.24385776743817,-1.22482874991509,0.274198837547313,0.238297923680904,1.61730193125812,-1.12216036493494,0.76281333667873
-0.0512945591016393,0.994776353653807,-0.837626363675459,1.63085497941539,-2.20890618296062,-1.06521497670032,-1.17983743115281,-1.61905384785588,0.516317169594484,-1.23432326050167
-1.14251929938723,0.282194564772282,1.34576430135603,-2.74061455020592,0.74987045678792,-0.512947780767049,0.561108281080997,1.08321138468108,-0.518955426796838,1.57772844839397
-0.883761130703726,1.20093523484314,-1.05350645714307,0.0192045209248944,0.904998395379463,-1.46876117203796,1.27445559227621,1.67521197895046,0.319929500999323,0.461943591987169
0.276054973807039,-0.406641104106549,0.546765717902155,1.09492968314568,0.0232734895937942,-0.106674940721776,-1.2816482559743,-0.0571226023731708,0.642997290640555,2.03073976346164
0.556825849781706,-0.56428591255908,-0.803888699409168,-2.70460953378722,-1.3017118177463,0.443085805796962,-1.31169767938699,0.632925486062932,1.15260077019208,0.196272919408994
1.61667713545269,1.16826351392496,-1.87232512531662,-0.235900675507161,-0.853551714824808,0.857935541956999,-0.516267547302726,-1.17799157672346,0.346058009841128,-0.0145207931320781
-1.73144543872891,0.717201210251776,1.0207785623371,0.771542054034749,-0.1961093473313,-0.259319952819305,-0.989704647225862,-0.699165298695058,0.609707015499464,0.246792916888988
1.07558215143477,1.3589629567072,-0.383019282479333,2.29557349469466,0.632359099952158,0.262854934244188,-0.4904663075391,-1.20549012366482,-0.416902982507444,-0.743347043351763
0.715074126451246,-1.81841241929834,1.21948943925752,-0.992493865312568,0.637107748537479,0.811547309642837,0.962399721993225,1.03712588085398,0.179313104659533,-0.1758471461005
1.0727223651589,-1.01775137730166,-1.20118477373178,-0.145214148160307,0.73821185225796,0.697662783905163,-0.973147183411377,0.609488869832807,1.40762394615127,-2.44299675792928
0.439132929443491,-1.72193563813663,0.279047386413844,0.0373821706558364,0.369723508214781,0.925313836130051,1.09008664960375,0.0767597841575414,-0.709140681455582,1.28972515686539
0.0656595771264971,3.31488177520121,0.154107102066402,1.27736374133233,-1.6880258792828,-0.503408139602973,-2.28343492484893,-0.349444289472123,-1.50131574280199,0.859090041148845
0.762630728056453,-1.24241153244636,0.0441933074285191,1.3700798520627,-0.366586319843805,0.455561855084176,1.03961996599953,-0.484739860894901,-0.53386293234389,1.73038768913472
-1.00219871756227,1.65477779923907,0.484148540990727,0.245979721280946,-0.146296066179677,0.506699593315999,-0.985457256590481,-0.784191728954284,0.184069645087093,0.665918666239961
-0.159840011951034,1.24023648635491,0.855095528170748,-0.218853956056246,-1.35932369147583,0.135259361097553,0.265165878633812,-0.992847515522986,0.265115800028403,-1.46627741633421
0.508107187415822,0.337615740031471,0.30300126680433,0.316676049713928,0.147683531695015,1.49840687724828,-0.273765845769016,0.930022355501214,0.0881599622011941,-0.0671322190416713
0.720917966475229,-0.614341774360944,0.691917143119546,-0.807150248807569,1.35945244891718,0.577897801284353,-1.28270053327887,-0.521585860326726,-1.77516622614096,0.337500046028174
-0.0136566238560241,-2.06720964235042,1.82771848543632,0.945284559462136,2.65793499196345,1.75696895204124,1.70262564267425,0.370443321252264,-0.463262100293319,0.050921685496497
0.604105510061886,0.401893893375358,-1.22371777444033,-1.39831185347662,1.47892697473426,-0.517168435008987,-3.1779591687114,-0.266159705421529,1.08909973058734,-1.29521931699098
0.0240178531389282,-1.28092220278032,0.186252808359698,1.33263171607346,0.502394031538453,-0.439987097322287,-0.318738379107024,1.79244700387095,1.90097182957905,-1.7087422051285
0.0219069214606181,0.972737086792757,1.53093721361819,-1.56984624250825,1.06780221330461,-0.474893474255831,0.872525564783884,0.848301375170915,0.779353946415385,0.698941053544588
-0.359308250506651,0.822398656589326,0.869943068155552,0.331159352131206,-0.370373636253788,-0.162367520584595,-0.507838126599736,0.22492591392723,0.717884095021103,0.417882171491273
-1.32198631958975,-0.535945013327318,-0.837981711081098,0.342381562458901,0.696740089484442,-0.760502593406375,0.141383456583843,0.166426069059756,-0.157711868336789,-0.070823621578092
0.33189395982922,0.348255203797563,1.21969902831993,-0.135552082543351,-0.13873872702692,-1.88563014367872,-0.735024993411543,-0.808296181278201,-0.093576457283843,0.429456374198695
0.374834498883359,1.13085055243206,-0.72276167314308,0.122575062432261,-1.16528876370446,-0.0820243930954276,1.53572439820939,-0.292065413842128,-0.89335022175755,-1.43519636914446
2.53912977169857,0.0468632731133021,0.0766695733485368,-1.12953427505423,1.08548557000714,0.437848064506982,-0.890724051971823,-0.457003424606673,-1.24106698297025,0.031185290154863
0.650879884429964,-1.38302917821509,0.130313397127011,-0.707570846703321,0.418972801090288,0.979668675501416,-0.494342054473238,-0.884502122837008,-0.727726320368156,1.01272093875393
-0.370235919896766,-0.272505950116128,1.91052268183296,1.03177901743007,-0.66106579985153,0.88745308798322,0.98691678766994,-1.9594833556846,-0.312746552144527,0.807337749829909
-1.35825736406314,-0.453917806696973,0.500114399352678,0.722805592640775,1.18427284867878,-0.531281708502046,-0.258154530897775,0.108316772586336,2.17099646104876,-1.66739906694167
0.309616924175903,-0.501008308293511,2.34015886588849,-0.982889471253444,1.42239181228564,0.101041994965018,1.43258997702059,0.829423544003094,1.02089806525377,2.10269940361214
0.0674266789084603,1.5349550959315,1.64894770827399,-1.02442617471524,1.17895753118841,0.768614497383172,0.126516365110825,-0.281492694568428,-0.0317070573484645,-0.202351157459998
-0.839449053651876,-0.128907604949704,-0.141924964435163,0.747270481754017,0.145926060856316,0.458729582291511,0.81358246562673,-0.151185971597516,-0.88576992475386,-0.468503434796304
0.82832242130986,1.13019220086963,0.245441326977593,0.842479609436757,0.00571842832127998,-0.738985358388954,1.35478794147523,-1.3602746207967,0.812685336024381,-0.458585240460022
0.673727120110258,0.889341313982297,0.452359527820948,2.32346457602327,-1.26165910488336,0.431670000451525,-0.460401171959274,1.54972473695453,-0.800955786575162,0.0423165630807988
-0.192852484613695,-0.190144329455915,-0.933069969397105,-0.782672415243722,1.10368463735752,-0.21088979719138,0.384036962708082,-1.94147753491744,0.296754152718446,-1.32837964573511
-1.2637770389809,1.14173692241725,0.247199806088697,-0.4235600542179,-0.777573412730486,0.652652196976545,-0.589374409276403,-0.22107571568414,0.106768676609284,0.0407412228061079
1.52866303673289,-1.38547574100495,-1.66944043400789,-1.5729674097405,-1.06869949635291,-0.120444460744657,-0.302367097705022,1.17651196652087,1.36510208305689,2.57039262043917
0.300646433319872,-0.398564357245468,-0.917271199855354,-2.05024784773886,-0.149868349027406,-0.415175870769223,-1.02792294169717,-0.408413229741749,-0.0956862774543132,-0.568148067735881
-1.14359746415469,0.314089345197111,2.84606143205718,2.73491082770729,-1.61127413182977,0.555721195149959,1.36091530994776,-1.03710781008462,-1.45030543846126,1.19359461485557
-1.30264836516825,-0.859092772118582,-0.230549067162456,0.416086351198932,1.07598313924331,-0.525249219912088,-1.72659383162637,0.364355727584227,1.02941068292626,0.337850282642488
0.23985772715931,0.871580353826754,0.612472059620979,0.456170216262008,0.811162854739758,0.013600636394605,6.62159892752809e-06,-1.14054163439884,0.849563406188364,-1.44209642207437
-2.15109076325349,0.186324904730054,2.07915443724929,-0.156025675158748,0.171839845035602,0.414722480423953,0.586722233696568,-1.06596011749209,0.273399525359883,0.478741650840209
1.03350947169137,2.13971438359045,-0.840666583386077,-0.64086735584328,-1.3955932968952,-1.17737615149826,-0.193728880084699,-3.01238606244265,-2.25707908093888,1.10936761586985
-0.813084158943605,0.154680849007527,0.863344664190439,0.907079240706027,-0.54924448171893,-0.243930405112946,1.4300856999367,0.342415879095863,0.925703066280388,0.238762684459439
-0.474139826763834,1.19195975434339,0.141327078310998,-0.865181872799093,-1.16521838357189,-0.161824409528602,-0.979100876823886,0.120984066952772,0.399043085022121,-1.90182010056038
-0.370085268285998,0.231895864915085,-0.186369849517893,-0.287801139376608,0.361827340651245,-1.87607923549571,0.668584923903305,0.750069033211568,0.124310443727153,1.38634996922673
-0.24613836817259,-0.285585240069356,0.29462811174196,0.991839683831131,0.723205499259217,-1.42077396664344,2.05800658657739,-0.0530479725410496,-0.383591994357992,-1.32254974090688
0.0972256583645025,1.01297853994082,0.601209024605988,-0.5943506906053,2.40566460823272,-1.70078284805085,-0.543211706369966,0.233695611122526,0.474726382940561,-0.234149960508404
-0.357863830954391,0.843253963979058,0.4251918361813,-0.0637104041588588,-0.818422939667106,-0.922576623188837,-0.463964274487712,0.348531855197236,-1.60075637937688,0.494675651743756
0.174122659681269,0.879637091991558,0.805787382413366,-0.719833461467837,1.53667796889869,0.56970180668637,-0.0246922404188484,0.325170982044511,-1.16178125122994,0.802897652023775
0.0636395926478121,-0.501922345975682,-0.0111991832005503,0.290761184225104,1.88378625716296,0.94813653497882,-0.282660770452148,1.03823540616056,1.36985530903195,1.10194271977426
0.707277356101232,1.53596257245402,-0.0728640568616591,0.817578738593692,0.264906111967025,-0.821447643073323,-0.606893320085172,1.74519070389581,-1.89042235903793,0.973694304274141
1.50112502604825,-1.22982854230023,-1.00650048427614,1.56810648840148,1.39576199533992,0.753126018925278,1.19755622330561,-0.828537629806354,0.0242470344038796,1.81485693956806
0.199470090090163,0.53389885196013,-0.516964786266053,-0.195363710476968,1.75944049598761,-0.685253710231593,-0.309237195732248,1.97232156663577,0.477225878715187,-0.504848332643821
-0.450630120340446,0.278840264738127,-0.502389087040027,0.292009073252246,-0.384209643094394,-1.10993827145105,0.38596294847908,0.464214282011887,-1.46466906951238,0.0198930504271751
-0.695428288101221,0.134226690298432,-1.50541907554338,-0.0227906145842882,0.934689937224868,-1.03844003295207,2.18077242448249,1.01625741373032,1.57206497104153,-0.615398032692173
0.488951290689349,0.911356039051362,-0.400343455128703,0.402039312822062,1.30588105857531,-0.890171497408845,0.829691618042847,0.335024882190037,-0.338955260372627,0.0103716122505445
-0.955770477099088,-1.48176551844589,-0.212017802877821,0.371667813092475,0.287805969979573,-0.786784161367525,-0.132557216303902,0.329353520941206,-0.681628971905617,-0.760983561406078
-0.868316919681481,-1.14228095344234,-0.535533495144782,0.119008654172036,0.328001957362884,1.62118792723702,0.363800611266257,-0.276480463550497,-0.474852235619272,1.71888656631032
-1.38916695809803,-0.847343228958328,0.595766632650009,0.411520551904885,-0.260142669393207,0.518205212115291,-0.110458399911568,-1.34830401884741,0.343364978388447,2.06261230538351
-0.197852524934299,-0.759015177122885,0.174796960936433,-1.06248915367485,-0.156901057492732,0.561172286696474,-0.52313762807293,-0.722944590292061,1.52985825015754,0.531223888187317
0.0323576447677817,-0.320678504063046,-1.4709939854351,-1.33905095112212,0.710978454273857,-1.36449442725767,0.733943645686759,-0.347200518749635,-0.936140214575538,-0.311937642218984
1.08639485147635,-0.44442413825079,-1.09714740293159,0.259797993091503,-1.43490644027348,-0.192805266459867,-0.975047010971788,-0.490475475785339,1.13491385573783,1.0266304580518
-1.81824266592925,1.22953399072524,0.954628963010413,0.24116197369306,1.18941051953623,-2.44335213139509,0.639435701952252,0.407452556721589,-0.492311103804207,-0.306723150804034
-1.00243099460335,0.530915948372077,0.281756695529858,0.521695861592263,0.184807741174233,0.403527584034488,1.82108294980964,0.478850308404656,0.697146297497232,-1.04069091644258
-0.121942291199495,0.14971412407192,0.281901578409717,0.743379635115281,-0.120260940218324,0.589018798056666,-0.644805627961302,-0.580366244227638,-1.84779544119021,-0.66891969119819
-0.391070535973218,-0.622634454767456,0.823588999276949,-0.245409093521737,0.688890041992305,1.05397986903682,0.285565936241406,1.22261070446968,0.0669970286091871,-1.65910023039837
-0.383524950522077,1.56335049465845,-0.648831109864445,0.397703510953634,-1.18967961983563,0.0436108499537899,-0.592888724206762,-0.0866510763486759,0.601022957313835,0.94721239397024
0.935336523547117,2.02862932054844,-0.200240430825102,-1.73509811582473,-1.0405436739853,0.481692270275352,0.662377503907327,-0.486950430851653,0.283419948485141,-0.717174884145778
-0.454872194563479,-0.639752896587634,-0.848364022605088,0.176733697280622,0.733414101670547,1.76519290748837,0.414930002318904,-0.38951556448145,1.02929697285403,-0.995771922345622
-0.0780616782670377,1.04718355732241,-0.0416001199466002,1.15752483200358,0.709845724262263,0.822154326028183,-2.08205431599136,-0.497118138919894,-0.362728266835168,1.4307256255584
-0.41095205652058,0.331384043695334,1.44900018857937,1.12338956005088,0.450928221633987,-1.05907254443291,-0.739901431209637,-0.264069974765307,1.17645782865958,-1.50033316057002
-1.36138562788089,0.532295423605037,-1.13367432531534,-0.275483493834174,1.46317554734628,0.517659918824627,-1.27086900505093,-0.231280982072212,-0.000663509833117473,0.974062269278534
1.56708826213083,-1.68995774175179,1.24873221012182,-1.14161216409819,0.818831747696973,0.730708474958467,-0.720477594928414,0.344452699689273,-0.296170725905096,-0.0519802081504988
-1.07410258624623,-0.333484476363181,-1.38427473483985,-0.192004202756247,-1.87567841175953,-0.540016518297722,0.63244844257937,0.64946667425188,1.74475235163405,1.34496619514441
-0.239650042126421,-0.142732201362857,0.880768409898559,-0.368022966315096,0.606035218792588,-1.11513068246079,0.800881040877206,0.285186484056479,-0.481915694378592,-0.875062260632644
-0.193450642904763,-1.24318548534371,0.199221119691781,1.1793777072415,0.643920016096032,1.02124039352337,0.464773209897393,0.113480782966369,0.0665336339618118,1.28217274664658
0.677794157320438,-0.8106052597945,-0.99932641352857,-1.38108023597255,-0.266207006522197,0.557502156327922,0.361988458960617,-0.741167443385182,-1.61924275449388,-0.584949219749571
0.820159395486431,0.160575711512998,-0.367049076126385,-0.443784968114392,-0.496174430467196,-1.79595250531287,-0.37593248842373,-1.97326539875686,-0.556938303565035,0.0500274779532819
0.0948268738671302,0.313795146104597,0.171721483953116,-0.161733240939996,-0.298702505541794,0.65367344665655,-1.85250291249318,0.974315340704227,-2.17771954769636,-0.396072424771614
-1.17746618549766,0.96886729123009,-0.0306263756760777,1.65448520295394,-0.224011673976421,1.26707545216349,0.0795754503025527,-0.546861102780399,1.24275307578728,-0.161091889952338
-1.2270404652267,-1.33694017843303,-2.02187377848431,-1.02277506367292,0.590545095959315,-0.595568925453469,-1.05854864238625,1.24442994076893,1.43928035222512,0.401907857115968
0.742523564121936,-1.97165909470124,0.818160315943392,-2.30052409146112,-0.339447703133771,0.0259433832307503,0.0930243136917206,2.86308204549901,0.100579209080185,-1.11293385012404
-0.771201535298217,-1.43777118788469,-1.50544804629596,-0.342556822487804,-0.082350891858281,-1.01704627318694,1.20154741117945,0.697246721446661,1.8271100419771,1.24989386141768
0.417161316281618,-0.658879863090255,-0.979788188765061,1.45590872111714,-0.682905197210193,0.346013986720577,0.80047737040612,-0.768045697759934,-1.10208350771449,-0.816333502100582
1.18392593847077,-1.70160171943552,-0.547187797888756,-0.735586627299735,-0.590866029961914,0.969955013824118,0.807039098330603,-2.06000590735939,-0.899211660670808,-1.03709505783372
-0.00632164706840465,0.719928805622287,-1.13567824666175,0.96550903590448,-1.65879831844798,-0.103368451247384,0.163397160586183,1.51810899829789,-0.064158385233082,-0.611269762849161
1.07650430400755,-0.211280259959764,-2.0536481783328,-0.274167192349851,-0.800898961777409,-0.702566255734042,0.264450728859149,-0.696964121717269,0.24636874027496,-0.797938939199236
-0.226364615298672,-0.281571458839871,0.0131515758642274,-1.19434937007229,-0.848499556229022,0.832972430844327,0.276250453658098,-1.1867989291846,-0.272683920838692,-0.78414255419302
1.67712208792852,-0.0403138324574713,-1.71734271037116,0.594412800402312,-0.165483323168323,0.823268680508892,-1.92215953073447,0.434260893480231,-1.28732575690971,0.274769060111594
0.431839684343969,-0.891254811916133,-0.8921433080016,1.75652609950778,-1.5372975800981,-0.0984587588461742,-0.409250941734847,-1.40643686846914,-1.01151134794786,0.295384741155056
-0.643237653594221,1.58892575828133,-0.957444175643865,0.385717533010402,-2.31230078653454,0.211286543124238,0.609280587901893,-1.89511933901927,-0.69009179951113,1.46336995204813
0.257550571284103,0.20246334410907,-0.00464814521922416,-0.11046886738332,0.806283113231557,-1.44101069872762,0.76846032893238,-0.657825737874746,-0.309495772120215,-0.731263194770002
-2.0599390166243,1.02528256889136,1.12931661401009,0.400675210907421,0.376610683888047,0.904460651577188,0.30653602673295,-0.0678776252352263,1.10623602521977,0.229076224443839
0.192440548104471,0.542825320676735,0.823199217406696,0.299194324543746,1.45440095801389,-0.11454094203388,-1.41321111124289,-0.351110958407655,-0.389729610223985,0.356561226780839
2.23284151465242,-1.00184196825173,-0.387780006981698,1.7624079938431,-0.0244313962685806,0.153781012426546,2.2750274432398,-0.721589951459604,0.205320310198609,-0.702831596648578
-0.630521404259551,-1.0295995532747,1.80287035822945,-1.49955513945313,-1.39599273531657,1.83081752501323,0.801108132844669,0.724655538192835,2.03522756612905,-0.616047055772009
1.30334857153477,0.699551046513546,-1.33357889339109,-0.233420516042592,-0.408686573817456,-0.745827986667047,-0.382298495298267,-0.445979595672812,-0.236417146417269,-1.02518493750717
0.491327011160699,1.85782527479094,0.135003585371209,0.123056523300895,-2.20366760753852,0.353593380408146,0.03877950063724,-0.29224929257732,-0.725151845510782,0.823615365286202
-0.557261221245128,0.488837094659003,0.133732027898772,-0.273451836145141,-1.00086237955723,0.127478166157024,2.25907185249031,-2.01414524424247,-0.771928581762369,0.388992042692454
0.626709163759164,0.324094327491615,-1.33299002406324,1.27102669259349,-0.313968693927311,1.5587513320904,-0.37425846147674,-0.214337693247263,-0.0149241322726747,0.811817300254728
-0.627213900177124,1.37955545136181,-0.135661007659868,-0.596030981576798,-1.27600703525641,-1.82681838158185,0.803210431406018,-1.81303081619244,-0.19593161293479,-1.57609489594843
-0.553090890062344,-1.47420985097763,0.867482190089628,0.679851554524161,-0.473032915344449,0.496126378713993,0.989958720013451,0.287526930727078,-0.190733887116482,1.14552120754712
1.45663511276332,-0.199052322760941,0.341536992508623,0.65996832725053,-0.65310904785951,0.00786595844742172,-1.30280572103629,1.20743286807972,-0.908365459551547,-0.499919642518436
-1.41586189376322,-0.304897133844622,-1.01351995893816,0.497424691728381,-0.334718258798421,-0.376170189441474,-0.250079340361842,-0.30331180972112,-1.01711369803723,0.385916168804922
0.996432103581373,0.59075974730279,0.674135849208172,-0.578269798073111,-1.78362879574792,-0.676267981332835,-1.77001421691837,0.434352754882728,0.827018839109653,-0.415871971779
-0.331314619709066,-1.86855182605127,0.0839059687797963,-1.17081048427154,-0.573502450054352,0.25647706357421,-0.500421713318337,0.199790323311138,0.675449992430991,0.434308561211139
-0.256562692384603,-0.948116386475801,0.457656577933422,1.33929495104822,-0.846831713001277,-1.26582482063845,-0.932916860202501,-0.225347542570558,0.326827303067072,1.75797749922819
1.11677311544331,1.53042994217259,-0.523133637827402,0.0919854375462892,0.45832139732278,0.0835240962782242,1.44142722877538,-0.194467344019283,-0.601003194287403,0.192602938854442
-2.35900521232709,0.987733770891692,0.630084557449588,-0.141185090952818,1.30224208487629,-1.10114992470093,1.83602678338907,1.05919433547976,0.524972962175119,1.51600754149533
-1.3145258504836,0.00969965751357326,-0.175406245587752,-1.03013983650786,0.177544843101922,-1.91803533088222,0.223947762444556,1.94697178665795,0.0646555002243311,-0.641479626352502
0.166616482424636,-1.3295395364424,-1.23902703039285,-0.455851744995981,-1.39870074194621,-0.172131766246195,0.180613085473473,0.486943504310751,-1.88275269940273,-0.697641201838513
-0.429321774523508,-2.23851526393283,-0.191855697038662,-0.489308789888665,0.707481931497754,-0.533100424395486,1.48944818062067,-0.402284695026803,1.64897617172752,-0.786933760303121
-1.7010792873171,-0.280880426114855,0.073912209382929,-1.6358338557582,0.424390933293248,-1.15830721148544,0.202544344818817,1.52066030514323,-1.2844890184462,0.663053570964848
0.626754762875265,0.520044857867199,-0.144766668173637,-0.42753949128638,-1.3440609881112,-1.71641587949209,-0.676869887376514,-1.78963081070544,-1.90160984853137,-1.49864994766929
-0.194145082881578,0.704226131320919,-1.23081936591751,-1.22253531159913,0.431086177153333,0.74397504341249,0.247811636020397,-0.375044543512022,1.42799231149648,-2.64621658713101
1.17558466629326,-0.875453341095461,-0.712846222414721,0.556904204651979,-0.787242872966249,1.6946666967583,0.874779667812116,-1.4574055247556,-0.102334144839035,0.163538406428041
-0.0763600585514753,0.502999771039035,0.146261595204171,0.583498021677749,-0.852213138145858,-0.628118391746452,1.39686650767643,0.361556507776636,-0.636139781856724,-0.921089775239414
-0.795860339079695,1.31280816493197,-0.0166657719782762,-1.28078491335709,-1.16079967568359,0.378989177766026,0.274237447707591,-1.54485023405427,-1.2594827618057,1.80331916210538
-0.00409805468187682,-0.856221991856126,-0.287490779666068,1.36928424415257,-0.370577570158146,-0.671730168771971,-0.660678415196567,0.276330571581311,0.995573750750314,0.25647913501746
0.338463264306384,0.674496979381424,0.688871738455656,-0.742452874232794,-0.152543980531817,0.39618769869523,0.833255451179519,0.826758374755369,-0.0807919929998889,0.41256450877859
-0.268688409955398,-0.438325631151173,-0.770104057586157,-0.153716857966505,-0.631955941291221,-0.150697097867452,-0.846723786675714,1.01834247259044,-0.12008632278594,-0.518795952033685
0.16466229217949,0.452781714191884,-0.887277918910547,-1.43837165342888,-1.56945457139899,0.0232786838999005,0.665953327495322,0.722199345487377,-0.939948979982294,0.754934841711921
-0.392385408311905,0.603284652812346,-1.2622620400143,-1.22408866629832,-1.22931698612883,-0.9097208126242,-1.51331989427087,-1.32060080274787,-0.0158921626261609,-0.683406106924973
1.32824046507465,-0.839849952987291,-0.129153762463231,0.49992864361125,-0.0327787250631459,0.155656879364522,-0.424043381238396,1.165813110458,-0.590255191497792,-0.383003081188869
1.28170377092448,-1.69387711899445,0.979162631949158,2.65939607754253,0.178780310626444,0.862365338179999,0.768649831902923,1.61397866794561,-0.6747618298185,-1.1039826568649
1.05893945314518,0.773423150715998,-0.801522577882769,1.34448482246699,1.91077259024053,0.62602969377287,1.33882190644864,-0.0465747532331705,-1.40369689558427,-2.13469086931631
0.464506058548859,-0.8284186955508,1.55610601076866,-0.261983827448282,0.603061309932972,0.647276041912673,-0.143216743751805,0.267632459288305,0.153253981141947,0.535523165787996
0.0618613669057728,-1.61814550633379,-2.43380110104411,0.493535680280759,0.692945998062908,0.866437408506011,1.26270100994264,-1.78100500844516,0.0935176057930412,-0.852971193138737
-0.268178805484132,-1.95905992610747,-1.54767714686277,-1.35646189077731,2.04891678894362,2.38131820758395,-1.00654532026194,-0.573586406514805,-0.229286043550654,0.633944515154193
-0.929888337616487,-1.18052487504697,-1.72337903313485,-0.235835266210737,-0.0562667725915678,1.64881246070313,-1.97660009616279,-0.702765444164642,-1.68923158029003,1.01847203943039
0.148218153435095,0.480108190593257,0.987357281776618,-1.93872762969184,0.301751680198051,-1.17570707285706,-1.07774624768413,1.31565806237101,0.635158224308665,0.260851301557393
0.96546598200115,0.448388848147249,1.07993914390943,-2.18260187343743,1.3077091429223,-1.04421893559711,-0.0247791536626645,3.26954866464498,0.547093312396495,0.231304819824009
0.301665354150349,-0.875127171444772,-0.118702699560761,0.0211645621166327,-0.0428241631027815,-0.835768046992873,-0.079647098430366,0.49843131004598,-1.28170172535466,0.210551345870507
-0.249180333857274,0.52190059894564,-0.410588342050486,0.0306264094948816,-0.128876280870233,-0.427643554669616,-0.0604694359450673,1.23678121706246,0.818000260919137,-1.12091964826631
0.860272083331292,-1.31208365594168,1.57678008285314,-0.824724433540903,1.30512739556706,0.171495416635866,0.786579564232355,1.59528833132081,-0.347994318098163,1.41383114376396
0.321458926173719,0.314842220788076,-0.0105866053450479,0.652174273735621,0.108064869015569,-1.28977574790608,0.691368482309998,-0.982680051427157,-0.160670405740795,-1.59527902915969
0.964941392147584,0.680484820262145,0.137575174053486,-0.298234630048662,-1.17143261087234,1.61911730073534,-2.39697569181455,-0.726670482231669,0.462912632914092,0.716120512747382
0.483455050112669,-0.527352393234309,-0.308029813005355,-0.11789893481271,1.40446858104749,0.208360316708485,-0.657264510162996,-0.442182495038921,1.34102657627725,-2.2759237345302
-1.69775871966027,-0.348980809280925,0.987822883757993,0.463099810814779,0.506053377054712,-1.03326118357535,-0.721786894462533,-1.33442745794709,-1.83065076871087,-0.982187146292025
0.256917063991914,0.28207618744091,-0.665124679578061,0.673107761689882,-0.317584817845081,-1.84076371900706,-0.933444775957766,-0.089241006072238,-0.225689908738959,-0.0689641476677983
0.93322557195306,-1.33153532787559,0.708457308045032,0.394929239322059,0.443426429317319,-1.6984551880528,-0.738684288317932,-1.57259760892018,0.114872141466038,-1.10850693025914
1.1336297637328,-2.05133430433133,-1.31067732563348,1.07094304627225,0.155083656909728,1.45713753608821,0.831211053612589,0.209722037096692,-0.976204652861923,-1.17787875015868
-3.15088809310444,1.58773416164737,0.187050715491428,0.860156605411501,0.4706462471352,0.560428840802946,1.27386399364703,-1.85267744648323,1.94616564324061,0.87806940835706
0.596109368547674,-0.951556623303908,-0.190874849360238,-0.270652645761706,1.13615269104391,-0.657836697395566,0.408851339495459,0.258702480862945,-0.454685820587188,0.991533375538218
-0.757673650593204,-0.180697490480749,-0.387883757238068,-0.725494537785325,-1.32381109350304,1.99736664111957,-0.0556577278311363,-3.24901416080789,1.27562958657203,0.0509139731471828
-0.470568249656438,1.08265758713256,-1.03041790670587,0.533918235152322,0.132101214596914,-0.0028726335425337,0.17114247782238,1.08589188775312,-0.851135264443057,-1.30381584612175
2.31410593634069,-0.0105036491349558,-0.561413546291903,-0.131312733676622,-0.341056618284369,1.74849082637847,-0.369484010562766,0.37526912260787,0.130091178100364,-1.89525790658655
1.81254614107485,-0.45527489065,-0.177427969543662,-2.45819084192401,0.176077666930326,1.69167346643152,-1.16740147560617,0.302112845257307,-0.433208895553513,1.51775520136377
-0.611907923215108,-0.375238507500649,-0.0772291512544105,1.76137708195815,-0.123379027020041,0.816851487306191,1.33352587935629,1.0678434801933,0.884629155253675,-0.00881321580230407
0.0126161478487397,-0.304462209879536,0.446387224465097,0.312224457268658,0.570158974091374,-1.1368806801863,0.904186463127869,-0.392309839701347,0.162410687403693,-0.157038916850614
0.615020540747443,2.37071680171114,0.257308780790693,1.24594575668377,-0.729716574137451,-1.52250391132719,-1.41794101562828,-0.990405564573504,0.547923840482814,-0.827782580159004
0.0250640317498028,1.22654002477022,0.0687454014099717,-2.03786962997505,-1.95911033727314,-0.854291681579135,0.476026580368911,-0.0534342961468992,-1.09308167416344,-0.727659268252232
0.67921958581405,1.08544614408213,-0.785426121798584,-0.107251814961225,-0.038188532931279,-1.09752368026255,0.0174611258091503,0.662276430594125,-0.797906605493485,-1.6950729291857
1.65575018278036,-1.66092100834316,2.61564366502782,-2.29308146597153,-0.777672561381562,-1.87065103119573,1.35279109064199,0.763960326942703,-1.49352694919959,-0.132697925657985
-1.25691146659952,1.17738577282114,-0.0821933818539956,-0.132855875772759,1.72427098734498,0.860094890661689,0.849805627012391,-1.36593194459846,0.667843080607215,-0.151980169794097
0.574530305999697,-0.250766368696428,-0.353775697050448,0.800283165714974,-0.148247199098765,-1.39245300551036,-0.238896532210402,-1.40856086652054,-0.786676247398127,-0.60543410900136
-0.137121998915116,1.20420711941528,1.09717660125332,0.00184971912150236,-0.541275724729967,-0.370780679732653,-0.750076411050176,-1.53885935435152,0.145524444775984,-0.816188648153032
0.0563571092136478,1.41389973612793,-1.5434760151658,0.281959336743749,1.22145682257594,1.29624132592403,0.106576026746423,-1.74416668060646,-0.531140701400719,0.424980912087555
0.0864057419229546,1.26380991016957,1.53310213455272,-0.658897212463116,-1.4831988713791,-1.2018327579385,0.139263043197757,0.954660518720643,1.02443668330179,-0.621453788568126
-1.55384722757073,0.0234002438808775,1.43979907097753,1.00216422816036,0.826341407121867,0.203376456916534,0.0264127053617331,0.789489919804159,-2.04641721094519,0.669656224623483
-1.90870116295511,-0.115341900239284,0.603161260011807,0.728952917668583,0.0810562347968537,0.387307181435952,1.19430043679684,-1.30515840914182,-1.03795601797739,0.69035941708895
0.380170096459334,-2.26204271704778,-0.974477294359544,0.192163150304016,-0.6901319454563,0.96238065413933,-0.9704697512701,-0.8916792390266,-0.114453014734825,1.11810001914095
0.383385866698247,-1.58145093819709,-1.89874869075217,-1.17072216930403,0.592348506591839,-1.02288280165569,-1.25152631627942,-0.956287221894667,1.30492545203257,-1.10369821639647
2.39711452539293,-1.33609767310403,-0.311650797542993,-0.281095199323191,-0.129019917968917,-1.65475508345874,0.806919154005262,0.00827345681532713,0.636583711948683,-0.219144595702038
-0.608189840643084,-0.1417271695304,-0.000256064169716504,0.623010588143612,1.29797367526742,1.27854250711582,-0.633485038525217,0.694836265607614,-0.923844086184972,0.516136349980036
0.310566884444909,-0.0317170244223842,-0.519627780643157,-0.717373548724362,0.589320255959625,1.06087040079867,-0.0336354016427775,0.544201385314635,-0.875685639931591,0.541127696602756
0.313652173511183,-0.548507688757003,-0.489969600436515,-0.948199207715219,1.44414127289715,-0.839570214450781,-0.200821223639777,0.210743532042308,-2.15673313536234,1.3855952634852
1.24141720182786,2.10790425462769,-2.58273949025073,0.848441602435119,-2.22563339656905,-0.8696985331731,-0.286020827286024,0.719964273672655,-1.03627960499135,-0.971267713407244
-0.616794039144788,0.602127245195511,0.00521637920928922,-0.526690291504751,0.794718230543469,-0.0728274357623775,2.10012529320131,0.16811258390567,0.0582507207752911,-0.57801258401163
-0.441341839363895,0.698364655357593,0.00844872001565125,0.563027416808053,1.58033170063883,-0.692037906399052,-0.818982918776002,-0.491226823636322,-0.857437459902993,0.557101287172912
0.447227335508584,0.344667360504092,0.606526117567979,-1.00535777717101,-0.0938386947359781,0.189283624360421,-0.820519624419094,1.13687598304901,-0.132708556264725,-1.57045264989436
1.06515152605772,0.385360908847787,0.117634851693196,-0.979289102033447,0.713521235499274,0.362502660184504,-0.801050796819899,0.489754701634085,-0.846879138071491,-0.354784586016703
-1.6819743120366,-0.343064658364876,1.51651740683733,-0.197312356778154,-1.78597692147062,1.36180120929472,-0.0363841927687905,-0.0727923146387434,0.41033314402338,-0.93667629684926
1.66837034026638,0.18268756817066,0.187874184181535,-1.00322317897328,0.968571541228313,-0.157296506618778,-0.000282559698569233,0.175125230855466,-0.4141151322949,-1.77069980192399
-0.699135275608343,0.426926724937601,-0.275276831405037,-0.1542808732861,1.70876380151122,-0.115793396807247,-1.55548576662828,1.29855516050593,-0.192309242160634,0.114520095841791
1.33581155992025,0.586943945960835,-0.716528269282004,0.696522576508911,-2.1322204602217,-0.716815824962813,1.92660499483989,0.505180621985954,0.0283465437586162,-0.30812394932818
-0.579769127801813,-0.0848714413079753,0.599883252365585,-0.800279071262853,0.58863606619457,-1.39906780015659,-0.864949494808904,0.0300513826265933,0.309110781993123,0.193326348447116
-0.651860612219009,0.625996492713279,0.0976985414799369,1.29899348964194,0.907270905944298,-0.41209045488416,-0.0426165789493077,0.440947227084315,1.09658745346756,-0.510736058872468
0.85825452519961,-0.563106902071134,-0.804829757020431,1.09058278015969,-0.202868506430025,1.90679007206036,-0.733155746672084,-0.892865722795667,-0.611653446353989,-1.1238083965879
2.7606278650562,-0.171449084809009,-1.34090413553605,-0.545764951931945,0.505814281074224,0.0585242590570827,-0.808511713126245,-0.320869082733321,-0.349825596663646,0.0130862721665294
-0.708489538843837,0.439844663146499,-0.329268765638078,0.48636960320563,0.457909687958694,1.35180619921657,-0.635949767820507,0.771632973794964,0.60265270118972,-0.493249719928482
-0.305678612271529,-1.64738139687993,-0.101686805726982,-0.114344131755391,-1.72574897999533,0.291152674732479,-0.146252462990002,-0.872948022146907,-0.688260255372609,-0.105836535936628
0.746990559597021,0.939607433855074,0.629364606781774,-0.376722345835368,-0.762545494745215,-2.52031265309237,-1.52946192521197,0.627405749797681,-0.2115493866429,1.15678860605653
-1.11482588000578,1.43321251632587,0.491327683258264,0.20045822624665,-0.939220585524779,-0.15298768920562,-0.410600976840936,0.524231913018106,1.00468517739256,-0.701940611354599
-1.32610060227923,1.60992922179803,1.15073088430695,0.114072198260283,2.66747817869184,0.786943804287297,0.556369245537535,2.58693009975564,-0.785922049013696,1.32594914190575
0.410456870625022,0.033328769241866,0.640614462429791,0.961786452151142,0.987514283975177,-0.547873758888813,-0.59698338326412,1.56625888873265,1.55805104202544,-0.148394415019345
0.836675815985817,-1.3347884422058,-0.245927193291454,-0.386963933863976,-0.722338472990868,-0.0386126797226886,-0.637359303696918,-0.263044376669388,-1.17550518691156,-0.447610947628778
-0.648732548716696,1.42095626433359,-1.82608316036739,-0.513905654225779,0.312786640125971,0.294320074862986,1.1996219155143,-0.581421451828645,-0.671516223698242,-0.456958621296242
-0.879237672313574,-1.74863420147758,-0.821359011971466,0.821909865998015,1.64159873492193,-0.926677469598364,1.56236186973535,0.105836211803838,-0.408324980172669,1.11110178303946
0.0169731720245813,1.36372274115076,0.815119533321665,-0.822621136769224,-1.57550590939917,-1.73385742952566,-0.0867058306747748,0.14001600684827,1.16659008701214,-0.95849438599147
-0.245747997152917,1.96390752011148,-0.970061569557434,-0.0996170397849838,-0.573233397093881,-1.4180326751919,-0.360703365110753,1.50847816010214,-0.157375921003786,-0.0794594241014039
0.222407080717492,-1.11216832723914,-0.879637614790298,-0.33590204535788,-1.51781440158756,0.324906281840375,1.27855646732046,0.753919471340604,-2.03721244001854,-1.52536792625852
-1.26629632285471,-0.21698348353795,-0.599544474612772,1.28813291604457,-0.709736252946231,-0.428335987033134,-1.21168359008051,1.49243858638964,0.405117050714264,-0.626544721881143
-0.594475808707642,0.281250442976491,1.39658219274285,0.632484672985393,0.875248614292293,1.61817580420167,2.28125234700108,-0.919257007460698,-1.3254367892208,1.73473300803816
0.598769671518866,0.0215307099553609,-2.06272395287613,1.81054750616646,-1.38460717107811,-0.24791634589533,-0.106761354418828,-1.05837470491065,0.935439253239031,-0.39647648494799
0.847214625504732,0.646345501654519,0.582828989201892,1.07281133607652,0.874385108911764,1.32010273759838,1.06325745259403,-2.11102175458696,-0.0669608491174507,-0.467242068744855
-1.52003781693041,0.303591449200577,0.656558017279293,-1.67762629266942,-0.633754333793232,-0.62167546571825,0.524578766952249,2.34231272009182,2.1369890368983,0.851377052242715
-0.664406184357608,1.6593446136341,0.668896349285634,0.0914301954565759,0.826286421392669,-1.00432679706681,-0.100069066286315,2.05488960156826,0.487650196116514,-0.759277317135905
1.76906918022148,-1.29512644624312,1.41733105976375,-1.48644926913802,0.642863487612675,1.21461755631407,1.36473063728339,1.9169387753816,-1.32927963552783,-0.263987767134008
-0.0363100056655588,1.69541157500297,-0.960909261558137,-0.39765672025535,-1.57115284031749,-0.460403953095719,-1.20609340231769,-0.271473770461305,-1.25034221224813,1.44741570065299
0.893480915893303,0.123618954867685,-0.352012547475002,-2.19680270284724,-0.238993104715689,0.0977687759687871,-1.06135081262081,-0.614341404916147,-0.726714019704686,0.227559731008279
0.488518238073898,-1.77174961268436,1.91393395129819,0.0346246376285302,-0.468068410016247,-0.11258366510828,0.831522236584149,0.622635726327635,-0.256647021903554,1.52864476101773
0.413939377253517,1.27547411192766,-1.3612380186511,-0.137701783095358,-0.185208992491931,-0.0516816878428229,1.34304977130423,0.252313335913139,0.507841623386678,1.28914671743826
-0.269722281357593,0.634677969518774,-0.517017489509958,-1.18592368950083,-0.619243125692352,-0.574885228343393,0.85848368481685,-0.31597908997364,1.30201703666063,-0.477610792831345
-1.39364203184722,-0.261201717193644,-0.488916172620026,1.81688303132152,-1.31542002589948,-0.219995257621449,1.44387878898096,-1.27997697845979,-0.43561399647445,1.32104693586855
-1.46200823903202,0.878377056299921,-0.264498369413473,0.216088179883184,1.09586402214947,-0.0244659683730695,-0.234284553377425,0.560081032031394,-0.105778393020507,0.814078855224652
0.140951330854823,-0.367424424029111,-0.469770000792371,0.259459318013226,0.881493020990015,-2.0574636169909,-0.0846802718938433,0.282435092134764,-0.110440797638346,0.246144174335218
-0.14254107501399,-1.69418986060194,-0.261066038746467,0.274997213366907,0.00999359541886223,-0.079370200237117,0.118332146750504,-0.934429732437349,0.0426116157990563,0.60204921308595
1.00682231922312,0.0423205963383572,-0.906035282647819,-1.07449969177968,-0.120104588104179,-0.55451453515193,0.270446626312399,-0.102171747052768,0.765044076998748,-0.40729375510206
-0.135878214808371,0.0894626224857825,1.54060501143372,-0.759865924157805,-1.89443554103605,-0.546731956321149,0.876036140952084,-1.09436896943896,0.0352541583599104,-1.28907986560664
0.0123745389781892,0.095859446057218,-0.50130243341687,-1.02367377172675,-1.65471866837839,-0.42799480740038,0.517454263614111,0.43505656156156,-1.17568671304736,0.733683839723355
0.428498789538428,-0.205850456148481,0.280443344240654,-0.935570029922193,-1.15897857412831,0.873071810454355,-1.72916365314883,0.762424130064894,-0.115616925758807,1.36626010714186
1.15119487301084,-0.746260770916464,-1.14188424037001,-0.746187699317174,-0.261795042369016,-0.234874177525829,0.540673275565883,-0.757734608350674,-0.865558609429007,-0.354776332588712
2.48590606982498,-0.19692139155392,1.64398516151027,-0.187519227337368,-2.39701319073636,0.116833818107392,1.76175174169284,-0.131686125871641,-0.785599530243434,-0.984415229295734
0.352694286643879,-1.14380929464319,0.223259720105536,0.569594072290037,-0.0317050415445721,0.20477984732639,1.3041319865145,1.13503591043553,1.4964001034814,-1.14868698314657
0.203911720902196,0.871664813430668,2.9432877870388,0.157940782231857,-0.400814117543233,0.0543161051342948,-0.937569178569058,-1.97629766530214,-1.80149155308474,0.796824817640251
-1.26834629892522,0.0884541530477861,0.222298643092297,-0.091258703970396,0.252443167587462,2.19891931014541,-0.526324855627663,-0.843255319051917,-0.00300026290450368,-1.23421693674565
0.109746475787968,0.59338342624937,0.41684078435242,-0.705295334134478,1.12308237845206,0.255739451460471,-0.87666815416233,1.07833208256028,-0.068829185549176,0.0768130542409172
1.31263031461111,0.868239032374542,-0.550992185903735,-0.0140530691431735,0.194884944170806,-0.185884505686786,0.679793243167277,-0.252705790094192,-0.711301203053217,-0.790222635466338
0.22845987614875,-0.442011147411358,-1.44208619761819,0.678838557729765,-0.460843584176879,-0.714106412935499,-0.459620292746009,0.0972311015374875,0.857049814546747,-0.56461421182381
-0.749939968984644,-0.60982735221498,0.697130080376591,1.48237721553231,0.626229617424838,-0.0798808391563611,0.187976241996663,-1.12468476109952,0.75332022703237,-0.720238311375607
0.369357469407999,-1.39239380554173,0.371288715037756,0.0930289592373066,0.104111364228831,0.257301291835826,1.48157274367347,0.749180407828818,-0.476536014354856,0.129573153348817
0.901893414900931,-0.473842531443187,0.599245411674269,0.416214573367085,1.07203874929449,-0.443151787039373,0.388269519624247,0.43957391453585,-1.70900020398661,-1.12886936991515
0.280834739910289,0.357996278184025,0.949350316877752,-0.074184245310409,-0.472772619662833,0.0144796763503194,-0.780652272023269,0.675728825480509,-2.37443631273602,-0.401354160162225
-0.765228069743075,-0.0064756045828165,-0.122701466336902,-0.61059441473612,-1.1300159048848,-0.426063792610652,1.28688532302367,-0.0337744232432825,-2.73524417520126,-0.245022021556635
1.1349011615954,-1.25899157823998,1.18607916268803,-0.4149649142462,0.299367053634295,-0.250658473363167,-2.21770401327542,0.307355479521914,-0.208290183396975,0.08083352867782
-0.763134918707772,-0.31848471808981,-0.180821046428237,1.60270364034371,0.0827317247288307,-0.154703011666577,1.59150616335305,-1.22677000634713,-1.16634740350833,2.3295934801856
0.95068064160796,-0.309973580627229,1.49378046882691,-0.35332214378599,1.0831648820065,1.93216917884807,1.04041929121478,1.84122560245527,0.840436088184574,-0.927972117118757
-0.935179215530518,-0.479851064914918,-0.552034492403426,-0.475956838430609,0.861043906094475,-0.0448788888559394,0.902597076278352,0.106263870884421,0.124340232456259,0.647647559016926
0.834785943825794,-0.715302311226806,-0.364334647167845,-1.31908911741235,0.4492384871959,-1.29343309967838,-0.287727442707817,2.15396555804649,-0.991383804541226,-2.69903190517168
1.89107800714689,-0.505567712686201,-0.585604249728293,0.326837374608783,-0.863634931663306,2.79657882642987,-0.792931964517508,0.992649190270354,-0.453935086446141,-1.10000411607666
0.64899849683541,-1.63336459617784,-0.0580340699219523,-2.12503271980573,0.0321589451558704,0.356636923583593,0.813496998420345,1.03043107007347,-2.52112405985678,0.538556810737858
-0.698550868543564,0.765223682478551,0.035259143172791,0.241306459889151,1.80561023099888,1.43184098455613,0.177379093996499,0.822213421549307,0.0385634846183467,-0.384239524465966
-0.775424431317622,-0.673789071129369,0.295731481464925,1.02907183113347,-0.254839574547263,-1.90462848970637,-0.530209136640162,-1.04210114323589,-0.327339783212745,1.387859403167
-0.161345966509363,-1.24076779100977,0.343758981992126,0.3788298263752,-1.59934442212654,-1.68639285149384,-0.423181939771881,-1.21732769061344,-0.0199605487050946,-0.655958152254101
-2.60736465842317,1.0688814673489,-1.48712235540533,0.88273007881351,0.454619729580064,-1.33333876976779,0.71432436570122,-0.791891185958914,0.684366305191264,1.32017257165389
-0.434845389826684,1.13690155880527,-1.10740402124544,0.0451576054374738,-1.0113204295966,-0.764835241896924,-0.645161392032513,0.576691896310911,0.183861546485797,-0.269966593331639
0.23340824096281,-0.352150985426912,0.0541502286912249,0.0809656753883218,-2.00027060333365,-1.32603749327098,0.47793138972977,1.32715090717301,-0.678656745179315,0.780967648036462
0.256748968675309,0.544383328927771,0.676857344088256,-1.09087392240653,0.389803300369815,0.210352699375038,-1.0399100288824,0.397680565301506,-0.469432930323834,-1.62772409105064
1.31048792506784,-1.38620012512331,-0.382960517109895,0.984506863467191,-0.850945846691445,0.658480989085304,-0.581758679488004,-1.36241208918358,-0.945839892966946,-0.562832150757115
-1.33898110211446,-1.52656048091277,0.440201939180398,-0.0275678508415375,1.00438107463886,-0.57228891776715,0.756865314006496,-0.349926346931496,-0.766504359924915,-1.25915288468
-0.197879388668007,-0.285197369606711,-1.54153048926757,-0.599260479787519,-0.406811125826243,-0.590223638621437,0.926500276223035,-1.87783226346302,0.146787734200271,1.54982621403614
1.10383285074075,-0.10108424103585,-1.05534165049356,-0.654051588091663,-1.43200302300515,2.12815821679451,-0.812660470518322,-0.700106367457386,1.1644360324506,-0.123627317766753
-1.65081178362273,0.0289436581438335,1.5392659245911,0.502707135745077,1.13888988925559,0.713024146484344,-0.396656407839239,0.0374709086730139,-0.870852525095825,1.05419340324565
-0.280787386764484,0.569746950567407,0.0927805606542941,-1.71133744436335,0.807402384882772,-0.731396401165162,0.349151376890281,0.310392892325267,-0.869544898987884,-0.33676523298213
-0.416192385789627,-1.81011112508176,-1.20781450001015,1.54081858713421,1.36162060058589,-0.736096735231161,1.65768127190479,0.680583010104755,0.230719794339031,-0.0385127418693815
-0.252709273259415,-0.940112336351777,-0.530426039505504,-0.554957377944142,-0.393853043148006,-0.00156851351599944,0.823376310227721,0.942342964646344,0.942155156717962,-1.83216293853261
-1.41689150974905,-0.0109294044105465,0.503464687129117,-0.657227232725502,-1.62183523409834,-1.14825803185874,1.1565355831379,1.7021384319359,1.09072177603902,0.561655703005191
0.909693761289108,0.519009756615065,-1.11549621865591,-0.121851272048974,-0.569746327729407,0.0652672714594337,-0.846805706294132,0.266841167334265,-0.483187088666175,1.55023944087675
-0.850876878125777,-0.00347949739449565,-0.989048156493047,-1.0543570889163,0.650724338681909,-0.0177772271794741,-0.838763898457118,0.545823030647662,0.257211265571705,-1.7377919026481
-1.49701548749259,-0.725389628656226,1.07174276484259,-0.334858468179145,0.207996036017305,0.599265440815791,0.545942387265291,-0.28833098316328,0.0213059476887097,1.80192951608153
-0.67657554317724,-1.20291761630114,-0.218470627280545,1.36234958019127,1.61689934980574,0.749131734039592,0.799066707999383,-0.509371722078039,0.972408553150785,0.412975451289028
0.828331490976832,-0.606433587802328,0.447293157132314,0.217008912050105,-0.73563407309691,-1.21907854688298,-0.532585654048857,1.97602993039439,-0.205453091797126,-1.84807006929758
0.26007233791826,1.96449225295815,-0.0607596606045681,-1.50277662852305,-1.02330023567484,-2.16238227777922,-0.453131101091498,0.936040050549877,-1.31770262227169,0.0216430064954727
-1.95791355956447,-0.939132175419741,2.19097131094275,1.25990333898018,-0.41925975625885,-0.0773252261867496,-0.965701322854697,-0.489286451941739,1.28000437854858,1.4143285283233
0.231829242451198,-2.12575287883329,0.327715039000587,-0.294970282068989,1.15031450027873,1.20000730774318,-0.524974631163515,-0.874555350775113,-0.567051119473885,-0.0846457588436631
-1.52772031671353,0.77271142938331,0.197117270268009,0.0894214823351793,-0.30053198391855,-1.20910032580719,-1.30760553324926,-0.901304279375079,-1.04320831631823,0.721040581678909
1.20347618110479,0.683543107593229,1.09305254315844,1.07994195333737,-0.231536538423999,-1.32772262740853,1.24290543680401,0.911123963791342,-0.184377074069828,0.356740747323409
-2.09509986130688,0.545325024669487,1.21036167683229,0.447064968992663,0.0568989042571616,-1.2673029678906,-0.548646414091499,-0.871464393862135,-0.407194813241737,0.266270771479869
0.211116331502566,-0.262474830177235,-1.17591665484972,-0.668539400474803,-0.583411794865915,-0.305479259292839,-0.627184481721009,-0.467473723489005,2.16852274586997,0.465600021196165
-1.19684541160662,-0.530712095155572,-1.2780817299783,-0.995923603940746,0.269988995624368,0.211237305324437,-1.69133588331988,0.642705474373519,1.4856047890143,-0.556502133015155
0.370583330729413,-0.389646115426896,0.505005287625836,-0.655541609497122,0.305749979700425,-0.781341199400148,-0.631597064286545,0.680665246550716,0.00903848627195004,0.850431218267168
-0.709088523983307,-0.351476888736305,-0.373869900564711,0.376648427898387,1.15444620040368,1.78376957804221,1.25939661668319,-0.0174244943458088,1.00927826521038,1.14163864236172
0.0241493293752241,-0.152717923718962,-0.999639731788442,-0.428703871842221,1.59725980781951,0.892074491117736,-1.27847615771533,0.659060260351529,-0.837082934564066,-0.126131251627282
1.05326551246179,0.836608859067035,-0.408496784242476,0.583810499505957,-1.05713559144519,0.065920275623316,0.06264451911668,-0.197144852950219,-0.200463853886307,-0.901843233289356
-1.25574159009672,0.58280283441232,-0.125648948254771,0.869988460583997,-0.550041145243534,-0.495002113536479,1.26859413613096,1.71203376078174,-0.467829120676343,0.707698363760737
-0.976859004872868,-0.337410007783573,1.01312876388471,-0.460498843938669,-0.649007338549098,0.761087629664836,0.168161014328985,0.215994669428856,0.434119841764441,0.853046900587464
-1.10053203520623,1.24712499622994,0.272698185065642,0.545745569886951,0.18066940746972,-1.44741201932117,0.573952477990529,1.25201468949226,-0.600591989870154,1.23185231763019
1.02693922065789,0.553939352859799,-1.44021584256835,-1.80689435894403,-2.56160812648724,-0.426794132012771,-0.910755157723452,-0.0874118637279706,-0.211617118585669,-0.527335052781288
-0.915801629912889,0.265996626098505,0.263474345870972,-0.269833011773681,-0.168405391309847,1.51366211547633,-0.540716392708443,0.0597156074527505,-0.91039168462326,0.989523087861427
-1.965302657346,0.755336707181665,-0.313941369281456,1.33011721256567,-0.696346119971496,0.805673284827236,-1.69149363331942,1.59254474594251,0.358010869084263,2.32648754303721
-0.259293001800574,0.801245102414946,-0.74332917824013,2.02188517692366,0.236222501614252,1.58112126199071,0.72044628253621,1.38855638587486,-0.058411387376124,0.678123197926342
1.71105009936017,-0.310208420196648,1.21996574404127,0.271071616885145,0.843630148274433,-0.713917956252677,2.86548004900463,-0.731323173570558,1.72240443242184,-0.538626407707442
-2.58689528333077,1.00903519895853,0.703722867488,2.8175805719718,1.41512194211303,0.701098156467057,0.666753341534772,0.668323349269656,0.202930579936606,-0.0373733973128436
1.21123203509827,0.0242670310735446,0.602513873016395,-0.478218171508213,0.513681344334014,0.60123471842622,-0.0781008766354478,1.99191886825915,-0.77158115056562,-0.821290309504871
-0.859754065146108,1.00694167592863,0.628861183812871,0.516254731982825,0.125306815973615,1.35678602313918,-0.688769988479299,-1.34363186768761,-1.55856113141775,0.474417105709244
0.278156736162641,0.764020270235015,0.609827355373799,1.53415014756595,-0.567294750819158,-1.97255914390256,-0.455970528913118,-0.839534712236466,-0.639217870839623,-0.661604066334304
0.934131612384543,0.431581010908348,-0.0760495997599294,-0.390915401515023,-0.0447389968352272,-1.50415394592362,0.834241463997697,0.138506951222598,-1.40516666669314,0.262419866130715
0.562726269345384,-0.109428097677998,-1.20279696888766,0.991652277312827,3.05934273646678,0.0725360271734718,-0.315192303269832,-0.755719893871336,0.276763734521849,1.2204208325146
1.28566221069394,-0.519082512894716,0.501924617393365,1.03681779696999,0.203151971100089,1.33351906811827,0.761058279974604,0.170234856860933,-1.55421367203634,-0.159794733056745
0.803881603920607,1.0744033541035,-1.41260362875089,-0.900768400172432,0.793362192763214,-0.18804810963989,-1.3484963307817,0.930982288666101,-1.80650842499182,-0.0256105929119658
0.307992754862052,-0.15844477388121,-0.727829421195268,2.02310317426116,0.692592014638268,-0.711341029515401,-0.832520962134587,-0.0555554897946157,1.13740066324272,0.352112382699994
0.786529339152662,-0.938599078982241,0.087388539012579,1.29080412933558,-0.376772092788097,0.202275821254385,1.4326713551172,1.47939413918618,-0.248798484662988,1.11507731882196
0.343266245695373,-1.69097924720833,1.65736331793291,1.20055972307161,0.860861693496844,1.42707089414815,-0.294139772622058,0.876428568839618,-1.15197591881086,0.331419071970149
-0.369421746060372,0.417816375259875,1.03193635020329,0.72967189230447,0.474308065159931,-0.655942181155312,-0.138955807613487,-1.99894306760315,0.450803654623638,-0.36008462799062
1.15133356583557,-0.651930084718156,0.227424711589446,1.09606964861622,-1.35752162704193,0.357971869123682,0.728346215407989,-1.48371220723567,0.304485120222602,-1.20357184022981
0.498502269754983,-2.15175615389397,0.024324264233587,1.09406706731962,0.696745929545932,0.663950269554894,-0.248541684446414,-0.249665371970848,0.3235716406133,0.879882268433398
-0.233511456156897,-1.25560170122406,-0.7012530338214,-0.711087113483622,0.108364969048093,-1.67979564287228,0.797049529922486,1.37267262996294,-0.969603909000366,0.52981349789611
1.48669748133915,0.00899358202224864,0.63575265237643,-1.1754425395468,0.40207880651408,0.430070918122023,-0.693280072596557,1.16507260022111,-0.200589247444245,0.839256456340557
-1.70005841452779,0.796012415767341,1.21662863629049,2.12200232408394,2.20754284578165,0.198352292914924,-0.680141582947925,-0.509178375649327,1.2839523006757,-0.893496188161584
1.39432012472222,0.503689312783577,-1.24071143469342,-0.337635907086925,0.209682377651497,0.884505733542284,0.600335587831715,0.774240021702888,-0.25113213173724,-0.0799010011502002
-0.0609887388654294,-0.701310074593908,1.1837133524306,-0.903620470770768,1.1868399428988,0.462145139356847,-1.21511097482243,2.69868334926137,0.296655026164099,-0.683856716660034
-0.676637255659879,1.14723764140107,-0.597494190121984,0.485900481192407,-0.273446940600062,-0.693518949091446,-0.638912713490582,-1.40794890255151,-1.58133452936181,-0.071788394954505
0.63923525437123,0.0535916739514409,-0.439693243325984,-1.1737400327371,-1.9645449224164,0.707988024173997,1.27235546400222,-0.165420845857778,-0.694389368087392,1.54145994849576
1.07910222468847,0.181980375719285,0.937996554352311,0.16294705673593,-0.0726738212061112,-0.180973264875038,-1.24839402795088,-0.96225889456567,-2.04310582967361,-1.47995282026709
0.350426226166618,0.64112795448954,-1.57445078770349,0.68262314448198,-0.0603732126028241,0.676441139435524,-0.294241777772471,0.293422618662785,0.84303595348882,-0.789962322645238
0.0998524734480193,2.28881415894502,0.0462504571419667,-0.355445518986804,-0.076349491981502,-0.204920032975122,-0.720438963070969,1.63732068995011,0.156150857029201,-0.0131637905319562
-0.415173494515168,-0.809687515431306,-0.81674505424666,0.3293687246212,0.848288031201515,-0.713708509169046,-1.40875961342908,-0.223444923250136,1.40300105549436,0.571349227709869
-0.865209224706848,3.3248565090089,1.92400881003231,-2.53128760596992,-1.35357404848413,-0.247498526126686,-1.02976124366692,-1.37877833551869,-0.0297658910258922,0.959269930490014
0.501908907827807,1.05051605216925,1.15383802262553,1.75786023680702,-0.745946639326067,-0.660631921653392,1.16698645760097,-0.423402135752305,0.438761081758408,-0.4493619009799
-1.37981378115415,0.352853163448246,-0.139528857679976,-0.478732545430932,-1.05208457167522,-0.0761089538759367,1.41251407625196,0.72644681766792,-1.53695930232379,-0.0739613023243528
1.21486026909472,0.703343146942802,-0.446062822465762,1.19673366984396,-1.03762477013909,-0.835430383120796,-2.34733663642844,-0.621366162800987,-0.0233512303053635,0.305817262171475
-0.844030183450744,-0.0747204399024182,-0.0106999965639219,-0.513361891631543,0.212574259990256,0.19584034763276,0.665730913329851,0.143425104335831,1.49170459433585,-0.910644306190277
0.783098561738604,1.17254854211127,-0.184569596188701,-0.104010799968124,0.148463062525322,0.417401607147766,0.246791430386764,-0.779169662270687,1.72178487062033,1.29183645092326
-1.43788602697132,-1.46922168984796,2.10712136698549,0.411716275270834,-0.928863004609281,1.75252166233973,1.70187023119163,1.79640239560477,1.28406732743297,1.17744588440706
0.24860121976373,-0.643516193875449,-0.457596134228972,0.22186928810563,0.303800209228425,-0.909991447478565,0.238262539680204,0.223944543708915,-1.42818535498512,-0.799307613587497
-0.63603736171433,-0.743211950544045,1.37739829254086,-0.578213621296154,-0.405066764232523,2.45842411740352,0.801666785240417,0.702528329035621,-0.359101465516761,2.02790747792529
0.216509240757077,-0.14710886356876,-0.233591020747495,-0.0230471766700708,-0.76195801256252,0.480406632541553,0.372129849483932,0.501461085154875,0.00166327039997174,1.75276069602628
0.0687923802052497,-1.11098972080123,0.889683891642695,-0.968050327983252,-0.710313546254247,1.92432371417599,-0.00691472752961852,0.998981208331004,0.416074626886445,0.323495474915751
-1.09122534404941,0.142609696657308,-0.527918079113205,-1.16932697327306,0.130514995262838,0.713838537526079,-1.70770750963745,2.67439698428109,1.21237405783826,-0.161818062054878
1.04469704241868,0.849165814927119,-0.498273521259822,1.44355453534096,-0.113557413392094,0.799371311374399,-1.44963892166898,-1.18636312311462,0.084874620893331,-1.37620797058666
-0.288978264667073,0.0955187479061465,-1.24635987537325,0.246593591521785,-0.880350444497148,-2.26354566963039,1.12213003766954,0.432780365648331,0.87955530651307,0.899470083147363
-1.36184515056194,-0.341522628714394,0.527351984655146,0.95785481853639,-0.180846694026581,-1.54586494601516,0.625660702155056,-1.64339460388427,0.911832100571618,1.57965026169527
-0.844248920082967,-1.17274699554375,-1.00699532426663,0.0266908341528319,0.468570643838422,-0.109666300293817,0.829113197007877,-0.242103647410919,0.930786901677282,1.04619340550733
0.499541865761921,-0.57747463416925,1.08965054044978,-0.762272248413873,-0.200444408194396,-0.183895014465015,-0.430512487264103,1.01048092310685,0.0455537591314442,-2.44753538887584
-0.619188977228883,0.375232091604261,-0.0300605867438001,-0.284818830912432,-1.03597107286994,-1.19939379993995,1.50266613122074,-1.96547229305612,-1.97709976457623,1.25392155562296
-0.263241218969569,-1.12021139829365,0.859915620129223,-0.868893335503773,-0.282079259792589,0.0374812900950963,-0.102838620490584,0.365394280983568,0.0657872205888082,1.80325427905716
0.655842775286201,0.968405375071435,0.669158935714525,-0.164903904703645,-0.986203659093569,-1.72317620220554,-1.43815930301792,-1.28076704212182,0.0217165057927991,-0.208511162969366
2.25076565426692,-0.1701670215941,-0.222644307851471,0.388754914318633,-0.47802892514749,0.757021805367504,0.472946357933166,1.45860238651035,0.0741799913846264,-0.0133977824027544
-0.129694646351893,0.730669461966825,1.02137548926431,-0.142556080540073,0.124812534422214,1.08822227270308,-0.346005685148522,0.545874972742016,0.366036396062068,-1.12269579516978
-1.1174190397836,1.73393779559868,0.0108686118486805,-0.320648868817744,0.0361496048994964,1.32929929682915,-0.269645231695423,0.990622675624771,-0.83276032205792,-0.514258101003906
0.0239771280070411,-0.862533098621755,0.937140963001478,-0.760680801858833,0.684720303403248,-0.596055110498447,-1.43249788380466,-1.80368547648294,-1.34881342216365,0.0216559524550698
-0.0377188392714931,-0.642476659868027,-1.20398348484586,-0.0767875389592993,-0.133581074727681,-0.393885919579222,-0.144449703410912,-0.231989330506245,-0.0288689495879599,0.324617654445174
-0.00061532398543094,0.275756603764133,0.373963671216314,-1.30960700122106,-0.608944315187349,0.254021657583494,-0.914273412870147,-0.613745006502394,-0.420946776393368,0.490916662217036
-0.00348923212718238,-1.01068045254726,0.0536656530343015,0.388081854910198,0.44863260505056,-0.580489893364279,0.666570202021954,-1.22704311900266,-0.338678764249725,-0.935203606998106
-0.835542894871907,0.937479359499345,-0.0225252871876122,1.91513867891062,1.69246714481987,0.616511893634333,-0.890415130074126,-1.2401449513761,-1.66302625704791,0.179504110320471
0.300011556364859,-0.970918523645818,1.24232628038357,-0.0509409275756142,0.0100716369318444,-0.486170084195247,2.25195513663135,0.335475240610972,-0.867140031724085,-0.752547199450763
0.592253127812378,-1.83543507592882,0.0534706766660483,-0.569498598142571,-1.32230792106485,-1.42258011294572,0.561776206972327,-0.00347848700665296,-0.0144084320305311,0.138436330726273
0.694783452090096,0.535556600730247,-0.897803143934307,-0.699912371987657,-0.0936464183230708,-0.882371455072648,-1.01132391849376,0.236945372248954,0.414236150541253,0.816534678122031
0.470964043671266,0.440442002978295,-2.18242088908657,-0.0145143236082221,-0.0967831898988004,-1.65592039216763,-1.13096714619321,2.01957891099632,0.823628749358261,-0.180814916719297
-0.360469138061777,0.332173116426032,-1.16510619019364,-1.04013031120534,-0.116550505903686,-0.207847143138507,-0.565998648253679,-0.963305881811544,-0.362149191654858,1.15699816119853
-0.735765482529989,0.588859185931393,1.15251439429309,0.577550939183116,1.72524521758574,-1.66835173102101,-0.206399538464961,-1.03866967844064,-0.828794389862918,-1.04061017500493
-1.63598393156063,1.90935075607591,1.30722581699556,1.10922272609433,0.0178372827387469,-0.0221807082262081,-1.60130689025297,-0.830539944206683,-0.741810865645488,-0.672048672931151
-0.667699283147003,0.222140968605828,-0.470873280486269,0.173034252597723,1.91480500689869,-0.829592116296351,0.141601431319411,-1.14256643829259,0.466705763789349,-0.370093972148706
-0.265998419466535,-0.199369808871201,-0.621414040407834,1.70721833575672,-0.969446541824368,0.108475518500637,-0.596895272932227,-0.543874719305097,-0.617887898323437,1.76979278358925
-0.209097449042595,0.10114335011,0.695909668866695,1.79945743720976,0.684841999230656,-0.831196134379465,-0.76711016538816,0.0259186368998737,0.0307304615721614,0.257184043203395
1.01960753266689,-0.0347275922004921,-1.93502310147974,-0.666782221354695,0.886892851666615,0.154427634923515,-0.448000605085057,2.52083783812884,-0.760911792807165,1.77872215746224
-0.577663120041058,0.0609836072594484,-0.322364504187466,-0.174639141213249,-2.17841357714246,-0.665621897773239,1.19883657440382,0.060747336961567,-3.29131149972328,2.77836241985133
0.837713680868756,-1.3247895729838,0.169309775937883,-0.525680269990414,0.501370194850321,0.123504333962107,1.64846247875792,-0.350524588421144,-0.138028605095451,-2.15269618007568
0.459368551659986,1.44877551012921,0.530197612247026,-1.24006940554674,-1.89770631458985,-0.84404265610539,2.71022840985088,-0.412977262920465,0.038279544364186,-1.04116947667336
0.717711897276548,-0.811762533262883,-0.658144836364539,-0.497770303609261,-0.220348010468256,-2.0321842057166,1.85216808222052,-0.826477653957371,0.189168211055309,0.569161546071332
-0.625988936139947,-0.21520971141071,-0.517765325760796,0.297797907272284,-0.601210842401421,0.033362445500336,-0.210786467691496,0.608101478803099,1.08515770026019,-0.0872734145647912
-0.726041722764655,-0.0131921860368375,-1.06808743444864,1.6200274052012,0.227911801189989,-0.378789147353252,-1.54831634989124,0.340258723110504,-0.794302289154637,0.152204990512151
-2.07592189429571,1.70163657309123,-0.522382860456247,1.35027980919957,-1.12904241913663,-0.369271851448806,-1.6745543993614,0.794752236247236,0.403361295376877,1.30595534668187
1.13897869861449,0.337311527420576,1.43610705951783,-1.75774012554123,0.389821570932147,-0.283415385208881,-0.320458051809176,0.588727027563938,0.06481212324623,-1.39381008535281
0.324913991778233,1.17039147390874,0.997355192496842,-1.29956073522458,-0.476314694623467,-0.606990522924463,0.507337156676714,1.02354506578271,1.26792858268472,-1.03210612620432
0.840998810899137,-0.0229409698294516,-0.685341525180445,-1.39477290117687,1.29717478613653,0.308701113812984,1.06384982208274,0.0370725249999752,1.18706108729767,1.16336258970867
-0.343098441049226,-0.684190300495684,0.454485884102358,-0.036771588131876,-0.45379117827536,0.152695516167345,0.748723921680391,-0.781736569059245,0.692042677830359,-1.49105993420491
0.491958196544647,-0.515367191179081,-1.73801169213195,0.710492958065268,1.34641406543054,-0.43587915405713,1.17046569560205,-1.10009243796139,-1.38401965463727,-1.17763755425989
-0.467164134221097,1.93395306000731,-0.713420162844935,1.31063401532889,-2.49119004493756,-1.43054150084327,-0.656409376545737,0.0861710825331761,0.377735299795389,0.216706040075269
0.469553026061167,-1.04958283444998,-0.362840897201418,-2.40120267129147,0.42239648785812,0.865433838415175,0.803122375613131,1.40165446180576,0.828191827866721,-1.23405891465028
-1.09561914400466,1.07439950275939,-0.0988828795453209,0.130510853599949,-0.727935458689638,-0.188885879544836,0.219841154919371,0.916695850063404,1.20542605886305,-0.518385733452136
1.23461165314367,-1.18457061416836,-0.207444448122957,-0.0486258627870769,-0.767899396162292,0.808485631397196,1.96762827096694,-1.34681604421855,0.791351563863839,0.380970065014616
1.10530433104636,-0.627781223228243,-0.661215654843939,0.297491335992805,-0.437930396426246,-0.458174450609098,0.0539524557053899,2.09939166448722,1.75954460423753,0.163304670323758
-0.313753569347828,0.133576477588052,-0.474131454789433,0.872062031614218,-2.04988134049022,-1.03578408820432,0.545069693044105,-0.494560674005476,-0.581682117523023,-0.671396517295132
-0.659466959540087,0.34701593044093,-1.29911259700103,1.31927772936013,0.0138696981447928,-1.62368538877225,1.44199109413172,-0.806288685943472,-1.03333991694578,-0.644728578052769
0.389673790205696,0.0747853374616536,-0.159402718233279,-0.459810903783603,0.617979619854656,0.626606928134278,-1.52019926912768,-0.160205508398564,-0.817536109574104,-1.51002759091555
-0.0596097214426363,-1.87720155602319,-0.619505213207357,-0.976693794937842,1.92364817239568,-0.593413161426171,0.899727796575284,-1.97564579361817,-2.17009106457643,0.917731555333991
-1.20613349385126,-0.945031876830036,1.97951764505687,-0.025946117121492,0.837986534964216,-1.07221746009916,-0.655851961047174,-0.739336528349988,0.225651253732587,0.760796576189889
-0.626759337008101,1.33806488760424,0.999201535186361,-0.486429400325289,0.0918999503827769,0.953901592015835,2.5481539007284,-0.309250492488686,-0.450020190729005,0.404994602471846
0.189362522258684,-0.327341393305903,0.597715473707983,0.515971706563912,0.768778229879128,-0.603886541364588,0.202756506820068,-2.11762204198259,2.2090515214276,0.0978698808382914
-1.50547535902944,-0.988789407740275,0.733504362853384,-0.496612745059556,0.633824932388726,-0.661547397138377,-0.356756070039239,0.0604812035844721,-1.23508261058784,0.711173341540131
0.546663711922425,-0.163451460017041,0.980346252509607,-0.842433636873585,-1.06240190795397,-0.956153209969366,-0.115148676296814,0.693525023005208,-1.50884191428616,-0.228158069562395
0.0651579263759467,-0.261215850748495,0.86988552658382,-1.15525161240318,1.63351140004759,0.882262063067665,0.764559534218789,0.645579883019316,1.22816107987038,-0.186036933710578
-0.983684896154444,-1.02841365390586,2.40137229916584,2.80963669280193,0.518753929542137,0.0130299366248169,0.356039225706342,0.152917878593026,0.491074224111423,0.9288112161855
-1.55248110325343,0.725933165963641,1.8734153178452,-0.312865047936098,1.47770063345519,0.814536661945908,0.0876855792594674,-0.857339011874785,1.04102964070301,-0.0953002069889984
-2.00642648156447,1.39949266362432,-0.230045258091785,0.670034259072828,0.328117201432977,-0.0926144111335383,-1.11133473241916,-0.169050600217836,0.0333811577904545,0.181844170212268
-0.043688854625842,-1.27446100535509,0.0955198262047088,-0.0172394527542225,0.273919768979924,0.296791546959034,0.849444610101254,1.44043500569658,-0.246037930277329,0.74669916225257
-1.05414134781519,-0.900326042017654,-1.20142513502802,0.148994026737626,0.444344556772706,0.426296193323712,-1.45529769920303,-0.657249105830778,1.25741244107684,0.102936168438353
0.344801030440127,-0.891698747800852,0.427590819865416,0.446845712501742,0.862179740960685,0.221284282102896,-0.580475119038662,-0.928523103179815,-0.964633363386406,-1.20562102323162
0.1107402724567,-0.350712804971331,1.01472784716234,2.28193262814865,-0.176105070081321,0.97976481692563,-0.653744869372179,0.166168164326407,0.407300428992741,1.54029806784015
-2.29485617219595,-0.152366316684465,-0.0222022201408769,1.04685378292416,0.41427079686883,-0.0283045617681387,-1.05040815161409,-0.518281035221048,1.0878648150806,-0.428197252882737
-1.32887982796508,-0.0600144537822887,0.419582918166308,0.652907762787281,-1.43963616399951,-0.71137623467392,1.22923577581335,-0.429523038086082,-0.431494030787052,-0.244943906075434
-1.0974100745082,-0.318299081882874,1.34750571625484,-1.08859541099056,-0.458266898841956,-1.48593987848051,-0.506549221715443,-2.90987750446178,0.199593479219399,0.460944006826902
0.64705269844458,-0.684107124343284,-2.87021533143008,-0.653649565380449,-0.135562112738541,0.661082744004922,-0.239196205162252,1.34800924435031,-0.623777829075522,0.492402442406353
0.474769640596745,-0.89515079540027,-0.866838942388766,-1.16040064572488,-0.574329068738033,0.218070291430056,0.77464387060836,-0.158381045363404,-0.203598967133672,-1.08695132578049
0.0965736412543703,0.877172057955639,0.223217789086695,-0.869132050364334,-0.0393025450740319,-1.04536214044634,0.308265474078209,-0.38123730885808,-1.20907610843577,-1.0725998094504
1.36130811008164,0.492470596516206,1.0903465864701,1.18337238741553,-0.628929589762615,0.52978352115174,-0.510580672612346,-1.5220825972268,0.734130186188427,-0.27058278936288
-0.407131954284943,-1.43849474098643,-1.38515177509833,1.80540953649468,1.76112471778971,0.170221238069328,0.831158339306454,-0.165789536246154,0.378413482142532,0.0923107672889643
-1.6524708704862,0.902740968326481,0.447136250580313,0.487884522201754,1.46128636137373,-0.258065158022746,-2.88666708574117,0.693082722559064,1.09762116507985,1.31027107011626
0.312698478046264,0.755672558810009,1.06003957506213,-0.653325139466501,-1.7241283757715,-0.555251544258918,0.141667147807312,0.0454204379471296,-1.47895741160645,-1.05905640698624
-1.45547805231216,1.48010383019944,0.293437554308403,0.690258626954581,-0.572103420036177,-0.48358285638383,0.203458512569743,-0.775087892658117,1.23753892085203,0.0668056223966752
-0.839518392663516,0.408136722086712,-0.258689925162704,-0.589766315480189,0.111975329581348,-0.100345526131925,0.272956925361386,1.28447194877802,0.82137744776701,-1.28639808781856
-0.320025361441982,-0.597737665800914,0.327143711991807,0.105696033743015,-0.273371037169966,1.38991820075672,0.678999134933564,0.583443671233979,-0.547297057749226,0.718327700363431
-0.222901015737427,-0.819453202050973,0.400709163402171,0.535734466865289,-1.14583679820934,-0.65258416183501,1.74574253874394,-0.0748585083098173,0.35529791686197,0.248896267699614
1.5278703711878,-1.23291039830321,-0.583544952158234,0.39513465684082,-0.290949251262943,0.685854625411903,-0.641488102771539,-0.559578515566715,-0.0674690833832789,0.156875448631332
-0.0667448994605801,-2.11709219457241,-0.842491058953855,-0.507315078673039,0.491271577338454,1.52716612299607,0.272467493243241,0.856708576525336,0.234802280362002,-0.765238141627907
-1.27546276768701,0.241773551537527,0.862280312179257,-0.143480725319123,0.634616525784351,2.29405246900436,-1.53803822693719,-0.560239503173882,-0.260419859305021,1.29498998594397
1.24901418593584,0.00128088499326614,-2.51003850869246,1.93294903233723,-2.38957660429863,-1.65317819643621,-1.58786252687452,-0.020951737354023,-1.48359369283998,-0.306353570244891
-0.782868357434832,-0.216803144242453,-1.50614024020685,1.02297006557835,1.15940430527303,1.70752099756255,0.141623094229925,1.57582321218231,0.0312595566106849,1.10228907022035
0.683897644765812,-1.24599873958652,-0.233619566563773,-0.823763642723631,-0.11328350450652,0.208503458114182,-0.644034722121759,0.276233370179338,-0.334468957793012,-1.81960140757902
-1.198672124438,0.328285607599044,0.0877149804547799,0.294758529179559,-0.365173597128211,-0.252986182513129,1.1089174099464,-0.56298917155407,-1.01171093820979,0.308718285452283
0.790778282561993,0.210445469851727,-0.244712077476721,-0.90532693738333,1.00354845439865,0.86938465260578,-0.126983414376082,-0.889316926244752,-1.34342389495557,-0.42524053110296
0.530873185941526,1.08231679478108,-0.0532972374416477,-1.30517253032958,0.0853346086350676,0.49663751314246,0.298595337627597,-0.764564352594149,0.118456134253221,0.1490552573653
-2.92427169964083,-0.27716214504932,2.39179992853933,0.810016076543659,-0.914867213472832,0.694022634322645,0.370844742025528,0.0552517578373526,1.78522271400478,-0.963554826427481
0.200085066764473,-0.472542753147622,0.431788681179823,0.174906875767239,-0.162745404542717,2.39791723909139,0.435581797725427,2.43471184693199,-0.321541709020148,0.504528578970837
-1.77069882548491,1.59863152088929,0.291444459470286,0.807562268537679,-1.26685081500529,-0.741604460147705,-2.19736654490752,-1.59475122450096,-0.0414520174803585,-0.48065203548518
0.81607106715145,-0.111888994773949,-1.75465340008753,0.122669319644377,1.06281906910227,-0.546193305521454,0.7467604801416,0.0190119820490921,0.561134326347159,-1.28802713747616
-0.352973914125575,-1.74377386607101,0.375198246407976,1.86609939445242,-0.286604367987886,0.693184887541767,-0.25045460307983,0.712777952155865,-0.0460018949959861,-0.468125249787474
2.82750799094243,-0.808261650071524,1.00358212288774,-0.882475904504727,-0.141923981672058,-0.781735202245149,1.15933990249376,-0.713900678484111,-0.0121210637065098,-0.962270571833261
-0.574598493819111,-0.497385836585002,1.36247145778582,1.10573453890576,-0.96109249670959,-1.0208231312781,-0.257171557835221,-0.131447839503557,-0.76851402978287,0.022702885909944
-1.42047849474405,0.280667718652474,0.92336475421682,-0.838236235094872,-0.00533902760033223,-1.17215541327269,1.85236217528198,-0.485251261599882,0.112059861195631,1.39887165976818
0.203721924580041,0.904359223031392,0.547409365493172,-0.866336278013594,0.856104980159989,-1.25732272291382,-1.05839462631535,1.23712840593257,0.578516948281318,0.370270381941231
-0.289738897925732,0.691590698641747,-2.13859824014164,1.12287459464479,-0.755346927677384,0.389528411571123,0.0613508290019855,0.283384893653851,0.335309771655026,-1.41123652322404
0.0658905232727271,1.19755622226498,-0.182067064415982,0.377928819273918,-0.100872916439147,2.34127988099129,-1.05286084569521,0.0688877930576117,0.908539512854297,-0.305626567513991
0.824775434981986,-1.18195236452298,0.892356741484587,-0.679963242219164,-1.1363957051176,-0.695870818352592,0.920537563830071,0.678088720771086,0.923271800265988,-0.624482338336786
-0.445454562175981,-0.183718660092178,0.951762839543495,-0.446356009187163,0.771474906863191,0.210344277490608,-1.04291502955881,-1.08523676250243,0.221045934647718,-1.32348942216757
-0.428904168045422,-1.29011320205633,0.0893494249741066,1.07163595021129,0.35757774707213,1.36256108169386,0.772452309035084,-1.95023166791646,-0.674720961722847,1.00730816039716
0.140324489536459,0.0461332190816966,1.08972963679421,-0.31092685770592,1.80258234013788,0.878415104231473,-0.185355391596303,0.0898690656278709,-0.457405062797725,-0.443948873556053
-0.271441071460757,-1.39513303139096,1.15426330639902,-1.06806902643984,1.04335477376196,-0.0719677554400948,0.646960120082915,0.452016020364563,0.105784570409775,0.0086373260408456
-0.47924495060203,0.229418474707222,1.76347831243531,1.93120166625031,0.266611582590111,-0.455330712057847,-0.821251945552453,-0.465341172034725,-0.514841278100013,-0.617912274933005
-1.12843531570863,0.861366266094639,0.0628019431161514,-1.06147480067134,0.624991922799178,-0.994416257177598,1.09019531659177,-0.30608590551593,1.82063210562247,-0.777995664655523
0.134968975120892,-0.0772602326004696,2.29168631517621,-0.0499203467359597,-0.640425416379765,0.252972059519106,-0.157423560067709,-0.852222840749618,1.73628978365715,0.821829535612636
0.370842849372999,-0.497706043457987,0.290711102645702,0.859076786757072,1.46004201506295,-0.807072318161434,-0.638506735921671,0.724633670926185,-0.485952670742484,-1.05621980556942
-1.53477318953066,1.71105494565072,-1.22417494518002,0.253222090026546,-0.273171385494356,-0.411947407798418,-2.35872298876085,0.921324307906545,0.0184817981051684,0.187170443785853
-0.00766463155930852,0.284660460506783,-0.174638285411712,-0.784817627456816,1.08742992948979,0.442360547038949,-0.655084666860669,-0.0752517988496438,0.176611790819088,0.0320859501427598
-0.790977898176896,0.837976672417982,-0.492005739590014,0.525374703625212,-0.373650102567727,-3.27498810189438,0.703549123461478,0.700711526551971,0.144892147336624,0.19566952845909
0.27634665311567,1.0620407092296,-0.91291709687721,-1.68287221336584,-0.826729456599314,0.6873397360749,-1.43155770868728,0.635679763480027,0.793168122208874,0.0227604017227095
-2.05392987729772,-1.86511580959862,0.696647137901778,0.507000893507013,1.07542735743678,0.0540162308475732,0.688484180489535,1.21460144764126,1.4724859060635,1.61375010564423
-0.979307916438565,0.648681799077832,-0.175491798741569,1.29125666451055,0.509309187935604,-0.139116125731341,-0.970063678817514,-0.339893337170922,0.372706011968196,-0.353601126959216
1.05510807255538,0.742190985867634,-0.127341994962372,-1.52463599333609,-0.108921576963544,-2.23800364826911,1.41140042589689,1.50248624962416,-0.187612305231658,-1.47432717311437
0.866501506740653,-0.090424110770737,0.970906681562937,-1.69295237399686,-0.1440500367424,0.778127833385561,-0.165032798000696,0.200624256818252,-1.87420715920004,-1.26944900070923
1.26831665040248,0.736335128846335,-0.311487867763638,0.563910516359272,-0.096437336204214,0.941045563277947,1.22155864835556,1.01654218389889,-1.06696011562528,-1.76486203004372
-0.662340716060849,-1.36611980251671,-0.632400252003492,-1.0963079719987,0.0125164634701644,0.236556194502695,0.380691636329348,1.10124484914103,1.33937100273542,-0.254928992330525
-0.974222514219156,0.255158381225596,-1.16792574481683,-0.563358594156758,0.565756419790006,1.35912137575267,0.698628444102609,1.70405448838029,1.19970494715113,-0.243310448723321
0.60379975477582,1.19867693260781,1.22199467263274,2.36052562216948,0.933874306327156,-0.0977424799292684,1.82012448527326,0.0379782463386456,0.0186362387361241,0.372005845021154
-1.78827428070362,-0.643847166622071,-1.38832732120547,-0.0852637613737657,-0.968498418686502,-1.50281657829776,0.0940646206792049,-0.324521400630925,0.92550187115124,-0.528876706253473
1.32651166825006,-1.04225087933446,0.739818601391597,-1.27353274480176,1.53008784999824,1.27192064898926,0.264349621036775,0.353334284770695,-1.9063025704378,0.398031973950289
-0.829112890106673,0.378981617453612,0.52863554591846,-1.69361600411074,-1.62618278855932,0.341210017609035,2.42675137940318,1.83281913251331,-1.37814978568855,-0.379604268072484
-0.569669733460496,1.25367742884498,1.41497133881063,0.381589974762176,-0.274005784507645,-0.901980083924015,-0.267590433993789,0.0753795481634863,0.325845947219998,-0.31780403559084
1.54551812343882,0.837023152889027,-0.456824367181798,-0.0792365158063542,1.33994345906663,-1.02023011437069,0.269794358147785,-0.266917189870804,1.20404408962777,0.152615166524566
0.59935547161149,-1.11926513896568,0.164164581436041,-1.51675001798807,0.112215876453713,0.725747578368087,-0.240031787995433,0.482569241111381,-0.27385428805005,0.0940470681087238
-1.64859111022546,0.0239551339893209,0.650842410363146,-0.507664114764649,-0.902181985063771,0.696067885924738,-0.416705378809697,1.75100097452628,0.101726607667237,0.611934351511621
0.454656219521723,0.792274675519446,0.921028819278774,1.49916840558338,0.486028576354803,2.24575488629429,0.447758032901853,0.415034119739948,-0.406622595509759,0.285414062360202
-0.621004581961451,-1.85298519800198,-0.199881667783658,-0.904351607713949,-0.390108626678223,0.465034677949198,0.0825796932848554,0.527144343002128,-1.19759915971614,0.0344097769000233
1.22306136391891,0.232577168545872,-0.828659235618061,-1.45522436419199,0.724364304570551,-0.822079077864116,-1.15120080779736,-0.838213219370369,0.0674706718862908,0.220506280382241
-0.757475836828156,0.898411076680503,0.0119272549638583,0.307176451609889,0.303494231878535,0.875622323965535,-0.164956502363711,-0.737905054246164,-0.18132236546573,0.27204555885841
-0.424853907732999,-0.19126755991668,-1.70370041416049,-0.151413226266045,-0.601067852746754,0.696426252857899,1.15993185883655,-0.568822230211688,-0.0861373909605509,1.94278867519485
-0.651056284036703,0.12341663155002,1.91689113569938,-0.44830107923192,-0.568418934004325,0.111787481702317,-1.23374742350814,1.04611718716282,-0.69738663357082,1.48325848357706
-1.06310098822623,-0.81535900518381,0.222874354310857,1.92067288852434,-0.663020599731638,0.469864884068324,-1.57453029200526,-0.53688944329002,1.11265495157687,-0.880885725915222
0.782365835041596,0.75035734069603,1.79652718883722,-0.788258246363792,0.193734109072418,1.38216962257792,0.52146132968209,0.673297005871857,-0.704273239869557,-1.03651310575117
1.18866371640225,0.347496742242816,-1.39109296360152,-1.77095664919552,-0.035778795515146,-0.711128749800344,0.557166983706884,-1.09827886952733,0.653885128510137,0.505833980428889
0.258107360770202,-0.306353487009066,-1.64082135846648,-1.51302328124029,0.882968224641654,-0.0121045390926018,0.519270575761695,1.18664089499628,-1.19132497190836,-1.59072634639406
0.584280317176807,-0.267346425269769,-0.170298636827131,1.89494066013086,0.138138658347202,-0.776089114059971,-1.27265024759545,-0.28815188790768,-0.197332865971487,1.29376854098825
0.773676798124274,-0.24182229372927,-1.10705945253007,0.0816112034158765,0.303905804243059,-1.30927044821003,0.250545221895111,1.57587486010625,-0.929375597304409,-0.647748637721139
-0.743640738000772,0.451428502438729,0.709307886519216,-1.46880546336001,-1.0153964339935,-0.905081933596242,-0.153363741413062,1.35035408922615,-0.4551255840943,0.705028264789345
0.694537746601033,-0.0788560875168027,0.28536619048148,0.619160615159917,-0.730518299068114,0.172137827806489,0.889077309344032,-0.907382226942801,0.0528090742189761,1.02109380570328
1.20803121444017,-1.32958740999024,0.881134436086935,0.944175685064035,0.856952722004861,0.84750747133722,2.3961853417765,-0.655458311963096,-0.589719538939516,-0.27018624128442
1.16206507020785,-0.068958806110066,1.20364158926617,-1.33671146576389,-1.12207593880352,0.362923922792656,1.3022298885444,0.527260683375818,1.5486645114793,-0.611691504162579
-1.12147774649351,-1.19356169394145,0.814839001010503,-0.154238560213588,0.687635659022744,1.87957500165107,-1.18844605668512,-0.0999153516677505,-1.25252236746646,0.658310870321191
1.78801894832294,-0.669157510024741,1.76098293492643,1.31408241909455,-1.10614375639834,1.12114080982063,-2.23540688493796,-1.50261393851054,0.503715790891931,1.61983411212171
-1.18621873473304,2.28962280500166,-0.750358539135705,0.0548136061323591,-0.0972847336781748,-0.486483547440314,1.20365730133687,0.239320433244882,0.556713727553795,-0.61562372416085
-1.16046202492474,-0.79276264666839,0.135999259512988,-0.431923865659741,0.675395386858434,-1.10928678370029,-0.37816806817514,-0.640271603847817,0.019613425799785,-0.673817341639959
-0.607367103224089,-2.04210109895108,1.05046513426408,-0.131779259836451,0.89304824919111,-0.308523067512146,0.153467622711331,-0.81436125581537,1.65126141382093,-0.269993538902373
-0.0194318357627597,-0.169002779668004,-0.235388906433441,0.136776720176298,0.549892923590571,-1.20590005825214,0.0291823650783788,0.185025284365713,0.736347964765392,-0.79785393766795
-1.1244145179647,1.49045508194257,-0.297327305284327,-0.374222649519053,-0.404219308265112,-1.28751071167791,0.295705899801004,-0.103373299919606,0.649362904763875,0.092758417614062
0.863814466915008,0.569118689872517,2.62899105034746,-1.28678326551789,0.765006964156742,0.493925339001769,-0.0451575795334191,-0.541316920110158,-2.89611477556544,-0.885757726607546
1.1107399692833,0.61588117109048,-0.544881874654333,-0.0383786275756955,-0.138205040146693,-0.838356261904811,0.153026323233957,-0.745306251998073,-0.531472339980772,0.835124003781506
0.561077369362073,-0.105464915218056,1.16103617245315,-0.795117442600557,-1.51471131108707,0.28687245605038,-0.821620181067432,-0.439629840060519,-0.572173162764979,0.915521953916859
-1.49827243443854,-0.469834025251559,-0.310846862477774,0.0890607559349648,-1.72396697133641,0.47512983436549,-1.05428691753738,-0.23439058217137,1.28562974815411,-0.560853791617614
1.05491209890748,-0.734607358474708,0.222174496327447,0.040535126228293,0.276487882976986,0.117864263192429,0.114532756195998,0.968687731548656,0.713241341173743,-0.340422852044976
-1.21964646204366,-0.517728210395633,-0.784731316831384,2.55390073976815,-0.339649629323904,1.24827618976954,0.0627214013556329,-0.262655094434084,0.454475069769514,2.20331604619751
0.0889258094702496,1.7607226013051,-0.397166064843449,0.809885362330269,-0.168153849714877,-0.407799627082302,-0.229224753081807,-2.10770244683171,0.384013456467288,0.169822537805528
0.305562501764159,0.462109348225113,0.646103709016805,-0.433707752578428,0.684263965535081,0.441874587416925,-0.777007154517281,0.777769552592165,0.0277148302338331,-0.292070886043353
-0.212934926545931,2.17413275813451,-1.24045288598569,-0.971976099337141,0.910711747276209,-0.109948241058283,-1.14384463794128,0.470661931269534,0.337096506157784,0.163073488077425
-1.01900735807924,1.00156331571987,0.162699162920307,-1.74694675832618,-0.868800769888742,0.63444695790357,-0.145200749963752,0.195218768343816,0.13059483183171,-1.79549928548162
-0.0598674743771596,1.06354619439976,-1.96133803859628,0.593400902951665,0.192730983411266,0.489237193239973,0.000109574434212745,-1.28571510724678,0.615925602241222,0.408853028756075
0.200600037481164,2.1088992260922,-0.583717336134358,0.0027810140200296,-1.02246373911262,0.0089072784932408,-0.437622050710882,1.57437305697362,1.11441158695302,-1.98935428386446
0.0807950786739635,-1.16161083106574,-1.80591931149341,-1.79216372753326,1.65515364238476,-0.0155434303557809,1.97339144216871,-1.94136123356244,-1.05064720406209,-1.00350744726867
-0.451671110151737,1.43461645327757,1.62883899728151,0.5886698659664,0.368626321067311,-0.859431600851657,-0.297353594259059,-0.167827035207132,0.0790281690947734,0.0557424420877878
0.0426519711497494,-0.764690675630559,-1.80547257517889,-0.207589809496368,1.28591164033488,-1.62227166792321,-0.804261124643636,-0.522836431587856,0.971800526363946,0.610072591831765
-0.652045606260336,-0.314663006066133,0.266318097788859,0.34420288785696,-0.748549440602397,0.192596094788292,0.955367729774964,-0.500033230388484,-0.349889065940105,-0.556368284588887
