-1.06855937687809,1.93542902265336,-0.00469038402324669,-1.37131170912825,0.528750957798242,0.554681823364001,-0.134337171842694,0.0838965364973886,-1.06477737588556,0.537299036007113
-1.5425040224714,-1.41701622742181,0.743947613482448,0.467195562933305,0.0619225011842831,-0.448113509723216,0.657955223661165,0.0742587266800073,-0.70162397755232,-1.57833530544892
0.701754868781024,-1.99750511305303,-0.128974971485918,1.8964758102606,-0.68016837223291,-0.105816773211894,0.340699386069742,-0.329040605423429,-0.366334201776412,-0.0250767954096131
0.603021399632009,-0.867944506534977,0.31429027807445,0.0808765855205868,-0.43302346775295,0.948174542612956,-1.46651745089726,-0.274361021443356,0.156899128131506,-1.65534251598433
-0.0558758552843028,-1.09247044935066,-0.757755105732955,0.446881961097955,0.909890511991083,0.237639932204419,1.2457235004976,-1.75249757293887,1.61828660771006,2.07667902115901
0.385411561918784,-0.0971664126307743,1.52010146310836,0.491029415880115,-0.54723021222209,1.42309607709953,0.113669063817027,-0.271785441687108,-0.680319428608446,-0.134307907421
-0.985847921685949,1.60208313664292,1.72427946183657,0.104565525243785,-0.524211758876641,0.262338928812126,-0.0803961675353573,-1.65957410142567,0.522770707603421,-0.884678531937196
-0.865373926937328,-0.283443068447689,2.27458784720175,-1.45387974623087,-0.0728526859839666,0.124857163367401,0.60391869634878,0.794209265395068,-0.145662505550372,-0.636504709729159
-0.306263987429085,-1.10231318706724,-0.432084476553181,-1.29591964247489,-0.798012510513888,3.18429354614967,-0.349500455024789,-1.4788284719601,1.65563706818226,0.222105713036895
-1.53379969415559,0.89403715385714,-0.219911976788214,-0.548417503287278,-0.24138337129455,1.29112658622359,0.308156760067402,0.346550125498169,0.599027236925655,-0.452495481426517
0.702948480640285,0.681649557359216,0.460070813961323,0.46609822814446,-1.17149403185546,0.725714444754339,0.888511337255532,0.72155600183916,-0.67145496677409,-0.484896264322997
0.566172521714976,0.713323727705994,0.335618300541676,1.40438920370228,-1.22091958202808,-2.06721876160108,-0.860799055830989,1.50101855414004,-0.352698656061379,-1.96975974214805
-1.01165165843212,1.11700157931993,-2.16201217969811,-1.02040627721108,0.61058448736279,0.141218833866917,0.801785241042459,2.05511565583192,-1.51080177543195,-0.675096785021367
-0.34153830245122,-0.499996588028528,-1.39821581668005,1.51003842137563,0.0600604629518057,-0.023746562241896,-0.471005278798064,0.361901009701291,0.869154555222743,0.762314225736193
1.76122412893672,-0.747628107775252,0.127883432703908,1.99651469925721,0.164991229195797,0.152522428357743,-0.910814103577325,0.0220855909365003,0.368712236600306,-0.904455892088607
-1.50365150230459,-0.0842260673171342,0.195577337395928,-1.57932662615147,-0.118764321006964,-1.28187446075559,-0.720362097557873,-1.86579228161632,-0.173683556906279,-0.446236522721051
1.18070343167951,-1.2988123551374,1.93722456017155,0.482405398672681,-1.10131799839116,-1.0932588249488,0.170956982918264,-0.813275982872516,0.362326475726464,-1.9436160896011
1.64548070737575,0.137340652710887,1.89586488528885,-0.253317841881624,0.0508312801866812,1.36591304114015,-0.866123507700525,0.714374671698474,1.0717048678976,0.219051316523358
0.645179999432851,-0.23997484706962,0.908988199962952,-0.198177338525116,-0.694678922298464,0.859675268150822,0.141691044137201,-0.462669491567097,-0.296237266201652,0.319495118597135
1.26437466012346,0.494000407397873,-1.95512408267287,2.06844906639085,-0.562357632019816,-1.69166960364198,-2.69626576966284,1.1010177868637,0.38030384080182,-0.65930095500817
-1.99550310245659,2.06632178348338,-1.14448241033286,-1.12824731813452,1.18753857714426,0.85024975802478,-0.145630602653802,1.81053689041939,0.133754682564022,1.4924061928031
-0.64905597885069,-0.115834660504133,-0.88168021417813,-0.17590249709075,-0.460155521714244,-0.470635737485695,2.68365103062532,-1.18268389288286,0.566913544763015,-1.35148194605805
0.224538254099169,-0.951901467335473,-1.38258627740169,0.686608879138796,2.0504649621267,-0.469996414357329,-1.41413609610444,-1.30014672445182,0.779294953360985,1.1626485248635
0.347323878561972,-1.04629221903837,-0.234487488526193,-2.50671434489705,-0.582168837556443,2.46483271432125,-0.659972459393261,0.75798984052984,-0.193766769377685,0.602153431914922
-0.821246143584365,1.10947462182025,1.68041809993618,-0.267861335130331,-0.568715594406888,-0.161572066439152,0.169586755015537,-1.42871256717078,-0.936767588115677,0.0844210205816134
0.36472175896643,0.782255195433703,-0.301750588354117,-0.742306228861448,-0.123426682434139,1.14914223565968,0.190308514641308,0.364164624701288,0.864438747990336,-1.76698985293235
-0.385110204645494,-0.00386650426960505,-0.177792149333238,0.0109904381562662,1.16110905980853,1.50932095184906,1.66014450135286,-1.56704553855552,1.16009551070563,0.882366376627771
-1.38385948404134,-0.126915702027892,-0.766395548033577,0.707397648867793,0.228762860373866,0.00696958505201662,-0.0276085964576212,0.897273307260245,1.9166570382802,-0.681666344255673
0.89875301075222,0.175027560192164,-0.462983329622804,-2.00191809519038,-1.8023265927243,0.388762159653613,0.731917293737908,0.331997718647045,-1.10479492162589,0.648450425373869
-0.210764104571006,0.307887965444267,-0.418502762688886,0.0743844837460283,0.680059821272049,-2.40627854899644,-0.522596634476396,0.0358834272898564,1.10610530810254,-0.752652265566505
-0.173676028884404,-0.467101684973168,-0.14136952009996,0.211581434979068,-1.65304993892429,0.596002442165473,0.415555820532355,0.238929794739126,-1.29935843401098,-1.05857847056771
1.2800473993066,-0.219186622896291,-1.08117133804695,0.642103712894644,0.569769380674832,-0.66288919915551,-0.736001974498845,-0.711430666867915,-1.34254558206765,-0.870523780390661
-2.35879451261895,0.699262989718503,0.097300063401699,-0.126036796579347,1.47783756516978,-0.492784507936635,0.0195788187691832,0.350412727260311,-0.241492363503074,0.389312450255877
-1.53954733199841,-1.28125533765361,-0.941546314584868,-1.68263391158092,0.869862864794692,-0.416519978605908,0.190070787572648,-0.555778550110946,1.81435129805327,1.02879060714125
0.338618511236517,0.131722078921878,1.71465470155676,-0.19751589866467,0.728901589951684,-1.07421228516443,1.02651558879285,-1.43890913348976,0.0762409669074262,-1.54679945069031
-0.782247279788249,-0.265833765595773,1.82654695537513,-2.58148712682067,0.181148917603231,-0.214448665819445,-0.5908753469659,0.00033187629375781,0.651457495794513,2.09000278367429
-0.421520037709824,-1.03082473709925,1.10078096324435,1.06455083897711,-0.653389778176528,-0.305753333537032,1.34976141508269,-0.121563473399362,-1.64970039958524,-0.493971152985519
-0.403661755619057,0.484323822172468,-3.35602418867691,-0.78451000343914,-0.686651251875026,0.825338873772127,0.728732000085795,0.981248583974336,-0.567587165178364,-0.633257082361091
0.0582940697792077,-0.432757847961373,-1.39527119189799,0.65169964084629,1.32697911096266,-0.777662427930649,-1.20097644373055,1.00855396281327,0.777182076580624,0.211086357878985
-0.419689213397015,0.36414413461121,-0.00165128094141246,-0.315502641260938,-0.649646773397943,1.46893094356826,1.2452276546403,-1.034493721269,-1.77928115174233,0.937372499471158
0.0690188044062551,0.0695123653135728,-0.855873258946563,1.01695764488582,1.32150756425567,-0.76880411796932,-0.102214004620462,2.39575978220464,-1.37022404268939,-0.174633829182297
-0.390592902186588,-0.564323451730541,1.1762036165924,0.237718042635867,-1.62787222246798,-2.47579694004034,1.8188342420713,-1.07779820917215,-0.102668196230435,-0.17096874078264
-1.05253526162026,1.18637268608511,-0.626273376138363,2.00129634906485,0.316623108783817,-1.85995600804789,-0.783149370786024,0.0322340802103952,0.396467873693314,0.753413793258064
-1.73588393029179,1.29842105457664,0.908241912847368,-0.242909924033257,0.822819947579518,0.264964510969194,1.45485790131699,-0.501537085790202,0.289937315872559,-0.728688760377913
-0.930112943792715,-1.20358776726477,-0.403671444240569,1.42755175672111,0.102687052711864,0.626062290485991,1.49194044581594,0.205149100482586,-0.558255991749136,0.88608388874754
-0.687431822248955,-0.368178792342743,0.3974433828924,0.123831652660793,-0.704518762669448,-0.419499376777308,2.68259029090808,0.99642195323493,0.0403918571988657,-0.929923786261213
1.198279433972,-0.101961363017875,-1.12969445291478,-1.58281326291975,0.36045387136628,0.489422829494119,-0.723778562331769,-1.39242415820374,0.256431702001713,-0.0819368534944146
1.29578834461488,0.929484345991751,0.0372443311893661,-0.783997350720978,-0.786091332767783,0.149118056056346,-0.835789016791744,0.304844323531231,0.888584705116005,1.22130195589716
-0.409843565473079,-0.882607983124643,1.93010804891414,-1.07552384473141,0.67807256960189,0.0632533190581568,0.870219134953173,0.407102733798979,2.88573012013116,-0.312834080619256
-0.344899067048563,0.311077537445365,0.772108980606227,-0.33702349731027,-0.44251787880412,-1.65400877114202,-0.513631807358983,-0.471191508248527,0.121934741848316,-1.1642158918426
-0.280992884671425,-2.44827726923305,-0.226945317279859,2.34958434696415,0.473093761065671,-0.714808980968889,-0.830616224482931,1.28788460341751,-0.107409139769911,0.516897213173157
-0.534313616721111,1.29500742243242,-0.419783968839212,-1.52602595475161,0.738469529461539,-1.09628652170734,-0.738449128652715,0.62547558120938,0.4467586088505,-0.761741051703403
-0.828375334761042,0.304334657926467,-0.43786815095034,-0.0906944679298243,1.2371428893368,0.509974065327649,-0.439911762199358,-0.321571528993995,-0.699352466380431,-1.23079357617028
-1.46933710582243,0.672352020900311,-0.583480435822445,-0.130734963759019,0.0229860279469429,-0.203332931089321,0.0194474992622947,0.30579457509104,-0.844574626894003,-1.40713376444163
1.08991322317376,-0.446164196481533,-0.857156747725253,0.752603460586188,-1.41842965084845,1.61857049890724,-0.774884868348249,-1.62358537577787,-0.457503969738381,0.753006589612717
-1.17554084990444,1.1600752676643,-1.1267080231098,-2.06228648957074,0.128202609375097,-0.585105474671567,1.08602741749248,0.0673419270051561,1.79361594239119,-0.650831176993328
-0.764656167801484,0.841327720340937,-0.288394102253391,-0.0577409188677843,-0.0905596777039397,-0.211006258051912,1.68581983416928,-2.61031008512725,0.839367478128586,0.00719832439640175
0.458845647745086,0.825716017555893,-0.600810179872186,0.0280662258584135,2.38543736139186,-1.97253611751257,-1.60669530549781,-0.801680714398359,-0.142621820215162,-0.333963112097123
-0.959913958650974,-0.0521640612210704,0.464272067573629,0.983875650379989,-0.0767296195597449,-0.665474367094881,-0.3944604528277,-2.00258826687542,-0.517279538897691,0.628640596546274
-1.7784440550721,1.66377077372902,0.0165322789322439,-0.391619837902468,-0.39677476000772,0.844464354841446,-0.535523065624562,1.32472769078196,0.917721453669201,0.539445508600886
0.432624653566208,-0.216266782947174,-1.68035709504311,0.219130213105194,-0.945371838598522,-0.348667238494243,0.154482613075464,1.27763398190786,0.696839994357356,0.981345723866628
-1.43702992127592,1.18864143237164,1.3108236054469,0.00381305168706254,0.545113943719342,-0.74997098700712,-0.648718253912978,0.819593052263157,1.17594532750218,-0.554301385711264
-0.8050825639695,-0.805351038116296,1.47043890246894,-0.83863168084307,1.0454792320562,-0.577034589978698,1.23614279220569,-1.22820854028862,-0.0019339025301503,0.25161997448405
-0.102250412413089,0.0223883273586025,0.925850869792076,0.789976838742926,-0.973059247428068,-3.33532080490008,-0.529713357033819,-0.436571911095304,-2.09882996154294,1.97164320051267
1.57551210011022,-0.216059230618137,0.723341198571965,-0.919386455048512,-0.146412746737381,2.59252987764012,-0.691298958392816,0.662361805539458,-0.449283920926884,-1.14674837241728
-0.0160911261260357,-1.16327439170479,1.71582792601084,0.0117526534563307,0.518156501721207,0.994864252809171,0.298275216496764,0.144207931646318,0.752627931346192,-0.267000534986003
2.42066575153596,-0.289071172648282,-0.0428774565171958,1.55087178654086,-0.764408529576424,0.345757723555796,-0.601361903832246,1.96670658497038,-0.249984864382563,-1.9167575757525
-1.61068830890458,0.457030305393853,0.905119177113294,-0.998876894561849,-1.15487226724971,2.23339056326266,-0.494490769385217,0.842222949762911,-0.813494525135854,-0.220722939997525
0.269217494563006,0.0825245829348751,-0.857559937201766,-1.06589053395383,-0.0310251263522261,-0.249185975029295,-0.131464529473632,-1.01579423612218,-0.155542566800157,-0.0177908688963391
0.993409674425461,1.31076985810301,-0.00172460143899806,1.54404395501543,1.13180246228148,-1.3687058629578,1.39812794828961,-0.708314531967732,-0.334815253927748,-2.94068311001617
0.168367186260914,-1.12898997188777,0.280849494450753,3.69394432976324,0.736759041379479,0.545098983230693,1.00121786008285,0.326191463763469,-0.114113912452526,0.793821980807798
-0.207787534458968,-1.16973349353744,1.8940526347656,1.57075978614372,1.33301368481951,0.982447451298779,0.680663828842969,-0.0211958767255093,-0.0265015673615486,-0.892714682608185
-1.33872780387119,-0.526630688922728,0.798301955002028,0.0825678734223809,-1.05021434395089,-0.630427521096375,-1.31933294650483,-0.800190863881825,-0.351257928426145,-0.324079852521202
0.170793324055892,2.35938416207872,-1.3474587150643,-1.28216488641818,0.13500135607917,-1.58298944452078,0.368413090404966,0.104506080799174,-0.0410824941354196,-1.61432163103352
0.201364998138564,0.33981590199905,-2.20127113486489,-0.152601004954028,0.275716153835936,0.033000543613911,1.05779035697368,1.79816927024814,0.581845614892433,-0.292058007868626
-1.15593090294965,2.04320762716031,0.852905692870513,-1.46273146716078,-1.23556471319655,-0.568438030434011,-0.862530945198343,-0.938624511486462,-1.23544129572338,1.3239910191814
1.91965073640289,1.19266642683832,-0.757180885846962,2.69616587054894,0.0910015179418443,0.488411762517207,-0.883030187247741,-0.174991490858179,-0.752292300713706,0.144701557789773
-1.64845462781316,0.359253105049499,-0.148896955982334,-0.37146843215178,-0.784608152001368,-0.699055972608027,-0.0991624696502027,-0.030236701753377,-0.415387005267496,-0.198763630003968
-1.12993430255887,0.19761378181552,0.87552262243618,0.357773378724508,0.20599059502895,0.749770250205334,1.46986178836357,0.151216400697003,2.33966794498025,0.0485897007190846
-2.31327173563969,-0.484115743206016,0.545148778848671,-0.643250542869568,0.573430128087709,-0.331547176904558,0.214333167679766,0.528789327810621,0.553909324822605,-0.476140970750438
0.409122176948016,-1.07552663990627,-0.500432500240891,-0.9835099788077,0.513449560736632,1.21521639083407,-0.226937672190096,-1.06417692480605,-0.274567238444781,0.0721512391971367
-0.416440782761096,0.281802144141365,-1.97790526157039,-0.171596219038305,-0.76957508281584,-0.0848703361167793,-0.732069032825676,0.177165796834126,0.50879265922369,0.216607503259232
0.0811864122807183,-1.14298013380858,0.308359093071666,-0.714425646055814,-1.59417892163472,-0.21341081543569,0.479660908157707,0.0919466979574013,0.611026109327975,-0.67530407214628
-0.934838308214584,0.180124298802504,0.597599492298253,1.04186710471006,-0.468389156994668,-0.075837902445483,1.05162848500934,-0.466400114971381,-0.142010603443048,-0.55269650239107
0.184014010215626,0.591447528686593,-0.828406214524405,-0.773016941196673,0.585768557128743,-1.09585885595384,0.788467956366086,-1.00579594702084,0.136808091130609,-0.873984237987486
-0.357973537792853,1.6302551860173,0.0482912781178313,0.436943508605778,1.04499763527156,-1.27714022402352,-1.36552618906933,-0.220911342606816,0.617165557987582,-0.803935001339225
1.60104904128591,-0.787690234078922,0.580639459582972,0.239587116216805,-1.03895031382288,0.0815719076698583,0.164571337393593,-1.2123242668295,-0.446980409350231,0.548757874450963
1.57353046650513,-0.0842064936725516,-0.906586623636983,-0.0917866196482794,-1.21098166350809,-1.20470158299946,-1.87821537547948,0.488857020445905,0.516161529614708,-0.478522317353139
-0.574382790585607,-0.00341162491465261,0.0716487263395979,1.31327570572598,-0.627558555811686,0.363791245710096,0.0938730377110805,-0.234206668550936,0.843994189565627,-0.381581708515634
-1.32357625721428,-0.150779432325962,0.792522462200215,0.0204718348751747,1.25270619800288,-1.28725293086295,-1.55227713397514,0.564476205990957,0.954781348389666,0.343514832911408
0.0352477041782416,2.1166968856927,1.14969335833571,-0.908907716613717,-0.261613656370299,0.988610260993512,-0.695370295028051,-0.278729031294291,0.142769415573997,0.0415693755354116
1.56409761825261,-1.56052565237284,0.581513182897024,-0.178943779804268,-0.871137923297545,-0.105651556994386,-1.14989009164528,0.95730400858436,-1.79897240721052,-1.67025861426002
-0.0227905442494346,-1.10367954400631,1.03484554749355,0.360339807165046,-0.759860975572629,0.737577780109479,0.394281765823514,1.56379712655534,-1.13150760252143,1.84159143713927
0.624902476176917,0.369843449163858,-1.14390951628153,-0.947583122237813,1.52709184506755,-0.39050891175466,-0.65570523078101,-0.58613198439141,1.28838669105759,-0.182772509591299
-0.684890877572905,0.642154916822661,-0.192544804717072,0.411407301609336,-1.88462036308278,-0.47521875084178,0.255803454225784,0.270468941554466,0.18801790047401,0.304974256987674
-1.86571121093447,0.6814001520447,0.712940016852721,-0.0826800578279565,-0.0184116748929531,-0.167999916007893,0.459767608897853,-0.492746411098782,-0.0323654874723328,-0.930171622223141
-0.20897485136674,-0.241349135964122,0.18273882240505,-0.678396901338092,0.766674698377811,0.594235235032448,2.38873552933406,-0.66794486656686,-1.63689042487124,0.0281241178642157
-1.37320328716749,1.30664744849711,-0.426676653204824,0.156880927441912,0.460980731712677,0.101286160674466,-0.490249685004092,-3.07664995428965,-0.235242732237032,-2.34293225820993
-0.707994726650238,1.20996604289928,1.06929868506485,0.536944179241563,-0.262124439249439,-1.74441139440636,-1.58555305135312,1.0768352615166,1.17271580336443,-0.916801009525154
-0.38766309694714,0.453651394892676,-0.0696999219105952,0.783484628869724,1.36670135588014,-2.36424857315069,1.11052602370946,1.654971757959,1.08353488020793,-1.06725867987862
1.48080709260809,-0.0952581481044737,0.38919946068168,1.22708551515791,-1.04562152396734,0.393062857431918,-0.424637888045246,-0.712350878162943,2.45506618991974,-0.0527769949061779
0.768683648684899,1.58418271315205,-0.249632685786652,-0.278393835786692,-0.272200864723487,0.0600276276723136,-0.0556834096265909,-0.702191926732862,0.911774212037688,-1.17288945528545
-0.340130329278704,0.437318513010629,-1.12262426335855,-0.501449549689991,2.85260044341448,1.17886763917091,-0.944240489477819,0.257342693712148,-0.82579048837448,-0.874141814791845
0.3677256710305,0.206527152250018,-0.865296993989796,0.0223429267460664,-0.186295721916232,-0.0947558569970571,-0.584577472008891,-1.38534322066773,1.35988030697831,-0.342831975854823
-0.685939860475647,1.0496076444936,0.523187809332593,0.0166857841044906,0.0108131986528376,0.48654123328578,0.876408032432571,0.890445977389668,0.125054540415713,0.250858487923162
-1.09786803918046,-0.220465366962045,-0.235741599117985,-1.09765507073265,0.289225968078959,-0.976490874050172,-1.05658552818328,0.0612004877303227,0.753948326541188,-0.21433042529319
-0.977005281853181,-0.696844508477342,0.169512733396212,0.804805889709543,-0.66654465919365,1.00263495567959,-0.691802959718806,1.40169954646024,-0.438766835332116,0.100607033195174
0.506957177691786,0.0732718046676934,-0.608760026714353,-0.14428756522437,-0.116085596608541,-0.195270515849345,-0.835367196610136,-0.651240530634818,-0.333394136469141,-1.09152293626502
-1.31516199165587,0.355807069759861,0.568045073384177,0.0858687875548234,-0.194838094778325,1.59151043011531,-0.271502391677021,-1.35396892215533,1.21972731714247,0.598933055993589
0.493326102565451,-0.430995244641383,-0.890966576373011,0.345718884696466,-1.31696244585749,-1.54496879273479,2.04446345237176,-1.26276184748725,-0.955134083578748,0.64138698591461
1.26257566455061,0.284229367690394,1.10668168463569,-0.130279756649797,0.896462620450569,0.538114119134177,0.749787342384835,0.292225555993628,0.146642538939737,-0.297472279906196
-0.158819432834341,0.334912226976896,-0.701652768836717,0.627698315247416,-0.0339905983564853,0.488349496592557,1.47184686984243,-0.88546422188164,0.603054636814791,1.05484699076559
1.24411513757645,-1.05827956088181,-0.796581725732001,-0.230248463233137,0.0137913575181934,-0.867510426320223,-1.13702452724934,-1.35012544307623,-0.608054384514798,-1.15375767136593
1.8262080742789,-1.01617807232446,-2.00520089723937,-1.15568336141957,0.870519431295957,-1.72142892406441,-0.962214089596832,0.365955111765363,2.01418034808513,0.199395173526636
-0.91852161354138,-1.23976028404581,1.54501607694692,-1.09512072818461,0.12839694340429,0.754982953736385,0.238041684197615,-1.51596787616661,0.014934833395081,1.97046974283799
-0.240863862870267,1.10313459549846,0.849556770788164,-0.36531008700878,-1.04817802591258,1.13374033688957,0.11802604571003,-0.432495499725116,-1.21114996516975,-0.299102390232745
0.585208640907205,-0.671108448733287,-0.368902977696533,-0.654229081038304,-0.0896060354018506,0.607660350677271,-0.19656485093832,-0.132200206766204,-0.706867841511713,0.372628728568938
-0.292499871432527,-1.71780019335927,-0.122625208564609,-0.0494742296628707,-0.0694267039727345,0.270882930275928,-1.40533184113133,-0.781009010760059,-1.30598148733398,0.480748161209063
-0.00318570577923571,-0.0446500425135545,0.197474905193551,-1.176018696466,0.824266312918244,-0.85308295480326,0.461314604126332,-0.583472831546607,0.818980399161277,0.286033139944743
-1.08254305162817,-0.68080537363337,0.591569664820173,0.385723364800352,0.891466557047086,-0.0165829317783755,-0.765041128733366,0.575610812004292,-1.03772956395174,-0.792907575965589
0.85062446219307,-1.4508673855288,-0.807536253917266,0.0308730909158831,0.572008261205645,-0.665540264865217,0.0294999386233049,1.67415226449096,-1.79598768460072,-0.378715658789847
0.503763998478419,-0.107368987500902,-0.218680242588024,-1.27613946646228,0.0566413828604977,1.3621599923449,-1.6484417564833,1.64038300216262,0.641925822289182,1.53938883208222
1.06686102561434,-0.888302267486337,-3.04849792539698,-0.299863826122917,-0.562565092634018,0.418816556994173,1.39355776402338,-0.0818461400501743,-0.46994770796679,0.565858388024646
-0.578084125082512,0.602119956693061,-0.452933899859551,1.3775195315446,0.0451799982716676,-0.9236717213005,1.68546391371022,0.0995833991370564,0.484833002106737,0.530374220401938
0.426326377075963,-1.60457040600122,1.20299619383357,-0.299451233916156,0.177743807596706,1.32150774782141,-0.343318317002001,0.172791660783804,0.878291295484077,-0.147123822691757
-2.45855905815034,0.983325849084782,1.77015236304839,0.479760095044014,0.86827094716006,-1.755391471709,-0.545921956423857,1.44759330937106,-0.124113282798629,-0.0743723420088524
-1.0066570268715,0.261617819039822,-0.57013490117401,-0.0620366245899706,1.22954777259167,0.199488663564179,-0.802936479651246,0.809527857951645,0.697907740882855,-0.967374971527513
-0.191653980358992,0.546981781372152,-1.39505484940699,0.0152391834779004,1.25085995769597,0.333595276266901,-1.37288753918975,-0.172899007623294,-1.77450485246322,0.586879350958432
-0.434081321799785,0.379763310680533,0.661780107085291,0.255883482765172,-0.342943814695439,0.775493765405803,0.498525963327467,-1.35491004058457,-0.197929017178965,1.12957335580055
0.0602360616364147,0.406210011276839,0.412022047524158,-0.616659437435855,0.72570049231949,1.81749894725169,-0.417633597805699,0.0441780221850936,0.584725975807179,-0.420374160546871
0.0660557689120896,0.794352372694675,-1.18381860643704,-0.442135990408061,0.0221177952840244,-0.736443780476138,-0.511072315586951,0.0756043130607916,-1.4665373344723,-0.415315041749486
-0.608334881458921,-0.891579566446102,0.29363247892579,0.173208130906857,1.0843929689321,-0.129290590840847,0.0689908313691032,-0.700456903977623,-0.158664426787026,0.60517152734333
-0.113960271794152,-0.631407446270075,-0.636144486345122,1.89512759663134,0.701829549930701,0.26945549581298,-0.827100813829107,0.344392726026702,-0.0294106141893578,-0.332325837553181
-0.853187859627479,1.30860187805412,0.146377366667409,-0.778295351642431,1.17851651806738,-0.875412916001598,0.63108193972844,0.731629455782463,-0.367939045285583,-0.304536156655727
-1.14609335872548,0.339080334922911,0.553335226667496,1.20732727558366,-0.46001750968684,1.18389354635703,0.491349277551601,1.05888703836302,1.13374087095797,1.03190048437528
0.19731566558062,-0.832858820376146,0.164659910470874,-1.18923847354036,-1.24009846727492,-0.553427208460294,-0.469090189297642,-1.2182623616801,0.725789547213892,-0.659237512276511
-1.60287280499479,0.563623319917046,0.00114958281729983,2.06725777607634,-1.00883146865466,0.0258217986711228,-0.312255561734743,1.01716812976027,-2.31007021972959,0.758608131229352
-0.244971447678108,-0.985187321860693,-1.47850605335623,-0.370412241619121,-0.62005058561145,-0.535422737306181,-1.85888572577085,-0.366120354631065,-0.347454294836105,0.830892198547738
0.183590789529159,0.558995861556948,1.43190400640938,-0.12038609676678,-0.5739533977709,0.218502787847069,-1.2883240111515,-0.153408108020477,0.392010426985184,0.725415821115075
0.0509337582074798,1.64276084933267,-0.137353386424207,-0.299867151369685,0.741149441352987,-2.53308219729055,1.45106545338039,0.00313277264047407,0.835713629357836,-0.428091775459231
0.0782006956974174,-0.675487698231736,1.01912906481292,-0.767838688069994,0.776060546696923,1.03622061153851,-1.42155062346281,-0.725544641925553,0.761006831326039,-0.0195875819502415
-0.410927328916295,1.05075902429249,0.277368591468605,-0.151105294683025,-0.0575059304872614,0.958427453934796,0.710027903426757,0.586944675887712,-0.652537264572297,1.14689819947875
1.01398320332346,0.945773559110729,-1.02005838477255,-0.57698274063611,-0.68532012666477,1.45818938615631,0.419325784419812,-0.290975714668873,-1.29617780777951,0.649074814772392
-0.823946096703747,-0.919355636221692,-1.6253259985345,0.737805428474888,0.302760097795698,0.6145429653655,-1.56917445889314,-0.486411194619601,0.42904805858994,-1.50305667222941
-0.0238644068295024,0.757980558348947,-0.594133391103228,1.06900579551847,0.99006994594234,-1.31420657779277,-0.734940292250419,0.725946921595244,0.716455114441388,-0.349021298073732
-0.592308235794595,-0.228015750103574,1.46827861399789,0.165466410701366,1.96323901040368,0.120209983790932,0.732618430994237,-0.910728272981141,-0.0268271909084585,-0.613981308483335
0.20566504788406,0.319419465892502,-1.2459086506442,-1.41337395525302,0.638668341420456,1.54970118004726,-0.00429363874134258,0.426022436643971,-0.829211930413044,0.906249577541593
1.40689435153082,-0.572788365922373,1.37833212137063,2.14385495689249,0.14276465217999,0.391369751063699,-0.751148130135264,0.0733964155291101,0.660962378991756,1.58355958927221
0.159148042297355,-0.231938531774692,0.41188038326429,-0.357388340004394,0.09486238459552,-0.33310502518326,1.14852376811622,-1.62206178482141,-1.12234143999716,0.0303473957650594
0.00999726374435466,0.451601304909796,0.693922814167025,-0.344593409107948,-1.44275988300288,-1.50794460564764,1.71648550890663,0.183396531531789,-0.653318924602243,0.754474213166618
-0.0837857986853054,1.17766717637302,-1.33467390637284,1.84934436079851,-1.50789891328642,0.626290438117772,-0.153982041313784,0.240616104706476,-1.8782807541243,0.243900118266671
-0.508676310572404,0.762150177356108,0.932448101021056,-0.277006066923536,1.02229107748818,0.00123081000716914,-0.432868131295556,0.248985501256601,-0.806887975163087,-2.28898459877265
-0.817244727695119,0.517883109434412,-1.45171248387383,0.11575090351608,0.330353239177267,1.34824133296855,0.453858723556506,-0.704468990932066,0.866730887840959,-0.136544315611584
0.684056966223856,-0.796641125352533,0.207990633046128,1.09192336277526,-0.769278604956799,1.17723028897812,-0.746236323829666,1.27534462105659,-0.462138138551601,2.5380927228319
-1.21335496534858,0.256666560024695,0.717612396123897,1.19083517747921,-1.45207188892374,-0.34088614611108,2.19477274941456,-1.14438652299336,0.571270481285215,0.674124056447039
-0.743031669123769,1.48604658134699,-0.698707419973219,0.249782929792756,1.33468539259224,-0.490938271375571,0.0445575399142843,1.560205743855,0.191343390161375,-0.604223968670882
-0.465361511121454,-0.190435987764698,0.587229678079373,0.363192574384401,1.19598812890117,-1.60341519891954,-1.59245566150488,0.2595820053701,-0.459668969863901,-0.739124502604995
0.488318716370654,-0.12088638173271,-1.74192319346931,0.709864943659984,0.0212101086633673,-1.87728151473635,0.487710988823681,-2.02444506290034,-1.56654540118994,-1.43187240272334
0.271048434328641,0.679203113267278,-0.154946707384964,-1.19789966638042,-0.520054607640816,-0.540147294947089,-0.465022037833208,-0.545555770451276,0.385734610598957,-0.530121783717186
0.692629025762096,-1.17796645106898,-0.261045509345754,-1.3328213244297,1.30321102992507,0.874025143825055,0.177086406303059,0.470375163339454,-0.267707300370945,-2.5115175330681
-0.191786909361487,-0.634685217692381,1.35864982178135,-0.194493240278072,-0.653015522101005,-0.632909160057112,1.04594992397883,0.114751085415529,0.499758676395623,-0.531893718966213
0.733583113030066,0.861710350581289,0.0746314039364365,0.401371245227459,2.13577346344597,-0.663644510148379,1.12190458925077,2.47333882906687,1.30754620621973,-0.663066597161129
-0.310187455423068,0.336693506843084,-1.29556176528932,0.0648529607099107,1.62467888449497,-0.40222437410258,-0.438462811283349,0.159622420115659,0.0493896748803057,-0.319683758187006
1.90624972172473,1.64437705980712,1.14870125096264,-1.11297972131889,0.246003196838308,0.0046429953426293,0.26984484437003,-0.0367509920012091,0.536946421953992,-0.82034960348888
-1.14471838898937,-0.260610408979087,0.340279321445868,0.184093930896374,0.0697816862411019,1.57312403955676,0.647774390421014,-1.58232616028335,-0.119536330875465,-1.11697106843306
-0.127780487672043,-0.130456488491889,-1.62370965926525,-0.117338489242992,-1.44193590148754,-0.73603882949008,0.922807840187649,-1.35188701354653,1.23840800450481,-0.209298310401629
-0.467649556783322,-0.147146148306918,-0.414867472988258,1.20512616641923,-0.0405600745512387,-1.01503840978924,-1.84320605890946,0.115657308815289,-0.054821101491525,-1.19864846348987
0.0515570912878409,-0.171935210075675,-0.3497595400201,0.559409920520026,-1.44944286548674,0.845068330505445,-0.300938660889043,-0.0659557296783111,0.771785247151721,0.0691309078626839
-0.189459995949518,-0.466209259050436,-0.280370789536658,0.462986161292736,0.76435277732486,1.05339003237668,0.431757560946604,-2.46909050371794,1.00043270744768,-0.499953368998896
1.82234777097245,-0.334991478297608,0.0843656336439689,1.47796597633161,-0.77197074343397,0.126409509616653,0.748870788058974,0.166402652957452,-0.312390103312787,0.612618807912331
-0.219216412435204,-0.100692977145534,0.614955272549576,0.162174325530051,0.392227481606757,-0.522526998531201,1.22052421838866,0.554339747015584,0.881508880765853,0.470370437489771
0.238888535673622,-0.454274048883402,1.56583652050892,0.498992713061358,0.985171858904951,0.0639808802313543,-1.74082124101964,-0.29272668378914,-0.812459355052391,-0.104016047628507
0.783534544201411,2.3749041500398,0.782483836500164,-1.13691916547623,-0.785451728123059,-0.256805242493885,-0.953210999209716,0.580732606718401,0.718048330877622,0.927516370207836
-0.00647664666268466,-0.686257421275643,0.308668102844508,2.13529465742868,-2.43263039448047,-0.150220372495007,-1.73898084788515,-0.00817033921879281,-1.43125998093666,0.0237705388647965
-0.51049259369295,-0.584015462160086,-0.152906240933577,0.442050946112083,0.104201713076315,-0.807427864838557,0.790744541636085,0.206989411906789,0.0561366028971015,0.0760858955912074
0.217770444630153,0.392174054311026,1.08529268587017,-0.771118649523658,-0.964597126464624,0.455577759098857,0.578114806750473,-0.0643904229508431,0.463476459631861,0.158740173132144
-0.0656598234608616,0.381118487882915,2.18744262627535,-0.538190561804704,-0.7426875513942,-2.22226974566307,-0.844507232469962,0.31844331568851,0.0445354432636758,0.20593226554988
1.11514698800716,-0.0719258135139554,-1.78713857839049,-0.411125024387617,1.37152963452423,-1.17438387507294,0.242083806338095,0.370378425158495,-1.73671663103065,0.675062254256769
-1.40441935306691,0.36765381600937,0.216194441259704,-0.290113989073938,0.158692618737376,1.40865799232724,1.44709859745721,0.212986512682487,0.313347347836418,1.8380008812131
1.18321061093276,-1.20592331132328,0.601864569241364,-0.754916820318927,-1.00498744940086,1.12334208051523,-1.70633942055569,-0.1320049938905,0.144373520168756,0.297560044244938
1.47174439841956,-1.31312214037791,-0.00624902231827549,0.939562344000413,-1.07481491825478,0.722484764876835,-0.593243751777374,1.00897173828497,-0.165276163469735,-3.02412469489662
1.62552493299827,0.466978776924019,0.649059323439316,-0.705508904190425,-0.150403525589489,-0.820172323256024,-0.617831281428681,0.364003716877015,0.0786454426608824,0.788457554997781
-0.0146047366909009,-0.474491879541325,0.352223341846624,2.79612193174627,1.27432016798777,-0.128983368079858,-0.84433428256408,-0.670904608360297,-0.864007116615873,-0.82202075717849
-0.912406571981605,1.62368261632441,1.69214548243931,-0.604925216002794,-0.677606814445538,-0.584703308172996,0.925509830710725,0.485543011205587,-0.0927618877631021,0.552238450883463
3.07868873744878,1.54015646494293,-0.670484816990262,0.593664384164753,-2.55827929841653,-0.309103462797493,0.716940120502805,-1.87424958220467,-0.599115796086781,-2.4531185952671
0.034628940682765,1.78611040070314,0.155386249417233,-0.911898687179056,0.365703752068598,1.5662414350616,0.356193722985564,0.799922942381648,-1.30805152518978,0.707907274032242
1.83624319071514,-1.86799271493837,-2.3380756685685,-0.0141750089259479,-0.571223274550539,0.0738583128873624,-1.71982994784851,-0.226074044802954,0.0930927185069804,1.82211906448446
-0.316181141564024,0.293550327778565,1.09412196876647,1.11591378559819,-1.18986357443826,-0.111538563220101,-0.3758314877904,-1.14765794767139,-0.765186131043719,0.355217089813131
1.36676668219261,0.554548954579668,-0.469657240610767,-0.0580489918962208,1.65112651324225,0.224814359145291,-2.84392695712413,-0.577819246250237,0.909048712590065,0.788925037943443
1.1862139526284,-1.57310756026618,-0.940769051241379,0.0323445939093849,0.451550336790427,0.0941534558256976,-0.0596435336961603,1.2620083277495,-0.587972836967192,-1.47444687858395
1.17185839082512,-0.484826432434453,0.445474763661752,0.90762053163717,0.820423759132971,-1.09511371349135,0.141761874935585,-1.83918092889719,-0.539676312107297,-0.109398138178258
-0.251854991608806,1.82435091030039,-0.22782081664227,-0.725068691607974,0.939728383910564,-0.783218924707407,-0.721742071533113,0.753681391695181,-0.459053496979899,-0.432559168099194
2.68262196398465,-0.27236810143448,0.74054783920917,0.261925470946834,-1.41726971636617,1.33106114573688,-1.74524435212948,0.158283497280064,0.677653709823796,-0.38767257878244
0.0483415519268988,1.10736310747543,0.533888379743037,2.17072916571595,1.44840384984447,0.75450101286132,0.478143368397572,0.367820590750802,-1.6505542763143,-1.31357811955574
-1.67982752986741,1.65167851397551,0.260216544923981,1.11027990045667,1.80543790642772,1.33385522044893,0.452421132739676,-0.476057165720917,-2.02881616116816,-1.81597474224923
-1.46560855686741,-0.632381248731638,1.26951273219988,-0.00343169342693679,-2.16975236448152,1.97214813379973,2.02259101840878,-1.04850295724696,1.37023825355205,-1.91938393610857
-0.203410922343003,2.36470649484204,0.393390785494568,-0.0296126732479794,-1.25402586542143,-1.55294097650171,-1.15239500353543,-0.508339422835979,-0.364603873163745,-0.561288599590565
-1.57856434634116,2.23946531947551,1.3117941716052,-1.04771654555492,1.39217109203122,-1.1905061459012,0.947439025739411,0.349388208503621,0.88804278661279,-0.812680187410337
-0.0581803211813538,-0.81953034758991,0.0198832641703958,-0.137349735962174,0.97212208638943,-0.690517859010079,0.62929849644121,-2.37739476757155,0.349502950085265,-0.0684407340787432
-0.534891702668833,-0.150767024689864,0.41250896363835,-0.97587227745975,-1.41308563188663,1.16979836562091,0.858838691512127,-0.924070739086132,0.445654055677144,-0.0738104317203474
1.61161546674465,-0.652573836979441,-0.892795447795294,-0.0750119994040705,0.0971550488611109,-0.486690818073361,0.364490563460791,0.777315977615724,-1.727834510016,1.54590013307979
0.188655990804413,-0.876809132844051,0.605100195881861,0.652847462667371,-0.134485914604889,0.434016895442899,-0.528206024138716,0.215621813091982,0.248597869275263,-1.20761054920339
0.561652814006925,-2.19187559532592,0.71021904987108,0.379422385114509,0.429204148667272,0.633569544082813,0.690389320523346,-0.836064804617871,1.16352039115998,1.0929115482686
-1.45351468535109,-0.673593066605916,0.819040669270994,1.25914097555927,-0.889110223672903,-0.0151323577072318,1.0254697878617,1.34957797852644,-1.17333247670875,-0.0604877655195549
-1.14608909617912,-0.272040290268802,-0.630054187818996,0.0100118225599128,0.468560482387542,1.9689736309341,-1.00267339423562,-0.262783962496752,-0.553088096223252,-1.55869038239857
0.26708952788586,1.60448356172807,-0.102269464013155,0.372062370501951,0.365625680952408,-0.762129654378251,1.99010770425468,-1.09705067797541,-0.560636792533147,1.28193105986432
0.378694482051036,-0.210351047977845,1.15525645429147,1.68414119127687,1.25427232745746,0.23212247505195,0.14837906274457,1.24572515478376,0.294120650255608,0.218007795618544
-1.19271975869379,1.46564542071899,1.07326170831069,0.0337034919785733,-0.458452826624431,-0.6151919075239,1.18556513303105,1.02369694391467,0.597958710449716,0.4139266513339
0.150138807141917,-1.14049366997585,-1.09546994416271,0.890780249261194,-1.01853793063083,0.285030047303047,0.0801889699762807,-0.459017342954305,0.898797105367529,0.0629070636019615
1.59827938998956,-1.3125445145482,-0.94081437448571,0.255790282125716,-1.66371794572198,0.916426640821,0.704769142171986,-0.992138060038611,-1.04720173280086,-1.04429416499347
-0.403741173211588,0.362601621755345,-0.394693439041731,1.65751409681294,1.0176704631142,-2.72725036014097,-0.775771414260899,1.20170557871715,-0.080262673895815,-0.215753224085026
2.29632924712547,0.343152388835094,-2.77200753986562,0.957320148672081,0.679847959577647,0.262860757709748,-2.30333133233804,0.577962860160064,1.40238806087687,1.82016201312234
0.0343618076839163,0.214370809476305,0.963174748779462,-0.674265290143563,0.651218985612699,1.58397031360837,0.448221293427767,1.18437862869217,0.640046254975338,-1.33027981805238
-0.373814026652955,1.23603651629175,-0.730106588482085,1.04572883769533,-1.52225626902892,-0.535451344838123,-0.662687984080794,0.501749322728781,-0.0999098645132657,2.30283624812568
-1.70946822048611,-0.725068083015099,0.40386141905083,1.88332678592635,2.43873312088975,-1.36769069124777,-2.46383333879972,0.869474168960552,-0.85843592613741,-0.403116392863946
0.575133400081087,0.293443637008647,-1.0663861138337,3.25612646704969,0.240351793797304,-0.642663076327017,0.974710114236164,-0.297053142304527,0.0132634156520627,0.146186776328337
0.607250642816085,-1.40796642590871,-1.72006191592389,0.150888184622083,0.972503170185166,-0.899358523188203,-1.38047308967151,-1.80296196178603,-0.0449305868322866,0.892193648422738
-0.288515390576177,-1.64633925318866,1.51687565469756,-0.439676428969908,0.124200861297771,-2.33258047587955,0.877459613351145,1.1139648235643,-0.331519296586308,-0.050115384482575
0.219463736065812,-0.0560914296290378,0.55124894744399,-0.612673881589615,1.6015358589882,0.138915355520381,0.601809660363532,0.229428913767225,0.0482010076979143,-0.766382430976986
-0.306895703923902,-1.34570247265139,0.529279528262189,-0.408646017618223,1.98951956397474,2.92929322814787,-0.389312663533896,-0.531990256605852,0.134965034785797,1.33845794619673
-1.47506853316421,-1.00464986914442,-0.463185481025996,0.219308808407908,0.572843520615053,0.806832666966285,1.07642578535541,0.297827548159389,-0.0666703721857179,-1.251079898685
0.303231759433241,0.455214319532158,1.50979970885001,0.812915751425043,-0.810319141056805,-0.444912497519901,-0.529480179193016,0.260930867828256,-0.469121116904455,0.565492731928335
1.8300358623776,-0.340608328198727,1.93482747171408,-0.79272123065294,0.727850958771036,-1.40741265087034,1.98523622377281,-2.49207906881659,1.18778273429792,1.51769792302251
0.715785226730181,-0.326667412181311,-0.353627855132246,-0.204643178764829,-0.597817132490014,-0.823486588797014,-0.00472526273936499,0.0351910946512707,-0.188239372429368,0.656744697841074
1.42753071613121,-0.378220433917387,0.579792569048709,-0.120711296419612,1.31251067917545,-0.803451840529718,-0.254566040459331,0.224550019445446,0.560224810840899,-1.33724730602777
-1.12202663654918,-1.07825763525509,1.04927339602601,0.73634944974477,0.348631048910064,0.289517294488671,0.0854842073184715,-1.23456207958858,0.0587748625366529,0.220516609339673
-0.540436144818011,1.44824604932084,-0.612163251243599,-1.18688132025403,0.389435137749029,0.0431572281531129,1.13445401658974,-0.676238067120606,1.17867659688047,-0.967228455601591
-1.6310338159294,-1.05373019712897,1.83551085871242,1.48986879120783,-0.173198623613142,0.728637502100864,0.343002847681176,0.670742843760391,-0.421689889935281,-0.21427227588297
-1.08686641267737,-0.0711036453747801,-1.57925112297093,-0.92134473438987,-0.332581240954498,0.427075533909642,0.457270247475076,0.177839211973593,1.39900310250354,2.27121316296787
-2.34903897230009,-0.297383611463062,0.415608961090298,0.0145579329530281,-0.645660817617197,0.280349335055797,-1.33197255356592,0.793245445334453,1.23756049156146,-0.641845952248134
0.0695781831389526,-0.0821964699976289,-0.389538648234244,-0.418671891394594,0.554348941912311,-0.988897609687542,1.17558094593358,-1.33229933029997,0.31500014267653,0.504402647299686
-0.0571640352972873,-0.417351073456856,0.883260048954295,1.33028088892417,-0.179568640876964,-1.09494344417957,-0.585732739043095,-0.27171803387306,-1.42486579327213,0.645085885299558
-0.233146935096656,1.32146362178864,-0.554602840018898,0.648138215146553,-1.22513835105927,-1.01735135097741,-1.81266573816043,0.0565039538235219,-1.91961431833596,-0.435385904187035
0.0274600096690673,1.0195957007196,-0.347655927859585,1.74013560795473,-2.12654262848862,-1.06140634783155,-1.9126266739107,-0.263802680069542,1.02814109167503,-0.367976260515364
0.612525703692237,0.00109856451232465,0.668236067977377,-0.161900075770603,0.00324195664612741,-0.67595691554088,-0.696439151600799,-1.15331504819933,0.209367995600197,0.145803664244732
-0.401515929433732,-1.62937318737909,-0.594894324003342,0.398920424074464,-0.77225218107373,-1.0955147534307,0.773163870564149,0.563511027908576,0.797368149224636,1.28378621691155
0.302562511566357,-1.81914495733578,-0.654908440003634,0.139881906365907,-0.133326758513108,-0.862502681968772,-0.118708462522285,-0.335814095206629,-1.24488044158789,0.569282460367679
1.51393121664556,-1.8139357309188,-0.228707585858645,2.02301652825685,-1.60903830106429,1.4440705934215,0.00542410088947527,1.24392117481236,0.222068603133409,0.967036388603866
-2.04921690340735,-0.869308618660238,1.84175021570529,1.69081358860151,0.36944436625259,0.250574557132447,0.88256777852372,-0.222846864504047,-0.492462039633903,-0.525596846389053
0.448993899653929,-0.50418556466558,-1.95188381407818,-0.710370316560613,-0.615620422261328,0.637822859282705,0.468391111006772,-2.14863672489025,-0.441183376489928,0.721244223777817
-0.205726775092266,-0.388090612414732,0.831230767443627,0.162607462734757,-1.22880747027599,0.499722570381375,-2.76177027025819,-0.148880367018431,1.10465633912021,0.960727473425131
-2.29792950968558,-0.128990225206291,1.44302994282533,0.863838604773253,-1.15951780886489,-0.549150906513096,-0.0754604595807409,-0.25994139380865,-0.668721838002948,-1.63363874792445
-1.26609564360286,0.0781884413594414,0.973805728097064,-0.019686352170007,0.388205040368996,0.597302219271288,0.773670144759912,0.502196222431272,-1.01513070789022,0.167787345273719
0.175980410461195,-0.397793835516307,-0.285843918445226,0.83141541910613,0.723147654084659,0.945409014719172,0.129856484817973,0.888551076906799,-1.71243784324699,0.542447234390902
0.111944978133847,-1.4303588613714,-1.25662930957129,0.513427906787687,0.00717683539648466,1.26385017286048,1.08013431745278,-0.566057010982187,-0.0015818161095463,0.100820827333961
-0.309219932964307,0.29539348004032,-2.11081308330702,-2.15456219062546,-0.0494584773265731,0.250685176060632,-0.725225589692453,0.664735951082036,0.956364573492467,-1.10928055329119
-0.655475459753804,0.472685120790118,-1.1824375866062,0.603148658133232,1.30604466601799,0.7361900459123,0.40242848032064,0.91094058884299,0.30090237542673,-0.00322351161442523
-0.344011182314774,1.32515175576413,1.89499356340039,-2.02469635585449,0.408315614015108,0.930828184164745,0.318267861512244,1.119371957447,0.981079544997016,0.0192993416751515
1.14849660690415,-0.0963027006908398,0.248807612939923,0.0534073519262853,1.73728903251674,0.718482798730922,-2.51636154601796,0.441280013700734,-0.645155299131216,1.09156022150651
-1.00753094169059,0.566876683503921,-1.23520439667318,-1.7624673148482,-1.67141122603961,-0.133536342617351,3.45116056297071,-0.205015739328767,0.480821237756775,-1.27408022654593
-0.497095733153458,-0.284303021719028,0.511705517074462,1.33800932913448,0.914666360642955,-0.383752609090881,1.77962005708879,-2.29355041427577,-0.556952845100601,2.10475644927168
0.449653431221786,-1.59665770867046,0.917608323263343,0.214022019539443,-0.381423289596396,-0.461132099218109,-0.336616254519135,0.146193364963785,-0.931512431690055,0.700588444224099
1.79362272774431,-0.18600436715575,-0.482782547005349,0.326822163668002,0.376541140251174,0.201961572250367,0.506464349906322,0.765084566569069,0.288577789341077,-1.13220166544645
1.03108781319314,1.31013835206547,0.767007634502733,2.02860281198458,-0.965713676923707,-0.919169165852802,0.816584171009325,-1.28244239989375,-0.095366108112519,-1.04107822284053
-1.1366867697245,-0.715956360136164,-0.605849883373425,3.50009487613757,-1.05781223022548,-0.230508223287891,0.307983905671681,0.549766832531115,-0.789092789110853,0.207399467814287
0.881147857298552,-0.0263906120912843,-0.947772700254358,-0.347886721228269,0.0759172718140309,3.84151844385272,-0.372086389091849,-1.72304161356906,0.0650031862438938,0.617799688241544
1.20758135321471,0.566665238347538,1.39086806882579,0.248295139908899,-1.18168838798044,2.13651788533943,-0.126675442747689,-0.373203019828258,-0.478788259384625,-0.169592223490201
-0.0691285484763248,0.326859712107194,0.552745773365655,-1.36100347804977,-1.20907482768053,0.840331753899806,0.600655045376713,-0.498569378491959,-0.81996988674593,-0.509576036945613
0.038804084030292,0.997715174577532,-1.79368632998207,-1.08988204452002,-1.36007156581587,-1.7754065102917,-0.280280420100287,0.169149134974374,-0.768332981875749,-0.745188182757333
-1.77311777360559,-0.0989412796067425,0.771218492050184,0.17081924974853,-0.182149057613088,0.182317468165907,2.1288525154433,-2.26640779754242,0.5603455435072,0.576857535376041
1.29048497154539,0.414183949832982,-1.47782384265811,-1.29901811694081,0.400831584265508,1.48658635239675,1.39796028008837,-1.19008873240473,-0.890059320336431,-0.181481033704702
-1.3505427342058,1.36362529200472,-0.00502416369738075,-0.294431110029983,-0.58674629527471,-1.10905275224674,0.300807992409361,2.11798864170569,0.719041689352634,-0.64134014509147
-2.35690342008584,1.31104846193975,1.26049557146449,0.157002376588251,0.363722644692273,1.05335540508775,0.389132607454544,-2.22516209813886,0.284614980228793,-0.869639570856475
0.0426839360167365,0.402956205260297,0.654989340724901,0.136692614732878,-0.609715161805422,1.16191977924893,0.600090369357261,-1.03636997234364,1.13344076468288,-0.350550082048725
-0.446966358569195,0.426144216719949,0.00590422797626085,0.0660683458540371,-1.04259860096457,-1.44462144358395,0.838549850687708,-0.721640074945691,0.755995429102192,-0.67515552766418
1.60811793406935,-0.268654236165914,0.578248423625239,2.17315683697873,-0.502689285808315,0.0827538367845853,-0.651180335984001,1.60073781521928,0.666199107678574,0.836633309939191
-0.214418583346077,0.855121608467653,0.285958792062269,-0.956983335952129,0.180644660127264,-0.272784314409658,-0.889516850950474,-0.151677426178065,1.73474974398096,-1.24020491952446
1.45517405369305,-0.388495684334345,2.03524396259309,1.48679856513034,-1.46421698558906,0.852439915758438,-1.84249302622786,-0.341607971418473,0.593206052393487,-1.30539666821612
-0.815127245797138,1.34069596154439,0.759458742134069,0.681133719383168,-0.698055706446496,0.114908336185811,1.83269546103858,-1.16621185949853,-0.601458870388216,-2.2180915605666
-0.872294665754773,-1.16566583725767,-0.311177787969809,0.248179739310693,0.122502759398352,0.629944932670625,-0.127735600748126,1.92633644505366,0.0650327312102648,0.488646146281385
-1.20759181049552,0.879755731905715,1.69907903364505,1.19386039815702,-1.10032166863774,1.44666942603501,2.20789060754033,-0.00519211973370086,0.574354474476272,0.790466004422216
0.293329699609671,-0.0570698628501735,0.770398256011556,0.00691419139826623,1.52685276154832,-0.520542872544734,-1.65443500537594,-0.0680223509164336,-1.38866166414316,-0.275216260493579
0.402732790659773,-1.56292483723315,0.35515885118959,-0.37334933505349,1.47471148918952,-1.13704094091713,1.8396611034343,-0.957280909120364,-0.384336797888538,1.55531802808642
1.16855904180634,-0.678737966538962,-1.60569400801161,-0.0232261641069247,-0.107065739672149,0.0783850956685662,-0.0301323362342925,-0.964242441126381,-0.717095854559596,1.12000424779204
0.420379947566681,-0.107068974940618,0.502061367219245,-0.0607439030361222,-1.43126615008889,0.15460169320257,-0.305084304015402,-0.82229408592956,-0.996392744713138,1.46504959132347
-2.47656237916136,-1.18134692521449,-0.507926610538816,1.22987590096641,-0.0851003848870557,0.2290897533418,2.37559423807722,0.41646685489705,1.34715446062128,-0.948937744795274
0.42320638626204,1.0660850611597,2.32458659245965,-0.376965664190568,1.6489196888018,-0.230706210827017,-0.450110404125015,0.568183572119831,2.26249504238455,1.36315034740295
0.406718371092241,0.915029588686942,0.0736835422695259,-0.72266136345025,1.58976297752476,2.33946807932702,1.14200734742822,-0.901496437752921,-0.343580015110863,0.845852867619611
0.648953501758332,0.211658841449797,-1.37875270754885,-1.94085948314148,0.40386084418932,-0.58948501572722,-0.0205547414026452,1.01093664600986,0.876075113086781,0.235576534399661
-0.464216973096159,0.277150797878754,-0.844114793401394,-0.65821462107272,-0.144739756704168,1.24925554706922,-0.640166280857088,0.905190711085828,-0.36496956372447,0.674002860176174
-0.499173621469711,0.95565345917856,2.05251081809704,-0.209775516636791,-0.642110671093264,0.358763119204106,-0.648196277770469,-0.195001814946423,0.243647280685133,-0.230905961902499
-1.46183413799058,-0.495710474100765,-2.02731680778683,-0.964918096123184,-0.39736514146138,-0.411636540205497,1.35071944990847,-1.39989206814461,0.854339500079835,-0.325966783207496
0.711917544588719,-0.810495093626474,-0.675917397531488,1.66562086862002,-1.023023317588,-0.966355765523275,-2.57055093566138,0.323255711466424,-0.766862599941701,-0.112058563872831
1.11705352451063,-3.3811333828145,1.00469894225822,1.03588216002436,0.450413279598597,1.22189418206462,-0.634327070825312,-0.549276214521499,-0.0184672927742643,1.68887866429043
1.82122207593069,-0.355526262091242,0.380759329342584,0.829202014179164,0.700842439392451,-1.02025639406116,-1.84211499575482,-0.922238749810583,-0.601477752769412,-0.329153582900329
0.687858529065936,-0.584464755324452,0.437199976328232,0.993263664556423,1.75540324522918,0.9313854564792,-0.0615822082945479,-0.545706068015011,-1.1019800572352,1.62289294788029
-1.46633987350706,2.50172694866309,-2.00293545840999,0.103450968580538,0.43907815946131,-0.135865688632859,-1.45127238682227,-0.058436340907265,-1.59785571362071,-0.986695650594706
-0.502568398045522,1.45045097891703,-1.03913111660407,-0.529556183110723,-0.20897152760323,-0.701113752239695,-1.30089570984026,-0.211340195878725,1.1803942392821,0.117372598882788
0.491793311837938,0.486657244197552,-1.6411100950292,0.123065349933028,0.0310559388973319,0.22007061907988,0.228874759699789,0.194251911028703,0.234266415087581,-0.26034355281727
1.31166721235135,-1.45230882521535,-0.836979320160003,-0.294040659831881,0.30828881175379,-0.264690750722648,-1.08393886690372,-0.895963576794993,-0.190300525214875,-1.30879554024206
-0.480901116470466,0.202694907861064,-1.34753255448811,-0.545516502930922,0.67648025853093,0.849851414308475,0.185441156572355,2.14200617408331,-0.358120261932766,0.532996995464264
0.695997504924788,-0.458283319629798,0.852740003786663,-0.84593338197405,-0.45721318922828,0.999998483563358,1.54018824120594,-0.727442039349437,1.16836981388349,1.36386821196341
-0.676807622599843,0.743442569394901,-0.321802163185234,-0.451052000113122,0.541229312421286,-1.41943925043623,-0.21844022042635,-0.0673321081479255,-0.990270702130994,0.737197717478349
-0.886901591221716,-0.775630682431599,1.0654704777163,-0.522897195351403,-0.127307643779484,0.586230431242537,0.177372542754834,-0.92892801120537,1.19318958855263,0.307533745119973
0.0844080041925907,-1.24926061228954,-0.550993396157869,0.932625872929384,-1.7106072261563,-1.46330576917171,0.721129867966101,-0.0950871798860185,0.984897205315551,-0.0462519734926755
-0.237135640569844,0.62682645970816,-0.179911167230265,-0.154855023408076,0.948847189145149,0.96401240735107,1.41378867821575,0.00265455711485609,0.126460863152551,-0.0160494329651264
-1.08256635004513,0.391811306653068,0.504759308038166,-0.291923665796745,1.06804636978297,0.638890876647471,1.17935660865178,0.431665185997925,-1.29768085748139,-1.85786312185771
0.247574388852404,-1.37119479308398,-0.301740623571461,0.707451759185008,-0.45361174349915,0.26799863518885,-0.311854506265397,1.63916489325835,1.04962411311404,0.0830651248863868
-0.367011594088025,-1.12478100313633,-0.78917919071339,1.30615856220586,-0.590862453162842,0.0179572669747718,0.469760906421686,0.87874679197818,-0.134441488295239,-1.51622039485491
-0.0266948816570877,-0.507255042092537,0.0956502586740577,0.34188612409165,0.400653848748266,0.957051730911894,-0.502367156872119,1.03124323175309,0.443009206710973,0.574828564500876
0.259639028942647,-0.076557695078561,0.858490156997368,1.07480803111895,0.885757393807874,0.67648866242995,0.348660601772542,-0.0180128949968316,-1.25458926846585,-2.15306942036576
0.228999483876073,-0.336999893472286,0.28011988873607,-0.391503800572199,0.652536617637615,-1.25849179144195,0.998847752223389,-0.784696860413445,0.428935651297576,-0.204862495554801
0.458663479038028,0.443450835324675,-1.36886678654337,0.832554283490296,-0.461072912731232,0.884115621635087,0.213677571709678,-0.554503566129981,2.31430039012658,0.589464734315598
-1.98488168699186,0.0227644554538208,1.29116442780133,0.525181332501549,-0.00178630467034674,-0.938335811390126,-0.860137126895164,0.159082836169989,-0.527951373277011,-0.592209344965278
1.10961375918798,0.00691633802689611,0.148110124986093,1.4590371116468,-0.168525481794342,1.95177056350426,0.231261644584357,0.141126684992214,-0.906811225045896,0.980391305523083
-1.35390037021838,0.766785205802348,1.27450748490953,0.156195286254578,0.675877195925407,-2.07089367957775,-0.586042719741408,-1.86921602691054,1.05151004834239,0.67358639641808
-0.539323671741882,0.696053606371312,-1.60028578914301,0.988616767969498,0.696964657845399,-1.04422798153726,1.11893204822905,-1.09448534338409,-0.231947101800008,0.196033760414918
-0.888097020427341,1.64963308106416,0.448699526153398,-0.531152955451781,0.019423101336521,-0.689117351112187,0.750433771064086,1.08223073906871,0.847286896164133,-0.886587162927809
0.168793969552582,-1.02912056220849,1.23114003824354,0.323729085926874,1.08747661807939,0.568088056042327,-0.401580909259653,-0.699317855865217,0.225587106297499,0.611098754681358
-1.13744916411786,-0.282979428075176,1.2293551261586,-1.16527592149757,0.880321482303888,-0.165676127989952,0.276667898685858,0.0301950338317966,0.928642343332736,0.481401362408004
2.21578361881663,-0.701938957229768,-0.253517383479198,0.585893504555495,0.36784099841909,0.655126194647694,-1.93913893014531,0.776070618703623,0.397366242920432,-0.242289716926848
-1.41618961629374,0.835511732462418,-1.90188642302765,-0.537234081444647,-1.1200067297886,-1.12679995332867,-0.133063024223008,0.755285765384898,1.63669214509536,1.63956782228447
0.450666098407954,0.614888486418505,-0.648869175051146,0.272346740110045,0.703358452058585,0.207268657175086,-1.21424521173197,-0.719233267765829,-1.21870332345082,-0.439670275611783
-0.440078137751086,-0.62292820940973,0.273984002919829,1.21925220778938,1.14922774256935,-0.710150228862837,0.921308491750183,-0.698978227048665,0.901085365330646,1.10543542049543
-0.166560038255373,-0.77169340359966,-0.293196009589858,0.612471022116292,-0.522244354901022,-0.271903883871077,0.319818225567989,-1.09733618229675,-0.933787678149944,-0.111326828210802
-1.12226758246695,0.550574007713263,1.04708485569611,1.10555471314729,0.85030960552451,0.288552084556478,-1.27698678377845,-1.3113596355874,-0.818763640111166,-1.5359800841249
0.0421538819333887,-0.404037348475513,-1.24100243302211,1.69309700314373,0.61779781098138,-1.21278809775756,-0.991917272944381,-0.732247969919427,0.280025861441582,0.132726939568841
-0.455806715936751,-0.967878037495797,-0.445170468273212,-1.36021350691694,-0.418277898235248,-0.0884540272998029,-1.89973434983413,-0.222721188810394,-0.585609770097984,-0.972594607987463
0.513063877011014,-1.04793462915637,-0.489672045785009,-0.115322145618429,1.59201018525625,1.75478132230259,1.41907949606827,0.429144511438298,-0.866052382989321,0.0453759554636452
-0.511404378966801,-0.0483819812804858,0.288438082001386,0.666720907445165,0.921801555709321,0.192939242318171,1.7808595756927,0.348257295115457,0.0973948512028752,-1.61317145545831
-0.00826518595612308,-0.278156713092517,1.47408944174653,-0.62098503711296,0.67601428400977,-1.04505337167369,-0.749162938565665,0.555532410270177,1.85226774714481,-1.49461842689695
0.307722307423868,0.147157772819702,-0.500295748881314,0.235364202061832,-2.2699340899904,-0.612510883361452,0.353994610424042,0.318261302617838,-1.17940730108487,-1.27671856694213
0.555857955208383,-0.39636490827838,-0.232755066846911,-0.275362797770499,-0.656351544823449,-0.741832529659705,-0.363734874234617,-1.08490473558097,-0.17707319982367,-0.42252926564665
0.776594873300751,0.130723131582242,-0.158496302036745,-0.0751891386231595,-0.757666937657638,-0.470556606202124,-0.129646072739662,-0.0147899516010049,0.494417902138353,-1.06976510387726
-0.765767108482044,-0.850392205446716,-0.214647526159324,1.15838028464161,-0.583798962851696,0.453127545821504,1.14108350687129,0.975795015551623,-0.155481560100407,1.13046560401364
-2.14977515613774,-0.37321632826336,1.87435854385663,-0.183244919239406,-0.0466820879308458,0.302478720797458,-0.0778688342365996,-0.400427208896751,0.539756967260823,0.218725995889782
1.06179025597747,-0.891140103170298,0.980444226415867,-0.585695618132918,0.927053753124001,-0.517282800351848,0.125547692025267,1.20155344769553,-0.988503049659578,-1.3797259631965
-1.96884618708783,-0.533545681236973,2.16490907671485,0.588046946813281,2.07831106823661,0.193653682689079,-0.131938673737208,-0.578363744926008,0.213788590514257,-0.476798883392312
0.217425958051723,-0.795500621089797,-0.162581494504869,-0.573401492307659,-1.47456166699114,0.0321961372563306,-0.949186651026979,0.32506871080045,-0.905915100966072,0.167590944077309
0.678351993339422,0.812178606356187,-0.357606581385711,-0.887845753136697,-0.23853608677714,-0.881085832776912,-0.435540313746334,0.0491460706858524,0.475523681458375,0.0382232169572537
1.30061500178361,-0.249041002930862,0.444823763753462,0.717791529699606,1.95375913937984,0.782594235031371,0.366857184566828,-0.508597478031832,-1.715691412268,1.08418832037584
1.20583428281126,-1.08608698428004,-0.445353264988939,0.358041258951874,-0.152481634297417,-0.337544366453961,-0.936737294853704,-0.165723248130554,1.19944857969973,0.442953792309405
1.75086305175245,0.838387031727596,-0.178562218612038,0.111341416111474,-0.581027533333719,-0.972718625085915,-1.35153691853907,-0.512296365741298,-0.521708955987784,0.28474089428662
-0.229049142242336,0.0431097229141548,1.61884984091176,0.725918039960997,-0.209473557668311,-0.599629233682179,0.53511568337825,0.455721744112934,-0.821744373978977,-1.58850514332863
1.09781034811295,0.136787370625489,-0.279285749461978,-0.0879300209809816,-0.58491813451175,-0.631022173013353,0.136595902986844,-0.329705474361229,-0.59587367203686,-0.115604355663959
-0.465213345678275,0.369469802874588,-0.597686656722092,-0.338534166211098,0.848387893454295,1.11933819234022,0.478878559891824,0.333871472420686,1.85537438465208,0.530567876047512
-1.16428146055514,-1.22507801598287,0.82145147720032,0.649963172359096,1.1420610602413,1.26614995922641,-0.664777000501253,0.0541801982167207,-1.38448522490475,-0.811622627300592
0.447300373628696,0.298234050038386,-2.20410371369083,-0.364761990974749,-0.326171499570745,-0.459947678992714,-0.639089701202418,0.787478640423757,1.31062105101515,-1.26764963370396
0.158566146093377,1.04586941861533,-0.439547574624898,-0.440789949914351,2.38805833607789,-0.569333036470553,-0.985474226537563,0.496155137395663,1.26330742009009,0.290350790701699
0.0993262390520789,-0.178935635201594,-0.955289277771708,0.689383320713637,-1.67310317260688,-0.695965363071872,0.0364924519542199,2.5063283109218,0.354980945336809,0.69573523573245
0.198899318912325,1.17702862177902,0.782747069430955,-0.915298472734481,-0.108918211392728,-0.426808655156442,-1.66026234157326,-0.233785338643768,-0.223573513812463,-0.181762440539381
0.146218823005377,0.83477137893393,-1.38072588436259,-0.402148886988053,0.403523508364385,-0.722559309451837,-0.157802451479492,-0.0839426994654044,0.14024172721681,-2.02811302411869
1.25580632342522,-0.88186857925027,-0.391488537886727,0.359824160615038,-1.23780356422288,-1.52703831462115,0.0914782762631854,-0.941343836545572,0.930754982806456,0.0272097281709931
-0.0971618473630652,0.693682427541805,-1.75949315509853,0.147912156692841,-0.997006986147459,-0.205100271236679,0.385501120279482,1.14718304384169,0.14756750024012,1.35956057280831
0.529000488198568,1.81626193986122,-0.767481953598771,0.341772110728896,1.22335003825211,-0.626968997814651,-0.583545034344484,-1.17964307581048,-1.13180918119543,-0.664930056366186
0.274871407634306,0.498489449278845,-0.419268787284854,0.872559992504286,0.217031043878776,1.13585638755231,-1.10660553463292,0.501501549392484,0.120395844882683,-0.976831783899469
-0.346726093828763,-1.6208304366711,1.09697149563034,0.785271962361026,-0.827919564789022,-1.43280593717837,0.811666664527823,-1.3656523244773,-0.91730134782138,0.829209606423435
-0.117482533038051,-1.1121169766056,-1.63163788409988,-0.619662561023891,-0.0421007666381941,0.119541501506776,0.217551861838699,-0.0879318808552354,-1.20849041041715,0.415503503724149
0.322681752285364,-1.46693545075403,-0.74590908587428,1.30395951256982,0.552318510957198,-1.35361422923193,-0.965815580641108,-1.12699370244042,-1.38637231292694,-1.63299020283955
-0.62584711703845,-0.685318855144369,1.91659603610538,-0.723122807581573,-0.724258124760544,0.919537613396809,-0.101984673054141,-0.849360100244437,1.45409435310734,0.510974751096728
-0.207615638801606,0.267840309126304,0.477629858971115,-0.0731595121654413,-0.40059340310112,-0.435016525191159,0.395438044526808,-1.22097936748952,-0.116591939598235,0.789691871014268
0.312537952698689,0.60354766838402,-1.13778469723122,-0.0207650002496583,1.14370403150126,1.69708115928232,-0.579757387856529,-0.0639198078330588,0.167036109017759,-1.65815837650423
0.0610734000978877,-1.8333548996876,0.565067627134262,-0.0728384727336968,1.86233006734588,-0.413792367538997,-0.505028597119142,-1.18489450568816,-0.458263781965986,0.898554620653993
-0.318765703346999,-1.72857287285464,0.308083362427228,1.91208319103105,0.45050271165532,0.776740126364156,-0.00975977754531886,-0.39420412178205,-1.03349572344807,0.848343716068828
-0.731558226238424,1.25961088863209,-0.395937128689878,1.1211182603253,-0.787172046337115,-1.78206427420464,-0.89953810312769,-0.410748485416759,0.196635087812306,-0.909440900177663
-1.15451326234435,0.629498280183822,0.322674015518018,-0.673813028348413,0.4887942579696,0.565367059475332,0.461814866640691,1.00536620545205,1.48744434048346,0.605327476617268
0.984599748627836,0.372904834200339,0.156288012256137,-2.20506309169644,-1.02304410112787,3.38781904128529,0.418610522147146,-1.20602912719131,0.28472499386951,1.04439919070534
0.167382079120458,-0.558180855822824,0.592357792625862,0.442859571438298,-1.32009422343182,0.763772839014944,-1.75110966380342,-1.31703860188073,0.0443604226895627,-1.28854627425976
0.510844156636702,-1.07098574415711,1.35083628307254,-0.380349038894876,-0.145225988351731,2.05224840354785,0.186350553756253,-0.216926233573747,-0.281957099342831,1.05158360528284
-0.0262163036641666,-0.388694924098313,0.146788206022539,0.164510518113602,1.22221222259306,0.9048482691468,0.392555690823548,-0.0496451530673707,-0.497840641634794,1.38644790291888
0.481050653128135,1.32996336175032,-1.57043970676482,-0.478929615642582,1.04265474024305,-0.581139712785145,-1.4895314881497,0.342459733412002,-1.35128290831601,-0.724589265194898
-1.21374760616182,2.84615374608027,-0.0955635294089945,-0.326130734249116,-0.825223903377819,0.212612419384322,-1.89912568252729,1.09557532214159,-1.17409191322852,1.81168225221443
-1.2291838642924,-1.46032863385843,0.103990556513516,-0.81673020762361,-1.49942438638572,1.0734027050282,-0.796062410670163,0.568442476259343,0.29720573342936,1.59488840520288
0.846443998266457,1.40183282264841,-2.22513952036816,0.461036331428778,0.580822275563187,1.03448214471391,-0.10975475361951,1.10176004652476,0.888375474094541,0.0344735535076291
-0.896377247761815,0.932311559779128,-0.839659050481192,-1.11841014757622,1.16657349378147,-0.785032340080529,1.94890444129562,0.161561578535977,1.26594290690509,1.89933265203362
2.42969305650079,-0.61303559994981,-0.871807945546345,-0.303104999856977,-1.51579619585139,-0.995516583228778,-0.539745816458638,-1.32528181687281,2.37993635295563,-0.424350517364341
0.771690594832791,-0.606951451121762,-0.659654920051029,0.878359079199922,-0.578979432757911,0.526996066599238,1.24517209090425,-1.37377706677244,0.593858521023134,-2.29039970754589
1.5245881204917,0.544601651380616,-1.66050067452215,-0.941483004639403,0.890309955726715,-0.945708809185547,-1.12549237612847,-0.354007970094589,0.0717161187101666,0.92897359371851
0.470245055238672,2.21658673326225,0.0405316747640283,0.900897365303645,-2.15398505686306,-0.125848584500827,0.548469727002286,-0.48737664992569,0.271388206995809,0.38302943029298
-2.01666303705363,0.0481231218790626,1.79798411420417,-0.440914385843962,0.221729920560878,0.779244690045393,0.185381340670686,-0.422141838239453,-1.09643396952361,0.773689473820475
-1.14510865166828,0.705269167273522,1.42176863727371,-0.382614505296452,0.304399478289256,-0.24929869210669,0.776804933428416,-0.245832989040383,0.140758990592906,1.21284165041807
1.19891678539911,0.625096668563809,-1.69465369400061,0.0624180165215306,-0.477644828190168,-1.2336933509757,-1.5937405931302,-0.210029651060787,0.991309679187723,-0.179499337771147
2.10495611232463,-1.76386820940441,-0.5757618235715,-0.286365535726735,0.553122841279825,1.57033383761534,-1.5611702679847,0.249872225329615,0.124625312101546,-1.42032163845641
-0.0423070179861408,-0.509007262547121,-0.830806746831755,-0.89506768274384,0.0985843240399765,-0.401600596600021,2.05262954116156,0.25140233945193,0.0274742100490714,-1.30839765593725
-0.551892908560316,0.434770509668533,0.488524070010155,1.00181147111891,0.0278591682072924,-2.78269387033015,-1.89504027150684,-0.162874679045105,-0.718801291180534,-1.6874902307397
0.616293189836874,-0.70171970320686,0.6619337635874,-1.11253490510219,-0.14132590119931,-0.339327551423521,1.22229620882511,0.459422479651781,-1.38930934488502,-1.49297753269272
1.03315260719755,0.835177812056452,-0.43299152702065,-1.41988523807961,1.03974629674893,-1.32264903592903,-0.861249605054326,-1.65602063388098,2.78108086192249,-1.47274181701306
-0.0181089130670301,-0.72074559046764,1.3346242776225,0.356336813413742,-0.758779436636238,0.0293027878796636,2.02783615575393,-2.92999565162255,0.563452642625576,-0.988032591257999
-0.152001821276379,1.48355565669299,1.11558196160078,-2.09594559555676,-0.935788464545561,0.458378755198263,-0.279186630858107,0.257663364081192,-0.722414667810888,-1.86938448015271
0.172551177402006,-0.557449409476816,1.16867766935058,0.171178104423574,1.1137231692063,-0.876246583605767,0.908242260264196,-1.85215920832971,-0.262644458090621,0.90184434910944
-0.268097504490641,1.02776981395963,1.41766615260061,-1.97315012508431,0.863713351829087,0.359126997151255,-0.711810948943266,1.10844409386736,0.364051250340817,-0.95257383070088
-1.13143260224572,0.441341316193323,-0.0741203926537453,-0.418468583053981,0.81596463423504,0.848218582297435,0.528748906282436,-0.585837044705843,-1.44471221632712,-0.505048253062914
2.11425507554524,-0.383754746735194,-0.840604742075315,1.11033971039985,1.52365135962939,-0.903224085556079,-1.86603322995934,0.0654945534589065,0.961017546005883,-0.405545079873726
-0.294073718968254,-1.5557734778192,1.12626498874462,-0.090908699069544,-0.271739858725357,0.497131002392616,0.0681866831872894,2.03702042899069,-0.122848625511766,-1.11116036582567
2.08189462190046,-0.0335327614788854,1.09887598867117,1.92445438178936,-0.867609395333549,0.0250399592618603,0.615048614172249,-1.27926456323874,-0.307441516741297,0.0577065194518319
-0.268715074502142,-0.540601252697497,2.4061397903137,-0.0251774011465415,-0.30287753662738,0.568561002121092,-1.62330353429991,0.723488809546067,-0.895955567888287,-0.928508361765094
-1.57215906732812,0.17178755447346,-0.265549394202838,1.12620677400658,1.85578297863159,0.860335919356823,1.05980297718175,-0.315956017169696,0.493818233732184,1.57356208763687
-0.115043059436629,0.135755695749577,-0.393498522129527,0.41597990083081,0.378815698348176,-0.202004812591871,-1.32286372933626,1.40427622074398,1.30409986466009,-1.20519870905216
0.086848207337158,0.340484540560635,0.944896856552775,-1.10167299687132,-0.935946649287086,0.0958428593914658,-0.674246375292245,-1.93281489183239,0.554498951873595,-0.43103330558058
-0.181773836503167,1.33045449202608,0.266164472514136,-0.138406838617386,-0.216161148683408,-0.323955020997981,-0.505671250984219,-0.884554568483327,-0.749115439618979,0.937236999978594
-0.346484905078881,0.560423525290676,0.0302829303568567,0.0575265474903864,0.361063012780486,1.04092301709393,-1.43475275830624,0.132137363267617,-2.07391077862993,1.69612164686401
-1.17997642863347,1.09194805078837,0.925321918005863,-0.910339527463291,0.918179810923949,-0.0929443506977723,0.371407533016313,-0.96306749131596,0.237269271956336,0.779289783231351
0.707014481749554,-2.0188945186615,-1.56562034389562,-1.4557617963811,0.00442926396785355,-0.47246667871807,0.619899649454822,-0.128989657557085,0.761402709219399,-1.84235695436261
0.54385846223349,0.860736237355775,-1.48519228809249,1.01305124945586,-2.39538465866944,0.879563524599428,0.827532206526052,-1.41157008586565,0.936817224942271,-1.15794875286532
1.46928139702525,-0.778884198033908,-1.81621471871378,-0.185197127746275,-0.0869649657128262,1.00674447307216,-1.56777667933615,0.589370301449547,-1.72045221119014,0.669752176806641
0.287246377463382,-0.603797210036313,1.23649876400213,1.59974346584313,-0.0503469560411082,-1.76560621285553,-2.3686242361754,2.2770818728683,-1.53275968311732,-1.06548652950461
-0.53202307891324,-0.547240586334709,-0.374442438036174,2.07884625180947,0.45847814935973,0.506937034011723,1.09289479910601,0.351576845151755,-2.30940536017716,1.09475055029056
0.383150757095825,0.48942653726108,0.214299219743133,0.182376945367633,0.119347427990546,-0.224610523369564,1.62667765048249,-0.0608506436393708,-0.0896111754668367,0.184271729052341
0.974415976626384,1.55576522250309,-0.826897369909332,-0.588741633405491,-0.782126152879103,0.107965114316864,-0.951014398421499,-0.993074212970078,-0.151708855763833,0.507960862492908
0.873153887692059,-0.00692864425983909,0.704624021802903,-0.36915439740366,0.828006423662811,-1.07543404384937,0.951755837869953,-0.871468385477472,0.230561225072607,0.642987513252165
-0.489266389850192,-0.195545496582492,0.530860291159767,-0.930133470730362,-1.23154359241777,-0.223242170851471,0.0949608555215785,0.526730169733354,2.57878806115258,-1.36169350162362
0.372054804395358,-0.246219518448945,-0.342865588384054,-0.606985473102545,1.07651018043179,-0.365622381455866,-1.45186863176984,0.137611957849617,1.08150403234509,0.141804674118745
-0.10457631970252,1.07249440484424,0.845853963679184,0.139619831650281,-1.00730333183499,0.28567298730873,0.676297574928351,-0.108180651158006,0.337059296325708,-0.4996142076301
1.36609836718345,0.0243708324321669,0.26384857755974,1.26481273921041,0.343942526356684,-1.57805871227283,-0.423628500909291,-0.120466250551829,-0.851915150496315,-0.0935757976021723
-1.33615132741765,0.361206206665777,-0.577803973082525,-0.596378908628363,0.906524029526834,1.20037545936221,0.0279613492272559,-1.95607599502164,-0.577994037680697,1.24025921029636
1.04487781119238,-1.0869978159042,-2.50028633147487,0.880126658009403,-2.17634679187449,-1.02296799572989,0.569516445466522,1.366182409704,-0.501313813175573,0.770778086752486
-0.627809675252094,-1.18502686418767,-1.69951330314923,-0.612500066406968,0.014351406556728,-0.751543228082363,-1.04997513123882,0.246599303135834,1.96719203077856,-0.810502602021697
2.36834626594568,-1.14371518237239,0.219311248021637,-0.0948398681416358,1.11687575710681,-0.354915712422081,0.737254974552619,-0.728315010339063,-1.04818993299416,-1.58242081450717
0.260152751659463,0.325546428643261,0.989132127743202,-1.53941004956526,-1.67339051110187,0.650679071845998,0.934070236837992,-1.41202497372509,0.977010098966232,0.117656597164159
1.40286992274176,-0.807552749242606,-0.0831815762001474,-1.05159321406847,1.17174892093947,1.13272692701281,-0.282305077180788,-2.52991266958162,-0.408991791316856,-1.35109361905325
-0.705769923988569,0.772677561655062,0.286764097907165,0.169080424933138,1.38986234508138,0.0329171420446106,0.198775007441375,0.115154992780222,0.8719213909924,0.262438256654634
0.886627850716766,0.319686052324765,-0.193798321191164,0.57084016747463,1.40519970085907,1.29761441945357,0.37422617359064,0.785732099309256,0.884044705922015,-0.261230461793275
-0.512062072544692,1.93070067994885,1.69153028798975,-0.133924463984965,1.60554843077963,0.599367534058352,0.601065584142943,-0.479157644944606,0.674344684572455,-0.765335176596502
0.308538652257957,0.361421794275981,1.63597885464779,0.497976897455537,-0.658041851661664,-1.21678054098575,2.52672255560036,-0.689971684768042,-0.0388680963661905,-0.448121428630549
-0.859585871487938,0.679446823429662,-0.257709163561077,1.45171448293606,0.428829208120469,-1.61537193793993,0.798563632423586,1.57185337045977,0.749187303285741,-0.62634484526373
-1.91775969555808,1.68126414364128,0.19222789704567,1.12944304056834,-0.4008752010108,1.24361220353218,-0.465371750439113,-1.12760882373573,0.792916979741673,-0.0786394828276914
0.323810628679684,-0.71262977861256,-0.835944037555075,0.172588420231495,-1.05166772501349,1.97128002788233,-0.318508989739559,-0.536623376207878,-1.87016678569219,-0.779464782678224
0.130722801519325,-0.868617566423624,1.78096027866795,0.296259103059029,-0.524795485582367,-0.0192280115952207,-0.181415417534236,0.279463192818937,-0.484266456940346,1.35633393186956
1.75842955602527,-0.855694176344227,0.679391166281936,0.454347794565122,-0.85357002007448,-0.287900838246015,1.1962622291373,1.24171415357982,0.0194054067667155,-0.509114294468715
0.624265355436078,0.482684518296013,0.993855980812014,-0.277354159679318,-0.417216263389175,0.805013046733991,0.610805676114826,-1.50964896471224,1.17612895451323,-0.37129582933927
0.403599663081709,-0.0946385827817082,-1.29104741469178,-1.98265751301555,0.346873697859911,-1.13848199640487,-1.65874538821673,-0.168923489682587,0.502546073682058,0.559703661650254
-0.737982507897521,-0.0636042663324951,0.812179693510507,0.648372369319708,-0.197665749804379,-0.283173510584979,0.921427816758913,0.397292350170548,-1.40946335712921,-2.63440947515964
0.908750939538605,-0.0284736503251473,-0.559922950498549,0.977805053136279,-0.220337006632632,-0.579505418221895,-1.74489071389262,1.49751995779048,1.33533280024497,0.361557532309316
-0.339894235596328,-0.890751707778114,0.483307073246131,0.485429509969743,0.652101951358179,-0.0458473422801133,-0.72633365712892,0.969497812230546,-1.70126244527089,-0.468811538155413
1.10167380959095,0.431323735072549,1.24561218535702,0.0141379358650342,0.374879906669829,-0.820674735869066,-0.266975867837112,0.0380061139054102,-0.193197837696649,2.13790209426819
0.700523205394161,-0.358219116455037,-0.713991340015959,-0.477582978347264,1.70811188918255,0.0194452655821977,0.625118425566253,-0.371983237770298,-0.316088860700238,-0.54745017671051
0.916220687379512,1.31037945351661,-0.396897150680432,0.594979501571345,-0.0303828813030468,-0.256387508321914,1.43732645086918,0.223630567286692,1.94820878432816,-1.13496328437112
1.22146812315679,1.43961069384838,-0.131110445169613,-0.640921871205302,-1.69231858763368,-1.06762439140463,-0.984005837032999,0.448748305267064,-0.765416099894555,-1.16885906804599
-1.74876146736402,0.779283324616738,-2.26656262547134,-0.390567439868689,1.07548166196209,-0.571577788357335,1.36566697662493,0.856983022110868,0.962383956214019,1.81999983523972
-2.00142341971084,1.26496689859908,0.669103639531737,0.269297588952921,1.7725099435262,-1.10814445545728,-0.335910616375098,-0.241011076040623,-0.571129319271898,0.269438097821671
-0.639804865907718,-0.685000050106679,0.379360817171238,-1.1166024575861,0.448721920242209,-1.27473750337016,0.345298829993854,-0.810888318380641,-1.35963962983585,0.525266849816779
1.30138857026852,1.39717695242479,0.16163404966308,0.350879878297497,-0.243782724879696,0.627900116123468,-1.45341957691104,0.358726076088768,0.282621421117474,-0.82350230148171
0.311357745484924,-0.911768899976224,-1.07909496617744,-1.61882410586071,-0.368785085139947,1.15323882763374,-0.249542981982422,0.236043535805086,1.38296978251888,-0.421669909061646
-0.0549980019544607,-0.535216767523761,1.06529793435858,-0.509146921855476,-0.751630968566203,1.12108276841845,0.360307470982416,-0.854559888224465,-0.76400099162727,-1.11433581343506
1.07440172051475,-0.565186136549595,0.21891632984488,-0.14292741788059,-2.44428517230517,-1.041494079097,-0.516481753782802,0.314265864486969,-1.46541794444821,0.238369141702051
0.906097277140704,0.587996016441218,1.3848490616721,-2.67415653868414,-1.2182794028094,0.964808426865692,-1.13174105483111,-0.664751089887661,2.51516436141862,-0.512762936618864
-1.05720223626483,-0.29224574067355,-0.0035555285975136,1.09580189318943,0.380859763302609,0.352845416415677,0.172056960393011,1.53152996693892,-0.938632682667143,-1.16374940607764
-1.01203449344924,-0.984247819061011,1.24169059703903,0.555268183075983,-0.388503283450294,0.244917151183743,1.01769431494136,-0.0144512489030089,2.24061878692154,-0.0328951857756849
-0.125177485034022,-0.993920955102419,-0.547182059576716,0.908666806091136,0.693241081121571,0.996734116672883,-0.912224837650682,-0.280471768688196,-0.330897313064255,0.313564542495924
-0.620536372992966,-0.327703230946137,-0.325442892770732,-0.458631965721175,0.33502199140023,0.196896444792038,1.61166068606853,0.913389394956834,-0.612045384825954,-0.893185234792499
-0.633358231603186,0.0687238097791127,-1.31517818585687,0.271607029783543,-0.492841018228577,-0.17902276360113,0.264083418842276,-1.72845391371699,-0.214826947264532,-0.749530609179497
0.97329007462956,-1.53023774560629,-0.0041200999462254,0.855519956154622,-0.40551430058359,-1.1434761631056,0.0544718102532334,0.504570820574642,0.567703786021813,0.282850987695041
0.0527021185623586,0.779115102460967,0.94989725507762,1.07656152103704,-0.0936064662589639,-0.584873721698272,-1.13530107384993,-0.406697215801028,-0.308511279021612,-0.157764082117949
-1.0683486181931,-0.215119741060242,0.394563624413947,-0.138865205977485,1.00346471337493,0.0585081567624237,1.21633902877796,0.123685770253647,1.2965138898661,-1.2757960277612
0.0532882295591856,1.07979226697042,-0.295061715378962,1.10919544774375,0.32960145538687,0.62473017823367,0.357046404975536,-0.023852977924089,-1.06688448610907,-0.40315751364553
-1.22319640176659,0.307917591699801,0.185348317242175,1.98329059359084,-1.00610169782572,-0.495096868647751,-3.73394459735073,0.874740664238481,0.207939527416717,0.557281851284661
0.422008398881698,-2.41557862672705,0.660976923315086,1.22362344751822,-0.817593889830608,0.961447835792325,0.0164740021210938,0.184187788135238,0.103233108691985,1.64774861602645
-0.269324450608747,0.226745305216343,-0.498673299489225,-0.648179905401103,1.79621034868794,-0.765921756608122,1.66469584424964,0.0282479837258841,-0.731880649735918,1.09806975483928
0.951471751497193,1.46167700990478,-0.414050382356495,0.733961302298963,-0.830507436769351,-0.957672138080517,-1.1255973879829,-0.736039592412523,0.088342287747887,-2.98788215895499
1.31230470778554,0.987642333427956,1.83917376341572,-1.15330022151353,1.12161156645134,-1.21634739948679,0.858162331146532,-0.332352251007899,0.326805980400185,-0.896558778436176
0.736672525832274,1.94716862555804,-0.797389149572439,-0.176063431402812,-1.10416991404286,-0.589163312290117,0.7899064277185,-0.413113435833062,-0.668805715907766,-1.48251826672864
2.12281259153615,-0.201994753250915,-0.257967608634847,-0.153757691911322,0.138617647658666,0.11002450294387,-2.38779018608931,0.995101142712923,0.20450473753154,-1.02373994014545
1.55839330245769,-0.139296689376221,-0.499033467263699,-1.35814267252465,-0.531051067243503,1.49516150255246,-1.50304813769653,0.409966174063685,-0.117464688682369,0.335104146343373
1.73085658032349,-1.15630265853066,0.974217697490514,0.148727917796177,-0.884723850848327,1.36695412863521,-0.453707976087864,0.264923708832763,0.021549834190567,0.355612744935234
-0.0589294021900583,-0.180397474010933,1.5741218519592,0.106239476601415,1.46519656609624,-0.744508912078891,-0.594540973046144,-0.821492992577672,0.0912373691556002,-0.0724084379166816
-0.949818502630968,-0.448889641368766,0.383319595337478,-0.512042099751765,-1.13956162106184,-1.22373480372518,-1.30012105534762,0.300388755397892,1.5588594443103,0.036181966767568
0.942907660208637,0.395470405758665,-0.366029516135791,-0.662173526849483,-1.08879316038202,0.698646779292458,-0.628145343156936,-0.103093298380609,0.826449522763232,-0.309364243748182
-0.479705793118053,1.73738006320708,-0.8446161244479,-1.2000971046573,-0.272320412364268,1.28902192976806,1.59985227040257,-0.718811849622594,-0.709492914351591,1.22102242191861
0.437770405241107,-1.0396034497566,-2.12395843127281,1.71588525318283,-0.87783008688571,-0.873877187283676,0.772926394657399,1.59197831072273,0.394253686758667,0.764655516986887
1.80908146995508,0.32477124160712,0.209975919507078,1.50451316010987,0.372583918762528,-0.876083379192555,-0.0315989366325893,0.735732451325464,-0.153317147544594,-0.175301073627329
-0.154101806858985,0.78949247804832,0.189889254462264,0.0872402561198359,-1.20841312888679,1.46468353772411,-0.23206583209358,1.64810722024026,0.393064939122591,-1.13110382400544
0.0443676126187992,0.554746247446265,0.165968140371575,-0.552127416659696,1.38857430419573,-1.06412413310026,2.26983431173068,1.68781802885252,0.127482105144489,0.698519498244314
1.34674693539922,0.147413977560361,0.535800751766062,-0.435420692967039,0.553079911624527,-0.743332932828194,-1.76613888625266,0.414705169726922,1.62418197207571,-0.764022982441763
-2.47690973761806,-0.276521073239751,-0.977721725687633,-2.27047483387141,2.71444340165438,0.540572448970147,0.476948132020934,0.558252403021401,-0.0712882086468087,0.368656107574141
-0.199567626124943,-0.864101091265289,0.3365777496194,-0.842251243622997,0.987083755449418,-0.18853067366071,0.394743128485256,0.306357276023579,0.110257366609419,-0.0133965572805568
1.50317302507052,0.0865406789216332,-0.625638483501236,0.464650502509118,1.53870201356785,-0.673726374341,-0.320984396815127,-0.226039575350826,-1.43538928838381,-2.3665841475065
-1.32986761692132,0.865719366921716,-0.102578392028554,-0.339160795650438,1.61835589690376,1.42353202636594,1.78811351253781,-2.75404461541372,1.57561779672296,-0.729676240538092
0.0162486302203827,-1.07112454988877,-1.84861474335841,-1.26676054243956,1.11111089636233,0.145319276835184,-0.81882445228079,0.934254437724131,-1.17467315350142,0.695080826331458
1.06801609023176,1.34412577454795,0.134067044255639,0.0148619527327132,0.547914854557864,0.502575556785161,-0.915235036411307,0.0747036413672291,0.874820484215568,0.42730702087564
0.277134638040035,-0.874565358092233,-1.4358472072529,0.617920232588442,-0.128825422831647,0.0894084090029654,0.385297517028083,1.29509676456716,-1.94938078364374,1.21854539042946
2.06010870982693,-1.44526243735489,-0.955639738821474,-1.01036869444565,0.662650216675216,0.59710120497941,-1.28533763833026,0.88283010160178,-0.539703745766713,-0.472466331109812
-0.213424110534608,0.918581105942174,-0.145980817933515,-1.4740378285413,-0.326971574542491,-1.07003934830029,0.983116226262144,-0.824778389566541,0.0982070081904168,1.73624539828267
0.0948882148146276,0.851979067055074,1.32799668184325,-0.82560354794169,-0.21499572336857,0.638039942309644,-2.14653639722097,1.37296588653432,0.908285560093279,-0.0350165018575744
1.82624017652429,-0.111700392303697,-2.06947426211492,-0.632330110563683,-1.90193949649912,-0.479703366236553,-0.0572417460793755,-0.905928303086055,0.178106675229948,0.0843386444837125
-0.539645596191035,-0.397535056830489,0.652834847011544,0.847707475189385,-0.0845984131389609,-0.484767844003516,3.27540339563804,-1.79912387588747,1.8794903249954,-0.015125992731586
-1.4543931997909,-1.27432146959933,-0.667571503081994,0.454130253858182,-0.515605188148293,0.229214018351674,-0.712028878834295,1.27376367779813,-0.932651470292658,1.02424790529987
0.240515284181458,0.0498191573496148,0.333924814141156,-0.793614697088973,0.515850435747895,-0.0472084805000323,0.637924550054779,-0.221434984392602,0.273393265064114,0.134311498839616
0.0803041724831702,0.390361590622462,0.993803243932021,-0.300225812051489,-0.748307450094716,0.366462417171533,0.45412122141609,-1.44525250694325,-0.658017369240211,1.11723413908837
0.769428959025398,0.304743724747396,0.902140433476689,-0.734858155885611,0.992464834470335,-0.477272361814684,0.516470258273862,0.299878721008531,-0.559222115000849,-1.32027371768302
0.327432843750938,-0.831381785748696,0.353193141618163,0.106634978641259,-1.17674241699305,1.60984977366556,-1.3752393159522,0.576994398177094,-0.511700438668019,0.72554385504311
-0.125491031409827,0.0452989343119223,-1.6120935993155,0.852443123902258,-0.297543816732209,1.13873694058439,-0.246726514918909,-0.293752621218609,-0.0600710913344306,0.997684694332842
-0.141201384625753,-0.0980509955314499,0.704800090598676,0.517385453365648,0.339333083914161,-0.438751080498809,-2.52977583240354,-0.269707783679603,-0.273739970491467,0.735341968091876
0.245254043861671,0.268920493052349,-0.362112847429376,0.300262089905935,2.27620120496146,-0.40421469299863,-0.389393535822851,0.129064055683832,0.74285642882798,-0.409195097361416
0.621730098640954,-1.9120404223416,-0.0934167098882594,-1.10148702997,-1.07624300600422,-1.09427136476347,-1.04142207352826,0.211361876081022,2.49111912259707,1.40014529546062
0.723911480390417,0.14425696397945,-0.595754300409087,1.73200588701936,-0.392708915713558,1.32393040585964,-0.656315393416713,2.16233059378761,0.345215783082473,0.786189814799788
0.175269394226991,-1.37144456134041,-1.21883970402371,-0.177224066033693,1.54665153298966,-1.01828579449354,-2.44573734352478,0.911396768917432,0.848834453576336,-0.14321878939083
-0.797652688634695,0.270422684346646,0.750086226079002,0.171117372189462,0.73356335242697,-0.393526583699155,0.461377891765812,0.870148656622177,2.46043064833768,0.527530385671579
-1.32868375172523,2.09061943409267,-0.620725244425289,0.363264842100903,2.01896573948543,-0.353333977299117,0.382701055415642,-2.82523886765303,0.323262093894115,0.551517474075613
0.686656566164751,0.468067643731412,-0.420433794085054,0.832132867278904,1.58373850270522,-0.0746568733936978,0.133876181718929,0.603358845068649,-0.287064858217733,-3.03627339954038
-1.42133531357724,-0.349930347601338,-0.694709283109259,-0.16207375037026,1.48030115809433,-1.1166525458188,0.187705897198301,-1.40941906776308,0.525211354243776,0.845378811404716
-1.57160405710531,0.127210017144505,-0.338802228217032,0.12661470922128,0.836540176563839,-0.163272876186685,-0.152217933480831,1.44062164948129,-0.435596586285781,-0.49264294392204
1.27847842660224,-0.822323667306421,-0.299493272047583,0.315342589615791,-0.12743111588879,-0.643261039124356,0.57544941762161,-0.779466193283827,-0.375799963134969,-0.109578878511541
-0.401887872208225,1.73976422068545,-1.55676477727562,-0.512946884822787,-0.619282836668968,0.85995072750198,0.26536817688063,0.489310750166284,2.06879060694979,2.84646287022844
1.66504489998893,-0.977752913071486,-0.699622853090929,0.208269337657652,1.59408637436397,1.11263421217376,-1.55659220126771,1.25828031912825,0.528246323314846,-0.541853125863086
0.379182397582245,-0.219022191351113,0.614332736117082,-0.913914934337446,0.305222909965862,1.15839272554188,-0.785053067213893,0.431078952196306,1.53728276081407,2.76780952131415
2.91306052628411,0.0081414070233815,0.758442859960919,-2.10559209273331,-0.773931155134698,0.722728906180058,-0.652557566811636,-0.734632003962884,0.782353542210028,0.0553827451889881
1.10123874574203,-1.03957145063249,0.206186976088847,0.193877298874298,-0.823377090324562,-0.0555227895893712,-0.305468623579033,-0.207641877549271,-1.98807413709152,-0.772522548646569
0.358107171286809,-1.02526670744189,-0.0258756352388349,1.19110755925817,-0.625937191665919,0.278317784788785,-1.07351524537491,3.24734214789104,0.677092415301572,-0.14524393167768
-0.165105425954544,0.53616447621578,1.58692018000829,0.413956333732284,-0.907534669588753,1.39652321760741,-0.99864623241607,-0.380877398310303,1.27685110888758,-1.40123532730077
-0.216767106450031,0.0097001983624872,0.920661117893494,1.68719104833361,0.551220463547998,-0.481780530001428,0.34825550314539,1.67068073464981,-1.02819346538313,-0.858754952215505
-0.873859009749431,0.2517766356671,-1.83665268752001,0.720975968380798,-0.436140920190226,-0.522645824343472,0.971639917459758,-0.213834229714332,1.39177382831691,-1.50181412310841
-1.44734562398472,1.78482804662614,-0.210546054422622,-0.801489536378389,-0.175472941152546,2.03256398694003,-0.68599987523098,-0.193793852879543,1.6890898574615,-0.471901953300171
-0.162477035323495,-1.38273315868881,1.11661859514315,0.107280884131634,1.55932412270048,-0.26117873583485,-2.4550093245531,0.640476796034707,0.138050122008328,-0.525870721586423
-0.863587170904649,0.349059880031758,-1.33212664645284,-1.51250043348686,1.11520406559206,0.770696390297767,-0.0261789504972642,0.838900193635782,-0.49711834609284,-2.48555702039749
-0.414759507030552,0.601435393189954,1.43656863139422,0.721050171962428,0.817623846524051,0.845991101239978,0.0908518565068942,-2.03496733256393,-0.126137603374708,-1.92339720334942
1.18447500211931,-0.990016958864847,0.0516321677068211,-0.16653629463969,0.508088932441688,-1.60765436747799,-0.275678756199822,1.31683187310981,0.601083282733876,1.81939063037507
-0.179494298004777,-0.692024349843209,-0.957476645757479,0.201268031848915,-0.733228186425717,0.680356934442989,-0.0829202156131143,0.371276897010581,-0.130765708201868,0.225155789962818
-0.0230666215713156,-1.2173990644024,-0.904662968429563,-2.50504868953531,0.108483409036229,2.43007074441381,-1.81281478272094,0.529442120489885,0.743992388243537,-2.08328502512757
-0.793133007242666,0.453226331709354,0.791337195355333,-0.313147946422999,-0.0510360072375825,-1.31118254740187,1.5165627279985,0.794414844471496,0.415663875377536,-0.604897154380708
-1.62513263750102,0.468754038349178,1.12818254756529,-0.165090934166834,-0.0119952657805753,-1.03109340403477,-0.0507363052752538,1.88573487353069,-1.41010092605622,-0.694882883504293
-0.400038116736295,0.0347489945047252,0.270215328578976,0.721252872879389,1.22047255522198,0.496457303874226,0.69852650088009,-0.65556572769376,-0.0213618605362342,-0.930106039198518
0.0649366073772666,0.934636802205835,-0.521592173899494,-0.724991165654777,1.60107149404737,0.0150225208770125,0.0150469855226678,-0.463145154903096,-0.828128987891648,0.336192377046492
-0.657593703201878,0.398854880814931,0.856021873885816,0.047323412734555,-0.594589168054193,0.187687722597975,2.12019059636895,-0.305421574458354,0.254139426882329,0.53614471908336
-1.32235711338881,0.312737880767143,0.231987849763675,0.825087098003805,-0.980071029977086,1.03233391487035,1.11415223767386,-1.83472364238203,-0.304022638453057,-2.08203506966231
-0.154328351133909,-1.14932060755959,-1.24139807219129,0.532659231430638,0.764785030666977,-1.13642375581565,-0.770464109655697,-0.499661722611224,0.931351637424014,-0.00520815189180819
0.711798044173054,0.261318754145382,-0.204703318790093,0.446627448987622,2.22563114518979,-0.786550063174234,-0.394599576596613,-0.229462935854651,-0.36445206998619,-1.42852919173009
-0.425602483038621,-0.538051869253718,0.791995519794008,-1.09526660747046,-0.998851845047345,0.78180262334515,0.0889325619883422,1.12033423911099,-0.270015733325744,-0.063381238037917
0.20672766986652,0.205505982104994,0.0103356562144871,-0.376485044928868,1.06354403895963,0.652782336108197,-0.120704645946594,0.953997057620916,0.240628935590877,0.1198535844969
1.23439433323291,-0.514638159476831,-0.114405572444794,0.120972380663156,-0.319445328472354,-1.69489592527487,0.471603099783838,0.0830815450198588,0.299468397025364,-1.25528365817322
-1.49100048253079,0.11990068818421,0.412733813062991,0.600277154549202,1.76172548054601,-0.4594982008449,1.01942418408275,-0.759674065410542,0.866255906178606,-1.44250999310856
0.985618409068113,0.612296413177113,-0.178670842136424,-0.126524018596071,-0.497530337098993,-0.416684661820091,-2.04733328474969,-1.25242992808226,-0.322123399411622,-0.195060162446382
-0.0382831761706668,-0.870718596989201,0.246501215939589,-0.850800918826439,0.807175294258973,-1.07488204644093,0.134158521336254,-0.0449522485482343,1.00912955232034,-1.00382357593669
-1.91943898052298,-0.81107335646005,0.481124900982019,-0.67179102317561,0.221030298198985,0.0268318891600188,0.521345982922106,-0.151408887352729,-0.996994305405985,0.0964903897167208
0.704535890103251,0.270827655851586,-0.444953680241535,-0.61690601944744,0.523331576280832,0.22242113612821,-0.384270745850876,1.30552099380572,0.537263638049779,0.741500301048238
-0.702202761736797,0.164102509433125,-0.406656301327953,0.165324575838997,0.246799388478626,0.354971811563816,0.329585571528196,0.169087838293067,-0.446527581256896,-1.07375104248025
1.15902109428055,-1.72210501227193,1.19563191107729,1.28816878253733,-0.945924697027105,-0.302883626040316,-1.15532880345184,-1.1649923175932,-0.158205561621848,1.0816258516448
1.11581275466553,-1.76336753886154,-1.21315125854911,-0.508515881913286,1.05018209649496,0.356861624819314,0.846475405268534,-0.016422394077573,-0.226011962675021,-0.11902909373297
-2.4252608012326,1.84338881150388,1.30594794398603,-0.509729561645755,0.233030899739308,2.02727983594438,1.61451719815875,-1.61870602757164,-1.08005290995697,0.735076490220198
2.25043340843274,-0.404095339270366,2.28604365739776,-0.14764860202644,-1.12119503579139,-1.17079953319202,0.23147917370647,-1.043205125445,2.59250926635652,0.0323205847395098
-0.669069242271516,1.77599123976819,-0.5209152901358,-1.02845370613252,1.40387133832198,0.203983231160661,-0.170887423102755,-1.49970179775164,0.83817837995276,0.483324070372796
1.08032016603588,0.421505443452554,-1.21908936882797,-0.40928769202734,-0.0944830206812976,2.32742788021237,-2.99116641429865,-0.558741825647891,1.18139994289852,0.0773469406264626
-0.096877663777498,-0.0785139281424213,0.402652318615908,-0.810878288631202,-1.06271763199383,0.00745402948872911,0.37969950823675,1.1042724465355,-1.86799756426685,0.314810816309333
1.50141733464017,-1.22056451198248,-1.25381746119079,-0.833023396381227,0.467718674303071,-1.1057097084308,-0.882924794260535,-0.587058060269836,0.004456588968438,0.696853915562289
-1.13106085494389,1.29183232429459,-0.301017217681905,-0.501458397807521,1.14881884485328,-1.74039535489244,1.61792747986249,-0.660883453302711,-0.297017019993241,-1.38237923487216
1.11347518136462,-1.68565606793093,-0.475380860296371,1.96272313874758,-0.848090698337749,-1.97529667114862,0.423132225569095,1.25076583773321,-0.972732121347625,1.33924634747343
-0.278897801604373,-0.243297889644776,-0.368055481463129,0.31087731762139,-0.261500192627846,1.06093629094889,0.0963325244672596,0.628584680299776,0.880662228834782,-0.629258687420705
-0.977295313601177,-0.674090366022125,-0.412242212459399,0.464536666984158,-0.409860168475874,1.83092790965978,0.151799046733941,-0.343040953934711,0.479558414728132,1.61607027632046
-0.0669334114300567,0.432967242791879,-0.897894752101792,-0.329785886735117,0.187188425529728,0.790896244432297,1.56132749236427,-0.919765969040781,-0.583428716560555,0.023902114096661
1.10834242407327,1.47737070605476,-0.854090618306311,1.6711241285284,-0.530389917867525,0.0539278075512984,0.58827109318292,0.616573404697828,0.256838252789037,-0.873615716563218
0.333460547615021,0.669041013411536,0.438028809675923,0.051198669131465,-0.112081553370619,1.48791222434181,-0.926227109409497,0.470393222301158,0.189126166327623,-0.416852249329876
0.398526541438596,-0.097934044543695,-0.0105783462127666,-0.0521299900274956,1.88882446106491,0.400466329276919,-1.04456224835085,-1.48189246113919,0.148122761015077,2.16412835078855
-0.929436437449051,-0.266790340273592,-0.108404627638331,-0.214318187115669,0.0526022843301105,-0.15904594976141,0.937300425301797,0.514641238181026,-0.987648732128494,0.0386603918066548
1.96567726599776,0.584594269133103,2.11911242222069,-0.638698554068379,0.55259221966593,-0.278517998813338,-1.60500914405518,0.95791529238608,-0.483895114812691,1.48148101395646
-0.396831524264693,-0.731364159100074,-1.2495248426493,-0.519985902979335,0.321503135356358,1.57341717375973,-0.670066854245096,2.93491908728516,-0.127617652777229,-1.72739112192693
0.713708817075491,-0.509604881070416,1.46489088278955,0.919186191875806,-1.4708526825828,-0.808091413552158,-1.35498650864521,-0.760983613550498,-1.0877759006338,0.23921493224979
-0.0304843117736482,-0.705166072664801,0.254168927860471,0.557423405055369,0.34648291321195,0.496407735161086,0.614792792834114,-3.1747357487043,-0.349127089266558,-0.99362835409387
1.09375157566006,0.845033779028497,-0.790305415409066,0.262821179152877,-0.638601999149732,0.889985567230943,-0.846662702614146,-0.98460549886188,-1.95345936425737,-1.84137579057577
0.543418621278149,0.141356560281166,0.823324339397028,1.2111996964416,0.00318765237945577,0.238495393785412,0.384054982325852,-1.27415963253923,0.0305568312365131,0.223006230983869
-1.42914240282547,1.48228997390195,0.537236068746819,-0.282227226250545,0.627551062101763,-0.476412306124398,0.715219481031397,-0.325420091172409,0.0355704319320809,-3.24485737929197
0.239696161641936,0.148858466610807,-1.32110402359352,-0.454660218202125,1.28222376613134,2.65493421962614,-0.671546180155421,1.03178719864266,-0.258315504371665,-2.85703342902105
0.572774872670324,0.893145300607102,1.50006890083713,-1.70389820128184,0.964873781681649,0.649938715632036,-1.01474770266934,-0.169659617288556,-0.736633570027364,0.667362029922466
0.487633262406566,-0.0736462738706108,-0.418607428794956,-1.44832791775569,-1.64928465028656,-1.86054416936683,1.18964773818331,-0.325161041405507,-0.148135488443038,0.837921650124581
-0.237612016537093,0.17173378946437,0.0224137349140856,1.07846958821668,-0.86210369442152,-0.769909445828288,-0.785505843473998,-0.0134782506906124,-1.87139532617614,-1.59261101949958
0.912610388548308,-1.0474462238905,-0.016803040894673,3.68655297865484,-1.33471798125695,-0.129267981102201,-1.33770404043587,0.615313785300458,0.0693705041548895,0.467777271602602
-1.14177010036771,0.330168643466362,-0.707269890587757,-1.21497892454694,1.49873164944134,-0.895833490185327,-0.0099297598606015,1.17261940518757,-1.75623487774825,1.62131739420746
1.7155555500144,0.468660867466188,0.758406818850686,-0.771471839189019,0.31934200807339,1.52940841905248,0.156661054526278,0.302454708326979,-0.108739930954579,1.86780269981483
-0.209894283670685,0.72244076711987,0.575921946656793,-0.232404379943574,1.01210160926931,-0.640558791044348,-0.879346226661268,1.52153816538125,-1.32466903618729,-1.60549538337157
-0.155467410434799,-0.656418458745887,-0.474331845802325,-0.788282254655261,1.0071990352014,-0.178557840371851,0.492448607135938,0.768702598206988,2.33996902423747,-0.118336115169972
0.889766674857702,1.11391358151904,-2.01390037109797,0.590327560640514,0.0180941587787071,-0.818987196920605,-0.77052298295326,-0.079284630337307,-0.592004356798132,-1.46901821631195
0.155672129009496,-0.584029921491585,0.136922329902674,1.38621937424755,0.189306516815105,0.504793170471176,-0.9756332094745,0.060074273519126,0.834286657880061,-0.0826920191818226
-0.87587448192074,0.00303582759829793,0.359718237069622,-1.88213306672055,-0.999097333036913,1.11607205314638,0.127800663441614,0.216339981488372,0.883329794047664,-1.33478393529147
-0.255504611151081,-0.934514099323791,-0.285275902545239,-0.819536331566636,1.78066251724555,0.58328365124562,1.98545276251743,-2.01287516140834,-0.330113072281382,1.90787472771764
-1.1697301088828,1.70489048498737,-0.123631567349612,1.76303390870634,0.690320767119308,-0.0124410525336241,-0.491172152912076,0.301129011831187,-0.719858917702184,0.403097180910825
1.56051175648077,-2.53471733394107,-1.22466264121405,-0.701919889654174,-0.562294457592985,1.03155963887323,-0.569019167972084,0.626454189067317,2.04381576729976,1.72197057481443
2.33234907446908,1.72381413641142,0.0579213361181775,-0.17416230103434,-0.64445038160179,1.79786783447426,0.365939460732855,-0.831030822719418,-0.477478379618102,0.940353674843539
0.436547353698828,0.502530747697894,0.454604062840332,0.607206146325157,1.67309765621503,-0.484184593046942,-0.56751881422592,-0.306413858964135,-1.17242222324829,-0.105462651227659
0.368036912203455,-0.439110702912366,0.926457055948995,-0.110985350663564,1.31941741310401,0.179435906179867,-1.89199233792832,0.103339838425802,-0.160240917155898,-1.1897955203356
-0.40164104590506,0.0286087409126511,-0.000921515504470854,0.862113991564673,-1.69561542137133,0.686477085818741,1.41402003808507,-1.30587865885135,-0.0799664465899048,1.24330966989591
-0.737983105261761,1.41010118955271,0.880515898769801,-1.27826108946814,-0.497796897323359,-0.654887888429418,0.449990880155038,-0.191893515677805,0.693284310814674,0.841636115988887
2.47178329003122,1.02342954264302,-1.40161297662351,-1.69576558812524,-2.26098117185979,0.162598238440335,-1.09054690525923,0.923992877251148,0.41805271885489,-1.61937551466627
0.218387905706128,-0.154900558775079,-0.9851053172668,0.438716223884782,-0.706986842194402,-0.831021514625983,-0.445535168006091,-0.229732900375957,0.914940588195402,-0.124442119174852
0.343718775812105,-0.0353647198886513,-1.09161396524766,0.172409160616234,0.452445180123053,2.2011265022191,-0.926405865444794,0.387290266050173,1.69595887267986,-0.134111071876277
-0.296741184758413,0.170748611282653,-0.499912251677414,-0.302578422946478,0.218472364773341,-0.0697568599949558,1.21452169208204,-0.403678000391938,0.302881410204816,0.920356009649153
0.540247707181751,-0.0265435085670766,-1.76728668064872,-1.34683096367697,0.50828876506197,-1.15656128859644,-0.409668750317149,-1.09349764188195,-1.33627334202683,-1.3701871953603
-0.515190344076997,0.732575718296699,-0.234269620646565,0.0539056383928245,-0.135599813406685,1.65337494704956,-0.192854939320071,1.16603216222607,-0.838874871026762,-1.1873492454393
0.190821587043209,0.124936053603055,0.680743122466641,1.31909237681102,-1.16130582838118,1.59594296285044,1.11333283641361,0.214733402215798,-0.535162017696364,1.94137409448707
1.52019192116145,1.45753802853214,0.95107171670422,-0.826047915141693,1.13558275100272,3.3716967064309,0.0408292633268071,-0.700747767563486,1.97573829781576,0.727280038616643
0.892653139505915,-0.895930782743425,-0.0237769594713002,-0.0148343888880518,-1.38953475961953,0.705409287321915,0.249006299096841,2.27795950595049,0.137950781157983,0.605541042136938
1.39697512285664,-0.916059664633459,-2.21227301824969,1.11457860493596,0.228905109638195,-0.234746823839443,0.165782057750117,0.55683623091547,0.716308391999433,1.64578142804684
0.513523059204594,-0.0356036283112519,-0.856236576676754,-1.17975946487728,-0.00505294926561897,1.0385209886006,1.23618872788656,-0.931064138464567,0.164640307711729,1.32623918960945
1.24821274040043,-1.36511632117538,-1.27870928961879,1.5092079783921,-1.45654418394779,-0.18098891523594,-0.151231258876058,0.195077322602643,0.431745766029703,-0.179945950194625
-0.240113131593346,-0.0382323216042705,0.505755538238756,-1.16433310026844,-0.428786827929771,0.802997484704409,0.216369284734977,-1.24436600644767,0.50755472648625,0.934176382026076
-1.8020182813083,0.969690771600482,0.696461240615754,-1.25922571057945,0.843365597742666,1.02323600871522,-1.36495505851592,0.107886553236099,1.47136518532673,0.349189443607709
-0.540874625260416,-1.60819856539873,-1.71856309842389,0.471918611454966,0.866909688493169,0.0332784014180822,-0.371540981306297,0.197469924600119,0.683216029310406,0.581348548811997
0.698486956363745,-1.02706135410682,-0.204585895492249,0.95635607546759,-0.377411086135557,1.68455859609168,-0.322413479606393,-0.0100152651676152,-0.120866732145281,-0.89215342255294
2.24091178500635,0.071769193931475,-0.107007818008057,-0.217797093408977,1.4510018849791,-1.18613386340351,-1.28358798889916,-0.793712759520723,-0.458556679922234,0.331341949192613
-2.01757950846924,0.0394358675358907,-0.623309523311777,0.379836934514388,0.203128581302036,-0.426792478945772,-1.33429769927831,0.277702365738378,0.313467047786393,-0.992460436488361
-2.55314767099032,-0.124071522615308,-0.107344289182006,-0.120389540397986,0.22304165118171,-0.503652634692423,0.639275183194507,-0.21071123741538,-0.122597351039733,-0.0781306530095252
1.54052189674714,-0.246132536823662,-0.988784098499819,-1.34642293105355,-1.85319062710658,-0.0997741281344641,-0.659127887878494,2.4766670022004,0.890885060444738,-0.917349375013859
-0.789502624548366,0.761033106912336,0.105376434666074,-0.219993274946458,-0.841771286445483,1.04399525940204,0.143318495382959,-1.17879017367574,3.05206107439511,-0.963101675412597
0.69507202897162,-1.56997620713917,0.924227299693549,2.41881984029006,-0.00659925472301897,-0.150929874656521,-1.40994848969103,-1.01505405226093,0.667738775390513,1.17245964281072
-0.51700052067008,-0.342863477927337,-0.221852824575244,-1.01548148749617,0.875170298814858,-0.617029470011624,0.688467394721569,0.320624858453266,0.0716449746214786,0.791733606776733
-0.835815264726154,-0.977297216294375,-0.427898341912839,0.738798749103935,-0.353133966323297,-0.994195935854755,1.84626913533916,-2.26361088658572,0.0334410293741782,1.72558055810618
1.23219953221632,1.02667672957904,0.259922387210538,0.267320531467883,0.818529843420604,-0.122102869179085,-1.32416743898434,0.78163918280543,-0.0849236454671444,1.27475265575202
0.874046383382063,-0.874024970668253,-0.406477018554471,-0.36378260832023,1.16873496439165,-0.885331523155858,2.40244533916127,-0.0900612703890716,-0.229728087155339,0.0488416693682696
1.78951769870043,-0.87990350431404,-1.30261977251196,-0.655880704564201,-1.01794552111838,1.10692758792136,0.992160871032816,-3.07816376924941,2.03825118052181,0.758582169513038
-0.633590390985984,-0.0842063539059887,-0.187192924352343,1.18375523884532,1.19552151833794,-0.979712259547745,0.122715061858008,-0.0995225841864768,-1.75816763892039,0.423678371796413
1.65943034970293,0.214864615396181,-0.456911270485685,-0.44875061879972,-1.38090358428354,0.0148993377201761,-0.784625444630191,0.969069381463832,-1.00307744223089,0.313226931730607
1.47925621427811,1.56148065305023,-0.606044757330423,-0.363138223749579,-1.79732585798334,-0.0496339202322193,1.09540603070184,-0.975472882931577,0.0666537249531785,-0.0309064000089977
1.60850785370206,-0.226926857765717,-0.683681450690155,-1.36774603513148,1.13859975168774,0.574168232422517,-0.676798654480784,0.578955077269098,0.998231914524097,0.394149137346754
-0.514295370555551,-0.223756391122104,0.256153210379116,0.993751986946551,2.15379837398338,0.712904401456019,0.170611311049685,-0.578975414945331,-0.999153153683173,-2.0619908360383
-0.344927121371555,1.02752337912639,-0.0835081917268564,1.77901297456027,-1.02418254155822,0.480688319768295,0.967425159222299,0.840806396926988,1.08979861607671,-0.167231967730062
0.679215764348922,-0.278388942090678,-0.879184322483211,1.38621114538147,-0.927398237703381,-0.111637254762989,-0.0148746755285597,-0.33435925388007,-2.29530973655058,-0.181703743216784
-2.0758833694335,0.116834145812038,0.752069220792394,1.64718154213522,1.01698438027057,0.743114439115166,-1.61265670341314,-0.293128415437626,0.149629680108619,-1.63413642349139
0.22431288040481,0.862304064229889,-0.00505630053765668,-1.21144444866792,-0.0120823195775354,0.836601628487746,0.606438178849489,1.03480153601835,-0.0416417038418359,0.0961973904800186
-0.571134430602634,-0.501616475305794,-0.284548617628011,0.447344032320663,-0.204835073411301,-0.651921604235033,1.45544533987754,0.0926489130282887,0.906672789275772,-2.06141659369084
-0.994682239171257,-1.65931775935201,0.562441261773888,0.19958916058866,1.48333724038794,-0.448817247426334,-1.826286722446,-1.07506788115443,-0.448587055810935,-0.70513147751473
-1.51834286810716,-1.56684405855483,0.629806395223508,-0.579370839330727,0.623628412811539,-0.0207714862731809,-0.448143626425801,-0.224395748049203,1.15712894661407,-0.228668869079071
1.25241633459378,0.201079762537713,-0.534417308323123,1.15644371693207,-1.73247630211235,2.3588530397047,-2.00431161040592,-1.58721544920585,-0.478759499790612,-0.266854775641381
0.366895848816006,0.281797453659707,0.219198429896432,-1.51479845738615,-1.47446563481366,1.12432666439783,-1.98115422907114,-1.00599619912717,1.0707086490713,0.0372788336112958
0.368356255770056,-0.556477325262559,0.976030848618198,0.951375617901646,0.242813631550968,1.04493484968208,1.17991680163552,-1.47803437815442,0.890797906072356,0.412374152628821
1.49412812901125,0.0750612644432042,-0.967099060133865,-0.109046847924036,1.1733955452158,1.21672911605306,0.704341123360035,0.0335707560770847,0.445957886107521,-0.572957652642853
2.44392360259532,-0.768698481019219,-2.08085096858136,-1.97459555669108,-0.105391577494693,1.83431397083046,0.685547387473498,0.941600792650701,0.510733164155484,0.464649424837576
-0.67062381669572,0.90136242054736,-1.29475767011854,1.35054734187819,-0.477630032899275,-0.641008286356259,-0.474419141806859,0.294750517715666,-0.098190721311002,0.867272509460404
0.290567763373456,0.0363443449032768,1.15445787567279,0.324535124517072,0.143106082889042,0.764009957603794,0.570676784132644,-1.0323276466426,-1.03191272581657,-0.449246273886842
0.673782780396822,1.04688963095756,1.87999903748003,1.19608540644188,-0.0377540810115171,-0.0230965860004172,-0.868552563493057,-0.851218790263295,-1.36840813862937,1.23639534754108
0.0665784173982615,0.229532783329176,0.702734452815107,-1.68896917652262,-1.95631797844104,0.344873206333288,0.0208712092091534,0.0124248571048342,0.455906004330091,-1.13819001402414
0.662551403863477,0.76056698913777,-0.457871245240676,-0.559946451819766,-0.661386306117905,0.0911723870761988,-0.0549603667646603,0.0747935287562068,-0.34029996347236,0.697450490605012
-0.0738538663810424,0.999662924415607,-1.39945763349562,0.870522081724991,-0.431643926368013,0.499022311839531,-0.622406669921131,0.627265497721765,-0.967842612058297,-0.264274901580364
0.0345831066517043,1.91297984101911,-1.63096549562642,0.672169797712138,2.20195704533713,0.165542985875701,-1.56483870586554,-0.980015164999248,0.92020023102444,-1.40073115506036
0.421626239256348,-0.939638311275601,-1.12390650248352,-0.0927700363664857,-0.0680306487898324,-0.413211283572309,0.94459573354409,0.91249256890778,2.06364212764331,-0.0608196648465436
0.595705151271646,1.00182390386424,-1.18891662982266,0.937161224821155,-0.601830298656602,0.125784148699652,-0.700340417504179,0.343467550275976,0.934315294977952,1.27210408912131
-1.55774874181709,1.23568515934327,0.683934470471516,0.957717623715788,-0.459977419620118,0.179359818577567,-0.34487427118141,0.181078988965655,-0.921476465041859,-0.712581997431903
-1.14008117673025,-0.129293627103578,0.519872387964259,0.895008081049126,-0.390516966719677,1.30515852773005,1.0909618111634,-0.0554877103360894,-0.860997833302214,1.35977753165015
1.34300656472874,-1.7284300271076,0.957164889053876,0.477171135432306,1.19640301153592,1.68289462626546,0.78035100522452,0.505189665404697,0.444419791993983,1.46830359149292
-0.962026112450139,1.07391007307423,1.21393768951745,-0.633494695342955,0.621102646838235,-0.964606468718436,0.196580398308271,1.02972504753226,1.57940179437865,-0.772549108883906
0.740949168301691,0.300887985397705,-1.17373299315049,0.177150919074053,-0.643658373013427,-0.643445779051013,1.22002959583634,-1.23502530586865,1.84342112881008,-0.574619750786263
2.07648197147435,-0.981484264403133,-0.681644554388195,-0.447648555727572,1.25901412727742,-0.974804067163185,-1.22202447167732,0.101605377990197,1.43376761324241,1.10463130900077
-0.47603149432821,1.75890789102222,0.275890258730721,-0.218052906896255,-1.43703831250558,-0.214723564083072,0.482769863672155,-0.0259446998692612,0.542984708146913,-1.31326254635905
-1.09708447219515,1.03985156640013,0.67818296584342,0.302200094171692,0.776589499497911,1.7922534545227,-1.46311783896234,-0.58809006288899,-0.837727391565819,-2.24955476441112
1.32674459486839,-1.40885713839234,0.552658497691948,-1.11275960590957,-0.197335215863319,-0.915925130113837,-2.30062485772366,-1.14801635523569,0.29022405793801,-0.236614361870415
-2.07402503567115,0.898027280049507,1.16017351467765,0.115853548497068,-0.390416025269218,-1.21908299713433,2.26266281918868,-0.451458518037561,0.245714130528873,0.254013575816503
-0.251406783717617,0.700881416650086,0.788401202789172,0.740563140867036,-1.23812482503261,0.105014346001333,-0.874845537925722,1.20113096922121,0.481589361204299,0.117971093957046
0.218386551392083,0.95671562051175,0.190928391991003,1.19648828969098,-1.55855900253262,-2.12784538300242,-0.749561637644519,-1.51086182826214,-1.20298602667661,1.54588940549758
1.31558819329591,1.03694209144138,-1.2838419021655,-0.161782272638841,0.977536982543886,1.04631836251405,0.32662870961672,-0.0987419200442156,0.444719628753362,-2.18800869282825
-0.391833481089817,0.0519319567398591,0.461942435285767,-2.44620646174184,-0.528724907318721,1.23933271451178,-0.325204521658214,0.256333539904187,-0.533000581577526,0.77423014509761
-0.330696084832485,-0.625969371448102,0.92000246733917,0.777036012766418,0.911951690044285,2.21210450020928,0.604538469798924,0.410496790956195,-0.716281939527261,-0.979233366610099
-0.176509663289753,0.112834511610184,-0.314996500574888,0.273586466908262,0.298521975880312,-1.2022595241965,0.651595168094845,0.277287207702062,-0.977215915015497,-1.13964269446131
0.0729443221494393,-0.222796965998249,-0.556604612960469,1.21220057437081,-1.9276186083305,0.0348489308009774,0.280575062998628,-0.150349886277957,0.949156525941554,-2.19671919910957
-0.404583630985494,0.568304083623212,2.1092087556753,0.209396059637386,0.200625255002991,-1.62409763387176,-1.4621588869766,0.788519663196488,0.569491413045491,-1.37208184059708
-1.13002480400296,0.272372773658127,-0.894309677941501,1.07668850462332,0.216614518322684,-0.670082823115963,-0.395274556626039,-0.106563894191715,-0.798385997388746,0.226812330280534
-0.0834224166954554,-0.271937950092829,-0.830345080720309,-0.454471596255485,-1.65026709822669,0.477318624102707,-1.7457771164595,1.05087784764283,-2.54716824757001,-0.420890624994182
-0.477724699264049,0.55505279412425,0.857569101167243,0.310392482150676,-0.16455323961241,-0.240861475168676,-0.777919125939611,-0.272144627527132,-0.762669264195685,0.929047778944432
0.563609494160969,-1.75611869453564,-0.746696994868927,0.67476118236697,-0.297369276878164,-1.12275100018334,0.450695334331169,0.309495394662649,0.695853031592741,0.923812907815747
-0.764412313090043,-1.11009480112248,-1.56263369288357,-0.449579584286823,0.113108311340817,-0.0821743004859429,0.721079031462168,1.93843166874521,0.153768970951973,0.475978288678498
-0.56885193265354,0.4178101425563,-0.293205505654592,0.704258439982297,-0.0416649443059847,-0.948895040268486,1.92908626750877,0.244743808450942,0.197108933233045,0.598194818568655
1.01979741030329,0.326208413011134,-0.343924067872173,-0.0205859516982919,0.417979645140563,-0.361609965890909,1.12895861814172,0.333671056467002,-0.817227318704697,-0.22502623924351
-1.42399382803927,-0.686827183734734,0.589905451589775,0.303994340151466,0.610218506765499,-0.313896434833206,-0.942658918151436,0.415486418643519,-0.989491324046096,0.989293366006775
-1.95799251094344,0.417103328531659,2.06725896592387,-0.243952529458329,0.146142205597019,-0.592591711169559,-0.364270429443467,-2.40813747202556,0.150940778964531,-0.75433842399664
1.09242217520602,-0.857264181857394,0.618748239825226,-0.381921031447126,-0.794409301784904,0.397663261185397,-1.3124261605968,0.63742332160463,-0.0375129866782379,-0.356749168395004
1.84858364037638,1.86756659929329,-0.0231365421737033,-1.57124541193869,-0.517509396656997,-0.508595921809,-0.545903006590993,3.11702830072798,-0.310581150319499,1.09166972272992
-1.13919657078938,-0.0388384461721729,-0.365422311877242,-0.615902854993859,-0.77027938790009,1.34969656906635,0.661043802862923,0.836084130363197,-0.935645923935989,-0.275999558476262
0.407061950928156,0.483650468141766,-0.601444054895325,0.466008369101866,-1.68662229446671,1.59707406864074,-1.97316604218885,0.367745333254113,0.743030677843683,1.70320632912815
0.0252779767801201,0.3306105360238,0.351184234458968,-0.532324007494526,0.37992142748258,0.579363344155963,0.683922414431208,-0.652696936759465,0.291638202560882,2.04804063423673
-0.542713727593619,-0.486128754981464,-0.835381479055983,-0.0839566539662923,-0.126689199630165,-1.42408266795283,0.797655746518371,-0.446211039417378,1.66992420837771,0.804608620798934
-0.950973902895229,1.4233825949282,0.394361050520059,-2.16508699956136,1.18436958366376,0.837423178640305,2.27295554986704,-0.185764610756388,-0.431691327361194,0.0817833570221871
-0.544841374550326,-1.92984791169651,-0.623230384985259,-0.859552040470242,0.540627803193882,2.96498857795858,-0.947212396561004,1.00693647299986,-1.22449078140976,0.146935713557553
-1.30629751236224,-0.473479411534135,1.67175923102607,0.114806904039406,0.739312558164197,0.105924093181565,-1.62919217125552,0.794970845756833,0.163514858896738,0.33568397352169
0.300316435509677,0.0208124843529542,0.947463948425353,0.562956048797253,-0.405874198042608,-1.25503471276106,0.0732913027651853,-0.292666677980444,0.611740113732624,0.476650211859047
-1.62694862636283,0.38499010128351,-1.00610491048692,0.802305678225675,-0.589436683177836,-0.719184578888101,0.396782253385065,-0.582228061998676,0.0513999655424372,1.42751592218587
1.87449741966895,-0.630150729256407,-0.948636489912327,-0.593325560267592,-0.759647636505285,-0.124140830578019,-1.45867472197417,0.276245736841553,0.736153914372062,-0.683845056152371
-0.739274468465724,0.276454045286879,0.208718964125086,-0.784134657679285,-0.327164368354064,-0.347327665834264,0.017360982092028,-0.827830340659201,0.468518777607631,-0.604264553076865
0.509367998434092,-1.18356592950324,0.514616675803823,-0.44641647466371,1.25826715938633,1.40380807124408,0.526712149372695,-1.17142263077154,0.42526313850802,-0.314578749897342
-0.602180910126607,-0.904350163757495,1.8056648899122,-0.0802045903336823,-0.292995728651611,-1.67051483213305,1.62744867345036,-0.541271643987904,-0.134906077342228,-0.468680184003082
1.19556268983232,0.40222237201768,-1.40694424830273,-1.16711654633904,0.303654627944627,-1.50616254229354,-2.21361064905861,1.44541709704327,-1.08111737863387,-1.22998989440151
2.42460985650595,0.0276746619706864,-0.558288901427373,0.297568825057475,-1.00636151134907,2.14516911410772,-1.01985915253095,0.0774014106682306,-1.70918010667509,0.469371779757568
2.15815790518101,2.16408569407801,-1.67377681494674,-1.58176818514691,-1.36176818437839,0.28412328995999,-1.13734372320465,-0.28116573503955,0.155290927054552,-0.101064925688064
0.700289670484915,0.406905363793524,1.16550568665141,-1.56261048024536,-0.0999744791473854,1.0947175892258,-0.0903960074767212,-0.0860879906752283,-0.497625891068542,1.56587169763613
0.0164015696334169,1.52782655401963,1.96973609085602,-0.746239477191301,0.439457903089295,0.14027648015552,0.0729542499098804,-1.5626701757707,1.56448633612516,-1.6277931911986
0.308960995646497,1.49039462177485,-1.03758116776786,-0.88125314810782,-0.372151793254305,-1.77051478850717,0.926686422484878,0.222287052359991,-0.96331440296648,1.11621851056785
-0.816053219701,-0.141405541803773,-1.10008508251251,-1.49661356533998,1.97330812401985,-0.0201031074471267,0.740977083990262,-0.299624241103004,0.658543627291131,0.00394561605311791
0.62022065272517,1.50373202664041,0.584123902989011,1.11132573988465,0.6227011422266,-1.11174869995673,-1.24962026736933,-0.0745178137565406,-0.485366387137742,-0.628605290277074
-2.35284912757404,2.72123528394488,-0.556272750929261,-0.943180095266159,0.296263071487446,0.567099384645299,-0.510722565685891,-0.0823523728591726,-1.96399673396957,-0.322640913346467
-0.619108932648753,-0.793024706631121,2.44068122358355,0.380346289668697,0.371523703857838,-0.226783994857178,-1.48219217449394,1.35690958499103,0.562447331220898,0.587007800722737
-1.30440993579209,-0.320543311637955,0.348388081818097,-0.299639053726647,1.814200034167,-0.679652084260723,0.163812589031479,1.24975150187794,1.68242906159942,-1.31118005933028
-1.64497448412535,1.01035822865692,1.63398162965225,-0.232240228975603,0.667045854634906,0.657101339893708,0.43543832994984,-0.937772214327473,-0.176539976995472,-1.26122397356319
0.557816686010941,1.04434702020134,-2.337035630626,0.644736111209201,-1.45050853239531,-0.541181893353518,1.05797475532145,-0.289221635254314,1.04793793541006,1.53762334449777
0.0960791130599296,-0.664011602172094,0.78360397624856,-1.23476948477042,-1.65892691140378,-0.196047078082452,0.444955679631389,0.693180096845535,0.316195389138734,-1.96219794308891
-0.88434035433425,1.03030172581052,0.427631582928926,0.983897405841656,0.069357167496605,0.481922742078088,-0.623986270474604,0.106769607340688,-0.862739777436994,1.11043474529789
-1.55576977824885,0.521088763963377,0.0070571888720273,0.905343506738952,2.11170663209248,0.231891934754101,-1.69106238376116,-0.0418638410895892,-0.677441908024347,0.19026853914913
-0.666057955079309,-1.07899320349693,-0.455463653883204,0.826220149537701,-0.162514201537991,-0.687694741706754,0.209565201689754,0.650298635826466,-0.455629835220253,0.455511728798762
0.905266290089511,-0.609244293501667,-0.791729691315552,0.199111607372416,-1.41413376332375,-1.08349440250126,-0.0928412431105222,-0.0864830680833254,0.205030002121901,0.401881521415844
-1.05918022577717,-0.371901671251232,-0.295877609323977,1.3142755632127,0.0917473561439937,0.193275467932747,1.41670626627644,0.44716084164028,-1.201652141251,0.93132459240596
-0.194132052351358,-0.865356578030899,-0.811181937287912,0.327512071034751,0.470110556995233,0.421827817056461,-0.425930776363001,0.564736234112735,0.660744274098764,0.367044002862061
0.698619681665758,-0.524898790533225,-1.01779778807923,0.639375293556669,-0.046248410038568,0.250070923421224,-0.494987229308332,1.4077175108995,0.543993537279719,-1.32374609820659
0.474124151791992,-1.57343287851331,1.10239046451051,0.0550835637923423,0.910741513769826,-1.87478553102387,0.505314310745992,0.187407479699625,-0.880771749926463,-1.00837860247476
-0.630679456084385,-0.776778989556889,-0.171532306779794,1.38548802043222,-0.780440775872097,-0.594301810736713,0.754805937231826,-1.21538879970819,0.330299017052104,-0.111528808005628
0.714622424556101,-0.232614678521714,-1.26142689690276,0.847287829229707,0.184095357417221,0.707176846707529,0.576288982512842,0.275727028817392,-1.08036082488135,1.35729731573329
1.0365381999649,-0.72555443224754,0.99139313179602,0.802715270534237,0.0928881389004331,-0.8553434870898,-0.480165206695653,-0.374218685631404,0.9538498371173,1.92923842678053
-2.06887938066153,-0.286750779744972,0.402174246090451,0.612662537432619,1.69507575656621,-1.39630486836052,2.58051572670594,0.208174756765099,0.0066587411781367,1.29184295621894
-0.630208007053321,-0.00941908474790672,-0.676902361097966,0.46679663650299,1.81923953847552,0.00703832449238315,-1.15065473702418,0.363105291039,-0.511270997083379,1.37547129078173
0.12600183418315,-2.26674508447807,0.473960295809875,2.89580668040782,-0.587467902393882,-0.266940671434976,0.0608255665107011,0.273974658957023,0.607679209298089,1.01883819811273
0.323196564193057,2.02064387403614,-0.939352627277423,0.277752545409227,-1.15614181766506,1.34208868813642,-0.596205940438834,-1.31371713521815,-0.559826786015759,-0.252080786937731
1.63207577802764,-1.51065297074853,2.08677790107475,-0.468539361890607,1.27382994658667,0.00334712103153608,0.394990472789663,-0.904342248086019,0.959740803206241,1.26917202447431
0.960255251167908,-0.550731581052237,0.4830451304812,0.307457023563816,-1.50324079445285,-1.04679956817733,0.804533194237322,-0.958599030162392,-1.36414496857546,0.408899609071408
1.06619713544482,-1.44410272733762,-0.216886404273192,1.97892909218291,0.817979259384683,0.441030544578075,-0.901746624239098,-0.461501356368597,-0.571177638385163,-0.365797113158876
1.79166088503539,-0.28156715598629,-0.996942681562586,-0.265417052999796,-0.384147664183094,-1.01989195845731,0.166511507173859,-1.09185875718342,-0.0789496409907189,1.15840133485033
-0.757226250086307,1.97252718158797,0.595707054124951,-0.34158339033593,0.378204171101098,-1.16964568061539,1.06619444580808,-1.4019716404915,-0.297161547062306,0.132081697306157
0.157463265449905,0.925570154681625,0.373504068023415,0.607932843503099,-0.796502150329998,-1.15406488888575,-0.571457305058619,1.01166191529504,-1.02325873376754,-0.796393589039894
-0.294751181207957,-0.671604270844788,0.306668581011079,0.4367882737841,-0.354729861740038,-0.275065176103799,2.04683669507612,-0.897692196557512,-0.152995100947953,1.53951905139677
1.3189489601689,-0.220922650158742,-1.07981255086942,-1.30185263768756,0.836540838689993,1.16919584190374,0.481921413990982,-1.54266287497329,-0.155110366682225,2.36291770288
-1.03108326306892,1.09798285368239,-1.3163304158898,0.056462744132904,-0.132048881166603,-0.714715764313937,0.521827119276193,1.21013539868672,-0.117698451852396,-1.93502407154378
0.50814189026755,0.305261193476925,0.572788806873291,0.123851237193751,0.513372935036728,1.37410601583636,1.80680609408327,0.239873690712404,-0.484844438141976,-0.000229310859138432
0.151795146425712,0.499904000822569,0.554887660527398,-0.574482884247588,-1.76204132281098,0.223102375324023,-0.913880226125573,1.82694678952115,-1.52548420604797,-0.535742718978218
1.0702626174821,0.837839509400417,-0.59214271104596,-0.381604530419629,-0.613386204289755,0.0521837701723001,0.882504188728003,0.934430317875076,0.292059612221612,1.20372842425643
-3.02057793764498,1.00945404110452,0.305986905839888,0.10459730172945,-0.48524764328969,0.569692074131727,2.30020864920615,-0.648752353101053,-0.518899585345065,0.529813969678563
1.05687696492644,0.642014884286541,-0.675166774752615,1.82578246337977,1.31004258780608,-0.6062239016187,-0.0741879163717332,0.790676101769988,-1.24801062685694,-0.0768750638405132
1.26365807086374,0.43040901167453,-0.476411660181854,-1.95819078544469,0.375281969047748,0.596807125193879,-0.997648671712995,-0.785661101746223,1.18691493586909,-0.726271489514328
-0.428830974243715,0.442428540952267,-0.840665699733837,0.379603047252506,-0.591325457720997,-0.576623717610215,0.676303459240996,1.0718860341302,0.0321851254607274,1.62541747248829
1.27319176663903,0.247669253510414,1.16688335732852,-0.670980237061846,0.456765151021188,0.307466090127371,-0.848113790106988,0.312114143382914,-0.827686246027952,0.823215780883544
-1.04495305850447,-1.14571355828556,-0.981648811284634,0.214523275479318,2.46081499836159,-0.689774415420445,-0.153876779375407,-2.00221222606875,-0.64557363060094,0.340085862191443
0.11445073767435,-1.11880505595834,1.44006502985569,-1.48469002908013,0.525214146552895,-0.846657243583968,1.88638070267824,-1.24787820623996,-1.17940405590803,-0.0720691906080578
-0.347848740004776,0.0515567494230062,0.514230857760027,-1.38298983003404,-0.391245276676105,0.321650158424402,-0.692338936308074,0.763775875041072,-0.291476858680006,1.56918788503005
0.311459338440998,-0.166673827298466,-0.0753852751272439,-0.251616823028237,0.717042701578985,-0.21758948317327,-1.25318701901181,-0.944979472851461,-2.54582426427677,0.668001812642664
-0.183579055515282,0.8278473323188,0.0197739142018991,1.01332840557818,0.302401581294476,-1.27617166063876,-0.44713954999318,-0.515741619156776,-1.60190141168717,1.26350676056095
-0.541253636250985,0.955438070290539,0.58256146765645,-0.00511425195253978,0.814704966513763,-0.0705354792016959,1.53341109945587,1.82314151687183,-0.231603748565943,-0.871730258696143
0.55042406356723,0.755780312804196,0.910421396621939,0.0924615166137547,-1.23661531886077,0.648026711784793,-0.595058376356449,1.5600916061923,0.405696418657479,-0.34172762772897
0.0847612089435893,-0.909205807569826,0.873541697100933,-0.782636543877752,-0.392925340976924,1.49642117599956,0.420278623151057,-0.530031069262698,1.45858879852452,1.44066469080273
0.91942745295029,3.07486726923374,0.00102816929128722,-1.42914325474797,-1.58013951477425,-0.138112480375729,0.065580116342102,0.871403309835608,1.09019200725401,-1.41642542980476
1.40160821105859,0.00405619272582036,-1.13523362702437,1.69542670883588,-1.25918944759009,-2.01788822278618,1.04626525383689,0.275055709034673,1.14296384514284,-1.00120452412444
0.659140845012178,2.08575252648702,-0.611402271591889,-0.594999978596882,1.0193897232911,0.633605652149098,0.207199389026705,-0.15689601960569,0.607072757925114,0.561926172766799
0.678524123026943,-0.487087775856678,0.913332736807443,-1.94638864022953,0.0252103081575969,1.24449431986785,-0.602982887591737,-0.12151091884803,0.777620029873612,1.50472087527957
0.686255428184296,-1.00575654114402,0.0219658098832939,-0.156197366862778,-0.70083954640877,0.660374111007231,-1.77198218993549,1.29693204618704,0.67447832017334,-0.473049392819233
-1.13730080765605,2.06165820656708,-0.249516493877112,1.57086579456723,-0.129418326380866,-0.480678182742478,1.21308856164058,-1.61590725805431,-0.421182613572243,-0.109061804098656
0.0364284878947659,0.328621353357403,0.91166698901458,-0.146894331367292,0.916144122382659,0.24846584062733,0.268230877616082,0.393633024625576,0.600673948413945,-1.58072364689695
-0.022792872908877,0.401951716734211,0.226308496942778,-0.874892541220194,0.042601888418725,-0.433306884060015,-1.03082176216334,-0.829461221303152,0.287899023498078,-1.8287308565608
1.90526625153983,-1.74173299380499,-0.520086892293808,1.03293103669037,0.430668384406438,0.315211427900041,0.0153143275713889,1.19050369180317,-0.453501609129099,1.28440558883453
0.396430283110842,-0.543912379061117,-0.9091879619504,-0.786523612855243,0.0522828626571558,0.65749287923438,-0.16824026506908,-1.37696112532325,1.25150237637003,0.162192953435972
-0.182188558507918,0.240727068441288,1.32370393954134,-1.04780192950495,0.539233153403058,2.76348720351895,0.303538420541711,0.303464309592245,0.590374840913547,-0.822376064768361
-0.351196064220465,2.00261579743366,-0.502711554206429,0.101538497946124,-0.473931034657222,0.696441242956966,1.54329757127966,-0.304387417390305,0.421331083320132,-1.09467022031506
1.13893188976865,0.968009614637718,1.13144595347426,-1.7426872564643,-0.502632497777365,0.38032354864062,-1.62170100856944,0.342655262997989,0.192264272840389,0.517886863393561
-0.986979127801524,0.0176552999601728,0.582065134953431,-0.288205736318502,0.764099917440291,0.46856882671557,0.890940830997635,-3.03926979105143,-1.072851059648,-0.503661458004416
-0.506791386984396,-0.769503378998609,-0.399811476227519,0.0476392564223521,-0.918764348626616,-0.482797570880687,0.125540769978694,-0.575896602962403,0.0643722984890539,0.111239186790824
1.59697259536526,0.148574996284494,-0.66963066981903,-0.0778344045979326,-0.532271165626021,0.0256962404156017,0.58876401769362,1.22623729220127,0.602264821285634,0.856043420657002
-1.3098413706725,0.344864011250096,-0.0702430369109087,-0.729441485805929,-0.489525993091008,1.04953427314258,0.635687604582159,-0.142576306944803,1.2666626863199,-0.545965955453109
-0.461605243901449,0.436077232763328,-1.03721583856798,-0.03045324003414,-1.07620323452317,-1.18508218606761,1.77108948758336,-0.644216779101643,0.322531527936803,-0.688589213724547
-0.659551012383267,0.372937513111966,1.40493947822852,0.420407777975726,0.523355659558423,-0.663738585609835,0.663614945452425,0.319846048082427,-0.0324267803871562,-0.110035398871928
-2.25370234394893,1.67514706293601,-0.001265812622102,0.237739329024069,1.07689566729094,-0.874347486373841,-0.243402290156078,-0.750711969035993,-1.32152716788729,1.04740386658573
-0.736558700787767,-0.432741035003945,-0.0395466121024899,-0.363391373534824,0.0827535169177014,-0.180320075339061,0.855281932066577,0.0147162457713026,0.992738699026161,0.652418178966576
-0.484066818535672,-1.11576852324613,-0.0821902746926392,1.30878587010991,2.40892782898986,-0.812726197536948,-0.190280379803612,0.237573276220412,0.547370466283173,0.778604404496307
0.732659293599874,-0.609773172818881,-1.35292824075694,0.243714504704816,0.258618972845738,-0.0401629095322527,-1.82677779630964,2.25278422546213,0.189786728128471,-0.349331381393279
-0.902290753816325,-1.77972247311642,-0.325024532365339,0.273361948508955,0.516745857756781,1.31940895963847,0.705375033951574,0.25569259910055,0.707859846975331,-0.922590296705499
0.0654440393923404,0.582382208907199,0.16070760345033,-0.325299471153616,-0.276763798238313,2.06056837113903,-1.09859783234689,0.861826243326977,0.41534878659075,0.536392866050754
-1.21623286100766,1.86312482398772,-0.274524040632615,0.341000523755045,1.33360941901476,-0.279839979068823,-0.415248836259475,0.558555144176474,-0.521122409666194,1.84159523112125
0.764409788591489,-0.477821686220032,-0.176988670625557,-0.605796585430586,0.392760053363221,1.08124745244099,0.0369754168639402,1.22211986552846,-0.299690970951696,0.356784356139255
1.97117207008015,-1.04974868258305,0.525459099226522,0.889430309785995,-0.371905690738836,-0.714627914268136,0.639083875163125,-0.442865496143462,-0.647055952164741,1.51809915994922
-2.53963396788165,0.61457992224517,1.34759082313977,-1.30098240253016,0.70322955783983,0.138261098931788,1.33758709955442,-0.686839708936189,0.969709459890826,1.1018181715379
-1.05505626702728,-0.692581020714423,-0.476878688824288,-0.528409962932325,-0.882870589373216,-0.192502174958744,-1.78040606590722,-0.449795642262563,0.832125989720259,1.23013086316391
1.04230454268157,-1.18752390943362,0.0464624305188186,-0.748903948104624,0.452809701273503,-0.0349089784213893,1.20818998210283,-1.96431817112187,0.939848021068024,-0.181585712485294
1.43054766471766,-0.737401856948518,-1.09087893126289,1.81229355316338,-2.41243516763252,1.48539233195282,-0.194663470002748,-0.908007663536631,-0.716354738765803,0.220828364991835
-0.460963919959427,-0.376783260923466,0.062543288467152,0.264540612925332,0.320026379107653,-0.0693334474845947,-0.938597131288327,-0.372303859744549,-0.314633425245048,-0.818869588857928
0.0981653110402077,1.21984117115006,-2.23141044698083,-1.3985743398546,-0.549518711730549,0.688903879677344,0.0273414885764958,1.4834395015133,-0.212620646248818,-2.97481995512478
0.485138838573587,0.486699135165904,-0.688823496702182,-0.247015157402823,0.445546050443691,0.710794348568634,1.03826378943128,-0.440911092993637,-0.52053478463156,-0.919858052302387
-0.28644857832327,-0.206222262535349,-0.311034722761576,0.0109016766215076,-1.44255562772644,1.56065964785525,0.99733260360563,-0.268549641791649,-1.14954053176214,0.948994592307306
-0.0460093013658487,0.0786522073004851,0.36260767184435,-0.758667460169961,-0.550594005048074,0.81577632370854,0.435776257016472,0.223803446031565,-2.13732103089,-0.216050487661405
-0.410073374152217,0.289253537029459,-0.41837708802173,0.529907661839968,0.278529257185371,2.00560508317511,0.22335073785266,0.767934108573981,-0.985813250731085,-0.855209736370951
-0.316727179655864,0.408918285850451,-0.175558344541657,1.31158879339931,0.94026690511701,1.33022985861742,-1.46107024212771,0.81413741611345,0.217733524053608,-1.13629809788503
0.421969617911985,-0.302300221255043,-0.0871205365372253,-0.272308214717162,0.795954221597691,-0.611276702245216,-0.328883414456649,-0.521386894284374,0.930552560246591,0.939007782554907
-0.648152479346728,-1.20059472700068,0.666831841108893,-0.603783457198563,0.192047702690153,1.43954845127255,-0.425423117574396,-0.816187727244107,-2.06691071494192,1.07726461527086
1.73215815217852,0.665107316336968,0.571970383255106,1.93833081210999,0.569521358630255,-0.686527999715392,0.27694967115322,-0.81806904006055,-0.00280150874056641,1.70071708473464
-0.583147684476538,0.169768462934159,1.00590249916452,-0.535665069017982,1.9868341486122,-1.89832742340344,-0.375535802527293,0.662312741662275,-0.102230869535854,0.213757531821361
-0.87491528430492,-0.751002730598538,1.92064097880226,-1.06493646141458,-2.27318092736453,1.56933831772049,1.10978514352866,0.311356545381839,-1.60328234823462,-1.01540219100206
-1.4270256255114,-0.108078461401298,-0.883748985344863,-0.415614848354155,1.06307072506645,0.350747407588629,0.760156662313972,-0.895987333271283,-0.934990926979221,0.193570888458694
0.820959117997383,0.00723636893976382,-1.58289547565523,-2.67043075323966,-1.40779727369268,-0.0676201423232291,-0.100473479631383,-0.0832040916067,2.27187993323106,0.213387432140654
-1.15685269812174,0.369385855220494,1.83338367753646,-1.44037466258585,-1.04181331062869,-0.00505873047512104,0.3457448318499,1.15096293243778,1.08786906791142,1.60749671867269
-1.75110998784921,-0.484448322092339,-1.11417358579723,-0.187023953398485,-0.699393275142877,0.520798643494855,0.131589856624942,-0.10114525362593,0.979698023908051,1.14248688089733
-1.49630118901977,-0.947214593286175,-0.122360049091285,1.31617498707236,-1.15413417545696,-0.325775659271215,0.244898697420473,0.96793654616823,-0.512739597006439,-0.299332985740291
-0.711095540690392,-0.250636264013999,0.668591016391834,0.749060227004983,0.0781544237847172,1.11033021260805,0.112969741233452,0.18190173129382,0.902498023174357,1.16645031353308
0.830997761765609,-0.61360793069501,1.42566260022462,-0.257020663384081,-0.896154240656866,1.36670811079778,-1.22795550815276,-0.197752302834784,0.0249049977353283,-0.804382574454909
-0.118442574190276,-1.28180685759979,-1.25874050193445,-0.0530688806568386,0.78565159046339,-0.353594975773199,0.319108047875952,-0.327291647832669,-1.00607017574064,-0.277569818417547
0.998491909526503,0.186670995790347,0.643953194276115,-3.09535926351457,-1.443721979045,0.522768918603602,-1.09980936342434,0.126440253559868,1.49386340770936,0.301022748189909
-1.79844204225769,-0.326218814333971,-1.34796118930769,-2.2003326032368,0.397533965992519,-0.271487958252682,-0.561023301355109,1.24858666757481,-2.5840657919829,-0.274686978534123
-0.616224151059447,0.834656782855803,0.0929642311543835,0.938338408025457,-1.14176224366491,1.17814895891825,-0.183850078155721,-0.456425620905172,0.434266163730622,-0.104052943690431
-0.826885801751498,1.85141967670975,0.186325395479613,-1.13321284530052,-1.05360886104836,-0.169540115387692,-0.121077944846032,-0.473954946807407,0.612012513195317,0.155755462382653
0.138785541312082,-0.100557576976757,-2.08019721869135,2.22617653176367,-0.243093123179216,-0.396088301854313,-0.599782998294569,-1.21344792654442,1.82339469559359,0.735829925505018
0.466886500619687,-0.174155927717352,-0.842216239500032,1.67812743723018,-0.142278449161572,-0.490093726360312,-0.140425454325861,-0.556261489763031,1.21754021983806,-0.137187261071926
0.510754837089535,-1.06457495876978,-0.920210220270751,-1.09826770584317,0.796459072098124,1.36560554511452,1.47490330718093,-1.2659725478993,-0.131424439917379,-0.196018473394852
-0.131809019636767,1.52560197188207,0.72976186485931,0.0904834002007378,1.47562317483277,-0.293830004280065,-0.613083480510886,-0.854421942164475,0.530571860658294,1.42618526675931
0.0127812991640973,-0.146224388311033,-0.406582274896662,0.173353218394064,0.214311451369139,-1.29484581287003,-0.0553982664735945,-0.857629084852946,-0.258441941642319,0.87011937197689
-1.2377027420468,-0.986005313784152,-0.0407282381119136,1.5630338773346,0.431806839221608,-0.981336302008434,-1.04674541602401,-1.05336751387949,1.79330793191936,-0.50737751507626
0.215881715732769,0.618859984221601,0.0674450553297004,0.229021083875565,-1.28946791002086,0.0239065379078359,1.00225587112707,1.52148554246741,-0.359691284658309,0.761289866176489
0.375810057004754,0.0220272903757147,-0.953655726926283,1.47407706218676,-1.95091068482564,-0.388355511646292,-1.1552002392704,0.0874720368716349,0.119158246643386,1.14537670367277
0.330547685984855,0.155804943090542,-1.44138265634873,-0.202859536608114,-2.12294318431437,-0.291856529233248,-1.03529679211157,0.899121376707836,2.03741035550653,0.1564536717177
1.91825527841661,0.276999865391003,-0.143183705269887,0.104465144544428,0.513554442827334,-1.19022788675837,0.257458575862711,-1.34613224717355,1.88524722743616,0.644925062626586
-0.694867011334294,-0.0836041221581826,1.21537124602871,-0.0633650392991241,-1.39931555867541,1.74434673080059,0.553590630801796,-1.3215597117218,-0.118243420416018,-1.64747548056766
2.80679089403129,-1.79054665854928,0.102376354877123,-0.0237736297276247,1.09186844843959,-0.867189430441059,-0.567254771212051,-0.998537596834603,-0.975028826819559,0.54354466311288
-0.163359654065409,-0.884686643207937,0.942974862938385,-0.986322855037984,0.000599590110409497,1.87140888609339,1.37629162591694,-0.574063240072361,0.954317133262706,1.54284773603045
-1.76935529837595,0.560363591830015,-0.650404461782397,-0.850077393851523,0.80276266442055,1.35087615366348,-0.679535434171215,-0.178144631930554,-0.557982048962886,-1.62161621464919
-0.00354733995955546,-0.89336183661687,0.906781372936552,0.196641633252523,0.0607381665827242,0.908222217357163,-0.0551199162468508,-1.09121865643118,0.759609437791688,-1.1563555833507
0.353209682251382,-1.2406892038075,0.359307606205477,-0.971941154066267,-0.608186936855063,0.121816999453515,-0.98654194382838,-0.180673895823805,0.514557367460742,-0.115839847016237
0.4595160718248,0.762599533631905,-0.609264574471469,1.82787131637342,2.11444633020612,0.889727424481801,-0.24238715873659,2.33027202041181,-0.375334398402569,1.27279719733331
1.40106655157138,-0.351584423001939,-0.585615132307011,1.43538926390544,0.262915420298967,-0.0724475703545326,-1.2304019745264,0.614913755325909,-1.08306833494401,1.12878378041054
-0.594110621380987,1.23002497447438,1.01518672158005,0.28858260312829,-1.93654837801036,0.00483391027232021,-1.40549317094464,1.17769327032417,-0.328735088138567,-0.130779317396317
-2.8872274886537,-0.516344804243448,0.389874409850956,-1.08741830663231,2.2581718077396,-0.712588192501248,1.81063013013576,-0.224487336780785,-0.853204018994312,0.564987151021056
-1.80954157449556,0.0238741801401629,1.9129059891577,1.69196965361854,-0.341948523861526,-1.29486995180115,2.12635601108632,-0.044220464932048,-1.19444313926518,0.87074875496938
0.85321333581769,-1.33220788615901,-0.612016006845615,1.35320855354687,0.642729428072838,0.664056112810948,-1.446546651168,0.241244498723587,-0.940018388574022,0.680634256457919
-1.31706105350885,0.385376622268326,0.623601597706228,-0.554924815954521,1.5751272920973,1.04758022299993,0.99733781075171,-1.29652790379948,1.02948161346328,-0.885336449212025
1.29459898614756,0.888229718674636,1.57189107353768,-0.2365603942229,-0.207932866049141,-0.244460101697951,0.785967469870799,0.447347870300803,1.23400648506175,-0.738316309629758
-0.148255323481566,-0.269885450502533,0.345770535568523,0.727938872216435,-1.00396981558052,-0.810731234561113,0.3367095117971,0.261429579135288,-0.333190027006812,-0.149993142050928
-0.723808172272375,0.908086756347182,0.436875820161026,0.558901256269601,-0.120556670435298,0.180891301386129,0.807693298570403,-1.89723419611137,-1.81526363643035,-0.67815862161
0.079721885004185,-0.766885655473068,-0.805956730497608,0.326869838382106,0.382528076261615,-1.13596273860674,0.68842426906401,-0.285457869377913,0.613888205987321,0.651708860960531
0.050276425839285,0.27355992705852,0.0205466281402926,-0.510979689596429,-1.06221946197539,-1.14539046539952,-0.496680864779957,1.24109089868405,-1.69131300724778,-1.27687797088917
-1.39332565832664,0.244900865412563,1.0441695381466,1.38435215641738,0.0261401035103991,0.281951548930689,0.685519740793668,-1.49164716630902,0.456845531961118,1.31613129857212
0.682584557299007,-0.200118403265424,-0.592718974828445,-0.498099194324385,-1.17386288135101,-0.283929913984297,0.810197676656728,-0.258432877026012,-0.53951436053927,0.756633791187504
0.375789054891774,1.20475532652138,-0.579843856975745,-0.779403030172514,0.390588857190576,-0.304225954572816,0.341376270907324,1.57044254461639,1.32654416853173,-1.20982325451955
-0.649332593553411,-0.27995961828433,-0.0196310943682281,-1.05304265288131,-0.244559175689031,-0.12617124758146,-2.10064013296978,0.726766045209535,-0.150211928792816,0.103208250091445
-0.591478809011349,-0.183894756095256,0.503353083847706,-0.917060860596503,-0.677726651865418,1.10030298298487,-0.465309724710351,0.425382055355607,0.832840828657009,0.202044319283365
-0.770327711744707,0.162565216685469,-0.889885919153364,0.921940315321741,-1.08530243777069,0.588112551198937,-0.495044220330009,0.448323278449098,0.045545948824262,0.0201203793578044
-0.101942364965571,1.68857636009942,1.11329427768605,0.921989495466592,-0.817823364824687,0.330720652782504,-0.73421771806395,0.254781348584671,0.53770216689777,0.225956068107979
0.906310853462451,-0.170400008749964,0.620430136701086,0.144607896910347,0.441815824326348,-2.35667554323599,-1.60031333118248,0.942950826195309,0.690859029013498,-0.139838317487217
-0.0399575316690316,0.453399860682319,0.0333138719034975,-1.66430072222044,-0.8214719857158,-0.113283232754273,0.425178885760566,-0.586675516123619,-0.146137066416398,-0.953001340230444
0.424346543854136,-1.28943423283499,0.386024743076044,-0.501914257370165,-1.72104778695959,-2.007181254964,-0.297208294726362,1.76950195271859,1.20696404145133,-1.22635104955174
-1.22690319866053,-0.182846695017356,0.116879482795195,-1.835569391209,-0.719068655909443,1.40903077289209,1.47170648660888,1.75774697857187,1.23139377768989,0.504599790212483
1.67568327941556,0.546587618570578,-1.0796855782719,0.799080714664807,-1.58134956348579,0.883334942979835,-1.08493609510833,0.788812618172015,0.697783989645172,0.253019849682852
0.313631939179832,0.780327819679014,0.0587990205316404,-1.45877441173649,-0.490067766298506,-0.460605390027717,3.24945587819236,0.832804853940703,0.80587779592729,-1.03027691647166
0.816164987005982,0.86255852807872,-0.373201229287694,-0.799520890867775,-0.189844681813684,-0.536209502071548,1.12862012091862,-0.878196617441969,0.923452901761958,-0.0987666712145545
0.395240044853967,0.232984103811875,-0.162380868403284,0.809385843290573,1.70429389543784,-0.215482560845039,0.333999362192991,-0.330434739327001,0.454582933122244,0.0940086063350489
-0.130470034042595,-0.623413171123788,-0.466938343035528,0.777758622066658,-0.548535885436706,0.502017860591007,-0.959794920631767,0.299788098247556,-0.95366039307259,0.0438142585813608
1.00761625532885,0.961300107077061,-0.993879355118867,0.736732455658184,-0.301344976706303,-0.54028391511311,-0.392280475156865,1.61422463041397,0.294493316730915,-0.56880740922075
0.697324064620805,0.324322717314709,-1.2040985024572,0.434798079040795,-0.587354480063614,0.859200686263268,-3.37144524722976,0.594732756802421,0.402540337603946,-0.54646267894414
-1.07852274182196,0.139085147407538,0.00572034610487371,0.37321284898994,0.95772613625529,-0.360674938870747,0.70313794409523,0.498443294891736,0.264479807074681,1.26699798352843
-2.21484559322624,0.66913487450584,1.97729756135336,-0.507556444236864,0.330915019665298,-1.34333675091778,0.70747390854906,-0.464908301233472,-0.222999251982659,-0.0633101233004347
-0.0463525575807662,1.53877950129409,1.69428720939201,1.28020822074883,-0.0213502760815576,-0.410348657823904,1.15936054684545,-0.576518628146578,1.01125374570001,-0.525106593336909
0.551801970120163,-0.31219571218606,-1.13675724580868,-0.841327945236034,-0.146526638048432,0.682067881382342,0.102259613329089,0.679031812983572,0.02666608322189,0.650580617592923
0.0724474080118012,-0.0285228312071357,-0.360528509681416,1.05380889807861,-0.487669921021982,-0.565976884506354,0.0246419720426557,-1.14387606276919,-0.256489669159577,0.535202480481601
1.62320523749773,-0.203362773761419,1.07101582346313,0.00985593607895244,1.06557826679062,-1.79810243728453,-0.690377765631734,0.682348142120413,-0.670953799221179,0.477567534814945
0.246048079936737,0.179891327688781,1.10557188481234,1.20242963485847,0.449341780863774,1.11561445262867,-0.511770895970108,1.24804593903992,0.487753247185061,-0.105412968958876
1.07212987118571,-0.988745142922588,-1.63102419314577,0.961055425283008,-1.08206524523392,0.325454378789602,-0.458178360213258,-0.215834813608679,1.28980095661174,-0.227318525885676
1.11378840824083,0.79519894057929,-1.26597659253207,-0.496231642631041,-0.120494833595516,-1.36148228250507,-1.01357939883893,0.324100728272256,1.68221843500275,-0.00181182236393975
0.853463430475237,-1.16925907226683,0.285861881260332,0.658980076713095,-0.763540928386195,-0.937626402626017,-0.265445334082105,0.798828658760706,-1.09612970028652,0.34363635723089
1.02372956868207,-3.15656016739257,-0.831986575596872,1.12578143230256,1.1890428180286,-1.53858165275888,-1.60655299457076,1.32344208920821,1.21292381513872,-0.114635485075389
-1.45294078026534,-0.519463278571716,0.316453901438108,1.15481676384785,2.34652490295113,-0.0133348059243253,-0.3771960072718,0.182881121717447,-1.74706575036884,1.14047571511888
-1.27203770108864,-0.0716867354975443,-0.291540643893259,-1.24396170616007,0.487730015401278,-0.396759293579668,-0.323718826207449,0.687961431041862,-1.23502255704787,-0.620190494241489
-1.23202602966171,0.8784556018024,0.851832275465268,0.0592739708253149,0.444869520126073,-1.12202369513582,-2.44305069248974,0.478565422634782,-0.201386879097751,-1.21745128076945
-0.139506860619079,0.543246925552345,0.29203123369138,0.137390644064996,0.735326303118503,-1.42006748806053,-0.547049062459707,0.664928244911656,-0.460326319478892,0.383545141508778
-0.718403077575451,0.660950084670679,-0.353076729755628,1.103511419065,1.36704971397075,-0.0451690961000106,0.366572314244427,-0.198478414197432,-0.725846449984879,0.00394484743978861
-0.565541001124705,-1.21340765228878,0.978433675848973,0.850280858527492,1.87549775503285,1.43362656164704,-0.0987947023809942,-0.748313882525035,-0.015329338229265,1.42216139180213
0.701776552300834,-0.515831165064346,-0.415548687074993,0.644695714704198,-0.327281778567308,0.282699676651453,-0.388041184029821,-0.847712412714332,0.231206888282594,-0.765980627795398
-0.22423631550254,-1.91828092944801,0.0338882924413866,-0.0504390745562437,0.713042296546342,-1.84837062420803,0.342099335291826,-0.499831658210074,-0.17913951379936,1.54240408769673
1.57414911779944,0.26365657721191,0.852921881034075,-0.0386931822281097,0.62972340678052,-0.212227475320477,0.273335014230652,-0.446433901553651,-1.07762492487989,-0.534382266463054
0.457646458497242,0.511830547059359,-0.253202336591262,0.5683093702135,0.86707170759495,-1.8553075184026,0.214521779448009,0.131687148363413,-0.672169357525077,-0.439678800858521
-0.392675790543808,-0.814010294855737,0.0239407048024032,-1.43026754691677,0.235446270722799,-0.729324518397344,-0.445329679270573,0.213287520240921,-2.48366018933585,0.015370978481089
-0.100930050369283,-1.75288891776239,-0.000699650531098301,-0.705871665437726,0.066050353017638,-0.995343817511336,1.13729384835567,0.411851235506668,0.569523331118936,1.85108059056995
0.175142006585873,1.15675408624599,-0.3780231184449,-0.649279596115772,0.18533358819915,1.85552367045022,-0.564118402331082,-2.15256416455199,0.513002126105953,-0.660060238592677
0.507310640819882,-0.686052499482443,-1.59854676551372,1.11915454063059,0.283550077774989,0.0352428697819769,-1.40359444903979,-0.0914812740081906,-0.477959519900306,0.298243641335046
0.511343870293645,0.783236380147296,0.214221267694425,-0.0787960042579745,-0.99132297864352,-1.79731947548582,-0.295283847104828,-1.61722653017975,0.830043959552896,-0.727019987960041
-0.120118408613718,1.17743000105876,-0.416316434836718,0.842359564990164,-1.0255442281155,1.04206403347535,0.232188667100353,-1.04455505825978,-0.0812130491630914,-0.395661334920671
0.931475242044355,-0.953964331649482,0.304538841717408,0.515232763114096,0.69831444936475,-0.132494898635609,-1.57588390111084,0.875323860470957,-0.959502467083901,-1.13008886228712
-1.70729891727095,-0.500826559688655,1.09723603210331,0.921584512034246,0.810195864597716,-1.26147410921982,1.22857862189194,-1.44105057752246,0.312736451390665,0.877743759853083
-1.55779156238967,0.05466432233212,1.54443157208975,0.164923873430395,-0.359868498319538,-0.18500347320699,2.50412063473958,-1.29365143313072,1.13312661021758,0.551493306592758
-0.556027565140215,1.43386849846688,-1.44691471878132,-0.451473155678539,0.104541834073575,-2.15367901076465,0.885961258626336,-1.04202355802485,0.392820229735208,0.330950259024725
0.0852872202011062,-0.684043683848748,-1.09577913088206,0.842099712947878,0.629921982076992,-1.23107614783965,1.19855809625241,0.198988144796195,-1.03290906769261,2.18619949715832
-0.267885740207505,-0.0455933285629715,-0.47859535934688,-1.7963595894586,-1.0450491373272,1.78969624032333,1.86410542672759,0.0806007871704558,-0.847666102383387,1.45266721113909
0.66021133278888,-0.699109021188161,-0.319055826528012,1.16089339769622,-0.884943360155133,-2.28883104603596,-1.10483031064143,-0.615504737730312,1.30650578086367,-1.23759407797065
-0.131533943671632,0.0565157974366148,0.226763957182263,-0.522444775449026,-0.0834742298505806,0.807276092372382,1.58315474635417,-1.6400641042269,0.623984723509063,1.3852522495604
0.734769394535849,-0.505353590056632,-1.96818673383266,1.17827776718112,-0.731948235265736,1.72947293792679,-0.620159242639329,-0.962357233078367,0.0796405519787128,-1.15440829198791
0.871202926953452,1.00012873319174,0.376102198300253,-0.134793349787986,0.386113204200487,0.32415069407504,-1.47169484109205,-0.830893304699489,-1.18322568390195,-0.595334556888561
1.4660585563847,0.375165725562603,0.0103849224194458,1.35889303709121,2.20788524275661,0.793136575349837,-0.6621431390532,-0.656353203900536,-0.996724310119869,0.915703466677562
3.02037360363162,-0.605243247635948,-1.23127036955169,1.26027038794435,0.172954729994906,-0.355596649548241,-2.22790372836819,-0.467319258507113,-1.00371157413103,-0.376662833301385
-0.71411884028046,0.0131695885299234,0.294280206544559,0.189530120240124,-0.229102016931773,-0.621500151432127,-1.32161469904961,1.00263769437375,1.10736669636921,0.188748164823483
-0.095903602358892,0.159030023531698,-0.0545606809309279,-2.70840195446382,-0.962207110623203,0.407681443953449,0.376513425794293,-0.289221965804785,2.03015857737486,1.22192528229245
1.63324294726632,-0.948769817993751,0.532822870783726,-0.141271628533711,1.03342036230626,1.62322540669996,0.694246015296082,-1.72832769171665,-0.677009067173443,1.79681841874084
-0.747930736773142,-0.147936548879277,0.300528245328156,0.997270416303441,0.401138827874639,0.938738032190199,-0.299974056221565,0.853118624336595,0.596876615913857,-0.950252257916077
-0.305904054328233,-0.44290534258571,-1.79572527148302,1.3098353600882,-0.295406538885383,0.952372755927566,1.2479895299187,-0.736098087871009,-1.83125257823864,0.124327798600191
1.78792343772531,-1.01629665282589,-0.997479017898254,2.34903834886964,0.0699088391360341,-0.888035732754679,0.200705005463634,0.927755895071529,0.565843202634087,0.728127681730004
0.710999391145714,-0.828755001104758,-1.430186643249,1.81265557381454,-0.213682131794683,-1.80045308310454,0.898028713482682,0.10962158659165,1.40719298452837,0.571031967557785
1.4830648700809,0.0579957851131935,-0.661154283810257,0.528466025054552,0.725839008893607,0.0762390212088237,-1.12527318271627,2.03944256204257,1.19589540684827,-0.796847710084919
1.88923689026277,0.313161134810467,2.61145537777475,-1.02247313922546,1.49802772379245,-0.57359042016273,-2.36919834874292,0.796772992707243,0.0141203506563129,1.47230413124333
3.65622302394615,-0.348756139173415,-0.205477123101369,-1.67338173781717,-0.748650274176,0.692975590895535,-1.29883317223937,-0.601764610064418,1.32335359277731,-1.88504445536177
-0.0769757005310164,-0.0625311665186,-1.1747356237564,-0.882273661730591,-0.569488541091435,-0.949568448770678,-1.3062685375806,1.14125965449932,0.589731534083297,0.572648890162264
-0.951004126580147,0.408468822187182,-0.0337961583551828,0.507305910280675,1.63075157666576,-0.519564257907332,0.675643850551585,-0.625613773074628,1.08797502663515,0.0926637702283162
-0.634583584744301,-0.505162354989465,0.251731085638271,-0.320218327477442,0.778387213050792,1.19813584356536,-0.980231443058481,1.04637527082081,-0.0561204270852919,1.77834652448174
-1.24844079335845,1.07153269515033,-1.06040947161751,-0.0110804641077919,-1.16478539858532,0.595603916526949,0.980093561645741,-0.670148528616304,1.38284875347553,-0.70156661180827
-2.83517834986607,2.77446499709892,0.366717175916122,-0.255101391115145,0.702787381016115,0.383405882146064,1.51438142106375,0.403713930384466,2.44520565731213,-0.882247301251939
0.410353386856224,1.39476878365312,-0.0715061206530737,-0.473314852531037,-0.512589891081565,-0.821000577600077,0.916191302165394,-0.507836654060953,0.267858918483651,-2.12848278386591
0.558327728100965,-0.737232616760354,-0.33833937418281,-0.446868909336435,-0.799949681485355,-0.352746306779076,-0.713517828008316,-0.219172690513387,-0.8225997454895,-0.522412223425338
0.104532017586791,-0.544008128458604,0.0463366832258481,-0.347402225599579,-0.307273790340374,1.25397042152863,-0.943691132155609,-0.744072612257676,1.1904555109818,0.553436740525708
0.406696216717637,-0.107106475513649,-1.41317800298607,0.191477682591038,0.770137172783151,0.764489440501594,0.55023169586418,-0.26089195104982,-1.01661886146216,-1.05884694202967
-0.353697514981762,0.53681712141077,1.07383690214024,-0.145361592216937,0.772412187033642,0.0837238758460124,0.35509899852009,1.40387135902771,0.317984461277379,-0.170596395075155
-0.612508825398677,0.740085078432342,-0.164106842508192,-0.945884624027492,-0.900925697545042,0.898094864734743,0.5881294529274,-1.76159826647646,1.21762715525252,-1.70151400815313
0.494294856083905,-1.76344339926993,-0.785520233723702,1.90164443429898,-0.201320777271908,-0.483390733981666,-1.31850663903668,1.75976790507638,-1.7117687417612,0.374043551462758
0.344747751169581,0.291652889281538,0.57518069627082,-1.08163046684366,-2.99223376554218,0.333552289868833,1.07308287051833,-0.75162883001232,0.153563305929239,0.407559398418494
3.08796505818192,-0.575348457436024,0.212911916882629,-2.27343489449748,0.621805094561067,0.626056578580558,-1.61014097734325,-0.00207504891461892,-0.320089919965024,0.765199861101958
0.59043618596975,-0.406956276764235,-1.90181272106489,0.250556725145182,-2.52129304846639,-0.14338341027369,-1.51253795008048,0.328479591582067,-0.288903490571334,0.924184477789202
-1.26991233816283,-0.141761582437518,0.745989243221707,0.439492111642298,-0.213096957454252,-0.563858905775062,1.39141449322077,0.463360432505443,-0.363731407173539,1.31299089897435
0.931787147670606,-0.61165377229258,1.86240076746288,-0.568971037695069,-0.721294257724092,-1.49150410543008,-0.299889076848809,1.72585692747723,1.18104578352481,0.981882526897215
0.66439426066544,-0.0568410618353024,0.960970098279906,-0.281172865432873,-0.611420005559414,0.263045023693663,-1.60187455912629,0.995450229406006,-0.0325756655767463,-0.185290649671705
0.00458874393724919,0.288668505156965,-0.0984552621159714,0.629226396906947,-0.97065175273796,0.805824931123257,0.603261096290401,0.51798442643767,-0.267534531194627,-1.05394147166501
-0.229951343452423,0.446642434284421,0.486642460434473,-0.749997323808829,-0.0131272743250673,2.34533889973201,0.0804300055257098,-0.923180784461167,0.73721995575693,1.2051239451539
-0.0282175754668355,1.6605291495785,1.00312833273384,-0.306656173597268,-0.834439902688225,0.251469566539472,-0.720828244230746,-1.6277770133575,1.06069400083293,-0.680385111166939
-0.783518804204869,-1.09448513565465,0.0606660507248663,0.491915027816517,1.38020367090222,-1.09889296753403,-1.34553765892371,1.04449367159966,-0.163850767049417,0.460121979313753
0.875341328909629,-0.228912338758884,-1.55939701899247,-0.31016252006724,0.748169022120879,0.686835354735027,-1.70756018573427,0.00705236646315089,0.743761543198077,-0.0121057235589384
0.674017574636217,0.263032430921369,0.213550379184764,0.400234310193071,-0.36238109328504,-2.42900729798837,-0.531864823532457,1.32569153442636,1.92985449287713,-0.361588817410543
0.873457467881466,1.24479699576398,1.1065028459931,-0.169229153248479,-1.12218836653754,-0.988516370721681,-0.593812240202283,0.844152526233866,-0.894808910426139,0.997802133091955
0.18648474072859,-0.0413623123724221,1.54787314695789,1.18717518928971,-0.587508437891533,0.476016952662342,-0.726727339010993,0.855878039342196,-0.835639637693629,-1.41295791165497
-1.09479934487827,1.32002823981735,0.246202235062461,0.340280685729774,-0.734644408448985,-3.14598075851957,-0.42157106549247,-1.61392511079721,0.151607576851864,-1.26117758310217
-1.08605002783191,1.02567855429386,-0.668422537850378,-0.128337686627824,0.547693780102257,-0.286364656916572,0.0917374893310234,-0.296036112378809,0.798031510754869,-1.81610214335216
-1.02653044911258,-0.705515533652978,-0.488327118380621,-0.57180006246013,0.0197270758153745,-1.15707555725104,0.245642793083941,0.484182427402654,-0.985471574362148,-0.726930950427593
2.60679135921892,-1.07336955480838,-1.62094017141682,-0.560829112605458,-0.120071227892368,2.8017620011002,-0.860992331005423,-0.202613087038923,0.0323856025031732,0.504195251344994
-0.103008047977522,-1.11567697291925,0.375743855503715,-0.150826647255855,1.82107508751172,0.364626145825269,0.0711783556214484,-0.525612953647995,0.449146583458393,0.26000588155919
-1.31866714311087,0.527609774415217,0.376861507088904,-2.45190667640982,2.08005074391264,-0.888458604693738,-0.346905497034973,1.1088432108488,2.4979485938422,-0.135434870719533
0.623439486183625,0.410279984152873,-0.131674861759556,2.19731559297765,0.0793495386596602,-1.26816000863374,-0.5859135485405,0.762622736928288,-0.0423641063685198,-0.170874642125764
-0.0573349154232714,-0.65895496944248,-0.989491484277681,-0.676755754049496,0.0484133672758536,0.549427616789899,-1.16022568952748,0.273221633113575,-1.60898154799683,0.416959203296775
-1.67773405074321,2.45398352667306,0.734081745919572,-0.429852476056664,0.657709581882182,0.0434505700837872,0.223815338116582,-0.384981722412236,-1.17811556045505,-0.700985681371481
-0.185831272176251,0.644861890603591,0.434895265413053,0.119391564088891,0.338653964299041,0.38834295741408,-0.336135101207009,-1.20487156396875,0.00293092758192973,0.744935142062571
-0.0869743669872818,1.2595636126718,-2.090294944195,-1.13651650122914,-0.54873402368085,-1.502560455102,-0.277088140157118,0.058951485523526,-1.0068618472163,-0.401936149301192
-0.250366620888794,-0.194672219161207,0.550805361605919,-0.802061237395742,-1.66551146981733,0.773686612310288,0.670857103213544,-1.99538371527654,0.0274340223498387,0.519510214696551
1.88387902356544,-0.166041523870349,0.686644132855857,0.963499765851369,0.111383486177078,-0.0198500772205659,-1.30029776078856,-1.35296297247299,-0.007767914640413,2.31727379373924
-0.469890675588354,0.276958370587531,0.0363876945380793,0.87867984087931,0.804498608872006,0.358874143471013,2.06467120027194,-1.01885668652684,0.0965002840195867,-1.13509678692355
1.49073421450512,-3.18865786918044,1.13105668825595,0.174786341512793,-0.513365169828422,0.0839705708168669,-1.09575093098268,1.81688896582958,0.735728092939363,1.99644155756767
0.874856733011801,1.05952250801368,-1.15908489207574,-1.76252463713218,-0.251773776534745,0.898910842390915,0.568310447083862,-0.0481480707496612,0.397389183213109,-0.845274738059628
0.062216284707064,-0.349680007889242,-1.2797252081006,-0.684425122571254,-1.08800940943525,-1.32285920652797,0.106619129768121,0.476307562944654,-0.451720109955689,-0.422263692385094
-1.5918357692576,-0.3326267604412,-0.135374291034106,2.26504098946961,0.694146053963589,0.84405260762863,1.20831252790275,0.31904677531004,-0.516376962421362,1.14538603907712
-1.09918913755673,1.03031822407692,1.4020300704951,-0.468035466286589,0.316746329412222,1.29682209371887,-0.730362329274663,-0.202311496768582,1.4175566472666,0.250829011314294
-1.36122292452525,-0.0180391450391413,0.0915503331164393,-1.79994052281357,-0.430837888658616,0.762599150317896,-0.714765867666067,0.388903518829545,-1.40208185841923,-1.10918365241781
-0.305622538163752,0.952272868888554,-1.2115686742405,-0.504823775289658,-0.147096939511262,0.804834180210528,0.506801468722348,-0.198741892777846,-0.220190257741031,-0.534051693082135
-1.97419860752385,0.502333790775428,1.41092677211129,-0.455309907278046,1.06111697217574,-0.0785240707225392,-0.420103775605716,0.474977163395471,-0.632096600033725,1.08567611193496
0.442110347954392,0.539624184073029,-0.958607431495383,2.02162308822319,-0.606807941594206,-1.16735207327995,0.197926661533911,-1.33756204830368,-0.428342326869213,-0.0206627518549758
-0.254144792808594,0.978080367819601,-0.247026011625985,-1.6026996798687,0.795974224608273,0.683829465454421,0.272667527291877,-0.725860611141244,-0.101855198923116,-0.595463261246653
1.4502738112017,-2.34167158275678,1.52509707096136,1.89537683148847,0.12472612723889,-1.75622479902079,-0.737852217084889,-0.975769510326958,-0.777172552240549,2.06887619115181
0.52911953289808,-0.731626184056773,0.213775167674433,-0.503833544986331,-0.939031994695556,0.562417479160987,-1.27137130673496,0.311205278838608,-0.177131046037968,-0.720876068417427
-0.121146720468066,1.01468664264459,-0.0982310473021634,0.293766762311046,1.0648093241944,-0.730647020000964,-0.9114016711615,0.52829075748093,0.871066594471342,-0.0297700207188934
0.800311648707461,-2.12099921935167,0.698698637790476,0.311821394757635,-0.30263176728581,-0.159314581355047,0.47024057313016,-1.25266665990719,-2.52996694528168,-1.69468791925394
-0.0996816867303576,0.546416616054413,-1.67438214614048,-0.952154371530678,0.0508449693125283,-0.0362733550627986,-0.649673997202284,-0.509638192384985,-1.1098710822115,0.0380200800548487
1.31687563180985,0.207257105482887,-1.41894946709744,-1.41011289637115,-0.0605028395269658,-0.599263577800946,-1.41498589554292,0.16806548836749,0.172106007754043,0.764120723625351
1.09752196357615,-1.10708382696747,-0.83819287818553,0.283144005581967,0.795653703390922,-0.512188600839197,-0.586152796349403,1.03199018076486,0.0639400545381499,-0.662933874967182
0.346899591515194,0.911650426077183,-0.894024421977836,-0.490666096968271,0.0665372946305565,-0.397057243869595,-0.242274596280546,-0.677775212110672,-0.768982537098638,-2.89785291678677
0.913364338694812,-1.01436126766077,-0.392136268218431,-1.29964762369189,-0.66385809539178,-0.465527378478738,-1.57206708747423,-0.0834951423526901,-1.19711358260117,0.971522609084412
-1.7688159578257,0.335591401373733,0.212073537376946,0.136900593887452,2.11194929690951,-1.08066440963191,1.71409961095295,1.02231409328371,0.415408083072806,-0.258602248539995
-0.260164752213025,-0.572403981067502,-0.109991614953635,2.52680247547581,-1.37111664494717,0.260405819342242,0.667018452778828,0.651025493761873,0.701520148132282,0.832411930208064
-0.53947107401663,1.96817307167896,0.227026956515767,-0.359320548919025,-0.132458628913479,0.943592522610904,-0.25191333676362,0.259278586079985,0.5648507970474,-0.573430992953415
0.486551735762554,-0.138782226043386,-0.766760845315407,-0.613183445392024,0.969961553001836,-1.07241005470445,0.593217001008962,-0.0500352388732731,-1.13342635125225,-0.905354396461076
-0.3228861243653,0.765700345626964,1.19525304039884,-0.425252068456652,-1.11860532861072,1.5582240273265,1.13893568584767,0.936051496894201,-0.887291532212237,-1.97644207949344
-0.235240181907945,-1.06877751561269,0.260127603038082,-0.584414006212984,0.772704765434777,-1.04233610582911,-1.36870283619023,1.29043313320783,0.435462833279631,-0.39891821828525
-0.195128384508847,0.124271077173885,-0.89466098989189,-0.61343697820582,0.692880299103079,0.355939868344627,1.80288122768669,1.04937228863303,0.476637046270648,1.20446426156625
-0.958407332024439,0.351745916168449,0.383612982073941,-0.737519270451437,0.693865978913611,0.669840800312094,-2.14490310368416,-0.0589469803835619,-1.41750236964047,0.385637210644577
0.677585647852167,-0.988176196557084,-0.845006366844394,-0.666001623881223,0.306437042646566,-0.370195404754859,0.339335856465606,0.286467250214198,-0.429136670082252,-0.108196461098605
0.304078981166551,-2.10294720137386,-0.958957475650232,-0.156644457401903,0.175310420947397,2.29875833943379,0.406452947227283,-0.117949418074424,0.28509778661808,0.837428055912568
-0.100206668991097,-0.0681672472125737,-2.09001470235109,0.281142081722789,-0.322115868749783,0.344866188944159,0.84672067000778,-1.26933150126554,0.879815847591862,1.01529011593301
-0.502658304107621,1.56838796890355,-0.0208586637526702,-0.471615610687526,1.31133820495514,0.983817904119949,0.903943089815991,1.06099831538989,-1.62202811308699,-1.07207313927715
1.51068191892102,-1.83070492448755,0.736989398663026,-0.443425326857491,-0.127942225828011,-1.68701937291189,-1.14500616559893,0.980576115916823,-0.0079708106019593,0.80092795201954
1.23395343749545,-2.10356751124239,-0.31950738265167,0.4700999309015,0.126651089235557,-1.59519460787397,-0.204013465175542,0.231416078771911,1.34879489597072,-0.78629031098357
0.519660471093501,0.271756397564425,-1.1083608569409,-0.53905484815789,-0.0992040442143698,-1.01479393054568,0.578760224001572,-0.12180499324467,-0.265009310315572,0.627306841654363
0.652249696204503,0.422861849222632,1.34199136293615,0.025131701923344,0.186891289687913,1.42826599491239,2.12511548295446,0.00615911829960006,0.730333416277104,1.42822202960955
1.61806475742229,-1.23206305768607,-1.69367910584532,1.17928383625589,-0.233091731986798,1.59388944382975,0.226432651102452,0.250373556427516,-0.905225046987722,-0.129769115496795
0.111178612232023,0.791766560652334,1.62040461148443,-0.819331552433502,0.793584605917634,-0.529653708084945,-1.35937863398062,1.0024514151348,1.06591212014305,-0.850371457033578
-1.8891024790666,0.877723672465946,-1.25636957426477,0.000889942104430555,2.0156298020391,-0.0619607847646984,0.202947001383234,0.50079452708423,-0.26261772370697,-0.027638037205916
-0.832979820463877,-2.21693445842355,-0.594530426192294,1.40720052689501,0.385767326387686,-1.44026136819638,0.935219240702424,0.124694887577897,-0.184256652662864,0.959981900847582
-0.93436844465596,1.18625448812989,-0.753233376484602,-1.10517228605183,0.460950369894559,-0.5489089568883,-1.67656468272678,1.83606814704593,0.00514550133257348,-1.40325304498944
0.355957210253121,-0.9989826779937,-0.0614563906148568,1.18672348817991,-0.656162797480232,-0.0194268859247797,0.700823326462489,0.0017575142168071,-1.49520687227354,-0.969420241635823
-1.57826535700312,0.765636711495721,0.677611998536975,1.54319461368243,0.140621023812191,0.0926592962466012,-0.22312735809809,-2.41634382850251,1.90684375745699,0.103260909486971
1.58681932747653,0.113736971580311,-1.94664251720455,1.21638855025824,-0.431478224289395,0.513140322599696,-0.0744091428782251,0.402535405430532,-0.23101613112385,-0.665750256720563
0.757781579038616,1.09953963386714,1.40879589500673,0.244415580736735,-0.469632518181946,0.389099187524642,-2.17477459951072,-0.406412225447002,-0.148891252129122,2.58194324866112
0.774803752503575,1.86309443932216,-0.493623149122847,-1.40557674339521,-1.54557921845042,1.08347525991524,-1.47696484365283,3.39985888156952,-0.671485462521246,-1.67505917660095
-0.127619765590438,0.932716829458808,-0.297174958024599,-0.501320470414744,0.615958333935478,0.185190551523406,-2.18868494791032,0.959700567534148,-0.324901247022073,-0.321126084315557
1.36650415023157,-0.289068643510236,1.2975137400591,1.40550068759896,-0.792461353111804,-0.636374041503837,1.69456664477228,-0.519159959043621,-2.2229170221575,-0.295075687943289
-0.463205874423732,-3.40632543698911,-0.639471421975855,0.817471871695623,0.529118211927955,-0.566356645343869,-1.94380686460033,-0.345488444822053,1.08586372821307,-0.234821263932682
-2.18781929584376,2.47169560871268,0.473100511400926,-1.16582960661573,-0.891819772486433,0.0920115942024825,1.19461982904444,-1.72295142361886,0.215905664780191,0.010643536002185
-0.0561722499502526,1.01493291666777,0.0646627863004464,0.371074694529001,0.268024437458307,3.07501979384586,-0.254444614055223,-1.16207714928524,-1.49157478506171,-0.85865399277326
-0.500550055586331,-1.14114730314813,-0.328053893624111,0.865466983669332,-1.79244671082826,-1.48035496754583,-0.471620405114418,-0.537892817635974,-0.232629049023059,-0.129791509344263
-1.51735824980548,0.845921303524632,0.839453250839804,-0.3508853176789,0.88582078963549,-0.559334000596542,0.155653291758115,2.24482327892106,0.923827568627204,-0.592594776007274
0.094995370405807,-2.10066334053331,-1.05198363993106,1.52137434078966,0.438909475078956,-0.0903684339100328,-0.0730796096950026,0.0590882765121182,-0.917643133649423,0.229095546028873
0.432841436207184,0.049641354872407,-0.905463011374952,-0.380658753749527,-0.30266412392755,0.439240219446527,-0.515100508875623,-0.553007252697557,-0.0763236331253629,0.960745341051527
0.24753014626476,0.575046445616694,1.36402425763451,0.56990837788412,-0.258438655349377,-0.316340149866696,1.04510812330233,1.08724760387593,-0.59555411061513,-0.17016591279043
-1.54792347593388,-0.387618811856586,-0.0646605000879343,-1.110182972169,-0.00651349761967292,0.866224180344526,-0.531434375246185,0.497796753529544,-0.972303963876039,0.51515386222632
1.54741353764036,-0.0190848420818206,0.830878508072296,0.10439424324098,-0.458219664128479,-0.988806414652777,-0.430266242379956,-0.1935982135329,-1.19258820063462,0.495386846589824
-0.849155952096902,-1.79665612209539,0.129120107135346,-0.448688134389301,0.84728239190676,-0.16676809093754,-0.387006141711743,0.4092110429097,-0.610835056344694,0.312578097749665
-1.1301592233888,0.0942984483050543,1.27733899265432,-0.458911902175524,0.08629417265484,-0.308109620405375,1.74179901282765,-0.107491702080707,0.714584687737811,-0.937588071456024
-0.144847004894241,-0.92631788105052,-0.162815104835797,0.308618003360896,-0.859236604487557,-0.169294551209943,-0.239235887586127,0.636322850033883,1.02252475616958,0.275483675599649
-0.344752366085253,-1.08613365991652,-0.571054788483685,0.478198441815136,-0.875345831365838,-0.29048279733403,-0.236086212659558,-0.710753767987623,1.63670111292622,1.28568936610383
1.57289715664633,0.649488739930062,-2.55603348608963,-1.95673662378784,-1.50124186427642,-1.55577484669037,-1.00078389333272,-2.02761708601841,-1.35287035717693,0.128753446324796
-1.08874335530912,0.585510137600266,0.164024218565483,-0.559595160787979,-0.752498857951006,1.20903349827414,-0.131846874572489,0.077052418551681,0.630557967439056,-0.00805289135660525
-0.0457745710488915,0.0651430565471882,-2.79895410913728,-0.00957262814781994,0.242225823712796,1.21055616971133,-0.449004324860369,-2.10516664246921,-0.22408662041888,-0.772999346912791
-0.326236057878328,1.40203697912627,-0.0212611924654378,0.255651826145437,-0.745399610389587,1.88823291184223,-0.858619480301354,0.0402176151526804,2.32564032892257,0.813791955471323
-1.17016373784399,-0.901781924125854,0.796060014421882,0.00980560200946235,1.06469940603069,0.402929506050488,1.27726352483337,0.748848689235928,0.543927781154737,-0.689528140640824
1.08725881247181,0.311238326339041,0.873076656481788,-0.322792563089949,-0.484575946630701,0.484769687733737,-0.521381285294447,0.796697335051338,0.116695320726919,-0.243285161233645
0.102213702140775,0.433057074331638,0.153174563433772,0.273099856572018,-0.77670860932495,1.19342231267288,-0.28259491074171,-0.525956471886194,1.07079652445909,-1.582353287451
-0.620103650108569,0.442761010188434,2.26606522064315,-1.32823694056317,-0.286984352870191,0.538508054973282,-0.772637966814125,1.7240525024153,-0.677779080400182,-0.529188372472457
-0.0266341763682971,-0.162475006440122,-0.0837718404506159,1.71701389010174,-0.821660689919818,-0.748899221883757,-1.40165372543496,0.777719095414116,-0.0344576521026055,1.32054527428896
0.723582260463805,1.99879922513655,0.834015742876619,-0.214855614443781,1.12041881236176,-1.22833430257053,-2.14089786298561,-0.213738232647756,-1.46631490763304,-0.637860301328712
-0.501703176929163,1.45818902966623,0.879035675572977,1.46954811728045,-0.42373998420902,-1.87062288305014,0.044567020184205,0.361051728114952,-1.20123393702931,0.195880984017045
1.21857738755626,-0.733040049149726,0.11507901191709,0.30255140685279,-1.19660255321033,-0.0793044409922147,0.948154503558983,0.188638097031331,-1.33703524471924,1.79549732889417
0.897274249924685,-0.633250445911319,0.674764660882342,-0.834933517670659,-0.0183553791443476,0.233212403099654,1.34601666648884,-0.0185479759251491,1.34684411489024,-0.0700521720932578
0.533368265100905,0.618781662673897,0.70991383445609,-1.5547204698455,0.327400501547566,0.53663286749989,0.180721916577692,1.20941654072938,-0.956286243574488,-1.01059448035255
-0.838418849571001,-0.239455444870144,-0.639890853278751,-0.294270847240309,0.923431675403552,0.837158056768931,-1.00670540172433,-0.641628349275706,-0.82084455302573,-0.0463595843963036
-1.44043232079557,0.158383659124487,-1.03520713409096,0.157060002613959,0.254627768755554,-0.669418594056796,-0.280114906245756,0.706590936844158,-0.165498368958563,-1.65217395703515
-0.649536778031723,-0.36134631634805,1.97823548722531,-1.96783964494893,0.507809985415726,0.962775078195096,0.280194870056103,2.12833474906701,0.539461212924694,-0.340177418070163
-0.461857958017166,-0.446654795831351,1.56364737468982,1.25008485193959,0.285834443989818,-1.57432890436946,-1.51022370695992,-0.167160431190472,-1.41714325050086,0.476877470032631
2.24667520271992,1.27241845264692,-2.8433451085983,-0.152046436467085,0.0320682329832796,-0.205490404038078,-1.27299970945007,-1.9526050905559,-0.882822984749933,-1.44243518418969
-0.428909952281288,0.734636026810422,-0.956807869329462,-0.117672773538541,-1.12448164118926,-0.791028887873546,1.49221337384622,0.241004761506189,-1.41998271655583,-0.233453444595286
1.07957480362549,-0.893638276677807,1.43418326399499,-0.543210052133261,-1.8054017513707,1.12193207192288,0.63690712984899,-0.404421497211659,-1.89675901483023,-0.303051905698199
-0.689819361395553,2.04026249704021,1.45716981716044,0.611128583669771,-0.540790299941651,0.269250349733501,-0.164168102330631,0.670942823831231,0.488183802435929,0.125956195925349
0.62519539505361,0.469359119561,0.199579613844236,-1.46344301748986,1.21891531953362,1.96707371688662,-1.7708107519725,2.04910596170707,0.528823241167004,-1.33678186492254
0.308705683007786,0.184157300967416,-0.912082390002212,0.577497889524101,-0.206978219734939,2.14604971005852,-0.630094128211837,-0.223691236297883,-0.0655284969961847,-0.506428197889491
-2.19887318720621,-0.229788141222964,0.518394372083909,-0.672966291707035,0.670709383282081,-0.129251243668217,0.684990273587041,-1.09597031396165,0.187943915497896,1.62837060850948
-0.595690969732138,0.361408595220954,-0.121863148856371,0.554771586336867,0.482107147612837,0.595069571070977,0.85427933856894,-0.178489155681455,-1.21424939580659,0.607183205441786
1.59462166136676,-0.661972764852028,-0.661169976783291,-0.303570190061587,-0.233200682538972,0.632587650313573,-0.754611894602739,0.0526436544162671,-0.578683632648043,0.335106597081198
1.65162379910748,-1.29420849148819,-1.02586988068284,-1.45239941497073,-0.219698942081946,-1.31660365523442,-0.873938782815681,-0.141339293358392,1.39107306505253,-0.237489340627031
1.09773581925866,-0.618192446932127,0.934263293436996,-1.01071005438426,0.410267611668306,-1.72416380190933,-0.569405510596539,-0.0832879536829162,1.24078468012922,1.33426771329438
0.79863023945503,1.83492021957161,-0.859863515122442,-1.39187833542431,-0.71723194226591,0.377165111310198,0.135697604254613,0.0452420671285467,1.40998051862352,0.738600374834524
