2.52162327582072,-0.955618521402936,-1.74651842759046,-0.0266798021932215,-0.433917315792461,0.474942255378409,1.08133992059349,-0.528886746024514,0.40187755893779,-0.305106647244317
1.05329129106144,1.54382295427751,0.17355988875175,0.643902951258146,-0.426531623909219,1.27252116311345,-0.0215539291427129,0.59759576749626,0.0447305280088287,-2.23196949649085
-1.13557459279799,-0.460257204824225,1.17904825819672,-0.370467947872907,0.906395577382603,-0.113700197970766,-1.67529826246614,0.688481800460609,0.413531138145424,0.312275945484738
1.0424677194248,0.598400637813757,0.228351103706381,-1.48935119530575,1.37507387692384,0.638528535565811,-0.915610456348753,0.850345421416011,-1.85549506621295,0.337314263521297
-0.651134065551501,1.22208922077589,-0.794941712205947,0.846879887938148,-0.490437248309914,-0.0426377304472365,0.0849267764776256,-1.17484074310448,-1.88607821876014,0.284306057027917
1.66477754385921,0.742013478622764,-0.0135562760782624,0.102046217037021,-1.15635482157089,0.660315559095236,0.85833696921448,1.88658081828317,-0.19393347017077,0.742332332962603
0.855826867545397,-1.30199754300644,-1.02730689157187,-0.385986592671904,-0.107936249010821,-1.29939538528722,0.622369034359111,-0.238389664889887,1.42871997590348,-1.83981188525724
0.181142589874585,0.767213333733084,1.47197839509977,0.277619590541619,1.115773011605,-0.467432702513808,0.639698884215211,0.389371994073175,-1.71086384385703,1.20074545645142
-1.44996086706652,0.273744568938084,0.658614699285558,-1.66970410595595,-0.401825634968945,-0.546350545638872,-1.40191368442727,1.26365888636785,-1.42456374983139,0.838453337216469
0.391504733139403,0.388319550713475,0.343323106194837,0.485196744499456,-1.98876216875913,1.81171415138385,-0.0234958784583137,0.637301964883103,-0.0395593704876319,0.731431910551626
-1.50800098309406,1.1304013039657,-1.1579222287292,-0.971898195734856,0.721173703798634,1.03537066578766,0.777208117312081,-1.32680452811685,1.09699460743994,1.16474325088726
0.477915929792245,1.24042797252427,0.42118791589447,-0.374133837172108,-1.95696539319593,-1.03882825611742,0.88403382624554,0.295517776800792,-0.483984362035354,0.298902812403891
-0.582026806851498,-0.615728514066179,-0.00860135275743341,-0.131796938178119,0.150844701735564,1.11826324759548,1.03749968681769,-1.38970013193832,-1.16758620239764,0.385170181971087
-0.807038394595307,1.69628952293474,1.33973035110208,-0.356428141021952,0.146957647871573,-0.0774846408598555,1.17528785559858,0.70944580359067,-1.31295592301265,-1.63455337376367
-0.300384827282135,-0.706745522822103,-0.223287546718745,0.412826567495686,-0.612875282859969,0.996952358609644,1.40937786839677,0.838602953869452,1.92585819452734,2.43910618791236
-0.327666303737236,1.13440818896233,-0.00165491137466917,0.219377118611586,-2.02061070105438,0.262530797350897,-0.410840709196332,-0.484100528148773,-1.03479878421235,0.111459186382046
1.90925733653414,0.47655619307544,0.445864568961047,-0.160136299760083,-0.0652258918401618,0.720249078392619,-2.82920697456913,-0.957354755767958,-0.171593033921452,-1.51377372740798
-0.780433729458105,-1.12954437361826,-2.6263710066295,-1.12409647292066,0.886035477541881,-0.447237311421899,-0.081392113025376,-0.214482128364477,2.40503415761903,0.517752540052671
1.71617104279113,-0.876899992715333,-1.81437201121482,-0.0329430359745157,0.319910075633942,0.482796365583538,-1.11601250723105,-0.22107168757357,-1.11304185734403,-0.50661651659898
-0.109259222381966,-1.53103447721363,-0.153191034340031,0.212601925268925,1.15001341755394,-0.0688797842212708,-1.29228973365492,0.249322992026017,0.364570874671378,-0.342696636049547
0.556453845093385,-0.132431323312896,-1.16397744998304,0.517143839501193,0.22954967115092,0.316039778291828,0.411988637467719,-0.415895603369045,1.54447546456108,0.0344013170864384
-0.978012107466411,-1.08582196040001,1.27871650335005,0.593767049441325,0.0741411239280826,-0.906127077361748,0.0897485630618653,-0.56053433746018,-2.12186986640105,-0.0251432681350323
0.687806220767125,-1.63916652469643,0.338051769669478,0.891093087281363,-0.986865329022966,0.0954905489143836,-0.466423649533867,-0.209851138162254,0.00539124581799385,1.30213530771436
1.09295497408692,-0.27399697428072,-0.031515641746079,0.853411500529435,-0.425377651585375,-0.597719772974947,-0.541716438655341,-1.37884866668842,0.789861785043266,0.294955820370633
-0.8086366238956,-0.0757121617949376,0.972279544313458,0.475588725550164,0.424001080143939,-0.807172623862701,1.76994102120184,-0.631439482216274,-1.2318909300069,1.22241581071248
-1.6490809212226,-0.197213332971834,0.447494225283854,-0.945595587269729,-0.0769859054809224,-1.02627243706535,0.318924044154977,0.413907470931542,-0.0954844007865051,0.327242244940681
0.820813512168086,-1.2722038510746,0.805111273906886,1.11703034362614,1.54602828626063,0.322559434489701,0.960420127207557,0.413538128750109,-0.174490392867029,0.320829038989336
0.270729882383308,-0.043807955965396,0.265436746500378,-0.211112282940834,0.18875541842075,-2.55581543439572,-0.660443502921182,-1.28296433273406,0.924223629215897,-0.315950537020602
1.26115601899696,-1.04924940073961,-0.0127134925102716,1.43895457986328,-1.80380146073401,-1.61577701772541,-1.14669654288546,2.11178603772501,0.376645058107392,1.26909394161726
1.46891931346309,0.179640882253363,-2.11547171916289,-0.0316553064779572,0.104690258085725,0.894395948775454,-0.155160944766021,-0.26449367809584,0.757412706903525,0.765430188192547
0.106686183675318,-2.00989663889896,0.388503311250311,1.88023306916984,0.0620005083354427,0.132844446379916,-1.52210546342088,-0.00393970531139064,-0.140836425724012,0.649724312087827
-0.532491909250401,-1.23315145647909,-1.24539971006043,1.36431619916253,0.612520067694517,-0.469015442764723,0.209507579792429,-1.19709857016813,-0.72280579487648,0.162996475296449
-0.836071769860291,-0.970328416320333,0.371583874452801,-2.10525653946297,0.564343364603042,0.619753608102377,-1.5578211746242,1.59255140872911,-0.578457552865909,-1.00206904914225
-0.741906337309138,3.27890351125327,-0.322933276023844,0.448515618615078,1.31797641035866,0.7896789914082,0.278913715454423,-0.0779491180418427,-1.45740734998288,-0.80191561966786
-0.76031936264961,1.01643714407662,0.937697557005708,-0.338107509980048,-1.88873611851501,1.43872672631183,1.6444559049771,-0.0325745936400835,-0.49494626687732,-0.793191750976759
-1.38680293925803,-0.152888807862548,0.812591652826566,0.276155879725683,0.409156782912149,-1.01523856013204,-0.662762747564944,-1.39937244450145,0.970042005789184,-0.754225509062219
0.630395190217804,0.656548260780529,-0.811804928854162,2.64766090123121,1.57073583411447,0.347457111942958,-1.29242491588118,-0.68376675839282,1.62834679305118,1.84690067749675
-0.913501392095513,-0.395677174468688,0.445046275037912,-2.84516304581302,1.09851157331106,-1.43153399145883,0.696858679746557,-0.69626594715625,1.02497024851483,0.0323184650909011
1.0905474250042,1.21712708683792,-0.244834233676656,-1.97157552390838,1.07569938643108,0.750212720924546,-1.86736896216594,0.62404649616091,0.320113626831177,1.58341086076583
0.854762686565368,-2.05260447138054,-0.722405204449216,0.299689574158053,-1.58905357928437,-1.29142587386464,0.270491713108723,1.10377562279853,0.824368198913299,0.396207024219536
0.806612490314619,0.467632025325833,0.586122880337777,-1.37206588321939,-1.86280964690149,0.628484868141878,0.00766053571288842,0.750279486612305,-0.708938662360733,-0.123266980309415
0.374883237154141,-0.366190775652066,-0.131750160659722,0.990519526092336,-0.0863289129768728,0.919698477096769,0.143548206065845,-0.483421015692044,0.276973707701882,1.12180011241036
0.57485783533652,1.46057131433058,-1.04862410702881,-1.66291363860905,0.372580892651097,1.8030164907571,-0.16270803065799,1.23186781328373,0.244257143302352,0.818016791568009
-1.16074993836313,-1.05965273770132,-0.764553479037652,-1.76999039402873,-0.0398591193812119,-0.622857516671838,1.82141068795601,-0.660412228293756,0.18215019531357,0.618734680120377
-0.28392754118106,-0.462231182143933,1.17053173193284,-0.0536512798621579,-1.20097228962301,0.194671202228659,2.02810351831328,0.694310657780006,-0.164946233388761,0.568347482143578
-1.609902784418,0.613615446807334,-0.41742881872013,2.02017141676449,-1.07305501734247,0.473281467321853,0.0862393507543592,-0.389104558998614,1.15473718044988,0.301899744177358
1.64825792900146,-0.238655828273492,-1.56869675449455,1.32306094220343,0.253681084248104,0.325569808893709,-0.870306495869894,1.34161653292973,-0.783191761760397,0.371360711811888
0.143409724271742,0.0602174100097358,1.22804406792851,0.531778714580467,-0.869750196581743,0.000285872004293826,-0.174725167107685,-1.72418393060385,0.459024801981385,-0.624344793805974
0.44786484637731,-0.221530528899684,0.0939191290231993,1.49772305659665,-0.779015109113302,-0.686757955132491,-0.277452188220459,-0.672336438467959,-0.443481439519589,0.0162112659080576
-0.0892536374165248,0.508984612681392,0.359665352460715,-0.165199335056701,-1.18160415231114,1.22261877673013,0.842694092096626,-1.76851222308541,-0.697987909384601,0.159416165265799
-0.735896410305401,0.111666791021072,-0.0246520225270664,0.242314180434104,0.709219950065866,-0.337939887624924,-0.821050767694046,-1.22582027997358,-0.253000983772377,-0.893676599181811
0.209371403809568,1.10019747643235,-0.139703371241312,-1.27722217593973,2.22623553612759,0.306775522662165,-0.343105285546407,0.136420077035031,-1.61913619881617,1.24790161133631
-0.444592278247853,-2.43329855643587,-1.61845549442237,-0.775209950109959,-0.333079997879203,-0.352791596059813,1.5183052278306,-1.14013933431501,-0.165237543731844,-0.219852687198125
1.18807010179045,-0.546232194084049,-0.271647704165146,-1.45011543194179,1.31390476807733,-1.02778865276574,1.95555253748832,-0.1320068809174,-0.03224919305645,-1.5783175902625
-0.665829694437683,2.50543805714722,-3.18854280636657,-0.279608866555545,-1.85137820306105,0.828098515799195,-0.136864199891126,-2.08325701414125,0.650985379093375,-0.996032408346555
1.38460443558256,0.966183694210317,0.663826251770954,0.615139341888793,1.69848610112924,-0.268967403922678,-1.38606961456475,0.763742847496774,-1.01576294960008,0.102531857194567
-1.58909083367431,1.23615405681323,0.427491706865902,0.994329195045564,-1.15285751063782,0.790977141230753,-0.0116550266696751,0.565982696404011,0.141336997756761,-0.0240338881063042
0.256123702208363,-0.494453012227153,-0.33473539927132,0.0552617516890554,-0.534089641445402,-1.27601254346349,0.947476656926775,0.359782012164339,0.0270758737530892,2.13465370417022
0.264251030941484,0.754210966607572,2.07997453818941,-1.56200232592795,-0.504956043974357,-0.206011393549223,-1.55963302712903,0.20916715986283,-1.00854394999223,1.57913914520261
0.74421502339275,0.690906061110506,-0.255928955338671,-0.320499740831881,0.407192324154344,-1.59228695241825,0.459784080979437,0.805102199632609,-0.110707108224716,1.63885008904408
0.23012147456266,-0.84400058665357,-0.382872881813976,-1.23033831757334,1.13690182454417,1.68927118430041,1.23494872051392,-0.541281634957161,0.217980993528627,-0.941915529847245
1.15554156210343,-0.378268471700581,2.38822522522652,-2.39779679771829,-1.71088915068676,-0.372055450233816,0.923836797702951,-0.801803987690644,0.342457537855998,0.203115006926963
-1.77617382290488,1.01929908343007,1.88405002455657,-1.24793995046228,0.927920347458173,-1.91377810986018,0.783687218393741,0.316050130093368,-2.14161901977271,0.0538166509574257
0.186025324497814,0.472158475735343,-0.572496011643755,1.20315443560861,1.14057396055718,1.92215968821804,-0.0299015824123051,-0.834024510940653,-0.656572702071154,-0.226703774876685
-2.41026433392049,-0.608725798619521,0.204087891815953,-1.61273558776712,-0.532916460473611,-1.01041783473852,-0.581245012000989,1.28614294381042,-1.31811016665932,-0.305682921878222
0.627207738081797,-0.2034992859657,-0.425140849901249,-0.196925847922423,-0.598278584287792,1.41808323730203,1.25123696765892,-0.0247452219822065,-0.161252928515484,-0.504812066497198
1.10811870140135,0.143542906371172,-0.251768635760353,-0.272505231185765,0.30035349541466,1.19494362488386,0.290630623172854,1.39688153853396,0.504910104750334,-0.796512765339707
0.521710210403121,1.43437604225968,-0.878683175179442,-1.78554522333714,0.229183381447203,-0.97194698036251,0.138435039072291,0.668303338040904,1.26068254927998,-0.526177487974645
0.968804251197827,0.298506562306881,-1.09346760771571,-0.309606905063929,0.380860922711107,1.27644167769375,-0.40562789693389,0.0810971882520808,1.54455327318493,-0.830605501050138
0.693471974430582,1.48962268141025,-0.0386919683106577,-2.69606850496977,-1.10834146118505,-1.39423746948826,-0.701197619884127,0.683122743654702,0.627376816802526,1.40964142817636
-0.0224326466481158,-1.17051377160872,0.697813488735467,0.880060029445318,-0.362295715714865,0.170625111200546,-0.230625156617067,1.15112387469737,-0.956745537748293,1.64827213608042
-0.590566257552494,-0.906466627901608,0.792292097968227,0.343259226549295,0.273742316451851,-0.735136500833095,0.300881232679102,0.646639290566151,0.345676988688592,-0.868672456100532
0.520056100526973,-0.11763376405696,0.0826730779847945,2.54620793201916,0.409178297337227,0.105605909689182,-0.280298959288803,0.173297241030612,0.404732971862252,0.356004477267712
-0.544750867814606,-0.0192216614780302,-0.703944899034171,0.88427783729656,-0.416277252660013,-0.101612796488213,-1.08133529702098,1.1321403533602,0.74217788815979,-2.52699390238872
0.057053284572845,-1.44511844313906,0.688595566553488,1.62423979338464,0.74945975557101,1.04061381294231,0.335752661982094,0.0273247201910114,-0.792532847243634,0.264060027104585
0.0942991690526026,0.100047863277511,0.158330215723696,0.197443489001893,-0.469365678834655,0.130923950155307,1.2530160227177,0.111625915192137,-0.440659995878929,-1.66756721676914
1.87857742283239,-0.195776118812521,-0.419143879749375,0.679758680879937,1.14419392269313,0.908595672253269,0.600124240250159,-0.144389741008828,-1.31702472172351,-0.0709557909215562
-0.787920423245616,2.801075259003,0.297152768833422,0.355889284708049,0.257581627348605,0.930141140238846,1.38639797960853,0.136573325943172,0.917128699973013,0.439285885549555
-0.397899195637109,-0.93378421006524,-0.891202085352209,1.28835486552882,0.159525016271401,-0.622429314204236,0.77131314593163,-0.156383000274922,2.23218399816793,-0.318532275808901
1.74611936067684,1.79456329280309,-0.0151866126602622,-0.813511459979915,-0.67003575328556,-0.00265860802022505,0.882076069626163,-1.61041025614402,-0.206380137095922,-0.533583658848509
0.786082729727073,-1.25623918409794,1.44290956212161,0.998264631202744,0.325573709850838,-0.727474991611545,0.0185033554944815,-0.0676240106765026,-0.77377158592458,-0.108334212723333
-0.252000318683149,0.15413614096634,-0.333685961541757,-1.36731323817271,-0.540162858700273,0.725317821264718,0.156768001461705,-0.681269966985429,-2.31148049061757,0.857014525115226
2.31685318545802,-0.903788490291492,-1.58820301719265,1.20435913162609,0.437754906732867,-0.237139483681713,-1.03867430548355,-0.245486356451929,-0.835066757539295,0.713546991133484
-0.383333588395634,0.949448471299374,0.256503300846256,0.961649507057611,-0.197481959338622,1.1115261086528,2.01377188980669,-1.8363245712882,-0.146700354231898,2.78037929660909
-0.145394980398948,-0.168423820204281,-1.05128515798182,-0.241017154353803,0.0741680143157882,0.0425529889414918,-0.0230300800286351,2.14892785063415,-0.105527972202457,0.0551187545657707
0.232361535520399,-0.480851564934939,-1.36397975731778,-1.41856937088937,2.39971762606594,0.927583529163926,0.283817426382431,-0.785607924727965,-1.06678294421414,-0.90000912445603
-1.43528379697199,-0.741247279863369,-0.778664286320299,2.17276282487056,0.537636133288906,-0.284220144932026,0.502453401679738,-0.273226471863913,2.09102479666319,2.40397586635188
-0.802082719717147,1.60262808298839,-0.653950559231422,-1.52847229821515,-1.25629407494855,0.814305454234259,-0.725573692135935,-0.827459652892355,-1.22652863906264,0.10078073669632
0.122184476331373,0.287750666826844,-2.02693613400703,-0.0500262541704148,1.78981074356274,-0.319926534987221,-0.193615371878853,0.0494628501578185,0.169158709824257,0.84519376120411
1.29100765856018,-0.749916170857501,0.106662166896046,-1.46966627632912,0.745861567963025,-1.54965828194191,-0.865591154951701,1.67731535105247,0.285534876107624,0.701290525282782
0.549716614617075,-0.845333846658736,-0.255778756472617,0.885243377735626,-1.29729195087506,1.08770861033042,0.929485671859622,-2.52012566895781,2.16796277388711,-0.834775748139637
-0.431968370196043,-0.871134021350083,-0.973619272632572,0.531006236287895,-1.67073925674371,-0.860160804328783,0.780751550744712,1.29825756762424,-0.439223691408568,-1.20373231611088
0.221380059331464,0.920011952122697,0.0967319517835603,-0.475915101609477,0.377820201859749,0.188359199150264,0.222446498107414,-0.475488616487527,1.62887560582852,-0.890712348564077
0.233273967292723,1.28595579498726,-0.0419725243172983,-0.810861442124877,-0.463841064722888,0.645540428588706,0.814370403874583,-2.02072888519933,0.345393449649849,-0.106327791316604
0.856974582667764,1.3544793328985,0.810637091277459,-0.263721709490688,-0.1364705529799,-0.176105252225809,0.0970583152010175,-1.0023885303816,-0.937493545677385,0.961072142533636
-0.78283255974483,-0.44199672428747,0.279245688395653,-0.264524966102334,-1.01680806783306,1.13126145643098,-2.0279866227406,0.528447110952861,0.595272769017122,-0.0351800502366309
-1.39047959660867,-0.459318628266577,2.32149081861777,-0.85673031779261,-0.497308530295624,1.84604043651322,0.469368711729987,-0.0199891768549202,0.638614387420158,-1.19752145622572
-0.99226046120711,-1.74734449219367,-2.30396988371017,0.678842954547069,-0.178165144156923,0.874537968702616,-1.30432159684588,0.471561618865787,-0.00167790421351339,1.13175951420909
1.26785465620631,0.841235475199356,0.610893172933575,-0.263374325439265,-2.96929938676724,-0.865508337574457,-1.02046233917336,0.039646866237996,-0.745765367381256,-0.97851724099378
0.388552233576775,-0.909238149128245,-0.386049041093855,2.05195514634623,-2.4647641100028,1.72749191350484,1.02546096065542,0.738370099640927,-1.8942768226505,-1.0089313185876
-0.0575339726900466,0.349795622129838,-0.468310533106588,0.281876144418492,0.497149009893039,0.58273328476461,-1.52166441672399,-0.409557728355815,-0.0520181665379773,-2.07703117087986
1.65689014189691,-1.81455817897303,1.85838338792417,-1.73368046211052,0.839570774145727,-0.844085066344776,-0.410930613996974,-1.21733894996068,0.565031571856368,0.221710829622601
-0.258250675393657,-0.306912814524952,-0.121351092650228,-0.682727961391861,1.38446892044469,-0.0722612451945221,-0.628634632360765,1.5860947430051,-0.317295384101872,1.33498742229669
-0.654944148958025,2.57735662909122,-0.225102882362231,-1.80772429384366,1.82767114157751,0.321436932049439,0.396592151481919,-1.41470502571364,-0.698129009965898,-0.464526138234711
-1.12578200381137,0.0692585221367456,1.52333682199154,-0.824200804513232,0.83410952570124,-1.34691050195344,-0.616454867876071,0.329014899438623,-0.686235746040925,1.05454867831482
0.820256277747049,-0.716482639536149,0.157961000500591,2.51132902600107,1.41587945454105,-0.840748932964118,0.690599082911832,1.51858082250261,0.664612292966848,1.96427485509164
0.312145247500018,1.89763384132012,1.01296921683331,-1.45149598945614,0.209519850267534,-0.442148199038904,0.283943448366746,-0.454588386713769,1.48373053652489,-0.696664120543392
1.60674567988658,-0.461087175973749,-0.722015331349573,-1.35549465808243,0.614638672641028,-1.92898507842155,-0.926804712135587,-0.586798472451193,-2.71717044002307,3.57584736185466
1.56700927229028,-1.42404663557081,-0.426988796298594,0.581402170689861,0.137714677569783,-2.71699236994678,-0.528997911863233,1.07060275067017,1.27605695894641,1.59843690562421
-1.41916528859536,-1.0018789112733,-0.760778298173258,-0.232236135488327,1.13003999980095,-0.0619136476023729,-1.05038712345199,0.155832925669726,0.343859203612977,1.08570056926941
-1.52250834532577,-0.789889448946539,-0.716498184050988,-1.36261458657072,2.4438080321557,0.00468444928950186,1.76801937473175,1.8008533386759,0.224409834911927,1.12328941237586
1.98690263171415,0.720103558389005,-0.638712552172213,0.130419657988784,0.307687874603009,1.17704104353537,0.800913391330124,-1.2168343723066,-0.228011644463552,2.51747131245745
-0.694001227434609,0.0939572690981913,1.96595883183888,-0.149267149567155,-0.501258534721069,0.601497971478073,2.490944948901,-0.119917054206823,0.57377580067051,-0.167484938854011
-0.302278011173678,-1.35231257937979,-0.679874417496705,0.386903272056252,-1.40176431122621,-0.0482964788719425,2.03104996328327,-0.188129985775141,1.25454489759734,-0.452302806686106
-0.761428274452032,-0.65717788163229,1.27971507403438,1.18958170315216,0.245204317359432,0.324378219659918,-1.25255451914313,0.585337274834457,1.64501447371023,-0.637053579225469
-0.731702050805654,0.232615290223271,-0.155333962197033,0.66886844638793,-1.66050228181318,0.330283177296344,0.126892541189552,-0.638343027847071,-0.678006431761557,-0.592159979395549
1.12512954832821,-0.0632680496966925,-0.397730131856981,-0.420245725147739,0.182537525711616,-0.857524324130185,-1.2467996245853,0.0106650584905657,1.22772646244966,-0.350016763994638
1.32261568165954,-0.12080526289385,-0.0234907958086366,0.0781390654856469,0.0621944113014207,0.187332067364998,-0.0100386565799101,-1.2666613513295,0.122791023656888,0.646594382248237
-1.34874670274719,2.00961207078271,0.98795502813041,-1.24735711342353,-0.753109606424981,-1.29095872174462,0.483099910772151,-0.961383182750136,-1.34865239794286,2.07409838869665
-1.22092983755794,1.65180804121973,0.237334044647262,-0.47076558045124,2.22916938605667,0.466481816022544,1.81740715738308,-0.898702384114672,1.26465549719384,1.4931130782582
1.44613915485882,-1.32285225204291,-0.04855500294189,0.448526671592541,-1.96263289750684,0.0221319870251145,2.17737499252665,-2.27292042845064,-0.884882526520755,-0.596165683055365
0.0868732660462852,0.023853424315834,0.467878317086679,0.110053452175111,0.0958566453704829,-0.558460326921755,-0.82269133658754,-2.39356846338773,0.562017287503483,-2.58893590232244
-1.11302868059818,0.079224412130333,-0.424057461285773,-0.487869974504013,-1.92283070941119,0.769784095615534,0.0510005433171132,-0.680238702555738,-0.192868125627281,0.439711820413442
1.1599743975296,-0.611056788026316,-1.86343345412863,0.638749382948515,1.92981529618227,0.428557440320719,0.138302768841893,0.187041192543922,1.54795683212483,0.198493225090351
0.195308039286454,1.24823110810347,0.733362899517958,-0.516034386846102,-0.784796298014154,0.306572376453564,0.792256521223763,2.53423271556277,-1.36458258525641,-0.0666672210099048
0.38762437238656,1.53409463837837,-0.748383928693806,-2.04694939240282,0.710945780755206,-0.388459289024316,1.71501706710126,1.49181269328172,-1.16045423736603,-0.367679283316488
-0.457828939411603,-1.78180867440499,-0.169964561506463,2.64639003597997,-0.415157432573876,0.514260120337746,-0.116724822937221,-0.307864701177278,2.82681737359043,-0.989798767538649
-1.08748705718527,-0.169068219359582,0.899814915520233,-0.293741592117164,2.9192772375082,1.96375956852245,0.154761759536983,0.288861056939622,-0.619448050765005,-0.859370588488794
-0.442671453928903,1.03176302550205,-0.209796389142213,-0.411468397205312,0.0151684502988216,2.1263798021915,0.370873846055154,-0.472313449480013,0.480225104517488,-0.61283631761432
0.402422719752879,-0.974398733175498,0.439996081711729,-0.177389338633223,0.805306657560268,0.933806462149172,-0.512837030091205,0.70440372791072,-0.780840467743801,0.00127608446209763
1.37507732721939,-0.046466518852913,0.923041869327296,0.436846625681482,-1.75560562785534,-1.18420414916078,-0.182937774261682,1.21507682422933,-0.913447097266054,-0.584247319121425
0.935947949124899,1.00997407352143,-0.259242808755156,0.239490191882486,0.229541162196183,-1.49919668564645,-0.406274745993718,-0.224676531529806,-2.92591384146256,0.901425615703528
0.14019688339022,0.389716839305918,-1.29582053909619,-0.448540125838285,-1.06191040717731,1.27121104713524,-0.0213902826727917,-1.02293064156239,1.95716133750157,-0.603728391014788
-0.59319273555933,0.103070503550361,0.476394310882853,-0.61177775977358,-1.06546874458373,1.49128131412302,-0.331035065935014,0.404958385374427,-1.73829031465944,0.169985324763167
0.649340533134107,-0.411873100227321,-2.39971608748893,0.390018662752863,-0.24420003408955,0.48421422069338,1.15130688353706,0.308161193386846,-1.54658378850776,0.481888682419845
0.665850533606149,-0.979217190613482,-0.98091009892416,-1.75142850638658,1.06815380974033,1.00375041078193,-0.40755831328123,-0.418103147815323,0.238677769505188,0.537647315373641
-0.76915079999025,0.945306164916864,-0.200014689909339,-0.411484647124771,0.995298217046566,0.0696532103057603,-0.218859603297266,0.429534736503723,0.888243036355757,-0.350570323414867
-0.0581739838008553,-0.024804741314889,0.15153832971072,1.21865383561883,0.666940517481334,0.335525339468514,-0.828753623198237,0.0707521613607451,-0.604624173796358,-1.42935414125638
0.750728565821045,-1.17566084920295,-0.877366004704251,1.92859507352552,-0.788823847841439,-1.71243684096631,0.663601776091909,-1.89717841530995,0.273499555220694,-0.0813896918689986
-0.219270795859158,0.0838041896457547,-1.09192434754617,0.508181080777266,-0.455379119588177,-1.92657651994853,-1.02252365296786,0.837539396634366,-0.929875655846458,0.332649273023703
-0.0659708439945275,0.929409562027532,0.48359190044453,0.678090402217291,-0.132863096941184,1.05097639117079,-0.793487224163025,-1.65710133187768,-0.69380372125521,-0.162116580339261
-0.6835401257539,-0.447587394116484,1.67107351874479,-0.996836368921647,-1.45467522787389,-0.350956416549473,-0.733141041638642,0.0506066984755307,1.20949375024332,-1.07755524314254
-1.34886880082767,0.269226881527345,-0.841612427248312,1.18808672718146,0.169091438803527,0.271928818009993,-0.832344710039607,-1.95950336934282,0.136372791125429,-0.723709559212733
0.0442712483746932,-0.722694436627035,0.361166162648242,-0.247667942375134,0.152017288592825,-0.465792185983793,1.19052404571145,-0.0556578168787786,-0.277926395036957,-0.92882501356465
-1.08620374565941,0.965737155253426,0.0980815735251963,-0.0793076091965048,-0.806021109402645,1.0815565983095,-0.0888181751527252,1.33221868564366,-1.23173429389013,-0.153432634234119
0.330743864198414,-0.0381968840251834,0.271213921350013,0.338634413104142,-0.701605317514106,1.35725065313805,0.781564200459772,0.0226868614450273,-0.415510496942355,-0.227859918135311
0.700102871595751,-0.817050138646935,-1.20098460186739,-1.25028514879527,1.16953928425022,-1.91763005792537,0.866948587951247,-1.32835445732409,0.381491830149011,-0.559441497113764
0.342213907739861,-0.33866057939092,-0.75121000331091,1.20693897534734,-0.672193085973335,0.168300376143796,-0.985711075310889,0.332010359201592,-1.77163463903592,-0.129900313581769
-0.396213723182998,0.615540646839722,-0.0990116974434154,-0.780296256528562,-0.834453068989752,-0.454810318748868,0.500459951585921,0.790501639886101,0.263704024759105,-0.0764706412346461
2.86774682704281,1.14312527875482,1.37462272909212,-0.958564888520861,0.506786065255579,-1.90219292521009,-0.591572998772677,0.875861420563609,-0.196406050160827,0.325903022897841
0.798550885437197,1.04067197140414,-1.64374629629628,-2.26616879383998,1.02988144602352,0.973859584435587,1.04103167064727,-0.049727722207967,0.523812412166847,0.41719752995926
0.897857394381517,-1.3471888049167,1.114568422736,-0.931225238043387,0.858231253833335,-1.76761531468283,-1.57085625814518,-0.448723680278411,0.710409321569919,0.109369397701755
1.18786268754587,0.033065220745329,0.86340722254521,-0.0596054380605176,-0.423518888969732,0.335413234045041,0.80929680974043,1.57434684286356,-0.580105423231241,-0.708618873554469
0.617376307964765,-0.468692702154672,-0.213971854654523,0.756609000281267,-0.506433197983649,-0.291604122190918,-1.55414919111287,1.23029900845247,-0.924116168211373,1.99907979377274
-0.0455801298435405,0.871341962203115,-0.714654251250058,0.702074693616384,0.307466932073529,1.17226679982088,-0.0122703480579032,0.77562835052105,0.626177978355651,-0.93703880218734
0.715506635746478,0.194842679432535,0.699253796405267,0.605446160297227,-0.318602905795938,1.19679994877167,-0.833557529745023,-0.628291601066849,-0.59096396445223,0.49344577826872
-1.99309756226335,0.864166659793285,0.728211015979596,-0.280529265923941,1.35570192103394,1.8774313036312,1.99071525884817,-0.214637974188669,-0.137067157893431,0.12764929052219
0.740094494563535,-1.30421801565384,-2.65515280325242,-0.553989872417463,-0.710663027802847,-0.370620503944121,-1.95492089390093,0.800426015351829,1.2452697322985,0.997734559226724
-0.898612396911015,-0.969920179332533,-0.681067157256347,-1.22180268360738,0.322863481136449,-2.66555819261822,0.96934833076184,-0.509833605679176,-0.673906692719219,-1.10444158797463
1.95344104503515,-0.911828634523004,-1.64095321104276,0.439882462152427,1.98737827959535,-2.14205327023912,2.36579753676127,-1.99659730337198,-0.555862976961904,-0.870755907248878
-0.0407200025061768,-0.291725798611669,-0.452611842677712,-2.41907646426436,0.768447582760824,-0.743002981465853,1.12208779228754,0.551885575825989,0.862306054788233,0.0293864378502917
0.193062456982535,1.45757995855021,-0.119804448945812,-0.332848324030498,0.60645567799279,-0.985379910217746,1.51487024092472,0.00854204732951891,-0.896514316215444,0.539119125859999
-1.56963020868513,-1.28283978840476,0.454309058612828,0.229434921332186,0.250793211339144,-0.480784931360494,0.0210001528183963,0.0904686603894827,0.837889789098408,0.797694010900323
0.203475830209646,0.170860327063594,-0.0143104331109923,0.564920381115896,0.482019399993558,1.08549391230057,-1.33080059030981,-0.209731072226877,-1.66546819552821,-0.286613116530391
0.154119250656939,0.798442478277756,0.239496646401634,-0.361906022847675,0.251999068869951,-0.835475971647198,-0.846608850471134,-0.918682226212188,-0.829979351342124,-0.457910437346217
-0.375079441989753,-0.0783410499099587,-0.955816232494932,-0.567748203800331,0.85148637870876,0.572505812138442,0.0164019443675118,0.490114265777289,-1.13637304906322,0.23431909522743
-0.659988586394338,-0.216189483336843,1.91931770599224,-0.0204203185505531,0.0356581212355234,-0.479732416005293,1.62746770557834,0.350798848137838,-1.2255386653877,-1.42303974238757
-0.58999783040733,-0.801492445430417,0.81391806618392,1.70629337041538,-0.623179179778608,0.301336104998349,0.967029422156877,-1.71576292520326,-0.429487144056079,0.0384701741688317
-0.92597074721956,0.671834075284675,-0.456526818638124,-0.631420096175704,-0.268641610431373,0.768466015939178,-0.64510891678902,0.901263450389487,-1.84013187839372,-1.05067787438427
-1.53243801505234,0.660163212658202,1.31077651440889,-2.48198840581033,0.0266144883877071,-0.111858828756648,-0.432959454293487,0.159284241416017,-0.614099321813198,1.09164168699115
1.33313723069452,-1.93477638307515,1.11324181657056,-0.268698066851351,2.26488749147699,0.526208472326083,0.865199303178321,-0.159131681557412,-1.47195839280559,-0.62004475738704
0.713902923503534,0.36544855246169,-0.140885767554508,-0.310387577807498,-0.468588180995954,-0.104325995471841,-1.09298289379649,-0.532253798396105,-1.27701380948198,-0.476691736774476
0.926085851893479,-0.427884071711716,-0.0697046384946922,1.20576928250409,-0.599880044677732,-2.14848771587905,0.59568451082031,-0.0963208647172051,0.20119530225734,0.661516274155393
-0.399560996972091,0.513615871384998,-1.43158573037494,-1.12434936600208,0.878929114836536,0.165220905051884,1.70660971543406,0.769334415635428,-0.476905578720429,-0.74786964138988
0.691885161414922,-0.163641316978372,-1.42530382582953,-0.216635869245271,-1.07340411099834,0.220751833527226,-0.524646960780829,-0.396373289816705,-0.537897625135711,0.174149517199781
-0.232758465383388,0.046839845478033,-0.515978843237523,0.0233378566034609,1.20868446677106,0.484286841910114,0.774301189545973,1.05829835469869,0.0278443915351156,-0.132481164437092
1.99155689126146,-0.912673491233468,-1.47757051438975,-0.887080145159325,-0.0847153250912483,-0.990884702098881,-0.292763577842382,-0.883571234847087,2.5954380230139,-0.433378784528967
-0.228356447819014,0.152320859440297,0.630924525882988,-1.6469423522649,-0.425124931749257,0.0663940019603155,-1.70486825143923,1.14162621979574,0.248460884619454,-1.79031045444486
0.823721715586324,0.0965742384330817,0.0538530837084602,0.0422617858570525,-0.380555159510482,-1.67581967103406,-1.03431896991825,-0.221720806131819,-1.50998114990861,-1.21254233018132
0.55140969147157,0.592233960671993,-1.52591815252761,0.0828946447510215,-0.19370978324756,-0.980718113868616,-0.320479180196775,-0.0828662108632382,-0.71440135233212,1.31498076089207
0.0166070529008347,1.4936253643274,-0.0177085527553816,-0.365362510096863,-1.04393574125896,1.91664987924437,0.671925543790976,2.30003031943108,0.720651909815438,0.548599701015868
-0.563248443984659,0.0225771254968868,0.0394667618492813,0.665888092114451,-0.0430874057263546,0.507927303526711,0.77660253366268,0.23014304862925,0.835853621033608,0.428427719108299
-1.18849806267541,-0.778290375531214,0.0965611116962921,-0.157495652853337,1.52417802059951,-0.788906631446735,-0.734273711413477,0.00132042482143726,0.892134584978482,-1.15697668938725
-0.988030568613044,0.151166893935408,0.103306675628526,-0.402802617505363,-0.4243865719295,-1.67009254466157,-0.331927979442321,0.287804555698249,-1.59017026600047,-0.655427398734334
-0.0755306183793953,-0.671116450957724,0.801996309859465,-0.887453429319797,-0.381750441343488,-1.56242703656482,-0.897802040194104,-0.810283862602774,1.24902905690816,0.174728676555163
-0.955959743648528,1.12713887391599,0.237743848938873,0.0822587927665083,0.392727522554489,-1.07358205925724,0.884651087936373,0.760679243691741,-1.70154842794507,-0.105266569257893
1.49917647360637,-1.51343450830224,-0.583936000126468,0.346906660626192,1.4031378867515,0.956936143016138,-0.588602107826945,1.36285609619907,-1.44503578460983,-0.645355517739465
-0.445378553606071,-0.274665549171065,-0.222888435915924,0.097159251001793,-0.184587613015899,-0.644221491467658,-1.03899237396123,-0.339171347994773,-0.809918184524836,0.083766036242675
-0.0235256641946832,0.0781443532517608,0.463212437907326,-1.40784466715256,-0.88878156950043,-1.09559247827943,1.13060299017829,-0.346315764611045,-0.711326986653052,-0.649944082109469
-0.0125798408941046,0.107110974277872,-0.0630440647195357,0.372680359472317,-1.17013806145601,0.405847451450051,0.0722132287707474,-0.183311208155214,1.69882297983004,0.70166916528865
-0.881413597485808,0.486801783922337,-0.40073274046219,0.389763309964574,0.0884956473291571,0.408721332548572,0.458161549505352,0.196839026442194,1.57943482443345,1.46205070307582
2.43958216730184,-0.274466300540619,0.691718029522523,0.47588715139193,0.0126344780308862,-0.00623110739344943,-0.802995883937994,0.8913332598233,0.65896417824894,0.275113018140989
1.09274237096627,0.428327120271287,-1.31970658062704,1.06775939638305,0.917149456293528,0.124223361824575,0.675388898015743,-1.02230767283489,0.509182992561681,-0.54782315679107
-1.26882675616984,-1.96372424294156,1.97356877288332,0.276440108396363,0.00889201485654621,-0.883637380536254,0.41503073104979,-1.19248282072791,0.991022542600561,0.311423380295841
-0.559979600895942,0.295101089912625,-0.914926810459994,-0.418591459584935,0.846613558174808,0.654819135177057,0.46081111933116,0.252343786445932,1.57962652883589,-1.66629170376364
0.242520582085312,-0.582268171233853,0.484970424255694,0.626136934958934,-1.91818622064586,-0.048721068914793,-1.17652849997342,1.33499275656714,-1.98558365497022,2.21438160798322
0.500049647700622,0.0591582679222415,0.260170656407514,-0.796064575434845,1.07053580323263,-1.36667648844118,1.72505327357246,-1.06201712144754,-0.431159282230934,0.244094959513407
0.877497704052275,-0.00607207462708766,0.626727776800126,-1.18466152615767,1.57664878305086,0.984351774499614,-0.858582037491786,0.700587718108777,0.520694585779018,0.561214329971932
1.07537950719893,-1.63809564927886,0.608529446865364,0.0925954606297736,1.01319995318211,-0.128298593825595,-1.45223597045198,0.376006934994752,-0.549753971344875,-0.184470978074876
-0.414057876997423,0.239114786207388,0.815389537484647,-0.450463468728384,-0.118989034733403,-0.557621218299528,0.0204990506414433,1.74294009347344,0.122910387749009,-0.860567645472754
0.589633052991183,-0.11492467140832,-1.48389088932824,-1.73168330015436,1.24261956259964,-0.936266063286144,0.424439971501337,-0.942107976281428,-1.62669783408042,0.679873086559544
0.411433772284926,0.657865898129979,-0.966970758435388,-0.316626871960582,-0.382794715986385,-0.398214754902036,-1.37239541934265,-0.115340471580318,-0.20237260984608,-1.54158417490416
1.18296753437635,-1.53816848654053,0.57444221963803,-0.868094874048219,0.392811401389848,1.5269822594251,-0.514169102962961,-1.59224318460587,1.8117198350219,-1.15688617992342
0.227080907481396,-1.26270049693272,-0.320916642593314,0.479438193910138,-0.675882182264721,-1.61103783254383,1.85708264629876,-2.03883696487379,-0.848365853799164,-0.403260455608412
-1.03141884108121,-1.49228054066829,1.01491767296278,0.420901111880757,1.86205772571999,1.00672340743735,-0.867463398627788,-0.178521395308792,-0.355984760554776,0.912248816427486
0.459214286821799,0.241812193330729,-1.23348689582988,0.23608909822531,0.120618853660118,-0.678374586163826,-0.629296887922496,0.230314631738017,-1.19759142553224,0.563091206513212
1.06595232475592,-0.19490585057979,-0.688666372014788,-0.454555870663716,0.992285877633527,-0.628232461965528,-0.717933902001589,0.479975398449521,2.09382017552639,1.00131450394936
1.35851928775901,-1.24777864708898,1.66494078780089,-0.361782022857436,1.09424934492673,-0.232634998892973,-1.09725279432321,0.0626153003743313,-0.38184288374763,0.213419767368778
-0.545877547604648,1.96307132847752,-1.61875995659186,0.630215933689968,-0.514313591016422,-1.56831054812132,-1.0781722395154,-0.797001586006042,-0.81268864115473,0.517271791343631
-1.6634222927926,0.229829872380451,1.13785667384391,-0.349059464181625,-0.77408866686935,-1.22150533087229,-1.56617201600234,0.614761784684563,-0.00013078776856266,0.326281647367267
0.995667787883987,-0.0286137141111087,0.139658046751753,-0.568797979589587,0.893120232158285,-1.66693122626443,-1.50890504771931,0.393451174759813,-0.799303993230474,-0.00321474640035041
-1.30805755479556,-0.304831013437508,1.01516440385505,-0.69832567940924,0.831488189493197,-1.28652334981714,-0.225720810237454,0.31731723653495,0.470403267263671,1.42974831320793
1.47922742195614,0.446044145215338,0.107683688080588,0.725702896597307,2.03264123585855,1.50797808806449,0.0322997381068892,-1.10053915038688,-0.713266006526729,-1.23518403923623
0.372369536291561,-0.0421631882981672,-0.493606019410148,-0.963435606724819,-0.133434934946194,-1.35705081375661,-1.83593623493733,-0.524255706009705,1.4872690644777,1.70375669041063
0.55982225301786,0.574614090062621,0.174645279204097,0.928067216806077,-0.0145437811522635,-0.276051628805086,-0.621961679298091,0.680283073977631,0.984569467196799,-0.279153163990075
1.34379607459442,-1.02987385071877,0.990755292714827,-0.346968214408086,-2.23488641012704,0.663588806213666,0.209626368843814,-1.04010023178055,0.405995082067413,-1.66707451877561
0.430312225503207,-0.0491777961796729,-0.462325950936141,-1.71886218436754,0.215867531284677,-0.19668640083804,-0.737086923582856,0.634507857024258,0.126400493661975,1.2287180800166
0.552478456006954,-0.892963540533404,0.00289401362790659,-1.21871062103039,-0.253494859629567,1.08651014093615,-0.309141536485172,1.48972061601023,-0.492694738586545,1.34609463548537
1.09048018953324,-1.21939558819105,-0.918688290114764,1.72959323015536,0.44847312588282,-0.678699927902825,-0.618463828904354,-1.86980241043904,0.247506985633699,-0.993551621240937
0.497734683147025,2.25765445153751,0.124528933346478,0.936169897186778,-1.70460893722365,-0.459236287178578,2.01603429205236,0.0154247734972177,-0.168749749722199,0.743541737034395
-1.4066184046447,0.43332082926609,0.426484186106833,0.110262318017303,0.2740558225572,0.336293697953127,1.4343355556322,0.626896429067592,-0.605362436106378,-0.476036498525185
0.094923090793348,0.508515747023112,0.454037880155284,-0.113584208612032,-0.884368201516151,-0.365008241805981,0.537334666526267,-0.485123062369678,0.7328166449729,-0.666457846307081
-0.785760137601837,0.394923924058471,1.66074311501809,-1.10430685482131,1.11927250432966,-0.194121531317371,1.42055216184742,1.17935614487092,-1.1052899752405,1.24431860088943
-0.731138173189407,1.08654939442467,0.49878327586011,0.563547920038425,1.05023221889902,-0.871790593112982,-0.301669719728436,-0.748309117910061,0.0462655545405828,-0.448895859778937
0.817313491921444,0.325678839877533,0.0691628618746597,-0.317296231367353,1.43507588024311,1.46328379794561,1.27919427771813,0.386405573675958,-0.0749322882889076,-0.655633534726072
-2.51204102555365,1.445035097359,-0.234526402596097,-4.52041725757127,-0.250468711598478,1.80840771429436,0.971356135319433,-0.353589007319268,-0.164048691413996,-0.64094878740714
-0.500562382600837,-0.605192746156535,-0.948095553774572,0.557955391100054,0.796047615630186,1.90821461440636,0.519874447327315,-0.424284097672844,1.24810461692409,-1.67650451726842
1.65499290127751,-0.315983351872591,1.05946185792684,0.707789298853943,-0.908022318785653,-0.602351782459627,0.0442916851908938,-0.0641558700500403,-1.10858074442846,0.727360038976883
1.46665315503868,0.808404773255919,-0.263376313571449,-1.925486225176,2.91363994340925,1.03015503208517,-1.8156100094745,-0.198884726108829,-0.467120118802974,-1.83479431893541
0.543253146243984,0.966814373135379,1.3596577513228,-0.197493680828405,-0.782076811102328,1.05798007112807,-1.72263630130081,1.58867484803858,-1.19862675652288,0.36405375429635
-0.567596293874934,1.33469339862104,-1.97452306011785,-0.378375130355102,1.49033392850264,-0.486934550674415,-0.517493392224376,0.0596470798764997,-1.07471451715367,-1.34647062852578
1.33182267751004,-1.85780175443788,-1.04415713516506,0.781412657618395,-1.27372132923958,1.08442520777616,-1.01029312339262,0.0390962678259679,-0.0765280727029134,0.642845926298553
0.438816744334973,-3.23997998766437,-0.995926142317598,0.679338714655752,-0.114616494120315,0.250514172107117,0.740665626211349,1.18377512184364,-0.0243459545712736,0.24828815483588
-0.318061334368463,1.39280315516864,-0.844764102725766,-0.534790325497254,-0.363352410882592,0.072379908697311,1.09985236311182,0.650467821577125,1.19615475292758,-0.612822421084024
0.921965033962191,1.0110196693231,0.516184550443426,0.648132455270953,-0.20475778943892,1.68426805914594,0.406099198477675,0.439686063331789,0.526634514537843,0.841986136509898
0.815958352356826,-0.233596710574631,0.820888272968618,0.56250656358633,-1.530073714783,-1.38950357770329,-0.173495990750816,-0.0764877078632045,0.697472971734623,0.489331806888758
0.974145416621559,-0.702085304806125,0.385811023888682,-0.809867301455541,1.11956383971594,-0.150132332004259,-0.190597107491337,-1.36332873189138,-1.60646271134254,0.322071786367963
-1.45838673755317,0.291461827281862,0.592894167707042,0.496988997315215,-0.456047790327812,-1.24311883323483,-1.37018205041545,0.67855442438542,-1.11720909896456,1.44678707980047
-2.21488973747208,0.690926113559067,-1.12793904647935,1.30472929467931,-0.784222961835526,-1.31176393850923,0.834764242900032,1.41450778850984,2.47845665706269,0.672777663406326
0.350485762460952,-2.298535245837,-1.51858613471289,0.994529549828374,1.15658517942632,0.310149166357345,0.61645139628568,-1.65056509853768,0.295115727635901,-0.134850942278545
-2.046756273191,-0.438114248356265,-0.834975584908229,-0.084376878103169,0.773398101377062,1.02627780916727,1.05957663855859,-0.104477668298486,-0.276830545166661,-1.72508641379219
-0.357865568115336,1.70770700080448,-0.474171823816687,-0.769923218830123,0.521289537722467,-1.24528536448267,1.28497940491589,0.656807511767241,1.60830146097347,-0.0367228991769524
1.43480430383787,-0.727880816946624,1.24028957286753,0.0525445181127133,0.781167216564687,0.793187008213272,0.48251534056123,-0.439812623781111,0.61982620582109,1.34482313817965
-0.0770319996760014,1.28040516060318,0.618460107268383,0.61578739466783,1.47281020448239,-0.318626091442645,-2.04458335957083,1.8805889867464,0.365177387172308,0.821448194385841
-0.508421555143616,1.51493228927425,1.61845976489906,-0.95754968790514,1.1681188121075,-1.10273924861707,-0.00428588519588742,0.28840470963372,-0.4178522896672,1.56696930373947
-0.168761653095632,-1.57025349882598,0.0203053135878142,0.379323894746413,-1.26102638164827,0.00715378883780959,0.713470711002474,-0.359242413903549,-0.946583971060048,-0.295962990019643
0.650061977968887,2.05177190633531,0.0699741360762084,-1.08168503204781,-0.980470482181845,-1.17973195733983,1.08366940473059,-0.232022861281166,0.389393173903559,1.01396494812907
1.30300470771338,-1.14733906852985,0.877271852446135,-0.190281818316335,0.953762041658745,1.71924285449227,0.208223101741631,0.569111856013611,-2.36002457702857,0.755343571634666
0.268428579508503,0.101282946828521,-0.349992962805796,-0.057188468300571,-2.16038419834146,-0.106172299009259,0.478307778867202,1.69658036480072,0.319518772054184,-0.222340048724814
-0.895936810816964,-0.0881824277989922,-0.718071599891769,-0.154345046206945,-1.35274761644346,-0.363660595812705,1.50705870378321,-0.653450382023847,-1.1890196846288,-0.132201454079842
-2.26088037332273,1.04523949868281,0.0055250374844529,-0.884050929230296,-0.820284632639535,-1.60461926476042,1.56757506337065,2.69157945813061,-1.26710424795894,0.737255418048606
-0.479745037452007,1.3247592572429,1.11705218736201,-0.732749161009354,0.839330719181721,-0.369740126632749,0.182152196973595,1.86869900273516,-1.13309046199413,0.508695561576746
0.0734754809196649,0.0116457966679987,0.685782995252782,-1.39498070013045,0.0110650733348254,-0.804195896644706,-1.39121223531687,3.69695875175959,-1.39923197732779,0.405780553095849
-0.903168961712402,-0.571514984828468,0.684436034604739,-2.3659879302483,0.98050969679516,-0.464274384705737,-1.208171447945,0.866853004461244,0.871499578726689,-0.924281151774108
0.167031041582866,-1.11762622622889,0.71409419109748,1.4221445069416,-0.462590358027058,-0.462288240227993,-1.21809126291804,0.0445744191881267,-1.05903138703784,-1.12757783556035
0.12731692666113,0.00777091775180449,-0.259934453906438,0.163644730750927,-0.218175287591482,0.733928332876854,0.911812619447857,0.301604051083455,0.299935715326379,1.33883016437498
-0.198546764057907,0.206376203373538,2.23762524869743,-0.255019100973801,-0.394086155306029,0.998061049897285,0.835779017172293,1.01290588737194,-1.24554214952181,0.929749027571016
0.213982957372663,0.0660098307177372,-0.708979666578016,-0.037128107340336,-1.70796824408048,0.0279064250959036,1.5141341060067,1.54472514457743,-0.0183894060451339,1.22241675782151
1.04802124196216,-1.37081757042245,-0.862325205021867,-1.74539615079774,-0.37641149062154,-0.172047531488699,0.204303342583218,-0.583498755105248,0.853582521705279,0.014145050466903
-1.01729583632559,0.187031107166852,-0.26817222471175,1.3830131390571,-1.47688032572244,1.74582967104867,0.253921663201005,0.896108084174563,0.046113843530494,-0.204419913297072
0.504974757955617,1.84536368215204,-0.483204475758721,-0.0973271986719478,-1.01334163077067,1.44654104083983,-2.16624283257848,-0.30353361792982,0.0222910684088709,0.587509771164484
1.24502732449652,-1.63584971170624,-2.72745506283272,-1.29474512813035,0.338074484770522,0.053072786504964,-3.54336101254343,1.04261180383907,-0.980310866976171,1.0263759344356
0.77523504764226,0.0906284569375763,-0.695597212613765,0.491118216673723,-1.88448050893009,0.645041453338829,0.172610901248333,-1.35196260733955,0.502814125150782,-0.83131807695191
0.409085440478249,0.266149351139834,-0.679173344394423,-0.917835735712894,-0.17903884109045,0.487777034566963,1.18393408143716,0.694104494578174,-0.709527928035619,-0.0941110893525089
-2.75962859205772,-1.48622430880147,1.49814569976183,-0.902823055492022,0.31336573510252,-1.42158299151519,1.04618392155608,2.49576652092657,1.40789345118831,-1.26349182327376
-0.843723451906191,1.86537615923215,0.370239755642471,0.564871813687548,-2.58003488283798,0.274848682096177,0.125524346482778,0.316312838890204,0.240537868938777,0.166031450428697
-1.32147226953668,-1.06861355834236,-0.00404026818415293,-0.633554169671073,0.210747532410184,0.464160662056475,-0.0818312162654497,0.118969811007949,0.504329301979353,0.956407968894638
-1.36175823212618,0.149243441700166,0.332220368546689,-1.58001092831219,-1.09556349843337,-0.118552259453478,0.628833494136601,0.960475942999555,0.475837922048301,1.54034713320204
-0.618936621709937,-0.305196688760933,0.826835891978643,0.320234320586846,0.633509119849732,-0.0899339163394927,1.132074359224,0.467091965944574,-0.962212723918369,0.82602367789836
0.0298802705988256,0.836619732701463,-0.684282578660828,1.50007733617251,0.402535836008893,-1.96059783052593,-1.08786186002503,-1.78712038407553,1.13933886580532,0.0892087413395927
3.13369615036099,-0.193141509595292,-0.799930783816032,0.223278622211504,2.65795647649559,-1.19884355989507,-1.03758463664627,-1.45970771285861,-0.465362175625622,-2.0204303146141
0.031939037120907,0.538179412566694,-1.30068885578693,0.15733935865919,-1.02729667118941,1.18613873361674,0.120822235278033,-0.115220395517864,-0.905546940408048,0.751340582034343
0.0981518258474359,1.07178819625528,1.92359609495413,-0.885623683091617,0.499811369029438,1.50791462164676,0.493834509779691,0.310923440902669,2.18008701370706,0.569723834634162
0.262034183844822,-1.27489227894031,0.775954936455558,-0.681897594036412,1.03992971646589,-0.22031545979977,-0.894984041494046,-0.975841222195944,0.529088198417263,-2.43969193298749
-0.126412046470349,-1.5832920846486,-0.835545471971054,0.554548819322458,0.772817342560302,0.324942449820584,0.778473021821651,1.02462037199107,-0.936151390970939,0.526481103588165
0.369122847813703,-0.795293395585663,2.03251970240201,0.325272825145102,0.355332161285811,0.453368128950968,-1.15388720800681,0.085947485976542,-1.17325157355768,0.06483077839271
0.417104942218842,-0.0324891208865974,1.20403535709265,-0.840484538949283,0.435666090903018,-1.38862572029454,-0.205611881958139,-0.251666820215826,-1.46279331858457,1.90879372572181
0.172679535700106,-2.04947138515948,2.07769066203567,-0.038463845282991,0.19492143455472,0.270253366938177,2.17550753272716,0.00361104696997713,-1.85431400458821,-0.551772415902834
-1.4012017806906,1.96599227686761,-1.58579966602373,0.18784115297489,1.87074814349222,1.07482365879063,-1.15236414435808,0.37010458597958,0.697510423696876,0.141648930531783
0.998412139702993,0.552430233799686,-0.22278447621897,0.397584191466665,-0.773942514107071,-0.0760010851624958,0.208358888754775,-1.77574390362538,0.767578451223977,0.877623107691305
-0.577529524801718,-0.930787493378059,-0.29878146234102,-0.95395565373124,0.163305169195355,1.58167110734766,-1.12799109540138,-0.95455061253933,-0.649349690239743,-1.0108206433493
-0.808705446271825,1.07287674724233,0.716418557341677,0.266137712366825,0.172972899537677,-1.29843469322644,0.749289659808301,0.357482237810147,0.0788368479843351,-0.716538847255778
0.901782873958706,0.546747790021251,-2.08236530626538,0.372975558516305,1.2484290338567,0.012724844479154,-1.71194576415964,-1.29909808775505,0.348134723809212,0.272796814512025
-0.645705046619912,-0.170889975305585,-1.12028961793799,-0.421200160247801,0.0472122747899379,1.36021314062227,-0.925321560329658,-0.436020312540627,-0.534122304916807,1.70711693559648
0.217149299768541,0.0699738391015628,-2.54993925602308,0.470716839105099,0.125290401159519,-0.892217054670976,-1.43398951460869,-0.33408840643371,1.51879339986471,0.770352386970914
-1.71853189127915,1.21935359487232,-0.926937518977621,-0.0371338476431351,0.624950551736231,0.153384078504253,-0.989814286402626,-0.452273737589092,-0.180843513649593,0.845909311195696
0.372356036515144,0.517060340801465,1.27046301683299,-1.11858342461508,-1.1738962779625,-0.757214422006357,-0.0492685624805819,-0.508677604098254,-0.108455904929534,0.0196419483102922
-0.00654410957164344,-0.925421218503718,-0.44114000274392,-0.665291258793635,2.02654666751241,-0.538898902936735,-2.18508311988572,1.47755389258921,1.10452374130635,0.395981609296905
1.07991771874602,-0.0624932839353494,0.330429024491748,0.449937442239515,1.74308502054112,-0.000804981431672226,0.678868318441384,-1.54587138603169,-0.815125468128651,2.03426259687709
0.877104445726414,0.315652585231575,-2.24444621334557,-0.741930781818986,-0.0460854657924623,1.38782519321195,1.45995442858648,-0.411197201508083,0.462658905184392,-0.345321108181818
0.568989321878293,0.590851351879927,1.097671812832,-0.685666192413026,-0.813992843171666,-0.645577597553494,-0.772962513185206,0.813257041124049,1.02532535879985,-0.20621223633336
-0.326015470198699,0.744200890249857,0.494551168618545,0.00483745746459061,-0.767146602603737,0.997533221918467,0.492094313912099,-0.745199929546624,0.788638314753041,-0.78024716972747
-0.669079592411061,0.0593204133773122,0.633351452087937,2.11395085477794,-1.67639166642595,-0.711690702491295,-1.07267852181352,0.376595692838319,2.23469546682728,-0.0121308701160823
0.258435269812003,0.546374965058193,0.0815782052757602,1.5644305237969,-1.13971675793609,0.510589694077221,-0.685743657433235,-2.07808891544977,1.36087902719912,0.362370814292792
-0.342141986181693,-1.78694967468608,0.983948896333837,-0.0477003618349,0.131972469142883,0.797349202066149,-0.491615592968555,-0.33924365260414,-0.181947396069774,1.00108274675717
0.555274329590362,0.0806761317761357,0.279913487914291,0.340300953373159,1.13657062072335,-1.10632283848832,1.17476899912305,-0.0765586426792468,0.369473495305693,0.611639624362308
1.0276390012988,0.21796289720844,-0.438217124193959,-0.344538463364103,1.26749244444547,-0.743010706595465,-0.169240903102027,-0.344224001973449,1.28572392714252,3.34962952838589
-0.209085327722012,0.357915452074236,-1.07419013203651,-0.178456674893094,-0.309794277725236,1.19201674353453,-0.704299762406687,-0.117381605030958,2.20332468017636,-0.315685712574479
0.454512728653679,-2.17863483030398,-1.2661608505022,1.58323449453849,1.59961886368399,-0.55755555886626,-0.70761758553458,-0.665685910798621,0.885441177539855,-0.474156240656554
-0.377328415873302,-0.0141260266492065,1.29738094451115,1.66911829576931,-0.941009394267149,0.523189042136175,-0.369725777569057,-0.962948692499528,0.246623514419054,0.181328432777899
-0.251332266619971,0.395080874855569,1.70207566395002,0.695826772111067,0.278173562559675,1.64010336472189,1.52166857897855,-0.510515080774429,-1.62599356360471,-0.107737104820739
-0.103430902661716,-0.070599982141154,-0.468265200324883,-1.01040932935704,1.79129928072171,-0.050486190646125,1.11700473061666,2.86934589252703,-0.00773202946191481,1.4431474566495
0.255666461946779,1.6946891874431,-1.41360393488099,0.403438757299702,-1.0517059427309,-1.35778728712119,-2.07754579207801,0.266568365259496,0.160535842351169,1.32456893447928
0.648132381796988,1.0701190123814,-1.05759293521795,-0.946960875441504,-0.40770430163201,1.19485499729916,-0.354913963127905,1.07126847195191,-0.923487801636103,0.795622483779217
1.40049658093519,1.48460206377506,1.00096877199383,0.469576793569057,0.355184007194946,0.707924999387858,0.300502555557263,0.787748643336045,0.481962636456736,1.48096883613379
0.964718641424019,-1.63119072753696,0.64110080468046,0.508779113446577,-0.362704181541229,0.0165370000989804,0.45329091351465,2.81952311823325,0.177286798780773,0.162244289018897
-0.307926697269776,1.1027319331364,1.25447095370949,0.665137142359608,1.32975444679558,0.50536423172789,-0.217088733002809,0.382412557509018,0.153111989893786,0.892558376950145
0.628755077653242,-0.648083456593532,0.713151213184605,2.65675018692415,-1.1677998585028,0.209024145001899,-1.47310692674232,1.00381275370123,-0.179451981853634,-0.200387290318863
-0.028095683599628,-1.62363010125934,-0.469636717759685,-0.0472612267108322,-0.215286341372676,0.122857612295882,0.602912919716237,-1.08936250519783,0.0165311959794531,0.848414509814042
-1.57327972963898,0.956118635001627,0.619464456129577,0.581670274187954,-1.44064822671958,0.290425623115358,0.29881229363597,0.282778964218343,-0.562201466124935,0.432465433077454
0.446208724224909,0.863088380256825,1.12069267617037,-0.0356905221147494,0.568230906568953,-1.21873593310142,-1.28357693201186,-0.342286896723153,0.864569295879342,-1.8314791594328
1.22393244458172,-0.331665173872999,-1.1832748406837,-0.217678640900011,-0.596062913509765,-0.394726985258933,-1.22530170617559,-1.08254634706542,0.442084095143298,-0.137650077019816
1.13436414202722,-0.353039017766012,-1.42250460393938,0.836243282938214,-0.577158745877862,0.333554863557477,0.168955950883774,0.176049070866654,-0.176574375126587,0.615956751886548
-0.745339713408805,-0.774070835617474,0.309752134342625,-1.03221651022051,-0.627719505482791,-0.813367123165861,-0.605003139085612,0.654844772045447,-0.717062097021683,-1.52605305693039
-1.38617977473729,0.863599752066554,0.132323727923817,-1.4908743208556,-0.852245946954266,-0.393830171000578,0.099633796968225,0.897528512880069,-1.56160994680652,0.934539078731464
-0.267123042559094,1.32342950662712,-0.51308486002709,0.886843007710965,0.394953065874497,0.160287254330434,-0.209847809983811,-0.90381175707763,1.538417207261,1.97418190505848
-1.09890821829974,-0.706238206101287,0.564065877396495,0.877340885906841,-0.21306125206387,0.796693762422697,0.0454886672302311,-0.535471621602765,-0.392582794611935,0.206682947940524
2.00876314770277,-0.682144063177186,1.1420184674618,-0.275145071296223,0.400831767261806,-1.95298192676072,0.573973000168053,-0.663388210704073,0.983392105856854,0.220809454262907
0.0298538863082931,0.534508977662406,0.918591237138431,0.881794180190915,0.813410622798941,-0.0395286192640056,-1.23227517655861,-2.29354172513001,0.398657360627878,-0.390127799420417
0.391776014082152,-1.81907687818057,1.53914218130839,0.860571573177943,0.663081915320495,-0.816938858168785,-0.491334093753121,-0.281772047195554,-1.12199367191973,-0.0468564201003335
-0.369546116321978,0.517099913984542,0.463806205207517,-0.66832115281483,-0.521379847158188,0.616470505118995,1.03459357265828,0.753422397831376,0.779897213388648,0.307624628578352
-0.114027670598615,1.09962547356817,1.60713420109698,0.531119208149047,-1.28129121832149,-0.236685431004908,0.514437266113683,2.49934305275531,-0.479434961752146,-0.699327684900947
0.909897416376594,0.152483090306992,-0.0745323022019162,-0.778627326555832,-1.60533056985063,0.0935257250971113,-1.27185339210649,0.513574868222422,-0.264189505597725,0.52476043737316
0.0322500359329655,0.844140590213874,-0.649760354697422,0.0573133132898724,-1.53905073225909,0.572587228066107,0.5061787793896,-0.720651874974274,-0.767256775165333,-0.456973005698446
-1.12902594768877,1.61564719683107,0.717872540511242,0.287327022038006,1.73618646268281,-0.484542616126342,0.428510116992266,-0.410676226515219,-0.965747437986953,0.644492238932281
-1.82000836713255,0.695979042768381,-1.03719224598924,-0.30560554798057,-0.688160177824524,0.591793267197189,-0.543793333534886,0.122840972459716,1.70680637539495,-1.24244570788464
-2.00978385625797,-0.27313730550028,0.761116031566013,0.541962691925408,0.988522987891478,1.33067297731436,0.223250415784566,-0.999652971771602,0.974855522994206,0.474009766626783
0.103871569323938,0.0682436341655859,0.0112380269823357,0.950769620293085,0.119065671765884,-0.20510586329199,0.69874051581921,0.0985712007734376,-1.41552842534005,-1.09158765364111
-0.46298619476391,-0.098215415459756,0.577187198886245,1.02277878930832,-1.10945771435334,1.27325633084197,1.0725247878095,-2.20669076499737,0.722404428992832,0.181925083092399
0.120296888196919,2.48815967344905,0.600811599670751,0.393498360772267,-1.08606623758986,-0.830451528372393,0.558127180550862,-0.248485155668286,-0.791007921327705,-0.944218888585207
0.62402206945431,-0.697460957660032,1.43136217518034,-0.548917186002839,-0.276190478588932,-1.10857559135862,-0.3315930575841,1.11864869809434,1.82469908514467,-0.289935251760846
-1.52785541506046,-1.02072646365567,0.430315226006318,0.385403838133052,0.205716094909602,1.34070407736983,-0.0552343863256896,-0.300631540528785,-1.82535161718741,0.831445079088945
0.0502512653145286,1.20588434284961,2.06731356743486,-0.500423039260528,0.514540175121369,-0.0596481024175069,0.846281157249862,0.444325518026786,-0.691079223601578,1.15675814334799
-0.660706128232871,0.0352046077559511,-0.739838780058404,0.273868748546014,1.17547676011243,-0.113869741726611,0.322797730014511,-2.44812791952651,0.389254058495178,-0.49248792537223
1.12117963561461,1.22898210384353,-0.356063589304483,-0.0582119870806789,-0.296919392437305,-0.729076945676468,-0.630195542632748,0.698563442785225,-0.279046929193923,0.127315094839567
-0.081643368480064,-1.08551044270514,0.206032656830129,-0.688878157922918,-0.678701845156209,-0.115323770241537,-1.08585477305308,0.866512716908894,0.083898775104586,-0.557205330906985
-2.50969315011388,3.2423108579026,1.18222053899438,-0.47006980572305,-0.234875678009437,1.33788330527081,1.29436801400902,0.0733693390590453,2.6140399494107,0.71464977088702
-1.50820838127574,2.00907824054096,1.49017984734408,1.2495212545309,0.0321135937452346,1.88706552218393,1.41916301059258,-0.901434800015783,-0.00453204866231104,-0.841970567373266
-1.59956259474996,0.0877878870667439,1.53008189704903,0.675223523850737,1.04506879732082,1.22095478984309,-0.348892106989891,-0.645940198463425,-3.7340960628048,0.888917594845052
1.3468415933849,-1.90518971459356,0.331841274973095,0.871653886615914,-0.406237518608659,2.66275046944898,-1.35017262926675,1.10689413425685,1.09297484758663,-1.36137591223345
-1.08175674139292,-0.386200776319746,-1.84567818786203,-1.06707084844761,0.439652764273954,1.96184725329353,1.19920071054002,-0.264084993495029,-0.563569543622082,0.0531294939106558
-0.0609044695651093,0.175388729556313,1.45277706131831,-2.1261764732421,-0.181574531811307,-0.214782362352655,-1.19639502887623,0.892823210527899,1.06605502559483,-1.67324010730177
-0.685382107103243,0.959270413278717,0.733161773311484,1.81985272924944,0.592455583321105,-0.474418896091511,-0.108401930146468,-0.21850526321644,0.161366822454669,-1.12197881254161
-0.220051692942735,0.794051670940223,-0.436488418665942,-1.23081015034561,0.918210123304434,-0.387217048090367,2.10354083105752,1.32223640296301,-0.667131442891172,0.403294841134777
1.95481354518885,1.16492923073879,0.370374129709745,-0.0621520905612261,-1.93350458665497,0.548156423733558,-0.0272510026523019,1.88429075679462,-0.471773407409427,-0.256321453142421
1.14922218048553,-1.88207237651751,0.252239648215737,0.566967356854887,0.276836146105149,0.233689242375771,0.952664735924294,-1.99590511622145,-1.3059779966874,1.42710729426437
-1.00740573610207,1.72298946093515,-0.375412650898499,-2.65764783879928,0.440745671588041,1.7384010241611,0.241707681532499,-0.31769355660295,-0.451852934658488,0.929972807907766
0.944403970142068,-0.511145338435469,-0.263314532742759,1.02345149505879,1.16053664149758,0.986049747507351,0.639303337564854,0.0359688675390375,-0.0896411853124427,-0.614734783812735
1.41850577469451,-0.579404284335626,1.03270513190183,0.506072708369718,0.42500835651793,-2.04161413974085,-0.295524544646825,1.05720667878997,-0.0970853121854438,-1.26101353506532
-0.958161433523292,1.14551547251768,-0.171522115258712,-0.595788023140078,1.62099090074812,0.627279568502501,-2.47598097840889,-1.06646490190509,-0.268336587363007,0.111196282865483
-0.181639597830374,-0.813596508129315,0.871364771210945,0.405458878170362,-0.553043052652963,-0.482609522871509,0.667005720686495,1.48442926043126,0.654071105107774,-0.0708538961472856
-0.636792920798327,1.18323886373559,-1.99968601793816,-0.201187762934921,-0.593230624391816,-0.923101423275986,-1.98765716185491,0.575152092169556,0.18627341177166,-0.3870360178712
-0.0186562623610606,-0.809672677868833,-2.8896712232707,-0.00257724011770486,0.509627270357343,-1.5538502351386,-1.64636312550137,-0.0513650136859884,0.629538916989077,-0.868488564675423
0.211290882919813,0.207306530110774,0.548047052892588,-2.91173971658066,2.14544119333679,1.65494632344078,-0.418210455946777,2.39701382178739,-0.4338634488615,-0.178494920570179
0.0639777901729488,-0.0762294294364678,-0.734736571636866,1.48400710851437,-0.180523370365216,-0.568172275268771,-0.493940327788837,0.914097789080168,-2.06323811141873,-2.39210701430242
2.31105134210266,1.8800871158091,-0.281655909363816,-1.24648067490499,0.600626537753483,-0.743747992815979,0.951355834459372,-0.677630402727063,1.12513446545613,-0.447721061938043
-0.948931359652626,-0.957805436547064,0.795088435417005,-0.395133435849808,0.549686687383152,0.0807243951656758,0.723396596968749,1.22617955808502,-0.16431211044104,0.315094889678087
1.93073082770199,-1.44910731432177,-1.02448370970054,0.947343465918437,-2.11021927667631,1.60259833390449,-0.242329150297307,-0.385064553873488,0.995763995563402,0.437693531851827
0.824209500611793,-0.550059113367127,-0.119543026117941,0.0665872011479583,-0.14355291883261,1.01015820369766,-0.574125271505551,0.297122906956328,-0.949823180199921,0.851963006578917
1.53395281637022,-0.509604440928748,-0.222093866904254,-0.0967336089802755,-0.490860280373868,-0.429793312562904,-0.379990927456511,0.596495419600947,-1.37011756200646,1.06140342812204
0.182110239191164,2.18294223414829,0.482599505933004,0.920211423340202,-0.545888892505616,0.351658439641021,1.32193022561418,0.138103109667549,0.998494119943219,1.15184704112036
2.84280225232929,-0.810787298026427,0.168623282174484,-0.967616874698181,1.31772120071868,-0.146750170177951,0.0102940437363193,1.56620487044952,1.00481297378006,-0.0824505970839232
-0.259369223308706,-0.512883703773797,-1.90670625977508,-1.76669476147514,-0.8508820119761,2.06954810568347,0.0943789054807808,1.09926642267009,-0.283254171647279,-1.24555488002702
0.0939233360216774,-0.197343811066679,-0.00143205290782347,0.190040382515637,2.31540709220149,-0.430209723663085,1.07027930213298,0.42976306307857,0.32968462109511,0.709004679311129
-0.317820633752619,0.178259538345934,-1.71039669995347,0.107883895440896,0.359448000509002,-0.783842394351033,-1.09003128679667,1.13607726465977,-0.951624188237756,0.333384601702714
-0.147397495942219,0.43858413678899,-0.0897027696251066,0.977002085992561,-1.41911545641927,0.405347239590352,1.19049549513633,-0.163701830468962,0.217463202372578,-0.731180352207807
-0.530601227133242,-0.568758345445229,-1.623709859592,-1.08456964160863,-0.692473449022573,0.760095540407924,-1.24806124114596,1.37625790081498,-0.360641065636048,0.164346433431252
1.05953647962648,0.494755039526292,-1.22514637596668,0.00790111114858115,-0.0577113927802262,-1.20888936260755,0.0455818014510081,1.02823988750656,0.800643083625644,0.165367355184018
0.314645165847605,1.8254419092417,0.0558396865896504,-1.50319075770745,1.28282870715195,1.81285013801641,0.700770980322955,0.785267576630586,0.0109000294498789,-0.448773394511829
0.512915039248311,0.641573009817295,-0.428104730567327,-1.01320128367318,-0.730288842515624,-1.38235829349317,-0.233023622847363,-1.50177292903822,0.292219049163197,-0.908499515155984
-0.118754864339331,-0.0586402647816563,-1.32370411806023,-0.325584564116916,-1.6386223274999,2.05447916343001,0.095540930063415,0.237794098717434,-1.16575647731737,-1.32967358419014
0.448794828537206,-1.02967303950362,-0.0971766083792324,1.19887274677877,-0.834660511402942,-0.234837880528766,-1.03203169203514,-1.91848851451868,-1.8561553642442,-0.554665282022598
-1.19673677423171,0.279334739073147,-0.378990148996354,1.86723227909746,0.405806063197405,0.208937165676578,1.4284308219441,0.105619825759628,0.54409182039292,-0.529129173804952
1.71201499279344,-1.84172370478662,-0.0551342594482341,0.709267855872628,0.611796025413231,0.883217963482345,0.27467941512861,-0.089655629417251,0.22254728924881,-1.14815663288663
2.22911238190705,0.936551804829721,0.763315417852504,-0.835790719290243,0.846341962137052,-0.753231344288807,-0.356956719783827,0.17413686162356,1.01611959155983,-0.642260835365915
0.82242503756335,0.701130742909621,-0.935099545712777,-1.33274977518543,0.665595405963212,-0.621413230389557,1.23854074896268,1.94313333971778,0.733920133632732,0.307532955025635
1.52495883352346,-1.09677916221863,0.0677184672291873,2.01443063805709,-0.679362474437002,0.403018838183971,-1.75838181690785,-0.84234593448017,-0.527004134406815,0.949280607934719
0.0915715785014747,-1.04540060431952,-1.1393180700022,0.894406668947536,-0.766045515438033,0.44676220644427,-0.362213769087687,0.78296672575081,1.277787592342,0.783966358299289
1.2148443142587,0.0217347141575285,0.259471787283186,0.685050540564308,-0.0595881613836226,-0.414164929554144,0.658634277130631,-0.841476825802877,-0.273311679686801,1.45607683939746
-0.204453411597357,-1.30191342252772,-1.26477581477789,-0.400602819971171,-0.89841100632274,-0.997097302798158,0.887750358706501,-1.8637631205795,0.0276817405181967,-1.16339015646494
0.251596849943565,-0.209470967760522,-2.04599130703721,0.280630490329227,-0.964362200011235,-0.362391971450994,-0.531183528731562,-0.55219819251889,2.12750889531419,0.739839975634717
0.488707408216247,-2.25735954608571,-0.102827018750048,1.26339462865569,-0.17783759185215,0.336067134618987,-0.9179399227253,0.0502611949185716,-1.34975622047492,1.16119572163033
1.27785455403013,2.07623475528524,-1.12986001918861,1.09898422153447,0.248640478730055,-1.93313658733022,1.14944175838053,-1.03395089790277,-0.465030026824511,-0.377074994512354
-0.322586678052582,0.154910986713205,0.197749729130152,-0.746613738891294,0.549087594935532,-0.592471347749182,1.36399560240106,0.697720588359701,0.753866450732546,-0.261609406785844
-0.126429366429205,0.830890354467469,1.61108474830274,0.476658883996853,1.10685553064758,-1.16423159194725,-0.133466825381882,-1.54775619573476,-2.1507363036143,-1.69617529753919
-0.540146855219535,0.0227676910405,0.545388617631162,-0.652978614056782,0.988423359282911,-1.76962924497501,-0.212055898745909,-0.233620245457753,-0.545812556331181,-0.433107505882258
0.148107223351709,0.159918326529329,0.302169796760402,0.590279947670658,1.06754663647547,1.57139025237874,-1.05197113127673,0.336730137587273,-0.543144581639006,-0.245130425373249
-0.013002587304523,-1.49697859669602,-0.44524938486698,-0.947525536836544,-0.146360451385915,-1.03618848628436,1.26302445639863,1.71122247574096,0.375817283995273,-0.191775965450202
-0.958375288097072,-1.25102128209303,0.735606249821028,-0.6127797648911,1.06590361373321,-0.243215690008763,0.601719934967214,-0.410099075507151,-1.14971890116522,-0.236177409707571
1.04665773496506,-0.756749187872677,0.0953362778735938,0.792994046036118,0.44116156076053,1.09793443321864,-0.185997391361567,-0.146604267988811,0.126104018749551,0.752879801111103
-1.15289515679593,-0.538018124549829,0.39246213461226,2.46863411635261,-0.769518466055386,-0.615199946071564,-0.54609955065267,-0.0903870436636652,-0.211515279373949,-1.64923866995346
-1.12489216697554,2.04677233759525,1.71674561915526,-1.65153602129143,0.162474919132802,0.716172135886971,1.84219424131302,-0.600446894971834,-1.65144501346752,1.48908378224313
0.0780349341561614,0.569348491248446,0.129577183648021,-2.88799028272967,-1.31456770775773,-0.721607706233773,-0.0680355172715955,-0.365286531004556,-0.983328333553419,0.300061477826411
1.32879814441853,-0.803689970566175,0.978189186260134,0.677960376516025,-0.207655218915048,0.968958935408706,-0.175663832250542,0.531378536766274,0.0203719195489346,-0.0104705451887345
-2.70356213558429,0.352583181768846,-1.30600670155388,-0.852580429019332,0.382745130123169,0.710101371844451,1.57991651525972,0.170985123233636,0.886081594238914,1.42794882764536
-0.476615250944325,0.129187334182802,0.355500460076486,0.516098221961098,1.46702035170516,0.201985925099138,-0.493841768289311,0.866618249826201,-0.375395528345575,1.18185131021258
-0.473329883973671,1.38930474384999,0.961560581312686,-0.0982921359937808,-0.690155103408605,-0.708738401770278,-0.596280377520516,0.468073232877988,-0.497288346534336,1.51537193284312
-0.581846434631813,-1.4213533890472,-1.22595680711925,0.44351111384326,-1.33931567981173,1.47729291578429,-0.893174489329476,0.256265997454556,-0.0223545135520493,-0.934338904482937
-0.52479175153082,1.77076523346873,-0.530057333773865,-0.933686753544417,-0.755107969676806,0.915683168097967,0.340665572900633,1.08373003585408,-0.157683134633112,-1.05525176755764
0.376564049528425,1.7946080468328,0.516044457840549,-1.37988649879539,-0.806835483413578,-0.339432938192317,-0.25932210922455,1.74965877059722,-1.75952258506654,1.61532532043448
-0.653994800723714,-1.56070097533074,-0.245669264509687,1.87904209114756,0.717168176853903,1.205531396828,-1.00285905244921,-0.431187498601506,-0.409487604556891,-0.851852670055107
-1.73630177891012,0.65216308073772,-0.991363192092439,0.840533296733882,0.992159451195289,-0.778831005977629,1.01875510457781,-0.445025785046927,-0.646451191795832,-0.0960705620621636
0.24984027230429,0.0651142308830962,-0.105930461122097,0.183136367436829,0.129725660860117,-0.567244079386025,1.85267559604271,0.493944820752945,-0.172603942224072,-1.21528999075801
-0.157890275181534,-2.01017110903685,-0.1894903027315,1.7992695875753,0.0516360332363157,-1.09902846102017,-0.593154072246563,-1.36496918804235,0.4651053327053,1.47332043786313
-0.892391787912414,-0.00280326960709221,0.44973449531697,-0.160235896560701,0.795323131237585,-0.972164640780784,0.0598127129439376,1.09905496291892,0.586959786705467,-0.521008405567729
-1.27331179563509,0.210263650046269,0.699096069166436,-2.90025196516714,1.38336712217914,0.103083627879441,0.823424141125008,1.19104231457839,0.961084520037131,0.220145285502156
1.24746505488722,-0.28748186194019,-0.901048277598526,-0.242438596338157,0.0939161748211424,0.0288530001467926,-0.880566606818678,-2.26146133931415,0.780309841929165,-2.93385812241221
0.473782455553837,1.17265305308852,1.66058962352841,1.15940823782771,-2.05233359518108,0.953429505453383,1.10447007898825,0.662979702844922,0.0875020428266854,-1.15324670952665
-0.1254585264233,-0.120457306192058,1.06877549565468,-0.229089586208615,0.344847068971192,1.38455105559639,0.361607333936472,-0.354871104951312,0.477919343410639,-1.6757156186555
-0.274499125483933,0.453195699111798,1.29363275561069,1.40352745011176,-2.29294139576139,-0.76088258332838,-1.07961293455254,-1.68960133034903,0.562209655280802,-0.719882405645295
0.570685026168118,-0.945188003191973,0.703440184288952,-0.259641272534409,1.14176083297159,2.35656455018796,-1.83346239088119,-0.752586684241388,-0.597766993656816,0.151254102467939
0.314455382206921,-1.3885438991761,-0.692238610469429,0.949273265020997,0.348234605039521,-1.09585256801984,-1.84446050064129,-0.633631409166156,1.42957373877867,1.57418464956925
-1.39701166635067,-0.826271128969603,-0.248901632968959,-2.77483190609369,-0.748951209750755,-2.09808508493115,0.112536341204225,0.737586472986209,-0.086827019112224,-0.0440406867864137
0.411195729935923,-0.431980996315128,-0.891963591832647,0.0667037214610424,-1.97116859022936,1.33369998274682,0.382486403599821,-1.35205624872666,-2.6740640791594,0.0272528420171975
-0.668485159996532,1.04087971360029,-0.0814845641233217,-0.278251520341761,-0.226379379586443,-0.70170387125987,-0.15131786287473,-1.59536794323304,1.16759588023338,0.749842597201851
-1.12608152738232,1.53203808634727,-0.100117041525875,0.35021729989863,0.38957223822233,1.95265921411125,0.557757542063804,1.02237644712585,0.615923060757941,-0.719585392976712
0.957277489575454,0.494986236508388,1.11263063001758,0.169876021443362,0.314694891457917,0.631570456144557,-0.500082952092011,0.062501599123015,0.357997175149036,-0.0899923101374599
0.0467274449519727,-1.17754057971843,-1.75417440048212,2.33796541684157,-1.8195931668471,-1.27817540284057,0.227209907888518,1.06294545808139,-1.15624415873303,0.366620678693462
-0.611191460952175,-1.12327968925886,-0.861657445623147,-1.16926736487468,1.88753645950804,-0.547372714843136,-0.291424828539394,-1.3030426593526,1.74168375309468,0.0901695253360754
-0.708931085181961,-1.64912628518272,1.64431122476513,-1.29740484596087,0.00169288728232944,2.293194611238,0.253850506043149,0.050909841056427,0.897336122410846,-0.287938052278842
-0.611583906439063,0.226341672980391,0.945243213810959,0.244886060544184,0.918419965102326,-1.71441755611552,-1.59837533023903,-1.16964042311594,0.234675709650255,-0.811767018831888
-0.414533293723026,-1.44451533296702,0.123252641320261,-0.874766713199032,-0.318997011011901,0.413450925493789,0.218755214020528,0.436811437979777,0.217640347671666,-0.0321652229824236
1.14303239209333,-0.245950074011496,0.253497724765087,-0.0403921733607333,0.772094567954313,-6.3622321259388e-05,0.564031670618385,-0.557158862435811,1.45835083642636,0.846097442431089
-1.96588846273569,-0.6731410095807,-0.769615933843647,0.725024307586731,0.0444193792311147,1.97127984458437,0.569505027845977,0.094848412065088,-0.565766886345365,-2.51760201477608
-0.377400414110041,-0.794787887178077,0.69003403341325,-0.483711413488757,-0.802092618938512,-2.8018324570579,0.163795996268088,0.399388621353175,-1.39366571624978,1.36666654116497
-0.7572498024004,-2.10762439591868,0.799589925795163,0.475974003426481,-0.549943936280626,-1.26874013702634,-0.730162730246189,-0.320766531793884,-0.73399619600954,-1.13788888832335
-1.63170643317718,-0.932519695785238,0.829071559351944,1.35017719254459,-0.88949701403383,1.45532777506349,1.83455132360872,-1.09911243359374,-0.0454356121101352,-0.283470921805732
-0.56766553175036,1.25353128385298,1.7403264875813,-0.173745455508867,-0.541600292040532,1.48233051177074,0.231219898451846,-0.295862604744201,1.14136280228582,-0.684970334652585
0.832019874288852,0.109815756532505,-0.532774754290445,-1.37252257599473,0.219357477609138,-1.34248482651867,0.46374657239648,2.39218228357438,0.966953374193909,0.400718883293973
0.785585498835839,0.412055211776768,0.917224574079323,-0.539029536752041,0.582223623462956,-0.345609789183015,-0.30111720873103,-1.68365386652115,1.10599787642823,0.0198390282642232
0.312748400628583,-1.65486216468608,-1.22908794218306,1.01434951702941,-1.30172439683787,-1.55624922135888,1.05386204454025,0.627533758216807,-0.227931811754606,1.11570350558727
0.0786845994159327,0.701258707580006,-0.553083148429525,0.568133024920207,-1.04858387926813,0.91767588523685,-1.63883669278333,1.06574728074853,2.20170621340246,-0.391255897891184
1.15593961383621,-1.71137725789687,0.0672954027284874,0.454942065544093,-0.610256302239045,-0.127912461860212,-0.288021883718703,0.456606539502969,-0.489964652697363,0.362189718227854
0.821988292646133,-1.73418801297825,0.587599426964896,-0.00715459452307264,-0.191279089901612,-2.07794108182131,-0.558443836019828,-0.127815852244696,0.494892566663151,1.34242059740299
-0.744922512719713,0.114226283625541,-0.616274526413205,1.27656278426622,-1.76793333805297,-1.40267869384389,-0.429226326995135,0.0589429042461191,-0.404081988809515,1.8247756526589
-0.453595698845551,-0.6569680490518,1.0472358220583,0.587043442713332,-0.745523635416379,-1.22867445317462,-1.34152461786507,0.0365791600590002,-0.769217700627565,0.0317649865546682
0.839399165157365,-0.0359823351693289,-0.124024926128022,-1.61879349012212,-0.769172776946451,0.601051559434681,0.217340885746235,0.516139409707397,0.283864062706714,-1.87891527881603
-2.05998152336059,0.978837625786978,-0.198123482286771,1.59077279331018,-0.263583819157306,0.83192541185736,1.43309853783718,1.02477733413646,-0.20093477629469,-0.0465422374665773
1.56026247051226,-0.0589063621920821,1.29503677366628,1.70907350035597,1.24949830550153,1.23621150384263,0.750139945835611,0.612389406212951,-0.569422081769378,0.300588163913595
1.47245333226921,-0.31691567368679,-0.0975523495471514,-1.08591600816891,-0.718093309244778,-0.0580676365680856,-0.00210822932214954,-1.36959838861097,0.218203978928645,0.0640658424424483
-0.140732672127223,-0.360637977835999,-0.422865756506507,0.162546138792584,-0.116879912702044,-0.463606299158788,-2.33499677208401,-0.413622005129573,-0.827796885510093,-0.830612931825568
0.916502338905256,-1.28858714610812,-1.56918526262115,0.18409264168356,1.0706545185252,1.90864055536926,1.65668417463344,-0.0750706185431373,1.25210905554781,-0.827207255228869
2.44015336030202,-1.4100276188479,-0.292529839801008,0.36045336825585,-0.562602009492057,-0.50456598735632,0.93711075740043,2.74027711088022,-1.51650870550493,1.18270227036926
-0.228472383028279,-0.237827252065076,-0.206362865261528,0.429803431664432,0.83188745888805,-0.801043868969986,1.19608572627812,0.100388245897439,-1.7573632251193,-0.0893746267407146
1.89594767268627,0.321375072535117,-0.388996636475093,-0.389421023447733,-1.69066222493913,-2.29286832186269,-0.116873982704584,-1.07849565037573,0.28309147714991,0.358271912787134
-0.238394391818148,-0.597129765502494,0.0512914552930847,-1.25559006613951,1.3858638073384,-1.94419938679445,2.10703681379381,-0.353562512395464,0.618700384781024,1.55806948480487
1.14655198824053,0.435768149468076,0.224697978613122,0.152781807211327,-0.960047976204953,0.533957636355161,-0.66345249296759,-0.664738421405901,-0.297485703603478,0.106668027457378
-1.43897625370665,0.404754467410723,0.210569658757548,0.550120330671131,0.205323552685202,-0.250090820482303,-0.142638812714008,-0.394443745989401,-0.155165110660347,0.47516727796695
-0.222854719409763,0.402733047344599,0.893032145727321,0.605767782416513,-0.0613778396276136,-1.84380308901278,0.92732781238277,1.21148352190223,1.76968073094559,-1.06480821548274
0.232381759475826,-0.382796459361644,0.0205332208908094,-1.60547410341544,-1.31662246211112,-0.520328166920153,0.222999323174707,-1.38669857212214,-1.59195451060798,-0.48504319232881
0.482699378251408,-0.409937983078031,0.581758396847222,2.11025095453076,0.223256319631115,0.865191958162403,3.5299427004676,-1.01122807557105,0.930356998924339,-0.318071443925355
-0.311431506423481,-1.11215135260573,0.631051610438014,0.418331888543187,-0.591926238154014,0.410041907242827,0.210795893254793,-0.422340620874239,-0.995418547888752,0.00756013065480903
-0.907146609074854,1.03952431372314,0.410540739719865,-0.86916193789974,2.04258353856825,1.514599872313,-1.26721884388473,-0.77387928927201,-0.965984319132746,1.09662669967136
0.712621294074867,1.96958031859422,-0.00874621778681745,0.720977560922917,-0.259032458459186,-1.08180430308221,-1.20190731828896,0.12683448646813,1.54586547666726,0.0190246866314042
0.546803645386634,2.01630129277747,-0.111886894854715,-0.235202107625554,-1.0866538776261,2.56114901341726,-1.13435426340236,1.10550975012663,-1.53534242375736,-0.169458533047019
0.660362643785692,0.395628432142291,-1.30610184763886,-0.588482193642885,0.500568540784728,0.777113547842891,-0.762580579262503,-0.644548104709078,-0.156229680489468,0.57639701280948
-0.182499148864562,0.635878094616156,-0.663883763738127,0.31609227219782,-0.630996194368705,1.555881221698,-0.0301224468968405,1.71494467653076,-0.271125217203615,1.79583213449979
-1.43808855976039,0.763537190102693,0.491726290896811,-0.212865865434183,0.321100106601037,0.331559574997971,-0.432658858406099,0.0785095559370441,-0.59578720425783,-0.0396740229365343
-1.27184723066062,-1.35495676989627,0.317513188233546,2.41483756502177,-0.10343977928905,-0.976262576720697,0.8429998002435,-2.5532468686302,-0.413220327843503,-2.20745690609295
-0.934428024489199,0.00323426132716454,1.08996352919745,-0.821563299972502,-1.25642292321895,0.454214684993195,0.885939815010133,0.818944643876683,-0.479975229346155,-0.853324927869493
1.81780080928986,0.481812072571095,-2.55857386199389,2.32268264486546,-0.114352805096343,1.36786353508935,-0.849256920914012,-0.405932649993916,0.676353682568424,-0.183724238196147
0.128803232672817,0.277825917367214,-0.231814657356892,-0.48786110731325,-0.158194333734455,-1.54595380296157,-0.0406594537928831,1.35651529069557,1.16342106797114,1.50648498237554
0.63418049054112,-0.0807814849126063,-2.25640926471406,0.134298846927408,-0.177284735944832,-0.353499113343892,0.778314380465707,1.25338990669808,0.868825109282115,0.323187695054148
-1.21621984499815,-0.192443342019651,1.22767824949049,-0.756829375095804,0.375777177240706,0.258845921250533,0.555908483698444,-0.164994432687033,-1.43660932246947,-0.595931047230157
-0.421585456768545,-0.68314837817467,0.0837229233358088,-0.40818946219142,-0.905609599001593,-0.166071996286292,-0.981719421069945,-0.99415314191365,1.29858267028255,-0.0704594761128897
-1.03166207461445,-0.798630927696457,-0.147582979295008,-1.69759075711715,0.88962817977809,0.285696300519227,0.178288909984439,0.253884058344716,-0.507235447191625,-0.0993437400898142
0.533735612991454,-2.31737453422394,0.740904139795165,1.24887121947945,-0.99554640007005,-0.255838202753468,0.397154812608711,-0.7068909613432,-0.447634832990576,0.635831636599443
-0.409180625071701,-1.06141801923004,1.87092560835846,0.309250304524629,0.846637785728761,-1.07490479958944,1.07643904504902,-0.55117800992966,0.406864790938152,-0.422373403019428
-2.76056102914628,1.08381970324532,1.01915737631386,-1.42218606954842,-0.312408488508512,2.63763665778006,0.301268090293883,-0.660149536224977,0.361584283201125,-0.851366916462725
0.357573816251378,0.569823808823703,-0.730364905740201,-0.776017744795051,0.773249575397484,1.08250838325647,-0.891952581293466,-0.679060838920106,0.680845798193801,-1.45928488356015
-0.45645454931963,0.0276155341680167,0.156073865458407,-0.412873665304439,1.01387012794419,-1.16281120403103,0.168191265014604,-0.633733427057364,0.167625735945314,-1.19307301080522
0.55614392163019,-0.381380502038437,-0.487501708991131,0.342164693066236,0.172651259135981,-1.76356792201227,-0.0988967894853088,-0.365747468811324,-0.577010440669715,0.850519884083945
0.699933996188306,-0.160867356827654,-0.67555531874022,-0.36681950360774,-1.08152881434737,0.77954344782783,0.351180735801107,0.296855123658461,0.241973431819976,-1.80751821505199
0.139734847330688,0.13838532005646,0.986522867324439,0.997829891457544,-0.554576949972678,-1.38758030267833,0.424297035547342,1.54667691572009,-0.581071587250223,1.81163257391843
1.58856000102641,-1.03747637102175,-0.292064506739493,-1.21626823638597,0.940410707558109,-0.841422969135647,1.28326040326161,-0.263049046433891,0.275551565590289,-1.45388118368366
0.481266400154184,-1.015716890061,1.46622416771841,-0.562169822456565,-1.18614270209714,-1.46438336059659,-0.510472308356068,-0.717306554799176,1.1015848323454,-2.30235344264208
0.517697041117338,-0.627095920727919,0.863015290193512,1.12823921403272,1.08653330673678,-1.07107228679491,0.965330818890297,1.11195475194155,-0.727194890063966,-0.773193180762379
0.73736512469471,1.33121919208266,-1.75985114500842,-0.784534688534908,-0.631305010573249,0.794652681900016,0.973807598122809,-0.0118826809868704,-0.819631121081403,0.273156004163069
0.171738819656204,0.932748470245593,-0.280548555096416,-1.21832475888417,1.57033762885367,-0.452172385354501,1.56528038110145,0.200555713093718,0.0266989117880799,0.0664672239241971
0.531175472646541,0.469940431875819,1.86727222714093,1.38899915082921,-0.37037998556632,0.359577603071856,-0.158357715626636,0.194148930889868,0.841567514338026,0.903887498614053
-1.33451279967884,2.44171107050196,0.586316138029092,-3.22658152544326,0.754991363105652,-0.647442444378289,-0.428014579774897,0.105869490078799,0.63814422173726,0.176944293356293
0.463575964170828,1.22238845827167,0.601968626806181,0.445094194215764,1.124120664038,0.485177058004705,-2.21814090575584,0.417561368671834,-1.81599749965481,0.0477022223414098
0.0838471783200225,2.55731516296783,0.113249810343077,0.324123350734542,-0.452532596992688,-0.852349897187038,0.94946236430865,-1.48639247681033,-0.0288204190551736,-1.66980696144394
0.325015454228764,0.636308134992356,0.110904280795429,-0.750927907624779,1.93023557034515,0.718535292179083,0.428229490406997,1.79452806496046,-0.72923454300054,1.76964431064854
0.590890338857937,0.375076907545289,-0.241716836914983,0.027663554056815,-1.16992937934033,-1.80235671403487,-0.695086317184708,0.730718821926793,-1.3190371082531,-0.0221321409583465
0.846877637883944,1.03378033749424,-0.0431554195861239,-0.86902445540716,-2.19522957705792,0.0108188029018116,-0.36374695941206,1.00342457411521,1.8638865273995,0.244304115002577
-0.805855998922122,-0.948016482896206,1.38428912594005,-0.765391151971592,0.263097978789034,1.30879641266288,-0.854898810200901,-0.441224387715775,-0.0458558788868603,-0.297360867630925
-1.53041176045766,0.359990541014177,-0.594377205404119,1.26342464980495,1.04724534860175,0.630735298778787,-0.1406120307513,-0.209712181129674,0.30424667889559,0.676951391402874
-0.431887398930418,0.124161496893625,0.811697752282829,-0.548406525561686,0.434274271009741,-0.281930002832979,0.764910965449878,0.432418548307851,1.17993300723722,-0.11924271598803
-0.702381051825265,0.961505819013235,0.108806908586431,-0.15821688531263,-0.948030480984602,1.47878841308276,-0.4039838659289,-0.351848592141812,1.07960599885806,-0.582223819894063
0.902321856269281,-0.633088579027436,-1.40305611279387,1.51566552097451,-1.2149784270052,1.0645905618443,-0.25298638040119,-0.794804170851787,0.675223907428979,0.636256398183466
-0.876084518234151,-0.615277212712211,-1.08549363998165,1.21021122270172,0.903378151095186,1.22401255502313,-0.156016861229093,-1.07658650048712,-0.777966720522887,-0.0617339512975015
-1.44539024082454,0.299171270251075,1.50916901427747,1.97967870599606,-0.610489501547105,0.98960984025062,0.772336530653994,-1.61480421591581,-0.994766275304574,-0.659698159765842
-0.324592964179391,1.22394151857027,-1.79767007087431,1.04872412107625,-0.304856046362861,-0.86909951614436,-1.75970913966278,0.0897988246688422,1.57197251616157,1.2283326133897
0.241409868146002,0.176936831091635,-0.0408618474544171,1.29555444869005,0.931147086765054,0.184999647772977,1.57662888078037,-1.43344875406433,-0.926125836468625,-0.37885195718836
-1.45411907108349,1.02580113517128,1.31449066717277,0.321712080476143,0.525302426941213,1.71376270211188,0.746562037121219,1.93385598686186,-0.100029543223665,-0.0152231693271214
0.0731537664186959,0.710149793404448,-1.94394963739385,-0.0941619170191813,1.11161315708885,0.349741548810193,0.364424986155701,1.32259892822185,0.683728177703615,-0.00506754769847416
-0.38105510353414,-0.676656573270479,-0.0451294984326647,0.221319581704081,0.0906115790941481,-1.62699276371597,0.977443429787428,0.764051316489417,-1.53112690348194,1.22138408013728
1.5177300233003,-0.515911146429724,-0.696841566576563,-0.841261831566615,1.35426125268178,-0.79414836043173,-0.368200820405816,1.30181215346873,1.91345864190774,1.04490947558709
0.690517555611169,0.0516750593432902,-0.551206566265521,-0.332383795437407,0.390140319268353,-1.25733287041827,0.535493309785193,2.66235334468221,-1.13532878406548,-0.290603590801174
-0.195769202557785,0.446978942886635,0.000139645637117909,-2.2685453403691,-0.0727391664340959,0.0813168311204879,0.506237943257107,0.403561747732221,-2.39856119776478,0.327363327319718
-1.3387969638997,0.528804405995845,-0.924997147926897,0.525157856468253,-0.0528140071758742,-0.0153265076778947,-0.45791413796891,-0.0128135185269998,-2.18833309472044,1.32098886999692
1.63051985614013,-0.346358494340588,-1.49883592708319,1.25320724427381,0.901594654258276,0.625531784780963,-1.16662575016712,-0.473994603618462,0.0864959684968882,0.576712688711832
0.43502239179079,-0.715048864415613,0.364964396896647,0.720755658029807,-0.456064116372658,-0.725345015990107,-0.472843178421464,0.956869964845891,0.304854953366112,1.49210665374104
-0.89430269008589,-0.050721843159548,0.863156786956892,-0.372605391283451,0.430309460586575,-1.36252590537957,-0.15024909544486,0.274923020748805,-0.796086000631855,-0.0963030923504708
-0.230162064486116,-0.923711770250855,-0.266093560047006,0.942122426049643,0.284943349732355,0.0332462541216638,-0.375302458973866,0.323387608327074,1.99329805206119,0.324767182174868
1.32451106378677,0.199066371828966,0.0847774635362912,1.3189765860852,0.505526187060916,-0.71594675865635,-0.00974179191395331,0.179706814785185,-2.29611086744061,1.24629649307978
-1.87765025758024,0.639668050140147,-0.59030920904266,-1.32745609034522,-1.28504452130379,0.213844166814186,0.86128469496439,0.0423116116944408,0.356932292503415,-0.260428975888137
0.57595563028811,-0.15798109545714,-0.700135269720438,-1.77717394471982,1.00946519197869,-1.51510212111248,-2.17078938108273,-0.245344929754865,0.11297129697748,0.955589986333871
-0.889847222100706,0.296688544409833,0.781092607911341,-0.139103176565729,-0.530865107890998,0.930383767649103,0.489299032166009,-0.131928389382828,1.85363745892731,-2.35215730738019
0.273314837880311,0.519974563016201,-0.464440794504522,0.129018567278617,-0.175907113532249,-0.469797473977853,-0.103645370296012,0.307642917351596,2.12594786329202,1.00171008752481
0.0417938915980401,-0.23697820097241,-0.00107391598703371,0.744361261324204,0.285810708096086,-0.546263289857122,0.665565945032346,-0.231632389204801,1.04480298578585,-0.420014652122682
0.772476624537651,-0.191801171774554,-1.14382037583687,0.292347422241655,-1.778726807079,-0.492103526959486,-0.967726238501363,3.11216468354253,-1.26620494935535,-1.29983147352703
-0.0782505371864033,0.777035986978696,1.33770020241307,0.19493719803555,-1.32673354254327,0.551942867846407,-0.291171401923509,-0.561145654763249,0.179014044061909,0.0226101275276913
-0.579981090264796,0.469756930988088,0.532628035627595,0.216856294876406,-0.822460692189392,0.443904137363693,1.79446273627285,0.904177956115577,1.22569848759923,0.246658513463038
0.153846699450606,-1.56720897935989,-0.407093354053452,0.97237281324229,-1.61974470676762,0.428649392045947,0.207812385804398,-0.74996077798696,-1.9423476204509,0.281511315712072
-1.2635051569403,1.35519854878823,-1.00540578491597,-0.748673577556519,-1.23337431884433,-0.514856150024028,0.125462835274638,-1.4722857654332,0.11585303104524,-0.339876006825561
-1.8424641373588,0.117279717769755,1.07505761436456,1.85510434416977,0.0259842021748188,-0.665730702860494,2.00182735107083,-0.736033241324835,-0.237759693493376,1.23618721235966
2.48804822837513,-0.69132399457024,-0.759941162260366,1.73507936164273,-1.14868131980822,-1.58670014400865,-1.76386407061621,-1.5694953762845,1.4507710359228,-0.280997073839305
-0.885251604954361,-0.14168765714438,-0.111641503137461,-1.19432218274884,-0.357877072896188,-0.286948390733983,-0.243935832321561,0.974653725351564,-0.14566415083702,1.02549730450138
0.0966176567434849,-1.14158752578555,-2.74862591159087,-0.528882246728033,0.353348115512159,-0.342167219918997,-1.43625341309377,-0.228250738932674,1.75819960404443,0.00598255548944827
-0.829570116010815,0.399925248454461,-0.0420068187963717,0.416836819024923,2.38772119180516,-0.0752928966590982,-0.388140505968901,-1.31046676393698,-1.88975266067693,-0.225724498824366
0.32877708852671,0.206799464446208,0.0814693620748472,1.06807672252501,0.306012392611956,-0.797589156122629,0.645248874984898,0.192557095972972,0.839368246272073,0.537121964496754
0.542409010111421,2.22126403125469,-0.66551399756554,-0.956382942259766,0.0483559630406544,-0.521535580749923,-0.951776823788052,0.158013833961269,-0.269184786222222,1.30054192274756
-0.0658577415089883,0.967864931647617,1.22629628697381,-1.76951255269706,0.834491813356359,0.362444674151197,-0.359494540719238,0.942842469028539,-1.05037912608554,-0.0153869208586898
1.08099330875795,2.14946085642145,-1.18845776303889,-0.143940705218149,-1.16185365758821,0.0519365502344586,-0.786164134054729,2.55486793806089,0.296267855639037,1.24115897100558
1.50660374375321,-1.54499727129357,-0.951547005076587,0.583532831465895,-0.38745208174209,-0.994469001160197,-0.0956948601091862,1.74209677529866,0.59756173650971,0.338473601140376
0.200877122951604,-0.13874545102099,-0.716853336651085,0.302355814445086,-0.653425937797446,-1.05500597238479,0.019677482320069,1.53013700344791,0.173984280130559,1.58378219739499
-0.983723799213214,-2.1782827092402,0.799967541391998,0.0585844226559591,1.24551614445509,0.195893969760579,-1.88390593045869,0.796717604230857,0.286986631476475,0.71420765355118
0.149929091194657,1.58327072227133,0.172166446273027,-0.00588624233174656,0.64794265191128,-0.947043639597068,-1.07468535801938,-0.695126624259056,-0.915331420978801,0.993376824138827
-0.278560761335473,1.08969556376479,-0.165659574003869,-1.17430036593945,-0.564992991294449,2.25649681488789,-0.771337538017716,0.43817328068426,1.2135242538913,0.0714178815710511
0.596703847306918,-0.655461693627157,0.718668803258504,0.24523013005247,0.501573282719403,-0.56996958045493,0.429560384831539,0.0585950535914983,0.029164155156921,0.476091840496014
-0.273552437190879,0.483171606402694,-0.719240898695498,-0.183149023507928,0.231852715747813,1.13373962411731,0.346267577192028,0.815600278970777,0.289167887956684,-1.00256948500049
-0.0386160085375735,-1.3588162462191,-0.723603333828288,0.844064551682009,-1.1000940082477,-1.03370166086684,0.527171438587723,1.69470691167101,0.563781854916132,-0.748162693787807
-0.9739234197978,-1.02684206078489,-0.473276362723332,-0.0700626443702791,-1.22658182215403,-1.36934976646506,1.53826539742212,-0.872102784402309,-0.364533905988695,0.343865775283131
1.26341413215177,-0.4791074201186,-0.88999280711572,0.776119247372871,0.382669410721674,-1.43367581099019,-0.766839875776608,0.34804266598814,2.05789605339401,0.0129948466627125
-1.0571167644811,0.311614675444596,1.4153238495078,-0.0233533693047324,0.235316487379652,-0.0900051659209746,1.36338685691389,-1.19160464050532,-0.081217593231596,1.69084972129062
0.370368609018389,0.2493118661837,1.22369519390869,-0.00393956288031305,-0.512525430710767,0.070554850327805,-1.63229017663355,-0.670857591388256,0.7614584687499,0.429165243634616
-0.693416150082457,-0.436289505244341,1.05049332396402,1.12221694244667,0.604286858012406,0.203258638362884,-0.26602586841796,-0.382475757868799,-0.0148031717957746,-2.39254398184403
0.559196472032219,1.67731579156843,-1.41748513943011,0.494432197457309,-0.451089133736634,-0.160196774973233,-2.11261235360984,0.00239502214390059,1.01586127807401,-0.621048051557598
1.59848405178887,-0.380395128590196,0.858711701339098,-0.0393863902317973,-0.857481796554013,-0.910887709771735,-1.14410518084152,0.180647574243262,-0.726422643835244,0.239136260552451
0.801173983533425,-1.17782742484873,1.43693043000184,-1.71846269832452,-0.979064939837051,0.528124514038843,-1.0086575981981,1.05180379611817,0.648550174906666,-0.491663047290224
-0.383944411525118,-0.126512646792137,0.45521589966517,0.623317286342879,0.163906167344134,1.54694070590294,0.904549748129058,-0.5668233769539,-1.31999019797744,-0.334203561692599
-1.44344793216874,0.604542351712942,-1.52047269661424,0.522440865140052,1.45390636615597,-0.625119431422852,2.08808854765596,0.109178028443156,1.76602329823226,0.444985247034193
2.60251504020139,1.24122424146725,-0.970336028239026,-1.49682664454059,-1.11208112599461,-0.105349457330305,-1.69298735870633,1.05291761186712,0.887977284814506,0.0438521005374762
-0.435481186108715,-0.664423425610216,-0.0674785733199824,0.783605031551114,-1.24175573369518,-1.25883092767664,-1.12838420224672,-1.08028569521382,0.618269336467354,-0.267246260445383
-0.882211417938444,1.57306475814267,0.689065687167991,-1.18343066227873,1.17031616977519,0.197471135453505,1.33528433918218,-0.399344875300653,1.15953446898113,0.26014201233846
0.563606174821922,0.117032902394178,-0.718777621457904,-1.37570273611376,2.08462763022427,-0.495223577773541,-1.96770028699891,1.07730608452194,-0.632217797396738,-0.548592125899231
0.857434661710708,1.8924443554082,0.134285806509232,1.90761182139882,-0.139401164252018,-0.836318491778998,-1.08162784935281,-0.691991908345234,-0.188461302540361,-0.0919740927428441
0.601237174856961,-0.99286576184061,-0.747649864181203,1.27746272872845,-1.81229216510731,-0.828096333376775,-2.28545677349738,-1.41320484054584,0.982574853083399,-0.712835960895033
0.45487410626298,0.698741235990062,0.785064076935814,0.281935979019322,0.200073421137569,-0.386321481252202,-0.647222768094827,0.423646513098571,-0.470640945754266,0.132041008103825
-0.379136461467401,-1.63461236929112,-0.72286213442976,-0.974086084785662,0.756573469735455,-0.0130393656100299,1.79356985343013,-0.630591558994545,1.70607103769691,-0.506235863039662
1.83263571917033,0.0212281873962603,0.237066778329317,-1.49586529072418,-0.331462024050038,0.8876380390173,0.411666581736826,1.05390845888095,-0.866105008417715,2.38888552469064
-0.0453988316242408,-0.681004488909345,-1.22204525146427,0.449901910981897,-0.859994429300284,2.94456600749726,-0.0844982942602917,0.541684708613446,-2.40717571654396,-0.682986198494075
-1.22770108674413,-0.119592562568596,0.564112431922663,-2.06611503103306,0.246503933433555,0.872139018370939,0.970633508054231,0.267494159670893,-0.315752372394247,-0.263925822909642
-1.10549688650326,-1.1692039374277,-1.75373658919729,-0.776060478260971,-0.713876469166459,0.623924802949163,-1.03860651080539,-0.0716487074261924,0.926323213334939,0.858536666407449
0.550661965582092,0.167931596874967,0.444944115498019,-0.370788585574577,0.698783211478201,-0.940198867340336,-0.896557055281334,1.5392688443254,-1.02141439729631,0.482030125621599
-0.113152556557793,0.679955641641757,-0.181159301411703,0.348860112282799,-0.193844736874806,0.544756282091275,1.48975035022975,-1.14471727340874,0.799140682694441,-0.281372199538814
-0.787878702798673,0.708168989784756,0.659774209042539,-0.960538524967016,-0.0455001772375247,1.46953698148798,0.574934343557528,0.98190659501849,0.662022219822259,-0.0774502497204747
-2.16447143940563,0.517694055791892,-0.130274427273244,1.16850910063506,-1.27499890377368,-1.50273363078847,0.439846487734834,-0.795226630851256,0.852361044697221,0.708817019034305
2.04931234365103,-1.10202297233412,0.149859031501177,-0.0137187425633669,-0.229236194872458,1.02638060910227,1.42223826928556,0.630690146592851,0.450452845460608,-1.76252643735163
0.0155582002227025,-0.0101521831564239,0.527157138947515,0.535903042652501,-0.618128334435495,-0.12868870108995,-0.646675263199266,1.11102704653672,-0.353937583777377,3.11231731510205
0.444464689342554,0.341962539555861,-2.61432685471875,1.76882316569821,-1.09796329778006,1.23164254805599,-3.26536390950279,1.45773434562041,-0.242456233219213,-0.187314008290111
0.8033217865566,-1.44689568871035,1.05550124554697,1.58054066462974,0.79421566513709,-0.789708183918325,-0.00292975564402971,0.700554939454457,-0.875994955235191,1.26078073113704
-1.12770276011882,-0.340603951376071,-0.397079904001341,-1.44624107347729,1.63114039774019,0.464835772485277,1.21486163486578,-1.46177604272865,-0.303885086006594,0.649780954772613
-0.677493599338605,0.50296476180268,0.0412258754470208,0.505454917718707,0.355559835601412,1.416489551604,0.121874921021863,0.607584809996854,1.48049408518642,-0.607609633667862
-0.815004400358528,0.352922887297793,-0.680899433052455,0.225321520755601,-0.280957003014684,-1.0909281490405,0.0915718644720148,-0.689016504224268,0.935162739176399,1.20030109356072
0.426347950876921,-0.379073900610135,1.39527069786942,1.16526067656319,-1.8329594046834,0.0114821332473368,-1.19077680807722,0.655991325861323,0.989850394000938,-1.7117720702345
-0.315679358362008,0.773852363842797,-1.01916231370539,0.510263110906154,-0.442793792972257,1.22941102701339,1.22262259083677,-0.640284054999863,-0.768476338122391,-0.673018136964453
-2.99252992049833,1.05386353912229,-0.121857784817888,-0.421832175275368,0.0997938643326818,1.09388533470117,0.383129370542564,1.56138129817064,-1.57850796172987,-1.18030702419102
-0.153814418485764,2.27830374375906,1.6400713472984,1.38811963175757,0.4850900033122,0.96075015888959,-0.66427866715696,-0.715235805244506,-0.636810306810111,0.239253897510631
-0.911370073687897,1.3367734454395,-0.331266491649824,-1.16473421079972,-0.491606085927116,-0.135055747560174,-1.59967972046597,0.869705245696581,1.28516675532311,-0.914288498812386
-1.1343500125562,0.804463915395257,0.146326559390997,0.632358061624445,0.0166665503491796,-0.225031895587891,0.249130417323943,0.74675151766242,-0.80365939640045,-0.676974748239698
0.337369291347513,-1.37513338680046,1.08164040727106,0.569742971607963,1.10647989920501,0.96908474710177,-0.426677936424026,0.141959077295578,0.503919150293798,1.55659558797155
-1.41359041054506,-0.765025073977449,0.564283566276264,0.466564206262688,-0.901689261843096,0.531264384003998,1.89148436908124,-0.782450499692776,0.360330581990796,-1.16481619154467
0.213223240550336,-0.43542975534225,-0.88579892742942,-1.75872883947471,0.991885932974091,0.543760094374458,0.203154167335169,-0.0950678904921284,-0.298531669843176,-0.953731954508944
-1.01131009687176,0.214053181140618,-0.393538838301847,0.933382829319878,-1.17508579561107,1.38064381405049,-0.334553916557258,0.773593831642309,-1.64903337259751,-0.887254472787921
-0.393482382259516,0.195640602473135,1.57344188305238,0.62346093158022,0.519694097603678,0.424850201994789,-0.0666722248137079,-0.536327492567446,-1.67896675200023,-1.08184105267032
-0.338966216859698,-0.575431897382844,-0.897538910007442,1.02795252006851,-0.699050719156648,0.934552722803866,-0.736271715118558,-0.684507004181538,0.798242531472126,1.86967815000733
-1.20417720579495,1.1041215489254,0.0761285441893009,0.0566819411806946,-0.600349110172389,-0.200176703959355,-0.50822088532542,-0.410349040389893,-0.745496888015189,0.549469828189773
0.346767645929401,0.146428668389973,0.0792032251681606,-1.98651761328373,-0.374276418407576,-1.16307864667521,-1.20556318459224,1.31091910335481,-1.74277183836917,1.54036533612734
0.138353706215497,0.104420201618613,0.337521315413405,1.18495393300161,-0.532404322468808,0.381521597821197,1.02299103450174,-1.53312176363882,-0.460297659907439,0.657287565072857
-0.113763230667399,-1.63612108684502,-1.06879910424699,0.515626426213619,0.307098567578701,0.689902002531725,-0.380453613755488,0.672278025839735,-1.25772938317638,-0.516374495438419
-0.483835749396123,-0.953374014184626,0.261880784716666,0.935427558628187,-0.529489303032546,-0.0104564336258,0.00427866009130649,-1.33194866280822,-1.12906863789439,-0.295634663745524
0.489278745292413,-0.201676749332986,0.950804586653758,0.249692633540631,1.83666722498941,-1.33453777409378,1.43702336397542,0.166603549355725,1.26993112878481,1.69594207450909
-0.0659754556305952,0.0837835615500462,-0.261323670356528,1.5446279736637,-0.0638329849278945,0.522003462907337,-0.777952848045237,0.952183626678137,0.450293259080369,1.9333613317266
-0.210576344176983,-0.665086356246687,-0.665201728340687,1.00257898263507,-0.508195446683868,2.12447923927899,0.529406262958069,0.712630638137456,-0.49204520534292,-0.611835873922265
1.54621329669369,0.599480921486126,-1.93866877657848,-0.137695036833251,0.652847861010316,-0.782943005922802,-1.02817811409626,0.512079601835088,0.70891689932432,0.470792937753257
1.37392765967459,0.923140086045926,-0.519177880886314,-1.09136004952009,0.663181716261145,-0.60474838995224,0.834537719408839,0.0710113047499277,0.896969955380148,-0.13325647698609
-1.0166872896926,-0.232809759234862,-1.8287174543976,0.205969592616058,0.281079800069685,-0.624992662348235,0.539163890069733,-0.325839532066742,0.567962520713054,-0.89282979591184
1.30678037230371,0.52921405333542,-0.543897380338998,-2.25116406091906,0.0145859899249487,-1.02769534314883,-0.360571180788199,1.72767912301691,-0.680664480510257,-2.35603338102205
0.269229646901256,-1.56770499075937,0.462410685699268,0.407139390583159,0.506399554557411,-0.730012390228369,0.694471253034639,0.0497178933088602,1.58786100217797,-0.312021101816054
-0.697587105496727,-1.41072603826821,0.097573293670632,-0.0250835220230998,-0.132654675682963,0.660958845471446,0.272932264428973,-1.71175628638488,-2.19200796315833,-0.991953423158387
-0.21591580535785,-1.01763109155266,-1.03147229547556,-1.12413680004685,0.636562428479206,0.23558778568544,0.241644782605097,0.76508500316408,-0.858664298067927,1.19258602354269
0.545204670707985,-1.42446708493527,0.644589401097161,0.2823902978824,1.39997995664927,1.09727711112121,0.815899985693889,1.6265320086729,-0.125941846845778,1.06019285655185
-0.410483140104509,0.196580415272226,-0.77829373486616,1.0537681489676,-0.275296929247027,1.04903089395692,0.529303385059257,-0.664285335591136,-1.11643863577508,1.18307185207864
-0.511189010159956,0.256675116344295,-1.61531215523467,1.63168809626838,-0.0153708452080915,-1.28969837389583,0.0164057519834403,-1.99369780049207,0.254053790035154,0.881576952150068
0.550863084466657,-0.923178396339609,-1.01537540734298,-0.971831145249878,1.33484782937048,0.159472006089138,-1.39611100329056,0.89380251877531,0.333690554461421,2.4981300713877
0.478833396788018,-2.045137373891,-0.949019644406822,0.839651258087488,0.736181556019259,-0.721835264769676,-1.24178849040987,2.45248288116203,1.21545151495288,0.162116888312328
-2.06447316643506,0.914889279035882,-0.445225056936643,-0.905028862836586,-1.20814727864494,1.18701407064359,1.57587791042698,-0.211401261713744,-0.871116621497162,-0.857117031298011
0.989399614019703,-0.751712766215151,0.649619992168683,0.0783203121704233,-0.0477639988938959,1.12484904139748,-0.590031180507826,1.00433889571439,0.284437936472244,-0.993137548227895
0.152042418707719,1.21911322656281,-0.590114271128195,-0.874941068142922,0.558939803400204,-0.6231277396157,0.284272424684546,0.262992387573232,2.33614578862255,-0.779600684487019
-0.612718802270473,-1.03485797302033,-0.459039011963136,-0.103190774949636,-1.75959450147421,-1.05070741414952,0.675736724832502,-0.0788212957565251,-0.628387335907373,-1.14272520148456
-0.0320329474541601,-1.57778419327889,0.25558195254214,1.38607075683181,-2.99444860055521,-0.955184489222376,1.27353589961914,0.580856059143183,-0.387470363763159,0.798425329238487
-1.39929943128819,1.04669006630225,-1.6802223544684,0.656474608250773,-0.10827734979646,-1.06128984002225,0.50140978239165,-0.506301197784628,0.673846065860887,0.877853178993682
-0.162081027043859,0.641975809364653,0.746452024922048,0.177661016501705,0.392839019155026,-0.0814400365949767,0.842619738292648,-1.36618497602791,0.88072936976141,-0.757030787160874
-0.699907919794912,1.78678113311305,1.18976010752958,0.730307627979238,-0.974547027355652,0.0625354106890058,-0.244718775422122,-0.169879946627369,-0.473685835147949,-0.394440929690317
0.414599590790428,-0.680622022054878,-1.20163441065125,1.47555685020867,-1.3620961890509,0.653156326479319,-0.219183820364517,-1.74041672809307,1.14432300328117,1.58661238739845
-0.576735334977098,-0.40737929310303,2.5523721504469,1.65379680090601,-1.10819079218652,0.824792782414755,0.114925097367539,1.74550576160366,0.403052667972868,-1.1481489919141
-0.490887402301619,-0.720359527918591,2.15498130546218,-0.588803633397996,-0.103220453824623,0.691378950874381,-0.394434871683256,-0.0296241353103283,-0.414317285303138,-0.62591866258671
-0.962460075602784,0.389546107959434,-0.789367692475278,-0.78187755214964,1.00656771242043,0.257287701590642,1.46483412286923,2.06860084789542,0.594649297304065,0.530624591465439
0.258403925129583,0.265420931740315,-0.469052290016498,0.224977519791032,2.19041319711403,-0.270763570494146,1.48278480376325,0.330765494372249,-0.836700784988807,0.901921843104389
0.886569877590047,0.553766072406735,0.34644186496658,-0.415944469950383,-0.317939611222912,-0.230845452008547,-0.729544291583672,1.49795281418287,-0.00166990469092875,-0.60355650296569
0.177975000209459,-0.548178591299084,-1.22214529133164,0.726809007378997,0.954030810878281,-1.35952234279531,0.492424267433254,-2.22507277292907,1.96308401166948,-1.30255181701163
0.48561751405245,-0.0725242399383269,-0.333185820897923,-0.145281811899919,0.101412196052093,-0.545303796800189,0.774809001755132,-0.613339914139595,-0.962139957711242,2.01690467154965
-1.50744726013435,3.58086565368498,-1.13098867373452,0.0451359602562924,-2.08433617251252,-0.218438848776461,-0.478391885623284,2.09213227290858,1.31630689599165,0.0429734372630404
-1.25334192054384,1.18953400842781,-0.548252424069473,1.60115095913745,0.726445276710013,0.823212232919505,-0.789602888189432,1.49353347274762,0.91912452303612,-1.85424343903417
0.495719559111433,-1.0886532449004,1.88267820953756,0.128535846431364,0.776177369481056,-1.03577497338808,0.510111284745045,-0.13144665289484,-0.658148008671129,0.132991389483208
0.440016167529744,-1.52098347121205,-1.66392656127138,1.40476862250268,-0.563771168242506,0.125560262262527,-0.377046426120587,0.7719131180889,-1.30359969923001,0.924353040052796
0.352639081893006,-0.302434889025889,-0.77216017787349,-0.633585860443231,0.00388403897469101,0.171208965742525,0.411852400912893,0.668676821254916,1.42144169992505,0.647121441700931
0.2800789908953,-1.2736460101748,-1.15403773311285,-0.853777972218477,0.444804729603018,-1.0049642983568,-0.973984021623905,-0.588506129533381,-0.116234186804706,0.869517659625282
1.91730387806137,-0.970364912935789,-0.997238631895992,0.419848506055655,-1.18487772473074,-1.28587801278216,-0.816874582024791,-1.14655442452914,-0.00643719973550661,0.843459824074662
-0.960605878759679,-0.694403828042709,1.25485276440167,-0.396257577556476,-0.165917486994351,0.435680268225083,1.05607586687719,0.625717072748426,-1.1679822888265,1.79027167009937
1.44478897368383,-0.830316438119902,-0.43538627943425,0.187067150875846,1.76443758780353,0.10558948558888,0.672131923424521,-0.922240333973115,0.24724858650339,-0.354314797593916
-0.97232562775765,0.955976494799693,1.00523467118689,0.488686878402444,-0.730012386423134,-0.112747948557747,1.9684072430175,-0.701445823492663,-0.721057461665927,1.66362570267122
0.997158893050193,-1.38276231112544,0.782788014789287,0.616947232423679,0.904944554998062,-1.09870763754258,-1.58138045180928,-1.7646218120331,-0.666343483119679,-1.35450759252213
-0.0031678266144494,0.222203628391854,1.90882091009293,0.147012254111891,0.066880792110961,-1.65552766467555,0.256478149982416,0.167704697790633,0.396263866256043,-0.604999989908968
-1.74310048339409,0.285950017029469,0.224544122430199,0.211151142612059,-0.0691333971410655,-1.69870646727067,0.0668020641056039,-0.0412093780408002,-0.819447783562848,1.94980973531645
-0.126659032349886,-0.316241212404939,0.692426196556696,0.0566686472890339,-0.937081531700858,0.357223203537597,-0.223784752536583,-1.1746827751427,0.520861179700874,1.4930308342254
1.56662140327452,-0.402769766873326,0.75039137578106,0.060130881692766,0.244739453021038,-1.37387352721847,0.692044582082517,0.244096772718895,1.58162027589244,-0.423887946502373
1.79666382710007,-0.89142360366207,-0.445806865806537,1.03264957812295,-0.508812055124926,-1.32866121780171,-0.400791523545382,-0.12103078341511,-0.114886302180165,1.69102849982394
0.410254899869961,-0.151219849862617,-1.03630315835391,-2.27429050087391,0.262915631714387,-0.534616151457797,-1.59830814176571,0.585333174464125,1.97491884767085,-0.759493529041829
1.25164675247154,1.04692048897427,-1.64342739345505,-0.593202684361407,1.79612024119693,-1.13942308534707,0.342273490489618,-1.2357808023325,-1.27582123843702,-0.15938520052684
-0.580071875888981,0.0954051041226434,0.00191230223576741,0.0608880175598103,-1.30980561707406,-0.33305376375634,-1.1150760992981,0.277443049884407,-0.357306391427766,-0.00513548326218992
0.251754777744895,0.458459803878586,0.246577286490412,0.406340599712326,-0.442596534233179,-0.461584445385292,-0.0828671342788075,-0.0252450659641459,-0.987480269454197,0.112884282984937
-0.481646054295441,0.800007590661992,-0.483575209210272,-0.478126316028008,0.948339708691009,0.785964399314947,1.00847358699457,1.55239264632867,-0.403677262845121,-1.96200147351612
-2.66819417868825,0.0769369856247961,-0.128988482189759,0.232262736875294,0.653511868778046,0.774365398070672,0.302600910637968,-0.346930639327433,-0.140778927872793,-0.221008490185113
1.54914028507333,-0.682856796165655,-2.31922398606925,-0.432807810114513,0.672822852142442,-0.148768245189837,-0.62400448281114,-0.625764391414042,0.392363639996973,0.0509432115545376
0.388688936623305,0.62245916939718,-1.12591219826813,0.317287189355637,-1.63180858831271,0.111026138230483,0.952422193067595,0.0976170248301384,-1.18465834760161,0.426717457186076
1.38168485237192,0.305387203266279,-0.616980747903427,-0.284210076537134,-1.33165655069918,-0.840711911163459,-0.0482018671506834,-0.274051751096392,1.37831484562246,-0.286920581223178
-0.15481185922964,-0.596003173482306,1.40404948264982,-0.77514836652777,0.62487288183221,-0.919483312601409,-1.39935715299079,1.05472069599058,1.66178201952629,0.752742607272019
1.27885947393312,-0.960314580791353,-0.0876803089141234,1.44519812069885,1.72847608603273,-0.727059529559701,0.737720512977954,-0.19790909322853,-0.848780394285016,-0.0423076486738049
0.796762635349856,-1.09200234765294,0.220450497130879,0.293047653429438,-0.0929380557049637,-1.10424587455104,-0.277568909099906,-0.981328808630293,-0.182150566405513,0.348936690058498
0.252979969573141,-0.442591285260153,0.894591184972651,-0.815437687223181,-0.56356351014959,-0.0190478900171119,-1.00465169000382,2.21248526722862,0.798238110117072,2.47349595311485
-0.669131532391077,0.0428011004548952,2.39554375525737,-1.08435218317412,1.16694074085924,1.3057075970049,1.49639789911235,-0.398848972628898,-0.574452376759207,-1.67675405883445
0.0587585516851367,-2.30537902461676,-0.241014268328701,1.38654790367974,-1.88722699074126,-1.51552945463538,-0.657077721805504,0.460393435093758,0.0422285386277826,1.95096123309478
0.277414330157651,0.26695656664631,0.985415853799594,-1.73551425735998,0.560703615485513,-1.822409335951,1.9078876033611,0.578150035075174,1.31988951656687,-0.225455509568918
-0.017962165460213,-0.625170451728099,0.0871736594393686,-1.02749260256464,1.2566106642154,0.447532961669309,0.0760316317358374,0.488050485509891,0.601510496550177,-0.668291374418545
-1.70638462163775,1.02520457424219,-0.416937218945647,-0.112433564327675,0.026736714160538,-0.526169589190246,1.39298733528954,2.11940504397682,0.0913349143624448,-0.0257972185467227
1.26804415176429,0.553646270872678,0.558845773617361,-2.39053039469003,-0.139349730542939,0.660381852719336,-0.658585766738413,-1.56626688118697,-0.484585517755948,-0.344772068450959
0.517352244217598,-0.547408259498363,-0.441889436407758,-0.915624853389397,-0.312320400610221,0.149552109585899,-0.462769223261019,-0.840109959528867,-0.963461411353244,-0.551982279608765
-0.238320398561816,0.915892131779396,-0.0697447520850507,-0.594581890110021,-0.598262458686618,-0.597242637071412,0.158693092040357,0.481092333356066,1.90860762996094,-0.917117853311321
-0.588134144351816,0.652050152140467,-0.0132765424507846,-1.26159291660909,0.256790560469888,0.343902001130092,0.316285890704195,1.15361647577011,-0.266178764672666,-1.16319127289009
0.592977293727685,-0.0433817276577488,0.530541763119651,0.501514769152887,-0.506897974963902,-0.518967622439507,0.439342487917531,-0.774006442884923,-1.07197382384978,0.506294286963687
0.224440365347368,-0.345680286266085,-0.062609895606691,1.29058229422953,1.36044620372049,-0.0433170812819298,-2.00050588657477,1.1486695711979,-1.05700307211454,-0.261727077250344
1.66380062543885,-0.19045586363892,0.023281351532985,1.70150848710961,-2.60853200802091,-0.652708066254071,-1.0593555966841,1.02308451002408,1.42385344311446,0.343597411888683
1.53946590077421,2.46649460813575,0.566628797006881,-0.224443167465798,0.470915759375069,0.00548346543586087,-1.89794580062588,0.691818942438083,0.0906901456445233,1.75501123187222
-0.1191306811204,0.639158613398312,1.10397167057729,-0.0238360325641594,-0.135336309708708,0.758770004651099,1.90211964717887,0.153628804544544,0.16243679221129,-0.376398796638438
0.351954927302464,1.35096456398511,-0.0470520664035907,-0.389990293601504,-0.241210478108855,0.836792485902371,-0.425678459779951,0.927318520595471,0.896054182425283,-0.258517881896309
0.0682125341558597,0.213305773294001,1.66711135915709,-0.922904294167375,-1.30419073736329,-1.54053273707501,-1.00948664477151,0.617152351888145,-0.318707561044596,-0.328893685198271
1.34083884487068,-1.28892744418523,0.768413873903302,0.623929183960728,-0.664431616726397,0.523527158488539,0.753745621511018,-0.970286890931563,-0.916485466603798,-0.795919598931884
-0.192464225463158,0.433504547277353,0.125316285762431,2.30771750230583,0.659528443614434,0.207115166696502,-1.17599077171233,0.113029612563139,2.37261160480801,0.302680430059942
-1.36186201359021,1.43406259318248,-1.30740703010806,0.0774513009153492,-0.31016701374882,0.573831790437377,-0.127209828980427,-0.88098571785112,-1.31249299441847,-0.0963812052990103
-1.05793231769235,0.68795817130549,-0.200221451207809,1.05411408363851,1.60849337537215,-0.0891049167308024,-0.272765081588507,-1.01803518066553,0.0573875853349337,-0.236977794787807
-0.464496818334672,-1.32078228365367,1.02721607694981,1.0568632613451,-0.910817826805316,-1.21269889142466,0.292230052027169,0.749705368285254,0.163753525472821,2.09988625038689
0.362157038903211,0.455936676898884,1.38266611863282,0.382451352319826,-0.640778235868889,1.14293730440363,3.06825806915804,-0.521985119651333,-0.762571866254578,-0.212834669315638
0.609233529165406,0.103790895929035,-0.451442488084835,-0.323911533757319,0.13042970410758,-1.89321459609295,-0.165505259305499,0.997605500316212,0.446092084945403,0.691017822807594
1.322313743898,0.237149888726263,-1.01830584023862,-0.222209815385819,0.45120300168473,0.222789514064765,-0.850509028590178,0.8249449425082,0.344822735591374,-0.606623232841327
-1.59109234803294,0.156044037243744,0.506150632854285,0.450861760499212,-0.825353082163936,0.303475735073256,-0.0822110231469258,-0.707177715277601,-0.886916120943417,-0.379891001529125
1.2103454337211,-0.133588346228978,-0.449628373408126,0.550043962412207,-0.501353067416877,0.872002078051319,0.929680336350873,-0.813132868968507,0.479614409526142,0.100967850891642
1.61214564474448,-0.235292489931634,-0.558575206071194,-0.266575826521564,0.856888513942618,-1.03692535058902,-0.953504179012199,1.00355756139965,0.37378053560849,1.19496467364633
0.461717965410349,0.146680600887875,-0.426191238404106,1.950746323823,-0.637688423703246,-0.631890129930824,0.555799165579307,0.327792648868825,0.775596942867276,0.174395154130057
-1.98153783816474,2.99783180277625,-0.920716004690936,-2.25487447460824,-0.201972893979197,1.83845234242461,0.964474565506669,1.4784067785888,2.39026519043998,-1.68294445973947
-0.330417483163528,0.663129375452928,0.248188661535772,-0.08291837889424,1.35364910002301,-1.86176193750895,-0.518147413696639,-0.347165701909471,-2.04391654516154,-0.0449885574338102
-0.0358116829216618,-3.24523545566585,-0.630319440945417,1.38111011847391,-2.16594848215919,0.0495212143720078,-0.688091334228551,2.00412868950625,-0.391229194248759,0.943282415276503
-0.558079636135878,1.64740706236038,0.542168588807659,-0.101400668033361,0.0981049356503886,0.534100857511084,0.78526332943965,0.463989477266234,-0.324242842940712,-1.69307970848116
-0.485312832905646,0.538067483901725,-0.0497226018593202,-0.370960460492263,0.484216930465416,0.719646419833355,-0.499137702601099,0.737357222136161,1.01908417425123,-0.307441406640243
0.774421517377419,0.254352597774991,-0.989835875202883,-0.802678157532237,-2.59713548726795,1.2411734389151,0.487420794048969,1.26699328849443,0.783649547418917,0.670113482805953
-0.31695747344264,-1.09009340083593,-0.535272892847708,-0.321816507775557,0.149940142300997,0.198464220987905,-0.367724159063991,0.185371080383432,-1.77969877652775,-0.379552549290835
-0.643491836071408,1.08009637455842,-0.610670406003412,0.474614515622458,-0.152471700954116,0.54799613507799,-1.46324787595412,0.920699243428791,1.78697015916925,-1.14848536021437
-0.560510546141911,-0.981888549067462,0.159436699182984,-1.57786262300753,0.639435814540221,0.170723509740628,-1.00793755239777,-1.44331039250006,0.182552660357864,-1.24978828910047
2.15675716395266,-0.78309868407621,-1.10884734456378,1.59166820458167,-0.465286092909299,-1.90221863341645,1.03165384762234,-1.5881907160252,1.47128805190657,-0.0782455985854389
-1.92614629472134,0.536611988654516,0.771085233373854,-0.477097852030712,-0.5820664917711,1.74870912738945,2.04652759669615,0.886473299903429,-1.09877143971998,-1.63186622942244
1.25193064536066,-0.0849929765595696,0.0148832302855191,1.29436587646974,-0.294171472426583,-1.77700659114309,-0.199488834961387,-0.144839386280586,1.35132966895883,-0.49865296820396
2.29914857299399,0.237488136128358,-1.39178480790446,0.985771855018497,-2.37683506365549,-1.58102453623961,0.0969768312417848,0.0462286888312963,2.56870089913298,-0.635199756505836
0.788140214149648,-0.16708185542458,-0.612508329553165,-0.425963833826947,1.38975128906508,0.86350661424925,0.436892764544099,-0.332130724886247,-2.77474286585784,-1.52752625378785
1.9033881822996,0.369533371980778,-0.961108745109272,-0.00972462655475112,0.121558129036817,1.84812276297926,0.13490121018733,0.794051750339787,0.301866588291566,0.167985417070884
0.79076940669299,0.726426701237075,-2.34772766652592,-1.7241121126079,-0.93440426855362,-0.305261294834301,0.357550541388084,-0.0341063296633062,1.81859642370115,-1.18985961506364
-2.55445183382534,1.55830642721538,1.01929505669013,-2.05793127182137,-0.463193186358004,-0.607793995843178,1.00760135129045,-0.469401412590705,0.494390991985716,1.85695482717544
0.329873612620715,-0.490608189194103,-0.0958798217963473,-1.34172184204102,0.817966091056816,-0.821235608798862,0.0300470908321474,1.42878569498202,0.63325433768904,-0.975452923383753
0.0289831139935065,0.497012081054052,1.62308343467605,0.0557298387964245,-0.350599154865071,-0.683289421701785,0.677151058289246,-0.453353576568621,0.620317856425985,0.70313425979264
1.90611819098282,1.18442617420988,-0.209018192323897,-0.111090401594204,-0.785009754601158,1.75486769476511,0.625094605259914,-0.602729695897287,0.386607917126619,0.798024579611176
2.33192677050214,-0.285188893841829,-0.44206366511416,0.664913494961163,-2.59080978546168,0.245015524509665,-2.35241954639239,-0.361008777648405,0.386639400095393,-0.0545708504479436
1.75452166192037,-1.30787315666223,-0.353901544939538,0.963119234256385,1.52845409582601,-0.687167070904392,-0.58999801427435,0.890061247227561,-0.228617350543049,0.206367648528628
0.353093799126421,0.589221413486294,-0.996141310029865,1.98542627770723,-0.768237318175134,-1.86580092596747,-0.170844814288147,-0.0185571229959468,0.29030908120815,1.39016195035817
1.63012478097082,-1.43407033305079,-0.719190817910223,1.01435871969392,0.167450237575403,-2.41459203139832,0.0338745051442406,-0.0144500949032204,0.879451654119302,-1.79803932420193
-1.14785960146656,-0.315953711036919,0.721479082849727,1.38752893950832,0.0400156848117562,-1.08851602256119,2.18519198805494,-0.65472878111087,-0.48805905920429,0.131263730277033
1.20579332186217,-0.0925910082519432,-0.774838377505886,-0.148814290879451,-0.270481214004223,0.302155973408494,0.199642749721312,0.18348165786084,1.05268265383202,-1.61729759794977
0.496678044547601,-0.800825727976737,-2.69405602704475,0.239137781356431,1.7199726346672,0.47152764101544,0.345991909631008,0.504673897827643,3.59722879698562,-0.99606979341053
-0.571485950864252,0.721802258827714,-0.761568470388117,0.201752770475078,0.778381131771307,-0.324529851789634,1.8766413306473,-1.45463030067879,-0.668570898467583,-2.44572653585021
0.035409798887003,-0.28685049771669,0.335347290813103,-0.593811663214854,1.46115813737262,-0.575291326803958,0.0946294110126625,-0.797112742524707,0.495407221561333,-0.0845605558772425
-0.185202487735606,0.686935752468974,-1.845783466195,0.396532969047432,0.0691183825276404,0.115270722843262,0.761839209629162,1.18213377689199,-0.131588101438058,-1.06128829406014
-1.16113731765438,0.0543635433562415,0.62711254306733,-1.01571904389105,0.267136430115001,0.871659597984557,0.628394490452488,-1.91606720497764,0.337920959029427,-0.75467600554459
-0.637268986502433,-1.11842165170609,-1.0551508062827,0.678422019718097,0.351670269587369,-0.18862300310392,0.553150089007631,0.940788468792748,1.11851517875714,0.677673147355249
1.54534173973176,0.650638456270429,-1.84347759707957,-0.371781045753022,0.260764009783412,0.213659163296061,0.187414418769229,-0.472073925526836,0.00966168746593934,-0.845616542041724
-0.273915995826802,0.23181587142762,1.5726771523691,-0.372466459958378,1.12806280190664,-0.32751983754973,-0.114876561744047,-0.238606978074946,-1.46902875130677,1.21944758762526
-0.508647102167442,-1.07039738573377,-0.851529295163941,1.22699597962421,0.599734211599842,0.852740217580928,-0.343935864427033,-1.21884520436122,-1.69718231727168,0.501120814692241
-0.429045389078486,-0.538958768238807,-0.76958730413815,-0.762754902345953,0.0433880462485393,0.0426137963431952,-0.528301083810115,-0.312111727069909,0.358039790981578,0.669395185467625
-1.1770593098663,0.519668596642072,-1.61318216978382,-0.558889534222907,0.44865633267139,-0.130169587890869,1.47983250560911,2.18715367715753,-0.491694577518962,1.05915847518172
-0.153315944881038,0.792023770694819,1.37047231754959,-0.93192807993224,-0.390812319167718,-1.04019007797993,-0.724668630988443,-0.275431237924918,-1.50239511114295,-0.124703235616283
-0.383710925470738,1.48060692800145,-1.98718410341026,1.84440136750711,-1.7355200259323,0.370082807693639,-1.37749642855815,-0.821472456822138,0.385393333816036,-0.257925387350555
-2.27608385536693,1.35044403027675,0.182367168814501,0.77271949174515,0.857119547169644,-0.69488126284777,-1.02232924393824,1.02224361541855,-0.0229096149293921,0.528333515850081
-0.00100505200661657,0.339645019349373,-0.0597981000078421,0.186814892348235,-0.454421914429002,0.345558770977345,-0.87810563110324,-1.03901635135848,0.267553902102408,1.23269311698228
0.187987591448482,-0.326698261409783,-0.244583042197471,-2.18264339696684,-0.565951635610243,0.0127629074616052,-0.060428567841176,0.80646699074341,-0.394095560261802,1.08426525002247
-0.17140510418346,-1.43809680736538,-1.26989007886271,-0.7351346097786,0.649543256461554,-1.4781857996847,-0.72232263294206,0.059227050035109,0.164155310817287,1.65658074130329
0.00737391506722931,1.58585850904765,-1.1887465356048,-0.34459462967812,0.644658539973335,-1.73818852303454,-0.841637140673045,0.919395510373178,-0.259214985922581,0.866071571348967
-1.14774215496495,-0.881797543306021,-0.32089055858014,0.539881451652326,1.48587710723351,1.42098953482909,0.891181631086938,-0.368955878117303,-0.46984648707274,-0.549714801238724
0.195966153382628,-0.0330408223074929,0.88579527371,-0.0796408897223716,1.10870950879751,-0.491436562177876,-0.224439176021758,-0.281873731069662,-0.0154277631102562,0.494555017986403
0.882334437797421,-0.193470111490229,-0.510239792905111,-1.14826342983505,2.06178011637305,-1.4172519569948,0.289992037333268,-0.818427160679475,0.736743190612537,-1.21579960942733
-0.375981470978695,0.200422065045993,-0.798118337389042,1.13299234093188,0.847835269620842,-0.0814177396838211,0.31677926966646,-0.224355149619026,0.169305499537148,-0.316815979646985
-0.331309820125719,1.61650996175986,0.555656012242056,-1.49274742954159,-0.722779332081117,-0.157797918945045,1.02570785976138,0.152775118708694,-0.88030937330931,-1.28149863167145
-0.466126896542762,-0.372630512730335,0.743205956962879,-0.244251032688588,-0.614483751296414,1.00291982964308,-1.61006794546467,-1.51382575422255,-0.298737071282735,-0.674807353886065
-0.67802238926313,1.33567895209587,-0.881925496373508,-1.57355932995239,1.36354907220991,-0.646019394339434,0.39089238652605,-0.54920355133726,0.34757660558028,-0.0742767340228151
1.06785895003468,-1.36969111171086,1.53632240057814,0.0420146434725476,1.06801004029227,-0.746076637635445,-0.861574119973761,-0.27382937691476,-0.455000001284741,0.886351264052108
1.1373095949291,-0.305103114088157,-0.644498710898537,1.45632996678173,-0.491945714185914,-0.22115604134556,-1.18778537155883,0.355808725244759,-1.44651056244079,0.133458352785362
-1.81234228784586,0.157175546346859,-1.01936238411503,-0.615632273260655,1.06582344261071,-0.0522381016762741,1.44006760467854,-1.70323425299379,0.055808582844705,-0.340746573776237
-0.0801057295863876,0.195120846892012,-0.180720550111415,1.61563279086862,-0.298930187776406,0.832697141224835,-0.547010386611153,-0.386884497948561,0.493713715031959,0.718239877597106
0.590542240340654,-0.037695716498529,-1.14872756016161,0.0430970300345255,0.771977531464736,0.191921024441024,0.595000256940378,-0.632334869368135,0.439212449148795,-0.915138669015671
0.0219438575506545,-1.59872649878655,-0.998576968629197,-0.0528160002263707,-0.224658468432846,2.43763976127967,1.23830288619847,0.544233576809062,0.880770540308713,-1.3320206187831
1.07354573133212,-0.95383307207974,0.356762455175417,-1.6293608169155,-0.255936497680675,-0.0819936237679505,-0.968235068939803,1.42183236783842,-1.09411997855055,1.46423210337305
1.18505141936684,-1.86521064801763,-0.580991450265822,0.0697818823214621,0.156852791963987,-0.303260965519425,-0.490727611637067,0.857253114384482,-0.645561209530636,0.26988431584579
-1.75344445828245,0.86712772548488,0.0691176814640961,0.635237262132924,-0.627890139611757,-0.0987410996786004,1.98196621717249,-1.22798612880249,1.93110581599902,0.392776869224034
-0.311328589329431,-0.51006408370877,0.164612780412376,1.04187943294704,-1.49830250738364,-0.217559795830706,1.10963931142298,0.314092615144323,-0.263784395020525,0.169860114751195
0.690078191426033,-0.810562095704416,-0.563026582619793,1.21137103947214,-2.4042814111855,0.461682741372012,0.3303332818717,0.895389457884854,1.70677179571164,1.16801722228598
0.396771391876027,0.544436363493026,-0.816049049336643,-2.24105458557968,1.46773759407786,0.491158942884984,1.18053397673476,0.306097913822932,-0.131787683385993,0.0255266254437952
-0.679068295754988,0.531489462924494,-1.07000738262958,1.79493635435843,0.678669688170034,-0.362550740577428,0.0914546518753111,-0.76948580022971,0.127279386465318,1.67046973082746
1.02289682854215,-1.37046781956247,0.641637502468299,-1.50906530933875,1.22240802808466,-0.247900974020859,-0.268346974013262,0.749336450136153,-1.02503977015687,1.05519176480135
-1.13039494143354,-2.21126076719316,1.99361147957408,-0.415496781931254,0.773969493071837,-1.21896713914695,0.7143510248329,1.39561817268553,-1.92241860674289,0.768577566978026
-1.27910694879334,1.13264032622113,0.915577296631131,-0.173707512230415,-1.81790901253823,-0.623156071108108,1.98389371965268,-0.550330379377846,-2.14075000484279,-0.0745482289957452
-1.16532659631608,0.433962342683938,-0.039738386213938,-0.329354164055951,1.21895066204523,-0.401867258861631,0.181800366278568,0.285960896352579,1.36228897626199,-0.519617313345143
0.733230863185789,-0.574375626951116,-0.988465273250132,2.32769657335163,0.4828389309795,-0.851456621788651,-0.968666829201596,0.7249535176739,0.832288769099319,-2.05722605760782
-1.42752163257046,0.0221312898861271,-0.375815012702311,1.13061331018523,0.343035566616448,-0.273681043576059,-0.725369018587401,-0.118843367067297,-1.34734943895111,1.22516955048751
-1.57288334020141,-0.142627670864629,-0.799841171423816,-0.986987778521626,-1.33454239546423,1.39432437132833,0.636993747780515,-0.578024516075538,-0.0373683459006597,0.233377294339168
-0.0965534693550503,-1.68319938022764,-1.7385719141042,-1.74318108222623,0.545370113086059,-0.656127292251075,0.291693113930052,0.966548722481863,0.630103245781972,-1.42439919597452
-2.69397961386554,-0.848999440771486,1.04938393739937,0.509263920162601,1.1601687648649,-0.313456663460598,3.06864181112522,-0.852382261410831,-1.36767419251131,-0.354809486845588
-0.571440299854763,0.147900256923421,0.971770746368984,1.51019464738342,-0.720303026847669,-1.79747178848327,0.948028352185716,-0.850581758322577,-0.425091831978922,0.108352526874568
1.31707679093801,0.582865973438637,0.4304727375955,-1.63615590547492,0.395274151000588,0.189277643626502,-1.50801694595048,0.068021857575909,0.0208934116139893,-0.599613260954982
-0.30803641423426,0.0560162654656939,-0.686586663323202,-0.0174390238727096,1.47032042905238,1.08965731781918,-0.170137331831546,1.24267330598572,-0.702141837756113,-1.79785926550486
-0.47466779500953,-1.87443352871642,-0.511345398741787,-1.17332965401441,2.08005949238936,-0.108803229942964,0.601828165904163,0.520026349196678,1.49058987123981,-0.0768303263222785
1.02729548321558,0.0232349930656862,0.270803647704526,-1.26066862988495,0.24556172580384,2.15987421680695,2.03909244228562,1.58798433354099,0.246815784186555,0.0292339116318907
0.8911347622541,-1.55227400522653,-0.967052821263372,-1.42943427961984,0.662875122465626,-0.640195898605171,0.371965546744791,0.446841807525857,-0.829336993879355,0.14372678589521
-0.00834917591566827,-0.664403019872503,0.451904587192642,1.66574114536357,-0.635342886177559,1.63466874365586,-0.636299252921345,-1.4130574175777,-0.188929911199487,0.113191613006905
0.851908187164582,0.581385043229953,-1.14730544398273,-1.53740227479339,-0.8541900407719,-0.323481243908271,-1.22268918354351,-0.716032165386968,-0.598090102575364,-0.377016510741446
-0.566121030565367,-0.121213769490489,0.60911287378711,0.649179332358255,-0.0354644162863015,0.458217364314705,-1.18701548918832,-1.73933499788123,-0.315183339090831,-1.08512351809585
0.751716755420619,-1.42553452984839,-0.502055319556231,-1.49751405865077,-0.291991419043448,-0.111811211693351,0.109374874560139,-0.718774883497024,-1.60862845042944,0.0137343365946693
-0.97015302429488,0.656809529718062,-0.0220420903677815,-0.314255631007665,0.257279103597348,1.08055066310256,-1.39008182892457,-1.0058992429491,-1.18337677405386,0.104455778646323
1.35033520756079,-0.266101053719875,-1.21203294965868,0.22775738211432,0.388439384320262,-0.6794052815087,-1.63101297741742,-0.770395277059521,-2.28585056110568,1.23222999379686
0.114252313515999,0.893690296873547,-0.173670799792147,-1.71517757681701,1.95727772474916,1.04933301695722,0.949510130819126,2.23477181302353,-0.365929055905918,-0.55476913586037
0.638796566366734,-1.14399624802155,0.528873362331435,0.35150532876075,-0.0589107397146925,-0.183736241028249,-0.189780266192213,0.813926418079071,-2.35421211596076,0.279708059767751
-0.611761130140192,0.815602855093187,-0.219523207219175,0.0760852087021034,-1.38559406534825,0.736562640812034,1.22095641587277,-1.73685446974124,1.10793521205877,0.910929093747087
-0.532861278609559,0.318830302175494,-1.05699623403319,0.630178634983669,-1.3106842784274,-0.98890944048495,-2.24353011552466,-0.090369373840835,0.365936011266753,-1.74353852420112
-0.474228770807887,0.852745314817597,0.180853418147825,1.48193793726926,0.247448830227732,1.1083266347053,-0.177658601600347,-1.55007969327622,-0.910938965843181,-1.68784221380215
1.66087925015991,1.98532288651712,-0.618448858237074,-0.211141402984006,-0.288859471636974,0.236515205566031,0.353076380093328,-0.0399350953129186,0.261769637945812,-0.00338843019996308
-0.994915830275548,0.953114060778655,-0.396623011819931,-0.771452144665663,-1.22341553417139,2.36584851479269,-0.704218119560584,0.527074122243874,-0.568420549043427,-2.15351210155373
-1.34404999710622,1.34620443681337,0.698579554311895,-0.404290880847799,-0.0536322671811224,1.69940347217644,1.12033022269447,-1.02303343440592,1.28525998644794,-1.39437809373286
-0.395428343829527,-0.11536479923743,1.00496243894405,1.0065254481852,-0.0452911918887204,1.69091098127058,-0.985049556268537,-0.972006680021477,-0.102417577665033,-1.5576197268828
-1.88124317142527,0.979302412290758,1.16880965021163,-1.14210703696653,0.480278744246759,-0.740579880479184,1.59261235757201,-0.287437799967112,0.192648402504409,0.0705066736762896
1.21630565114333,0.0349467343287488,0.789107285214629,-0.105175033150025,0.379006850918763,-1.04506403216326,-0.178331095365358,0.945086729593167,-0.60211328327496,-0.524534722693614
1.10410600521984,-0.483799324534798,-1.12662307742112,-0.882467458596117,0.897225710980442,-0.527601201493226,-0.0618420467858,-1.03713503516699,-0.90205288804364,-1.43029386174932
-0.0308785146538745,-0.370673173102724,-1.42116139408766,-1.15575463767285,1.19040588570642,-1.2485282432587,-0.433215865331508,1.39445649256109,0.422553570783478,2.5397645924233
0.649153730699512,0.061954127520189,0.356187508950911,-1.24718446590025,0.307951265994139,0.188244471071172,-0.425943244589178,1.12063577177753,0.377813419898171,1.44823736012137
-0.0932246997280253,-1.27797132625514,0.293890765458923,0.442968356688397,-1.30816405274247,0.953306620673837,-0.515892988576483,-1.76717335421547,-0.0472323179003915,0.406980667454821
1.44296660969947,-0.747839418443965,-0.0722273676891026,-1.75096968012856,-0.416254592741528,-0.94658577869097,-0.589186622512784,0.892218168845779,1.77220085212258,0.0339275128452961
-1.44753366565619,0.16669598379925,0.387690956700507,1.02280789562824,0.627460714343365,-1.25726601299465,0.0731535675438902,0.945713278453209,0.509775623147843,1.69007711352385
0.558697714540333,1.03311491752431,-0.614902007206399,1.32441544169967,-0.784732124180961,-0.230053420463523,-0.315675698285818,0.57073069312168,-0.623390675175225,1.64778922442049
-0.483182682670062,0.0542269355244378,-0.736609291022546,-0.636719415245655,-0.635692692337141,0.223983258868628,-1.20593806290319,-1.08907764122727,0.14763522621322,-0.404384051570515
0.636396260935449,0.363723304835483,-1.5547202909715,-0.87539611400706,-1.04013424349099,0.721884814037207,-0.767040076441101,-0.785457783545188,1.25447362222146,1.56092875977346
-1.58661732038651,-0.997081969343776,1.81415920254427,0.111165961801684,0.581574620016387,-0.987964671525786,2.88610613806356,1.02534925247122,-0.687181912377881,0.394987072248829
1.06873590482399,-0.153297855243698,-0.937060551567924,-0.831323370017968,-0.7235732282963,1.1368047856153,1.4389879748754,-0.472308514072164,-0.394420940707434,-0.375935020891022
-0.00744188789029674,-1.65043715956718,1.10692189324883,-0.639769391767789,2.09632779461131,-0.203660847084407,1.20261984788233,0.0617115413229001,-0.256816202137392,-0.917221918273828
-1.53989223983184,-1.62660737570168,-0.0330983843660843,-1.25326280096987,-1.55997708743874,-0.423798412377503,-1.21104512925357,-0.415977501749915,0.730133573078306,-0.600127172873778
-0.983750378767245,-0.5106770619853,-0.911411082515556,-0.359845354881456,-0.183632241973227,-1.09271164097268,0.17168832688701,0.63042533613162,2.01699083008754,0.527263345252292
0.944361157335918,-0.529339291062907,-0.712079762418739,-0.127506622187879,1.89811784853362,0.491846697192964,-0.699149522899845,0.443356582510348,0.941939965348616,0.237544191444971
-0.890810704928655,0.625091680715994,-0.452767842990516,0.768924335339267,-1.08031608175909,0.533301304394525,0.44018963473507,0.695228304998382,0.0920553295445246,-0.307715854181627
0.923327871065976,0.410322680983615,-0.472501650460665,-0.591126524547742,1.25619523086114,-0.114190391299235,0.820851839315847,-1.3770902775739,-1.03744147048249,0.345356525318061
0.23508448214548,-0.500665805699411,-0.0777954181294027,0.28952635609236,0.217799236203282,-0.435510362990578,-0.613398165854043,-0.286746836771745,0.606276976561446,-1.28422498906555
-0.655946171176007,0.891606388771214,-1.57376155046418,0.0296746287860007,0.385777656427675,-1.59399270095177,0.488293568027606,-2.09277364340363,-0.367869872237207,0.437844565032908
0.826591433928976,0.674501542272009,1.22651090101214,0.595434952981224,-0.302073523914427,0.0820304523672058,-1.06190751129902,-0.365625839156724,1.44069757714717,-0.835383488651881
-0.302560889363771,0.705140032533039,1.23199838798049,0.0874649661233314,-1.67738239091451,0.405030443310794,-0.306303439273139,1.35742066083132,0.212532073324483,-0.664154097623362
-1.76315848691816,1.21710041300786,-1.25947451363826,0.760363442533467,0.342516358575185,-0.856776946166445,0.986591997812343,-0.110025520995633,2.08656098295438,-0.821658934676112
-0.559516524010592,0.453762496977879,1.30922582097176,-0.893821535719059,0.307504442502595,0.720734845055395,0.893060971944381,1.39738510988713,-1.36078709180079,0.216893276069888
0.757525421427489,0.141373419592085,1.46320641856831,-0.439098056343206,-1.25038810657785,0.520659131759961,-0.475765249021131,0.614793643424503,-0.687192708636664,-0.177657407921854
-0.205543771701272,0.168907269469377,1.7144587442354,-0.788439989046713,-0.432495412073577,-0.720849956007603,-0.570987077712135,-1.68165516598207,-0.233010463445829,-1.3644422108606
2.06421415311577,0.484313547665661,-0.620222956874713,0.377776593450072,0.690113863957851,0.398487709326721,0.489688543877594,-0.526156827657617,1.94166618652176,-1.07461830274717
-0.119625210114135,2.48519827044208,0.870884863241972,0.657439464190135,-0.0335990032219034,-0.352299712359752,0.539745254430065,0.298803150097907,-0.97385121003221,-1.68789784025727
-0.29937722727205,-0.681157072960526,-1.52576279000172,1.24720695803922,0.37610071319357,-0.258948346827995,-1.20380488568358,-0.486929198046442,0.714603517974575,-0.310838215811645
-0.5777151945064,1.02627036390749,0.10049052191248,1.21187111765437,1.24540973819596,-0.166449205022197,-1.91206569098634,1.151592709752,-0.417177540217044,-0.258100915516802
-1.78000500102146,-1.33107175008391,-0.0504974064955314,-1.18333827372271,0.499135179710317,0.135559014241458,0.335931058512685,0.47237048318055,0.149037202615238,-0.272237269620576
0.179722045077354,0.077516175815839,-2.15424105865493,0.169369911120007,1.07236276564231,-1.57628654264212,0.185074827775026,-1.13369936143398,0.866147448649726,1.48488086444769
-0.256104997883123,0.153198573365485,-0.446297695302594,-0.213225856805506,-0.28816283877458,-0.324434041139723,0.681947925236267,-0.41511379442624,0.617606529001885,-0.179610934678154
-0.805180449585971,-0.887643061755686,-1.26458194985151,-0.980006904841964,0.934861063885435,1.90007600793913,0.770015985122355,-1.25590768225841,1.98916213911541,-1.22005724252378
-0.443939449974129,-0.183073004276862,-2.25597522789593,-0.0178451422172941,-1.33416494210823,-0.451385900241641,0.777475964674283,1.38196090424431,1.17251466531758,1.55352635180839
-2.81450687601823,0.126356072033045,-0.876783665350705,1.5953430707575,-1.0318769977521,1.37248749732094,-0.995289288680522,-0.80160508419971,0.308389625042539,1.52912510326631
0.0947860163698685,0.825245064891912,-0.279476282194118,-2.19709208863264,1.5259204937652,0.411360751705911,-0.052898893605651,1.16618226180821,0.0462214166455914,-1.97822727231487
1.22815016163589,-0.477107869558787,0.484299848995832,0.882048050426344,-0.766017398632309,-0.541978697444392,-1.89898176757147,-1.8976154394271,-0.831074417919309,1.61672327028382
1.73082297456593,-0.0301106258058046,0.493581281995503,-0.992657041781816,0.158919891208994,1.16582124314762,-0.978416757015782,2.07362667076813,0.213470240034609,0.0142679345798893
0.466118046655,-0.316060651000483,0.247964065278558,-0.109371573159224,-0.186166689255654,0.186026815492984,-0.173580285911745,-0.0470188405736462,-0.188564069921213,-1.18120292889604
0.467153093092457,-0.146901319868544,1.19384109780004,-1.62434542271875,1.39588576313959,-0.375636900251131,0.946580357765572,2.52405458158613,-0.097319799788659,-1.23781121730626
-0.6773640041794,0.331630621935999,0.244283933473867,0.752254124791022,1.94348354303132,-0.18496312432499,1.01192085344598,1.13837240291377,-0.249146890759325,-1.13001711738335
-1.34009391716532,0.423948653786477,0.441386273859803,1.12033426428206,-0.00248724707172364,-2.00117523557673,0.250107930217129,0.24178688304851,0.0688015724440694,0.634517185319652
-0.16864493860923,2.38031815685168,-0.750192692358298,0.131483329584138,1.92193503615034,-0.295122612846841,0.251911796456286,-2.00010966101269,-1.56793517436137,0.785518517654041
0.919262593899473,0.872673912476848,-1.83431968052391,-0.28014088620997,-0.652457162254604,-0.294870237168872,-1.43605656323908,-1.21015634047641,-1.12817080014282,-0.344335642163119
1.28248283545657,-1.53869756240551,-1.80243293780637,0.0799053942529918,-0.086111283877883,0.675562234747497,0.297820510040706,1.90536476685126,-0.435962686716695,0.0365549666072209
-0.0147420164446371,-0.505050462813448,1.29324915621621,-0.170943952111172,0.282889601670736,-0.901264703038903,-1.31802328871563,-1.72486624626809,-0.588449492296362,0.960244954452103
1.19386432450102,-0.0996684140411042,0.35459414430231,0.188611448260739,0.500412650781396,-0.700036730969436,-1.33939565435733,-0.228861788033344,1.69654791340259,2.47532252261909
1.06642700886613,-0.51200064393298,0.640605184333724,-0.778011613409636,-0.331149182452703,0.423681214681232,-0.574298329009519,0.391683078376961,0.992177296321812,-1.19768214985018
0.864214412810904,-0.193517485415719,-0.776040992388399,0.175838371683145,0.65062902527004,-1.59605346387082,-0.431822847354527,-1.51610064122961,0.131004700192176,-0.992498057857241
1.0743624477072,-0.73736522748111,0.255456534701452,0.160477564938914,1.22989211508738,-0.22081446316547,-1.37224855722539,-0.372916085377991,1.10821943027087,0.136862512652841
1.24018326577298,-0.366646040949164,-1.05275770503009,0.94324767106983,0.608885486741815,-0.855629390193207,-0.324700879078867,0.225027269068878,-0.195751668955181,1.87872184685654
0.706947032415904,-0.209430112234641,0.0829157360713944,0.9800677530009,1.12604124451848,-0.804051374288286,-0.603262819167092,1.85088135336503,-0.477029056009351,0.652116105766966
-1.72308275120529,0.0239476588479544,0.793362014983625,1.69471442636201,-0.609737540777122,0.919970488115122,0.052535303305408,0.225187150936053,-1.16255986925054,-1.46132986874024
0.238162214824362,-0.651285860422319,-0.960481030651768,-0.448552713127739,0.278866429549308,-1.43539040614938,0.710884550648769,1.09680363602477,0.815582850555017,1.00339758807856
2.54299967966523,-0.411495168447862,-1.17743029470201,-0.485991545572283,-0.282021171703673,-0.230904106239157,-0.716283134404908,3.10568509086185,-0.370104141908808,-0.825523311358217
0.112739334435732,0.356746989690933,0.959327683557064,2.19788748016045,-0.646601185958158,2.51251172636236,-0.208735283460745,-0.267512552960879,-1.04209583167242,-0.590840862706299
1.53507067082978,-0.726179248977735,0.561192654979994,0.743282467144983,-0.852320181879364,0.154284022666697,-1.2339354464003,0.322991059548902,-1.47142555282338,0.691101761227865
-1.48969932154259,-1.35858451010997,1.26061174393488,1.20642249971335,-1.19903106673123,-0.227037487466145,0.541628589288537,0.529718436705993,-1.62890116295581,-0.584355493177898
-1.02231654850763,-0.262091677313731,-1.53601470537885,-0.576986631430128,0.2690503406735,-2.06357670334434,0.175448455006701,-0.409475485566716,1.36838055632225,0.395746394144547
1.686322091375,0.633275067143502,-0.50104673948703,1.39437539027342,-3.34880307694918,-1.07493921501248,-0.633402929378206,0.751248029270642,0.488941538223304,1.17291001003524
-0.0757790688079755,-0.498879597170228,0.256988038514202,-0.523541484307108,0.10326644682119,0.723123508696362,-0.831622986771051,0.0279970194244729,-0.893479227331624,1.01365082236513
-0.0752066866201845,0.47071751988069,0.662124081776765,0.0216062511894398,-0.0688912182561236,1.24800337872982,1.25324033543808,-0.017006215293598,-1.12865789083324,-0.192101429873348
-3.0551857447054,-0.20009583315499,0.117638894008216,-1.5756737037745,2.093654346176,0.564970581419652,0.692123541312719,-0.422286991018066,0.248073905865686,-2.40398969931994
0.606756048111979,1.87764456957182,-0.709696980833827,0.377035584148887,-1.16816522288212,0.58659038072684,-0.451928014931104,-0.204248938304205,2.11344562110575,0.449319976239048
0.371824424191458,0.3565844584916,0.100482214140411,0.371701743608868,-0.0137992262763359,-0.911498526362643,0.791649612571981,1.32049534791307,-0.694923135132511,1.49285704893821
-0.348323890326145,-0.711609381226302,0.30061182178022,-0.35199271734501,1.08181317184581,-0.79267228879837,-1.30354857656692,-1.73421073110599,0.317858992863321,-0.453765402148854
-0.247138534707461,-1.26062588508325,0.706160899066649,2.05520462725406,0.60093180882167,0.96613909085176,0.101221257187554,-0.563108035376999,-1.07994611005065,0.213513576809346
0.222625646511666,0.492313185196638,0.499429638754867,0.154648878939505,-1.20544427076053,0.460926382271653,-0.311978742655642,1.44473783005084,0.227962129584009,1.96111302083541
-0.120369924708383,-0.825015929043012,2.0772636179086,-0.714483561874765,-0.870384661713782,-0.61754910210262,-0.397645740882139,0.0966917997010753,-0.866947271768209,1.69033771655578
-1.00392762813889,-0.635448406942636,1.7219645945922,-0.180778146661401,-0.825846738788358,1.66866412125549,-1.04100912710731,-0.0161562741502066,-0.321325244847615,1.48182984226
1.80909637327272,-1.15988567454075,-0.2298201840542,0.0845807931955224,0.758251283809669,-1.21450013581727,-0.00423202519482487,0.441461536870674,0.0472610852959703,0.0058616245145439
1.70537066141022,0.42498942012982,-0.447912601579731,0.592385411695547,-0.0204024831857889,1.73666657662623,1.50898689292316,0.299492298960426,-1.69178082893426,-0.742003032295631
0.92820099768984,-1.2561938562112,-0.720550625221479,-0.228264706788391,0.212087191896882,0.403229603795695,0.405388544110025,0.423650592410739,0.666021296399383,0.42017341019206
-0.0416253217871264,-0.231880055628321,-0.787804820977294,-0.745823780749379,1.53072763387167,-0.143246327609738,0.359903464192668,1.00603511257056,-0.788775582701208,-0.0748827649883091
-1.90032241276685,0.522505787179969,-2.21668890337868,0.471575196891792,-0.656924402870092,1.6243111271387,0.69682136719766,-0.672496939720111,1.41081366858816,-1.15723626284166
-1.59992539168418,2.10723067174229,-0.896871992086017,-1.51446867004755,-0.134204177126175,2.05596035827214,-0.778367685144131,2.26652332339663,0.233632910841791,0.602182953995935
-0.113671703073934,-0.750189066544037,0.943934322922063,0.281993092475304,-0.554954853411396,-0.787349158493892,-0.736265295360512,1.14628551208455,-0.1097557549951,1.68894530220157
0.987669868838578,0.741839399357393,-1.11141800157944,0.355138487455118,-0.0136450294765423,-0.151420480473071,0.624803059017528,-1.39276390567755,-1.63442462879617,-1.7003104685134
-0.550739895079638,-0.793346286057095,-0.114655683814318,1.16738312461232,-0.386485308539125,0.773415712056962,-0.0789940319728825,-0.599645699293561,-1.37713319141491,0.527112185781298
1.23322397439733,-1.59791912812248,0.722106425805646,0.303060164362885,-0.982307949263286,-0.141495484728406,-1.47262987492038,-1.35774278005545,-2.44921905528802,-0.496141855605587
0.636998886092231,0.179500845182955,0.199538895352315,-0.261115530536544,0.428784486511643,-0.0309831733659458,0.853945565717671,-1.95303067829052,0.453143645527822,2.28572002628117
0.29908061079832,1.59573381151696,0.310852387415455,-0.625671490014872,-0.207305075383252,-1.12653459987031,0.140713945117469,0.745513413243526,0.660484997255733,0.225582668444044
1.41173280806882,0.774127576383353,-0.16247283441262,-1.7158540551121,-0.350144820198048,1.6117551440273,-2.08383062797975,2.02196746285235,-1.66191304742117,-0.898772644922342
-0.71458414017942,-0.710618273792501,-0.446179974435586,-0.00146140980671039,1.09826557142632,0.218103959221963,-1.99710428156369,1.14874426529085,2.18134624051948,-0.718552695689601
0.358578053487811,-1.12167065397741,-1.6189695508762,-0.201028961691029,-0.157153419407795,-0.799088033644555,-0.102727781312581,1.05790089670097,0.142411056167993,-0.108787145528369
1.44450898847949,0.524184596817636,-0.609211729618389,0.641827639240761,-1.76722683075772,0.808439156455284,0.226891037015186,-0.232833434207585,0.560442730891832,-0.248648729564617
-0.450247532862303,-0.495656431104069,0.933467559807425,-0.270847197261159,-0.656168138410077,-0.609447372885898,-0.219875060232961,1.48594918392271,-0.516262239043639,0.451060704416345
-0.454275412505974,0.49819672046584,-0.941455740889098,-2.48188829388435,0.486162822769755,0.119751146003663,0.425125358561149,1.30763211973033,1.45910456880223,0.43897371665988
1.31047439291265,1.95118720673056,1.84760797378889,0.443835688202527,-0.914659969145854,0.0269797579528588,-0.317957040602641,0.647343135720883,-0.514704175905528,0.0770497097077328
1.20976444287061,1.34987955579972,-0.509411242954334,0.674311622783507,-0.773813512953986,0.691622753571094,0.12579950751831,0.751587521379607,0.213748353160682,0.311840473815382
-1.23294550449573,-1.45834314531401,-2.03314269048621,0.537693078585845,-0.772888513075275,0.421654466315116,0.635128680714207,0.821309763463796,0.83931639853639,-1.19501664478694
-0.258760692203092,-0.0243102013553152,0.334603800504217,0.255389673448653,-1.06115000429668,-0.659172562600281,-1.77979026940457,-0.890572934103775,1.24705390065732,0.572910313802626
-0.956068757738702,0.194917111897332,-0.25854846386086,0.00561502043172024,-0.45323328611255,-0.550700941114395,0.471042891039551,0.774273902145105,0.229755092943692,-0.913992049020286
0.46085613132382,0.258503938102534,0.182499593707881,-0.654400287574198,-1.09485042843153,-0.242499111341369,-0.31779327803807,0.420663687301247,-1.32325879101346,0.322817138772483
0.197161580834532,-0.722590187825362,-0.26155542122563,1.25024392321344,-0.227612108446841,-0.664776219230199,0.714712130868983,-1.05593110512015,-0.487574209926387,0.773455506377471
0.351147345191654,0.262367129777096,-1.29384772875145,-0.906292199043622,-1.88932927565843,0.242678910671259,-1.01482864745281,-0.386279758641042,-0.147190796200177,0.499886031581127
0.184772096446911,0.77249679712254,-1.50821991261714,0.124573611011406,1.7012606729346,1.83116503404952,-0.347327413141627,0.03601465476472,-1.14521731191066,0.114279192893868
0.35456536670718,-0.770223552630647,0.456197715463937,-1.25264448573164,-0.641043305437825,1.03430559536645,0.534017029212744,0.93361672301446,0.125404266957952,0.833799505095688
-1.64243543450032,1.37044846686286,-1.08726073282492,1.20009636619478,0.243699454820082,0.23035467839314,0.130460865865364,0.80806065082671,-1.61029444337116,-0.988597779901958
1.61210006438514,-0.283086420327475,0.812722621374787,-0.968061774943713,0.709641260433874,-0.352528561799656,-0.286877489235214,-1.13579055705416,-1.00045541385477,0.541345487353833
-1.16411197335528,-1.08268304665304,1.30522311367408,2.35893021405093,-1.3692851477954,-0.00383933082440076,1.33938256429105,-1.64920994676948,-0.517749834555714,-0.237736854457016
0.102336778002584,-0.594771579865187,-1.35793056404073,-0.561531925537693,-0.287717236771256,-0.171829355783527,-0.387623138796559,0.506058749049407,1.86409467739941,-1.15989924022291
-0.924824401765095,-0.867322295167715,0.0656422534485291,1.92388298576799,0.0339106322216571,-1.15552616968601,1.06375604022836,-0.269695103004991,1.65519681170156,1.13168654945025
-0.0324865083047232,-0.316654729986878,-0.571130772266711,-0.935072838290566,0.135539977333762,2.45033918735792,0.155633307051767,0.970846857283713,1.29804033573296,0.136703016678509
-0.181188714347279,0.766228116505406,-1.74641192834058,0.764849124897515,0.119715071733458,0.258197904589282,-1.79068240400923,0.495112958193691,0.184696620539931,0.884902475566814
0.255055223565115,0.210457935705177,-1.3074867221122,1.52501128691509,0.767210480471017,-0.613734300407295,-1.55089914950616,-0.082963705862395,1.41643009068167,-1.80151089099585
-1.21187382364506,2.4504706060817,-1.42451567979263,-0.711642516421082,0.458848910748406,2.00359471000722,0.199496611444387,1.44022311683731,-0.910928715003417,-0.248884715015578
-0.953593005795465,-0.481416138119181,0.775108652777854,0.961633352821203,0.571192518757156,-1.62887836735624,1.6292587674733,-0.749069787243331,0.455842160604889,-0.484055007104506
0.824587848324136,0.171574183232331,-0.862369621754018,1.60107294697328,0.601364259769008,0.514026225332493,1.38758095068458,-1.61258978550609,-0.773730603468984,-2.00569478737385
0.0475213057409366,0.929259505015975,-0.0177408643082133,-1.14331624068314,-0.853021225066751,-0.00491718845369904,-1.56677739627008,0.0469310529799569,-0.35298281266384,-0.38571873582807
1.86693569928774,0.0434507890215631,-0.413690603643725,-1.6866171909228,-0.461767202832183,-1.39374847563161,1.54398413527885,2.18559077207885,-0.49596994512947,0.303096649842642
0.242932839031098,0.125234597502047,0.779480003140915,1.20325475571749,0.0229591916721784,-0.0983172069979145,0.69602337927646,-0.94256042910401,-0.505266716265848,1.04409426579217
0.573058080077559,-0.210013177200825,0.331354943235866,-1.18150955031217,0.054800163094564,0.561834793406843,0.149364318210325,-0.365239491795814,-1.95364339101043,-1.26711074916577
-0.477950271999357,-0.270288794461971,2.4115921821175,-0.849550089676342,-1.14127844063239,-0.120118023247714,1.89164942051727,-1.2245583667781,0.405102997710486,0.763645458982297
-1.26563199852347,0.0467725546535443,0.398398635865105,0.0966523671153085,-1.71124877189655,0.125103942082083,2.72595121294541,0.990917423752127,-1.17289193402154,0.948888015948861
0.144029500512882,-1.11350167817447,-0.888412716124747,-0.702472445674908,0.153312416296432,0.227540614795234,-1.76468746465675,0.998467050658898,1.19118322585395,-1.33694143039424
0.453387510849147,-0.892365189783787,-1.80539729120593,1.98277090004012,-1.16305506141604,-1.38053520488451,1.14394418315027,-1.2480162067546,0.198951700781642,1.52529768507216
-0.866117191063686,-1.64110975758412,2.74492443483346,1.9225464857174,-1.606531232658,0.0714972096233831,0.78575228137494,0.238942341504713,-0.325677302342691,0.700195741525619
0.726125730558189,-0.0280348590250688,1.99094584024061,0.0863321897795654,-1.14422500075535,-0.419682867176194,2.72756141847691,2.31502835045409,0.465304370790562,1.63237499167796
0.162518879194944,0.2773440172617,0.427473133814387,0.142171841494519,0.286485336894415,1.40658343825051,0.567245600142279,1.17948490693857,-0.38444811497694,-0.0194850950384351
0.166981292575731,-0.818936400232906,0.5181242986346,-0.600503228618789,-0.676654256188974,-1.77747020368864,-1.84379614968225,0.0670764195130055,-0.672941023163356,0.999051125005742
-1.0105001315084,0.632608906185707,0.58551609998903,1.53415878779121,1.36697237006077,0.132378588466789,1.40566682607877,0.393274682024424,1.21147655519049,-0.310146337856031
0.479662235588105,-0.676494749581236,0.772534112155442,-0.257690809649178,-1.03553654457409,-0.151862824653666,-1.51375955913165,-1.33963082296917,0.967893315447771,1.6022950863364
-1.49228063903168,-1.59048382787276,-0.0312030950236086,-1.68013681407769,1.85307249061415,-0.330121133483521,-0.0299525904789472,2.83728992109044,-1.01104812045254,0.441581351126003
-1.82881206803207,-0.644335488398142,0.298388037413478,0.686177656622472,-0.777078556512553,0.446880743828408,-0.0177508255486591,0.669544267292662,-1.52075172603174,0.332706736315155
-2.32154929257057,0.148812813616909,0.592721224602835,1.05862388214558,1.73403619498538,0.99660656857876,0.129269007646973,-1.95673249365633,0.948260030785204,-1.02909268386206
-0.740060774072386,0.173662090727624,-0.146083039906094,-0.516766572997513,-0.298910010318126,0.352044787996984,1.12195520279725,0.680350873511968,2.48978580445344,0.0429304896294829
0.443663937591738,-1.04131975673891,0.409616949767509,0.424241756909131,0.0685764512261676,-0.652347567726818,0.265820899156263,0.267941375142179,1.81159472417168,-0.113815006819271
1.75249718843023,0.469971346014421,-0.898185777837749,-0.833713837787079,0.351432896058393,-0.391597739572018,-0.547968252124503,0.790807602216416,-0.753683377209628,0.741844051198288
-1.07178761318177,0.214396652599098,0.690649244128253,0.345739671726184,-0.564914145010423,2.36782967990188,-0.808189182525422,-1.32163821367707,0.276273960077652,-0.929891194688893
0.319413558052047,-1.12421133523239,-0.00994591575670682,-1.11661575438706,-2.05148558327882,0.407106940835965,-0.169741877607571,1.23155853003325,-0.514823746633056,1.00342563664814
0.444679601726185,1.28459329667228,-2.04628554359912,-1.04113204365543,1.7520262368348,0.572460368359692,0.52142120981933,-0.180840130457301,0.230592682479711,-0.457473579424998
-0.254156396627346,0.537431224519796,-0.462599928086259,0.210880505353028,1.34254776772942,-0.299039169492883,-1.09833220877383,-0.994303489595696,1.40076463837021,-1.31405857778438
1.82685850447893,0.853981007740656,0.426498548669988,-0.62127846321028,-0.266148174674715,1.23108570859119,-0.260410520124585,-0.266713076841822,0.542413583008012,-1.49514808174125
2.19832422356335,1.07335097635872,-0.729450598389303,1.00700619873277,-0.959753504877461,0.831349003728903,-1.32148053451357,1.4035267063249,0.526415957196155,1.46849314621625
0.479678837770627,0.4414206469922,-1.19678224950738,0.474091732450933,-0.484140914451799,1.00121180430783,-1.55057658731722,0.96446252676273,1.59123345023457,-0.777749476813694
1.1000133088042,0.372417837578639,-0.932345702805263,-0.231570804914763,-1.66567258534995,0.40959144468897,1.53240512953076,-0.309740255498485,0.0516540877167392,1.14505518768375
2.16504466754409,-0.959731990253437,-0.574932471172499,-0.439748685231062,0.444812379853829,-1.06009217779206,-0.808658105110601,1.88676952548901,-0.054354095627012,0.858404443695241
-0.668792326813344,-0.488192318134263,-0.428220057535845,-0.186666213863555,0.958525166100391,1.64714160055615,-0.548922389468902,-0.872347498723056,0.288330036910538,0.0906547924735842
-0.666327382792633,1.99634209768621,-0.293954047022478,-2.23518422260498,-0.129966579462212,0.555410191190012,-1.38816870264208,-1.33871107801046,-0.212090983499705,-2.15969988334197
1.34717020880837,-1.35310450008526,-2.292698773222,0.169039915810964,0.725998943691633,0.497694811112311,-0.498579320918815,-1.13447696462207,-0.251664977452462,-0.826342590139784
-0.162414143282694,2.27605699728436,1.09693869072131,-2.14048671349393,-1.99801948675041,1.8565963777677,-0.959434518248962,1.32355246692402,0.324197508941266,-0.426742876119416
0.673513978257919,-1.43558006242506,-0.710463503613147,-1.93253304402202,-0.915789540615865,-0.607782636404844,1.99150509145342,-0.493093729413131,-1.19891652770562,0.669199677669672
0.253760277382934,0.2299767616758,1.08393645517502,0.878494297062872,-0.903899920401608,-1.13964846454292,-0.402872168443662,0.404207354280735,2.73581121036685,0.0582393546495966
-2.47105431322836,0.45146686600699,-1.5533016322026,-0.363031273744354,-0.741841945656364,1.62950960706131,0.144300281732675,1.0536536181881,0.245308249228237,-0.182795349057374
-1.10255842800293,-0.402377320219231,-1.07632777486867,0.47057689771597,1.25037425850384,0.672667802038019,-0.443075249953151,-1.22496213302254,-0.9708813435232,0.47885049502508
2.07314548553174,0.351677507448035,-0.968262701470458,0.303731446580679,0.0541336700892776,0.904913802589902,0.0595079282443626,-1.28962880686712,1.27727491452848,-0.84196147892599
-1.04485712793368,-1.26344989306185,0.842082792974385,-0.883322720439267,-0.717555072196443,0.697996508864765,-0.685010371805005,0.675470121152231,0.0959710208065576,-0.513241831919272
-0.621060693106113,-1.14111723415362,-1.0587176481813,-1.18485170812551,2.11783928284536,-0.187825223672913,2.43045711129912,-1.10948164105276,-0.506646149807639,1.19446709774788
-1.27129590092945,-0.594997579738152,-1.50137093400458,-0.732787893369873,-0.240303478439185,0.191312790753145,-0.493449891128676,-0.75316093408929,-0.397581307428179,-0.607767294246342
-0.175998033810513,-0.517389173465797,0.952023253998712,-0.108437416279634,1.544873663541,-0.205695850530567,-0.852264729184469,2.1007712609956,0.791253806527692,-0.233640294480726
0.593854686780302,-0.285822314504296,-1.13723089926712,0.363546173992319,1.39332914497089,-0.254478516332667,0.18807901003889,0.33649942104973,-1.91449937672213,-0.485056169719841
2.46502779343083,1.10069348145356,-1.0344481485354,-2.08036450082909,0.692946560429098,-0.375021001487707,0.311253159365644,0.549888977069545,0.353723259227462,2.05293068979787
-1.67966718283826,1.53595053248821,0.775397777268763,0.54499408601553,0.656568527040659,-0.0767794333669593,-0.020536303892027,1.17193982235588,-1.20574675793198,0.414856781919457
0.382108540819324,1.69382971968252,-0.269043871263253,-1.47292472957511,1.5969776198755,-1.52459400093276,0.68445623437478,0.307236127118366,-1.58656725056653,0.982349886153016
-0.611891731791265,1.16239758880457,-0.0959142653668169,-0.00757520864426205,-0.852999843754517,-1.11962374845132,0.230868108260593,-0.224165506039703,0.134605047378239,1.79645877105438
-2.6238025055914,-0.836568307223126,1.0229127502442,-0.628029908465824,0.513542190404156,-0.420599569542604,2.40613964897226,-0.275913065663764,-0.794979950100427,0.15657066746844
-0.397569296387737,0.525927422711467,0.351619062601657,0.151989198097287,1.32819093352389,-1.74784310546429,-0.97524005543354,-0.288677358658923,0.339417584392322,0.836692631342321
-0.32105165777919,0.128169926399771,-0.288396773174668,-1.34559884574363,0.0716414787338917,-0.808521959325864,-0.23639074852247,1.183461707896,-1.18091451431008,0.868955819843036
0.299369577874691,-1.28834683170531,0.544881741947875,0.128835483513619,0.0856744657805492,-0.0373479211178972,-1.70858222910178,-0.654226466633952,-1.27003025135097,-0.138269684808066
-0.575048395392178,1.38063709508158,1.70694836035572,0.49007112272845,0.191763000827016,0.952545625239258,-2.0846860117808,1.35174006615001,0.70958215311073,0.932171896027362
0.120606917848159,0.226219533066084,1.23985141150592,1.23091840708113,-0.206226348881205,1.28925461473854,-0.25408539589988,-0.473176394824521,-0.242636668755619,-1.25359668264591
-1.48910450399257,1.67482052890669,-0.444428176630057,-0.25025575423431,0.594341542153259,2.17340615647954,0.478310311732768,-0.438738442967994,-2.08569940130131,-1.33878280583126
-0.0893160576454685,0.505277226618753,0.469668020122948,0.622171615145273,-1.39444097296141,-1.5463737257165,1.60853543010464,-1.39762936224973,0.311965257506798,0.95416970168894
-0.123570301512237,1.36712795125968,1.78964656391833,-0.130345275009798,0.0331250573784024,-0.385488278377505,0.752157235366269,0.644773875329489,0.637853732143307,-0.395231842000812
0.260626328212366,1.04862613177572,-0.627321749178099,-0.126221216723711,-0.44332209620388,1.32333459335017,-1.59942101554418,-1.03541488756364,-0.0200439818967431,0.29563713449814
-0.0436321610766069,2.22206862188049,-1.64630075245647,-2.02567202705539,1.09763946543845,0.587825112758299,-0.254419999401726,-1.81140253064167,0.37594606381836,-1.27025103385769
-1.72124210033568,-0.598487145695053,0.473474500771447,0.176352043883272,0.123813876553802,-0.534617587711476,-0.233942894431789,0.039005387192893,0.621675445030788,-0.723095265112013
0.561881932490965,-0.569127243776913,0.507182088841104,0.072415328635197,-0.143418263570768,-0.873649877216218,0.637920708711098,0.890906078597052,-0.936045867818741,2.19608886163412
0.995547018592472,0.419807414418117,-1.81913287178498,-0.461568913743524,0.491811525867469,-0.850098819704214,0.0415209242963472,-0.257538245509945,0.446754791199725,0.428861397204369
-0.712171776167316,2.05098513160056,-0.86239558120763,-0.961947611296814,-0.62245415321629,-0.666941556890844,-0.599886150574653,0.295872482269288,-0.454028817606988,-0.464621846039591
-0.546100563987866,-0.132014182653891,-2.4894835218769,-0.130123449855956,-0.200620975371766,-0.361286640090273,1.26505080804059,-0.602453012638835,1.51677050080065,0.152289844289884
-0.550247576225942,0.949925378277844,1.50488580245153,-1.25812114225801,1.72785751711511,-1.08757118338921,0.162569141523041,-0.637518583998076,-1.40424974516455,1.33586587347615
-0.476965270008756,1.62707065283987,-0.406543604551119,-1.13547210616779,1.08800709608328,0.138375212691226,-0.19952069617386,1.4260764378494,-0.202747252373328,-1.94309345481732
0.778419714913384,-0.837267141585029,1.13294457516118,0.237891473181225,1.000270375099,0.250643573053953,0.163404948457998,-0.128422902058198,1.37110227705455,-0.180586790066714
0.328399558737964,0.0646962387261252,-1.08685474941324,0.561862825295953,-1.50752268938062,0.472301894060792,0.987604469697879,-0.393851449717288,0.0432558472752341,0.55044452454806
1.61401033973249,-0.0106105800374445,0.747081000515131,0.0307065970450625,-0.299830041323196,0.2394031389017,0.300524645423075,1.65756164893114,-0.413681110327621,0.967551754618563
0.103467640858501,-0.424228273057891,2.18326122770196,-0.949591600524673,0.370700754224054,0.590367840066077,-0.0520327240117885,-0.75875949237578,0.382137707868983,0.247124031232258
0.515095302439221,1.23223077715203,-0.397721019101302,-1.18799458695545,0.410901933677558,0.531785441992347,-1.53933587417449,-1.59834868037001,1.20105339958522,-0.420392224787043
0.188817431793001,-0.542127561502336,-0.588212674217042,0.0844172964530468,-0.430838549962662,-2.85742497730092,1.77676495946753,0.904627619562438,-0.955742686261313,1.45479320243291
-0.0261767133336204,0.280879648166235,0.52662079764064,0.46225262636098,0.73057353600219,0.391419421069943,-1.08976549881168,0.352829687776802,-0.00857193822397511,-1.77605925023919
-0.426518106892389,0.952342491595133,0.300163043832234,0.530328490164119,-0.832704724946168,0.735369621041293,-0.580113255882023,1.08042104490708,1.00271884307869,-1.05581797478522
-0.336835608983418,0.662946792389303,-0.98344317546999,-0.321907815330012,0.431014934399886,0.585341027024271,1.86368579167427,1.15444235268337,0.349842764578465,0.159105182319054
-0.939736092245814,0.960905798655809,1.40620864478764,0.898855814835637,0.021111945852105,0.0731027099564387,-1.61685523122102,0.13310414716305,0.415906690138749,-1.2802456019183
0.603030971809546,-0.322960775410277,-1.26054296300825,-0.231079386541659,0.370979093092612,-0.29041388587884,1.18295550374635,0.702984000655408,0.569029300082538,-0.683665707850603
1.1246371587807,-1.24524049132229,-1.23102531256844,-0.278019817974726,-0.730274387116451,-1.46165794902294,-0.482035451569408,-0.00780629809536858,-0.884814087852348,-1.27907984732256
-1.18742843212719,1.21277457412146,0.132581403205045,0.907135598867385,-0.971311586366822,-1.07150885867796,-0.345939667077867,0.808915459245177,-2.15501084460164,-0.533595926522117
1.2431422930247,-1.74700186255481,-1.58037212465457,0.534945517384644,0.202900315978701,-0.353292702155296,-1.36852011709204,-0.0189487828604865,0.357784996209167,0.369938371144753
0.625157834537603,-0.418412458050419,-0.202029865681674,-0.809587861170637,0.120657295100047,-1.29677463456464,0.561675758477854,-1.17927488823374,-1.10482526433059,-0.130252385811992
2.41915364347992,-1.04106893038201,-0.385640154743824,-0.373743045143684,1.99675721189579,-0.236561490460114,-1.12265108270482,0.235574711826104,0.573918131833052,0.162403555868805
-0.156880788245491,-0.252290893594224,-0.531061214778116,-1.038324463978,0.686190274372722,-0.714232443413199,-0.463237912381228,1.27872651616349,1.49621395439582,0.450977669827034
-0.47872249256986,0.0366651237056771,0.571851484365252,-1.01942937875559,-0.0647302479630947,0.517125880800702,-0.352587433172746,-0.188925970196636,-1.47117501238292,0.840179002782378
0.122138568476799,0.493662681575171,0.627071505291493,-0.34486382567216,-0.912682574748493,-1.43018673745858,0.0556730701353783,-0.448986032354438,0.576822481457591,-0.478244469596065
0.537181667984031,-0.260399502721265,-0.637506454868442,0.921383301972913,0.464274219182114,-0.934878309660187,0.156634404445112,-1.93082955373445,-0.647774142418,0.168522851802517
-0.750401460302959,-0.284800017889168,-0.394926778445984,-0.360970652849597,0.695660067020759,0.62136058770791,-0.502901940862298,0.102045429388375,1.53443789358577,-0.672340786512282
-0.297043056183837,-0.394915338651993,2.02093437159334,-0.856798280174238,1.22417197245353,0.0770243871092652,0.0932671763288267,0.30217413918309,-2.29591729159792,-0.719027773967
-0.713103467676576,-0.279958600381105,0.0158652356123599,0.334692616409164,-0.813653168120109,-0.995251791941102,0.780493872008612,-0.966883341723805,-1.42177506344088,1.86102157991081
0.36333242479451,-0.932202356788679,-0.366347857184778,0.805586831152602,-1.17614517341915,-0.114518079770409,1.10458711773717,-0.334244117408257,-0.497695321399399,-0.326261399952835
-1.13430542518942,0.577568120717081,-1.23436008664149,0.533654880230633,-0.331065708616284,1.71178363127323,0.293693231872863,0.584923133357303,-0.538414574738996,1.28105375774949
-0.694031250271831,-0.592037504057215,1.61753869883296,1.32787254137013,-0.160589746588168,-0.0390083185421851,1.74251139602812,-1.9138244252758,-1.19751561895044,-0.595659412330781
0.329376464232562,-0.791139053920637,0.176366645814601,0.873229948656614,0.673653788787679,0.0612917435244311,0.506336049773958,-0.927490837867958,-0.865152399414684,-1.63514762900914
0.643874017836903,-0.43328440357759,0.76827808679763,0.726037855425308,-0.15811430091363,0.429496972515843,-0.525790535952093,-0.28298942863911,0.564538070094336,0.88276086464507
0.131271244084987,-0.30852737253342,-0.788516804436433,-0.159843604494055,-0.791308966147941,-0.43126850391078,-1.06983437237866,1.13274805471935,-0.165490150002853,-0.632908749935771
1.75238766105364,-0.0170834298506957,0.20886641918731,-0.364230122488426,-0.612421867489486,-0.984424119474083,-0.609722793459649,0.631216547302061,0.774574342342894,0.858235470482303
-1.55291687978834,1.401388197483,0.0383719463120228,-1.06892688635752,1.60604947923351,0.73357325999401,0.476454444900897,-0.741077268457161,-0.859455910235121,0.619002609017887
-1.72464986722187,2.40240672800133,0.447258784989036,-0.190199453180809,-0.666678697855791,1.08603929612215,0.686960020714028,0.66474221076495,-0.151572326968036,-0.152999660450897
-1.32851240756066,0.469852228822675,0.814029689725916,-0.177143353834767,0.708174400399924,1.05967902421154,0.0219780446775685,-0.0800815083340105,-0.564227761492373,1.90937686522479
-0.267691504212212,0.815534676907538,-0.993221793690142,-0.304276838507455,-0.637444323183032,1.33855318651949,-1.26996187931649,0.863954607946999,2.36333623163511,1.27535234849402
2.02178461934849,0.803047903924945,-1.40139827934694,-0.992934505324745,1.05706456260261,0.242939239569666,-0.634400821659982,0.496960446145168,0.423425757699458,1.13297322903619
0.00441887545193844,-0.582256830647599,-1.56346629678943,1.66423083555371,0.788271007405849,0.919617798341351,0.715781690542355,-0.474747303334089,1.08991779329327,-1.45635608050968
-0.964904514255779,-0.147935632024344,1.11850954352567,-0.89732554496102,0.273575273928129,1.77786633659776,1.51072548468703,0.372792154917006,-1.53578901195825,-0.268908483570982
-0.225139442063061,1.19384868080521,-0.777445507828508,0.384391992541579,-0.0823323794984242,0.0648609189111159,-1.91334489522822,0.798257224343889,0.804587453215435,0.0343728735375272
0.505073256394767,0.0546543834399428,-0.109727922186012,0.564809871540231,1.24983809742308,1.89910559270514,-1.22504793888232,0.409887749619989,1.01085903509209,-1.31328362454154
-0.293191529359467,1.80329978671143,0.250803017102712,-1.10942761642557,-2.40262344306912,0.279520470277647,-0.723299456111856,-0.439292312997605,-0.0421908120311317,0.7211749118774
0.737743649376973,0.0352013517396479,0.230751120585292,-0.926572958449697,-0.192574890452624,0.573230880883726,0.0675292144236414,-0.535286306658056,-0.694072625814649,-1.03389971843418
0.216886417540232,0.50852678526516,-0.0457815717062051,-0.370931574780647,0.91129354554014,-0.98201914134821,0.678417155688151,-0.671881381779546,-0.205890678452131,0.382323829741038
0.31679660752332,-2.15819031389428,-1.41464128680127,0.524304045188033,0.0737318767478463,1.62962487814537,0.509385865308358,-0.299179476821589,-1.17369503765894,-0.0351616692106537
-1.47697599735389,2.00532655121426,0.294072784847722,-0.91967861784447,-1.10488797338399,-2.43220316868849,0.766207498507286,-0.0324537982443042,-0.370663560677767,-0.275221279263204
0.550543026609943,-1.12888868593123,-0.778786098653286,0.137192323340177,-0.559756611508474,-3.27977828572653,-0.762826866501392,-0.62154817963667,-0.298648672835949,0.545639552251158
-0.455157235601328,0.795034958734679,-0.966159007801995,-0.0476648540135334,-0.758887772890699,1.39999832580873,1.33549934862342,-0.4007832261068,3.47946335925899,-0.189541632340041
0.47084510048368,0.840809268919534,-1.22365539124595,-0.653298240165336,-0.59988848206735,-0.128289806590723,-0.573082672201104,0.136337409576357,1.94275367652623,-1.55642434381801
0.22349501940702,-0.00769993657035497,0.413015449973131,-0.393615936678906,0.451307509719021,-0.452904074858302,0.276476041339318,0.553000494720354,-0.755947020643797,-0.785132505107078
1.52020766154167,-2.51856084960669,-0.483711603230277,0.496607127527741,0.874058088279226,1.06944848773988,-0.774391826751031,-0.554240768619972,0.528752085209591,0.861742564600706
-2.24493418185963,-0.0067966150401086,-1.187412760995,-0.913457683955674,0.688499345031421,0.00618216943004572,2.48700447595663,0.375019997748587,-1.37105856801575,-1.38352913988977
-1.12527335605753,0.810831623103303,0.43962788285005,-1.20769852763632,0.833083898191526,0.416561086722347,-0.209423660015195,0.835874765014266,-0.335343272222705,-0.0483224115274996
2.21429957818869,-0.867485605556717,0.42741561035551,-0.359507995943646,-1.69787014640044,-0.258706399150498,-0.511912128387214,0.036991082193198,0.138035900136654,-0.0193492791755702
-0.71838976112396,0.0947692590095902,1.0009003927866,-0.611082793845308,0.044390197336646,0.638244752544896,0.541625489462909,0.274124978705922,0.276349146560397,0.695637132096215
0.84848210066271,-1.33747641253425,0.503515149995803,0.365926842626056,-0.631133844167345,-1.17954503850681,1.93858253439393,0.116108206134472,0.32607385897233,2.20244034436113
-0.877464797250385,0.126574865460938,0.193623424433749,-1.57368405841142,2.21367998293941,0.56146254759935,0.159863199428244,0.712694293336338,-0.585605579535049,0.722120854271111
0.20226627647153,-0.323936047076237,0.130546750348874,1.58369927108035,-0.367442845288886,-0.56542905285285,-1.19608333269859,-0.313125721240735,0.433290913166134,0.623806813524164
0.0751276668602365,0.271458121100613,0.557529124852798,-0.734431935435302,0.655724579248196,0.671045662821466,-0.76588104063476,-0.971292385488717,0.567772093619673,-1.00031006190396
0.410190619608805,-1.18306948334031,0.379853896820209,0.87986160648511,1.0973429667792,1.37077896579847,-0.0327515668074897,-0.136534655129904,-0.621842055771343,-0.773809738867193
