0.4702476034073,0.159944237340577,-1.30867298515441,0.183678440222683,0.201857408950688,-1.82143587453158,-0.155237368101266,-0.785828767630864,0.0588322599371611,0.34951160870882
-1.1215587474489,0.503286848550316,-0.999203605708976,-1.2413176886009,1.23416940428778,0.921655302306727,1.48027447075502,-0.369849465438101,-0.233639683826063,0.945350303894225
-0.645686941995627,-0.674432630793663,0.770809774579775,0.107484523104274,0.129961935128845,-0.207272681950474,1.28049591523775,-1.32389793482991,-1.06049700230353,0.960904283782676
-0.0452379713009003,0.00247943791547665,-0.18347808207897,-0.82528944369221,1.99607450380718,1.55351803158814,1.28258859098635,0.861708035631253,1.5217154261768,-0.298171584398088
0.364449594238346,-0.498723341358819,0.948990673343213,1.17863132496017,0.0295656263133757,-0.358832124909616,0.469849524946553,-0.0965758982687231,-1.64114159999077,-1.02498067562579
0.261400520454301,-1.14247087829992,0.833875025517592,0.56315575498929,-0.253066937770141,0.526308475176801,0.168852722166295,0.357416498760253,-0.683982736052357,-1.20696968621916
-0.14232308765911,-0.136901981387628,0.757979263242271,0.0311721568105346,-0.534742375114324,-1.15648104298416,0.668995035468035,-0.211563466950672,-1.84296798995111,-1.49696978012529
-0.83342956253013,-0.300213821887986,-1.22911164739352,-1.01645602591,-0.04394587510411,-0.469625672163087,-0.72752971295119,-0.590522617587154,0.0529629455522349,-0.0478409515568752
-0.613527910492493,1.09162856844239,-1.56184748988607,2.01327864427613,-1.28375710947665,0.360244488026822,-0.38529644377381,-0.971065131503243,-0.793081358280975,-1.45287533500012
0.1700371129763,-1.04085911531137,0.506623986156576,-0.000140596745963109,0.834279137775317,1.19430054586316,-2.00701896825952,-0.217114388447469,-0.0536607607501064,1.39411325917008
0.277212353985967,0.910270677175728,1.13806579949678,-0.108138809609681,0.938306755868199,-0.651185684125014,-0.483190063977939,0.314047101082452,-0.615465152931872,0.178307454422378
1.45558968097497,0.10790679309146,0.314921325703008,0.147760336813464,-0.142226953561262,-0.846762757856345,-0.212781438119769,-0.278489614823397,1.29637012261745,0.211112848905916
-0.443383068636937,1.55650394493912,-3.03856065013775,-0.571103613308974,-2.52293430713032,0.0870205995284292,0.144772463711847,-0.0838436390354348,-0.781898557798358,-0.599331412221923
-1.12105418383693,-0.534820333364667,0.213786871911105,0.750406694456801,0.782202833667731,0.510721668007255,-0.0968588022936371,1.03069731089553,0.788086719649851,0.643186802173793
0.540718765029204,-0.17362219898074,-2.00542860078471,-0.945187442862383,-0.670300383114964,-0.627020100393175,-0.289982178264636,0.992795821438903,-0.544429953841472,1.66891963090064
-0.729278405149032,-0.0850819041608488,0.918856077320649,1.22427440436294,0.0320469163482023,2.06241601664653,1.67113935912848,-0.33742080634545,1.10440191986958,0.0187200382540579
-1.18027859534046,1.59189731663947,-0.153146369801706,-0.0394384860229983,0.304120401062382,-1.60478157235901,-2.63415694935867,-0.268851651463111,0.39189779963748,0.433775754318877
1.93210821010638,-0.135268076764121,-0.165763923775496,-0.208155290941629,1.13827227798237,1.46643775556498,0.216722490965903,-0.974285315071982,-0.265991408199303,0.130658843588798
0.616207621521268,-0.396111695562314,0.212309033144924,1.68250559542702,0.876183236030605,-0.361362685641844,1.07952576709602,0.700451202984755,-0.463626518519899,0.668358820994408
-0.815376122366498,0.888144747190135,-1.25558509538449,0.860215478500793,-1.16113870589249,0.72301206024692,-0.460239062797913,0.234315405160084,-0.568169061682443,2.27542427026911
1.48673121044217,1.00240243376973,-2.56167654369637,-1.83785255325211,-0.319161306041717,1.58060026231103,-0.35509331729421,-0.390040064075854,1.44982796775491,1.25129356497435
0.607668011761641,-1.04734458531866,-0.617578735850311,1.9841221269734,-0.926211602022273,-0.0942466999828522,-0.12241820067949,-1.81203364039814,1.36659524305427,0.413301720831693
-1.24621880376321,-0.20828108992512,0.931274220510478,1.25342587705802,-0.948361221862352,0.487559040860825,-2.50704751887064,1.16962816668059,-1.50702308565165,0.608237895835518
0.598037083317086,0.406875337955918,0.773254050632091,-0.263211225514789,-0.69844940645346,-1.06740234826238,0.258526211630636,-1.70977057640742,0.948404581972564,0.677717697487873
0.199385668400116,-1.67166307610256,0.268128275746288,0.665138000343611,0.396050939782784,-0.162500302800705,0.876582019679198,-2.08451799901897,-1.07845377668551,0.428980742087472
0.117167387448395,-1.49028466645032,-0.889626091215316,-0.535451580354989,0.152937986608255,1.29884256140334,0.264505781473611,1.36094113266624,-0.0435826086371412,-0.342679261807499
-0.62009596114227,0.874038811261269,-0.00758461958481702,-1.10314713843618,0.830521080919555,-0.105138144891644,0.214444175747554,1.30802737159126,-0.280955108230417,0.61152107697063
-0.151909960669455,-0.422715889093882,0.785939159050483,-1.37907180711976,-0.263675292727005,-0.290016883713875,1.03802608323316,0.76918619728871,-0.378732880148695,-0.00305295172232846
0.538174431213935,1.5303135517707,-0.161835742354391,-1.08521570586571,-1.17858254814641,-0.228604154333643,-2.32089325699379,-0.448996745778936,0.0175786765394361,-0.829854561419121
0.859329289038824,0.155133658356286,0.203711969748465,-0.490332926638556,0.364984499831063,-0.0617076646309797,-0.79039047791572,0.0239965369122929,-0.665001306032469,0.0769231016874375
0.592802448598759,1.06541443592295,0.900839914251975,0.806517534044497,0.663943079154916,1.12518481902459,-0.740533653806378,-1.61096268616815,0.0235852476083921,1.07553863916049
-1.13566336354366,-0.705814482257395,-0.451997497760573,0.0851949625276758,-0.719708725758026,1.13981467833507,-0.995936774671156,0.801852805227972,0.153896061737111,1.04661796989419
-1.12529087555546,-0.71402336077154,0.336826423261172,-0.199062453584872,0.319779262670986,0.213481943674078,1.08975977323247,-0.395164166348144,-1.70311607899272,-1.06826055260343
-1.13935366673035,-0.797128642588653,-0.147630852173343,-0.722031258304887,-0.072344379282612,-0.249522066673607,0.120118726969928,-0.0281385006801261,-0.6464668601566,0.617473724643297
-1.212915267638,-0.524654594803274,-0.0352872407216443,0.331663124814323,0.835936485358252,0.896302259905031,0.0566309503968392,-0.0179503088740689,1.97172530589132,-0.741824307721717
0.176544243893695,0.154446141823619,0.444544477145853,-0.222154216964556,0.35604998442562,-1.21709887241228,0.938918938111517,0.591746957024549,0.0939745578425843,-2.28988160237553
-0.781487465559517,0.297922695585338,-1.94813982666774,-1.21226456884142,0.936844558783695,1.9445785029789,1.40392004671519,1.26099082233802,0.00938332740702726,-2.6771629571384
-0.57947263771591,1.32497564444465,-0.758305744007139,1.04487309695777,1.84654864907074,-0.162054590840502,-0.770318509119646,0.000925952413419469,-1.33277271312809,-0.586347572030963
0.779858305112748,-0.195801891997189,-1.87841935532685,0.0455275968767829,0.904572049514023,0.168219662159764,0.300493035352515,-0.110969514466526,-0.39793296725479,-0.563141457319947
-0.1943939287508,0.0308780155245851,-0.670392291877826,0.5128393253081,-0.697773743514422,-0.875571763803325,-0.116763766706364,-1.10283806197452,-1.82100030728646,0.0462732381793965
-0.520882524423033,0.4019528074948,-0.878569044973042,0.013694101533978,0.985400096034427,1.03538135433629,-0.467418694578599,0.972653468802645,-0.788313705231509,-0.502810086427781
1.20163298625621,-0.715717869638596,0.700167984770611,1.16696045692079,0.0292811845203804,1.28126233753451,-0.907552618595678,-0.524580014829429,-0.0260216019395354,0.776141803845526
-1.36000360097434,1.40653376391019,0.623876874868413,-1.85263144918174,-0.955000769803798,0.32203568322655,-0.87004394708844,1.76245778689354,0.373290196508087,-0.185984701564486
0.882727535750275,1.33847576336397,-1.65796015359472,1.01267449932903,1.53567894169345,-0.727406467745659,-1.16569078511335,-0.308294649975167,-1.62631786260664,-0.627602294997627
-1.8639279348284,0.278539269420725,-1.75714124443909,0.704292981922751,1.63486418071088,0.421012142183318,-0.401463142639618,-0.148801445712293,1.08630968436969,1.69607849118743
0.316436197199414,-0.623569540791665,1.00415345771703,-1.36954704949695,-0.175752273327236,-0.196208098648404,1.3265009690382,0.250625048241564,0.904117303674913,-0.53913306780162
-0.574929795848804,0.12674332283068,-0.331931930263831,-1.43492308268975,-0.109980961761215,-0.499055328088726,-1.96557066822164,2.52099689905837,-0.123716967936869,-0.651077077745126
0.687439870765705,-0.54589596540321,1.12721108895851,-1.17912986015551,-1.15589813504704,-0.0422575914694861,1.46771351111436,1.19948248996058,0.427080649404389,1.45881037503666
-0.190592871039615,0.948203107651624,0.580463689466487,-0.145423814365409,0.178157979232719,-1.07961336920352,1.03807178539982,-0.347895381577895,0.475640840132624,-1.09817021710055
-0.223379264909835,-0.00499709033980533,0.983751314922988,2.84879537259856,-0.98799467190049,1.01749289428607,0.00290552041947932,0.054924624195263,-1.29112485075177,0.224228711027487
-1.00519695239943,-0.5448962166157,0.281583098909279,-0.546352683687849,1.20617241424253,-0.353268482124786,0.581176856213724,-0.200141807393256,-1.17013026935857,-1.340003754319
0.0378551807456495,1.50159647137443,-0.631859634464193,-1.19723715451322,0.295888976669595,0.113679924824541,-0.04101432457485,1.58606615251734,0.770662885590305,0.65655695723965
1.01610071664162,-0.878251320376601,0.829637750308215,1.14339702820476,0.926625922508879,0.514767469384588,-1.56096902595635,-1.44071054388124,-0.395375117600863,-0.636384876257729
0.390170392502983,0.0677761259003617,-0.761503991647632,-1.34049669798952,-1.04653084348152,0.463123572026875,-0.387917727053309,2.20831037308906,0.818410855281301,0.436583902334172
0.0442576549602702,-0.180162888430921,-0.225050935404696,0.891971821231606,1.27303609028889,0.206632633293133,-1.76297917254158,-0.336823623915956,2.22596776042972,0.0867491476741849
0.100863533753249,0.886571345529961,0.660995568956477,-0.00525615401105913,-0.024240349127954,0.700154481344407,1.15573810170939,-0.0768011985198102,-1.58887403158853,-1.84271094948439
0.866096339598151,0.850219881007416,-1.7043464210427,-0.331753509343474,-0.922338995862846,-0.031236009833878,0.328667590027784,-0.497485867617714,1.36356117543206,0.414347151786402
-1.098790969209,-1.52485727369022,0.985761276642305,2.33322382563661,0.979930238698383,2.09416358639964,-1.22705122916856,-1.52467210544317,-0.27561464436879,0.0476956309867466
1.34179795690787,-0.0569005353214667,-0.981591514203803,1.60789813289181,-0.573099945405446,-0.384306475074378,-0.558937874299403,-0.80546129031436,-0.649112164524318,1.31960192477958
-1.26466546559035,0.768721940857263,0.434612794738687,0.268288072679155,-2.33661838170438,1.0833676993064,-0.137875302427878,0.493222958183935,0.674955442637314,-0.372738251127991
1.83914829510145,-0.695785574724421,-0.0175038898756181,-0.0156504418378662,0.946220477157774,-0.459587923338719,-0.824201857053582,0.68481541787581,0.941829427759113,0.758792148626437
1.7211945793961,-1.71347963406743,-0.303024387122791,1.88185235406251,-1.80509545274668,1.91350862795817,0.6287545993026,1.02295989061144,0.67371341861816,1.02523863479116
0.997614907403445,0.899090973303406,0.430216922152004,0.898599463731479,0.270619696190404,0.313927732917306,-0.0445492789969408,1.24891503331077,-1.41660245318465,0.142880076366988
-0.560872657015446,0.522472437483121,0.948549992704921,0.636540685717215,1.05401731730819,0.160019802464224,0.0512550701683653,-0.275337745388541,-0.103988607908791,0.270017955424472
-0.399041874885482,-0.394566919792364,1.08997990837025,1.58434360307304,0.17619580923375,2.55157284472776,0.3873616322424,-0.733921719428707,-0.393344228237587,0.331043765493852
-0.751261084248963,1.09975772723424,-0.00339927078549675,-1.31176186117523,-0.565555021977522,0.512346680142205,0.222340551442503,-0.164347229599765,-0.302303046637739,1.27166059716721
-2.16624263377251,-0.073443177385962,0.623373360282615,1.77309141221269,0.106019017049749,0.11885679135894,-1.93063003802663,0.255370600708862,-0.270984269646337,-0.252304158973555
-0.0496433345016421,-0.0404764354541281,-0.315194672502307,0.701897101032992,-0.110388116522601,0.664497861140567,0.383250648503042,1.14372879749057,-1.4072295143073,-0.482105745571656
1.04125950167181,-0.134417061852276,-0.227193219672205,0.569919249650069,1.40664243576223,-0.738893295692826,-0.566950666251019,0.221900044506328,-0.658891513228685,-0.70894784089585
1.85567463664402,-0.481403329667587,1.05761984253353,0.743413397882306,0.215689496322879,-1.08910804927107,-0.556967999933387,-1.1213230272118,1.16709530128,-0.460856838795215
0.511484003735714,0.329169525849586,0.597662786116026,0.177784535581094,0.135249301505224,-1.83147566770636,-0.741212520886434,0.379161989953154,0.0853961635416779,-0.841570274671494
-0.282471760214846,1.19866358370513,0.872048412234749,-0.404671890471274,0.434078601368149,-0.506804852036276,0.677679758844489,1.3875344157345,0.432764536737393,0.586720141512805
-1.2538213861112,-0.407319843492257,0.76443326092161,1.01751641471079,-3.16561561588537,-1.34215519058141,-0.547231955415428,-0.168608323018694,0.204297900431176,1.00975469053742
-1.47791262105165,1.26699095075303,-0.824909418727903,1.27779098214983,-0.748569274988854,-0.615066269357885,1.00079627307358,0.233257646817697,1.60748215423153,-0.490189541811623
-1.56904991443648,-0.281851520619334,0.216481734984533,-0.117756880506567,-1.30996323535089,1.36871590212969,-0.425921604849441,1.20109643433773,-0.307752333350334,0.520834162020118
1.27529581991824,-0.277169955321085,-1.65674002563417,-0.885084824646515,0.372923889137206,0.172541157785294,-1.05340845624403,0.42214655200204,2.14573424298302,-0.0431059860773867
0.36300270957996,0.380390758573891,-0.210093203954546,1.27601612675338,-0.825906199919859,0.150609493938192,0.983996733073621,-0.734380164557772,-1.15033023047268,0.324317418942312
-0.181219335694283,-2.01322131759203,0.475211785810045,1.12631317486217,-0.163221695088387,0.872193244279552,1.33204098887344,-1.29805722915368,-3.10639397744404,0.99275206719208
0.580277973478287,-0.817125451175244,0.331295273662144,-0.0285301893072586,3.38266885665474,0.0575072613713408,0.0404850045602556,0.0846219667444729,1.63677663014018,-0.362278826132421
0.325785660168285,-0.552138512650799,-0.175815579513296,-0.448262520445749,0.203483722377634,-0.611733507726855,1.32524965049132,0.149637387381012,0.0310303947693144,-0.789399340910642
2.07892459791959,0.336487651276128,-0.542743650482908,-1.51762743449266,0.208428154953967,1.01889039270894,0.152058868720613,0.363025695164749,-1.19574575101684,0.829922325441088
-0.704131139002717,-1.65182575148338,0.765939010753769,-0.152960545475991,-1.30883315890479,-1.42162154196164,-1.36642606318623,-0.923273955188115,1.08318877042824,1.13366318137599
-0.167642115430161,-1.36783395851237,-0.129839504835668,0.86623534997629,1.21024068597544,0.864703984543163,-0.320287946023058,1.88031696764793,1.87934924806745,-0.202835151440519
0.381058935869589,1.01334619980504,-1.18126584523139,1.31399683007282,-0.242661259630669,-0.979939150267584,1.12553377905721,-1.87935667252572,0.36962181368544,0.600030408109223
-1.97507840830656,-0.105659078568762,1.64620332598952,-0.131608778902299,-0.846931732603096,-0.340785862900105,-0.623849389440916,0.338250660593232,-0.65247352878004,-3.37197801248178
0.487947376571134,0.674344747174415,0.460583841337898,-1.79590028177248,0.237790518927744,0.105588353019733,1.52922045629498,0.807215832544975,1.56662577090973,2.0462301970479
-0.246895894060318,1.9339846989474,-1.01228633975345,-1.53522980311704,0.350720291425237,-0.666740419275119,0.203547336774207,0.110601054864582,-0.0560844627276023,-1.05404649008259
0.0769443575583853,-0.837317576036897,-0.870644044204945,0.260793136554837,0.156473809615655,1.00690231912339,-0.0920450998510413,0.525610470322129,0.897609557345861,-0.688341979177598
-0.601901542393313,-0.294732147767184,-0.883009401724146,-1.10822102545887,-0.178712932829828,0.781607434744622,1.28135309210278,0.0552591491321245,0.0294103875084693,-1.03309551346026
0.0624594251342554,0.116134482630197,1.9056466140714,1.63532720310956,-0.354683045287746,-2.12636014879907,-0.324894763939095,0.786817700659982,-0.232034367870657,-0.114982719456822
1.15327757107432,0.12882458799386,0.636998075258249,-1.2026128040857,2.19891333298967,-0.566442148497656,-1.16858946931275,-0.675373033847487,-0.242002067674168,1.51271071830417
0.536735454697455,0.937818348942408,0.502920206778026,-0.654885118771886,-0.445204271553328,0.343421130129819,0.338557965345714,0.3028986712176,-0.351939791168552,0.295380519001987
-0.645694735280076,1.02684088760323,0.143064014172182,0.615075024318974,0.338469358510901,-0.188628880175433,-0.93236122008312,0.101397659471074,-1.18827299245331,0.176174697497661
0.102132038928168,-0.0814829768456212,-0.585745850901884,-1.67126948431041,-0.330245754670767,0.344818702133195,-1.28513832877144,1.26426224426595,-0.499416136133232,-0.637963439233332
0.368503874657765,-1.4489372508333,0.489108215257412,0.166267090854922,0.490747974313225,0.053849226061254,1.81304852286485,0.11643340511265,0.445848334621303,0.353814380197324
-0.189131851245933,0.172850879390512,-0.00111262126958103,1.69798127935174,0.564674690387023,0.0376168084816184,1.98571359357976,0.436805456840825,-1.6248933619014,0.380723849644498
1.02307524011724,0.111433660777985,-0.258010233395959,-0.360114877028258,0.679077333952754,0.0350759989147929,1.31533737135917,-0.581854398260732,-1.67684485726328,1.76673676623814
0.502766910248505,-0.458537989249789,0.477113483285414,0.016681896613865,0.500255169228572,-0.173724833005001,-1.45270207890967,0.0209491751014142,2.14310752477405,0.64875802245699
0.169311344891049,-0.560081211015112,-0.333605702203056,-0.363061472428878,-1.3220368978655,-0.490399803325478,-0.605143252491211,0.430805715375725,1.51567835246044,-0.244358011605104
-1.62047989374376,-0.260206046746484,-1.02397559109455,1.2113735694546,0.585234307880411,-0.646507016850129,1.00362798106637,-0.0432059219462397,0.108935099500401,0.771276311664046
-1.38245871195144,-0.0289169886661432,0.070742034217908,-0.121796892699438,-0.429286427321094,0.827972722151936,1.18897469831725,2.73198714325809,0.30365859578301,-0.931764466989272
-0.0812154062396358,-0.217408723403269,0.815338109697806,0.106242628488494,0.492597313817286,0.752509806381262,-1.22148711583443,0.605090287594466,0.211949852487903,-0.795954830420845
0.396480061633207,-0.541684692464934,1.44063721759139,-0.658761441656557,0.64119606841852,0.973563138026783,1.52259517306094,-0.530972838818239,1.23616451687334,0.53088105000123
-0.75721057469832,-0.615115362873199,0.315190559652528,0.59362264311418,-0.108538425724057,-0.463152548820323,-0.00576033124420164,-0.937126055578447,-0.105567663500178,-1.27151701466007
-0.128795076008728,0.812565048919272,0.939320815413606,-1.35556567566494,-1.21283667996479,0.930758004857611,-0.412164016727747,0.4595587738795,1.96208615473415,-0.173998899914803
0.253596160979832,-0.358861861243226,-0.115800550156626,1.64388873450503,-1.44788012306038,0.725364330305527,0.592343951577419,-0.979034957420027,-0.535879751869335,-0.769044872285521
-1.16389993352267,0.00897373192600848,-0.235552469868012,1.32865812226189,0.766622447056001,1.21743209538885,1.59037199683532,0.710753942912876,0.0202335721624197,0.211142526182102
0.024088012553527,0.738921922842897,-1.85992563577919,-1.81153389271965,-0.300054416067123,1.50493819148799,-0.713469488894671,1.28318287303664,1.08396001930466,-0.773115381192335
-0.979978083835277,0.548236946367367,-0.570406033983452,0.670854189468221,0.931779108701034,-1.74267464653834,0.566385924691765,0.521374878099053,-0.495263787911631,0.43417801982196
0.610863758031321,-1.80307257585335,-1.28251852475592,0.745232539044754,0.783558337226815,0.437707739583225,0.307318869823423,-1.22871810789402,-0.321624222409743,1.12914215405822
0.377114628041472,-0.884783655524289,-0.901668070968916,-0.47233489910319,0.868584437317848,1.62451941934584,0.861235629451283,1.01685028275763,0.684934310312587,-0.7677608515844
0.545857830648416,-0.0631861061160326,0.852539540233754,-0.53710389469215,1.4336939155075,-0.997316590630638,-0.0293445069150287,-1.14986769965814,0.749048981511313,-0.303543135702135
-1.10448306599712,1.36655931795906,0.0999450829132,-0.408327211393326,-1.76030803134945,-0.9271047942229,0.222626686921991,1.68875028090955,-0.86483643115429,-0.158235956223968
1.29505467861921,-0.550312271051552,0.8691100007703,0.641473210136272,0.865443269784522,-0.765996207124511,0.652014739375141,-1.92125584622947,0.277449860331306,-0.335701166430541
0.695333765369989,-0.129415050514583,0.599516355992781,-1.06839882263125,0.69084072009002,0.477990861337585,0.278566290273525,0.952525187494598,-0.368669359202388,1.61677374358512
-0.884416847267965,0.107884688207086,-1.05964225523007,-0.232744260974208,-0.107564731524053,-0.0346757935439953,-0.746759499947998,-0.250152323049,0.961253799161404,-0.625392559243751
-0.706308944873164,0.21509193264015,-0.657504371587714,0.021879020841563,-0.747625274987429,0.253876428514369,0.886783499945303,-1.32829762357428,1.9653756521066,-0.313272452128805
-0.725091579305624,-0.931326443914272,1.97870065433997,1.83321516245,0.783111181057142,0.873203540840488,0.494002455638902,0.21366878034298,0.0478923779186654,-0.04593447431475
2.43288489787074,0.283498336447278,-0.372711876399017,2.44716421029119,-0.605214623140333,-0.733984887153183,1.04034915493562,-1.23460576564163,0.608518251939315,0.513909112129713
-0.368953575947729,0.221432016537314,-0.594522033161411,-0.67414774184604,0.639924884905765,-0.246764179586301,0.0468079280640021,0.994840692609498,0.0130393511265172,-0.609743561026128
0.6491470530531,-0.219949401696823,-2.71771757318241,-0.200459193596628,-1.09417999774645,-1.17253327861628,-0.481820711965772,2.26471276371791,0.76311863762434,-0.235107942081725
-1.95398576382867,0.104492449773992,0.0639047557658159,0.656872418831508,1.47912642442621,1.65618029049767,0.329764475886445,-0.104758793992864,-1.54502246431097,-0.235578669630196
0.164440567899745,0.243803408904005,0.798967841865371,-0.519727320190656,0.481783285213649,0.518252481082169,-0.34101250920545,-0.764166021172382,0.629473829953505,0.608999361297224
0.576050972970577,0.0736193165004382,0.271619600644308,-2.05401545719092,0.198333893884199,0.127363495288896,0.467171719545476,0.645477385096852,1.00282120511118,0.209089206548647
1.12108230957316,-0.14163593068017,0.85820847041055,-1.51867565967189,-0.360176550670183,-1.12541727965047,-0.0693764876337845,-0.466376655198593,0.899427013469658,-1.23389281601224
0.576406236978989,-2.29496136886264,1.29477174916402,-1.45828418361818,-0.405205748034895,-0.127892483436253,0.772542383089179,0.190301041131904,-0.81179553155888,-0.41477219435704
-0.530259387844443,1.05422555326217,-1.29161632424131,-0.399095175809797,-0.530418358298833,-0.961494515027538,-0.937047049805055,1.29592132516591,1.1188409182217,0.287573283420414
0.85278232800885,0.373219895303309,-0.122337156066916,-0.768084082650248,-0.866600408018883,-2.2281053917542,0.148519554184403,0.309475661794834,0.76950696300232,-0.697446021023232
0.481143936968577,0.751426537764374,-1.17805079942568,-0.872512181388777,0.787068640214149,-1.02720090624735,-0.503431327504273,-1.21444330475379,-0.515008820480309,0.736713483397728
0.117296406366049,0.485690874741286,-1.08815725322981,0.409147479686027,-0.611135256572803,0.0406782617814993,-0.779763413054838,-2.33747539276905,1.56073596205879,0.65175562215825
-0.927249270416821,1.65921673414301,-0.585915224595337,0.122660495578946,0.709887768140215,-0.0981253723739506,0.107683807316556,1.18423741115447,1.20605623977747,0.777204611306906
-0.6762254872158,0.238097757198887,0.159594810969182,0.412596374358029,-0.0217655979522755,1.56015382795843,-1.48902250589379,-0.568123184130352,-0.40413110341989,0.366303474767026
0.493888001489354,-1.19627678167609,-0.403635852407623,2.07835806960938,1.84784442182725,1.19710738300317,1.55272994819171,0.364131815121756,0.632640346671959,0.286199764268283
-0.622340862482226,0.399433195278709,-0.932485288120811,2.00436494955614,0.96672065274178,-0.63277791342876,-0.742162626521567,-0.469153891843641,-1.69595602495943,0.494462831893618
1.47938681849053,1.81815883229852,-0.510161519656299,-0.94642714344339,1.68323525993358,1.41609991240213,-0.576812447590807,-0.454092275523118,-0.172781234226893,-0.164989996825537
-0.447932124291093,-0.535238345591777,0.471600908867283,-0.0164769738653787,0.380911076298148,-0.143781202329067,-0.666028657351201,-1.15884431144461,0.208040947364429,0.679298835613385
0.964009020423544,0.408394576108999,0.431713779319914,1.37868115204208,-1.44157410164026,-0.780983654121738,-0.157775258407772,-0.263796983543911,-0.295598881898004,0.332760146123563
-0.246888349263714,-0.571095516062881,-0.706150220453415,0.792568933049321,-0.591492038731513,0.198377252840463,1.08875440203911,-1.43996559973779,-0.61051823439196,0.952225107344843
-0.127338300341437,-0.00775039483376916,0.0214829509392067,0.503852831741819,1.68911865031053,-0.445492895746404,-0.525611736266993,0.554573097477151,-0.310535272886616,-0.43459140979058
0.373674486419363,-0.790708935344085,-0.962257764473659,0.336742259887329,-0.189281655926519,0.190957464935561,1.32300790776765,0.494074871319083,-0.160210584512644,0.235596005224939
2.21897486810947,-1.1239308430018,-0.598185306646267,-1.40533886085332,1.41829593936522,-0.262695097909475,0.910484643556614,0.745501539793631,1.41252044626994,0.116806414119591
-0.387489242977655,1.94115933905202,-0.0979109138022617,-0.807866996055566,1.55468510024049,-0.430534468030946,1.18449131677088,-0.720436789585356,1.56890742076716,-0.411181693502444
-0.0659664536769661,0.400944507757771,0.489374373274378,-2.02727103333031,-1.14207574656235,1.44208237942655,-0.0806067739445304,0.128450048656153,1.4658275518882,0.301818461593324
-1.14459755990524,-0.258941343567125,-0.617657664922742,0.963487076092871,-1.43270751902304,-0.974032537642448,0.710117959800306,0.0831840145170756,-0.114126391593542,0.951191212157272
-0.832332102480228,0.559184843538983,-0.678611933375785,1.60034976191369,1.26907401571913,1.18517719945285,-2.07860937464349,1.53076752151976,0.141478927911217,-0.63684697996544
-0.425815097268361,1.02134781716849,-1.07266054060222,0.652426494960194,-0.917883923612259,0.197958004802008,0.899439840271401,-0.583128014974282,0.843538070069154,-1.13137950463695
-0.144294460958505,-1.30147104896905,-0.778802002937319,0.358828554418412,0.808853243247014,0.104139365685785,0.28094870729864,-2.12528405013781,0.756824378834675,0.6103194283024
-1.13145586974743,-0.154499545778134,0.986420949490575,0.0462805998772401,1.13745557916533,-0.360369585027384,-0.582179310043504,0.949960777147523,0.342479820234527,2.30837895493147
-0.413011324263174,0.60824524359384,0.24663462384357,0.279170624937582,0.0306977962158257,-0.358119106579878,3.00547828305292,1.30241728729286,0.164461987211662,-0.870950147610441
1.66867032266915,-0.547143582455899,-0.523311025727752,0.37023826659148,-1.57113299310739,1.16227002312286,0.276491844414045,-0.985923360772354,0.307098304450575,-1.40330438856379
-0.32061031866067,1.78828088113912,1.38267041248783,-1.95593995046118,0.199588924774063,-0.560625349683722,-1.13461707670254,-1.96354508921923,1.66257897091325,-0.672858851441017
1.83705731419687,0.011191974937741,-0.00517921587803909,1.56160924146753,0.907058083715463,-0.22706549811259,1.52225761795534,1.19695697671504,-1.60040601395829,0.502894543763132
0.85850017674425,0.834315449915442,0.0512581152332029,-0.665410357617495,-0.132294648638538,-0.120468512743776,0.745371074565417,-1.52308171653668,1.06040996897778,-0.905381058452616
0.32571081778367,0.969715668701652,-0.405567296161487,-0.55773808493967,-1.27501987559675,-1.72743954540693,-1.64456607966012,-0.263400362736402,-0.684885596634328,-1.69006810236791
-0.0570616558048496,-0.681575562198334,0.113553073438156,0.567360332029796,-0.347559345809922,0.050388698841448,0.708973649785814,-0.366490384219465,-1.23763410780107,-0.907180875713894
-1.44601046073761,0.698342440764897,2.10453662614128,1.83657035178888,-0.872014386275793,0.289592655658623,-2.78115252492653,-2.7323522614346,-0.234586934973211,-0.790286186238901
-0.953204671083169,-3.43107110537542,0.302237959356649,-0.587968784045997,-0.587437011742457,-0.141594786543087,0.828335393942543,0.170761348983538,-0.419426712661896,-0.00180419365066836
0.202184694180132,-2.15037805232615,0.181576935021581,0.600420219345903,1.01388769799401,0.288656858541654,-0.302297451496522,2.76141560373435,0.482116901574104,-0.103088329736919
-1.0177053048,-0.0677832520025434,-0.0593263154494764,-0.807450217110858,1.1334900972559,-0.568393472041364,-0.440342652955715,-1.78773733835842,0.00312858377728668,-0.691995762377673
0.595444686026711,-1.80815758872519,-0.536649555893844,0.593032000452129,0.169009440848525,-0.532683446062398,1.04712291796251,0.787253096656556,0.574730674150418,-0.349247815839676
-1.29833619876785,0.741060078745278,-0.811459703729618,0.303612698614309,1.61168813605185,-0.412732179021383,0.971484600449279,-0.749636365332368,-1.23719205561034,-0.570439229101513
-0.976601183108242,0.88389124800363,0.795410488387655,-0.625651167421005,0.236849704398847,0.385836441633714,0.789825243825824,0.666605330580276,-1.39850171205284,-0.235131007129867
0.475684878474418,-0.536435539161748,1.29473460762646,0.27040117697376,-0.532522590244127,1.3217708986537,-0.425075858358864,-0.182308494309906,-0.573176776261686,-0.632157393531542
-0.296935724115522,-0.463202558968535,0.667564315960069,-0.662692578982608,0.639425589142322,-0.423821208294517,-0.117150080340918,-0.336874913771239,0.619618892358539,0.546506237218328
1.07599600281094,-0.759769695421778,0.0560425606502229,1.10046718083861,-0.815669750843071,0.477140210708191,0.977511092048653,-1.55778655473796,1.61390141792241,0.592253093993883
-0.00306077724545802,1.00971059223414,-1.23817121015385,0.321856821416408,-0.467108694946646,-1.63397779122521,-0.624665149628624,-0.585339112644739,-0.144428066345974,-2.0691857397927
0.267424940788144,1.89278996002157,-0.235860332018455,-0.667559817904206,-1.48331198979722,0.0804660568430022,-0.749105230570012,0.535784920994129,-0.0316425103939896,-1.11890644948389
-0.510300333644207,-0.226704389559235,0.741956622319649,-0.937494438657386,1.61541699236084,0.818139595290308,-0.582483140563748,0.442201682856197,1.09338835826569,0.235312335799655
0.0763012037121097,0.249703180424929,0.123090993753949,0.351888553877242,-0.949841751538689,-1.10167406734317,-0.376856466289255,1.39995548485278,-0.385497738322518,-1.42265036372279
0.275628461954795,-0.950908928635786,1.20232889233383,-1.10775036341648,-0.773500276208749,-0.314449646194415,0.939946494901796,1.1424960020413,-1.31160728789514,-0.644242243034704
1.83224699500223,0.225844128060559,-0.443436383351908,-1.52036551877476,0.706830721835897,-0.941510007567247,-0.922898169733633,0.987108515560054,0.392506484883403,-1.41609764848669
2.12075376951709,-0.329265830861291,-1.15878982692352,-0.519025748541701,-0.00633261586783701,0.553642660370843,0.521334620731225,1.10027977071331,-0.916374148281181,1.1751447139986
0.14798658621386,0.335702947932496,-0.0879200819477521,0.356780174712969,-0.870794276412757,0.868426273360329,1.18248979200109,0.359059397384035,-0.510587884163931,-0.539943982950938
1.17956503981188,1.48974633841156,0.367115407866166,0.543846063234761,-1.73379508325597,0.701758407804036,0.51652916265029,1.46593059553314,1.74248975745749,-1.56394412411106
1.53322313987194,-0.165300762687829,-0.0381785200261372,0.223174704240919,-0.393848436722091,-0.196418159792228,1.08863413119327,0.596223029905208,-0.719126352878129,-0.783088752941986
0.273151833790735,-1.43010457796966,0.34592010781352,1.05010731019743,1.21290224324925,-1.00032990714941,0.0694971832483851,-2.12010788109061,-0.661862385193132,0.47994602342691
-0.356884709692657,-0.852383370808743,1.8998739577352,-0.849090907517482,-1.29295832690182,1.50040942146142,0.644698765423393,1.23387145934993,-0.500292893907557,1.07822913893905
-0.013466120057577,-0.909141591792573,0.353122757196969,2.11109651693953,0.432713000233818,0.677424247803135,-0.707730781928014,-1.45978847778475,0.613477574579917,-1.62285648931178
-0.624184556222452,2.03237004613648,-0.263238281094871,-0.0815713032523317,-0.321468690735487,1.21069764640848,1.62212286078851,0.252666038023756,-0.692132035195548,-1.15998054458729
-0.514431718987896,1.1307872678486,-1.05268806850067,-0.746877683946146,-1.36517482011173,0.357018635124281,-0.974181685386961,-0.265726574101766,-1.05871115605281,0.760620692413456
1.0282071242362,-0.447201645841108,-0.602241440540367,0.22285294202337,-1.29008137829303,-2.18754599265909,-0.0045699889991783,0.340207396809035,0.624962085041331,1.13008213410095
-0.0138606967681843,-0.324381881642995,-0.851953544025299,1.41659311114039,1.62868809951534,-1.7534719568711,-1.24284665320777,-2.24187315446138,1.73678521684495,-1.20354513526086
1.71915162364125,-0.772171644785574,0.449562846674197,0.976264840505739,1.72300087287353,0.945562070763291,1.69261111365239,-1.62880859013813,-0.224173149787638,-0.739268949579711
0.275090295494129,-0.509383887670622,0.411268187428435,0.0622133179747398,1.08396422549012,0.62629033803233,-0.178402734941936,0.600423819543524,-1.18633336120619,0.722489402343908
1.6977817789563,1.89423006953548,-0.661360122496986,0.171230874264803,-0.272472706135165,-0.00671827933919197,-0.792600838840585,0.207631079984872,-0.147943692181683,-1.43999903123151
-0.621791176056297,0.414011531065797,-0.0279277840884307,0.216749059574467,-0.836616478053957,-1.54258244986944,-1.33322016661671,-1.62500604975249,0.084714261908766,1.40177449927605
-1.26031925674323,0.619249726238749,-0.563882392313941,0.170250876903752,0.140403331192179,-1.51181467338325,-0.134294929544829,-1.2516012476273,-0.0138063941955612,1.13614267486118
-1.43889507958268,0.698239386785366,1.45221077469153,0.739435160857131,0.289990600729685,0.107193680138296,0.957646170771034,1.72681674177507,-1.00779606900113,0.320565189832438
-0.330058964331887,1.90784469503472,-0.880758840354094,-1.10488495615852,0.758944342869901,-0.36491862789425,-1.33210075505765,-0.709309439716773,-1.26034184565869,-0.741487883547063
-1.57961859082675,-0.129352455227716,-0.862846361184694,0.696025977366319,-0.0348580673558973,0.620393185782785,-0.899713679536814,-0.192103050057675,1.57205804490958,0.577555939876508
0.193724784765509,-0.714251037925966,0.675764165569037,1.01610402830764,-0.816292920221748,-0.769670119819944,1.07967191253608,-0.843556390685637,1.43212681133691,2.59563172629716
-0.307679037123527,0.247022288422394,-1.97042268716299,-0.311244721469908,0.089313852542581,-1.08734168901848,0.806072432273995,-0.0580296640912171,-1.70183364812618,-1.13975957677255
-1.98957449429468,0.684719755684308,-0.0270162635584544,-1.57240033833902,0.574125883563389,-0.898328295059173,-1.57681221676858,-1.75539962954532,0.31937675822607,-1.20235570835396
0.167828667296566,-0.00759628311482324,0.442995042648115,-1.03845715104591,-2.24332631233018,-1.37521505998291,-0.442194612533992,-0.362143328747043,0.242021552403098,0.891867727526096
-0.765843366205614,-0.384098218743391,-1.18321669233274,0.0887872728843066,0.822762145625801,0.46394956348226,0.936977549418698,-2.33288455711768,-0.10760018825642,0.0757679371704773
-2.29808424806391,0.0383980044479245,-0.0438822727183738,0.853737580277414,0.124992941346927,0.20525920929242,0.84498474058448,0.495315266499279,0.0278811969852569,1.5090745029267
0.593880932704571,-0.37876456181891,0.273662200797373,1.39942668226511,0.381243867694774,0.982154146016012,-0.690506727149798,0.845306377469999,-0.0973726512722419,0.773409374664614
0.645415816676101,1.17878061847551,0.115889504814715,-0.633661219947614,2.42473581355553,2.48918467754756,-0.174947723354669,0.466322081685227,1.70042585733646,-0.779413527252998
-0.356533553209897,0.80913257269308,1.44539601582037,1.18874747197829,0.128276715974342,-0.28932495950461,1.10061101098221,-1.65195253661112,-1.20833106861089,0.223920994866321
0.131132097006069,-1.73234872629513,-0.607726535878886,2.2282966037016,1.20356068134554,-0.0458702966854218,-0.835292387168319,0.138547511576978,-1.36537193540639,0.537322938603356
-0.61519810750206,2.59524454157071,0.489224038727275,0.419504105450784,-0.347451893021306,1.65051653890591,0.338686839690733,-0.340699334651734,-1.48926148776292,-1.48216005025228
0.543460780627992,-1.87803051596243,1.31070788603225,-0.967359886534304,1.09520924291755,2.10605557125491,-0.619339451769822,-0.0253673177078063,1.57316795663246,0.216340029644531
-0.185316820630745,-0.418513067886978,0.427306886642038,-0.787173610855035,1.87816453942254,-0.652227581934298,-0.0170616239724336,1.062556609096,-0.402855401668843,-1.3507230765812
-1.61003841047438,0.333612411109556,0.859025058075043,-0.572176687432226,-0.711495399565939,0.162456565854184,1.24721402385676,1.5590486763098,0.744120395334554,0.410298781277838
-0.699253997841849,0.114178687160248,-0.767753522793635,0.309292962583539,0.378627375801474,-0.125866574646125,-0.532969239038264,0.825688957404664,1.44044204004869,1.80820381561123
-1.30913421379188,0.016198091681194,0.558229211288209,-0.831949809187692,-0.291524380732327,0.219426391515168,-0.56366141556154,-1.38247516121849,1.44367900990305,1.48002143878068
0.397773291809625,1.66003167408997,-1.68313172049318,-0.0517095837427294,0.727296739072765,1.28651874582904,-0.221338185261706,2.20714800462301,0.722826010644713,0.276606651133607
1.14616495377768,0.991918085777317,-1.02688392384119,0.739965257683446,1.60295409777389,-1.59116659607998,-0.564350673449848,0.694640804623806,0.593412184856996,0.0320309610807815
0.329975695638977,-1.80512150483023,-1.20110134787258,0.0413851881672903,0.655542057702698,0.00224620940895831,0.108785470559688,1.65170413759124,-0.571832087694147,1.15650052808699
1.26138110777808,0.10193568137677,-1.05806286501546,0.667112929906875,0.365807607214711,-0.740429924277433,-0.021088594104641,0.906647604937324,-0.196057108373126,1.02986716989194
1.29024066667696,1.03727463143145,-0.89504679301611,-0.947005611943304,-0.195528003908903,0.0423234996299313,0.0180400098813683,0.249456842471192,-1.19779338512752,0.636214263224724
-0.913823882341994,1.35728762617935,0.373463953476127,-0.275103618128884,0.422776674858239,0.115922893449561,-0.968772885838923,1.61003942876425,0.117111967865998,0.0404045818004185
0.234367935247081,-2.00182439732164,0.646954094219323,0.00643564983212139,2.21164504267433,0.426215200097141,-0.297557520219625,-0.373627828144578,0.508451045510254,0.814553658503909
0.0284396392683576,0.779962836980681,0.171053704363658,1.74897362860323,-0.204644920512333,-0.0489265918037315,0.00715202763795111,0.637263624881391,-0.567413602679631,-0.131581313401899
-0.819403221315107,1.06486974951621,-0.265231549283954,-0.449160600574499,1.73233688059201,-0.889151494289677,0.988630173894374,-0.0478159261207193,-1.88590961704561,-1.22365876580793
-1.67220542632577,-0.0624847039257958,0.294625915710328,-1.35358303804659,0.345483951691893,-0.375270875561363,0.0902084836904749,1.28612726948912,0.0238580022633479,0.376938980571987
-1.43337404746738,1.41874894781378,-0.131752872387006,1.93315018642358,-1.35320943012658,-0.121081548833223,-2.02077979928828,-1.73371400470635,-1.26603175438765,-0.277485672122422
0.836058553566274,-0.661023476638474,1.14209692508308,0.47012153086355,0.390666695822307,-0.344607030472707,0.596440264389231,0.56262417022608,0.29363313776643,0.92092895524887
-1.45029772936766,0.342734154431427,-2.02673815414684,-0.38845924914322,-0.100039624876579,0.11178940470605,0.980888045872934,0.329005779506172,1.18841284387355,0.00598410986905645
-0.461831501774265,-1.41441754453052,0.802421445071137,0.956531236506584,1.03100287228191,0.361406146643196,1.25192483321776,-0.433038943087285,0.272849985895448,1.85833087563324
-0.594644351958144,1.87682576836439,-0.606121366237806,0.0114618383132146,0.55872449687356,0.00150612810683576,0.505423198896789,-0.0867901902272132,0.570641464485706,-1.10460649320797
1.30970794860779,0.649641226824782,0.381871592352982,-1.84411177046346,-0.498944136717879,0.912350523906786,-1.21512351107719,-0.140010639684403,0.406401948967522,0.16015799357754
0.578911790057542,1.26425451754761,0.149601845117228,0.0283696040609044,1.15063220745662,0.31739333193363,-0.612000711749653,1.41470265529686,1.75539086727249,0.900168997040686
2.19605516253281,-1.12381849511478,0.0683657499718747,-0.223676387252332,-2.22864396486117,0.889485886228745,-0.282595526971214,0.252755255505366,-1.49530943060974,0.895064615981356
-1.01560980921921,-1.257420981017,-1.37917086776626,1.05693026447847,1.22968238284901,-1.17551673851302,-0.0120025021182578,0.743289850028829,-1.11928310971262,0.867439464779125
1.01149350976594,0.126463529867322,-0.0311587673976552,-0.196601883034367,0.597927988294592,-1.55809786982804,1.41355836923571,-0.178572575992201,2.20758869436364,-2.2020828288922
-0.61958036775286,2.88841648989237,0.0524285783389961,0.652803280366734,0.62380275523604,0.109745646874503,-1.27426391756956,-0.284261990474996,-1.30300868813035,-0.232834024104069
-2.11890918927993,0.39235269330578,-0.476931242104659,-0.00905091341912531,1.30939504350529,-1.83898948424292,-1.41812799494876,0.482285525993377,-1.19851496908426,-0.0105174494744609
-1.53781345802774,-0.695087033233606,0.175592990139705,1.31691523080407,-0.335081915921671,-0.562641493653371,0.00222660705003401,-0.0808693441360648,-1.26813114100573,-1.53957950179123
1.54122907377831,0.628163705619387,-1.82838882195493,-1.02869670180547,-1.33139667428587,-0.407196183232491,-0.514175735999563,0.650571199909467,1.27936934645309,-0.0268017017141713
1.21413035939037,-1.26704512654934,-0.378087488911631,0.30562856865841,0.778243847837613,0.373456191884533,0.0383744437583013,-0.250617256159454,-0.202187489262682,-0.169401484435789
0.79917180875257,-2.33870598342585,1.30501106364759,1.74737655107542,1.59580614115403,-1.27117630051987,-0.403002840159521,-0.910039562944683,0.84614770614202,0.629113235146842
-0.808722458875461,0.206309136129482,0.791649306108718,-1.17791758123473,-1.29693903356906,0.35511643850749,-0.322427301359029,-0.178467247649647,0.473993074371564,-0.126988433323594
-0.784799662460992,0.616090852168033,0.15175113720834,-0.800403230876378,-1.72919785054647,-1.01580993855357,-0.989147284195828,0.15420712074148,1.33902885528238,-1.08474224300709
0.461460620935898,-0.882825244351967,0.663040952343259,1.35807978619138,0.811680968838778,-1.83130117199031,0.206431439090204,-0.0276057897214002,-2.39014361967468,0.284351562057394
-0.545496260583728,0.557538567197373,-1.03601446480693,1.03844551630881,-0.250806124095608,-0.773931346438457,0.606324645377778,1.03985406278485,-0.492098368456544,-0.664392743104349
0.256058632986237,-0.75994233725731,0.87740306553427,0.0534865577734168,-0.519514187402896,-1.4763732282919,0.157151561300464,1.50241756316226,1.18581981590323,1.5558534689031
-1.1293692236076,0.713865867092868,-0.99394075502621,-0.446069804962217,0.69631774855293,-1.11639366208278,-0.950170631865048,-0.0615865392359108,-0.173826889916087,-0.378707088604203
-0.260511268751647,0.950036757296934,-0.723521247371516,1.12228821040048,-0.225412299974227,0.771678349593311,-1.27202773589453,0.00785517239612269,-0.339700758294873,0.236655561996649
-0.746291070258814,-0.79396569100743,0.161899927015459,-0.201237919966474,1.62407339110742,0.960191827687082,-1.09640449760027,0.0153366502394764,0.473497506510493,-0.22534983078371
-0.0404892741208173,-0.261790266883529,0.226845112933855,-0.273300513489208,0.44081736085196,-1.75520913493468,-1.34217456310469,1.83721788859775,0.52053841119069,-1.95542278678555
0.681916916653626,-0.376273861664832,-0.619011349235179,0.19100482082016,1.07225032970557,-0.135571752913504,1.51332442864148,-0.384236697984706,-1.88329154850166,1.20256989827851
-0.229663175656948,0.537650367618707,-0.229356792489314,0.12230151676617,-1.41605037088877,1.14381952346218,0.131395495731155,-0.0577788089067754,1.81097365464175,0.40258783107473
-0.65739567048615,-0.089793121462856,1.46735558277291,-1.10457408196526,0.00968498338667089,-0.369876284185347,0.804573595339945,2.58420358237368,0.133381343879418,-0.496216187818082
2.40940707154619,-0.601326742592193,0.254200506112687,1.26799729721646,0.972720905717505,-0.200787065434624,2.38694609823337,1.83821728768992,0.756398758143553,-0.197455640702427
-0.0728708327551734,-0.804700181387683,0.405782132610873,1.2140065333203,0.394389723450027,-0.606043460928033,0.396788417774579,1.07654283661911,0.375819365028843,0.148808495472401
2.16013910525719,0.106321795488213,-0.314660133606797,0.67187316470882,0.516849289146932,1.09819868889052,0.38107216283213,0.772681910991901,0.0879773054314468,-0.110309339674547
-3.08493243827657,2.42945988626183,-0.0626436837642264,-0.407231506120965,0.348293395146099,-0.240709829691062,0.458625398911975,-0.182756439289465,-1.86248244163822,-0.29631945752496
-0.373418087262829,0.0631347370447119,-0.774276954692317,0.797798444480579,0.488456263963645,-1.67784017625163,-1.19647229996616,3.04879757335852,2.38736368191364,1.39042821549616
-0.313776326975244,-0.0981550004327367,0.32280138475547,-0.261651841080287,0.0981735978813619,0.379883440207295,1.65307793895137,0.442802090411181,0.552709827572504,-0.490339995008296
-0.367499327808674,0.871020097412418,1.93768435555073,1.07680465048198,-0.977112545253739,0.897178687243449,-0.536781653980557,0.585903161119774,1.06402299932654,-2.22274218227982
-0.708356607872212,-1.0570511763316,-0.808127008279002,-0.884784716204468,2.09076543443868,-0.802326853454584,0.718036327944285,0.821500507217443,-0.32060461182065,1.01287531088863
-1.282576431541,-0.653611677616232,0.307901735071174,0.75770745810248,-1.46986244321146,-0.18255019431561,2.04990977049409,-1.40110559853039,-0.232566698628055,0.06167478341532
-1.4825657924299,0.851391321548482,0.283511376762086,1.06731063521295,-0.943016199418032,0.868857421217304,-2.57030278478397,1.53472594767699,1.23276122500601,0.291014450223569
0.259748784347647,-1.73941644467099,0.320324748817118,-1.64098074647791,-0.566203865886685,-1.2804723203149,0.484925225516141,0.182069150992451,1.06083092935328,-0.43959342617106
-1.30731578018754,-0.340837157574491,0.590312109395423,-0.141839964834517,-0.749279401004285,0.231285410857758,0.49503943886978,1.55109052427909,-0.175227857704298,1.35323112602376
-0.0790100668234279,0.0161037637511178,0.630771927960809,-0.0868444595789865,0.30201558475917,0.264016836655768,-0.203805771232149,-1.06117479568323,0.818632635075236,-0.103135054757826
-2.01306509792337,0.77970145862082,0.73944781344526,-0.2074604764649,-1.62217756928504,-0.316993376033349,0.109289256893477,-0.316234669193587,1.96545881109399,1.87527358709633
-0.146311324170922,0.936511439372652,-0.603037815501859,0.920233538535437,-1.21216267249708,1.13984341824888,-0.0446176754263565,-0.675259232173677,0.12472644005017,-1.33699717443671
-0.0720990700229793,-0.158956926054141,0.205328702320445,-0.638769325043676,-1.12503210050556,0.551096460827433,-1.46072640087713,-0.231314378272503,-0.465745107392241,0.233246393230996
1.77232089598872,-1.00547193655532,-1.14772729704962,0.857833022123396,-0.00167357605862699,-0.082216444325958,1.14694665146443,-0.552392764292416,-0.963923273896509,-0.0834035837543815
-0.715684640223336,0.3358104853395,0.496773850999591,-1.46635054821167,-0.0617158285107541,1.17590551495284,1.30024440354919,-1.59299890169633,0.415852937943547,-0.3189894178311
-0.669394328167666,-0.474538799128689,0.836623938754223,0.323253548003993,0.833808197148373,-0.259994175406932,1.65484768542945,-1.43450551057049,0.926240808119404,-0.616974847724377
0.794355869835808,0.846853768378447,-0.453235906100674,-0.286168000485508,-1.9767296278745,-3.58411724108483,0.378195827614755,-0.0226756882181207,-0.929102331376625,-1.72152076277736
0.270396381125944,0.016381957072034,0.807871331677383,0.292445697803093,0.548301509948713,-0.336673136522214,0.676573877582862,-2.27938958349978,2.34444720909848,-0.96885332028419
-0.819401489932205,1.87626159891766,-0.810967996708387,0.889785688590664,-0.1737240866886,0.807187037506344,0.383202091717427,0.901354864853534,-1.41144219071797,-2.46691652217827
1.97828346334053,0.0794870504795097,0.404927896139855,0.810061902844961,0.00833841830184201,0.222583117686018,0.122455126338587,-0.439421203408939,1.90279537542903,-0.243934436005487
-0.822177673870072,1.04405367130148,-1.7463621259292,0.866757616966524,1.6372470981939,-0.40946101016235,-0.477835562255011,2.45917643461517,-0.357868315481332,0.349528076870268
1.38906073266403,0.0625502114996137,0.484226634058039,1.27004460607283,1.10528947130353,0.893135194246583,-0.177952702059297,-2.70443520281836,-1.5943572556793,0.125320669160612
0.301058949840418,-0.0148183673285098,-0.0387760529631287,-0.0254946953156376,-1.27503558390621,-0.142427667749445,2.71660570393886,1.1568173279685,0.541752769640588,-1.76753337221474
-2.01917292007977,0.459987746260611,-0.236994972882441,-0.527519868403048,-0.250432304296108,-0.0958003924147055,-0.298187392147716,-0.915233185906811,-2.12920921288581,0.154999263001315
0.914342265013642,-1.59254790507509,-0.930971498054408,0.72022677749885,1.24359008382852,-0.0838829155360608,-0.281390612781987,-0.502447026033436,-0.696070532376573,1.74886647076806
-0.264476331631914,-0.0772669864698663,-0.241453970923742,0.718832608029282,0.469702854130896,0.122876803583891,0.140620921347477,0.532292201287414,0.276397723280726,-0.630674585884162
-0.82937939829248,0.885068604694208,-0.247312392087196,-0.914473184750526,-0.667422147115277,0.687411107264798,0.320323294554543,-0.648806598387883,0.751285820071579,-1.1573967256084
0.0185575813544298,-1.12909048262322,0.462941737151787,-0.306162275459003,-0.0399741472738384,1.63321354622297,-0.702040387266061,1.16295840024874,1.31891935962688,-1.65824960354494
-1.77301698542627,1.06379697881787,0.0809718083320893,-0.835958217468362,-2.08954087189153,-0.342511413490339,0.0431421602933217,0.376386849535604,-0.191598246911463,1.25437593191684
1.06887635390423,-0.636588483058235,1.15790008302265,0.857499572241528,-0.0950769455490833,-0.00970771321793146,-1.33808644684329,0.573969672927714,-0.599158640801715,-0.476453639251809
-0.396764201726392,2.03897088471949,1.15414729625068,-0.507804375822324,0.0765268199266083,-0.581055676160382,-0.836033574580761,-1.20582313285798,1.21922629926506,1.76096687944475
-0.431418120315544,-0.91564762400247,0.707631777439043,0.0833958091918249,0.677472044086379,-0.00504112942872851,-0.243491464050513,0.439907905539944,1.51939722208143,-0.676497651888277
-2.01483996783065,0.117710999920941,0.212556574980243,0.661560609797099,-0.694494936501613,-1.16630716912378,1.53741713778613,-1.01296012847799,0.333048868895446,-0.133452601271486
0.371494905311484,2.26357167058537,-1.19236764140693,0.79883327021223,-1.68009415034046,2.81319526079289,-0.290066863298208,1.79422414086731,1.17652079374446,0.450804874906245
0.567183726640423,-0.859578578150116,-0.854594162970613,-1.16842433107943,0.139532023021814,-0.426188871857942,-0.505368362679216,0.420794672630517,0.211449320907605,-0.681129574296263
0.631339974101425,-0.717146958144061,-0.857267307545354,1.35416468287561,-0.381329099317508,1.78734658676319,0.839875373549415,-1.10453561012457,1.30821137294061,-0.139557210101414
-1.49001719140212,0.895898334378711,-0.134879695981359,0.057927551576921,-0.781548511036853,1.19532390119432,1.22715899303824,-0.292405577985093,1.62019049712821,1.66689914689873
-1.05504232799239,-0.71316066501088,-0.406564179302887,-0.0845545206948072,0.883182425027463,-0.124302776204666,-1.15345443449555,0.981864306677166,0.198319997342412,1.61700975388713
-1.03914502741175,1.44577110290202,0.303144945535408,0.0720698781566811,0.0885204173002849,-0.772984987389734,-1.24636415372209,-1.24766645959858,1.01294006735514,-0.386283841279685
-1.7509676317652,-1.65087948891734,1.93532118076316,0.680355604076218,0.518017003748436,0.226158009264333,-0.109192639824114,0.858120068177033,2.59322783911125,-1.39476659724705
0.872535489287496,-1.65008228897896,-1.62579495772729,1.81383135902244,1.40154325899608,-0.398445633376958,2.47975238379541,-1.78608644951134,-1.33108019911325,1.29461194946137
0.661121725094165,-1.80773749497959,-0.59660469752139,0.956033473873799,0.0352921109454175,-0.123477448496299,-0.136486209625205,-0.441796308273404,-1.32705851896654,1.1334372841373
-1.76675653493314,0.806736515521604,-0.779480817694539,-1.05508992677693,0.0480211613753534,-0.240131261409176,-1.27535528811776,0.634869559127358,-0.461802822087626,-0.758373870985434
-1.63982894725132,-0.020043771727298,-0.784500809062724,2.93539924843924,0.132942969823782,-1.27435935462113,0.564127184676328,-0.46883245843351,-0.576728920389789,-1.02417852236082
0.17469434124133,1.54243394926428,-0.263534890674412,-1.36977071301798,-0.779164389642077,-0.11215546823829,-0.378919526961995,-0.170099192307274,0.306706006052521,1.18904223290082
0.373504515921183,-0.825776743008921,-1.30291009607723,-1.04659362729582,0.196028444000679,-1.3208808569763,-0.638598081098955,-0.078675888528322,-0.367315804364446,0.403554296832629
0.0515889978852558,-1.16051322875676,0.72802525129555,0.855182176145765,2.11548294064392,-0.387825661616856,0.0252116334797281,1.22528295027114,-0.954909520621319,0.921814275875259
-0.56239619124882,-0.521431734262113,0.987824279925909,-0.385260937560215,-0.974203005351983,0.126643681480868,0.342271332692509,-0.29349813157629,1.01603996256471,0.0547759664314759
-0.372243446683316,1.49857550575137,1.53322846819318,0.710731299895797,0.48543825734437,-0.136846798646196,-1.60794927029859,-0.00512759328844411,0.585340589416906,-0.252667587966934
-0.695315928582492,1.91488046465839,1.41781287724571,-0.26232371363504,-0.0713203324197931,-0.379446106633298,-1.77270157876682,-1.45535880351573,1.59506196425802,-1.13102281472143
0.497795195140698,2.22331872202848,0.746366604951331,0.636547606786123,-0.29244540025848,-0.818528424334222,-1.13055572468906,0.134509823187188,1.4541821931116,0.419457340138664
-1.70497716219217,-0.105602888446308,-0.167008924471027,0.513631056970002,0.901710532862114,1.43916049287968,1.30456826376438,-1.09083770100959,-0.268486541394143,-0.385036905246211
-0.80083041814419,0.3739447189609,-1.03607347095364,0.560306907049044,-0.976355115784246,-0.354539500135109,1.21393243835078,-1.0747435003158,0.213863892060803,-0.718074759350718
0.860073061918971,0.0562620419514549,-0.0467764639843513,-0.881726612513505,-0.164913703828793,-1.17069802057047,-0.678626229161915,-0.103374035281875,0.904480687098337,-0.252845403951859
1.0937786981427,0.00094389688898734,0.386898774250453,0.927407761576489,0.104495396221115,-0.319748133749667,1.69319943071124,1.35273637434974,0.0886021029151398,0.0642155390968044
-1.58414282356847,1.85220674313641,-0.734650571229436,-2.22484779671638,0.977954991042893,-0.743360529975019,-0.236168076550537,1.13510030474739,1.91937090938888,-0.981179708247649
-1.01487299552244,0.91624858239562,-0.814143548680592,-1.45470669495886,1.36793495423915,-0.754711786137079,-1.10830138404979,-2.0063962659637,0.464204159520265,-0.0250687519086782
-0.819376022300317,-0.234243027414541,-0.467629622715581,-1.58564787559928,-1.08461302778478,-1.61624442811378,-0.539963389217852,-0.692666446315156,1.62993424013557,0.252030734424488
-0.542132012439544,-0.486871432281976,0.731720460947212,-1.2147346332927,-0.45021322322792,-0.0692180567335894,0.752427858822437,0.122765688961033,0.559096135091308,-0.315716711468357
1.60618085988951,-1.23321886785448,1.17363476429998,0.387763065396858,-0.516464371257826,1.46759970953287,0.820136494667232,-1.38537565988737,-0.0771941224424754,0.110264465835555
0.404069540465286,-0.960815789398926,-0.594156221054597,-0.966961757980055,-0.546431136457501,0.655971035195785,0.00261162979120722,0.419816971387753,1.94189445812716,1.18396644957755
-0.0644316793600379,-2.55174861088636,0.0969573028889982,-1.7669545525764,-1.3057709705797,0.889201532093237,1.51690596089807,-0.537016015167551,0.0587827530492142,-0.105753196764177
1.22684960868912,-2.32205616897135,3.03738917491033,-0.0236057458193152,-0.530980370335712,0.444996643983518,1.75251834073216,-0.167779412338321,1.93302513764566,-0.0102497583910731
0.719780671592919,2.0684224305052,-0.561947864003797,0.508547324103618,-0.539594682149996,0.895967995760402,0.0370287267556181,-0.697580943954073,-0.442080087112247,-1.06573148577831
-0.252760361930309,-0.00750167900750024,0.683174420048698,1.15692340872266,-1.53483145552268,0.0415854208600881,0.457663037659932,-1.16196587326399,-1.80286673999759,0.52027039094594
-0.632727606849078,0.722520654237878,0.755998379295854,-0.892137160612688,1.92568358322578,1.91054121715836,-0.142528495968982,1.60348008417625,1.18710013494511,0.53919474979693
-1.03345229221456,0.525129341894327,0.555349823680715,-0.679322765788106,-0.0232564225117584,0.18063692230551,2.02488107125304,1.17257359464482,0.75020717692699,0.266323653454881
-0.377295747638714,0.872195923473979,0.390865832668694,-0.949944905391515,-0.532522046638426,0.717123548037846,0.0302646694031156,0.9735671362271,-1.28451705160507,-1.87866234437858
0.986261037038292,-1.16510483363163,1.13775040479191,-0.104932284951088,-0.21014560627955,0.464306230349287,0.960394195648076,0.916591988982912,0.887298407309815,-0.716704372873438
-0.768140538983458,-0.152419558724014,1.5068791508191,-0.787508305802205,0.0646793843313027,-1.67913396396001,-1.1896953989154,-0.931621712058371,0.951040183467238,0.964715003781797
-1.02938415880814,-0.126989281656578,-0.998727246736262,0.41533593484549,0.223096971761345,-0.884901910812379,1.875407913809,-1.29643529611327,-0.966018232958459,1.23197423562236
-0.649479872450243,0.16485191870776,-0.423270861408023,0.595691168343797,-0.603330965498315,-1.67517092285527,0.065876003615453,-1.34528123162694,-1.09921811380311,1.05467373429024
0.0179625543569409,-0.5624740070865,0.24182694428964,-0.675502879168918,1.1980918571751,-1.47622874802162,0.801469757320094,0.0511171567750913,-0.184782287196492,-0.990811088797412
-0.875425857096088,0.562862350427683,0.563085127098784,-1.12517217740996,-0.810996508061193,-1.03409726105457,0.463977367175728,-0.82786736209785,-0.00278523076395527,1.84099145363106
-1.26475907833583,0.449447354819174,-0.711526462607349,-0.0809545247659968,-0.485899576967217,0.322103064702257,0.444917060624434,1.0073636395148,0.347614881887973,-0.193677338304545
-0.794715481054186,1.2429318419532,1.02535065983046,-0.835443620753571,1.53110724253415,-1.29121792698564,-1.05674009306725,-0.488913461994936,-1.28151168967743,-0.128660591554536
0.222043251119852,-0.540124517064184,0.511795032552956,-0.672553480700633,-0.42352947006807,-0.884176157580514,1.01382610307676,-0.251723861864074,-0.057637257740934,0.656195676176851
-0.533006465540882,-0.296482336806558,-0.639876454250856,-1.70956179694194,1.25601575241492,1.76707749900238,1.37951803853564,-1.15783363569523,1.2916305637463,-0.246886754783621
-0.0595970186746396,0.557347875157045,-0.455335288199926,-0.456191990888869,0.905905460246495,0.0801310394783215,-0.535668937234515,-0.585204863840225,1.54062802409232,0.368475059204354
-0.572419335281159,-0.770714254359729,1.02859948593523,0.33001048178772,-0.050279887328761,0.565814727029253,0.347056561085107,1.42562471556993,-1.01562112396852,-0.185777471616148
1.5182036607121,-0.520665088040042,-0.525276353587902,-0.711837550279032,-0.750640161167312,0.792283669767691,-0.340407558648597,0.785511541722362,-0.486804353084937,0.0542340807235056
-0.104436360151708,0.625324796914575,1.31390598726276,-0.00762118791059615,0.716994654142138,1.45027859933348,-1.6895456075828,-1.35590520056356,-0.910488935560758,0.90346633588471
-0.280059513983547,-1.13622103576323,2.48917042823761,0.235882170415324,0.171023592985037,0.909053033371184,0.384663657037131,-0.58978683431845,0.223082985049062,0.174823529284522
-0.0847931626954306,0.664390018505466,0.383533597259506,0.312831706562533,0.461861854760845,0.781425700401263,0.107380215586347,-0.516109329103389,-1.28101307945354,0.0153594106953515
-0.0889454192861636,2.39802537084771,-2.14437924005671,-0.447022760095734,-0.708846536232235,0.73425638174423,-1.19933084959268,-1.76767021965804,1.03244889211601,0.594884542458207
0.75849399155391,1.40792044525758,-0.0465934428641257,0.530133323430426,0.916092363047324,-0.588397780585487,0.124257651526499,1.27337580515311,-0.418597622213506,-0.0936979013227215
-1.18245374701488,1.83073801571135,-0.0739511245750663,-0.467695887395447,0.988589615985855,-1.23614659475097,-2.44607140858331,-0.132870786497782,-0.224090273380767,-0.332673619853762
1.2185758552236,-0.570943878359577,1.51796088528641,-1.51896082398637,0.9594670040029,0.367520268498223,0.859661448891134,2.7813393409837,-0.206676658132617,-0.693809235380276
0.242543738718642,-1.67333749500943,1.64169852075422,0.372842918819801,0.397850060187244,-0.645991469686276,0.172770926581983,0.30161885655711,-0.809619761358447,-0.90351944781047
0.0144609130067052,-0.373209122519645,1.34783711816695,-0.749082608693092,-0.139617007140241,0.229429296296055,0.0304086376466252,-1.03779549914007,0.520083420950846,-1.19304099299534
0.792388030298009,0.231684726629757,0.0440410181519486,2.03127173505194,-0.187835022194881,0.852183887169225,-1.10709637695259,0.40217593229244,0.250044069507843,-1.95458856315385
-0.256777104858858,-0.452426550797118,2.20839710166639,0.826333510020651,-0.706767162848652,-0.972478990543522,-0.524038091888415,0.0716340975603602,1.59269634626175,-0.864695631918878
-0.365151856749153,-0.411763072385878,-0.470841968565101,1.00957783353582,-0.151100686305168,0.829608006687707,-0.961699202113828,-0.520458601301219,0.411901794146677,0.656001795047908
0.515710987537056,-1.28199498979171,2.63706867162895,-1.3405407264929,-0.70634021017324,0.689413232923391,1.22107597854324,0.498802376056042,1.1768778258221,0.625009340715441
0.288963757106828,0.97251957902529,0.122873146954776,-0.967533565054627,-0.827367055515452,-0.0598055574874046,0.70887668115249,2.15474666048399,-0.890895040375056,0.51000021798522
-1.67222812071391,-0.911948889880627,0.612708914252342,-0.155825470632514,-0.479656897925719,1.7050770298706,0.0886344362978561,-1.94536095605675,-2.6856715888894,0.683418552481215
0.740031824489712,1.20664535889433,-1.02093404567076,-1.32169144721173,-0.0572616132731021,-0.464075267365357,-0.254061395782792,-0.514169947776424,1.39268706512636,0.466118057955256
-0.0686334540246481,-0.752897413490445,-0.123607564853343,-0.0214167661268915,0.0353959624978868,-0.553747822138166,2.33641724469736,1.72170962431131,0.531317949134486,0.025071746977192
0.185693406371757,0.100280501238022,0.321349421109727,-1.27020069652472,1.50966511261871,0.367468301507759,-0.0574594223584488,0.481266877405962,0.121990359699782,-0.779076006990942
2.25068425219502,0.631247251623199,0.019594882543718,1.09100385782494,-0.731829934614741,0.969423666728406,-0.0341529749256352,-0.273992637809729,-0.0695144917720332,-0.808894941332206
0.14612102618856,0.527367687747344,-0.150619808127575,1.20174554972827,0.91294209085412,0.918121562964902,-1.12007960101054,0.221341441794739,-0.11501506504683,-0.688511284646709
0.56956932415717,0.266880718612486,0.128189209636853,0.930666505059584,0.991228618550321,-0.931265902472105,-2.04575188765677,0.192103414620538,-0.281237269414501,0.793637532281177
0.769249327025118,-0.233117144654569,0.588802729912495,0.664160382157954,0.9683706497923,0.107725050392099,-0.10747851544187,-0.116728277722044,-0.171828985107387,0.0670736309797105
-0.539901006790866,-0.0582473784598257,-0.162541722888693,0.952806055555399,1.55782527815319,-0.414173681128897,0.219048569543613,-0.826336074415868,0.505348385565523,-1.16961719970146
0.0651317429080024,0.418094839903011,-0.556684527970546,0.589438341853634,-1.34379849112635,-0.790566541947602,0.202827937249325,-1.35452300125755,1.05013029023194,0.0398877574774751
-1.61191375552483,1.4812809999556,1.79522161243087,-0.727536772516301,-0.354841419830405,-0.271598250446663,-0.526998534979355,-0.279990818022496,0.886928152605538,-0.659130481728936
-0.531884755643718,-1.40892196900218,-2.1544146462759,0.922172665575135,0.985340555393707,0.721838868518187,-0.757176547214956,0.378342447429603,-0.78947292133025,0.971618827930484
-0.311563003074576,-1.13938760773362,-0.816475785432166,-0.575814875714725,2.63515267405256,0.070188500744016,0.871396096952832,-0.11167554751866,-0.0106571300581106,0.0866720158383023
0.217587118713233,-0.82187322051725,0.0661574429447047,-1.6114672581945,1.0288484144487,0.776483957089985,0.142132800968809,0.362986436644296,-0.240545392574154,0.614186505081897
-0.450040583548757,-0.470888381612509,0.129839083791197,-0.104924730456832,0.476276592478005,0.297026722599781,-0.859276476275611,0.80689695100261,0.898237589581529,0.00706576273090205
0.722766083204752,0.879507007883087,-0.542311566136363,0.607313645806495,0.0560010431557531,0.315772344187336,-0.839760908307231,0.411275185310932,0.575981012885452,-0.0755599487134918
-0.883881228499127,0.217270946615476,-0.12749205245219,-0.223339452350666,-1.53166207823275,0.349864912316806,-0.485105814405503,0.268832464747728,0.935613783258864,-0.650591973104785
2.30134880247114,-1.13733524412999,1.01483533442954,-1.84764104071117,-0.9473803837585,2.56187661619416,0.270273091970731,-1.1910571108482,0.309325780376875,0.0138604148402427
1.07038792409433,0.563071401486758,-0.0729659274881834,0.952230808329122,1.54515516548449,-0.153481990064852,0.323438224679387,-0.343890042944403,0.260522844509379,-0.915533408905106
-0.0987268952063733,0.980280849158131,0.132620551058364,1.27395190613413,1.80157510418809,-0.301307350633224,-2.02505522165382,0.260711171782036,-1.87584602471058,0.402026623946986
-0.0104355946771672,-0.510662311009983,-1.11681620417209,-0.282373480327834,-0.257501807781463,-0.252378935804686,-0.316765357110754,0.427211822422371,1.22053427353751,-1.59461507916262
1.00617637359118,-0.9628643720065,-2.97861470288131,0.412514718181258,-0.231405455028883,-0.928472541757894,-0.790342760360576,0.771582883720374,-2.12146404402245,1.10020149800064
-0.0327289983566122,-0.648570191507356,-0.0792043592694174,-0.153578117728733,-0.154613674370073,-1.26024803596255,0.236645278070018,-0.267514123227737,-0.24890592834863,0.349741452001058
0.0638976313481177,-0.390015769724412,0.286194962899897,0.230540202080626,0.321426747904131,-2.46714435624171,0.160657917985034,-0.166909028941009,-0.623836613201126,2.13958400333311
-0.528034064333376,-0.0746449729967286,-0.7729003936001,-0.734577702309765,-0.199776224851196,0.169231190006847,0.843630197270406,0.190490491671357,-0.260548515562628,0.912879907831635
-0.70133940787635,-0.199364242106893,-0.203073107736069,0.0198641250230137,0.385746032685054,-1.11062508466928,-0.717802229606407,1.7280445924154,0.978407771565715,-0.489621844205216
0.478585046231819,-0.368617986759104,0.238327578423114,-0.0546213363898691,1.96067886823481,-0.52911355320741,-0.389768550337438,0.55895119866604,-0.488624046472025,0.398521892361176
0.940642457881479,0.210536258794163,1.55872132743333,-1.42204018135233,0.564087731426978,-1.27563909854332,0.788279667790631,-0.237239561945666,-0.355522972732116,-0.85830694598791
-0.992763861739855,1.50772723461147,-2.63486045560937,0.611366902195371,-1.15495717553768,0.311128265196761,-1.06395406466663,0.337878694725494,-0.0154405563527658,-1.26844799326711
1.02796799057897,0.0131347335441309,0.414344422402056,1.72782144923945,1.00912834692354,-0.0458591943860977,-0.681264713708486,-1.98231925541931,-0.99514225741508,0.158115230437506
1.37086154866056,-2.21863513744587,1.03229028781906,-0.507183141077698,-0.234788788975888,1.2880567439431,-0.695176626955865,-1.42670787284852,0.320761444224628,-0.743395301279482
0.832259857115755,-0.332465513729122,0.171366740910667,-0.165679881356444,0.155116680005216,0.883837057698143,0.934732371822489,1.43436222200018,-1.07558445361593,-0.132276201893442
0.690913489430273,0.41010578790248,-1.79633490838498,1.3979890405868,0.585172549175312,1.73600932139043,0.502747027464915,0.293866372577331,2.04131430802192,1.69022988217105
-0.0314597826405852,0.75603945247791,1.03589586077647,-1.60489996246491,-2.11975180523895,0.752272856264345,0.440284902812655,2.81406682498322,-1.45668128048983,1.33747410652162
-0.377821958009343,-0.640090043184924,0.841563786509287,-0.255476082890346,2.61759276856652,-0.434710809750955,2.24240740459554,-0.507167006601255,-0.347270028878936,-1.3824040737504
0.0989197299877984,1.64071872017362,-0.790789951900582,-1.2489979086018,0.505998609140234,-0.70858726985107,0.283131226636628,1.47929858360053,-0.93738541720066,0.00780393787793705
0.0613564015959484,0.687618471949461,-0.479218145194617,0.906329192665414,-0.833335297783448,-0.280927761163701,1.7851729495898,-1.48035188064907,0.282059825213839,0.28247730841812
0.209834560917329,1.24908660529513,-0.584768979981375,-0.520689751017916,-0.834256061131646,-1.2660315052927,-0.407948895901417,-1.05842059709085,0.511839477244017,-0.73665629809738
-0.748463772300503,-0.413574579376052,0.0110363615668634,0.769106445202345,-1.79018464134437,0.100633773888604,-0.0371968370004059,-0.10887483778488,0.134327129271181,0.308026954857761
0.269226327511198,0.617604594580461,-0.0807124817882956,-2.38983910251483,1.40754051267048,-0.182836483607296,-1.37272657180751,-1.29171692374088,0.533811642542019,-0.511120837166751
1.12376966148321,-2.79328429497909,0.618938503284923,0.570474274673884,0.619027315430538,-0.384330004833332,0.645590762242041,0.149819966853101,1.37521420277613,1.33282270298981
0.652239017619986,1.47051416855185,-0.498979923820576,0.0344126120188391,-0.857354577405382,-1.12689864665226,-0.0634013444221842,-0.203167706591158,2.95624076865262,-1.1113347762282
0.23076840696329,-0.882805669561205,-0.663577005361252,0.848989049491902,0.127174832890166,1.31818641540709,0.238329031593655,0.126382149023613,0.0583981706116665,0.709870193439382
-0.762233912778356,1.25100734124989,-0.93277034483446,-1.22734525819765,-1.27295824594948,1.18172513442905,-0.807743456085765,0.387763484432516,0.881943505180104,-0.130137030154514
0.395919159621257,0.83970333450788,0.571598893166146,0.268662514660491,0.0017452732912295,0.466583274593605,0.0711338606151155,-1.98725121164858,-0.0188237779518525,-1.32095225168352
-0.350627191355089,0.183596647236588,-0.228960535067077,-1.84002561503051,0.163880961462189,2.06244690591881,0.403648547540259,0.613907308067369,1.70408699682252,0.149633153573313
-1.18652232517071,-0.401494464286572,0.945066455466038,-1.03900471930259,0.321485956826014,-1.07690264591416,-1.73194299309802,-0.355506888560557,1.29992486700931,1.37957943933801
0.856913834437487,0.849597064084158,0.117199618691009,1.63825113048592,-0.68452866812975,1.54508588037473,0.759258521981372,0.0466072428516415,-1.44933573523446,-0.51688562663626
-0.691180268776818,-1.2332337281246,-0.316790813994335,-1.53651358951386,0.937480393562428,0.889426500621845,1.13552181715462,0.324190629272002,-0.258171712961188,-0.670905941205879
-0.485556626368268,-1.06060108163486,0.744867652113304,-0.37749715514207,0.000522154272518198,-1.40546768273655,-0.0847707286798898,-0.432556285828125,-0.238845256837467,0.207624071885598
-0.588787273784593,0.860096213567379,0.821634539145833,2.21633816746122,-0.6386112424418,-1.27256980127928,0.198688964661336,-0.64319508860385,-0.602296918108461,0.961796645805161
0.993855508304955,-1.24595424076207,-0.904148809283015,0.522729827675709,-0.713924072636807,0.512151418624414,0.709575093853854,-1.01905366679661,-0.738728109624897,0.974494860486172
-0.109751870938521,0.801907678391827,-1.23595509795647,0.629217470236454,1.5456988959548,0.97217085832091,-1.24925620062936,0.176339928873125,-0.18466112196864,0.334981240027032
2.1675008806459,-1.0728387066716,1.66146954525179,-2.03513827792331,-1.12486643187619,-0.338345610911182,0.592149489239704,0.0764066968303566,0.0672515939026438,1.1963406428222
-1.65152193034077,-0.477958049959005,0.214279901316932,-0.18109393511606,-1.12059142793572,-0.439169312692326,0.572443738371997,-0.7316261554994,0.53787594803512,-1.02264158455389
-0.203449621033182,0.858051810513419,-0.421455818975416,-0.453326306115002,-0.563256251757347,-0.687419018233187,-1.08341659204902,-0.139862988011819,-1.10930966543222,1.22298576267583
-1.51920540597623,1.38524904471156,-0.208304181633284,0.860527350394396,0.0159275003482202,-0.113138792471998,1.543563639162,-0.140246726800075,1.89924672003048,0.866180968484085
1.84026948162065,-1.4927496165553,0.578330495867444,0.527492842085738,-0.739464429476311,-0.334313502756864,1.64998801681232,0.628182857054664,-0.775661987445993,0.206885719876375
-0.767144240854728,-0.172393157181487,0.577748050623383,-0.179628926719302,1.7614079780688,-1.19621762903326,-0.956249705166791,-0.0174369304771178,1.58915032728003,-0.621414158640463
-0.838667175070557,0.163681961840815,0.053461619425167,-0.00970418204384277,-0.157381127022119,-0.0547482696733619,-1.64978921545637,-0.979065094080051,0.699917742612974,1.32649231611579
0.187907713684369,-1.21328917354482,0.818587626781875,0.403433233136007,1.23233843897876,-1.00948750720948,2.10625491620898,-1.57879847870673,-1.00142414387718,-0.134880060229942
-0.120380815137018,1.77771470514639,-0.705590315196622,-0.0728546169900246,0.274758401144945,-0.237252287187715,-1.17378904865174,0.470435129382452,-1.22207202108847,-0.0854582700155666
1.61979974714777,-0.118233033345447,1.21299013418247,-0.170587819973306,-0.835673380031805,0.749673597978851,-1.10753626596619,-0.0306699404263942,-0.346613557746374,-1.00428104659693
-0.775441138299103,0.457468866618806,-0.704493115620029,-0.389790130744688,-0.189222967081034,-0.981544478981143,-0.426559111431385,1.44340301091354,0.923143783398576,0.362124754967809
-2.04276301565208,0.703570160508914,-0.90195239388906,2.0442437700278,0.630429948803899,0.600350291908706,-0.342413350345525,0.230578024975927,-1.27080437241633,0.303755118735998
1.35619716174878,-0.945364783625457,-1.65535783102527,1.42135503253294,0.398238467134253,1.77055695345179,-1.43838610842409,0.862664197107902,0.411434623635276,-1.66892745889744
-0.251782484130456,-2.49276914602186,0.118264355043678,1.30954331959289,2.26076943896654,-0.426246796394718,0.474067423456476,-1.24451078856241,0.191650448607992,-0.317172865896522
1.71963074813709,2.45071680068465,0.20830755724771,-1.023827000472,-0.463739951124756,1.28609705384648,-2.88392260151142,0.0163646882310165,1.33289623813889,-0.381545482673162
-0.117077605202465,-0.47798310732485,1.47786957062035,1.43085684246876,-2.61285366185169,-1.19418736334544,0.63449239336038,0.802386217494036,-2.96899094110218,2.21705281344966
1.18616049879351,-0.0218427476411616,-1.01588676060717,0.649023977733265,-1.34948579862117,1.19657531155652,0.049588182434738,-1.01866461879489,-0.534736136198817,0.156157408769185
-1.41219329650606,0.404092592241335,-0.377092036540486,0.325583517119608,-0.763622877523057,-0.249757616801362,-1.19121533422186,1.62794011955779,0.686428719170513,-0.170440649021517
-0.352076759469449,0.866920775834208,0.199252411662869,-0.269451219598809,1.77601562416582,1.7883426488324,-0.805765076348985,-2.16768966437228,-0.186930383574253,-0.831240551206506
1.20209624938264,-0.869492453807216,0.961617184378853,-1.01294211834897,0.0898803580065542,-1.6583559753005,0.363202664919364,0.250280163388036,0.41702187496929,0.0792601395384312
-0.931067209380462,1.04920056318893,-1.46269043507152,0.793659930071263,0.559763493242863,0.634311913749379,-0.436741374624968,0.885373254794113,0.151559509799837,-0.642694854210368
-1.33886835777872,1.06039961762,1.36494481655336,-0.477108261568042,-0.144704183446374,0.457410681052054,1.70385098647963,0.845144927130812,-0.3637574916305,-1.13208406183924
-0.291885448059628,-0.416466746584373,-1.67160456993795,0.300474991112076,-1.1360986415539,-0.95381058143711,-0.975269133872954,1.89370385283878,2.0182614460526,-0.0281485141563762
0.317293783569362,-1.19806116776931,0.790391177254878,-0.0894991853338069,-1.94087157919275,-0.722029619686529,-0.191721065312801,-0.20640244913774,0.0966685931566874,0.701378338560991
0.358497119615412,-1.60046003866802,0.433088245933936,-0.544875982729634,0.0831789740781843,0.000482217205003913,-0.479333908181853,0.241225181482893,-0.553275917467847,-0.891062293484735
0.722056348128609,1.19896901601805,-0.0696827153723926,0.749287812325831,-0.920321693418909,-0.420843059433518,0.107840613708551,-0.0895861415897759,0.191337198327934,-0.534890189190062
-0.729393561056963,-0.699622087915925,0.279066741686179,1.35283259053963,1.59484551685078,0.332597036942138,0.56649867403217,1.11113822941783,-0.294086610642955,-1.21791153443084
-0.702088488590081,1.89407409313241,0.919242702042142,-0.46202637921465,0.187027741148909,-0.867601883574828,-0.326839221042268,0.66576942836965,1.11067183712628,-2.25758221580932
-0.951325037743132,-1.676594933429,0.756377323841051,0.575590602136652,1.27991339233329,0.0125417737322085,0.547345383143167,0.0774049126815188,0.751204859740298,-1.10060002364885
0.452830077690534,-0.426408405093771,-0.526198413247401,-0.230403079123325,1.94664921592518,0.694345082900926,0.197087185584657,0.434376860971599,-1.12164954391597,2.16291485289774
-0.786455807006562,0.30841296730169,2.47041169228554,0.180090390685677,-0.432923357736748,0.407714122096243,-0.965398536599861,-1.44801743440724,0.214143616146815,-0.874991687100856
0.0649370486446191,0.112500407067416,-0.365487325856697,-0.289158031544003,0.490193470259527,0.191667476622655,0.294626083263305,0.322934458871982,0.69239600764038,-0.63752849145887
1.0587698907904,0.118938991291634,0.0169682788379867,-1.98606935562173,-0.195074888967372,0.184080522984726,-0.38200277082458,0.755169139088426,-0.427511508907262,-0.116903833686031
-1.17537068876881,-0.0746346405595857,-1.10624956496117,-1.4147103093223,-0.529304999009509,0.39908685080679,1.38429708148597,1.1467772680643,-0.0255749618556167,0.411396984153139
-0.62258350738025,-0.504952101434874,-1.47053178613526,1.4415601928102,1.12975570603272,0.141328872975852,1.49603950723277,-1.55026615019428,-0.637304149212878,1.33770261162635
-0.369766108246663,-0.138127466674992,-0.538723091156443,-0.41788126328088,-0.2311610987551,-1.40237063029923,0.671248653779451,-1.18296532125341,1.52613553815012,-0.3339540245401
-0.277672462939881,0.632832509307592,1.16429819774306,-0.80180574568732,-1.17154034203025,-0.977632915759972,0.3373960273917,0.165448268964374,1.8437485904331,0.588589918104254
-0.0344287792362632,1.62319907449977,-0.532490772936584,0.633507264507011,-0.109611305987744,-0.791630711809177,-0.221089341428893,0.570101838277327,-0.220347664734998,-0.0597984434351567
1.26353467302919,-0.295969016885238,1.33019990343924,1.53641037509443,0.215126461601087,0.32152632494029,-0.405709975814937,1.34628653247977,-1.40881656384698,-0.0571505663188818
0.80256493395931,-0.732769056192177,0.800517603777694,0.923582806782868,2.68236854628766,0.773477860412421,-0.0818779475004648,-1.13449863511963,-0.87513390932434,-2.93169541193108
1.20265726275631,1.35915682145322,-0.0826317409580846,-0.636246497843808,-0.336753778462425,0.464619648971734,-0.282416451024082,0.685466010332399,-0.704250651899517,0.974747320658173
2.66698922838401,0.240028392516494,0.69113856782277,0.556052751570916,-0.598539229464363,-2.27760985566675,0.379417020297984,-1.23849039759891,0.124281668921714,0.884102088148136
0.25650745907214,-0.441971740431993,1.23348620328793,1.18924698803894,-0.981723967662464,0.810095992234467,1.45009170662466,-1.18745533983668,-1.4247911718239,-0.646657387982117
0.149108684526096,0.545610240928444,0.745792177522224,0.379696199453968,-1.87703014863259,-0.123467669372959,-0.653038394186535,-0.0175302978904543,1.10791305905544,-0.0765061040567244
-0.927803417288591,1.25405292521376,-0.675833910342025,-0.573121528615617,0.606522276125372,0.391422340588099,-1.89118494947804,-0.973091154284009,-0.740077508862922,1.52740379924145
-0.65750786550272,-2.07142914782954,0.671496507930008,0.0864884386344627,0.212520228348336,1.06895085439353,-0.59440049297942,0.9080453621607,-0.852849974388603,0.0461130886613069
-1.26846585551047,-0.168601675183972,0.112282785637063,-0.0427020355940025,0.517784239281033,1.18304429840589,0.891695449266314,0.27614891879359,1.18856477790458,-1.45005526254994
-0.586719534649182,0.255776307086974,-0.0486134262003,1.23297190996412,-1.32602101657067,0.407339433694745,-0.765966299547523,0.198444506780074,0.874403259068669,-1.47315196826808
0.185655011000084,1.47687464610767,-0.889866465623156,-1.51786329829602,0.942496790339058,-2.80433626782035,-0.402672891451337,1.10847611254914,0.325579346910871,-0.328954395960702
0.429502539498771,0.31925008268247,-0.746760447510031,-0.614449245265925,-0.812295989029492,-0.664941420594429,0.896333207222583,0.0387541105683446,-1.68155754993439,-0.81252939150284
0.770843368059146,-0.650736331153451,0.0264692296567451,0.791079185816047,0.0783079345833748,-0.209172410597805,-1.21951682321104,-0.919139277141408,0.103772391019615,-0.44069738666065
-0.345284394892777,-0.606184749009845,0.754724969881142,-0.138290218251855,-0.00330872374707726,0.432880461022852,0.301505119269404,1.5962553061733,-1.75842404579622,1.30016000774318
0.801256831487535,0.610078229542759,-1.39308841991212,-0.630560844842159,-0.66836473990163,-1.12307663090009,0.0631281670846814,-0.431376408338046,1.11194512491703,0.836710364515044
0.31715748555128,0.248990215238918,0.37096695746875,0.344396695635059,-0.460318131609569,1.90445339400382,0.0182967295261354,0.454943535435441,0.391029258729933,-0.284932977910433
-0.357669495652224,0.26322902783397,-0.435812132825719,-1.03619316772814,0.598656675180309,1.05985491503892,-1.05093830373093,0.216401033941516,2.78630533090123,-1.71244247132361
0.113971394733216,1.02753874777089,-0.428539905330151,-0.702905614242564,1.08989541063685,-2.2302884057829,-0.4894232934323,-1.59533242866348,0.432973859451973,0.712174790298974
0.246526205738908,-0.696041971245961,-0.710214543962725,-0.758190806444819,0.324216385518732,-0.04903238874439,-0.201288724503152,0.969683412833929,0.518519476527907,-0.176653333233561
-0.54534361166925,0.728021522197762,-1.23621473174306,-0.372292522844324,-1.88604404459161,-0.745330944751429,-0.430320684037083,-0.250594137511422,-0.527260979633743,0.53879151968196
-1.662200619916,-0.644993583638569,0.905958810133911,-0.165275012563147,1.93526626823413,1.18018042184996,-0.977519233873993,1.31290944684405,0.114390941301271,0.644514753794349
2.01490350438154,-1.4223121504612,0.562730576299257,-1.05012458023301,0.886599861845188,-0.756154788718632,0.243688434690573,-0.772714222031092,-1.7702000810936,1.85222597753343
-0.446185900791527,-0.334715295659444,-1.31821766690837,-0.23883414254988,0.137425463152202,-0.37690965758539,0.0394704187537876,1.78661358563733,-0.484007401303923,1.90229885179537
-1.12459958708979,0.684365874861234,-0.278133030099164,0.281249839837068,-1.69675033246588,0.403219895402395,0.868292975340457,-1.68553038415728,-0.613626714958888,1.48194392426197
2.05568771623517,-0.0921636210825446,-1.08465493042118,0.119673450020892,0.325915374671521,-0.652486492644326,-2.01281838739477,-0.96603385517318,0.0456041832352347,0.804456234476066
-1.07949693559787,-0.869039146825634,2.05779694286786,1.01692769791889,-0.404432130885074,0.187713713574217,-1.36790377637873,-1.64583985211176,0.687904206428446,-1.02133837752902
-0.144880779011997,0.665243157428395,1.00052472126368,-1.25884723340825,0.792097290036065,0.211481786346146,1.30205274211282,1.76152238564316,0.489000442496273,2.20151644861585
1.23792789038693,-0.673514792281068,-1.2745349212303,0.815234748620849,0.187467544841124,-0.451866360087531,0.0799503204792549,0.0446754506549036,-0.413054354146736,0.767439284702504
-0.317700451047205,-0.285772355222522,-0.685039357030943,-0.545507815061903,0.31634511548213,0.39614053155179,0.435890501674247,-1.61246958408806,1.67686083354446,0.0783615021215834
1.19957794077563,0.931678577387559,0.251801662695157,-0.825886887991864,-1.79809253077069,-0.755267304649747,-1.08174370432425,-0.0877000628444116,-0.245783151340471,0.155437528750411
0.815985575559299,0.856408363034614,0.476435815982303,-0.171457871296854,-0.338327943250894,-0.75979945593152,-0.502810082510385,0.298945063450855,-0.146980847067146,-1.96182345632126
1.24244290379562,0.30773982981597,0.858764629580337,0.820544993743541,0.135043467412263,0.00292753101412548,0.87083569921786,-1.91880454102438,0.515559998559723,0.996955607821988
-1.01765743156701,1.59166025509671,-0.0330637344154824,0.591840737392557,-0.597472649220111,1.46544015592794,-0.183169628310799,-1.23192341242215,1.3960240163979,0.162231474801188
0.0838888338065675,0.0700060548841882,0.172244757926952,0.531722669598684,1.13597740350006,-1.6163482926773,-0.439915043411992,-0.62072507594459,-0.764544659591392,0.162416784085635
-0.559642852482818,-0.53334119511743,-0.902406467178775,1.74023555156107,-0.769812628583832,2.2862444900231,-0.0559338587395229,-0.213647621820572,-0.193891037206645,-1.65116146717988
-0.797622320888396,-0.900747459925483,1.2807654190328,1.60973369147186,1.03290281677494,-0.418077679011353,0.881820251711133,-2.23960635611756,-1.09242832825206,0.9422359908627
0.936342490452237,-0.709033073014433,0.0233760346936441,-1.0071736821619,0.00211416912867153,0.997384557818177,1.92132432770654,-0.502754450010337,0.484291090837674,0.417558528930959
-1.2446027467172,2.55951380158165,0.484836349030297,0.155697762918997,-0.523683871934174,-0.82834390488807,0.069936820890555,1.42997087972611,-0.249036807203145,0.414533134364398
-2.21860929725563,2.75243837173382,0.122320645135157,0.475140471660134,0.0477734127801391,0.641406709215536,-1.52510813102128,1.10197153296511,-1.72557550727974,-0.104374640267093
-2.7438776870705,1.07881270326484,-0.364545031885876,-1.01465132219899,-2.60068338994599,-1.06223032347507,-0.777412363795578,0.699468432728853,0.380459923541522,-0.267192433887483
-0.135780804428759,1.0869228749276,-0.439551812573672,-1.7139246458271,-1.3495965445285,1.21145428302481,-1.4012823417766,0.707837378924851,0.0230427542112727,-0.00551876639568756
0.483640609537078,-0.590309865596673,-0.399912720192923,-0.676363039502652,-0.658453761312625,0.0655212491146603,0.243289022525195,0.854743120382282,0.314239187837694,-0.811620399712651
-0.32665011121585,-0.48850205553722,-0.490414599239743,0.381141852323734,-0.858669907211195,1.4624019066492,0.727680077679212,-3.44446741786254,-0.678502116699165,-1.21514062734751
-0.830959664274321,0.985777952688939,-1.07270095686735,0.755786721665106,-1.22145770139578,-0.210320894671925,-1.49974995955945,-0.943525788955874,-0.213785127181773,-0.063757964359665
-1.37447237826766,-0.0645247356633428,1.51225169081662,-0.0947501980630875,-0.971653681427951,0.825987077694833,-1.17872723278773,1.6227448058969,0.622426000803015,-0.554910061565939
1.01955226990331,0.01018780143511,0.00325731872976126,-0.755276484456074,1.06789149035178,0.738847149289633,0.622092369281004,0.574058920268032,-0.533403926266068,-2.27115710015417
0.535555177157033,-0.04981595731612,0.549426889286392,0.197110203187086,0.534639974180198,0.272723114495399,0.202869898021935,0.053365664900861,-1.15068713913324,0.17179107989182
0.35833127636736,-0.950615502973266,-1.13127757817127,-0.122535163697215,0.141722119359042,0.20277287673939,-0.0698927746630929,0.73134811206241,0.269061583351148,-1.63741036300502
-0.774047876374899,1.52034882159475,1.73809350890912,0.642647062927184,-0.928082420724795,0.356984498753861,-0.3943873414314,-0.153643688474803,-1.23074585956624,0.726848994262318
1.45430780343726,-0.113323054878197,1.01581629598206,0.884638464386545,0.691226236272653,-0.117392079562291,0.309911461897575,-0.0315966672260718,-0.364833010982141,-0.3949973550448
-0.948841406905171,-0.0640367014849319,0.734543319318632,-0.362367848499025,-0.138805139061706,-0.401934002207528,-1.15504929161892,-0.136324632107547,-0.322060770266906,-0.59904871854906
-0.88740000003709,-1.02386795438536,0.281555895030958,-0.436486057384062,0.600052672736906,2.13317421215288,-0.124548118729306,-1.95145264313416,1.36573296967358,0.432104959711466
0.230124718114523,0.766513056892764,-0.993821840464439,0.602127681735605,0.143268738885467,0.280466054738292,0.208792824746608,-0.238688911011955,-0.90927881956218,-1.31769296672422
1.004893458128,-0.941068552808076,0.421792009527388,0.167367225806947,2.06946551014338,0.269097941097356,-0.273118694794446,-0.565455206445473,2.01475880650059,0.488067542393783
-0.421040530440094,0.503395777772218,1.3853214949699,0.100809967537365,0.289550654142536,0.651104843250762,-0.83011831651453,0.714200592277674,-0.854344982976782,1.63134247466803
-1.1707289801581,-0.24093341150043,-1.31272421884121,-0.1127990128912,1.0905902214445,0.809757086414862,0.580815165953095,0.149805152953487,0.431022859579046,-1.5840592362518
1.18469138704205,-0.562973589301738,2.38363073737595,1.83004817902987,-0.906256365363888,-0.538584187490761,1.42493773477922,-0.72340449934128,0.857533054049351,-0.728963396172195
-0.714591072671047,1.07621720962943,-0.475845016749115,0.06192070931272,-0.625407204674919,-0.245325190023141,0.92600652498915,-0.503423907566817,0.00273067132085844,-0.771628022560253
-1.98492726219587,0.172410540993998,-1.46507257171988,-0.281288279681634,1.12972346047594,-2.34152815635497,-0.512719588975495,-1.04119407517951,-0.953525929049775,1.30221328211746
-0.104140767227365,0.344498992213128,1.00554656610976,-0.395185136575464,0.149110341666215,1.02821688989159,1.21929206895649,-0.483249015833388,-0.581866261060132,-0.238722222747057
-1.34621696154029,-0.8469560198236,2.48334581597762,-1.16760037284439,1.27696606546404,1.17747341837407,-0.600553058701071,0.679934071399877,1.64102662003155,1.81341232435666
-0.794029755294132,-0.568764548515811,0.254022102528086,1.3336567174877,-1.19271522293884,-1.22168922567348,0.125610415765233,0.041434574864041,0.605806642950468,0.272941751950898
1.05540225491325,0.00693397554748752,-0.34103791591306,-0.991395744696495,0.259227604997143,2.41385291942113,-0.454419106109003,0.634214276125203,-0.854041332832006,0.0446889740963546
-2.02652927994175,-1.05209665915523,-0.247651805632864,0.972557309150383,0.278095341752065,0.800309073589896,0.125837454162728,-0.544343922195096,2.00402824264521,0.00943037875367337
1.47246347659118,0.161913600020826,-0.59130427378283,-0.944117818263569,-0.904001777606569,-1.07425553627249,0.246528124585716,-1.72699382519475,-0.165400911370729,0.359210171863092
-0.223538692574557,1.78663544216244,-1.56522236713025,0.00755047855173648,2.46354389038088,-1.20667028372917,-0.893819263000082,0.311087554037202,-0.656224043455707,0.104897788261357
-1.96870628457581,1.17914889245949,0.931779433390918,0.442261247168595,-0.304122479938205,-0.0755997243343184,0.391769698125394,0.247580648686529,-0.762746954135846,-0.162248658036044
1.78506117663294,-2.19991127360265,0.91722097219957,0.458622125598064,-0.989832146616763,0.903265901689496,-0.146363893183106,-0.710061346959909,-0.557467433723853,-0.0693932812550249
-0.468810421110801,1.3145571487117,-0.599173925167439,-0.41463001692008,-0.2655693251725,-0.718686494380487,-0.825088801596134,-0.350828830344601,0.0892746502580059,-1.21696762189033
-1.14641742270262,0.50032443884405,-2.4456374367433,0.63725363491254,-0.962746663465705,-0.198123254607548,1.93697585567506,-0.245767154127682,-0.196096888673579,1.55710087940828
0.89763511328449,1.1271140469022,-2.04150554501643,-0.405724896302904,0.166158695507406,-1.12580415345878,-0.223597703167586,0.253374451175229,-1.05701303825867,-2.11522188712758
-0.788695256547742,0.630422622098099,1.22738813900429,-1.58197559704422,1.77838565043796,-0.839445136578231,-1.67096816543799,-0.17549872258694,-1.57919228987898,0.0267102141952086
2.56888838845187,-2.18627832272217,0.38680598850737,1.06455528525908,0.325764509578321,1.66285730391212,0.688448169577922,0.106270717037669,-0.667420575020089,1.6914106920963
-1.31465363375687,0.918899300398642,-0.962780877000267,-1.51280062187829,1.23435692504307,-1.84252005563921,-0.471827636162268,0.977078997912304,0.187463417126132,-0.363291224367657
1.02348786193617,-1.53075378286859,-1.99064096245918,-0.33523725452753,0.387242808288815,1.93937054077613,-2.02926951683328,2.01756998311065,0.814784381755692,-0.589703382865609
0.58763524193479,1.14610928784843,-0.150552190525328,0.0204739624015201,-0.110596897117035,-0.738929920127998,-0.184367837266583,-1.24036185642425,0.178039920467413,1.16781611864642
0.566691794100129,-0.157252589369072,-0.909768863291012,-0.661915966092328,1.28986485989344,-0.14381050560231,-0.000337052882155951,0.380138406359518,0.228275692939136,1.13699899882203
1.10716107787252,-0.863201225327273,-0.0347838943954308,0.454730003136887,1.15642129515746,0.51943313761913,0.00540470408717355,0.163903129468914,-1.67946086403088,0.653907188455247
-0.299713117445399,1.46779199824069,-0.639203586912674,1.53501132203987,0.0410687141814001,-0.692166393616432,-0.0613205790642273,-1.65674714712708,1.23766261728985,0.583517146838298
-1.49806647719342,0.121755874352497,0.79461380939764,-1.15144603249893,0.290363497190373,0.924803485418126,0.0183706786619161,0.412934381478854,-1.33579887854644,1.52255178177607
-0.265954896087958,-0.089589348610855,-0.516646092767411,-0.470234208011397,-1.01096142828541,1.89496557472441,0.563975793975196,-0.726624055003961,-0.988409729371351,0.0461795540738075
1.95691327716348,-0.313096980150051,-0.059490118026422,-0.117000081418038,1.10942578126105,-0.626482430123785,-0.19901374762034,1.76155172561485,1.60407518224697,0.955771096733078
0.270665232517941,-0.844323387833259,1.01834161731788,-0.870725878051635,0.430393149336706,0.608739606613634,-1.82841766068569,0.283252653155411,-0.11308988282333,-0.564038615790889
-0.536294551440688,0.223621168843716,-0.783154164746156,-0.162120554459887,-0.0717643352908005,0.892902285359909,-0.684496676599089,1.03134211048067,-0.40889496975792,1.11384448587498
-1.21637650593186,-1.37605748521698,-0.27011619478681,-0.816915859955413,-1.36764983694181,0.387426360787703,-2.6334325222175,0.343149330760734,-2.74139375308749,2.26761179381364
0.799302717223097,-0.332837498855155,-0.621511575276382,2.26378138634747,0.0513034508541646,0.676935324054195,0.106295744724653,-0.905504055457797,0.634971772550954,0.0266637146128173
0.569266773545826,0.152504043872327,-0.265093770478131,0.0316848053283448,0.606203806653555,0.317396343691963,-0.903120509932376,-0.25079625045691,-1.12394746901917,0.35439681346722
1.26428153283495,0.766007509686259,0.154043389442385,-0.71169190864771,-0.0905458309370849,-0.313004025280105,1.24129015273367,1.3127493003197,-0.7354368956367,0.741089266969086
1.20798464245697,-1.3973520216844,-1.72074920546171,-0.987994659131245,1.41069719367812,0.402318539123425,1.30686939117982,0.668401651388322,1.37478318401836,0.971169099259858
-0.508310550596844,-0.0438295112141894,-1.17629485628812,0.285301657357536,0.821280722407355,-0.239994991648599,-0.957399118356471,-0.861600597435805,1.11118643290599,-0.0825746635716693
-0.128244615931016,-0.0907392396974119,0.0200960202194869,-0.644417406513371,-0.635495600509039,-1.08356032749187,1.37249043211863,-0.224211785006146,-0.299997573091519,0.942386693185574
0.05223451743891,-0.450364132544237,1.10385828049096,-0.60447682222605,-0.86678459304094,0.490333058686125,-0.82903670907306,1.19120189967893,-1.20848401642076,0.379293348485156
0.181044588325822,-0.466128930757073,0.167108330836112,-0.803553406404797,-0.801190979022044,1.85526450410315,0.65461704488884,-0.143837731234282,-1.06943685499275,-0.359694412534916
1.49822720541126,-0.745705481816844,1.16521831024441,-0.208490823092817,-0.099354054384603,0.261908997509406,0.858535718800741,-0.846861582071914,1.18024958678264,1.10864782431098
-1.72074394089862,3.72462497103309,-0.689906755162888,-0.542548557715277,1.57382448167598,0.138190700388338,-0.830689304563129,0.29558426676247,-0.652878028519074,-0.753523305984321
1.12738531928652,-1.26839756016114,1.34707553500256,1.34487803525019,1.29616567885709,0.673176634568997,-1.13079675079141,0.600629880105966,-1.52523198414092,0.854614988156346
0.200701017599976,1.0463099547399,-1.13595462107658,-0.51882121633338,-0.645090886486149,0.0315191950405068,-0.837614209730257,-0.304481295454911,0.24406406723599,-1.65457634476968
0.922620401167256,-0.728315728877626,0.645233683728678,0.848163449318336,0.331925643059023,0.515938920411612,0.653938784744253,1.73541610409228,-0.214831392251176,2.07763030166215
-0.606827509834393,1.18900829409726,0.40931953113034,0.300303848781278,0.539950211409126,1.6722937374646,-1.02353141521044,-0.353260504476317,-0.683655855668983,0.151002430445125
-0.442900113784499,0.142354058968062,-0.865445605202771,0.594682579630036,-1.79582961657249,-1.11227777288091,-0.466334080100953,0.134644065647194,-1.27073813144558,0.696569587847779
-0.164669180380775,1.3992388215531,0.376985303710358,-0.661906933852919,-0.694571715615224,-0.182701986989523,-0.358760681852831,0.597871822811754,1.1609922347977,0.986395151648257
1.92701656346659,0.548564662635267,-0.395782381446373,-0.761262481600413,0.269841792377306,0.588707171669286,1.97813522249178,-0.926274256490759,2.22132046119276,0.119316840080801
0.696987556186737,-0.156837158964843,1.34411987928314,-1.00959145053495,0.094392429677421,-0.211672741983775,-0.28774950611935,0.632261121249929,1.83231197401201,1.74858302791158
0.286332402072849,-0.155573429902163,0.477449854575975,1.24218479365644,1.02143474079188,0.0142023325372374,0.144940429534903,-0.0278889529929537,-1.42518129600883,-0.664190606601363
0.54348379087615,1.55650132603676,-0.32230480857753,-0.875827911020779,0.882022795742472,1.17028774839074,0.89407819452397,-0.674057429358653,1.66606536935918,-0.272931139187309
1.70550816859605,1.08405778473326,0.527590114522736,-0.0371524994322095,-0.301112654179112,1.18260934991217,0.589941885818728,0.660520968584394,2.03773212141139,-0.282593696529977
-1.93975503697132,1.3959778903075,0.0429907954975804,0.646946684788516,-0.275822169021118,0.74111244978874,0.348615702392837,-1.02022181178873,-1.01009847753963,-1.68200534930789
0.528458999120383,-1.0842725513852,-0.4780893038524,0.0516225553196752,0.316595567226772,-2.39506903371248,-0.307621844962868,0.851054397218763,-0.732647828187689,0.925678058663464
-1.48994807709208,-0.217529253227448,0.909221904445819,1.55917418544269,-1.90837530891848,0.720044124107984,-1.63923888598791,-0.357993486275511,-0.537550118762642,-0.519065042895936
-0.489073730110444,-1.49379329552202,0.199050202296318,1.54798814908585,-1.07433642700915,2.26554623962163,2.03931815327688,-0.109216328412779,0.601763086379144,-0.118578272002907
0.15141983544622,-1.25431440758655,0.852644488748704,0.0103063473067517,1.78841066813506,0.122711882861909,-0.918538250615816,0.417758497778026,-1.88384536255395,-0.505997504145773
-0.0676765385724441,0.0578416621752691,-0.227814008218378,-0.885741417698307,-1.06734395492937,1.41482411091004,-1.42981007925041,0.0661487266227613,0.473130475345629,0.226195478438262
0.157190757793744,-0.720667242200908,-0.696253771740514,-0.961277989069923,1.68424714701087,1.30320933950202,-1.06453329348132,-0.140351455582965,-1.24190540657055,-0.404786511145868
-0.433223060245022,0.473663004764738,0.257629690804262,-1.07587083770222,0.36238823914297,0.124997972425224,1.45105790779699,-0.635518314096744,-0.277143971949483,0.503536627438835
-1.29947472454103,0.188269295428209,-1.49399163770003,1.50542811734245,-0.188949464487151,1.24461500766787,0.27631934868616,0.995944089750704,-0.810728885380441,-0.51184653970245
0.444267210387035,-0.432670315111509,-1.3947225300384,-0.0131769468397273,0.935126101689577,0.966673580949369,1.92954798116287,-0.346304904012008,-0.0779049116501438,1.62855538487681
1.04750818851632,-0.813297565172901,0.238816176005426,-1.3103121468751,-0.454224185790966,0.144628579601488,-0.325522978474052,-1.24972440460786,0.701347364009621,-0.210354496448846
0.102092044622391,-0.736941177997621,-0.0572784409264465,-0.994605430341777,0.0179085484745233,-0.978508443517566,-0.841314449094173,0.303057760955444,0.430318680090207,0.973203261151048
-1.15190221092658,0.475629949974663,0.213477890046496,0.536589684295562,-0.540301386857581,-0.444822749527328,-1.12501166739541,0.762374249331171,0.0645557527735739,0.223463657993741
-0.766964698012493,-0.338806861114765,-0.722865276019555,-0.912937478654572,1.59814341722055,-0.744718644750262,-0.182372513000457,-0.106509101395678,-1.16251548742673,-1.38127490673526
0.556130368708742,0.0694075202710454,0.728863454071566,-0.0122886413500172,0.538911396513448,-0.552287259985404,-0.530721229702669,0.546302356259789,-0.431483524416527,-0.529612314451009
-0.327416514224601,-0.231484922147832,-0.105054878807414,-0.705489844899797,0.317480412522919,0.859282154829354,0.149296719376945,0.506522331053164,-1.00819605553046,-0.447830861025758
-2.10816904191314,0.743201083360139,0.957746708329035,0.92143486749269,-1.48448825409064,0.217576955389234,-0.841479524003305,-2.34206279881118,-0.354627666664339,-0.798340395681118
0.618570770167126,-0.407664100547141,0.45081328068561,1.82664833899339,0.674679663245089,-0.892457521405228,-0.623641844837139,-1.18085062518852,-1.40131739216173,-0.708613999890706
-0.686466129856723,-0.468793195155426,0.413371879498389,0.655011954769372,-0.576724744233405,-0.558292549918003,0.880100886997316,-0.476429389858057,1.33930960074413,-0.508520060968471
-0.204963978743812,0.930971774611218,-0.380905117497856,1.21216238530438,-1.64577495668162,-1.68711892729211,-0.965814558533208,-0.796313429248715,0.350789963520586,-0.351143327283559
0.510352804894043,-1.4391226185197,-0.567571262279329,0.0477911493039211,1.11599569760071,-0.358438238214719,0.309616025111249,1.63372986772666,-0.884679204334272,1.20829496947683
-0.272790270134826,0.163380658569061,-0.849767844162478,0.207198761405511,-0.172922884585643,3.33147599567589,-0.654064185254257,1.2395228710777,0.1883652061363,0.187449163533346
0.62026377683373,0.819066786681894,1.62087345289419,0.147095314169127,-0.495447164765286,-0.0237324873466341,-1.37302224363539,0.762316783283758,1.88943201705701,1.05470992119849
-0.0617431683607696,-1.81270133807407,0.302517413724361,-0.398303952183449,0.470710655711374,2.4768816692078,-1.01113210836252,-1.18744812766588,-0.695178983998842,-0.0301896683143389
0.564951192969362,-1.83012262451927,-0.306885533315476,-0.341035445760818,-0.859913205699483,1.44270496820245,-1.61086269882195,-1.38515227197212,0.347876729760186,1.04882936079208
-0.221646587921363,1.79209090463792,-2.29998909866761,-1.16383083711802,-1.59497830864334,-0.703596474240495,-0.000324178289817233,-0.708151602800443,1.24894644318091,-1.2496107629852
0.646430139715066,0.558482030206501,-0.301097146621799,-0.203145589834046,-0.0897168016723156,-0.601336121230972,-0.0105666304644499,0.900323762156417,-0.0386721738416934,-0.174508073489028
-0.18618620097231,0.410937645152898,1.43878645369599,0.332190000942494,-0.134866935961041,-0.0987207216730444,-0.712975206570939,0.96031129440356,-0.0162341677050611,-0.657831830171974
-0.527801589044366,0.791954896170684,-0.0203623096888028,0.217977987744842,0.153627206872504,-0.877778120360188,-0.382867488418643,-0.855856152640637,0.698778424176227,1.40346369953546
0.250096338614737,0.245058609491585,0.104945989108312,1.20665636056381,1.44663673929314,1.62111041567908,-0.353368497637673,0.443498824288588,0.949105330966573,-0.353994437231533
-0.238728508408465,-1.10021594479141,1.76612111615898,0.899083011937037,0.613186107507681,0.379317415679951,-0.240639333659834,0.843252804411663,-1.30241103815941,-0.332652856119366
2.32856676905796,2.23702032351837,-0.834590126006693,1.50668666975814,0.306886334179959,-0.0999495380188661,-0.430927730401262,0.538716498238642,0.900399811271219,-2.42014740443019
1.12115855193666,-0.621190396834681,1.21441436051111,0.797065284499756,-0.178637651810536,0.361696861712691,-1.67648411284873,-0.829459971977758,1.5298099163838,-0.900367358342503
1.02908120266626,-0.0895449580946193,-0.257464393266882,-0.580174072418617,-0.541571506655546,1.58421243262831,-0.554648710555561,0.542421872761932,-0.346734679558544,0.304161494613709
-0.22451844675529,0.0812027245549448,0.659367715122685,-1.02390663248696,1.48408973667066,-2.32396897803635,0.248563678796321,-0.663756011757108,1.47492890394705,-0.535771366557747
0.398398937573006,-0.501187492977746,0.45575017032636,-0.730601305700959,-2.41060635750343,-0.888464770440745,-0.173062392247214,0.13970602366082,2.43762463190478,-0.272119314878525
0.469612329166111,1.06932654939113,-1.44252649155455,-0.168142518903408,-0.599284987079888,0.242183816100799,-1.76367437402203,0.494066423103736,0.737366845302796,-1.27721917286915
0.159734759173258,-0.701924694697203,1.00559783763008,-1.66691524417602,-0.0209322040765815,0.451546324300531,1.42650386678142,-0.718098463602149,-1.22701793921686,1.7338852242182
1.14771841342595,-0.604822320466509,-1.05057714848288,-1.26944788858422,0.894966896409767,1.38213043331861,-1.56157821150761,0.824636691332187,-0.320725235786856,-0.991998706791446
-0.112544739973133,-0.171676894341922,-0.530707866063313,-2.11996983135584,0.249129296169916,0.245865045014945,1.09393620562905,-0.435821883501958,0.22009568626476,0.717186537604646
-0.458019885890056,-0.382897997408937,-0.825729045937418,-0.386659082882871,-0.196422303103355,0.418430934217336,-1.86786245751824,0.663454314689231,-0.173473358677084,-0.402987524653081
0.345385160978059,0.0232124767962199,0.711765218791737,1.86287258351073,-0.632192619080122,1.41344308352527,-0.314110943053612,-1.23043274094253,0.826496732453643,0.0740272312872853
0.235110885203023,0.300613259523533,-0.000166181475638383,-0.734177020080163,0.941983777446533,2.59338540071644,0.0711339091681145,1.59787124321162,-0.924021158328164,-0.466792785383486
-0.584493693281536,-0.0606739485576356,-0.982886231885446,-0.433689771095179,1.1530139214912,0.0412973430995533,-0.839424639144415,-0.258984083516299,1.09612968871247,-1.89415768605711
1.29020326455756,-0.95554978518557,-0.687713612923902,1.1498420536925,0.686159050617337,-0.415076782505933,0.543606276555008,0.780415591816253,-0.997419277663719,-0.301504876405581
0.632374779622385,0.282788592988368,-0.496267621224724,-1.21897810437544,-1.26359084439797,-0.161961164732036,-0.980108201107036,0.105689695196641,0.137933329021997,-0.354195597562548
1.29192700985516,1.10229318312353,-0.926913254506831,-0.467516861893282,0.118871643081655,-0.174148201765847,-0.0372109052848208,-0.247139124454853,-1.80572046779027,0.437132539728003
0.181821737121682,-0.34684725753566,0.394499314409252,1.61469619324032,-0.111366826634445,0.763692787456114,0.756349392711203,-0.226204967140846,-2.41814000435718,-1.37806457722068
0.188811331791474,1.06463993513473,0.291201490745467,0.290993086629751,0.107958164622603,-1.25293205470898,-0.722105676624077,-0.79210971199249,-0.121735675683146,0.626544151916542
-0.506505259146837,0.655642875183532,-0.174654203006745,-0.821823117287329,1.18959735771261,0.159602191680418,-0.0943818967527176,-2.12315817547818,0.376538754054526,-0.683214081901146
-0.0983748709777103,-0.83272670010053,-0.526206543129408,0.199392102681922,0.26324912086831,0.803424439159751,-0.473422691487283,-1.24074747265164,-1.59391762951395,1.83448077825936
-0.0482272179640863,-0.698369876649254,0.31696347273749,0.34350711950025,1.27735418737819,1.59344852308168,-0.768816643146228,-0.561214320930982,-1.05016439779198,1.39154379061934
-1.59937775688332,1.58437974268959,-0.405374999027848,0.136690506917859,-0.76131370077422,-0.264757467074154,-0.441502809185116,-0.507074201865607,1.08202718677165,-1.46693211803555
0.144465878296641,-0.60262249200031,-0.949450571323264,-0.248230488180817,-0.783837281680799,-0.367178350323474,0.56750951614037,-0.444252490323564,0.91203592732186,0.575728692180913
0.0946332634139953,0.655032577282554,-0.577478085895931,-0.47428666019775,1.22926886762082,-1.82000153665813,1.33400813856337,0.143390925535489,0.271390019733699,-0.239217507456936
0.719175728734044,-1.64374201764572,0.553238297887252,-0.434497748187983,0.871066968789885,-0.476079113287639,1.79692328811269,-0.515976597575091,0.970387445669592,0.240310415289886
-2.992644330256,0.422127327469048,-0.334835159811108,-1.67641924496617,-0.616990787251909,-1.51084900621506,0.116903262913786,0.90674622755994,0.00685563990059637,-0.744257021559863
-0.49132849855293,-0.381707699478263,-0.738879207435972,2.04474743136664,-0.332056193039394,0.441547370341921,1.060092641484,0.93461186343225,0.934033147964944,-1.94333334905405
1.12402002415189,0.0558598713998795,-0.358084576883554,-0.369973321590298,1.32958193144542,1.7933980738562,-0.207683867055853,-0.138782546897918,0.937932646854352,0.152617214277706
0.200161373738302,-1.24370434205455,0.0934556235456611,-0.175199783348593,-0.25920244068471,-0.721608550300823,0.742236862022879,-1.20416909836667,0.384567531671309,-0.186366695801211
-0.508463252395355,0.151755105508415,0.817562243124754,0.239487765012617,0.9366595506848,0.31472803681173,-1.07514986821327,-1.07029409746123,-1.19533598742382,1.17068456196396
-0.801665554365893,-1.07452293526265,0.274627072596807,-0.426447809143468,2.34297679630953,-0.403421210595824,-0.583111790227925,-1.09670892889201,-0.123688610928669,0.285720883461944
-0.457068364707908,-0.66581360270832,-1.8499336878352,1.42561534367296,0.398412171422155,0.917094788550971,2.50624395077201,0.174179197828209,0.682195596697844,-0.037543471715867
-1.49867237793772,-0.110016703962039,-0.899978754974263,0.141806473787959,1.12306558282854,1.27313042176619,-2.01263492727978,-0.184232041764674,1.86796688229543,0.408638339112496
0.373050525932442,0.525462251144842,-0.904187778689611,-0.819198438214481,-0.984655882386577,-1.78357437700564,-0.207439282874152,0.674875743486862,-0.989083109556341,-0.719671760256268
-0.654103066321484,-1.591235875341,1.25958367218888,-1.85709119598141,-0.814604047571145,2.12393356254018,0.329196950759519,-1.78300006024663,0.146317010010114,0.867800773493376
1.06887300445669,-0.435288436482866,-0.42568516870204,0.456898435069505,-1.46504331405466,0.070076450760065,-0.533408698033636,0.293330671032186,-0.563367010751047,-0.208546245970683
-1.75097584697267,-0.286367821784133,-1.33855274634269,-0.46841006689326,-1.15302612423177,0.441535193845061,0.558868726539524,1.05396799599442,-1.59040687124046,-1.15120269642121
0.438881563507952,-0.769300233361514,0.824123693293719,-0.778190364314847,0.28077149161411,-0.177631896812002,-0.322470835748198,1.95212982480233,1.10090914279259,0.603318565727154
2.67199969026137,-0.553945512004718,-1.14869321434661,-0.0265768031693093,1.06105252688011,-1.10683979719538,-1.43719359340094,-0.978322296736311,0.478723892820455,1.19767622394057
-0.0770809950118665,0.425033472377426,-0.478488544851108,-1.17348205442501,-0.853440837700414,-1.2688443380124,0.801532345860163,-0.495272892243467,1.57942162314954,-1.34529803417893
-0.250111613502158,0.0670849395081941,1.09247216020983,-0.11967448949678,0.505974051346725,-0.984933428272161,-0.459906187194523,-0.219388624434899,-0.312216885815799,-0.246865581369023
-0.760060605872339,0.50039575501251,0.0288990571470444,-0.594024991526325,0.518327331917206,-0.913681642075656,-0.547469678606818,-0.740030791436189,0.0590824176847138,-0.290607150779567
-0.209624463191124,-1.24574032895229,0.00619107091202074,-1.69533372039068,0.650429550093169,0.0185561727497135,1.45317658071861,0.341344003839403,1.42127065339535,-0.935082516870142
0.712199902320095,0.31873776826651,1.17966336588467,1.81614884417982,0.375799286985107,-0.408020153591369,0.835140830302884,-0.376963528147489,-1.27745971548224,0.0896203709681996
0.898199891896183,-0.640646608356214,-1.0687843977455,-1.09048923979452,-0.317338040277324,1.07276340749661,-0.421777552664048,0.435546756751223,-0.67685491004889,0.559784618953593
0.142217491389844,-0.675955265411073,0.0966850040189412,0.255401659243577,-0.113838163795227,-0.694598570608646,1.91929595607437,-0.433072304326408,1.0945451253775,-1.00216363148969
-0.0878878839950948,-0.820625857568815,-0.0605377689677115,-2.5205341683826,-1.51686961954222,0.0209637410653035,0.930625836514985,-0.0221985122047033,-1.28512364282168,0.10364935621608
1.13174303628258,0.220801342261112,-0.496713459280982,0.62225110887041,-0.592146875316167,1.37696568755264,-0.510112405167167,-0.153760451900629,1.36934735082876,-1.99830236201475
0.523335285949865,-0.56662218747318,-0.628301009044034,0.453274752804919,0.551207076813112,-1.24014666432181,2.6567557794618,0.902474979942709,1.38537407245321,0.439863291587649
1.30825477419333,-0.875006988037363,0.169925299876814,0.534851239625919,0.721018480744798,-0.976840695592153,1.45954676078731,0.012694831197133,1.15322299419715,1.94199960185068
1.95580402533801,-1.22255422779037,-0.134174487721006,-1.43824348782543,-1.33242389565083,-1.34596349424792,0.973908382820403,-1.0832078414641,-0.879680123820623,-1.18513473692825
-0.140271077347975,-0.416475942666089,3.003371629729,-0.653280257322706,0.72153772002152,1.60226781890024,0.284331160723925,-2.66716760194938,-0.0134580466494297,1.27069839453727
-1.06517331010931,-0.00897279332755823,-0.172894374715479,-0.570059224422624,-2.08326642524014,0.58793218232773,-0.355331115930524,0.514172284279338,0.271357519997712,0.484100653150648
-2.97525817896165,-0.337195861216841,0.771707470372611,0.677016655662219,-0.857228356849155,1.0059659447325,0.317383811250788,-0.905699516598512,-0.665307741995826,-0.574207548143605
-0.57011855412199,-0.501414606998394,-0.790173987987762,0.778370724768578,2.16388123004812,-1.07244560370884,0.693324908268898,1.59832459678848,-0.374784354275359,-0.18636694593858
2.45993985414395,0.602119848572029,-0.055446841952336,-0.491982535692502,-2.18781187856389,-0.204219550175358,-1.74401212008021,-0.185210853699597,-0.382826016059145,0.595767132907529
-0.138987116578667,-0.374814526501162,0.642461464563636,0.703022067868766,0.051697745686712,-0.646826765335661,0.578791682657721,-0.58439849371392,0.719952825128195,1.02181206765706
1.29839306799752,-1.58665872464871,-0.875197364111871,0.998609938553264,-0.431820400753358,0.570791608678212,0.581092869614668,-1.30964276343469,-1.42757000334967,1.25352479030027
0.819773727879597,-0.255453147383246,0.888353173645085,-0.42697095472648,-0.316119593170052,-0.638552377296247,0.507746144024839,0.453405737019567,1.49003796037047,0.604329182037732
0.125479790958565,-0.555351906640239,0.457787385409505,0.260435761432354,0.883630454114138,0.304687680203348,-0.300934722736358,-0.721009536291872,-0.726092762907516,-0.146565906867862
0.958906615795943,0.452166511217652,-0.105532736108998,1.01159352357864,0.503065235495205,0.0600091973307358,0.453425351552472,0.146852435690623,0.398116732333689,1.24124965706587
0.873561653475511,0.797744091370803,-0.935219323889813,-0.0229683169426368,1.27575594120415,-0.0379240504498613,1.24110160664485,-1.1154199239091,-0.503338577518841,1.12946831220713
0.64480815715191,0.885783171787892,-0.56872930283116,-0.00955077120414502,1.35960131606891,0.999659896356533,0.386001408705406,1.96209739800723,0.409131640347266,-1.16047553552044
0.985222447978133,-0.608633476210029,0.820406157620352,0.847029819575824,1.53383088432395,-0.0639388468145308,-0.439638260292696,1.20659028227174,1.30825445027663,-0.078981273390424
-0.539711361522006,-0.186171222563063,1.31213401970096,1.23965358776772,0.562595934324338,0.41483233734148,2.33627243985233,0.216084065847502,1.03439057451434,0.509985423199966
0.886814973800888,0.426902951709541,0.407368044432686,-0.392000579386528,-0.287496613826445,0.997873842443963,0.322164477246499,0.640581306136303,0.150189085330569,0.968552861927094
0.175736985407852,1.32991322948612,0.0876813037638371,-0.17685697213262,-0.989441598272727,1.78376054626213,0.123878120400681,-0.499975642795787,-0.286193147243948,-0.948077871709804
0.898209777489149,0.607269730574327,-1.2691121045287,0.727393363048208,-0.475366497367248,0.116229743602809,0.448761490459562,1.62652745429453,-0.274359822682443,0.460590224697947
-0.212818600083378,0.620727260311255,0.492715118093598,0.426934951446791,0.367086576510375,-1.33785394654608,0.22103955811907,0.323772040678705,-1.32366782602437,1.4388899172717
1.06801181878447,-0.805513056306591,1.66367771330381,-0.994109670271061,-1.24395490306648,1.64796331055451,-1.21590038494301,-0.682667115345507,0.0981637934881828,3.05449881508794
-0.583992495976726,0.220914268425556,-1.07033615754631,1.15985683274865,0.218758891921344,-0.57412263389947,-1.44358834567251,0.955180345992406,-1.3768982233739,-1.05082565938948
0.925529520050133,-1.77351113718811,-1.6744496152572,-1.65387122546088,0.076868605213492,0.138342475231132,-0.201129752654445,-0.351289259013554,0.24790435616541,-0.0478838061030102
0.818252231420087,1.06258021210234,-1.43517038802849,0.568107719360055,0.329469386022101,-1.9544183896612,-0.656931305146653,0.971150905277597,-0.912765405438032,-1.49897761495144
-0.951160251505153,-0.250812295830194,-1.17961805895477,0.027023511259716,-0.471578935847514,0.599380308434826,0.700108876717464,0.916282787848811,-1.087444664876,0.404186378951431
0.397116892549406,-0.783824208351767,0.594427869391793,0.511783541930389,0.0183142660824531,-1.16999676846892,0.179651255334896,-0.334082907881415,-1.69185608601178,-1.66668617601274
-0.454103920542692,-0.586922388285971,0.46377748400328,0.17769051442346,-1.40929957303285,1.97029252352212,0.082128424739121,0.925570681333214,-0.0519900219489717,1.73271750334567
-1.00504299741922,1.71847706448706,-1.72863757363067,-0.913918284668569,-1.45523996537257,-0.951876817973487,0.905988516171787,0.335154801072119,1.58423430732409,0.685664688849515
-1.07577527630996,-0.126800540841505,0.837405626249843,0.212645544010396,-0.988904587274372,-0.755480798087619,0.277798066808405,-0.276997330914128,0.386793584399705,-0.429124300350405
-0.194076911582794,-1.09082835314698,-1.05635798757587,-0.594139880829425,1.23140056548733,0.156143211107879,-0.00754134864962518,-1.41855004772812,-0.328189013021044,-0.379606502783562
0.306758488448082,0.863044340674093,0.779036696826459,0.685608009120852,0.256204919953937,0.863048254307929,-1.03870985561103,-1.68561606543601,0.169838686261168,-1.14123642479055
0.341022112176491,-0.635078285161969,1.45428295237512,-0.0573966915972399,-1.3061045774161,0.33869527526804,0.115757179746783,-0.0551484078189494,1.46957525496716,0.303965402829756
0.313870982785871,-0.47771225784748,-1.43667159490619,0.490550372692445,-0.743606372848679,-0.184821716625854,0.128177595568576,0.473216444907534,-0.033176235760019,0.504675485000583
-0.405612339458683,0.662064429853124,0.395173862020165,-0.983851490742297,-1.03072110824833,0.620794046589703,0.751655896704957,-0.306730260625013,1.01330350829689,-0.154874350116426
0.901829233143725,-1.35208185268143,-0.632835747273622,1.14108535616047,0.596728506676986,-0.535118062721116,0.303550968230731,-1.0539663872518,-1.51514116010548,1.21578105671023
-0.601654579555964,0.398863855366788,0.448227706784182,-1.46524836992036,-0.0989220751730921,0.636553323340592,0.561524174340939,0.718277346574095,0.345934778560393,0.907813769267209
-0.577367852157964,-0.441298917509208,0.720764780352143,0.502143674857561,-0.155744018433149,-1.67811913304501,0.379943032727565,1.44025762622527,0.114015123033112,1.56722335971835
1.83619619164942,-0.379444581511961,0.0612491647799286,1.25774924984906,1.60407628311633,-2.24261776151458,1.06998648969132,-0.610652597898244,0.274130456778247,-0.731813184420096
2.06683512387001,-1.12418011863733,0.648316225245635,0.320903980325604,-0.0550085047115433,-1.79208695282018,-0.770491915218973,-1.48427654213829,-0.24361023856304,0.85693933201571
-0.352354765956463,-0.595419274384053,-0.0845890069147442,-0.4133940892614,-0.464429142276719,0.745411630953367,-0.752191194292049,-0.392373181058868,-0.511216981937352,0.242583733162919
0.517399563102544,2.29871849851285,0.103120892353995,-1.24057128651187,-1.19849517402164,-0.394192563329295,-0.014768975209927,1.13192689089266,0.168397436650359,-0.516020188878213
-0.810589973702531,-0.107510554078317,-1.25219152133216,1.48145691048877,0.26375304976494,-1.77762136238185,0.289580983142629,-2.24623175418752,-1.79127122380378,-0.575912166455874
-0.109304519327412,1.39140020575922,-0.799921615601215,0.675651621903593,-2.0207252935914,0.621166293746754,0.702024973078501,-0.496950660757147,0.31081703462516,-0.693604732952655
-0.662109446903927,0.104225557350514,-1.35256381299535,-0.992318036619796,1.36623703244802,-0.706448755131994,-0.0420382213020798,0.267610220391963,0.491435822439506,-0.410587050181262
0.845832607329773,-0.6236106890254,-3.14398113409997,0.307095029310614,2.1800006029907,-0.760493220875454,0.688834739888755,-1.53880898924762,-0.546093902150012,1.13636860871848
-0.68644880103252,-0.896862972714973,1.05208806551793,0.507806722943216,0.295894474826832,-1.81293156178792,0.282245096832452,1.11262545242486,-0.475553146494361,0.400813798679293
-0.972670230254403,0.275549866231956,0.552964189449183,1.26989526766349,-0.16055418776269,1.39046213124622,-1.06094663346435,0.303358515083901,0.0877221942341186,-0.360041078946765
0.760009225459294,1.38502917096833,0.237164856606627,0.0767904684777484,0.0322279065714351,0.760163585958468,-1.86826564203459,-1.07675049811099,1.07498205887722,0.540544902481838
-1.16068962195076,-0.653958897457549,-1.37053215355908,-0.356929180798017,-0.626637785599372,0.603456185376086,0.0918575134368312,0.381662934158749,1.0351231541198,0.503102849573207
-0.57643830763641,0.556000148814289,-0.259641207930137,0.266663306750209,0.550512592763984,-0.188551115835232,0.952630453424008,-0.0454709589562369,-0.195064600145804,-1.02917083579823
0.842740767886212,-0.733484836171708,1.18260607946345,-0.902715542453712,-0.481940496623933,0.606955174183547,-0.154504996822648,2.37828768854445,-0.174421607229404,-0.0495592174346489
0.949453672006678,0.680631890407013,-1.3423547164162,-0.246303742103944,0.473009223880155,0.00499443472657925,-0.58547820698721,0.485908410303799,1.69713430312853,-2.03295370376449
0.204930115962836,-0.822517323745545,0.73141196526916,-0.130080135480546,-1.75897330742037,0.393401844213859,0.768079880051044,0.0485635977619049,-1.58492738365204,-0.559360585793777
1.1367826568391,-0.060703042458067,-0.629714150718134,-0.793177300630695,1.93467333800883,1.8193996484051,0.673807716124927,-0.544041542890371,-1.0323328710241,0.7125012009462
1.25125553377241,-0.768291957013507,0.789175446774695,0.316789728489731,0.428909432720904,-0.146910827394686,-0.0511913804444624,1.69525276036234,0.624161630809145,0.652900655025818
-2.18695605305592,-0.833498643546223,2.48848988177966,0.371451344805369,0.813601868255744,-0.330394549616368,-0.670918347511074,0.0550188411138995,-1.08260100870527,1.46362880457854
1.06694488223281,-0.295178494300852,-0.471692455616888,1.03409276850582,0.205311582364367,-0.258583640283456,0.0719413684212474,-1.02431669090211,1.41544338526951,-1.12285066552235
0.690920758133593,0.73294981813148,0.853715680118217,-1.26409616628183,0.129113538349021,0.283288175083325,-0.871693904402202,2.02049607076347,0.111682244758755,0.124513324765499
1.0543515674039,-0.952359394649152,0.651732618772187,-0.0197896676612515,0.136548086475763,0.967162533104081,0.200715803449635,1.10817678157712,-0.590059758937707,-0.169008278082286
-2.81209359379254,0.054658501888209,0.803815519489715,1.23909852637,-0.514854482103154,-0.268419871794403,0.00855552559011913,-1.12454550889865,0.28134867276115,-0.765019203692509
-0.808646629942314,1.99665681026655,0.18746968757705,-1.35995618910513,-0.669432863519124,2.19315737841592,0.914322569371047,0.31824125367955,1.18601382179111,-0.524285257286279
-1.53608490836845,-0.00928063016189688,2.29745907522089,-1.77675721097023,-0.00253134197639022,-1.27673640740306,1.19196196439037,-0.089068217712864,-0.648823300731114,0.3827257736982
0.817329019152084,0.00025733775076089,1.39459359999195,-1.79894882906195,-0.312944424555877,1.1259092457218,1.21770779874145,0.869246892665933,-0.808485962547585,-0.090455894776517
0.229196139559247,2.12637331338847,-1.5390817908377,-1.4991721072061,-0.188469312797495,0.821786430069192,-0.0177540008496913,0.160277271964026,1.74202716339728,-1.02924139999638
0.447793906554158,-0.710100857592538,-0.787286417027127,0.00313321499329796,-0.670602222515228,2.26311562313185,-1.26012436812223,0.831652238193455,-1.83441424688047,1.82807892792902
-0.47121000758155,1.85763858205686,-1.0647752480851,-1.07531771697538,0.0783922194924477,0.124710798700885,0.207299659553831,-0.634105276037112,0.742840324586887,0.291583502993586
-0.0223578113350617,-1.33807715036452,1.1187510656783,-0.613966801248312,-0.196213687835216,-0.561912084146101,0.0621306421000454,1.20757884758524,0.0670403600114869,0.146768186518339
-0.461201446789408,-1.6178199862061,-0.568992127381075,0.866750753839801,0.504401968745104,0.966216442166939,-0.592354248130395,-0.119589876918553,0.108537678957616,-0.0385749099226872
-1.73425290418192,2.22528211223118,-1.47713201564988,-0.70459716106463,-0.0591016242144867,-1.04521561626096,-0.617072362647951,0.500851742086606,-1.00320904882371,-0.0225900272159343
-1.08789682790551,0.475862384911238,1.03457800144515,0.57442910598762,-0.290351384535191,-2.23250523104746,-1.84815268287937,-0.273735269667332,-0.73744161768325,1.00055306604978
-0.0531423835419961,-1.3046702853742,0.100060788186059,1.09999671649341,0.709902345726195,-1.35833249419177,-0.171059506501474,1.75359767195192,1.22993069684897,1.45594156716844
0.912669461410159,-0.703156139116487,0.282532911121947,0.678500888266026,-0.651312328492638,-0.249305689559808,0.429068758201704,-0.4340931269624,-0.918854127411522,-1.93957977702487
0.707514645413931,0.807091325262411,-1.32204044282637,1.22263914361864,-0.372018801654538,0.49426080069159,0.986502353193527,-0.730879145135811,-0.722094672701247,0.0380705788955808
0.0139126194430947,1.47637876341915,-0.448005947926002,-1.59151305513402,0.376401615784716,-0.521879734338781,-0.166741387297128,1.28712497372067,0.405349197457696,-1.62332531687363
0.0657554174729479,0.326958176290053,0.720264367694003,0.730250051520408,-1.14211850010986,0.250853354012369,-0.0322584041372251,0.36021840808556,0.493863817560784,0.329052702988136
0.222531249470673,-0.908832768284768,1.59916462785986,0.640220706062773,-0.193682990567669,0.487824202999123,-0.772789735402399,-0.630723113357956,0.237199423976042,0.855104488096073
1.54686639427001,0.696038702801856,0.044159153666746,0.109373751751207,-1.86040933314847,1.75210255740925,-0.384781540366871,-1.71243331769648,-1.13295806783314,0.000575103630815202
-0.663233489190118,-0.278861014674881,-1.35867562028518,-0.189613610660385,1.21712723441507,-1.09418217641294,0.75032510358736,-0.594640814599021,0.691603615657085,-1.34840202986153
-0.762631659700342,0.225591026118473,0.536325052688193,-1.20698583469716,-0.452802616392658,-0.490446463260317,-0.671827067804995,-0.353668481114667,-0.209502559272264,1.71138792559521
-0.127779504666978,-0.36237096658154,-0.339261436227534,-1.236948846066,-0.671474086580549,-0.447032606984388,-0.0372399206641127,1.95207355997469,1.46443301354607,-1.76752469005811
-0.884005206091513,0.0477801289638556,1.2519830929241,-0.549204758861065,-1.26274080007029,0.522503526510265,-0.259144499200398,-0.729351917712238,-1.32783486633346,-1.28921984180363
-1.177145065678,0.114009178771009,-1.32446847732703,-0.598880526236451,0.294722290158515,1.70389061173679,0.349978689033447,1.16582610859362,1.35090586267556,-1.52268457055626
0.875170566871136,-1.73522592575474,-0.344486337001189,0.30237716144204,-0.364892446572762,-0.116355233930106,-0.721500326604437,1.55386319476625,1.43268906918093,0.84058911649647
0.758150306435134,-1.88264368265871,1.21219972420859,0.458304207730527,0.88483734345349,0.97672374929733,0.486282242896735,0.518189414134496,0.785964256218632,-0.690543560453064
1.74924491832721,-2.15981087702475,1.22533869355103,0.761364803168358,-0.804742925191562,0.899624098154561,-0.377021647989415,0.970226526146168,1.41494637131084,-0.246993694389958
0.989105937411377,-1.28587706109214,2.14307018221685,0.133999151431801,-0.578276169067669,0.17981075421996,0.178500732708642,1.27578603094114,-0.144184196453436,-0.192723944117961
-0.54397929799674,0.26950060966018,2.74539637973381,1.74602939662257,2.56873583444298,0.299060105074734,-2.28035785810235,-0.522741581309158,-0.914085909865199,1.03199678692701
-1.56269554070807,2.59144834615934,-0.0760515261239249,-1.68204150374769,-0.276298791568638,-1.67244970888013,0.0967471032651222,1.00253194059665,-1.87917267659126,-0.0555966868039593
-1.79726093482392,-0.67291094610337,-0.34890884617748,-1.29884426867865,-0.424986694977962,-1.5601920098679,0.66244513624385,1.03148511987735,-0.142982059250624,-0.797567521497765
-0.793652557290804,-1.72218017532758,0.685441093150057,0.589472887066168,1.6759342781029,1.40837392683041,1.90199847804648,1.26286253107075,1.12808772630144,-1.05440640435883
0.215581798711402,0.98917640987572,0.622936331579754,-0.319057910581476,-0.920960105147275,-1.30004111676863,0.269878274452072,0.548278465991726,1.16794158583904,-0.199775341958857
0.864077136126248,-2.33483533871841,0.407638527149853,0.739389178126872,2.04253010575795,1.42246271977117,0.445705812232105,0.588014081116183,-1.06180751849703,1.30602282533118
0.110283941647483,-1.86705833690327,-0.539347304331611,0.603160649401807,-2.59142631753443,-1.32642726251112,-0.656344124478673,0.855349948637928,1.61367693729726,1.03890977247877
0.565574522410031,-2.05728322469838,-0.405659738195254,0.818728761956547,0.176047748213924,1.01367871789269,0.271374730316396,-1.08613398580197,-0.763062078025281,0.775013713269509
-1.18468124898331,-0.269525000708824,0.668200585100647,-0.566333582476424,0.606403152837787,-0.826567911244719,0.823158513902882,-2.24172037836976,0.267527119726988,-1.13829350454812
0.491940488672469,-0.574993192448949,-0.343306004851859,-0.212989055874282,1.26197043039984,1.09162034802736,2.20678292570777,1.16923788194444,-1.41747642314461,-0.583167872162562
-0.628324803432915,0.167394580330576,-0.456382232642532,-0.0428682760993541,0.232003567034591,-0.00449823917055136,-1.01549730029098,-0.536286035764215,-0.494022742766531,-0.685505608540375
1.52781052950179,0.144977203687954,1.17058102961378,-1.7811901575278,1.0284058510272,0.0168859814390741,-0.00892133001645905,-0.195916575045588,-1.17301934882808,0.800163774186711
0.5979293818205,-1.42756090920652,1.65773437206473,0.752095274752249,1.0394546487251,1.51342763116311,1.12793365799208,-1.63754338666908,1.1810539644511,1.92456564363211
-1.04458297637629,0.236371025043923,-1.56181524795582,-0.151623191310439,0.290103697176339,0.196864464307311,0.372990732633651,-1.0523488076381,0.544186417395921,-0.157807164200209
-0.248983756703607,2.36075293747163,-1.02252467001135,-1.19922772320433,0.438737587683652,0.207465460623474,-1.63173885576286,0.816726091280757,0.102473153869287,-1.58823962457871
-0.00471522912283928,-1.26981586500512,0.824814816596316,2.40383316179043,-0.45259843598206,1.73609748155075,1.52106593096821,-1.67520209198191,1.06177991095891,0.212415856497662
2.53363792761509,-0.0399694649736508,-0.0781339536198793,-0.201257700771655,-0.879154248685386,0.168385315309036,-0.699522676679502,1.3325956748794,-0.0949204872060258,-0.0460635838109563
0.478703189469223,-1.3926814348777,1.28439417119775,1.67321857650208,0.0785366983204301,-1.92547442130437,-0.852344617871757,1.16032065716892,-1.41963422876711,0.427173660861216
-0.0920480547332413,-0.484269323654266,0.474942150780196,1.55492005465771,0.246591928739854,-0.689366577254839,-1.48588535034962,1.3169897524048,-2.42254115999055,0.356336519850443
2.12132595669839,0.350075327753558,-0.383044208530336,-0.793248463177369,0.221907035254583,0.29385598877994,0.298641073800941,0.293030891408802,-0.167049220590456,0.763661780391635
1.22132886678723,-0.997787817529075,0.621861921675404,-1.06472861320994,0.559846644191639,0.853311343916074,-0.384388893835421,-0.267424956608244,-0.889076798553426,0.29040754806326
0.272736634502958,-0.266267799429444,0.909792912039665,1.64112654160478,0.418606131702305,1.72231552838857,-0.925648413695347,-1.11360864169186,-0.231012907813665,-0.753839965882931
0.754771716157719,0.998523868744713,0.04268383253937,1.63906997980042,0.481104270655361,0.788984947494217,-0.679395727312866,-0.182943328438661,-0.654731378755464,1.14524295584109
0.108705663999901,0.0191997272636701,-0.666665238641455,1.29311501967314,0.634114853819106,-2.5072927264281,1.26437482703384,0.569187413895659,1.69441114626858,-0.00681911964029429
0.0332777133836024,-1.31888238066473,0.630536136286261,1.68981120403571,0.393561080085423,1.31717638483394,-0.202033931236355,-1.58914127515229,-1.32113489915026,-1.3035529049618
-1.15475877518179,-0.944995103010387,-0.285387003621052,-0.169433708505324,-0.00912190632817934,0.870931599425389,0.460284539797333,3.39105603904701,1.73510762485816,0.146420279764629
0.113151939800363,-0.406854733757944,-1.49215871558569,0.208187146728902,-0.331934942569597,0.653062585609677,0.298728163126334,1.61205883248389,-1.67912138961282,-2.24190088460359
-0.0578842415001951,-0.223399120541797,-0.344871145570666,-0.900037580147115,1.55153394111431,-1.62247772530413,-1.51169850514353,1.54094744856361,1.03848364435273,-0.241891575508221
-1.08518217389327,-0.766733470214963,-0.448313432346339,-0.181065313218652,0.924715505457167,1.25707097314018,0.977806388717179,0.0215080009439395,-0.226711312274426,-0.78813653189893
-0.947911280544061,-0.286330045019014,-0.984838801955197,0.443657449205299,0.267218539847187,-0.357362914648357,-1.30138478830775,-0.467472458243506,0.460508240249904,-0.0165067172442151
0.27075138388027,0.805996468428377,0.384330268825015,1.26975339769442,-0.408252372545543,-0.076707844533458,-1.44886780933442,-0.275352723904046,0.902409784319945,0.143792425681811
0.562517723115121,-1.38591247379579,0.702343882526573,1.11797172667802,1.73794036555205,-1.09958557323966,-1.3423423207495,-1.67923927848304,0.434252540531486,2.092073028026
0.798737892628572,-1.39755222634796,2.54624655181908,1.22394630443881,3.07027481042204,1.44876578861036,-0.296569121874003,-1.07402060267179,0.0842330928529673,0.330700454680032
0.110714914118527,1.02892606034022,0.913401375612095,-0.5687709307362,-0.865113453482604,-0.319266677296771,-0.104985762407175,0.347664496386328,-0.354999975416171,-0.0625000125273083
1.46701961769949,2.45526537681202,-0.29344345282661,0.29432799085186,-0.803412369314961,-1.17382171542512,-0.813168499561053,-0.119671490681501,-1.20445948270988,0.75982436725554
-0.758849796019266,0.504742147936845,-0.207350090312924,-1.08168566110907,-1.57420691957349,1.32182341614702,-0.385618890465821,0.93510468593599,0.182664200607155,-0.994171806036149
-0.838355586380653,2.87651145476822,-2.92464137349991,-1.20661004377724,-0.825821278249113,1.77487304656002,-0.714910766175104,1.27774547157661,1.33480526687879,0.0947297105563677
-0.611719079912302,-2.09669080679622,0.082157035698437,0.972707777202899,-0.244689228434307,-0.612046187180493,0.373494183564274,-0.144612912050204,-0.760194834277892,-0.387583687920917
0.339906579724796,0.723395823567468,0.627894775864469,0.23297555320397,0.311358611306775,2.24033489329489,-0.93569823921018,-0.783211492623706,0.750455461480212,0.661536956570003
1.83737378301642,1.02878925125168,-0.146798030126502,0.465908449362115,0.867685178506499,2.17547160183269,0.996684282699022,-0.169088424135564,1.16809520765489,-0.28129437510518
0.192217860383486,0.600709355581166,0.895065738856837,0.313976212466821,-0.0416158803931962,0.297885611576254,-0.585464410667407,-0.810099283146382,0.468021056792372,-0.0413878932369303
-0.604051113160641,-1.86175420682516,0.455119220895641,-1.30915208315799,-0.86538489353095,1.21507002276292,1.14716799483017,-0.619996506754998,0.790333958132628,-1.31362117419556
0.0739410176975411,0.883933839049019,-0.626654569096558,-0.154312316279303,0.81354490182849,-0.86282974634722,-1.77319426089219,-0.765257129525807,-0.400910780730022,0.636864978231368
-0.0757566452975547,-0.139086238240984,-1.35682944695881,-0.835468297835581,0.953261453588007,-0.570848542919588,-0.377817678923365,2.24339645528795,-0.129059673238918,-0.393971396049184
0.462057081574216,1.16060567590199,-1.03631693871507,-0.508821911697663,-0.922762379650562,-2.86087986697778,0.434287883973729,-0.769333215817171,0.250916729238768,0.307786088423314
-1.49068800334733,1.57696491976806,-0.0447449742957937,-0.128088796678901,0.162051971781098,-0.9079396719065,-2.13945617824754,0.363015169761554,-0.922695235322527,2.05286845597191
-1.8672626391635,-1.34291707265672,0.93920529094809,0.0755244407596492,0.932368661892666,0.200890632135609,0.684006397544485,-0.513732215335046,-1.27858498550299,1.30317379079746
-0.903643249821812,1.84259572310049,2.22793499579015,-1.9527504146515,0.0289826404398085,1.28509070113836,-0.71078449364444,0.688909565986853,0.252106332051309,0.332976908041326
-0.0860589262259093,-0.646442836385889,2.21824824357554,1.22604195851361,-0.235990810202539,-0.685557613059005,-0.114930292748087,0.484435918108495,1.59490568255327,0.129979680582191
0.248505192558608,0.378767319539041,0.238794750351144,-0.431382460392525,-1.4241074295924,0.366634872544561,0.00887997710986958,1.73347687646635,0.363224986465405,-0.88672950100362
0.322147937049144,-0.228594132640233,-1.15686278501405,-1.04290835624982,0.76156204544749,-0.0843565427468234,-0.367085748659865,0.395907198047148,0.00510922261095223,-0.0253179022084135
0.405258391269542,0.0653837547792088,-1.49936642062232,0.411974234078894,-1.16409672444357,-0.0854498624255921,1.24920253247547,-1.44278745935421,0.716429999010046,-1.49667249489934
-0.118219228566345,-1.64998325618245,-0.895521468672828,-0.18842474586037,1.74184811178033,-0.293428293958243,-2.44446573843416,-0.882567603450433,0.987431503947469,0.236950476484778
2.08254239505075,0.748178241205754,0.716443764999034,-0.911431604711978,0.89204311056042,0.972584396081455,0.215280045905855,0.719157148406234,1.29888776795176,-0.722294568076372
-1.44802644843349,1.22775601474944,0.565997685576103,-1.84666469743335,0.175035319377043,-0.728107173630215,-0.659770875331266,0.629106968372037,2.28669837426249,1.4621357544787
-1.12557457531799,2.79863846294981,-0.233265156525093,-2.35027177889696,0.841494380486331,0.0790092800097141,-1.1550670887681,0.432257905609886,0.783726858842295,1.04150086222973
1.13191064823843,-1.5094758480116,2.63436161488379,0.0984006364146131,-0.837267208337634,0.745139316502024,-0.69608531737247,-0.282634244604116,-0.88448819914615,2.79992422498675
-1.20769602533981,2.33335873125752,-1.1227162656115,0.249688570111694,-1.86012272876372,-1.11713587876061,-0.157382284302864,-0.693455054634026,3.18133561419445,0.120578920577495
-0.367841073261667,-1.10398653762889,0.734082282092696,-0.082745931351425,-1.85844625020117,-0.609074495395124,-0.998684416907683,-0.181333269362585,0.410242828154978,1.80953739943549
0.820100465341945,-1.34903015439042,0.970634172591131,-1.63879102426301,-1.81037261762963,0.790679296078929,0.715061229830803,-0.778104595719925,0.813188682058459,1.05973841954709
-1.24403588899354,-0.479784104215639,0.217160511240742,0.419166340866827,-2.4854805716645,2.00823546120832,1.78141911250816,0.039371334435064,-1.95017494830059,0.608864824866518
-2.14144686990017,1.23507001713919,-0.323582466761498,0.463109798711665,-0.301702747871463,0.613784378195139,-0.254111354941055,-0.391079409222433,0.21715386970676,-0.511225156564224
-0.00514734841632573,-1.02253006577194,-0.0828389521576047,2.07693089457157,1.4013970394344,0.346453846364811,-0.914907772377435,-0.0729359617998601,1.11575994919267,1.21786033837703
1.14999670509753,1.0158028136141,-0.122354025905931,0.945691043431901,-0.0542424488718578,1.51842489143081,0.536505627603852,0.667546422267688,-0.184246505830663,0.981045138124271
-0.975903420184126,0.841659549371663,0.0205648671207564,-0.0975566839935021,-2.04477206087833,-1.04688400498523,1.07135255330371,0.922106951673723,0.876697914957887,1.71965803901971
-0.884188427177597,0.312822717630555,-0.132983067293636,-0.224169733843501,0.352881965319135,-0.0390525992421982,1.68621466542894,-0.399636855842458,1.5799875095808,0.647658878496106
-0.65660327722865,0.434412350944477,0.522601900217248,0.575474402149727,-0.215603412443277,1.24110241089983,-0.483518286719711,-1.77177271963205,-2.43028589490919,1.1700773758352
-0.89153875874643,0.777787575837156,1.05537460867813,0.19662239414893,0.00900069153527426,-1.62317606748007,-2.1307106870575,1.78750754472714,-1.39862428395392,-0.0721152118555767
0.0600789433096626,1.27556013006739,1.33709852725762,1.11090015826279,-1.83989435406812,-1.8432242264579,-0.922870219462403,-0.0906883980684383,1.43863791336674,0.148536758162019
-0.264007516379066,-0.636621796253522,-0.808680839936796,-0.264599485076162,-1.074295470421,0.223509208427238,-1.301162097681,0.786087541847083,0.956497960556966,-0.628106296781636
0.158920960043848,-1.55168423413808,-0.289691153385986,1.12125184931928,0.950311126295456,-0.86127059212063,1.09727505735819,0.115729769086466,-0.424138180264032,-1.94629727843424
-1.59505880551011,2.1213264971109,0.205324555639812,-1.60968143635257,1.4347874267147,-0.204283109731008,-1.10622252836484,0.512371769902527,-0.0480426178476454,0.471252940369976
1.07996793247984,0.834105502626358,0.676057230771344,1.04401061717671,1.89863617843553,1.0792663962442,-1.23345175854373,1.34495564218127,2.51791710206469,-1.47600299103869
0.389085213474981,0.92721412000493,-0.673175897551229,1.68647071214561,-1.23052788094672,-0.863625418815022,0.396417718247011,0.642234725719802,-0.187667443636063,-0.0806918799450493
-0.384118445836419,1.49261292952069,-2.22997672863147,-1.36622252122758,0.722974560040128,-0.803636610292118,1.04913038642919,-0.421047950417568,0.0670681383711874,0.128922092424131
-1.60928246057048,-0.848003055706497,0.670962397317171,-0.358153876587213,-0.248676750167856,0.736905801930591,0.635214008559349,-0.612078292834973,0.39030475472702,1.11757254657011
-0.423260990384068,-1.59444452168602,0.526143755703466,-1.11563166260091,0.0908951479744984,-0.920845302182809,-0.371121337094824,0.691136812656578,-0.80571783043727,-0.415480890548586
-0.297751587071327,-0.664283249706367,1.34283522016036,0.137449631704614,4.45276061011847e-05,-0.515343022901685,0.952014613884128,-1.86441505347859,0.195580024854131,-0.0789570000133542
-0.81402603528911,0.688868975501984,1.33365303059866,-0.33210382586364,-0.366993943921497,-0.806527253711205,0.162133267028667,1.31851109413606,1.03050299041969,0.877658688672656
0.165783416230894,0.108074965202719,-0.936590532223473,-0.81483053177373,0.434767573273751,0.286572327164077,0.0895387466542393,0.662930147030013,0.410949758841829,-0.329133218388537
0.038779838932433,1.55467964030305,0.258750111648921,0.358698813293134,-1.09379433318467,-1.254583445271,-0.51053853786547,-0.0109557596886317,-0.40919797764635,-0.365987569924779
-1.14817520637213,-0.527946718532735,0.296655774126038,-0.616188366521967,0.0459255929835649,-1.60580415634795,1.00162571596353,-0.108596730347175,-1.13940116126726,-1.00752814738376
-0.863562585776245,-0.364379062713775,0.613449994267525,0.127107351741868,-0.0174604366108486,1.09943217610672,-1.92568474156488,0.235946028154732,0.114453654296098,-0.328068212560913
-0.626409808005177,-0.065505143907255,1.67640654418279,0.759350788391849,0.690419837789656,0.163265731703469,-1.05954142892237,-1.90409548974606,1.58064545046323,0.967782899153356
-0.602893600700848,0.0736771602818355,-0.0202311781304195,0.26020102828481,0.388128458714595,-1.03065621125497,0.102991850374907,-0.935632276526709,0.848383331226775,-1.11491839699061
-0.28648912587285,0.0730936214184957,1.11234858045247,0.0227494181846262,0.114146175884877,-0.385358016081753,0.735525150518217,-0.350300180944814,0.0706807016847168,-0.376639049575079
-0.199764890379456,0.3138887983342,-0.683039994310926,-3.06326219474333,1.24951422999545,-0.0555935184620534,-0.73743590255432,0.060512667685109,0.756971518427667,-0.268565505849847
1.71892024415838,0.515632470105315,-0.198927625430998,-0.316100790626833,0.666119788396413,0.247288001779493,0.116254189226963,-0.872113727720808,0.977258479974128,0.494619346555909
1.04389318238013,0.204751626040246,1.64233481788274,0.406192432587644,-1.6811219829135,-0.0493956232796568,0.898571818000584,0.809030476707538,0.560830957739612,0.672461803997477
-0.290787060503855,1.09841885074662,0.628562500127156,0.66456858788715,-0.38917727914468,-1.20487794890854,-0.586122671676275,0.691734202647068,-0.293243170046892,-0.624416847594122
-0.317645903003345,-0.055937065706469,-0.850002836066274,-0.503568589993573,-0.621345847477305,-0.212393146499708,1.49449385189931,0.514410166695376,-0.17215033887166,-1.32090104845823
-0.30400510394077,-1.15548513564651,0.275277912358913,2.18891201424672,1.13841547826793,-0.498542157352812,0.0322171471701975,-0.104375972208866,1.32487727582128,-0.777447405515223
0.311569405632009,0.979725084798444,0.36496870942218,1.16728106053148,-0.0162992051468185,-0.734992419343397,-1.28110398658235,-1.07949851688792,-0.0056400240122897,-0.225544594933789
1.75220860796724,-0.443298560860721,0.287088907071741,1.77493433320211,-0.988328537534171,0.362624731077961,-0.871208601138067,-0.318352272864065,-1.13396881945747,-0.597868192262172
2.60112321837961,-0.401097441946835,0.628111758032074,-1.84735979696142,-0.298265642563765,0.0715380422478273,-0.694890887995725,1.12530487746603,-0.65222938650127,0.843747758764179
1.43422916255687,-1.29777992166415,1.74328379257576,0.595353561349721,-1.75760681767822,1.31678871089704,2.1343507269834,0.53193094165606,1.05313567866265,0.44429670338836
1.27128005816694,-0.451442867432454,1.83029178489554,-0.111823050302586,-1.31748065415116,-0.03961084611121,-1.38342402094866,1.94430441762301,1.67656127817654,0.101839578878601
2.11720062642092,-0.115788326545669,-0.99975798431797,-0.149972436173118,-0.512976544370126,-0.863920594343658,0.690039096971605,0.533507893058909,1.29209880432176,0.0505220465474603
2.37955938699429,0.508445984357392,-1.15107246529078,-0.155026927802055,-0.416619844116345,0.962092359471882,-0.277162233080956,0.35823469146135,1.47729538278412,-0.832107587999058
0.810507379136785,-1.23091031657619,-0.342725788010717,0.248113843494803,-1.66023184491097,0.172940606227855,0.0324840239872467,-0.988534719158097,-0.39287125861951,0.757403123187315
0.397532188511002,-0.100990125583785,1.28896871817584,-0.270022884175203,1.48671116734874,-0.950597784731658,-0.0692973559919817,0.346978342307675,0.956584159318101,1.5885658057439
0.695839947775049,-1.5488914389091,0.00645856125291371,0.0249225122648394,-0.767037249732747,0.449504697809679,0.122614035365428,-0.195423140160138,0.476375039952493,-0.692175172549328
0.00843547089659891,0.321943547837347,0.299355193939457,1.07005687444259,0.0848036671596024,-2.20723889553948,-0.585238875281151,-0.082428158754155,-0.541518810420971,-0.38009735295527
-0.722057902646068,0.394884408860083,-0.0626418942088112,1.08753333104697,1.34562647884423,1.85186124171889,-0.886673374080882,0.769975443151275,-0.725317102245294,-0.873853378049295
0.114137875192121,0.378212267572232,-1.65419793946228,1.84589808885699,-2.61621959723273,1.04596750826889,0.0354566825112817,-0.239061668519716,1.14515675815079,0.348768926559393
-0.314582263029767,0.111582228729319,0.391285422071804,-0.535625340289559,-1.12505163254088,-0.696094412108594,-1.04455340630645,-0.0401916480694498,0.857455259221733,0.597718628160709
-1.41463156721649,-0.874030189657768,0.442091059067717,0.0825767549237195,0.677702083373023,1.66807804676557,0.677819640825599,-0.116611909276752,0.0424248129111798,1.35003919125704
-1.2858850511803,-0.767293009907857,0.763512684443907,-1.88479051237009,0.890201461718156,0.763519160258819,-1.01349799353103,0.189023086109253,-1.84606894750761,1.32215332093338
-1.08164749761696,-0.538383626299744,0.502027029621522,0.121870705945915,-0.183803598735901,-1.11136508275444,1.07253354544777,-0.391602881599906,-1.53235533066513,-0.895727815002818
0.60242672790123,-1.52779838796919,2.02157997243239,-0.894682566294916,-0.478809963668703,-0.168135779242242,0.66976366743843,0.111136357136443,-0.156151341173517,1.74680253969406
2.20405405634337,0.375858693390103,-2.51521928703884,0.0546518111023571,0.897912377749045,-0.191568539430291,0.25751126882243,1.37763394182321,-0.0559603043923208,-0.2941121660083
-0.518480162668063,1.91676660060606,1.97624044392628,0.108287911674984,-1.11175379248913,-0.0885684271134069,-0.600713701721327,2.84696672274097,-0.743324148923373,-1.56721620777255
1.48837350337019,-0.385048620811231,0.203389921019518,-0.3002272653079,0.847844677685562,-0.128196883416839,-1.28227424606119,0.243457366185913,-2.03007243046822,1.13705072138012
0.840591466774296,0.176413867261173,0.728735949678744,0.278764301035149,-1.11845084104903,-0.991812557118474,1.64352382074099,0.627624062259531,-0.332705529534507,1.20026099198475
0.813128007657,-1.29976669166845,0.717134657979958,0.763240794663744,-1.28001028852919,0.680783271232039,0.579219350095874,0.185651940451453,0.0780497319737729,0.669214151837463
-0.0369773267281791,0.234322831664263,-0.726947620192661,0.00964084335194211,0.144404674493697,0.0553825276093126,0.74708272197564,-0.648469782229968,-1.50184144949574,0.504823969503415
0.812361276880479,1.2558945721118,0.294471730417063,0.256309044840163,-1.05143289097617,0.0158521364033389,-0.066425827829791,-0.816702923370342,0.151486282943873,0.394235885890466
0.278417869252262,1.16540340727923,-0.29470625500427,-0.50348036749235,-0.78295819502862,-0.403260511930709,-0.355508179443171,0.999919469522611,0.312525518067801,-0.0530126637181378
-0.648618284041015,0.339350059517537,0.0764641078288015,0.00378144137817837,0.811912192287456,0.118036655513515,-0.0250056249592088,-0.92474667993591,-1.02611552705032,-0.0844178682849709
-0.779377522506326,0.566903114045796,0.888291460546304,0.610698126064712,-0.956649466926982,-0.147245959826463,0.667863059989723,-0.698628610775546,2.86078721329868,-0.581291540968091
0.974845181945366,-1.41728388831167,-1.33384720950554,1.26889358199484,-1.74853003973412,1.06004802382785,-3.63564048781193,-0.412662587279131,0.314244321885732,0.418618939895913
-0.451427496714395,1.97218907777858,-2.07338652942295,-0.436195567343799,-1.38206674749349,-0.767396432086834,1.26519929773058,0.388211038694919,0.265415388687281,2.51073233370741
1.93185946061189,1.31297573383243,-1.43804087210392,1.72728039080403,-0.722212696310755,0.0199439695539717,-0.299521785175836,-1.63836038614999,-1.42698951351056,0.186004147280383
-1.04859151932766,0.180032812489413,0.307925030354711,-0.528295104454305,1.44745211524341,-0.692012196353668,0.928200874555291,1.48745784206424,0.239234046192069,0.340731345293356
1.04545546545723,0.881645684177328,-0.489813023221487,0.0368785718357002,0.168143314353507,0.988688852855256,0.57722602771977,-0.302040533476408,0.725983161823394,-0.550667501601977
-0.915723562026596,-1.56085101469967,0.665228473617068,0.889115679265084,-0.291988870527487,-1.26348688015459,-0.676237196066974,-1.47454911658031,0.678556870636785,0.123899123758586
-0.00377376899261564,-0.417455322459327,-2.54978399549895,-0.509305804491624,0.342609725113686,-0.879026366151066,-0.956975672790158,0.117563950069826,-0.00324378107639614,0.2606597589042
0.00789823186271249,-1.1147276866683,-1.54595922693252,0.932386933867141,-0.256324893651053,0.480160428506426,0.0630362387311742,-0.248998131099277,0.0371145638240226,-0.64506473421999
0.423882746273293,-0.500625289526383,-0.173612766818442,0.192081491987535,1.19339544242111,1.40276342212718,-1.03281156099993,-0.972570011028222,0.00330587216357403,-0.333256052302772
-0.269157306828452,-0.259916985775136,0.201214774159485,0.978010039001581,-0.0826214057375199,-0.43937066437005,0.960259608460018,0.306412850044843,-0.236040359844802,-1.10107219057048
-0.984919680079452,-0.0681820047076319,-0.147747160375558,-1.51408904892881,0.400456967668604,0.0881436807894593,0.693933066590221,2.49719652119603,0.516912994568885,-0.14851276921302
-1.32968669772624,-0.91796291690969,1.47395317604625,0.0279840794813202,0.255499983746731,-1.07069612202938,0.828009100054353,-0.786009359292522,0.245852481541939,0.343908311042559
0.623194013367041,0.317483968596869,-1.29965729169919,0.776226524805047,-0.723192719734407,-1.90590131792742,-0.762482440297383,-1.64487392825735,-0.185238415254015,1.62829386073167
2.26240120626768,2.81173336299651,0.416104280375344,0.14061716981907,-0.12566058191085,0.776405375016424,-0.875961318927608,0.347716879023666,-1.07803272436913,-1.34637646738167
1.53803131629922,-0.0142657356755544,-0.00416226665021771,0.64147410085902,-0.0362255025265365,-0.0538807632379294,-0.774517938774386,-0.650333910870827,0.465725388694242,-0.174359193120455
1.10117578453236,0.140753501014606,2.68659638292038,-1.15955015874644,0.200416025741067,1.15584128652105,-1.61467501459816,-1.66125010429802,1.35603461522958,0.78853602509189
-1.08822237642372,0.629876052564765,-0.327106984905709,-1.06483062778651,0.95717887333224,1.61196008212792,-0.506166288888585,1.72901083115491,1.09966181564766,-0.696004758691859
-0.522734179707003,-0.141172044243614,-0.660304260493542,1.43990016668252,0.55313029310891,0.882741748734144,0.944775141828948,0.415509857930169,-0.402782541364451,-0.953737372682665
0.153641275095129,1.5065287867536,1.10335957605482,0.411736196338093,-0.635887523822085,-0.521244426860072,0.40664952777589,1.5204825228352,0.36605566282851,0.762538075201609
0.459583219138124,-1.52250885584742,-0.59149914406548,-0.594399772159184,1.62044909798836,-0.0512285055161137,1.70411607473735,-0.263640539575193,0.502321559083076,1.07626194914293
0.521282735859727,-0.773986830060008,-2.20704777571478,-0.157159985168399,0.769105316091853,0.112954151886423,-0.902885228813215,0.0425514201162076,-1.89608208408855,-2.43652567629323
1.32079032351414,0.508144219348619,-0.280480462247601,-1.24826508080123,-1.25503226727645,0.0379827858190752,1.26127419067911,0.805958432118817,-0.986800155876772,-1.23516171684264
-0.737262727946506,0.517268786618014,0.295773733272559,0.505137120220281,-0.610180683966998,0.518650544927552,-1.58650054300888,-0.283683157386016,0.541410523262806,1.07586837941715
-0.93016501879612,1.76787378938013,-0.472888792433472,0.601662397274654,-0.377066669952732,0.733402065697234,-0.34048054061289,0.744224308719416,-0.650384565616266,-0.116061514451905
1.6964189346209,0.504339166753636,-1.09580442098145,1.57209593131728,0.244182659550399,-1.66896694579001,0.404798305874877,0.508116238494235,-0.107439227550188,-0.178250397008065
1.17350211062258,-1.39684057493224,0.236693594664205,-0.457809309007633,-0.531080996605404,0.495434642818155,0.313137420245189,-0.663154905460784,0.684700107798873,1.282613705592
-0.0693557325014966,0.709572492888891,0.432394668124256,-0.513687041092894,0.654719694936448,-0.191295818781178,-1.09289114122943,-0.214737833547523,-0.98152663757021,-1.5114961008943
1.28839778468671,-0.942926101375455,-0.0782092456797863,0.668000633816425,0.755385539683447,-0.391091257746576,1.065721363892,1.14464189339447,0.445853201070931,-0.875852175786759
-0.218665416213538,-0.582334873090586,1.54479090405836,0.642428018213167,0.578808886976609,1.12153590070799,0.00417473375276842,0.494632077322932,-0.232744937168648,0.103991834466516
0.0975070196776357,-1.78370479712794,-0.41868709722264,0.45571413661773,-0.189693200908161,1.06090504419887,0.739360546807467,-0.872522950684408,0.722976650289352,-0.436610109674314
-0.511700075174544,-0.0335106370331978,-0.0110249099815949,-0.233034626626927,0.856839243750639,-0.42929680472197,-0.863682734220471,-0.892733692280141,0.686565661168157,-1.32359244476981
-1.08302654616556,-0.0631199734584729,-1.16181436228527,1.01443164423189,0.131311559210654,-1.20456756951768,-0.0962228448060326,1.28575636871577,0.141038585430917,1.13684554792324
1.18613313650983,1.69460639883004,0.512192318495266,-1.58306691207974,-1.37394667907261,0.473370500878175,-0.858126324943495,-1.35456471584013,0.155874668299592,-0.0156868426085153
-0.424607933952326,1.99083452916621,-1.85334724557306,-0.73230210877787,-0.433445860139916,0.504041085335698,-0.877451278670956,-0.155651396354382,0.850641260408083,-1.03453648977984
0.54693234777522,0.549221764379665,0.200282314411346,-0.482163635956948,-1.62289309930668,-1.42976801428953,-0.724596700949835,0.125291285995198,-0.944897855808988,0.600755224006262
-1.53864890630292,1.0892043746148,0.306456382704515,-0.00754627836565594,0.676981432524368,0.00852288504820964,-0.762797151829743,1.2646596324352,-2.74653943427758,-0.461981919777032
1.57084771621371,1.18678117076942,-0.498279258082293,0.236021181846665,-1.45198857296405,1.6379813917217,-1.03090959134713,0.577448013127151,1.30896967516437,-0.841858009860647
-0.154897359656762,0.201420508781613,-1.85237324450584,0.453797498008025,0.0870377943399038,-0.319372683768467,-0.182085254363844,1.1621960857007,-1.91761713596609,0.919922756189008
0.742977199320505,-1.09353473626484,-0.0526802750734755,0.90555932991177,0.158843818148139,0.80620222324426,0.230928315516748,1.09515083940629,-1.04755064843677,1.12714647137494
0.102780650876449,-0.516367484192019,-0.236474575596967,-2.43381818333197,1.93785394815802,0.0675333087468902,0.176866016084224,0.28002101049443,-0.893646411206598,-0.553305091037793
0.757784478444742,0.755167208690711,-0.145607665737308,0.00399548706464675,0.489099256301007,0.49350006875239,-1.04041951519951,0.293826873449092,1.56347172085015,-1.00990295606341
1.1381665361017,-1.01881469179316,0.333312106632484,0.639192668577288,1.1629117062375,0.185039738043883,1.33803229148224,0.0980066637283335,1.68155531047584,0.82305235290018
0.425993919286936,0.00133204857561912,-0.113843322013221,0.410875760551944,-0.960440859610379,0.544721165068584,-0.657983144007777,0.134172091455534,-2.21742916240153,0.994345882369065
0.0573985311692016,-0.73840616300996,-0.33913867513771,-0.291536891246074,-1.38136036532747,1.60561074250103,-0.366245052281814,-0.0850812938580476,0.802672655745702,0.571498612672129
0.203028173971586,0.348133217543295,-0.560813874409942,-0.657310783904583,1.98210047381159,-0.714492155961127,-0.0538391130896082,0.432251112552275,1.35299143983778,1.82508559223866
0.391164310381023,1.48122792562536,-0.6210725896374,-0.445964512405146,-0.331391513430934,-1.46898251186649,-0.878631703567956,-0.588232949182904,0.266127107201004,-0.541942143390992
-1.29889648218858,2.21004938466408,-0.19760116511167,-0.216851633352277,-0.852543906661706,0.170507238297862,1.15483059778062,0.110737995243061,-1.19694229765872,0.418344074011148
0.417086605064398,-0.139025900318689,1.55168930007282,0.641235581922289,-0.972691705246871,1.12753024206885,0.510634691856694,0.032165729306474,0.183903087674631,-2.21144252248335
0.14359384802709,-1.36541005592499,-1.11546352342071,0.799588445310274,2.20228269327548,-0.433399856910854,-1.13344411518089,-0.321043678217113,-0.809670979877464,1.18762481490353
0.26667347335674,-0.230484123031665,0.69533607254811,-0.6101962308775,1.29091548090389,1.11683901491881,-1.07429044705081,-0.601859678633368,-0.323857113101123,-1.05271859233866
0.695414833410037,-0.074994802232134,0.576794042362793,0.308593764600777,0.0659398720492756,0.926309228423928,1.18121430797925,0.0588209580617135,0.227162240183771,-0.831881955963365
-1.30769025780314,1.58722710406267,0.339295362337024,-0.533191795737181,1.55307333584068,-0.311614542750485,0.687416313356519,1.83427208460691,-0.971661209159718,1.0016927778263
-0.885916057977209,-0.411454809298525,-0.0478725645963697,1.13313605010526,-0.636632586285425,1.1035220549934,0.139939548888663,0.548825073854311,0.441018465505231,-1.66127412333791
0.643198709926892,1.43442386387813,-1.2964922420466,-0.972061481644123,0.887116502417286,0.0340623559968039,1.40946834020158,-0.962359406978487,0.137625465879311,0.618226812853805
0.936207470396692,1.77633195360802,-0.0393038018785139,0.90761587392617,-0.885621986202738,-1.36739693187894,-0.275660979366571,1.05867075444426,0.143684539315283,0.106703067278816
-0.0621412122983342,-0.357109453439582,-0.399196895609549,0.983132028391761,0.263696130376147,-0.159090351803617,1.41830747306876,0.858609799397136,0.217425579906694,1.30592083975171
-1.70070443654374,-0.191203406274573,-1.71167185125532,-2.0957517076381,-1.76692389833307,0.26275872413833,-0.983928265448102,-0.599972586393969,2.6725017562908,-0.836202236198097
-0.421452317190803,1.48203263748043,-0.836604136193895,-0.559395271052585,1.53247841004247,-1.36436947030785,0.0938981304207785,-0.357797965820399,1.99368239075378,-0.322041910989697
-0.404191567674666,0.891483109226881,-0.741892445326198,-1.56847482099839,0.308337035692714,-0.471025786948774,0.0932974211184442,-1.37511178772504,0.0696478271167221,-0.110824697996816
-0.601909289378932,0.932922683870677,-1.11235530226296,-1.68414733122653,1.28710548767055,-1.59852003443447,-1.25943931600876,0.412081989676956,0.278427056465934,-1.07788845282436
-1.71663102708283,0.344150953782937,-2.10592824398303,-1.59297768683955,0.33933393429114,-0.678861632246279,-0.8302444265955,1.31383278382292,0.305176281767416,0.205087217714879
2.09657359115099,1.52296575380526,-0.248868165747565,0.566133016706338,1.07511067431924,-0.458030723816881,-0.906059710675777,0.727347101033935,1.6039247764082,0.937205740401839
1.6638827001823,1.01376629536703,-0.137826601724269,-1.81559770234544,-1.03152121688319,0.0248135498153888,0.607255114020425,-0.226597549477288,-0.846819943120172,0.289922159074836
0.581966424960635,0.34540030350982,0.186937084151178,0.025312174487054,-2.30883498565791,-1.00068963846526,-1.0296947830644,-0.175973532025587,0.036331708715063,-0.974432192510593
-1.57587367645016,0.0862809621890567,-0.18436146432403,-0.176653945625215,-0.370768906853209,-2.50558388953791,0.0426104858800264,0.128920507505759,0.139935096141147,-1.8336351962659
0.413835702478046,-0.473072149603665,-0.39725689444682,0.457607038403138,0.538838528217976,0.38068872106253,-1.32391423741869,0.762595837916179,0.1003209682184,-0.88384365052065
1.48973664802379,-0.585514486201444,0.64426631785331,1.33947651345323,1.02307218776403,-0.510161402582948,-0.484953391922738,0.644587977992759,-1.33632758430223,-0.65557616439872
-0.205203750054516,1.9805926925841,2.0089213248246,-0.947155300262488,-0.00354114152853268,0.362242261156209,-1.33561616765191,-0.882177224078065,-1.71982270345378,-0.168429482639181
0.456329502989407,-0.175417641619054,-0.291219638441225,-0.327833463932067,-0.135933786205662,0.0344776720245999,1.34225028196337,0.696338684611714,0.806530884668527,0.358979323909926
-0.894884167120496,0.469471777665311,-0.368851771044723,-0.784609326593214,-2.40477188851247,0.659796277762976,-0.139109451235201,0.808551869412037,-0.193837100250512,1.74012613060755
-0.0263435881851003,-0.332296124706724,-0.395462896052725,-0.541257550890192,-0.593698067498796,0.639834350844543,-2.00514997501799,-0.846808236851271,0.454782666179268,0.0423827107861748
1.1975659575949,-1.83371467766374,1.69140328714022,-1.96143879046028,0.0307183757539008,0.53419518415461,-0.385353418100409,-1.29643576481766,1.2591946611941,1.46104849280735
0.611581194487826,0.455494175954159,0.715316737004265,3.16180888948708,-0.509178172563212,0.212637721812488,-0.340661489220117,-1.76712251007915,-1.70018953923953,0.766675440997485
0.333392518211831,-0.901826062551548,-1.12424182725747,0.375352776090136,-1.67047785791458,-0.994251937308832,1.20794182423608,-0.984523406848491,-0.676432459501136,-1.04229177268437
1.3353376006233,0.894672305601,1.46514703839624,-0.133063890996362,-0.202163122986207,-0.31549497472665,1.19927745096329,-0.0718715409172743,0.973048932970326,0.381190746814426
-1.76131405526519,1.45976189958977,-1.8617016413478,-0.606891140993676,0.482823598237123,-2.80907684301223,0.207492696393178,-0.512052141055382,0.0589284558930679,0.310118623344854
0.0307694167250771,0.730208981569835,0.674185103849741,0.970037976675907,0.894851535504332,-0.474400756537089,-0.0350960070803852,1.87579908081828,-1.59572607842602,-0.57753958882127
-0.141732459026744,0.57817844210832,1.29557344404381,-0.390874652762197,0.270996288819456,-0.319936911775237,-0.455662686319538,0.592779844779144,0.784061829917594,-0.548670261306788
0.660404580634506,-0.314535897952126,-0.437973775972517,-0.0263449667206124,0.314174855940873,0.0821277925665554,0.337338841317455,-0.744703158090808,0.207813057791198,0.507598788340103
0.294505640445462,-0.700255857157589,0.656166539002886,-1.30009776083695,-0.0168884789269058,0.0629338938974863,1.4021576792922,0.0874869794903543,-0.605534851893521,1.2978093327809
0.679567162997246,-0.0982580361875494,0.496928989217708,-1.02777422686857,1.8567408439027,-0.5686721599202,-0.0398800964294513,-0.790270479964644,-0.105035323018015,-0.851824958373056
0.696169404770412,-1.65758997761794,0.749353751633654,0.560312500466973,-0.219931417637694,0.302387392370358,1.07055531946273,0.567128374166119,-0.682831591228808,0.0385756320128862
-0.097977825210303,-0.490295553699642,0.529324114973481,2.71483253124715,0.410569943644151,0.248397410658741,0.179117914606277,-1.85576230674374,-0.00333856045628603,0.885559261793639
0.748534905460344,-1.19665947082933,-0.0113881807574279,0.668093420517148,0.945755809941536,-0.274438815439799,-0.587129738178868,1.22944528366728,0.794255693637463,1.13968929391823
-1.34086749051266,-0.795502168591037,0.901768536561093,-0.264417803588215,0.146080814024966,1.28501836864448,0.639811435780854,0.602688556697752,0.993575765720343,0.317896978782485
-0.167359524182943,-0.503451437645222,1.42426413623276,-1.27778394151904,0.386835785740256,0.173674929995042,-1.41626312831547,-0.398307953846941,0.525259868036912,0.202638247632284
-0.714633949640502,0.506818633290601,-1.51765943761936,-0.433198936909701,1.37514780356018,-1.04974886961624,1.98417917756851,0.155912018049526,-0.554416104849965,-0.367714430636982
-0.140703945280808,-0.780132874428135,0.840623749541807,-0.199615385351572,-0.0170423412777783,0.137814807825162,1.58731966278299,-0.0375864016862128,-0.565535311164019,0.769157025601478
0.325854136097442,-0.00749373695282295,-0.530556229777165,0.463233846174703,-1.10304690965021,-0.389682419708689,-0.449865960307615,-0.38095914594431,-0.270723349966624,-0.164259933810777
-0.774632337815039,0.379834640298271,0.287036189259295,1.63929613462083,0.268523671997063,-1.58044393282846,-1.24092211720517,0.506011666424125,0.570615151645159,-0.806661594072694
-0.898462182567366,-0.339732533535525,0.963213791758064,-0.435472447913569,1.13695020892092,0.110677209585991,0.725059960629677,0.328617344687827,2.77819208364487,0.140270823376717
0.0623340199321823,0.0354059171907707,-0.740587462898906,1.29026865863479,-0.801263174972266,0.610422013578352,2.4870733629014,-2.20405225058149,0.742532747066703,-0.933405090813239
-0.620911113899802,1.39982687807529,-2.35186974760048,-1.90303076932543,3.05447979120579,1.91094388114059,1.13445849983957,0.0899386095604148,1.19223624329202,-0.199501642156606
-0.404195518609133,-0.338040226513738,-0.263074931743898,0.892935396204612,1.84409980330209,0.147031971202602,-0.219956448672885,-1.27178749338224,2.31626489090264,1.55212949239445
1.41487339514255,-0.025236495370615,-1.40148411793852,0.143735232543895,-0.455461392565811,0.612866284280841,1.38535456470601,-1.52241491401748,-0.820779820876524,0.367182327173415
-1.11706037426777,0.954150239824461,-0.319183379275063,0.809457142412182,0.767430003974354,1.1513655763487,0.344085996010634,-1.21674215544122,0.629030212683136,-0.591762166368881
-0.971246918759069,0.129488109235157,0.232462856904439,-1.09025905841884,1.2919047374104,0.0678235044473425,-0.185257810064731,-0.496063397008198,0.255712550322785,-1.16337661381883
0.426033175982424,-0.0532327989057977,-1.92885436664466,0.415371798163258,1.32081563646611,-0.570564204101003,-0.1025428601718,0.0500033962177558,-0.617492982167771,0.565434165497919
0.252563229461901,0.692388007249483,-0.163515043965631,-1.57111935270713,0.657894515841241,-0.854120498632842,-0.38161696767322,-0.762461389967787,0.0166052697706824,0.337736662754779
1.19788939686003,-1.12362865871621,0.460912082442465,0.290175729145669,-1.61031722051816,-0.0811791946635092,1.21504983409388,-0.359986154265446,-0.765889281158723,-0.565492936614019
-1.00838403075597,-0.766730296010227,-0.80815799406838,0.566998379871741,-1.56174045216478,-0.99942302987557,0.264400706622179,-0.0869142070909466,0.0576601110240264,0.0758681278668811
0.556490766057019,0.637305139323088,0.150769478285276,-1.75461957674458,1.08432609720231,1.44652605369972,-0.0317603410920845,-0.549855162152065,-0.194787574966187,0.54580055291924
0.0174990080294881,-0.0459261277262759,0.158525438999865,0.227713612009281,1.17986660923723,-1.094620676436,-0.391905236098534,0.295263111958829,0.162949938370047,0.84994157466271
1.01955852342666,-0.426755256481895,0.0296433681772313,-1.00177682804601,-0.506969557665699,0.483495113134041,0.081658882748172,0.37740002812595,1.58347252541604,-0.830698883645996
0.267375941974878,-0.230826699127878,1.51350510797105,-1.04916751220449,1.49492908681492,-0.0680211746033409,1.54972308028743,0.178812721432179,-0.778363509283635,0.209762820474468
0.528081543632653,-0.183425948840318,-1.30934833588934,0.971546102336913,0.275403052716989,-0.0793038396991995,-0.310524274789822,-0.759471790004301,-1.59456375192015,0.08717727880916
1.96286688234078,1.55125266206974,0.639523679974004,-1.52784479352334,-1.01566006480367,-1.00927893673081,0.940231191437431,0.785556181573365,-0.893141843204852,1.16908314535398
0.031305045490379,-0.481719797358999,1.11432487402545,-0.410089118205099,-0.0977245119558669,0.981284481851137,0.035237899420521,-0.616169389042194,0.100499970974383,-0.177149690004699
-1.20621919765119,-0.302118559356396,2.28393571486323,0.290112270760442,0.325481799899588,-0.115182539293731,0.0178698407329379,-0.413115011254547,1.38695279087374,1.48498427093804
0.644799704641801,1.00245030416878,-0.264762863259038,-1.26821080926914,-0.150401415242753,-1.31784537829066,0.609078846179887,-0.892946398836565,0.49994283398736,-1.3908061722956
-0.251325427654766,-1.19526650016195,-0.182474045017594,-0.0431144227618098,-0.256142818005099,-0.293575097344152,-1.52178354711159,0.334785183812077,-0.355965025895298,0.132060855095497
-2.0316220260938,-1.47506419763545,0.103232640804947,0.670422929377149,0.527986318777459,-0.728305232779194,1.12888140833912,0.269399752685139,-0.344606075116489,-1.81802069269362
-0.0460208684970773,0.442131387808054,-0.519193445606277,-0.192260360471285,-0.503777665177168,0.987011094973753,0.750585835893747,0.650137666484665,0.447287799973162,-0.400028727186387
-1.91877708083439,1.64606517891245,-0.616460384813331,1.04820047921583,-0.192649404351069,-0.0946244915003849,-1.02744493634785,1.10566272756761,-0.570948571842367,-1.5447320015761
0.218326605685599,-1.23684220054523,1.00187418599058,3.30957472563108,-1.75186849310583,-1.13324378657022,-1.89715550665711,-0.331903264115449,-0.181679736523536,0.733838006190957
-0.0431544165180935,2.07250190891413,-1.23978540071409,-0.509750979816053,0.816471862578988,-0.999073877867611,0.29662404453705,0.505262873113198,0.836668672461481,0.610357393444654
0.521993281898716,-1.34606840504887,0.133919067474333,-1.6439474916648,-0.236713855831866,0.668277862509995,0.99304668749057,0.0514195535989892,1.73253583471673,-1.47186188964652
-1.95629796655352,-0.960633904491747,0.975372238564898,0.492996505006514,-0.300879269708519,-0.463058644838978,1.07009038481552,-1.1652421266734,0.452861330271445,1.04227895831823
-1.23616070130825,-0.308545802115648,1.66701522106644,0.515115894397646,0.699073194540836,-0.0531392584707998,-0.884288070530738,-0.50323802036382,-0.255520745600231,-0.771947674362494
-0.390975827980791,0.461752689434204,0.0149756831101805,1.04283734470439,1.79147192108016,-0.239584205744464,1.49414810153957,1.13204756950925,-0.50311205063791,-2.03781860308794
-0.40248230688887,0.106999756537516,-2.17184106028109,0.798158524726404,1.16398433767117,-0.288180760477516,0.330829047004164,-0.154591314417056,-2.86471689116878,0.581228434619715
-0.3293291476924,0.445208449159678,-0.218341658615312,0.460091923885571,0.325053485048583,-0.0109495175798709,0.150818926072735,-0.577957334717384,0.285458414429442,-1.39709838259073
-1.32185713215199,1.44833480165233,-1.5092050984449,0.388082656149567,0.0310946292144052,0.459198041322772,0.030181615014019,-0.94248224983243,0.311027839019636,1.00977259187275
0.432395810311816,-1.58400963238448,-0.370692503123724,-0.578256179156413,0.944617462841048,1.67432875868247,-0.504715728472796,0.874949872966099,1.38245176030493,-0.736384965149512
0.296901496757822,0.85516507249358,-1.71531307304422,0.0865740785102597,1.00106035353164,-0.716871253435557,-1.58709393000223,-0.190172616525,-1.10788366893957,-0.821990285921249
-0.621167396867391,0.559573371358786,-1.65691399257054,-0.684364456651347,-0.0942734820450013,1.02675499965339,1.07596563549512,-0.0647302821196558,0.735315562433352,0.0202019584530443
0.525289380006214,0.560625606279797,-1.51883841101342,0.921319083005079,0.299094647415669,0.489222661350581,0.544946717251748,1.17395997221183,0.660846469887326,-1.07735574506592
-3.57701670109363,0.995549757993194,-1.17728138109644,-1.12927882705716,-0.616701579788646,-0.982841450941438,0.84712597703073,-0.439720354681144,1.40416430594485,0.173421193044312
-1.28223168253565,-0.127777887499723,-1.60369084027247,-0.509297827416033,0.291160257979673,-0.685073859240757,-1.30996733180314,1.20163074750133,-0.0333641820632013,1.0114907349616
0.531842623339104,0.408186844921243,-0.513318439784284,-1.0107641069555,-0.944891674200088,0.30063310330059,0.454869973178776,-0.173268048325794,0.581438108359232,2.48341821765226
0.750762111684408,1.3420087909919,-0.975917570669761,1.40542853131789,0.519862094417809,1.73071637257774,1.34863556661429,-0.290370428511361,-0.605507797496354,0.374578147583125
0.547449881874975,-1.18830790362392,1.59664466682083,1.23056345148198,1.9065505843823,1.09244414925475,0.23592280674665,-1.9716625493327,-0.828744187026948,-2.31902297947503
1.21882207513291,1.03972347996667,-0.423498572567602,-1.36991318490627,-0.563103199078354,0.259527452300371,1.05499751192736,0.962546962383876,2.90801223723947,-0.0241900913747474
1.16839416730635,-1.33330849463994,0.488990266482072,-0.131986343556474,1.13392066898489,0.929089432083438,1.00287664327545,0.999243864782565,-0.39004943570309,-0.260063433716462
-0.0164719587019183,-0.0702446477043987,0.595162926860985,0.804180787749165,0.358276711446227,-0.826102949224875,-0.318542674311706,-1.3758008548589,-0.652809918679111,0.262491299802415
-0.810459916542916,0.715873849561356,-1.08845877433748,1.55387967884667,0.682809105019239,1.10971326100899,-1.33825162551623,-0.356959560977999,-0.157455702500749,-1.26608238123588
-0.782187203839532,-0.530639617116828,0.532065136357372,0.00148681154141619,1.31114246547683,0.286048765253733,-0.949539988901086,-1.1940753816969,1.23972726820492,-0.55848398739136
-0.972978343779324,1.06117741843144,-1.01195781325203,-0.194104398657561,-0.659998158278932,-1.77913018804008,-1.03521177388779,0.223863378313223,0.774252992194473,-0.686789903361853
0.964318830215095,0.174218522644128,0.305993037124596,1.04845352006664,0.0957392702447939,0.971642123585673,0.972772436764063,-0.539757325052219,0.528101930285821,-0.499368709891188
1.01508070694386,-0.603739363678554,-0.621217104802866,-0.181539636410886,-0.24742310088882,1.35185081404458,-0.302282970796799,0.59744588125699,1.34765465896952,-0.0889689519503745
0.0821116929480487,0.0761680695933383,0.715675143916167,0.010091382735617,-0.0872150972447598,1.21085867780498,2.19062390354644,-1.44955799432925,-1.12705712598058,-0.0785875624589899
0.331540094096252,-1.16565765173576,1.47986614055024,0.91190109724874,-0.10917552854206,0.684014108369711,0.126734874973546,-1.95771213178768,1.56990005652292,-1.40867313331912
-0.327541703090721,2.48414596056226,-0.305244520554557,-0.555957449258601,-1.55392423219311,0.140274731801666,-1.29063367534036,-1.06671598664839,-0.0636314780981563,-0.718876312461755
0.0213350568032914,-1.2640186267604,0.275665245789416,1.82002131216676,-1.29936345136903,-0.762506527072878,0.18251999052751,-0.3183101890501,0.216124027214766,0.535485244601678
2.07641826538198,-0.937149828390935,-1.05959926405769,-0.811743654095671,-0.858747795158857,0.0523338678957189,-0.755444111518791,-0.768716033211471,-0.440187023284146,0.645899931244918
0.122941559163942,-0.920009773868188,0.380095322870065,-0.285867279423136,0.255762978821438,-0.294464431349211,1.84176854819543,-1.05913446963682,1.25535361663427,-2.16191476721848
-0.369783051739772,-0.152240224214631,0.99303801988303,-0.138904530653018,-0.832122685066743,1.88564869673356,-1.930186682775,1.11736183370863,0.248242121779555,0.280554120590491
-2.41355279701182,1.88979868668199,-0.18335448436993,-1.41285544270952,0.647140966994735,0.357118925924862,0.0314035680072441,1.58042303734884,-0.188031322889436,-1.93723121903682
-0.854823545165742,-0.310326125808994,-0.768972710208239,-1.65802258822144,-1.05778941565028,0.111864235251931,1.38811729109982,1.80922583491535,-0.163374391589802,-1.10525528424959
0.38446946207089,0.383873991327768,1.50317097087911,0.179095719108499,-0.893531700222933,-0.150736459047864,-0.961133054385994,-0.0559980495579365,-1.10644446821863,-1.51611477010073
-1.59801448823177,0.754592285547068,0.544765870459694,0.85474067962448,0.299723887495167,-0.782485277642195,1.18721841715928,0.496729195681335,2.46898707727003,1.39352182552613
1.2019123778978,-0.716190232067322,0.573444806883689,-1.09088906756749,0.531997505563555,-0.15123938488191,-0.282258141423975,0.900889810326111,-0.286515631939414,1.92373627445867
0.420549741526855,-0.300061689185081,-0.4771355741375,1.01663465767395,1.26945394464945,0.234559929398816,0.895881031533912,0.996840969565177,0.680246382250247,-0.0530524684656195
-1.00809779347035,-1.79850363255938,1.22230910145957,1.07232329475316,-0.136919979534191,1.49413075499742,-0.389354794568709,0.631641280761877,0.844774744026213,0.326070940054234
-0.828502151125807,0.372904639927223,-0.191272484712312,0.285197884120772,-0.005640985907193,-0.525431717205519,-0.285049119001676,-0.101400097706984,0.741925118814686,-0.62924374310014
0.262176511207838,0.800731490481746,-0.0897089361026942,-1.2016005006365,-1.23434950715646,-1.00083640735063,-0.967534725475285,2.05874852232744,1.51248467903161,-1.57291495534234
0.825247527443952,1.29133518049963,1.90874734911557,-0.00651209769973004,-0.965602151162212,0.882820160652261,-1.04667851251845,-0.277796482229099,-0.54348650355073,0.0977564515435248
-1.16612480185853,0.176241984893597,-0.476690548573671,-0.464906396267813,-1.13352705438025,-2.13229917948913,1.77617111006671,-0.954795414886819,0.583913293754165,0.562380650655701
-1.01009368889194,-0.527308507348169,0.394202975675066,-0.807649524853616,0.855521372377448,-0.471530156542302,0.300002049506196,0.35690502421498,-0.29652224356299,-1.57120514498637
-0.150503161990605,1.37817575900896,-1.08686473597342,2.389062780676,-0.633111145009791,-1.70118972699775,-0.18992244590385,-1.74629212966962,-0.00975911008813224,0.576732974180698
0.342995518239842,0.709961071984955,0.135795666572681,1.29641708099472,0.225757362374702,-0.665202166189319,0.115469075993858,0.0104099040311554,-0.518062809593327,-1.62911580822601
-1.65054413254153,0.438010382103326,0.0245355339453052,0.362777564052111,1.54683614610794,-2.32680020701453,0.707478503989715,1.75015370057138,-0.323356010897804,-0.918994078188254
-0.699211092921088,-0.754760416324989,1.53513131415645,0.417518861543914,-1.09250867964599,1.42572984692426,-0.545657160777171,-1.19333584635399,-0.0812922385021765,-0.311675065063645
1.09023303970596,0.933896237559654,0.660385829891147,-0.804518999604611,0.724813400178954,0.410609945293215,0.836843920144643,0.345124555693226,0.770932464737856,-0.678188821463218
-1.02235868351149,1.4867076034213,0.836589227347325,1.5068436508013,0.132091646670826,-0.53494700093018,0.171691187396332,-0.0972887039482269,-1.04815988416905,1.07175217688203
1.98083000605737,1.4819964052256,-0.057251941886243,0.722567221126829,1.83949037771622,-0.145798101235372,-1.41510835888841,-1.29966659834922,-0.718221501181176,-0.891915596298861
0.775189780333931,-0.409974067372363,0.371410502734147,1.53115669060527,1.79727076229068,1.62046994237694,-0.0099209452362,-0.39652862422847,0.0116405590489271,1.59544296367729
1.2745264837712,1.2380933487141,-1.31465757467335,0.537220030535187,-2.14448019837817,0.848364849865158,-0.405093566133798,1.20882681998026,-1.42497252306106,0.462875585316209
0.717159560702298,-0.886259920778291,-2.18108983286006,0.0261834877187529,1.11852260277186,-0.505022811869967,0.0640471335196233,-0.162723228870133,-0.93057314873465,1.11683564922475
1.51246410839357,-0.430318682929399,0.159926166024365,0.628782503277945,0.646540358886809,1.86304821380146,1.7115994751109,0.860577587385061,-0.406063915634355,1.52380624110903
-0.724485902602801,-0.159908845460628,-1.00974262841605,1.0839643450433,-2.37901070819584,0.929849497211557,1.50557465527792,0.149744262366752,0.721048883473233,1.19536954610788
-0.828340493933005,0.493548205160948,0.880268344841565,-2.54733108932306,-2.10018979169635,0.16024062500511,1.06329661487894,-0.346476453206201,0.191179585771971,-0.258834381886868
1.86527369708363,-0.964329122335986,-0.304122747108623,-1.49700424963883,0.361498433282301,0.350785714006107,-0.214953993370375,0.975581502285751,2.04755603526725,-1.16767062788224
0.727364846690367,-1.80823832259647,0.836114562815299,0.367977878539816,0.964390000257487,0.63648284911536,1.2120625194216,2.36115275378445,-0.401794387735969,0.503444073884033
-0.138545731213057,-0.971229214155193,2.25443221299836,0.280948925421172,-0.109640192082014,-0.879558642530904,-0.500362225554001,-0.951093814669716,0.00363213717967765,0.033937952665558
