-0.131234361510126,0.805759163001316,-0.486007961952573,1.83108535288793,0.993096977291563,-1.40997944817718,0.156717787905484,0.228979310456814,0.220672195640911,0.734644073817181
0.435177939043363,0.90958502114549,0.358924035812457,1.94466554797192,-1.16180249180696,-0.652273039984481,-2.45858605297251,-0.756248113978069,-0.753789722508278,-2.12818264050459
-1.70494370542602,2.36697005200908,-0.651281191414615,-0.982998987296205,-1.31155793286374,-0.703976298240637,0.626290355577351,-1.01524841215653,-0.0317650581919443,0.904917219390373
-0.958731170652522,-0.0367648829550613,1.2182133216966,-0.457654272547273,0.0844824305537661,-1.74143513151305,-0.00682849904941265,-0.498156640045265,0.114684710249717,1.36731190136527
-0.606382757367466,-1.01479978661342,-0.567164511971282,-1.22765022002965,-0.792363173206821,0.424447203539488,0.452708259851207,-0.575570516390424,-0.258178152079667,1.24142001342071
-1.29923046238611,-0.336394094331574,-0.123095146037492,-0.834319845578185,0.0356855056480269,-0.107010349340633,0.325250087496996,0.0777272826669713,0.352712315828734,-0.377822931202242
-0.279974521795786,0.189982741745048,-0.476006257190841,0.985006008198687,0.717278926628161,-0.079478140455549,0.49690112248055,0.308938640805292,-0.994129271149836,1.26760538716996
-0.5285871191267,0.216489538477899,0.237706166618538,-0.949946669272584,0.483894834114628,0.218351355808289,0.392047144963258,-0.180156698030601,-0.503200477825745,-0.731849469714995
-1.3472349643901,1.64408410426444,-0.548749338907669,0.688494095703342,-0.598875277633715,1.8878671401859,-1.28751903726932,0.752612262549679,1.69713364311097,-1.15586691915227
1.26496870689223,-0.139595335143724,0.330270437674639,-0.944930940466528,0.793551080004534,1.95645974032582,-0.685612469634071,2.13544058427364,0.640991871310412,-0.473371103855018
-2.9892752497265,-0.211806146135834,-1.51388340914264,0.340520123724691,-0.364558847618429,-0.486445720574295,-0.979222716379167,-1.53058868750049,0.00651389952849232,1.12787897141809
-0.667444363811796,0.0118473713014867,-0.454523003266258,0.774133395369828,-0.20869087225138,0.116353524784053,1.31319477559521,-0.249673061908531,-1.16988345466344,1.45984527368312
1.48120960850379,0.189487922447416,-0.103409775371005,0.632587959745752,-1.42769813430517,1.78514773635168,-1.44036642779505,-0.611265276760264,-0.184989224073447,-0.375184857497449
0.240306095531192,-0.56972648581244,0.187841601529496,-0.987785029612692,-0.00619146643007995,-1.33302564343115,-0.610028942012348,1.707289036937,-0.180755565464315,0.0313692285125093
0.0397640742124856,-0.0226134014387618,-0.409051360609768,0.524154835778983,-0.541716889533628,1.06355403875245,-0.188056101854449,-0.676825558430672,0.681100109766535,1.19834223770134
1.0334429519025,-0.926100787430598,-0.590807836992508,-1.37095104822264,0.590794649378354,-0.250186295656154,0.13873796455981,-0.52613706741017,0.150201934245388,-0.49096372984752
-0.758385916658803,-0.947145135431847,1.07945879148279,1.70678950498648,0.440269232296869,-1.06184975823163,1.86309992606097,0.417776222303007,1.94514313473159,-0.999451957213301
1.60076751095472,-0.378763500559442,-0.949229274399634,0.241736617281838,-1.11389455755237,-1.09958512012111,1.42879179822303,-0.101454191936748,-0.287841902447537,-0.42250842039955
0.713454601152572,-0.80791502136805,0.343147929441362,-2.67765409813016,0.453818195873894,0.63730286534381,-0.830290448023526,-0.0500703106536721,-1.01492172772181,-0.435081509768393
-0.947858018097863,-1.20635769477939,-0.161729346847521,0.0323419483416459,1.83638804070158,-0.406816356255779,0.765753878432424,-2.71500113441128,-1.06440821581702,0.131754345880223
-1.07072819925486,0.109853573239837,1.42737994488604,0.690665286510443,-1.04190625790059,-0.385809925792783,0.534513112787712,-1.31979879931431,0.0395229941564401,-1.35531976224556
-1.64553076390147,1.08909673825794,0.0274656565438733,-0.71833435609653,0.526241742021302,0.148180702632658,1.25769068088567,0.589695973994189,1.01401041443733,0.620320352940962
-1.05010215650486,0.324428083933671,-0.397919083731805,1.52612183593673,0.830818168092548,-0.180546597125414,1.07192195207185,-0.165455370239968,0.888224693902259,1.12579263992756
-1.79362124683575,1.52202318529403,0.381315408188151,-0.717024301563829,-0.645772837029599,0.0312436296742772,-0.811656132215465,2.08867123347812,-0.568706692671163,-0.161104316482624
-0.806671626571617,0.874740382953167,-0.723783364832808,-0.572431553089952,-1.57639893248234,-2.54262212682777,1.41962272346454,-2.30465749931816,0.502099583875656,-0.461113325379887
-0.0702051464287708,-0.610586948636282,-0.584366956141766,1.15310017455224,-1.12281850667911,-2.32957215942255,-0.309674568131689,0.88334479995014,0.225029911970897,1.06164171075202
-0.982418823208357,0.813414136591714,1.36728740636808,0.248050529823699,-0.545646670397715,0.989802863967023,-0.361824753942518,-0.587083783502911,-0.437153667382148,0.732029753901077
0.844994002748143,-0.798988215432364,0.621414285505677,1.3970880484111,0.0451518170183105,-0.168967757660501,-1.12048572143032,0.0438171006928389,-0.290170430658887,-1.74619254501626
-0.161801530305365,-0.385598000830818,0.0979412345421439,1.0557885276978,-0.144859357422562,2.53905912272594,-2.21718243403581,0.0606182887625626,-0.209871006227722,-0.5233415262288
2.01485828299075,-0.647736390523412,0.413391827697928,-0.648342434083556,1.47823996918915,-0.237973301141967,1.01550960562606,0.024826699911995,-0.306420113281636,-0.126449465522245
-0.027578284813812,1.56885258695619,-1.28093534692612,0.0509150861116933,-2.08185107877477,1.10448857483403,0.0827754061444047,0.0570716338113393,-0.65123348479303,-0.134271779919411
-1.52204112312114,0.848773292972239,1.27483719830636,-1.0186719327548,-0.0916554504601195,-1.99930937510227,0.432359909880114,-0.402513654890155,0.994779374128556,1.05087271934352
-0.19202406039757,1.76513121697306,0.48499083043976,-1.58114334547204,0.413073896214501,-0.309182307002301,0.650760899689603,-0.773461861650901,-1.28165475914776,-1.26397395735769
1.40477679727982,-1.03893207648728,0.656161648740922,0.0805567353721818,0.773072653316622,-0.154916521432859,0.274389128757606,1.51002430946882,1.05451303903244,-0.480903424300795
-0.0693109543592502,0.137680335139811,1.05008769262003,0.0106237411454966,-1.61995068175413,0.390067659618848,0.528569934829319,-0.197176672208454,-0.950223025625657,-0.914312711089093
0.891179509493838,-0.179088435195626,-0.932833314128464,0.186016409596499,1.12845823675171,-0.57943398478626,-0.60273732721783,-1.16117226659801,-1.2903163897222,0.590033199189102
0.254616733249438,0.755891364157934,-1.56328700212484,-2.07920087055513,-0.973145374104612,-1.32218236429933,-1.85537068749541,-0.713636601499938,-0.242841429664266,-4.0167299257016
0.0835371687560704,0.657956973062772,-1.39837436799165,-1.09915252911104,-2.2352861630831,0.446611072199578,1.18354997970208,0.95771243172406,0.12496882124628,0.962581657191255
0.314501471329855,-1.19468906103955,-2.35716719328651,0.908419175919601,-0.060073183698857,0.364158522796566,-0.660617959421385,-0.0385797091515753,0.362038520918057,-0.526396158447955
0.497591305293413,0.576852030407728,0.0229471968383046,-1.1053887775738,-0.523255410683794,0.793836179058958,-1.04410427718443,-1.45872646406628,-0.209451285802454,1.29197220414093
-1.46124292697339,1.26791066867951,-0.104512558128402,-0.718360609151193,0.602343750902863,0.227753531548492,1.02576450301348,0.688231096706632,-1.01114147211093,0.119551930339917
0.672986539886119,0.577158011719859,0.104801397741212,-0.721821385817003,-1.52058819184351,1.96890143611615,0.261026945459095,0.177428600010233,-0.750672218443586,0.543666212379961
-0.728349086224755,-1.41127726176918,-0.123792422447427,0.472503260152938,2.75015398037606,0.208677356237052,0.555082348982794,-0.184663588505412,1.82773175371659,-0.367255273474606
0.70195108557866,-0.559831501427306,-0.441769946196803,1.44005400258777,1.2297136428907,-0.365850193005614,0.519337224248471,0.290074312402311,-0.618335234828111,0.429479562738375
-1.01964349588053,-1.44508675489446,0.770500581515396,1.36787413187046,0.605679870516321,-0.780387736750597,0.134582099609718,1.18072068866536,-0.348660338214725,-0.895302012347482
-0.327367071367485,0.355408408119619,-2.27612559361667,-0.410675420700959,-0.510083974902137,1.27313709328346,-1.56524067515333,-0.626118699810518,-1.50793505303876,1.02693827675994
1.94745725627185,-0.138664836138152,1.38259753856983,-0.447043108302328,-1.09903227307739,1.11175322521171,-0.7492760141719,1.70286742338032,0.428282211931432,0.42508031078312
-0.751875963072772,-0.251817662350477,1.92230084570931,-0.0889085348188854,-0.905781684799054,0.100028167782584,1.02939422702953,0.447584652850873,0.643534443000242,-0.534683207305073
1.03323538667625,-1.32920336013298,-0.547444140494375,1.28609484090092,-1.97634277264022,-0.64680582536053,0.147433276474689,-1.2286645240679,1.21992911570897,0.0761094800110372
1.95597511552055,-0.591156731016342,-1.01480771095548,0.572554011194242,-0.195025007083508,0.286384667221183,-1.31054355422147,1.28273551470892,-0.570723654208738,-0.521578413037076
-0.453435300627037,-1.12629243183428,1.49903595725538,-1.34020304104881,0.963726212000268,-0.45081173211876,-0.356322968101531,-1.84081159612442,-1.67802055486506,-0.169843599991945
-0.166958125153268,-0.522251547363893,-1.42226461730803,-0.568702062934233,0.895145343917533,0.927589656951507,-0.275547147494223,-1.01417216026417,0.749577024591826,0.00284859380478289
1.32762927824804,-1.11760985235937,1.37136131697824,2.23910259853467,-0.494602923957398,-2.38759607302985,-1.49226229709085,-0.578010246371275,-0.861226099848315,0.0793324916931347
0.0892131462603534,1.09865010991413,1.22769753095739,-1.08789982500317,0.46572932469284,-0.0117942408363017,0.40439435014513,0.331943520017503,0.161778131167074,-0.0949943903489972
0.286664644462911,1.22583017609638,0.327887018875557,0.241569497978163,-0.180076806905343,-0.799713754109184,1.47505651672725,0.284018586699458,-1.03999268278052,0.905781754878945
0.921131177035258,-0.597544294690278,0.103700264011627,-0.266290339867156,-1.34345394704383,0.164401797000196,0.0518446017308125,-0.0139420617470642,-0.012607040801696,-0.493770586615772
-0.38288633918652,-0.476177172675783,-1.94641704027492,0.341291813071582,-0.847362648537366,0.0871940820658061,-1.52132357315919,-0.514174741619104,-0.966365801389281,-0.954369062468476
0.422520654088538,0.35125418311299,-0.433301516355954,-0.807159317534205,0.400203524132064,-0.67516508271778,-0.401520270746281,0.0792567914045251,-1.21624531928507,-0.553072669517567
-0.422364851532433,1.21535954288006,0.692283039840526,-1.3854933031005,1.15292577263613,-0.613687443537191,-0.292454305585282,-0.101425347797619,-0.810811869844978,-1.52696442812358
0.817232032739796,1.5258618754734,-0.681286181910201,-0.914683560102805,-0.364354140902858,0.483887588362521,-0.0375365796029148,-0.820900609294515,0.274360001435203,0.0156439740455865
2.16093100597531,-0.210999179034746,0.326358173084696,-0.733043740707654,0.359928599177977,1.03373662038989,-1.13263616419378,-1.40433738735784,-0.0315100820781576,-0.0956165066036599
-0.674252423394653,1.2360282156144,-0.185245060390018,-0.730397234713767,-1.1198246216929,-0.555390252048617,0.360243470693897,0.0362365204129589,0.0953869032911707,0.942046654626282
0.0554405204137041,-1.02694497487557,1.02529542696019,1.20586654578781,-0.527314424680438,0.300512990831257,-2.22654670499535,-0.380623374238095,-0.862482065218468,1.79382608771019
1.40328342639236,2.82235379373115,0.15560057455591,-0.278919325682468,-0.278082660173934,-0.992173161558975,-0.409245487361805,-0.339339618036391,-0.894570527818298,-0.0700529247565257
-0.488799598752152,-1.77530447878722,0.365536567242219,1.39441598194508,0.638914774955653,-0.223577659656849,0.847964745026542,-0.561274442114848,0.596284600117587,0.0174447643947087
-2.02387396112666,1.437727094162,0.956279901689089,0.237648622212786,-0.278042273353025,-0.0190192384772088,0.442040318964442,-0.914365432232014,0.360726507780836,-0.167944942650123
0.463123768656374,-0.793585113942698,-0.66770461536422,-0.352690145164014,0.0288298922814195,0.919134762845159,0.0126269563752081,0.863044802946209,0.150804291760607,-0.336010579520597
1.64422079205181,0.765767237095172,-1.10292011219593,-0.193177112156422,-1.41925013256279,-1.44639024143863,0.640916895631821,0.229765309486444,-0.324438029919675,-1.50512796395032
0.331887046617276,0.454258420889842,0.645653137630762,-0.527679782798562,1.52403493709638,0.444542379247487,-1.33407389983412,0.679178005150851,-0.790892773830602,-1.33055133270196
-1.90338597878052,-0.444826907682896,-0.795018279530857,-1.30322962794357,0.350982832039204,1.11368225766469,0.471745053772977,-1.4357772587562,-0.216429071732044,0.209134383750191
0.994997492789878,-1.39527285917306,0.468468898892222,0.558932226611992,1.25055119579252,-0.882017750111086,-0.00699991575078614,-1.19910546198673,0.883846374416369,-0.466748665096974
0.208570346551287,-1.05292901587786,-0.461848230529791,-0.0196928487400153,-1.1075016740926,-0.324630532756221,-0.937435241858733,0.930769947656219,0.271996028962443,-0.66997117340363
-0.437096991756381,-0.587726276785477,0.674716991236163,-1.36816235849613,1.778695865515,-0.562282563319851,1.29046584617568,-2.30850823773348,-0.202424345361657,0.247678223316747
-0.745125512916173,-0.182111672225596,1.06555670214978,-0.471549414643701,0.391288524742095,-0.710896446082237,1.26973475071881,-0.730213576549204,0.1323193232348,0.373281283157009
0.31670910525499,1.94960201113707,-0.564863778469053,-1.01350101757742,1.01779609558095,-0.914113111740186,1.19813121014177,0.123953077356891,0.475130278852264,-0.704775267530839
-0.120405020090878,-0.2131325934103,-1.85759245898265,0.364870005190418,0.165562955690415,0.453501917606668,0.388810845805226,0.509879162709574,0.334657614425308,-1.03909636179161
-0.396633000761653,-0.283315464937071,-0.490901682524067,-0.208306023243959,-0.787006730985337,-0.763322504956228,0.17266318677216,1.13124964349781,-0.417982982327969,-1.25550352747365
-0.522179646897415,-1.45278155741438,-0.973973091729666,2.89214530091286,0.623766371653147,2.43952219966423,-0.949108831491712,-0.827631619409576,-0.447072785316929,0.277724639551263
-0.157483452289471,0.261782091478181,-0.15762422827826,-0.995676756793271,-0.133758852064977,1.3783838721674,-1.30830269966782,-1.05864586257056,-0.665250294714841,0.335100390255143
-1.17423888479568,-0.512683659158945,1.57949320698223,-0.791876465565487,-0.849169680044662,0.77601675465467,-0.313067735435441,-0.119752120414344,0.140025281971303,-0.0690585808675908
0.870166529566457,-0.236522588649847,-0.268704512894648,0.468056138034924,-0.994784367916223,-0.480883273079877,-0.294670907776353,-0.983962490941884,-0.570115141563263,-0.287661846374888
0.768192387001729,0.295040265805509,-1.41728179696798,0.93254657064482,-0.173238317446006,-1.78892973685827,0.427696968851128,1.28415841427416,-0.150404275203355,0.883967301571103
0.648638283395591,-0.00271796620353275,1.47772357015206,0.705102098024814,-0.893451413730422,-0.90896522630144,0.834827607431147,-1.05453022678906,-0.0955773597657414,0.630547247200218
-0.497330100461592,-0.410226846106157,0.395073989470316,0.490456592960944,-0.471495015074374,1.64190066720168,0.615254526248427,-1.37095293961859,1.04262513655066,0.79019257722407
1.03109513893472,-0.742522003073974,0.366252075891443,1.18416246971453,0.145274723227295,-0.407319167741529,-0.514907247121488,0.635803186527035,-0.904093551558461,0.200897271422378
0.109656187740179,-2.15348201667417,0.607637410925178,1.68854392426431,0.957839473004408,-0.245388847259971,1.15544220395192,0.0958639194456476,1.00280168474148,-0.136885344424694
0.973743799603503,-0.688262347528558,1.4722234716208,0.924686262887476,1.06041486516104,1.86778939567096,0.420917270739971,0.174097302169567,-1.29579141890987,-0.459461896379896
-1.54027302508474,0.627988806812527,-0.964527208704511,-1.45398428814908,-0.0111492812221819,-2.0422981678398,1.32105453837142,0.719781384796459,-0.484531933479183,-0.431651163005436
0.747888661540393,0.289118056023895,-0.657521842720377,0.557970888935387,-0.727451196239767,1.05549098573803,-0.981377802040651,-0.579543259603853,-1.65265767830609,0.199523896975916
0.600810279697738,0.437545963026289,0.929897316235414,0.397827720942691,-0.567595962576179,-1.03062006596257,0.779890779342885,-0.197820737219878,-0.750927977932454,0.444190557725433
0.3105476941885,-1.04853487177835,-0.99797722803694,-0.699549373327426,-0.338819036143698,-1.10455076840563,-1.12172098316087,2.15166134951123,0.691216021062913,0.695904535819014
0.110599026555743,0.809215872190498,0.0409111054666535,0.155070225443777,1.73904713637018,1.30274958879121,1.5728899470209,-1.28847042898158,0.315086950595893,-1.18586964350925
0.624696219069041,-0.627941077516063,0.992079270049403,0.803987365790961,-0.264837706613949,1.8060387051047,-0.0940480107613853,0.227030216808635,1.09973484046688,-0.312500982572518
1.52380688523877,-0.791890509394138,2.65720027867451,-0.908280389461459,0.615917016566327,-0.54160946236133,0.621542796178917,-2.17572644703315,-0.264782648056981,-0.245560676911317
-0.934756940403564,0.29858892201188,0.935879857803965,-1.28728076565495,-0.331918269875598,0.350525779389153,-0.198465083071841,-0.347523477939849,-0.163110076878297,0.739005613859328
-0.780411530725549,-0.639938429080398,1.1356321875897,-0.928906709435448,0.551808614220926,0.44915166146509,0.115784011081981,-1.16695058785772,0.568730811062027,0.0230020764794336
-0.426482472361479,-1.18177029135255,0.883137374327733,-0.233359010689695,-1.65759607195528,1.10916712694304,0.419515060609678,0.362527051970669,0.410498277956514,-0.926377943589033
-0.866694632241851,-0.593143512913126,-0.0131390746140429,-0.0798673797904885,0.317675125718253,-0.992751993776536,-0.357679322268375,-0.417127891298121,0.761964669285949,-0.65950997905304
0.612906945190749,-1.29614059703601,-0.885773874123921,0.549005899746608,1.3341078293764,-0.162155599195388,-1.32894943506546,0.25609382824414,0.00446996237868166,0.107211329328441
-0.629462950271778,-0.30577905783842,-0.253424311470288,2.22235775041472,1.69504794123595,-0.0818820184218484,0.293703780051518,0.0639613232862066,0.513976772588762,-0.377601407644113
1.02984197730089,-0.529777978187486,1.036681696339,0.417654164735066,-0.995016076844275,-0.0174051591920848,-0.902033998331277,-0.117371436288978,-0.845787583044489,0.315880570343078
0.369261644388596,-0.132938361063522,-1.12467650068518,0.481487126859233,-0.363709722707381,-0.179985024597224,-0.917593954363702,-0.55640972291625,-0.0801623791233097,-0.591611512494379
-0.236631585187848,0.966278046644193,0.545412221807319,-0.221393081896257,-0.12181913737609,-0.157248521491448,-0.546964367759314,3.17468309472966,-0.249625935181222,-0.45720698655344
-0.504000357098605,0.498559516780462,1.04842529195388,-0.4183653252046,-0.00712006307484489,-0.672742248615036,-1.7614723081308,-0.234892419402509,0.660904892804938,0.872656861937112
-1.13542904121285,-0.89152449392226,0.217015294775635,1.71565352672493,-0.306641992756104,-0.074165651912154,-1.51508513163081,-0.400720606849356,-0.012029078913564,0.41175336948912
-0.0725968999465044,1.73108374277054,0.55787353689356,-0.676638924909152,0.265477333438644,-2.0514475168046,-0.404687005272948,-0.479223308366571,-0.239400512898476,1.13488785846919
-0.696472697925654,-0.504105639219578,0.584827006444624,1.62467587777773,0.69037859358679,-0.317627893583074,-1.12315582894251,-1.66726256030146,-0.237788976986645,-1.04288488852015
1.09995669009162,-0.979926271203284,1.35972314415913,-0.0250330029467438,1.02063151274389,0.937334464425467,0.226460217269277,0.543227051731153,-0.372612560919168,-0.0863169032405428
0.530262250638256,0.465320334032168,-2.21578801565523,0.713791419559462,-1.28372683570642,-0.328603231865582,-0.0950077640127307,-0.15952234116399,1.03830255770656,0.0308275294087891
-1.06809436760227,0.174490231975996,-0.639823177066029,-1.73781686563537,-0.00378616150777089,-1.36734796333219,1.28082861130359,1.12533555079911,-0.189103294748111,0.520683813053062
-0.612841275059408,-1.07994560832622,-0.284028537447502,-1.20445045303795,-1.12383650486235,0.0832190308465725,0.645226298839793,0.325737528966861,-0.385817608689291,1.96119879442375
-1.03887355720399,1.28684232336083,-1.04498142128331,-0.418958491299459,0.358801556928707,0.255417151119325,-0.487220357654041,1.6105708083332,0.654774585535474,-0.76929874297996
0.79609032527907,0.998000361727794,-2.69349422393055,-0.300069770375113,-0.223255981380112,-0.42751091457809,1.21337929362359,-1.88962730100548,0.471897965170242,-0.110498728858936
1.07280032384925,-1.3736899034647,1.29981557983335,-0.740213037369099,1.38490921465917,0.97181154590801,-0.862128101182893,-0.0141337375842963,-0.550014073522165,0.284456512280696
0.0780743111949332,-0.331444223161341,1.52547366130287,1.17306228718149,-1.10646086709117,-0.893583324729849,0.294895495330286,-2.11371964172643,0.8385848760624,0.294340090778183
-0.326127191220692,-0.126632367662504,0.236598998761575,-0.886951523225339,0.187001926528772,0.0619076206743557,0.117882128724498,0.527062341362017,-0.341222573905585,1.98606532356342
1.38369900236288,-2.27003201935957,1.16537866284088,-1.63841595579141,-0.153365710410658,-1.20109645330441,1.677657753376,-0.19564762147218,-0.476633201886129,0.630901838352112
0.0633654032773525,0.582192070057541,0.442459805816273,0.783285233168756,0.350909808132411,0.761260431932426,-0.987832971612647,1.11148964496729,0.509077725325503,1.3028528614435
-0.0624057294629176,-0.328355183933177,-1.07505797468809,1.27715887984064,-0.0670956054660787,0.0738979150247125,-1.98969313630811,1.12604223722609,-0.657091583867557,-2.33385874675186
-0.085414789299177,-1.3247998944948,0.700774710256886,1.35957713428355,-0.128748195822525,2.13956436852552,-0.322749354953788,-1.45575431909009,-1.9111455324833,1.81766109287875
0.544688871943495,-0.482626000644313,0.414783673681905,0.673135515874039,0.599608515354743,0.279886617142108,1.45618152022827,-0.481317909103908,0.495231291274677,-1.72497198363532
-0.0420772998851824,-0.125330443687584,1.85590627833984,-0.686240378281204,-0.489059799113281,0.626520254617307,0.850101128080612,-1.01908194677941,-0.0243433529216251,-1.19659057844793
-0.0934187212989377,0.256725409047532,-0.15782501960177,0.0297229087828583,0.652429421601695,0.394306793179611,-1.68117077906804,1.59911633893494,-1.06774528666457,-0.368578328697325
-0.955957678700049,1.48026088339043,-0.940334828571399,-1.18711458924322,-0.081383860254101,0.126604078876856,1.01371165959521,0.0594060409671515,0.065214044054909,0.789313842483806
-1.72675174900927,0.279072020898763,-0.482930829562922,0.75046821909804,0.649331054584301,0.147039820517637,0.39156021390783,-0.854708019317499,0.925341826384549,-0.248894723481429
-1.06812659115534,0.0751874519496738,-1.03707258892315,-0.65220303730774,0.0202300776769463,0.408105740565089,0.988987144870982,-1.53849152181327,0.967069347522403,-0.534534262373811
-1.45334684314048,-0.060847742558875,-1.45552127616071,0.309225594270919,-0.708382744999459,0.164559779390328,0.634292579868401,-0.240994704530557,0.470841590612272,0.454339970303364
1.45871350337952,-0.186006350680085,-0.608767549100833,-0.603607844071476,2.59154258481338,-0.518878793275419,-0.535282582660709,-0.0709425439449648,-0.708441564984253,-1.50786566782871
-0.612682043224887,0.727940048303789,-1.87298216736003,-0.399622155025586,0.927720403905728,-0.666700433027438,0.366743838575468,-0.355372089828181,1.50892339235442,0.820552892896538
-1.4441406328506,-1.17954778140524,0.831168155528938,2.37458234954392,1.14275486997723,2.17134380972648,-0.682631882458261,-1.34332377066621,-0.145943562835794,0.48331384765265
-1.02164143570439,0.115539457482749,-1.54948158049335,-2.0449753017639,-2.13894596190322,0.239838597620429,0.0417399648579285,-0.0814473731475639,-2.30560862688979,1.29200661440593
-1.07138129957502,-0.821204087958027,2.09437955847393,-0.292452244872825,-0.69376198621018,-1.43505148060484,0.47394438561908,-1.95820049906824,0.179239671511426,1.44204811541317
0.567682191134472,0.346828036342142,-2.23560950231906,0.650107977606197,0.13405984343267,-1.02841983325883,1.00936486917941,-0.26255949735443,-0.428709449892423,-0.332610125500375
-0.361916056163391,-0.41885710546023,0.639697966867146,-1.05592534105464,-0.983354783100408,0.190418101090754,-0.804334853046183,0.373607872614315,-1.13086394852242,-0.987593115309472
0.172951334252078,1.01474246267993,-1.12247127699913,0.0249607625433189,-2.49607682227683,-0.05734616054334,-0.78520081227913,-1.39845338089333,-0.363482381049275,-0.682847609737979
2.18490777379151,0.230345033297104,0.921154734789665,-0.000983549243893102,1.52885007609374,-0.88074555231932,0.999912763708982,0.797224464926422,-1.50905468255045,0.904734546511659
0.210391785111101,-0.0758123399344015,1.63920903269321,-1.49292031854282,-1.55642542946421,-0.874731088394179,-1.07648242662922,0.578276276101073,0.592531182319398,-0.246100272683586
0.481082412524487,-0.138750381313598,-0.163911832437011,-0.391706069826796,-1.67569932476425,0.000971094266176997,0.701963259190485,1.2817028307885,0.950046149943003,-0.670317099136413
0.49885124971115,-1.91940639029654,-0.57691460849884,-0.855178385644572,-0.530211276999197,-1.12992320056368,0.707473815960043,0.248410873202198,0.0147747394110942,-0.510762402027871
2.83928685810516,-0.553498881543397,-1.45824051852853,0.177407553920028,1.30682888499006,-1.12046905918318,-0.469432922753318,-0.953314423405852,-1.64285143102094,-1.56637203061184
-1.15731780951663,-0.332214877092956,-0.89477802352973,0.466660508007679,-0.497305421028222,0.522322155429946,-0.444720701834606,-1.12578205558657,0.854247511987308,-1.2155978469685
0.427679473008786,-0.448530615275096,-0.128454677938053,-1.38482684794323,1.20853695215327,-0.0174706036871462,0.569022771946939,-2.21389732233652,0.264338838238108,-0.603153688917239
-0.540710289319022,0.349827789138046,0.0206276594615772,1.58365568668034,-0.16095686402548,-0.65578129567544,-0.758059717456959,0.433465813999146,-1.39937852912563,-0.287886060732974
1.32665566372475,-1.68696066946604,-0.323468356326017,2.13835912652071,0.0892891830007307,-0.696501621522879,-0.483338000692649,0.931822958644246,-0.864894418821523,-0.929645072508743
0.162575106669542,0.704866360385478,1.36755255626062,-0.501606806545419,0.161068855692877,-0.826323127857478,-0.785605763443301,-0.233932540063727,0.347935786353307,1.57808314491019
-0.612978139714233,-0.560785845207488,-0.492232235346642,-0.250768357092691,-0.838062575823907,0.0753357542204644,0.949500952807887,1.04008570508705,-0.400381116449455,0.593928632135771
-0.825225304647247,-1.45331988500285,1.27108429400141,-0.69837383129626,-2.08646150106749,0.866147979451373,-1.03522142547446,2.18717927119365,-0.708267910175473,-2.07015432160469
-0.567858047000279,0.314809940461128,0.225118337594458,-1.78320045011985,0.752795204749194,0.305398589753233,0.109627639258799,-1.67195887593935,1.85815222142789,-0.07334787779043
-0.556444582708487,-1.31309894325288,1.51018816750214,0.359591205692856,0.399750389172115,-0.366325779100919,0.265567192049501,-0.1172078445457,0.596314926054494,-0.618988540635909
-1.72670017196431,1.6101463857845,-0.387003026946358,0.00546925255755966,-0.193299106765259,-0.228129545395866,0.445990529604068,0.634290578975179,0.639515592627049,-0.221036719394033
1.2858603964126,0.42540109715361,2.01002122203383,1.95828468120559,0.917017515358726,-0.562113960514338,0.6201477685875,-0.223072801857017,-1.05463047207318,0.588183737050976
-0.0124902186676256,0.570235860243134,2.31018204855351,0.196941948082553,0.346589157501841,0.230403822627678,-1.02656567769067,-1.03240700152148,0.687304920151554,-0.247041841835481
-1.62930585970551,-0.834010443590734,-0.442816417219947,-0.720961995437507,-0.562924865844644,0.19583194050905,-0.751888651205069,0.502802342612633,-0.199389515291889,0.42960621484659
-0.323067557456774,0.618165043150306,1.83889498642119,-1.09196427729188,0.0275768476956764,-0.421471928418702,-1.74682385369336,-2.02306783718311,-0.463439986182394,0.00547557710140587
-0.541409432258938,0.564718771475487,0.906347289284737,0.518020466963826,0.875392100485215,1.02585582813698,-1.39075256509512,-0.686723556368231,0.554474849192115,1.11236022071584
0.544035381519995,-0.831483629597881,0.95073044588441,0.289029572160486,-0.857727504322297,1.7722531398386,-0.774017519300416,1.58443482442818,0.0145554022256726,-0.925105065341552
1.4269313511107,-0.575020998223078,-0.736327216355593,1.52239873063903,1.84147435820426,-0.26038664911327,0.319904561075803,-1.02090373170332,0.0809923039803404,0.691360217193475
0.660456593360189,0.58830885217899,0.238008302053615,-0.584110108391456,-0.0724703469078737,1.55975892098577,-0.55310241371979,1.59968094902171,1.08627375126909,-0.0723295170634881
-0.0597076023477928,-1.31068731498989,0.63160329741146,2.8148704339835,-2.51108841046932,1.13563118474521,-0.475598503554577,0.822466771852983,-0.676857588146018,0.385576504801865
-0.604038746018762,-1.45147640558913,0.609129563940115,0.324748096543303,-0.635679799188741,-0.132971002584767,-0.0585707356096991,-2.23955074994349,0.682127090493024,-0.450984377653466
0.903565315897101,-0.200031811820634,0.976133394792247,-1.36601634644742,-0.458159942032896,1.00507117887014,-1.49720962391684,0.452434235490557,-0.151027817637737,-1.22954072910616
-2.09914620431154,1.23326281819618,-0.08116848959762,0.0192229439767477,-1.65769774649632,-0.270461757192964,-1.70918084830403,-0.511516518766157,0.510526175808677,1.16224148587667
-1.22979634630793,-1.13590718873579,-0.513038543018826,-1.04285164539023,1.21974571024414,-1.61916013647731,0.88749959913785,-0.57530620027841,-1.00213236758987,-0.461110700618586
1.73098488847044,-0.0151527733962185,0.0446208666330648,-0.615199163270018,0.539891722365931,-0.00928418628900748,-0.0288054785616129,-0.915114195260856,-1.55200894001073,0.121700626712097
-0.375856967169235,-0.087325477668021,0.639860394852847,-0.129886506970977,0.470844134877877,2.51518650917302,-1.00479105055053,1.30524745741306,-1.70144841836647,-1.08290148402461
1.08269337958498,-0.811557261104784,-1.12288731510326,-0.486845837118605,-0.337552369635578,0.731075558901064,-0.0748202046428344,0.992539913071607,1.92940161070324,-0.249826471097089
0.646221370348822,-1.01781137618558,-0.214055770577362,0.631251087305397,0.0967866773724512,-0.14270581128579,1.2395053010682,-0.952292275613078,1.02612616519443,-0.801003079872323
1.31520858101389,-0.979093372260667,-0.908798654664112,-0.480894648518472,0.255977581564438,-0.796145195756126,-0.307671019352557,-0.405269284943608,-0.828149701819192,0.306584374491793
1.77687008796638,1.30282630559393,0.832063026146003,0.698590485662969,-0.012966489287721,0.29422923922086,-0.68556354948347,0.0716030645949665,-0.144116965649213,-0.330601959501775
0.00842397043970404,1.63737589294288,-0.994513139009814,-0.502450671143224,2.67915876615268,-0.763227878230957,-0.151627178466512,-0.374462877811032,-1.36058578544197,0.28439322389928
-0.453462763900001,1.22640757178789,-0.698215283511405,-1.80722546126875,-0.245811572392753,0.473518206382051,1.38642411554271,-0.382361423114465,-0.639084353287294,-0.987666645978451
-0.722218704279678,1.72330497097875,-0.304604537761826,0.424891367463068,0.638081851551744,-0.79210537841919,0.656618187588457,1.01007366477913,-0.0305525594597054,1.54840879737468
-0.169607039986266,2.18995448002931,-0.478780148275774,-0.614291295986807,0.398543225988124,-0.885828920663077,0.0502914570232327,0.486911159579104,0.0648634088154864,-0.127702270024427
0.593477110163502,1.16592913738951,0.0368607883236987,0.115477375435773,0.120523976864405,1.68639233971732,-0.998155224033771,0.0541959808198978,-0.11477907806156,-0.115907833871968
2.12846847883203,-0.12024463486565,1.4409562353903,-0.129420795903671,0.246598699962526,-0.562512292063665,-0.949599765770231,0.837442597747267,-0.385490165626872,-0.716702407647525
0.0710292223462626,1.26042490139176,1.39926933771232,1.09731815577041,-0.473025860206319,-0.640169147362744,0.697696988976309,0.65729601751447,0.0781617957977841,0.166687672022278
0.177875628720849,-0.150935509846958,-0.264566571809242,1.08875071628437,1.03662061849051,-0.739536183260797,0.504597510800442,1.55221258865157,-1.16541262858777,2.79016413235329
0.541836639432502,-0.542376205576325,1.10333699143324,-0.724445340591142,-0.636996355047016,-0.0113844547147912,-0.37455355240843,-1.43749321784742,0.227253341087254,-0.889656406858596
0.669134384057135,0.534311173427095,0.319900101263068,-0.252641546590067,-0.198451851873773,0.345106875999034,-0.337773779081391,-0.346877932010528,-0.575640572349525,-0.00798571426325072
0.401587251485631,-0.637049114108413,0.158462976728689,-0.353613389669683,1.46063305268702,2.07163138475361,-0.717054745105471,0.424824857715681,-0.860494475280972,-1.00766467326348
0.637921318213552,-0.46394120895747,-0.00750707654476744,-0.601312372407467,1.37563028971098,0.366255859834129,-1.04357389154591,2.34907221157699,-0.420348917588605,0.0371371638846377
0.18561028123569,-1.16849537885608,-0.138199032052433,0.511349608319152,0.40229187712358,-0.143147978719764,-0.639372846643113,0.811495313895495,-2.24080292838977,-0.562183335298852
1.09038951437944,-1.54012599313621,-0.471001723950868,1.20236831880245,-0.0408168352646718,0.423798571971266,0.619657496321876,0.808771303427466,-1.06678261623809,0.569154844281849
-1.13736180845959,-1.61788582337169,-0.63808643177029,0.847224801145406,0.156672801528119,0.0818416207917635,0.0607331183646315,-0.345226240691635,0.860092122287915,0.272461703421829
-0.170584539814494,-0.333323565549713,-0.32686792727454,-0.164778967399124,0.690745153244001,0.358927942924958,0.667983156168404,0.370709418170329,-0.93144449366822,0.525007769728872
-0.303004760366117,0.144603188774372,-0.89665913476599,-1.01498262180425,-1.6421781714892,-0.80067403556161,1.40372867457994,-1.44612618383879,-1.40018621870241,-0.783436754082679
0.135815067678159,-1.26158066619595,-0.353264123545182,0.364910081900774,0.664106842083138,-1.0793791443115,0.012920209053522,0.921366584573031,-0.888364368679987,0.137010896295479
-0.686234884634922,0.935861430395225,-0.993179801367355,1.30525221200779,-0.59754415259629,-0.804104256072748,0.481349405273422,-0.0277436746362456,0.100552778629602,0.658012188777815
-0.698884462586421,1.43471291437482,-0.203832886074398,-1.39085683539623,0.991182040911627,0.699157391450129,1.16540500943917,-1.20219283727125,1.32802134541002,1.84332258188386
-1.57167124731811,0.805257918793294,0.525994971697369,0.821488039205011,-1.78287886778192,-0.817348442450707,-0.488985102240837,-0.268362691428757,0.668338823258655,-0.938931772093787
-0.358611327679,0.693468115090949,-1.82641060336131,2.11136357329191,0.248779882117887,0.68910039069846,0.0668737943741032,-0.281092617202924,-0.342712702328543,-1.16544770856914
-0.820189890277928,-0.497684393920783,-2.13177398406747,-0.855676775815023,-0.41156761916112,-0.513482593349844,1.18220970763008,-0.867275165148309,1.89147551643228,1.66414062870299
0.38775842099673,-0.171717511720834,-0.041404318079124,-1.22073299096772,-0.348869220532099,0.945719339953244,-1.41194674219686,-0.548870904144253,0.0290580545442607,0.42688360330215
0.457018877792606,-0.436852541633336,0.379210561474396,-0.0381222041191034,0.0670015838558234,0.947529440536811,-0.167874086453876,-0.703874276549959,-0.966361724744049,-0.0119785016948152
-0.938238879134733,-0.197919354757951,0.59684366459489,-0.565955590773913,-1.60232927301207,0.0107563241693625,0.726778682011896,-0.481211420419608,-0.167553592466698,2.42138437414304
1.47533197618611,-0.575818762809427,0.38622498932864,-1.06760172449903,0.862711923159618,0.963205643198257,1.35964741960854,-0.900270060937057,-1.97278316884156,0.508833585362508
0.252765591435326,1.053671625029,-1.58422630546226,0.112511143030586,0.0210989833519126,0.70212499141061,0.931330828638204,-0.524223991107603,-2.0276973225454,-0.255130497519853
0.523516567083158,2.00024363259321,-0.62044706319695,-0.282139634172296,0.384357431055452,-0.150676082293456,0.712093351683415,-0.172649659277713,0.240363078366881,-0.14031750905747
1.35292614622497,-0.546292313124463,-0.081903457510088,0.538296056544581,-0.890704601188097,-1.13941455678884,0.707503403664618,-0.112957635195945,-1.95131762976477,-1.52148238512642
1.10553312314358,0.424936893176764,-1.76861503843577,0.817194359863056,-0.910483037259218,-0.556872341769384,-0.272438758608633,2.43150640616993,2.61615124917336,1.59247176564206
2.45839085241551,-1.13510004216084,1.00746618961641,0.74031758870083,0.578444721580089,1.12693017822022,-0.482320438348934,1.61197491203414,-0.413522792994402,0.701666309477976
-1.06816699503119,-0.0689279801217291,-1.77236358690354,-0.295712723039706,1.19539249504818,-0.955788174941193,0.518551947042644,0.824339958312934,-0.726563030499519,-0.224829930942346
0.480632429055799,0.0531625900853944,0.877809033329935,0.5621089295244,0.540588123155044,1.15202441301117,-0.674220194892199,1.7874893853619,0.738970379083805,0.215237148507665
-2.02659574410522,0.747045566026594,-0.272789050623096,-1.43298108914282,-0.063391358396778,0.0814748226232412,-0.6896993243392,-1.71378701178854,2.88408675680124,-0.722386295096377
-0.447033768172384,-1.0228721952481,-0.827089014401774,1.38976908278747,-0.195001149092234,1.11719042645008,2.12801593897941,0.581292007169712,-0.334593407689074,0.121040545550889
0.197059918232003,0.060427109418611,-0.104824551604847,-1.12027846807528,0.0203198985096772,-0.772300906670147,1.86118159400756,-1.05102286141776,-0.92858899449894,0.508971160029773
0.768398428737486,1.61491583990602,1.66698595631693,1.21684128868363,0.13707871594859,1.04622169719189,-1.19418238321682,0.689616436497181,-1.71638234845979,1.58439730590976
-0.35922988035201,-0.474618854960819,0.12867508679122,-0.317308364225078,-0.463112368669585,-3.17851717069999,1.43640994993934,1.34575497056614,0.539920484094698,-0.93914732774482
0.543770892694215,0.983498467259964,0.746603228370481,-0.855555068461983,0.863267188194384,0.405026820458938,1.47652064260749,0.227268190412631,1.57750510513353,0.122106339627789
-0.926214525477849,3.21091490015838,-0.830927985367512,-0.437325358927182,1.01996353644078,-1.55614149529582,1.03476435977374,-0.933480285232679,-0.508482655138897,-1.17685940749432
-0.204192643848999,1.80479740627565,-0.512063389963471,1.07174786089628,0.0354345214813937,-1.54362236421925,1.64546181048493,1.19902278916203,0.877271280872442,-2.10895255449213
2.48200636145319,0.93486437701116,0.412768463918215,-0.969641735851032,1.61997152838256,0.129587114923935,0.601488806207826,-0.981094859468469,-1.08692228469936,-1.03114076948633
-0.471785821224906,0.643035077538403,-1.35930418303964,-0.430764209968923,-1.05523757256447,-0.0740667871567728,-0.541875990390224,1.48635165641335,-1.44211293789278,0.499478726396099
-0.88775939785831,1.7129436971994,0.627894968145831,1.55660663397648,0.555888712567948,0.54091117024523,1.34459059883816,-0.640033506017566,-0.793112618248538,0.0631618640954309
-1.07148854154512,-0.396396238833722,0.291711767668371,2.24051775265799,2.07929228570688,-0.464179382410752,0.8379991911739,0.948165925586503,-0.486095990061854,-0.393828487272447
0.614627997196151,-1.62144943024295,-0.94243900430984,1.41928344867899,-0.922139051555235,2.40656883774231,-0.130072159763858,1.11216393092881,1.00174834779474,-2.32296894532561
-1.01707367465473,1.54054028825515,-0.3942981894926,-0.997238108901341,1.86342751007887,0.365551716812694,-1.12383145255308,1.62212190735409,-0.111768875693601,0.474866739177527
-0.32026396843028,-1.57082672571456,2.07777075515109,0.0292378921828617,1.86761283612166,1.74392578712909,-1.6245541903792,1.70721392747922,-1.67671412637103,0.243618915494104
-0.508721242551762,-0.323639560514922,-0.317891516298307,0.549694433161675,1.5538445894261,1.27812117996038,-1.70746038191984,0.789412580691197,0.444377967515767,0.631869684501542
-1.45432497217954,-0.714648119567835,1.0572154642587,-0.191213576868379,-2.01341691348343,-0.444624406774013,-0.903307169493827,-0.747757500872665,0.370331914499555,0.887793007376126
0.071256408255173,0.548094572449922,0.35291877321559,0.852087648729647,0.31042696136335,0.254549840568373,0.28683693086465,1.31413564602608,0.381344637992542,1.0741010995313
1.40702205505678,0.110510898961381,-0.475792780467659,0.882030464612324,0.57068178111674,0.370918491925413,2.68159482692259,0.12086618184423,-1.11404013001817,-0.134704962778839
-1.18675391594308,0.254592315934242,-1.34099619506554,-1.31219869770745,-0.682604330528175,-0.885702937103613,1.16184551740837,1.94427172378154,1.67599618619076,-0.303318235650578
0.528764376033698,-0.00367009807694457,-0.416791386036578,0.458496343696753,-0.242228871733558,-0.511465092957996,0.146295219349422,0.0429229925430152,-0.956747544944105,1.06628904082305
1.13782261276189,1.46530061832474,-0.122130914083854,0.0183807375476571,0.31262369245107,0.249179278931633,-0.448306997589979,-0.311868529708477,-0.746731823805214,-1.40678624426682
-0.761807459010191,0.426332658197711,0.159126713492675,0.0720022047358334,-0.19914951788463,-0.894262959129716,-0.909141797858453,1.62851819642819,0.398173119048695,0.457269417155968
0.765365755733085,-1.2635514442495,1.03781154618341,0.7660088992165,1.82852238910599,1.14058297803424,-0.363619434207721,1.02770931443318,0.743472998698562,0.437055431885491
-0.489563143314853,0.0220347790942413,0.218099656496099,0.455270835206325,0.313802885893074,-0.0174668605049504,0.922230577788452,-1.04005039329456,-0.238570775395525,-1.22345724449723
-0.891266596779985,-0.301716079908238,-0.32665913327494,-1.02261256584803,-0.0489023516435097,1.55486133765315,-0.697678360115676,0.602701614146486,0.558078143866415,-1.46508990320781
1.0176960011321,1.24990385494894,1.17135677608455,-1.11741090721271,2.08886272348906,-1.7379603466714,1.1278302715256,1.4701051553804,-0.430043303731336,-1.00930534749552
0.483753617215576,1.12605791194283,-0.504000953712027,0.456168495525675,0.0231512737452796,1.19780290320292,0.149268026504175,0.509260507869424,-0.102821988376172,1.37318458069794
1.5679662016254,-1.74504319719801,0.560521241956743,1.44419740428915,1.07827376028598,1.66145822395995,-0.513862245192119,0.196747152953406,-0.560848296226686,-1.31627047390961
-1.61395327232666,1.9897391112589,-1.06774789787327,-1.81039642416331,1.28787210994904,-0.672231113556892,-0.121252459366285,0.469895198580467,0.0953361853899321,-0.437257661322285
-1.43114896006107,-0.21477137682042,0.226533026030238,-1.18394989123015,0.313898085371938,-0.404174744206415,-0.847033441873942,0.067769368391239,0.112050371091802,0.829730556110835
-0.651842283674802,1.39693397670203,0.347691637275223,1.0323926568336,0.115519881219154,-1.40524895832523,0.778963881491061,-0.186443442119649,0.0581444540372685,-0.166690619184343
1.13855264475205,-0.217774588792313,-1.72490720073454,2.3875203735553,0.725222271595353,-2.01780207527032,0.0317010427727839,-1.0608551775292,-1.75953830205817,-0.321117265353525
0.362406022609045,1.63991150485242,1.45792327896838,0.755413328761964,0.328545892071938,-0.497842693001696,0.383535990589599,0.45179305353443,-1.14230350123233,-0.28314132094465
-0.626164005204592,0.067314372422132,-2.00854471633333,-0.70590335546627,-0.586084364938036,0.55389740789812,0.27015361186562,-0.546198915967705,-0.476286357900401,0.303954833186075
0.298857638990873,0.622165627985368,-0.051870136702644,0.625541829002126,-1.89485755727828,0.714025882453139,-1.63776492650405,0.385262223796079,-0.219901637208254,-1.04503969075409
-1.0408989374774,-0.219739950556866,-1.55666289998452,-0.533550760537925,-1.21791437352233,0.429203591424429,0.926228415343964,-1.44273279176154,-0.452152855646767,0.118703278812666
-1.5677921110084,1.20184715758968,-0.351205882003438,-1.21926897232215,0.453105870688105,-1.12915686287792,0.365274039542632,0.101057351076207,-0.89092015945666,-0.166430187217812
-1.04714980062735,0.188038010088977,-0.434024036101055,0.25662542017377,0.648677549145824,-0.885102640018003,0.147908585192913,-0.639729295583698,0.64765823101749,0.403394608607225
0.675415182367079,0.982730379167949,0.14869846676148,-0.967852872324387,-1.52181498173205,0.896415414123842,-0.288818737571293,-0.893720853235756,-1.04984136169912,-0.304983474919134
-0.167568076502961,-0.0670085811262106,1.94917316864706,0.0578255319605784,0.937983629634033,0.949380409122782,-1.958238054734,-0.211662980125059,-1.90458561450049,0.364183250489362
0.507396240303431,-0.7818250502591,0.294945795326491,-0.851295676512798,0.334987480875456,0.277471721160362,2.40804135048347,0.346541209335999,-0.967579906395758,1.14449340891163
0.658314509224267,0.0908218722737889,-0.772429025043031,0.796565637659432,0.877308586550216,1.2753634518213,-1.34384150078492,0.621843510853913,-0.244552127252771,-2.150747251253
-1.3366402497292,-0.267126135232504,0.786919387525031,2.06030027109232,0.96776259228391,1.48456409617131,-0.0540409635697572,0.336977204686074,1.09395060675382,0.700901481332825
-1.28833843146118,0.891757170099218,0.481612837884566,-0.992752154480177,-0.365636964216374,-1.84141228957024,-0.521080022192956,-0.989061430034865,-0.934130788677271,0.7337661706124
0.974007003052715,0.139467211755891,-0.958099184992721,-1.37839998256243,0.0966629177939943,1.89709158331144,0.531470766341291,-1.06232870469321,0.797195167021042,0.876951545850197
1.11775413343657,-1.14668186529904,0.0897501041233795,2.25159632532447,-0.554894270360796,-0.19970053121921,0.864604902080148,0.0627135166547609,-0.609732235551806,0.924251132509561
-2.08297026337359,0.185579142811916,-1.20197111960581,1.63394840430718,-0.238132245566277,0.284771530841119,-0.718985984750999,1.25926044936425,-0.393399931579703,0.708800056292625
-1.01868534864822,0.0818612845762937,0.555371819957564,0.419503383060329,-0.909100526670016,-1.31640531005837,0.489939142586073,1.50535181023293,1.28231128035597,0.764044380508783
0.284586255401716,0.276800894160116,-1.05731654894236,-1.19630856226812,-0.870497983224743,-0.41513930096141,-1.38915081022048,1.70072703215897,-0.085745355674459,-0.957279551362037
0.691789825182104,-0.917012127113915,-1.28604748838087,1.9219320506176,1.43696089648267,-0.614995849212077,-0.0923299465433035,-0.0479679955567546,0.92138618813162,-0.419120355277421
-0.9801714472851,-0.468342136294498,0.923335004571809,1.32319764236879,-0.793399377957271,2.10633773733961,1.02898127513435,0.709810409362881,0.68460376215589,0.111645484219489
0.171308259370884,0.733513558728662,-0.892635484719443,-0.88220530948807,0.592829071773375,-1.10077756371242,0.507606414405395,-0.615374967255661,-0.757267198951725,-0.950323918870317
1.0261858787812,-0.0906195681160551,0.304246184443808,2.02009014542271,0.47568305590493,0.949072978985184,0.00327726227513383,-0.895071201799673,-1.12197231896098,0.498912360160181
-0.528553252138867,-0.0256287382238446,1.4092944899482,0.758851128441475,1.0847998092684,-0.19171934246366,0.229431143275588,0.0991726894296374,0.529415900142336,1.57410127393449
-1.68210499429553,-1.14889954274295,-0.403857935632586,-0.737099117957339,-0.210479623922205,1.88017644243856,-0.404532588007932,1.68624568691847,0.446590407086388,0.626165509044151
-1.4312020645033,0.115054846453228,0.284601105289308,-0.69466981262902,-0.183616495299967,0.873955971640915,-0.187443968360637,0.152477795494259,0.993520860330058,-0.207908539308757
0.434083748040633,1.40468126408927,1.26375372533548,0.295942846230705,1.32844331619782,-0.408330960144808,0.399151190523083,-1.49490187477542,-1.75221220134696,0.144892572432037
0.109677134739357,-0.222179196384594,0.191540372069638,0.59178472291853,0.359405039123778,0.247923649942799,-0.893370624316958,-2.13097505229169,1.05003850932165,0.828150120280032
-0.188300817941358,0.258326492813095,0.76432148212823,-3.39538591431319,-0.702192328026584,0.959736237417929,-0.620270923388687,-1.24162510143244,0.325023661401674,-0.325337845172418
0.857765386842179,-0.926762600741736,0.405264400462718,1.23466303824302,-0.310763257810309,-1.75750217295899,0.357062904658417,0.660178127346478,-0.838965448139117,-1.30547322992629
-1.15950325267845,0.184728798167113,-0.983557525555326,1.59423591550697,0.880825441426057,0.410106015251421,-0.14876683462649,2.67562374733589,-0.796235217105912,-0.251873862305907
-0.404530802025145,-0.94123019291739,-1.08237886215655,-0.601331319982881,-0.808432054131841,0.466467119652925,1.26215648374318,-0.958102603300692,-0.942823371165639,-0.332363858196835
-0.850710695300926,0.605679290831393,-0.178046060387121,-0.443028719783805,1.50079198458782,-0.22567619605653,1.15821158564253,-1.19044273944338,-0.437408635825075,-0.195891271181972
0.229582219898277,-0.229524122173247,0.0365362539156952,1.80012121579255,0.510948496136757,-0.114941975883604,0.462043722180785,0.606449452798281,0.367169046017814,1.84063810328169
0.362223128651783,-0.238804331103802,0.0387053043674887,-0.808159582171049,-0.105294771378609,-3.50477341583827,-0.440778355987099,-0.610883349970312,-0.975322253742416,-1.03408575874286
0.33709784444874,-0.245768889433269,1.08881594133398,0.556204176313382,2.19462739294288,1.06004791079281,-1.91091750186901,1.44178527240579,0.864178318976274,-1.39276892812429
-1.00716326477712,0.625605515382158,-0.77102783972402,-0.422122757566289,-0.135846385317675,-0.695770305004189,0.0397448354533386,-0.525744576011056,0.225378345825532,-0.709872686477646
-0.609237397639773,0.37387892150492,-1.99998557657938,1.29190290582288,-0.0287543498997436,0.0969564377282886,1.09049078951765,-1.994960598806,1.53444844758685,-2.35608164885723
0.945992383237309,0.166698145025114,0.81331415591583,-1.037719219003,-0.0939956880266087,0.110285784107475,-1.86551999570239,-0.171468983392319,1.2759189538849,-1.50532847767978
-0.340384779763722,0.146471991721943,0.261996654559763,0.475007219359825,-0.880201141795982,-0.154021847783451,1.32104634135844,-0.771844012011678,0.0310277460412352,-0.830138066625673
0.144417789857494,-0.68206038903178,-0.148576683829502,-0.118878163426549,-0.137131206037772,1.55215454610594,0.223220589689208,-0.443079130763273,-2.43549883660322,-1.02414178563164
1.46765699497296,0.0560190667230413,1.49485886204763,0.869784134647707,1.54305902821456,0.188446140663536,-0.290502677912288,-1.61023921612909,0.478047814406784,-1.49307952189689
1.60250917275957,-2.51082521505996,1.06583996557328,0.781072540127517,0.634164983817794,-0.125629537623523,0.239881895312557,-1.28116478907742,-0.682757360009616,0.001360046676812
-2.05466050789172,2.1007523429136,-1.84135346954135,0.280534098577467,-1.25316992933705,0.0142519556347004,0.88957090455625,-0.516078705775878,0.279291954900185,-0.218796691829023
0.674325365497548,1.22868060372326,-1.06240056359225,-1.33714247419488,-0.41086087634708,-0.710516121991098,-0.441061718118236,-1.6051640277809,0.127380703023885,0.00986101434677247
-0.793009768897412,0.410039455603878,-1.08773289911416,-0.0782884951781805,0.740513392843433,0.976279987804694,0.168432806168678,-0.6807544605053,0.94099242094104,1.01317183714966
-0.573388660069905,0.552124132623327,-1.33339842020664,0.0927214254681631,-0.536108238965379,-0.725047606223421,-0.446883500145678,0.240901852943617,-0.584296171482773,-0.961094465009601
0.682439270979917,-0.208457117703169,1.73528680426693,-0.377888119874783,0.822420654301722,-1.184272487911,1.26337383798191,-0.137553359697148,0.249150867520186,-0.576281137813173
-0.902105617781724,-1.26455191686922,-0.275289156743683,0.221986175027014,-0.340051044066117,0.211762782039462,0.342889207684937,0.00716440752356914,0.448044775732766,-0.44183751621245
0.588921241581651,-1.17368432587943,-1.06981205191211,1.46218125633424,-0.510323933820225,0.526313585343223,0.813962739973569,0.208349774318098,-0.821712936266188,-0.695903573496375
1.59039516675193,-0.505921935248213,0.068416750783508,-0.451525827299526,-0.514214959776647,-1.2888332482457,1.27343437030985,-0.626842038044924,-0.828228560378574,-0.075350754985507
0.846591477613044,-0.725563166968568,0.000417921011331234,1.18101658283292,1.18798712688509,-0.111728493747607,-0.804140951416763,-1.0288331021477,-0.269588007988632,-0.350551602031487
-0.260633066842708,-1.40064851250255,0.319484353021608,-0.113372586028372,-0.309576906163249,1.53353309178235,0.253292990231171,-1.06707308866648,-0.590152129767842,2.35268370674798
0.693513618584316,-0.425359913182177,0.560890582607629,-0.61283731684064,1.20758060348379,-1.12581860359571,0.932484213807437,-0.357132085587043,-0.284344691051589,-0.83778300279157
-0.351758100383824,0.204012578178336,1.07008190283299,-0.571360533443681,-1.53111605640199,2.13269900587837,-0.614512542127119,0.448076757630793,-0.113034271081275,-0.330578529820721
0.547672858826675,-1.78978891870079,-0.877823576907776,-0.109341083878594,1.23227450107929,-2.21342701002964,-0.181272009397457,0.423632149096351,1.18135849910663,0.397814615124559
1.23723153289887,-0.958678719520269,-0.446001235596322,0.30546936069115,-0.322673851022579,0.306659786094272,-1.39622593486785,-0.0132954218813805,0.697580107839041,0.57334201326894
0.602797858059766,-1.97411227196121,2.00155796387106,0.0314385635519917,0.558967720636517,-0.464616412991559,-0.367267612726745,0.603803038381566,0.700957967492898,-0.615398203652754
0.197350956397026,-0.625793063367774,-0.274171656827522,-0.167739012514291,0.59387581165669,0.275328826174119,0.931107709843092,-0.161296028328353,1.02929281076735,2.20791018692213
-0.0225171796213957,3.29457377623416,1.1567156837561,-0.765557679231714,1.14795632362803,0.748158691862611,-0.230039349441678,-0.0661407640973701,-0.0200087450818723,-0.526652255920637
-0.230589431764862,1.27071210677274,0.292075072343766,-0.144037123370631,-0.490345156275499,0.78365557453017,0.737491225451168,-0.486354258796408,-2.46012703570853,1.12118744857597
-0.881168195638,-0.450949255917156,0.272359923066661,-0.429759859069854,-0.701233038689465,0.5876562438774,1.07871311793119,-2.42427252469524,1.00300890378271,-3.11801061459937
-0.509702612626011,0.186339737278061,1.0886148037848,-0.16223783748142,1.72505027932878,0.0645483168229021,1.5424574918778,-0.548332843652633,-0.7468052549599,-0.35633004751677
1.9825673421853,-0.294665974276643,-0.710672910786512,-0.199345288090933,-0.310768637419046,-1.47776188018369,0.700133376038361,0.324517219073352,-1.07244495714038,-0.0189534576148553
-0.384917406125032,-1.47484731580868,-0.272368501710768,0.0551491158317464,0.435650231355856,-0.79872585154331,-0.598937244751037,0.210405049669676,-0.0892798471726388,-0.16464787161517
0.691218006239805,1.79224428993403,-1.16829692462583,-1.81290353879638,3.18799078709683,1.47469118670338,-0.671837480950982,0.0891086327433703,-1.11040431814653,-1.12668383198595
0.597075091470254,0.300924867859332,0.444484347308298,0.189017726883229,-1.80668088080306,0.884718276987469,-1.92937103034142,0.711164762826735,-0.278560609942217,0.127687171523328
0.592012030239103,-0.0789474495431499,-0.551894792812322,-0.365001705602784,0.511593905540587,-0.2880925951106,0.450758599513312,-0.229681094105727,-0.0718973081241843,0.692677873660428
0.392321689216511,0.13530783953826,-0.82092101622041,-1.75239223093959,1.2482045976504,-1.24416533621244,0.895383082974442,0.828260370800614,-0.32425041372672,0.156737519945428
-1.18504584338289,-0.513045210690707,0.129679238538274,-0.792150472855621,-0.61179418080366,-0.787624834121042,-0.504259077296073,-2.18081541005476,1.5188678367623,-0.0221829333987492
0.251361258035908,1.98694545532525,-1.96295792562351,-0.942036706006286,-1.38289186989611,-1.59912972149539,0.725883302000965,-0.570812096768339,0.126561318261472,0.894699392077212
0.184464306294803,0.838367721651164,1.52345813686151,-0.0295706270545558,-0.441293992620387,0.585730899778203,-2.7189618676014,-1.1650870227654,1.90330947101858,-1.14955555684671
-0.376529218602782,0.0361936104583076,-1.28062715638645,-1.34201960731726,3.1032255172347,-0.428534798458322,-0.448188301538613,0.703811892287446,-1.56336039370127,0.23076276151657
-0.387424445177991,-0.46309993756806,-0.752048694162204,-1.77863125021672,0.620434770595471,0.187067520181855,-0.26619087364359,-0.236493736912447,-0.130741842245877,0.39697512575165
-0.273807229405743,-0.234368920211498,0.58236612235834,-0.399439735406426,-0.265460620138025,0.647301873563572,0.801639062772442,-0.9785854931229,-0.626330496409291,-1.07096278687791
-0.3583554095415,0.67829708254474,0.236459462315307,-0.282160539317056,-0.108577516658742,-0.188165132813451,0.747993340899758,-0.101945034418085,0.422249113827922,-1.10634083667301
1.14422248650927,-1.7682669899697,2.30236446812528,-0.112349012387667,-0.136026583860555,0.347503135790432,0.357151115565556,0.067182875011181,0.419485304123336,-0.849297208473165
-1.15244107295668,-0.0206744258320987,0.166966245900037,0.972854093258663,-0.609197303206763,-0.776933100832686,1.3012284734982,-0.116808320529823,-0.211609013619441,0.570495942143644
-0.283824670800981,-0.992433723058664,-1.39172628580141,-1.19766303290886,1.14455187533171,0.682808756267017,-1.27922320298021,0.947952168293912,-0.915461001647162,0.44114802466546
0.129707490375839,0.67364329632061,-0.470721615763821,-0.372648428758924,-0.592558891971792,-0.0353518826113665,1.16205758805312,0.280167560789992,-2.48483068544097,0.685434542831827
0.3930907234906,-0.406134898345647,0.644995527875387,-0.158622260011113,1.59386410986188,1.1067566943246,-1.26530314166898,-0.35601877890843,1.29369818884001,-0.821143893667414
0.44349874222408,-0.43977384050761,0.711749202803548,-0.149342520731108,1.10671961730182,0.0355975232771869,-1.39419184980611,0.1373007086969,1.18265720994226,-1.36675393129838
-0.021569926818399,-0.220861766539965,-1.56744605500896,0.760771276774724,1.0259613470908,-1.26855955573342,0.167888686926057,0.48448162571253,-0.94608601909795,-1.03287998793359
0.217698303983796,0.364647883875054,-0.180106086265818,-1.20084529527724,0.384087822198464,0.120223771299047,-0.657650553583673,-0.791338326338124,0.72548193681086,1.46602310873187
0.783524418556716,0.0238102228969731,-1.90645313225575,1.14871081281773,-0.539644530696801,-0.894806087894009,1.58826628310997,0.0229403949805767,1.62567901432615,0.553030496625028
-0.292755920917138,0.301279814575397,1.72472535164944,-0.285191704494354,0.857980726078325,0.425228534799739,0.746303709756142,-0.767358405018527,-1.50947751724464,0.505841796802961
0.208357907641886,-0.911108793945799,0.0145959173038806,-0.759607124525748,-0.765930812933886,0.63264098419535,0.110255891385521,-1.17146219640602,0.908842682017107,-1.28605341424257
-0.809396443355578,0.748246293723723,0.984224023776659,-1.02164382243915,-1.75609086065512,0.325387152351351,1.38054979525969,-0.534772761395723,0.618816835394675,0.0256238781408482
0.153779303457285,-0.0950136742238517,0.199564173052816,-2.06533634541774,0.33815733876619,0.943848914042659,0.772278860773799,-0.857095608064827,-0.0703208023970104,0.133824242196961
-0.260468940493489,0.181398160628751,0.719064689542653,-1.08057930518816,-0.246507699591738,-0.048675048895781,0.158343410780557,0.742184906143721,0.18625838126675,-0.397133768003215
-0.452817100371711,0.256653384328155,0.113260001847644,-0.618063603850594,0.389581162821366,1.00022575415641,-0.194392015517237,0.841978074197973,0.375110258455901,-1.42787464664974
-0.850276983698496,1.75159169064029,0.448256828101974,-0.864579888802528,-0.428524884898244,-1.05699819567323,0.377764323279405,1.60457793746927,1.04493655388281,-0.124485199028967
-1.55504804862983,-2.00483171470299,0.0398780189502233,1.70302835999204,1.12739798318663,0.824295723477481,0.731556898185491,-1.53070107062287,1.32723300486788,-0.42929845011253
-1.44781583468802,-1.28087899506212,-0.833205468695783,0.711834978476848,1.30356446798796,-1.58619773700638,-0.123053250865436,0.776091812827959,1.14458459706392,-0.175550318791704
-1.92292594059047,-0.515958740803243,-0.248498323082021,-1.30809249374845,0.0818143311234332,-0.537362150323893,-0.270761807080918,-0.699833904915101,-1.12447810089933,-0.332189406361557
0.713071904186908,-1.36712637405561,0.833486501038189,0.753663922682455,0.317596996679426,-0.370464803067133,1.10898426863178,-1.58144512403016,1.87921456666641,1.00167901417889
0.967235382787892,-1.12669223745713,-0.298776929589116,0.50153609908309,-0.98991264078257,1.77525679728528,0.621487994294161,-0.109413222438989,-0.126777951383923,2.07380570210851
-0.982023366065943,-1.24229103521045,-0.355324287040498,0.711706194105936,1.91780361969389,-0.136230063762987,0.286694849280733,-0.633487635881965,-0.138317348423577,0.204277617879427
-1.23250769404175,0.27887782766934,1.36681864748585,0.813537187438353,2.0178137271941,-1.87782722579387,0.380939503762046,-0.419132220476962,-0.19427879300352,1.86919010524062
2.46334440097347,-2.94955573128916,0.150202048510922,0.0972659494879313,-0.708859762463127,0.326207735614432,1.06702256342767,-1.44597948918999,-0.701516130241011,0.174933809915618
0.108598880245525,0.808696211490663,0.0397911061943372,0.132124959008148,-0.390305314310669,-1.59941113075807,0.376986152975113,-0.583361930637612,-0.170767274833579,-0.45336337238749
-1.80648179009269,0.18836297934375,-0.864091631493522,0.412615523515271,-0.405217407694924,1.38647288947338,-1.3266102587322,0.511326653032382,2.35126569850073,-0.257281868301593
0.157155875889578,-0.0403223852491821,0.23078660068989,0.509815498530723,-1.69153040351529,1.70263300450463,-0.226095305427532,1.48043665634278,-0.109219764375397,-1.03013125348391
1.39753438476814,-1.52160840010514,0.38358895420759,-0.255110070296935,0.965801700769941,0.377026123884538,-1.1203442628108,-0.49159724925481,0.691283538861651,0.194272489481993
-0.274917979914017,0.765399000438497,0.763410884163559,-1.62834850575001,1.24521492893831,0.123260008273785,0.359053678227944,-0.342342197836325,-1.68393997087228,1.52758694227271
1.00691206007068,0.869067159921046,-2.02066369028729,0.94889141530059,-1.72803213786864,0.280510857341602,-0.282788605328376,0.432204381176157,-0.378163728713014,0.912216221355902
1.06884857018188,-0.0336655873291508,-1.28747901415327,0.386645062890709,0.576443724662698,-1.00333395467431,0.958142714517169,1.95874470626406,-0.40840384715818,0.290437763086565
-0.743949244845298,0.111609123978638,1.17127939927255,2.18254033551489,-1.10568018935018,-1.07714885339184,1.04754893966728,-0.597008705253873,0.00331129213917448,1.43186748430087
-0.583065559708203,-0.245938293587255,1.08595620741922,-1.21947443537015,-1.02103380143633,-1.24102303348826,1.70468775304697,-1.16925763783001,-0.168150233038638,-0.798299842428111
-0.0655222566915844,-0.776006160064013,-0.210358574877466,-0.0317674332165348,0.186781677869076,1.19617140425272,1.20332870963428,-1.30868616886646,0.498494356545544,-2.50817498898295
0.572489137947274,0.385853891093394,-0.570156749125139,1.20138467689239,1.55840327761088,0.75312895081491,-0.135866489252734,-0.973564828052189,-0.463976348884482,-0.406693583863698
-1.05371532644122,0.626235619209835,-0.211476229255506,-0.429730553690097,0.518597028910196,0.923838361055388,-0.987049108969633,0.255290212187574,-1.70301619086445,0.550730306334578
-0.143689559837407,0.988011158148998,-0.554617550050869,-0.253417102915823,-0.281782709930605,-0.675078090775966,-0.378825767506979,1.11013301622082,1.0752915718175,0.253693223491517
-0.585963340356051,0.710808883667616,1.16976616628717,0.237573578867743,0.50311985064476,0.329356389094623,1.09759554007947,0.615976995885667,-1.15105456301942,0.0757731810130473
-0.208159916891532,-2.08807192962691,0.534317072850986,1.5964278968316,-0.15073172023175,-0.409481719177119,0.496690315632352,0.970896985288576,1.15334673821699,0.402882063164275
-2.21905247170279,2.01605052979366,-0.419594015641238,-0.249038442414564,-0.91325986423622,-2.65523432360816,0.186045147791763,0.456147825402805,-0.738074520240537,-0.375042397362424
-0.0317127569344554,-1.91201682170198,1.23572180003147,0.53591587883961,-0.186990006014204,-0.675263260536579,-0.908076509476498,-0.179092589122283,-0.308680961041607,-1.51087368973665
-2.66771473246583,1.00974906042878,-0.0300298281520889,-3.05672337974154,0.147525831690497,-0.281513847650869,1.75602563352028,0.266309517033566,-0.958126747867651,0.209684041990976
0.0617117853726,0.438810509936606,0.294324757244753,1.09188140459709,0.448321867680768,-0.300367309434074,0.904029304746688,-0.392526096422132,0.74457956719847,-0.287083604548976
-0.591655897668815,-0.137448782935761,-1.15368878727606,2.08518834740142,0.0846570749414742,1.03907314693351,-0.636226066636298,0.0211810195480072,-0.147263249779199,-0.171872405267661
-0.0501129588381901,-0.137492947623822,1.81121532132421,0.828398450688997,0.0554323873645184,-0.967056743261434,0.199522004861671,-0.103917112009037,1.30213219680327,-0.805652678312673
-0.746595412867548,0.931833729207176,-1.05438304230125,0.391019696399234,-1.06759130482878,-0.474014312255076,1.18241841770563,0.315392323202707,1.07884258707286,0.27664697028646
0.73708652755842,1.88952084534781,0.419907970518968,-3.55420317796457,-1.32561322853777,-0.788709334184221,1.18018503197409,-0.0231567479416834,0.255159888927344,0.126380203313268
-0.538745610757145,-0.383423798564587,0.964801615737087,1.89241463336663,-0.207336836019471,-0.658442781718392,-0.374527272706413,0.509721710602693,-0.168768338394098,0.495255136465429
-1.64407371474107,-0.807605936838511,-1.1101708376119,-0.298237403946902,1.06674592206684,-0.67077708365466,-1.01095728623868,1.37324086263493,-0.749431031014466,-1.28576568064907
-0.996600606492025,-0.255116341602621,-0.130164046394262,-1.04330522995882,-0.133362932787851,1.04948781602735,-1.28028816882798,-1.35291655505382,-0.799335947555121,-0.0426507903309442
-0.713855681638825,0.837865508890225,-1.29876312887198,1.70092432934723,-0.53837232304326,1.22950813000682,-0.564141661864587,0.178269025275198,-1.88662670802442,0.294945901753008
-0.952627084151956,-0.294503200529212,-0.308091969436091,-0.764478726380097,-1.18333906919528,-0.544603545302884,-0.622449053396658,-0.273376145809508,-1.47951352757117,0.151371242729178
0.445234088324048,-2.26378339582749,0.468534146293876,-0.514543501637845,0.806211044395571,0.463011202058874,0.054733789860648,1.22850958225362,-2.12980199848193,1.25954003734254
0.90045570368273,-1.44145866454294,1.27993927706324,0.0372508225198834,0.380505152224862,-0.703251448691506,-1.62349050049714,-0.450029440710409,0.29612956905403,-1.51473827290879
-0.108645914444825,0.362925070488296,-1.00892558115977,0.565950233173052,-1.54931341081418,-1.88849508380936,-0.160584349636526,0.346551110822654,-0.382462348737993,-0.242522150846341
0.211509301901793,0.832657341392678,-2.88757105983802,1.17679599907687,0.0339734525091379,0.340910458478703,1.20995369232872,0.505966324975349,-0.282780902297569,-0.837769019886967
-1.33635183344949,1.83714270488206,-1.19321642106657,-2.10186724490607,-0.727868412942523,-0.336345691696238,-1.97856519422033,0.211346855829824,0.0417754964842104,-0.452433097783784
-0.388500481956214,0.830682955856547,-0.450505819361896,1.10911978553104,0.516243775680971,1.12107307378889,0.330902542886707,-0.022297227559629,-0.222739896782479,0.841226028647635
0.122403874681531,2.58215565073137,0.627165235446288,0.249188951817512,0.215371473470536,-0.794424024663967,0.32261240101322,-2.0161740567559,1.59111285594976,-0.731352532186795
-0.725597811126772,1.83309868013222,1.19572469517205,-0.43745683152019,-1.76488833163805,-0.220315453293816,-1.70417732148797,-0.18176446112624,-0.338698353415034,-1.95469680771516
1.07495239327465,-0.0922910827272172,-0.241795908208507,-0.495969406856107,-0.148910845229166,-2.37725462784104,1.51899463797605,-1.70561391965127,-0.164245147844338,0.589202537512697
0.410417390606932,0.0278293742899545,0.990674229395932,-1.32851155096731,-0.261482783483934,2.1373226662888,-1.87039488227459,2.22919929048623,0.402545688906019,0.649507937448212
-1.61014385981015,-0.779481810727541,0.447660372613423,-0.31050741959267,0.679024515857343,1.5279174967041,-1.31385048922125,0.549961589193114,-0.324687819131024,-0.00587136990489917
0.732597309165044,0.362103133393745,-1.18586204150841,0.899951862690062,-0.734936412082878,-1.67802381889614,-0.385036135327318,1.29391423606443,-0.143424914591899,0.96121265693697
1.88823346516671,-0.490464451346438,-0.428018197144726,1.18918022350356,-1.52996255560789,-0.646906596927014,0.294031257834441,0.83594027702527,0.580356250310725,-0.182692065365502
-1.79739572138005,-0.449445333026399,-0.202066909686612,1.5477503596269,0.613511191899031,0.371324357583757,0.467562871126608,-1.44364839504487,0.625215127805926,0.559220880285488
0.508859717812707,0.21673461654762,0.906366795184139,-0.922384741977806,-0.698439508732131,0.108935962802763,-0.268342694070916,-1.44836450795049,0.549059131179674,-0.667186953972153
0.0233109059138234,0.229825035616486,0.308579703544171,0.0747410503611163,1.24356303589343,-0.131754725153073,-0.0938486043207088,-1.84349084077746,0.30856739463298,-0.0225453137794886
-0.843537159928348,2.25454306387999,-0.986421704967199,0.597915627813177,0.0338488956476365,-0.957134164618497,-0.112481410325567,0.8663335591639,0.182666187822468,-1.4147328532167
-0.44106754481015,0.988855399012792,0.643836519585162,-0.609025374684781,-1.37095767193894,-0.995543058308021,-0.685200767865583,-0.277355190920901,0.0195563262814033,0.0601797181875676
0.36055430608854,-0.00881532419643709,1.23565639584853,0.704111312223469,0.361291196134793,-0.85237162641475,-0.709534607997079,0.0479850419924377,1.0244763683242,-1.42993115513341
-0.675361881653373,-0.56320666569111,0.862191657450804,-0.242340750737984,0.639556957813414,0.493168116113735,0.0120568587143514,-0.405585958027025,0.321705964121803,0.51714325803495
0.8349301621939,0.00256927343310079,-1.73418670782647,-0.379414872456839,-0.817780796014296,0.735433157455024,-1.01400379200947,0.300785146983375,1.26169768276472,0.0331587213718273
0.831159372207256,0.629716057434481,-1.29399673839477,0.730345352899335,0.421486288273154,0.511408995885324,-1.57053162126187,-0.184030274869543,0.0386833410171778,1.59575646884193
0.242335122104677,1.19536034102723,1.59077112801676,-1.53871445251957,0.286294728486964,0.665750657465626,0.760906893282735,0.133010791869599,-1.15688808744312,-0.180044211936284
-1.8662653955076,1.04907109994459,-0.912910634400561,-0.735218152925855,1.31844439539363,-1.27325780056455,-0.0805421392030921,0.750235535119284,0.459409616310914,-0.406143907939104
-0.765009032500746,1.43609425309682,-0.971059236422384,1.70272985906512,1.32208579919208,-0.676426234413853,2.12899332339266,0.397875273250196,1.02798134831355,-0.762833046777131
-0.524143768895676,0.398796352869604,1.31946900780999,-0.259251413872605,-1.2133271575074,-0.748142201727227,-0.610097649046287,-1.39568317846909,0.755996561632747,0.76451968453468
0.470403832417262,-0.236212836317478,-1.30267878634871,-0.429404325135043,-1.34607895984436,-0.815280624701522,1.1638213198686,-0.290382524806649,-1.0579548137069,-1.14407460826577
-1.35851965115431,-0.322449253689893,0.391242420270005,-1.50972994285546,-1.19808824846955,0.125741656223801,0.121943043994287,0.645891739414838,4.07345150808537,0.351008938188911
-0.226066098456337,1.20151963547655,0.00269134051758759,-1.90492123173588,0.466419000204068,-0.271099367766693,-0.694304195099897,0.343150351761084,-1.66594899188282,-0.0767133940148457
1.77670576102132,-0.981340395938385,2.76589601938058,0.31711883709986,0.29962322668729,-0.998778282861357,-0.164855398809728,-0.11026572316191,-0.0102191310149705,0.58185644895983
0.733565345432664,-1.92993177152169,0.123639769422466,0.770003895133852,-0.41605221713648,0.495160148481163,0.249415173234324,0.74344354987732,-1.28597918617651,0.984764574699725
1.6734649894582,0.0416076337768373,-0.163752243750743,-0.102443895402163,-0.553623998807656,-1.139458442127,0.673937951416505,-0.885298716147875,-0.23251977978001,0.399926943278642
-0.0645543947024868,0.0160796382230882,0.766393897960213,1.76072694172754,-1.11911289733423,0.459084641016556,-0.193530051965536,0.532595988968647,-0.441900893008401,-0.724050801518188
0.1592929152856,-0.777976002968245,0.207773516271788,-1.31883054887452,-0.278116213483709,-0.937325686070709,1.69776199371348,0.138370188278524,-0.6771904743638,0.336538114853724
-1.77977641570147,1.03533086840368,-1.21564036170547,1.20019865773528,1.05051523828606,-0.418614314188291,-1.53465140511627,-0.271829531547133,1.17881953838322,0.577336834171524
-1.06559191621426,0.180438479132364,-0.94059428772318,-0.550995951304315,2.09986780095349,-0.462668216938361,-0.979371893781799,1.06721170375631,1.66825699154314,0.878698271858122
0.652133337798781,0.451265573685774,-0.470814956724458,-0.579986322171893,0.76970132863135,-0.276584084721491,-1.07015197030354,-0.943990689190647,0.41073450011464,-0.979127532075003
0.887749481658185,-1.18178443635682,1.630949452621,1.63007012408147,0.94353957753246,-1.59658955958128,-1.21426572017141,-0.765284102449458,-0.512498606553241,3.05069388933282
-1.47448905631936,-0.517977862951337,-0.435712384001564,0.0695816793712346,1.14223796431346,0.772259211290971,-0.192516886391273,0.976651942760509,0.125197736894147,0.171769915005582
-1.84764121989784,-0.197440011954702,0.89763774404884,-0.539281530375922,2.62691197523008,1.02436775376281,-0.321145253570512,-0.99575265897866,0.310444735888252,1.26378517475626
-0.148606445543537,0.925653266629763,-2.93291742985834,-0.601501263266745,0.154306016906626,-0.924326308440959,-0.875486739552179,-0.281907111668069,-0.56324976745487,-0.554310026770686
-0.765789067366467,1.17759087150732,-0.45898779150252,1.36838430602971,0.336811685239606,1.37625005190207,0.601153135450432,0.453844991644173,0.38486309130633,0.174927700579751
0.0341147101163439,-0.969359155515145,1.7666358197008,0.0481866817485378,-1.01055739340842,-1.86755526245903,1.73799017428624,-2.3158116672658,0.254154873705231,-0.8779198185614
-0.573552022018812,0.697999961133972,-0.615694437917499,-0.472158388749628,-1.54659405480098,-1.19528864328432,-0.117233111341586,-1.9249974866674,-1.31081715553409,-1.26560862919752
-1.0638417429672,0.368879443269094,1.36578260069459,-2.14530445870997,-0.542026426467232,-1.00175448466516,-1.44811497801211,1.11055486009472,0.437578960768456,1.84018163011647
-0.844349972439297,-0.656499216058724,-1.03382277914231,-0.0331835138206694,-0.223791696204491,0.561968481309062,-0.744755368230162,2.21534444866038,-0.381637516958335,0.727040989294491
0.66084371534188,-0.205295201930818,0.0298417939390883,0.531414674001795,-0.888590449304095,0.065060650419944,-1.23772682023737,1.20696656546265,0.431147172872671,-0.122904836364679
0.397791799812839,0.998651886758521,0.23088485832973,-1.27400345124966,-0.34602407083552,0.841554631490223,0.770101894277177,-0.896180283013192,-1.15831596744905,0.610734731982868
-0.37466159680956,0.145290825685056,0.480080745670775,-0.962128858899745,-0.385136076013731,-0.600175145047566,0.821284251007905,0.817193714523587,0.469854835078913,-0.518264519787731
-1.75234522355647,-0.901462227676627,-0.216829312214063,-0.0842141142729401,1.38559144799347,0.492871603649893,1.210371488432,-2.25365493385933,0.433607749801871,-0.239837649586283
-0.182726719788336,-0.16020368904798,-0.207435376993266,2.12717116162338,1.373382283063,0.41212179908294,1.15436740247619,-2.46299951989962,-0.213421949772406,1.58787882421541
-0.481640939783318,-0.472033469907432,1.6063269535321,0.599143708881695,-0.157167753579857,0.8866659132317,-0.108630722913617,0.37283093195317,0.0473049168896627,-1.45200736797113
-0.923811627033938,-0.0955629571398702,-1.38300729031721,-0.597473116862473,-0.611154317293881,0.145499368246336,0.608817488064578,-0.559770483550559,0.58400913286355,1.79366052963034
-0.391778809812008,-0.12888788568519,-1.15865715716924,1.10453393896853,0.247288258765701,0.232385634292724,0.556439052554104,-0.0445133830717778,-0.47515946733015,0.624843226003337
-0.606500294101265,1.40249617381614,-0.2764800164496,-1.05988221877507,-0.605667985258492,-0.490420041586199,0.154225478998209,2.51660631353936,-0.814133475389099,1.17174070861187
-1.51731664092311,0.882367582246829,0.795633153559178,0.428724334104716,-0.245043471119267,0.139339956144312,0.854289478262737,-0.146325596091589,-0.0121590498201923,-0.324594571810785
-1.19058203053224,-0.967950984461797,0.443894282502512,-0.564259734064924,1.07762456331577,-0.0497415472400871,0.970366723120631,-1.01653488942613,1.42115190501462,-0.359648726558777
-0.570752334727938,-0.41953362841179,0.940827112665592,1.22553907525831,-0.95088090689484,0.255343483284702,-1.43731356242573,0.865870853548208,0.5452805179463,0.0684474898648827
-0.0339749218260353,1.88667083221318,-0.880716043938181,0.464181389508413,-0.81282163656078,0.315012949626352,-0.0620439397558505,-0.555406252815889,-1.5950490683644,0.344858164705819
-0.157909717709992,-0.665550410074965,0.70467209729745,0.281749286013853,0.13811359270859,-1.02828785860284,1.20031915951315,0.282511352764541,-1.02808904654043,0.923957021176316
0.629730310675417,-1.08449823782369,0.856520964075503,0.220161238544428,0.0522180239038563,0.445662729693018,-0.0124860355294188,-1.8804797984871,-0.101757946533256,-0.575909448435862
0.900370336582566,-0.67263834290435,2.14900259017019,0.900500994716826,1.20003760142825,0.915704962253446,-1.44160581142694,1.91857582144738,0.439046577092285,0.0243925591818196
-1.02267033532945,0.765278580402074,1.34645491342082,1.82950828468539,-0.260005248965289,-0.92990966884088,1.16790983663991,-0.117376482628546,0.763932570779184,1.36902162297231
-0.912082163425686,-1.19098059088801,-0.606852625906838,1.02363004208553,1.11636366213698,1.13106385580333,-0.680303777859417,1.2117039204486,-0.0398309885984145,-0.944879672843522
-1.17586864790576,1.67231670337926,-0.354258846379869,0.331928354619991,-1.02828576147088,0.267620104330335,1.23432488659274,0.330605889335857,-0.837432522373985,0.33302558729214
0.215305854438055,0.860407891602528,-0.451434818202838,1.10067967514813,0.518422055984669,0.574369271382655,0.574940479939008,-0.982259035111204,0.764625028314488,0.468007737796018
-1.28371612005794,-1.65077189160758,0.337128290644832,-0.896695183094641,-0.112640771097693,0.979374666302119,-0.510823309188781,-0.501327510506359,0.517669139585588,-0.737732752908398
1.31055095006001,0.402523155525654,-0.473236577142161,1.30245635205165,0.39808740224116,-0.415609474127565,0.0988835521344151,-1.97163118523108,-2.14563305915188,0.209657897355734
-1.08803375828233,-0.693793489949945,0.686429846133816,0.267188821142443,-0.830702716724771,-0.297361410835055,1.02080897488794,-1.81707712761518,0.619198626717419,0.543595723767956
0.0133586559050147,0.883841953955792,-0.851707182801108,-0.635203218417338,0.604333704179347,-0.0190730905697586,-0.539656402126194,0.346929781929425,-0.00816993965801747,-0.917765329401068
-0.0731602942499486,-0.731879244224259,-1.92595085669024,-0.116559259385751,0.0856027497372733,0.0361138517734739,-1.47288306817075,-0.47659495526894,0.114103942417435,-0.769730910018175
-1.60971109207989,0.337493157117655,1.16935810815448,-0.163690556798573,-0.211136716367702,1.53391322203138,0.110818798991511,-0.320825621030126,-2.01620146644595,1.07988784373239
1.7246050966486,-0.583853050012386,0.656695724417532,0.878865875436486,-0.173477115969775,0.426238264791869,-1.73919865105865,0.147279013519621,0.247987119443185,-0.298692587830043
-0.372595853576018,1.20924441327278,-0.473976646340219,-0.00903026032199968,0.599755836172691,0.645445490825991,-0.0149491025557922,0.176388192641712,-0.542076423516267,-0.389422035515017
1.49778175641752,-0.576632346079668,-0.0623154680163909,-0.310368565058838,-0.20095742671971,1.06783867339134,-0.949708870216215,0.534368966398573,-0.676010292403603,-0.680493691562305
-0.490131029809871,0.143609495291263,-0.0820362117467001,-0.441048295748277,-1.03607049240737,0.46312694652143,-1.52782461871519,-0.406110444318203,1.67396410897442,1.33491014096078
0.56395920616084,-2.40569045377707,0.992680054354598,1.0625101613353,-0.0553397499404885,0.79420336981027,-1.0259929009685,-0.484313426400782,-0.203294969005395,0.352714534927779
0.0466891278532,-0.522307646347229,1.75218363697817,-1.09006730331138,1.69678006732258,-1.51111725189868,-0.652031344747814,-0.94788006352534,0.144575221383446,-0.761400673542446
-0.842503349781852,1.38760593889882,-1.16660516010776,0.278077844940462,0.521990458585899,0.804901315474383,0.725403213862684,-0.523960545379354,-0.692060374810993,0.608427487987385
-0.584192831263205,-0.888693700988752,-0.704558921390278,0.31370633772265,-0.126497844832888,0.424986812453571,-0.753919737741086,-0.698880916944453,1.30276708592496,1.34715442495592
-0.442681404765286,-0.0485818062693628,1.22906967160158,0.905677847913597,-0.51173217632393,-0.463604764113098,-0.57124682590452,1.71074806416743,-0.482980519700268,-0.855055399681896
-0.733377826000429,-0.181634291095453,-1.25220402395572,-0.195715674102928,-1.38277339249646,0.380621512783614,0.179938920375588,-0.6845438625035,1.13807530076392,0.944181080564404
-0.957620390660147,-1.56259406851715,-0.0820553929974014,-1.10672070578172,-0.463590626210101,0.813566967567192,-1.04815210685288,-0.755734109646545,-1.05249407911195,0.184633941590375
0.647819914730281,1.37281310131324,-1.19415537972114,1.45018394937424,1.44827686295161,-1.62954068894223,-0.0827076677590066,-2.20943409899638,-0.346426574998265,-0.950664177395126
-1.51075240232643,1.47151065464963,0.154359066535246,-0.0754836300168281,-0.17802933924345,1.72293008270565,-0.572549357439196,0.291613417536826,0.381379266616494,0.406820124967228
-0.0181934584072546,-0.252966067032932,1.69214180227501,1.04368055064832,0.565369717068344,-0.455833544047259,0.0457745624603084,-0.2578847573526,-0.0302996453031102,-0.689577604060673
1.68320269631239,-0.7211127032459,0.41153105622441,-1.17396306550897,-0.729918546435864,1.69956814000082,0.0834901234784901,0.0550502200121122,-0.83645389122767,-0.892107572222484
-0.404387942828206,-3.10945823625197,0.290735790226665,1.95011955884582,0.480633915614536,-0.193378201251053,-0.104139184030824,-0.724449891347793,0.37539060466605,-1.21554315280837
-0.720052554051256,-0.11785991332053,-0.188865981188936,0.0996423392658965,0.478308956167307,0.641963683952882,-0.666920631907376,0.879079085594368,-0.819242070746273,1.79806833618491
0.377749043197566,0.204960954388148,-1.50145467092101,0.00455056470322379,0.526030000890846,-0.314226119235965,0.698210234533837,-1.65490770867405,0.86653291341913,-0.10356582399579
0.650375690507039,-0.907641785076929,-0.591735277676748,-1.09244630198981,1.36178720834004,0.267303809031307,-1.62208700564482,0.203574492315953,0.598801793125584,-0.408780540231513
0.392760822161431,-2.11353633441775,0.484227780991324,-0.463386344395493,-0.787493997554408,-0.865251124228025,-1.05721846827285,0.436667631595086,-0.370315154370181,-0.370246198360734
-0.257085406778267,0.640524035407124,-1.35824238331211,-2.25366648083901,0.59791417672218,-1.57202965335049,0.247280401675912,1.31316705782819,0.622664676699802,-0.361733037643198
0.00847152465716429,0.274954153359405,0.00506490527053249,0.0739659473028465,0.505832653641141,-0.982248547168619,1.59606294213547,0.597778314207177,1.33100003228195,0.719479461187898
0.770395174199797,-1.56757415588914,0.0469312101785713,0.934166299835061,1.12971235795557,-0.746065735267407,-0.0621082302124377,0.450627553414537,0.2522985081434,-1.28141696705717
0.52833282115539,1.05573946973302,0.477884053016039,-1.13149554419001,1.18942366197653,-1.16098616752874,1.27758336118126,0.810766540200531,0.143333270045921,-0.0226901688317668
-0.513965704627412,-0.213134298418299,0.0966206512796139,0.809415802499456,-1.52524786360039,0.855644181256501,-0.0368635757996831,-0.698288443297679,-2.13753355510083,0.313390411723279
-1.1745746942345,-0.686838037459868,1.86315120863485,-0.750431952116229,-0.14457607809127,0.979346792680715,0.630820881090603,2.28687522528151,0.0162888380568538,1.93500432400166
-0.0945758075719575,-0.704841908643194,-0.188250888083276,1.01787455881974,0.0789320107012806,2.32545912157967,-0.0761576330932524,-1.61259826908157,-0.873683558768071,-1.5117672801806
0.105465515723848,-1.67024785018311,0.0071356915983801,-1.57334493721707,0.329803321378119,-0.331357786475421,-0.077765807840409,-0.81267251072618,-0.384239792134655,0.189848090958894
-0.0805601689113705,-0.726844492442814,0.0021855582887129,0.70563903228743,-0.686500220844739,-0.510167684300793,0.632374222869498,-0.438898294473032,-0.382527465667289,-1.08313554478625
-0.602341681740967,0.000813857038628428,-1.94066660738078,-0.794434068285828,-0.826170578298856,0.774291278923015,-0.570928132146137,0.044939306023179,1.50961487609808,-0.0688612435251178
-1.83414404004096,-1.1551689152488,0.446289931869583,0.69957409511296,1.87021725654249,2.27327808837656,0.531250442295826,-1.36931228993137,0.256732864431159,-0.827648405032774
-0.353807316393766,0.670475516775497,-1.43892526997526,-1.19400108184277,2.05554084330422,-1.67220996850043,0.254542690980381,-1.15346663978699,-0.591172624007285,0.429162699613118
-0.836351833205702,1.39768113302484,-0.620158734113789,0.287724820074325,-0.200541938358134,0.183349164987719,-0.132704332929517,1.86027645925076,0.599615859251077,1.79586991558504
0.562288951346202,0.4118844947073,-1.85368312478067,0.18686107483556,-0.601292655094341,0.502317367297426,-1.21808945096871,0.385048420812015,-1.2987317583516,0.100839171509986
0.525448918800251,0.602447268991557,-0.472334670732388,-0.818166099862463,-2.03859557960684,-0.430754122996685,-0.109040280917246,-2.05133865234551,-1.63419202368449,1.15879655983448
-0.50058905677546,-2.55969477825296,0.769396639886833,0.0560976811902151,-0.401323752559315,0.93828992638884,2.80119060461633,-1.55854032809846,-0.363012976197108,-0.0271438881239894
0.101543877485373,1.25461523910758,0.704637600109926,-0.812380212462101,-1.2563688617857,-0.177289952544283,1.00587901167451,-0.435709979905972,-0.0405180579441372,1.79119717600649
0.97067395389014,-0.107922816705147,-1.04459327273722,-0.63700268164437,-0.964352925454057,-0.444370176323348,-1.87937473399232,2.89502549379214,1.06399004911212,1.9101927121458
0.279003995946355,-0.907239342560857,0.352612174927985,1.09600678818541,-0.2694176634004,-0.761151134366379,1.37734419586648,0.0224116993446378,1.08879653675802,-0.193178167634048
0.397081188255048,0.542756792654304,-0.529513463565701,-0.583455293873281,-0.677370256651901,-0.756838715140559,0.0550698747053835,1.44384696631099,1.39924137287229,-1.21931063238525
1.36612495896238,1.53868551738427,0.360249881181785,-1.21769092540138,1.44932478938809,-0.0476268208805739,-0.000305040667636103,-0.211937679877756,0.312281505152646,1.38366228091821
1.28138113098012,-1.80236165576021,-0.365971960257259,-1.47943383619672,0.579852300871279,-0.41442724442964,1.37413819950524,-0.720647406666437,-1.55372461110724,0.2593240599147
-0.474106801827774,-0.434130376926843,0.10108894881885,1.20881602467472,0.55114417306368,-2.63792833142956,2.29507431161647,-0.549835803096453,1.05753416641693,-0.574872851153192
0.796594106687229,1.09554445357735,0.606139812203443,1.40106154895026,0.582093024555169,-1.3827672260505,0.276580690399897,-0.850228440566717,0.197015060648439,-1.76527938480587
0.528183922015301,-3.07388617289537,1.54753394210477,0.597184181804757,2.29181938090778,-0.225624471091092,-1.05190801912832,-0.27571499559686,0.0745538304731793,0.0227639347287068
0.985619674916125,0.818866052705298,0.150874793045161,1.51772578903341,0.74044728045301,-1.01285367467431,0.0900515027366354,-2.05220982625214,-0.718843360259478,-0.978801172583712
-0.791948421918053,0.121719686591701,0.230728116331492,-0.937629239668633,-1.0477480000706,1.36881207518502,-0.285950264433578,-0.520683239149328,0.766651422793303,1.67197199658636
0.739975194145499,-0.224412669185788,-0.669294282612188,1.34076935550131,1.60955408385252,2.4547782186316,-2.07109436794611,-0.748577120512849,-0.549597732174313,-1.17203651356531
-0.0502028236448485,0.94479653167176,-0.595974309639539,-0.129423525520494,0.438401741544145,-0.325252377512433,-0.499792764605984,-1.46885913110373,-2.02277442395705,0.44725770085421
1.23946169585321,-1.70936465975512,0.639354584606684,-0.346221842553243,-1.15990837546143,1.08761399513403,-0.409830596892235,-0.189896370306698,0.393346181869283,-0.785361550326698
1.37428177327397,0.897696628612609,-0.673479825037139,-1.08914062864035,0.270140600719759,1.09972433341099,-1.03183183530393,-1.00112400581644,-0.214146448726168,-1.04165678286469
1.05084697592138,-0.194335237765498,0.53331113367195,-0.40569441076036,-0.385334016466723,-1.40799494939387,0.4802087995307,0.207797770370779,1.04293184014903,-0.389779969692999
1.14166413630127,0.305895249418487,0.607316369342538,-0.758025642075212,1.09415601526292,-0.875565049287793,1.53345236508581,-0.161454390791084,-0.356519886935807,1.73492729585581
0.572529340148492,1.33191244986022,-1.54377031275166,0.880540086915289,-0.535313612892585,-0.894677662726345,0.442966097572063,-0.876739131872394,-0.380729157956015,0.0186468325043993
-0.0383552055570884,-1.44994164964429,0.0382345070730978,-0.519748962170009,0.082584583518632,-0.00208283758201885,-0.0821956283003576,-0.834564027599297,-1.04960613521505,-0.393719527385567
0.166003793619121,-0.837037150615127,1.04403790486441,0.979212568635126,0.166191351458694,-0.259034653257104,0.0868241979765166,1.16913665180116,0.769137843353782,-0.132567348840188
-2.70884035697128,-0.108313995954814,-1.06898999199147,-1.64170402738502,0.661453577574753,-0.0518306149142347,-1.2680605257536,0.13832187851394,0.928514970784936,1.42797433519974
-0.703634238569939,1.87924481756719,-0.502856852219814,-0.234053152749976,-0.914737617059307,-2.72845683894508,0.563040185056384,0.791532735848042,-0.853683825332553,-0.0989858116540283
-0.151814985833313,0.186991890902221,-0.917497683410421,-0.511411397016387,-1.04600534360338,0.363262458769025,0.268703156433641,-0.42166496624159,1.90217860232807,-0.241934799770075
0.26372021223175,-0.532507427993156,0.989988382675293,0.898714991946434,-0.589647770918964,0.00748044472604097,1.61801006428659,-0.788913859934094,0.778913795636983,-0.97926268808956
-0.245500598102025,0.461711752270531,-0.417116540452288,0.580991057879412,-0.517358814933301,-0.487132932507465,0.242210385668017,1.14407353089195,0.0636545852523628,1.71062681432529
0.570868936611923,0.0108472105926259,1.61216640324976,-0.660697941222686,-0.228217212924923,-1.78735851081566,1.26909182908899,-0.545481445478111,-0.664406386091493,0.490862380819775
0.384210066085944,-0.531490555801224,0.947611794206029,0.408871713984419,0.75766398511504,-0.763437182568141,1.36302308324722,0.0319540201369449,0.702961921817557,-1.32503727542449
0.53097621501989,-0.822640620178509,0.341044245002893,1.18383447846301,2.13849273436267,1.52202258936081,-0.440984527598776,-1.0926696561548,1.29226883815892,0.555781379322512
-1.56266339711448,0.362808127857291,0.664001728446686,-0.896430479873406,-1.72620767147911,-0.0872882961117399,-0.276629576444523,-0.0334455295684317,-0.00275678097475047,-0.629230066901656
-0.255749546357768,1.60663629195582,-1.20508202538331,-2.20954554664084,-0.65366418506256,-0.759646224225545,0.141884329103063,-1.28328200599735,-0.0338206843583867,0.0490605140850837
-0.327819382871473,-0.00077610790145396,0.192961064255856,-0.384776518810458,2.22276853757579,2.30032944575526,-0.61288730604267,0.365882958492778,1.85576716403009,0.916180897297703
0.280186263678813,0.524690678139906,0.488270788393409,-0.449026930267983,-0.284235330095343,0.434141469272622,-1.07107348226367,2.33830274877571,2.23440529946234,-0.722710257064608
0.759350420247928,1.38221404861808,1.23821847876818,-1.84075864782305,-0.17384871148585,0.291528994582449,-1.23651406509518,0.031859506230604,0.228123066031128,-0.0393577341367404
-0.274938309770563,-0.387443976397664,-1.28484035945724,0.013008603004799,-0.618408744783959,-1.67751645463071,0.931051890010829,0.306201462725794,0.403502419921775,-0.195888674895151
0.538917401912427,1.07526609679737,-1.32134956479473,0.934022313087503,-0.210248082839964,-0.185979689153619,0.224103000816003,0.904076345316979,1.33625419014233,0.545354234877112
-0.631141207709879,0.0215940576166054,-2.27152343417331,-0.89872301365432,-0.362779580653946,-1.44541762196797,-0.390374452459667,0.302222666663783,0.650937256717129,0.669629605322389
0.127741419587901,-1.62009179559416,0.388560402394039,-2.80779286375178,1.46576808891161,0.675863629215384,-0.994963118907886,-0.638655143174074,0.0233731798007801,0.365753000821445
0.746711465690742,-0.746412043279867,1.9732115671836,-0.755421956283185,1.28395628116318,-0.385617706295356,0.546036848555951,0.0319748194228327,-1.25084378192321,0.950353897377446
-0.0499888680522891,0.548898320172362,-1.68449804255348,-0.0383084930727305,1.53784271377396,1.40350660815529,2.14318227519213,-1.68898294601822,-1.28526686324628,-0.537787469890446
-0.0398408054001763,-2.08782496635069,-0.499067049729977,1.13566702099643,1.20220221689879,1.65348883001606,0.368384962936802,-0.313183029855734,1.20472926035999,-0.742317878498302
-0.277441461213821,0.931651419168159,0.606893082577934,-0.899637167561769,-2.31795679146099,1.43745787476647,0.242835984844862,-0.460908239443289,-1.02116726249194,1.02121057378415
-0.596750078255145,0.536411153597898,-1.47591370826025,1.01601146605418,-0.776842318136911,0.291486480578447,-0.897564215313743,0.425155173170745,-0.629028378374626,-0.335805086761111
0.966727503468928,-1.80636950954303,0.0290998335268995,0.228123866683253,-0.0218097840134393,0.859375841978211,-0.265263654286194,-0.898116274944937,-1.11160036062089,0.126028819237462
1.03359857255247,-0.91937763386223,0.00738024375210086,-0.58535119311694,1.20878208802784,2.23607066373926,-0.223996673165303,1.29566775213202,0.374830585456195,0.853319408632177
-0.337091272976539,0.723643552540904,-0.585066455977088,-1.37409164719979,1.05546047834341,0.904316604005479,0.855363128490488,1.02548576637335,1.76362309497609,0.0167262640203237
-2.29583655674945,-1.33331464200831,2.00925296258079,-0.430442959926277,1.49155896080797,1.00999642599122,-0.137288788718185,-1.63240839401531,0.539009779226933,1.93730892226655
0.177729952502843,0.079402304667539,0.0212981722576815,1.22711532532138,0.381998241738124,1.60110653677439,-0.0352685991660587,0.592620853046422,-0.230092595157209,-1.62558865300411
-0.72478325100026,1.26041831961732,-0.0908740880935259,-1.83979142466027,-1.02633299024339,0.0799700351795245,1.5718782858738,-1.58081461777094,-1.05543668936258,-0.0572428783217475
1.00308091735685,0.723866557517085,0.0861929231144005,-1.25823008467068,-0.190165549847975,0.79600714790841,-0.642462220412285,1.47458854648243,0.586627519733806,0.166653968921244
-1.06644990269932,-0.549782807877273,-1.13894614236938,-1.24805063747698,0.489818693278287,0.244864243130286,-0.777183204506733,0.576587787328616,-1.54344284360626,-1.4862072515371
0.506576990344226,0.599890789762,0.179799446257636,0.256671478125992,-0.852541758613812,-0.125758817575596,-1.3717614660317,0.552442686642227,-1.59138949689584,-1.10098541978305
-0.472190626118402,0.610840172066182,-0.721750366785603,-1.01214933237573,0.935459210993358,0.357184904002241,-1.07137296744224,1.17258801654885,-0.884347988009971,-0.804491372516915
-0.818060860016838,0.316386272593415,0.23429191809873,-0.98266851627197,-1.04031369344661,-0.49895903131513,1.00169516608666,1.03466043397261,-0.615192342241928,1.900593754119
-1.00566543181308,1.35708777774435,-1.39533532819011,0.442105835568606,-0.829132145287953,0.475371333977158,0.097120971049766,-0.364369364378332,-0.85661158553181,0.333554951654764
-1.25265162876718,1.71710421209772,-0.0260367596753821,0.13539700513565,0.0403247919449443,-0.851721673548342,0.774799850397413,1.00797113280382,-0.336604014470621,1.5833486651065
0.500890516430338,-0.548344244272473,0.542355885370977,0.515890624833986,0.375261698013324,2.16281933156167,-1.48599734376365,0.319167059641838,-0.181742461670124,-0.764654346941586
-0.116104697384978,-1.63035752101308,-0.0880360316349225,-2.44038212290167,0.886387179775222,-0.877518989508108,0.12773811497018,0.340381853314192,-0.0998793362844135,-1.76029817822799
-1.69776699898111,-0.581441362563931,-0.0113263643540964,-0.832510922731718,-0.507481622141138,0.68374589964911,0.870194919373656,1.87492582189614,1.43744648583768,1.2656232842959
-1.18767040187603,1.94826723287311,-0.146953500182023,-0.155259921194051,1.34775383274872,-0.816753697860012,2.22957195332078,1.0560518850618,0.782813895086208,-0.00466599261628995
0.0874875881801259,-0.0471437747433716,0.134223282237942,-0.302515504856233,-0.854731762433493,0.406064492917486,-1.77462835661683,-1.17739827987331,-1.39509399680277,0.830404554105703
-0.408702431155686,0.126312152439567,-0.407311053643656,1.16579668917554,0.778995443720762,-0.366004022917777,0.73786376652266,-1.19394441106538,-2.62504673398768,0.119874971362948
-1.11952166920481,-0.0294985137669354,0.839657082240344,1.13912234957282,0.276422479275774,-0.13165192785081,-0.80633539664334,1.12242315525842,-0.407545355776674,-2.1100848015144
-1.10929271464942,1.19467543882149,0.668738665092809,-0.349320679537741,0.486374946072073,-1.57652606648211,-0.448475001764243,-1.11784083021236,-0.166612969738036,-1.70487235142209
1.09951845437836,-2.28689419300565,0.321374577504883,-0.170519904260777,-0.654421378371025,1.23889687709701,-0.112675122840299,1.19261186191943,-0.783533764482202,-0.547014022235181
-0.00162149296920963,0.476270482281471,-1.05937106706571,2.11921857661977,-0.201128896507495,-0.166146370372258,-0.19604569081741,0.653544426341089,-0.20483009346069,-0.033707755578651
-1.22505857553572,0.743074780909034,-0.274238583277423,-2.701123661199,1.29601646568607,-0.212176135323257,0.462021033563321,-0.467742528842769,-0.836342066153762,1.00084668405777
-0.855603314378536,0.703995100896084,-1.18156645060465,-0.051447723674152,-0.275151881255506,-0.104120931430522,-0.77913365085021,-1.02370903577904,0.038942623856906,1.27354937690058
-0.890756907769014,-0.44445305157302,0.274586793240363,0.279813605534072,0.355530927054569,0.240518838518312,1.615927259985,-2.01775381914138,0.491380871927813,-1.09970300640648
-0.561234586175588,1.7372550863006,-1.62102007483835,2.60915655394074,-1.57952846619388,-1.27566509856969,-0.711929666062773,-0.279359775740807,0.579434509970234,-1.94130380839395
-0.311492650985527,3.00476462136068,-0.84854157244488,-0.782159292063975,0.524025523129362,-0.675436443804052,0.377430569721877,0.428923988525163,-0.793524501537507,-0.295685867693622
1.39588808379052,0.802288652667474,-1.17009428973779,-1.53738971791631,-0.483233730206816,0.841571578837995,-0.259686324671868,0.721959889525522,-1.03328438872043,0.58165953190445
-0.73774093424188,1.24659647200484,-1.45889597642446,0.102805382653046,-1.00508950838217,0.891630680569246,0.394959185311047,1.14909529065524,-0.0028525074824388,0.433350875395444
0.815177560436081,1.73369649061063,0.0574552517067584,0.855828995454069,1.12641205991304,-0.61324733780553,0.724440299655654,-1.40073233983059,1.20255539658363,-1.63032980781977
0.807525280213302,-1.45928665722217,1.7138922983619,0.418683421153398,0.596050320598786,0.654370480359525,0.772337278696213,1.00243428253835,-1.41913771519424,-1.03797091544858
-0.317459832924942,-1.01537105965717,-0.116957835919469,-1.01222038708572,1.51130448325169,0.0225325715514558,-0.0858680721091195,-0.659487765005259,0.156745562415618,1.10072179127891
-0.112949337567883,0.00569606970466396,-1.11346400516194,0.415895576113441,-1.00830054866755,-0.0860068280396802,-1.30727384806219,-0.174633146652835,0.138476769239046,-0.458223740368406
-0.447829245089809,1.81606877053804,-1.7252624577612,0.63168631693215,1.21728059787798,-0.878858740703432,0.44772373504631,-0.301172778926136,-0.291180983800686,-0.754852404735966
0.552267740777908,-2.05924517890669,0.180416470114899,2.48603688643488,0.847125259596899,0.806103144446706,0.784866369467643,-1.25668189668414,0.453239693977442,0.641359322065768
0.540614990856498,0.159838787177591,0.287897385710591,-1.3026079348089,0.481694616425446,0.781341333080207,-1.09197911465289,-1.86922948394725,0.627741970855719,-0.583827010948193
0.539614630767447,-1.03361445905874,1.06516613089821,-0.0693229876703063,0.149932640267278,-1.7787842015312,-0.0546241428265139,-1.09214815624499,-0.079862544556076,-1.67983331137311
1.14161395286676,-0.44889467093909,-0.909868703856871,1.43557418702191,-0.184625796245246,0.51853730745814,-0.0436455576649018,1.02003949981518,-0.4918240178605,-0.33168501877099
0.0965266591642658,1.05324451174636,1.75040535775972,-0.623881168564013,0.597594257554646,-1.38920170471083,1.07710891170456,1.62054098980239,-0.351502861660467,-0.204550752731021
-0.574863943102338,0.761244009477738,-1.23687892137229,0.167692327078753,-0.265020219289822,0.369823330338124,1.02037954123522,0.55674311856902,-1.51720246935181,0.293549599276788
-0.132691698662721,-0.0359536790870353,0.830993968310569,0.153548634054077,0.356263164610766,1.63786166334267,0.968424377375195,-0.0206877388542675,-2.42789547723052,0.685696290539642
-0.34678983407029,0.0721474108414994,1.07852455457889,0.721461223235544,0.32386945211969,-0.254307466250057,-0.496257387423795,-0.887308111564255,0.40252820306417,0.265070903433316
0.315495586102907,1.8289617353842,-1.42033951346369,0.651864854462969,-0.610442074998713,1.8354754869741,0.41390085323023,-0.0703194431659661,0.763389042505049,-1.04028445134731
-0.882700108515198,0.85206200279841,0.772101635288513,-1.11750677302965,1.13850693840229,0.765427655021404,0.45646273187359,-0.155519708193826,-0.836021761100934,1.58547970356485
-1.01709027339042,-0.99374018351279,0.734352280742642,0.770231418198719,0.475729006116236,-0.264309637498982,-0.686070773300745,2.02931515931839,0.826596868388366,-0.646004067002113
-0.449400101552365,0.568255330983468,0.466342449282559,-0.41435282502257,2.62397264298944,1.30278663474974,-0.00228486764849287,1.51163100840289,1.07677669059463,-0.668288470949135
0.304417684772881,-1.44001093704618,2.24128666617707,-0.54462103588729,0.50285254935681,1.22075743395751,-1.07635691998024,-1.32501655431325,0.162764381741022,-1.68485893897924
1.52281246305344,0.0729685647146761,0.490606928670343,1.5467796359237,-0.0397724789291466,-1.55280357179529,0.65410616689736,-0.52923204201379,-1.5946561579073,-0.911055354408738
0.67198809025608,-0.356798783320014,0.545541794193913,-0.217084713218669,-0.785893633889843,-0.791674021042228,-2.35280368086315,-0.337659155370672,-1.08533773064114,-0.259295826691583
-1.40064676214675,-0.18536507241765,-1.79876093315193,-0.648153676930991,0.681966894019795,0.300269403158401,-1.39091777895439,-0.871932067839994,0.675150943093924,0.469838314840501
-0.581873439645865,-0.175682787054815,-0.0262304015077003,-1.03539226449182,-0.0701926855924431,-0.404671867143697,0.399286612908947,2.59309539287587,-1.13060341773028,1.3691175928204
0.926059537604617,-0.263504904136617,2.00927089236095,-0.259462643219637,1.20159759068942,-0.812807965642667,0.541249674047819,-0.7968363296259,-1.72458874953662,-0.101256649283377
-2.30389897397597,0.663426013123767,1.10824010661491,1.12454541196234,0.416195929622676,-0.937026778863,0.648516935673014,0.422433765474107,0.986204264068124,0.164378601025251
1.67712476794631,0.198880090962311,1.48948315357286,-0.0686386955464567,-0.505846823743066,-0.29372639683254,-1.41396012452654,-0.756651566875179,-1.2342789693835,0.419569356302863
-1.54253181597854,-0.526391631432126,0.254158522736397,1.62683244653499,0.229664043957552,-0.178360087059642,0.417965708980237,0.508123960418281,0.863901386155547,1.19981767688196
1.75941762060915,-1.91450214871571,1.09767186124509,-0.223338242702431,1.22540786773619,1.09899239784798,0.458039337478867,0.213448911299121,-1.81060969403741,-0.565869834083161
2.82780703677531,0.0712326658191926,0.535852030125098,-0.73133803997358,-1.18277498793264,0.0868493841482365,0.503603926057255,-0.622354388881837,0.109988344935576,-1.54281012154376
-0.274236144542947,0.445928701399247,-0.407265411954094,-0.484974123924126,-0.819622334883343,-2.3170870975294,-0.272817063226893,0.672030776897452,-0.000668875213433625,0.105448091671869
-0.704106312985197,0.33036892770037,-0.765299824261266,1.32212220420896,-0.483398400606224,-0.0742728838402223,0.616649756918924,-1.37062792456267,-0.203359192327317,0.646998691218675
0.455777025895162,1.15640557646014,-0.465260190201871,-2.01147202013937,1.51136381437833,0.378118091043203,-0.621968515200666,-0.3492252534104,0.788816692210111,-0.307180594283659
1.42161591541553,-0.863031922370732,-0.976182456264003,0.0823251879306307,0.567191076099971,-1.21761592830654,-0.558579479651486,1.38115319444819,-0.408464703138708,0.202243392768687
0.1452466062137,0.558404927722601,0.645419167068529,-0.217495644478822,0.227186675558173,-0.548329135131517,0.421512805642598,-0.597895536385284,-0.775050398132072,-0.644008551182834
-1.04644324122123,1.09067642326081,0.546889108899706,0.14786114523738,-1.06194626980205,-0.50861287003936,0.579122425246839,0.201531844697982,2.48755829697168,0.0375587467746361
-0.196274631379706,-0.25092986121016,1.61566964040672,-1.84285039390124,-2.20262176947339,1.50471944022705,-0.00156181090801329,-0.430616854566041,0.00684234386128761,0.930517192377667
-0.0174331180411363,0.45511400413929,-0.465468116723955,-0.157085617125747,-0.204498182717361,-1.55051864063448,0.944657347621871,0.00253873500839793,0.212655734950256,0.882628113367162
0.511364530263316,-1.34459092043695,-0.395280965153891,1.33334550036837,1.89605120462401,1.56560945035786,0.219495932662121,1.80717013381511,-0.346034019203375,-2.18325496268
-0.683749226798352,1.56618488565656,-0.823175775518641,-2.43844636726714,0.831403172083262,-0.171486159430909,0.799587303735643,-0.279834904380103,0.0896861776566521,-1.47145252283649
0.248029066222696,0.122684225076049,-1.05939335649207,0.0742809044242192,0.0214418598712752,-1.67700142274071,1.54515871209316,-1.65812140974999,-0.956682051716164,0.0963133094609604
-0.0340920329891662,0.806272826564319,2.06405413520437,0.537006791774838,0.637677558469972,2.67598619436036,0.0666670048282095,0.797187280786006,-1.69972046014689,0.767743298108508
-0.689306959508607,0.636725657483275,0.409316538797779,0.85914126100127,-0.852208022697227,-0.365163416038807,-0.331512725194465,0.704399692984813,-0.718355012674903,0.0833257130208606
1.40835748673499,0.481319424083014,-0.926216385781797,0.7641618530755,0.378623524345457,-1.13156936722939,-1.25361693927822,0.691461183839131,-0.506821877971763,-0.350150847664377
1.11658007983023,-0.811287534559071,-1.10157584477789,1.51717193721032,-2.20855566024819,-1.60419119151397,1.10934231605441,-0.442860856946295,-0.127945806381967,0.382752139238736
-1.02070919804007,1.06445664276045,-0.826159075127929,1.58205674279215,-1.38334245648918,0.754832372273447,0.151970012672416,-0.0194471803784198,2.30580888353043,-0.641389105139783
-1.02323318385697,0.913332101870412,0.370868521783795,-2.16789869041916,0.270105806288654,-2.25582391339665,-0.1187623153208,0.329475378601784,-0.57442332108902,0.011889816909633
-1.08039002252871,-1.92492089826172,-0.13511168842951,0.131004051442787,-1.51578201020133,-0.241708166893534,0.224036964559946,-1.02668042489999,-0.597744789393044,0.579033262955521
-0.181053908990822,0.119066989231371,0.813164008145609,1.92879435245714,-0.866696455398887,1.27822223178143,-0.635360151739833,1.22845509158163,0.0227313326436986,-0.360049037344014
1.00713035396524,2.82167302214635,-1.99094036772561,-1.70023811419928,-0.398406182321405,-1.93208649525697,-0.240374213171872,1.69290441725883,-0.234628672356452,-1.40966070033852
-0.0870179329225567,1.12008539282955,-1.05092183314858,0.083794089879572,-0.280880669571755,-1.62388218580441,0.556992571004274,-1.02876874690603,-0.0261390021643272,1.52981165252546
-0.72060173707803,-0.106947983989874,-0.723528171163649,-0.131865185788968,-0.672098928414978,1.84805731993972,-0.959919363511644,-1.58035170724768,-0.132465403690828,-1.59665255926958
-1.30949836635297,1.19212367282756,-0.18432750073283,-1.33371996715115,-0.871737369012163,-0.773371490059915,-0.159929605729849,-0.184681178930636,-1.82735014515327,-0.395412561822032
-0.416045162793107,-0.918993775894603,1.30244994464234,-0.904033632060813,0.0398289367044969,0.068381284830612,2.10986657550305,-0.44371719650826,0.989930859494428,-0.453804565018198
0.355483538476372,-0.255095382740371,1.43791140723015,0.304152715946089,0.20669381353728,1.68898528365789,0.385858528585804,-0.230699203710808,-1.40279844373525,0.482693505201337
-0.685028482888511,1.32148912368399,-1.49060554418666,-1.16544154157725,-0.477675032449156,-0.91555772301412,0.574805243280947,0.432234957982114,1.8713251544454,1.49546435211745
1.14042670093449,0.00448535886639098,-0.302399996313142,-0.103548236110619,0.0929299482604258,0.486258338202297,-1.40264149549909,-2.31587613462032,0.267879303217201,-2.12966756227721
1.52811475359825,0.301266631673918,-0.646937791935491,-0.835018265901184,2.49547040552888,0.789632811693958,1.72761547772838,-1.78076847256944,0.966473707006857,-0.774408691896947
-0.593721783215771,-0.268203838955917,-0.315829058595296,-1.55063755194109,-0.313623719760601,-2.23072509436866,0.441524474993625,-0.397673101278292,1.94559752539484,0.321429891002003
0.259736932440272,-0.617451289203213,-1.56644877023231,0.831134517997946,-0.17077954742384,0.618757517237993,0.888258079645265,1.52233960252262,0.104771151529223,0.113701191936983
-1.54953359760619,-0.297138627889598,1.31418237736013,0.684034191975992,0.626778146939649,-0.0581412577413286,-0.737115465369659,-0.674023440292236,0.214380630412074,-0.821595945864829
-1.85428164356912,0.321200756480262,-1.06514545684804,-0.972747173897684,0.732006726494399,0.129239780678969,0.637524874507986,1.92021962641587,0.0731431185019864,1.36898598896541
-0.557161378196233,0.479993314602382,-0.0855415205856448,-0.684455379742743,-0.479963319059034,-0.440709255898596,1.52290078240039,-2.01483080547744,2.29658952017976,-2.51629907309605
-1.1074919496965,-0.0664663182342026,-0.742838984772987,-0.452874457974408,-0.784718319598671,0.62523080429718,-2.11419116134903,-0.370578998036339,1.63215521232176,0.34070193181061
0.697661039535499,-0.345185725827693,-1.14704518056836,0.728698930978078,0.29045932973721,-1.00086463054596,0.0926167918334297,0.821087256923974,0.665720442051589,-0.125603076211603
0.76729157932921,-0.507235623567186,-0.00297571574658214,-0.696077125498143,0.711054809000809,1.75568368108231,-0.371211697785774,1.14327160739813,-0.319544773531834,-0.107424699984734
0.708964770522801,0.163731060367238,-1.00552184679761,0.551012396488218,-0.914681361585134,0.496352863056206,0.0151141188496899,-0.0888921924406071,-0.892509443855275,0.131739340201315
-1.77289365266706,-0.933567814965099,0.625027290040691,-0.603582903446412,-0.814955654702407,0.993958316877614,-0.47724999539423,-0.0716166625686326,-0.338965267744978,2.08693757191683
0.584895781697994,-0.860592031973786,-0.029431344505556,1.63611612069007,-0.437685176819641,-1.03980418780496,1.05049651925272,0.692362122712177,0.0521362727308242,1.28451240888489
-0.442958878699065,1.11507043552005,0.903416440940662,-1.07723477962288,2.02150320606892,0.602782976602115,0.236417344461027,0.275899719370679,-0.450620695547892,-0.235997416048587
1.86636411365631,-1.11130589419108,1.28923506369881,0.886307981719127,-1.89678770550307,0.257272742256792,-0.409915104968921,0.517476123526224,-0.34420997101212,-0.453488291213061
0.257660018224275,0.147741446253917,-1.37177408543096,-0.621017669344656,1.62632699708541,0.843408661343554,0.403434397445654,-0.927570447399491,-0.376429665586236,-0.739875767091648
0.797174069890735,0.656384055562696,-1.03428269603252,0.869062957481447,-0.782168737270914,0.692947947297399,-0.0999010925038106,1.80134632516787,0.725140113146955,-1.20561017119761
-2.24469397314096,0.842578361561722,-1.99066710309028,-1.31499914296964,-0.427162131205768,0.485043866787946,0.691485102419766,1.02855176693383,0.704448986564606,0.783925589392683
0.0654672193472952,-0.552231562453179,-1.08995165618264,1.12823133881968,1.93204861794177,-0.979485376622666,-0.430139899366494,2.60357323476849,2.04517924066145,-0.665829242974768
1.00554470509014,1.51400372329557,-1.64650059243789,0.0898356447596971,0.397024018195712,-0.725717303843699,-0.497358288679137,-0.389465435907128,-0.157853667493163,-0.162944206694336
-0.0534272930323825,-0.456211890699823,-1.24853525763628,0.925477893898546,-0.425347921497236,1.69615190275664,1.54521157658956,1.20378315613822,-0.49324446555069,-3.23477335242244
-1.50653622988888,-0.841328377317267,-0.992024718907649,0.217921295390957,-1.40540549630107,0.605354253295434,1.07099238001897,-0.306452485119009,0.870449029801277,1.55339508350439
0.516317514083239,0.0404646071646719,-0.209488901565174,0.365588222062557,-0.259861760795924,0.662288530093237,0.500393399065513,-0.166312111494312,-0.509039759560819,-0.114742839526622
-0.468454179064626,0.472170673666931,2.04939341815335,0.402117276189463,0.53359336966818,-1.46406087472875,0.783148561979312,-0.305200024376203,0.321375157782677,-0.163526757194155
1.78783653798279,-0.532077498700034,0.947671858990592,0.102863287152485,0.20663636356088,-1.04838737536842,-0.222666360691165,0.853438123955901,-2.03718338504474,-0.190187400634623
0.850978517999455,0.270599023918295,1.21358434569674,0.996745320042303,-0.703030106746148,1.9122585865643,1.0317434223991,0.772478606432713,-1.29042917296368,-0.269581674920362
0.0365520560835449,0.197466726585439,-0.930885221205539,-1.03112497269557,1.26772858557926,0.0160210941618074,-0.240830913650428,0.160978242656795,-2.0856552233568,0.0371862870543101
-1.61913153019019,-0.24371644523721,-0.00227194522477796,-0.279698683403162,-0.501533208942994,1.60499704244279,0.669854073914968,-0.185213403420321,1.02977199820609,-0.380878412450473
-0.1689158492967,-0.944453617467141,1.95777904754038,-0.169608219822097,-2.29231880282154,1.4315199015873,-1.31168415961221,-0.461869659959138,-0.71597320207136,-1.49485191178496
-0.155037780011843,1.15552607310006,-0.1933594809591,-0.36780510059287,-0.773344967184221,-0.764994977009191,0.382328212972079,0.383176353909154,0.39363177210019,-0.260444448427578
-0.654528659811788,-1.05074601434331,0.311915993054193,1.74250316418011,1.28109892199121,0.385886818345868,0.730276435719209,0.243079620374448,-0.650043128106554,0.96170494843188
-0.518084562924824,0.458723133513757,-0.404075851419325,0.498187857522497,0.709362196248326,-1.33290539722503,-0.16643772927647,0.109181657748498,-0.555763829045845,-0.507206759125116
0.120342964584446,-0.121067417037725,-2.27888953870248,0.957279131066448,-0.048556365590243,2.22041778428829,-0.751773848222531,1.45416056086145,-0.853387875978311,0.967620195000846
-0.594600775936762,1.26876654877677,-1.38131658704087,0.00856450668497878,0.765979328982854,-0.277594421202378,-0.295016472565427,0.0280886311467715,0.997497683650697,0.324937967033078
-0.177170416652701,0.337743930360248,0.248023490433576,-0.0041755696852989,-0.0784856645802899,1.65708648263757,0.988113832430892,-0.160599604171819,-0.384597038635076,0.260929374539427
1.06286083964727,-0.273538791708386,0.849914490076897,-0.0533991011683755,1.13344985909531,-0.605122335928667,0.896234358806361,1.29130788573381,0.645242440378678,2.23608462470092
1.1517130054012,1.05408201818584,-1.73300045727913,-0.948981384876579,-0.41033122629984,1.37195970418774,1.68813773395115,-1.61042488652724,0.268387433088427,-1.87897007466714
-0.330407355830719,0.929453734793368,0.861058515249625,-0.465268207463354,-2.06287082760735,0.830702080551239,-0.15646849170227,0.0936363171716073,-0.681301822211392,0.69887042820015
1.6980761509249,-1.40112735997919,-1.58276534319675,-0.668585693042693,0.260511883774204,1.47990177627356,-0.567411237896551,1.08467629959005,-0.359175257170912,-0.0492617111776096
-2.01185182233165,1.45480895606121,-0.412686481119903,-1.65238699768614,-0.983506951520428,-0.105611453572851,-2.00731306115315,0.200138037044443,0.36728412554671,2.83708659846592
0.342753605303081,-0.297173203603144,0.74352215497061,0.40002500233399,-0.647977414651642,1.04573024292636,-0.900005096753266,-0.148868161105059,1.59734071747517,-0.492419098283398
0.60553319965226,-0.818945319481152,-0.928874928425294,-0.118525744473882,1.31416578732963,1.10813798934841,0.626833878352039,0.0665506921576494,-1.02721417114225,-0.730642880527852
-1.19204092722346,0.674813662694556,0.940472838823071,0.571036817750064,0.507964537134751,-0.277385914131211,-0.281492818976662,-0.316590728403337,0.714224998981668,0.00754661520945489
-0.726088352919811,-0.423371636957293,1.15986249570301,-1.03426745477393,0.467233910225649,-1.76285004447478,-0.11915211212694,0.347183954923032,0.447651610382171,0.883770079941015
-0.0494923401227857,2.82451637214383,0.0788818598614746,0.703821747600741,2.05950682248713,-0.161932301336884,0.554447153784663,-0.476586360206928,2.09352062766754,-0.230885327353606
0.0503071640227135,-1.06070391118002,-0.346388691640039,1.18227614082511,0.597128513808929,-0.994920078592321,-0.141936271258559,-0.78242577868115,-1.45651462309697,1.11441116337508
0.244587329766509,0.0925692482255423,0.53046058514742,-0.145091657148299,0.186837179070195,0.903050911136725,1.30662888368819,-0.123462178849398,2.43956040120175,0.224555409890932
-0.465581629352209,0.777315009908263,-1.78396697475377,-1.05155543539414,-2.35447242264114,0.704207637055172,-0.79919564214569,1.64624316937333,-0.248410894142077,0.89938428821594
0.13900477050381,0.992831509559711,-1.71344491531628,-0.797864098960353,-0.0821447378637012,-1.40645044753555,1.42729266180982,-0.943937907394955,1.10374340031279,0.433066863265541
0.421580166722915,0.911964654741902,2.09063972779529,-0.618787563476575,-0.45165193717527,0.0855032669415755,-0.0823706661433606,0.624058788439013,-0.409124942370016,0.529793407057445
2.85257883799988,-0.877228497474426,-0.430051539016386,2.12869873547468,1.05250543254892,-0.333877317225059,0.398319665429103,0.907891084591241,-2.06807164212436,-1.57256054613908
-1.07312987630928,-1.00781600269801,-0.209373935761282,1.17827111668288,-2.79087836637259,1.08981537314413,-0.348884903241129,-1.01852114889269,0.850368344529013,1.02647358195778
-0.374229998497968,0.0110082813126567,1.20707029679579,-0.465096519761037,1.25273861302204,0.244405731640324,-0.113050155689986,-0.67142554877116,0.185163606205486,1.15708110508276
-0.13917134619607,-1.56199677676071,-0.659290339066413,-0.537335979521914,0.486748144734215,-0.823626209518534,-1.39930659161609,0.152872442464475,-0.198749382889765,0.653877449451499
0.261351668349384,-1.37559396206526,-1.1388946630518,0.853454366475284,0.32661489893543,1.5379798912042,0.226379526937906,0.684491827026936,1.24566615519171,-0.195040572523978
-0.565298348985604,1.16430581447638,1.85279080409098,0.246637083557505,-0.106730723730189,-1.42895868052071,0.903289730920533,-0.186162178435907,-0.318147357229904,-1.6559914711124
-0.657040547213878,-0.730039385081769,-0.716569000861423,-1.51605550913747,0.45666300668401,0.919715588669904,0.00469961069263941,1.49438112074146,0.314936440303872,0.0992151354402095
0.420847692506875,-0.600098570267278,-1.18667878917446,-0.0764157868075481,1.5185801788464,0.77129421603675,0.520785589176802,1.02076317676158,1.19274168569911,0.495190119779027
0.668799949004683,-1.25088185837009,1.69253158684454,-0.0490609699266226,0.926421190368328,0.366823287228874,-0.870179922026057,-0.495460688170525,0.0427139953545719,-0.413511465187652
-1.37238219469276,0.992409405446797,-0.0406628320919862,0.242052396885613,-0.217427039120801,-0.206765670039131,1.64499957409447,0.135967691822099,1.24532065809115,-0.292197533156937
1.56326156041708,1.43952282472316,-1.26657168430062,0.162137325590668,-0.115433097620349,-1.5598227448924,-0.769482607789836,-1.1023903757011,0.0332068484215145,-0.193147869192977
-0.151896650693158,0.0271975651656801,-0.0219016545500305,0.229303677562261,-0.483917683484312,2.00338468755953,-0.911047011964364,-0.617525467067687,-0.475695940751997,0.396291714409795
0.88026222035603,-0.57703761208147,1.74338979273268,-1.02994924967398,-0.776709912942434,0.848952113143045,0.67998929564762,-0.856510438989484,0.144151309607309,0.0207182998366789
0.563866362209924,1.25218878185377,-0.325446553719367,-1.05326719200086,-0.472402383389363,0.294239368749367,0.429314888957193,-0.451468323173029,-0.317456350237389,-0.424448636917714
-0.265362226845871,1.6947227483252,1.49804709034145,-0.688001045896224,0.0751496393170204,-1.05197233120444,0.299134321278855,0.0111094154014184,-1.83370363721963,-0.488916300085364
2.06592701119317,-0.542121149275013,0.576974607423453,2.38570364403469,-0.412067163882078,0.681336421694555,-1.14220005853263,0.314353972935133,-0.0802356046259267,-0.301766338697758
-0.677263343629769,0.840045498932494,-1.29832350716697,-2.35083180268621,-0.303427438290182,-0.409084187185069,-0.689828893983328,0.597937526739893,1.6111695061865,-0.532195006899078
-0.852853698543943,1.07689435818378,-1.72852477020829,-0.178523616959795,-1.21547290150787,-0.40197717054256,2.1098476118592,-0.892747230272948,-1.11286272771271,1.9863441865628
-0.635694351826879,0.302046452298272,0.03102263493536,-0.828562063060238,1.10222912481029,0.544267045631845,0.8682068430139,0.922220165832514,2.49170779539716,-0.00754898462615554
-1.13885306936023,-1.09783536316686,-0.698953824426367,1.26217732518368,0.565878666819867,0.572794515210405,0.826218742363992,-0.432070641668942,2.51784558412172,0.329245080959929
0.926330487464783,0.230544509908523,1.31966845024292,0.0959206173876686,0.207666732687391,-1.10606145462197,1.54192346060662,-1.47638918854368,0.226567221435937,0.936933702178828
0.90260227568319,0.374196122158442,0.26740693959651,0.906461980652342,-0.277969556720743,0.314103948591871,-0.418750765824638,0.409420162473659,-0.277671739380925,-1.57308385731784
1.32184997796524,0.972735482222826,0.557009172838149,-0.397995778641093,-0.109026293861286,-0.520844385484988,-0.555534791537191,1.04496306295403,-0.658624369607648,-1.19868931103179
0.447098960104504,1.10912051764805,1.01506713768419,-2.38666843336328,0.370079269002151,0.115298941773504,0.0466882996906755,-0.0576845800401186,-1.0738908869871,-0.697094463711394
-0.121682377901159,-1.47983781136736,1.51883151101899,-1.21668217949625,1.14695511901181,1.66901985469032,0.760262442751153,0.388166785668898,0.879711249264396,0.986406758807683
-0.637205653608241,0.263660444402454,1.84889955763449,-2.02946915992398,-1.80212446864233,-0.650557316715724,0.680107521835449,0.0272015423316049,-0.38880772724882,0.0520402967824827
-1.57401182001442,0.303566803420899,-0.963561727580151,0.340891448239462,-2.54179014001671,-0.298352872423699,1.27776737156209,-1.124845439438,0.33604266327372,0.691463632856246
-1.35210883448629,0.558752630709563,-0.070641461550339,-1.20664315002237,0.388336945876066,0.723586142106616,1.07489390831143,0.452410777462931,0.342600650587873,0.675742092968823
-0.0242750853232576,-0.465108494867146,-1.01218323923548,1.13690866055274,-1.01856042648177,-0.515591630999369,-1.9466862526244,-0.901277251687339,-0.396500333177587,-0.254879513645734
1.09911322724376,0.119221984260479,0.0679146356960392,-3.24604989904687,1.29131427913566,-1.16314200991381,-1.85549561654219,1.0697749538848,0.959072998854459,-0.108120411380693
0.583109147948318,-0.456356018195925,-0.542093361130273,-0.217467716686971,1.56546239714603,-1.56941279157266,1.28452303467458,-0.761630836067415,-1.36259068513386,-2.27914486180623
0.0662125857256177,-0.617374896786628,-0.490457675258346,0.333229080033255,-0.220076377116329,-0.719282371930634,-0.543751917671622,-2.01561129059321,0.596724463556006,-1.82725960172604
-0.430988989029982,0.671317787293013,0.824156691503588,1.36569434463874,0.428407683917207,1.91150968201184,-1.44578041816724,0.0671487649665794,-0.547891523312808,-2.12905147536646
-1.10992467972544,-0.662169541443256,-2.01976905236521,-0.689771407524245,-0.818798141930737,0.880632458647255,1.01771934209043,-0.70824767976621,0.169677119528015,0.0732884210998868
1.19310904644021,-0.852366211895945,0.90323188949784,1.16465197648389,-0.042906286761376,2.39475394353115,-0.242923053818523,0.781061728934428,0.916338831049463,-1.56242349454316
0.329846626240479,0.3999162469118,0.606509078177437,-0.203448051506333,0.823219880778477,-0.726479112808388,-0.0658928303981113,1.13101555822896,0.118996055110343,-0.954987655533281
-0.187431553260061,1.75970104734294,-0.0517060017075431,-0.0567153349078893,-0.247919265872852,-0.620190792031164,1.30900841743755,-0.215095117518841,-1.05007396414012,1.25385614870108
-0.138355033428064,0.757512865553722,-2.11409364440775,0.0760441798642368,-0.710727189653356,0.256427268599455,-1.456547139577,1.40459010836071,-1.81003023210505,-1.46894321096828
0.778525830417125,1.65180075032372,1.2621809508292,-2.136818930497,-1.91159908158302,-2.74365758979895,0.42307638039889,-1.23193431331111,-0.389316189017945,0.685962346596565
0.592764700248018,1.38741963149189,-0.962942497615107,0.408993248559929,0.465759002474715,-0.336103838173975,-0.0446979414350703,1.93003972569405,1.03159742354639,-0.686006593746048
-0.164499560457063,-0.479554268518943,-0.335949581819909,0.0288807587509109,-0.830970557982326,0.0329990262208992,1.48274067682206,-0.60668314230384,-0.180322216507223,0.35822156732579
0.758021058073452,1.51467229457796,-1.41246871277196,-1.37469052933572,-0.601262773003515,0.608666536908382,-0.944538003272021,0.835847218593801,-0.473502266949872,0.0648914836085669
-0.573431720432511,1.83573886808606,1.35764515437897,-0.158747412831498,-0.311917922478301,2.2798836053702,-0.0595861528995211,0.602178795626999,-0.0432537785960133,-0.529998845531303
-0.779117512723659,0.541832221830367,-0.663479519508371,-0.230967814028283,-0.63703757000372,-1.78395850200577,-0.137984830347406,-0.258309307410743,-0.0413978833153426,-1.06534180730302
0.535818943034181,-0.848851267292673,0.0470445465280429,0.486554216913668,0.425045855648958,0.317492968492411,0.150100750718073,-0.448588331684309,-0.7432321765468,0.0974446051357142
0.590012666346218,1.05100564237328,-1.99796108784473,-1.10321376102991,0.819984617282326,0.542449495581733,-0.108007653316153,1.62798067454657,-0.398811082888782,-0.382937477292964
1.2043640010842,1.13441450255951,-0.257988191913256,0.0183990660719435,-0.787256681154646,-1.3883602277544,0.689311159108431,0.147460853954563,0.450213901523053,-0.340289947832035
-0.187335324949541,-0.453580063538274,-1.79795631857677,1.77312004563679,-0.0779998283351439,0.269746743101985,-0.0651384499286727,-0.471105038877242,0.242538007902547,-1.27791130964656
1.69283683956679,1.24131670767819,-0.192703102151945,0.860541441832831,0.906750601681895,0.155936918455396,-0.700063402448229,0.194928457549731,-0.262625022009466,-0.56259351517069
0.228652873585813,-0.611482074171069,-0.15086493957532,-1.60852798999822,-1.49546592073688,0.84528898714371,1.65256325081005,1.2272884754641,1.12404649235099,-1.00519435453883
-2.68846088754019,-0.940137186702016,-0.086292803047968,-1.59258529819395,0.293728292188279,0.0135023872558033,0.688334533489256,1.440852737835,1.15875449542605,-2.05391080523233
-0.391470164416654,-0.325528812126281,1.53388139132836,0.244007671380125,0.241746471896057,0.871604495963037,-0.417633642448726,-0.531082282726517,0.0817187159629507,-1.5263659332798
-0.720790050206682,-1.2346311794689,-0.675938124692341,1.85386619703512,-0.631218985321511,2.0710958670147,-0.135153964880482,0.333553350980012,2.23832318705817,-0.942785339946014
-0.156809505391716,-1.20294171315819,-0.423364014117174,-0.286194942046388,1.12313174424732,2.07282802109274,-1.13916656960693,0.0428567416906635,0.0250085998905256,0.833021380146465
1.06804932054949,1.38646608915422,-2.00873497296428,0.00483729483858691,-1.66729872462399,-0.338119064072718,-0.514551506080659,1.26751414456285,-0.340323247325959,1.66796378326171
3.1632009530626,-1.51756202834872,0.983507192041147,0.349742701409875,-0.294369426675723,1.12037152622379,-0.597230326446751,1.08590039879652,-1.05108009777833,-0.351559563915609
-0.220773249345638,-0.623322056413934,0.640097964939955,0.5402551234504,0.0338473556592532,1.22638410953219,1.39395939896322,1.60410840739973,-0.79643861399771,-1.05154872770445
1.27649312433477,-1.14765164733097,-0.693454571669591,0.761711203427859,0.347179171289418,-0.346817852716183,-0.63349943381933,-0.724168846651903,-0.83454750817088,-0.682394492916541
-2.3333932643635,0.113972578466752,1.11831725407655,2.37491467615315,-0.697829326156609,-0.459107396812041,-0.958885828208573,0.299988131195649,1.42886569165092,0.141554664516701
-0.61340870208148,0.436111207121945,1.60021606111215,0.534316460311716,1.5179540395114,-0.332753914157546,0.100054343225046,-0.682852392228486,-1.79065038539944,0.509998820382273
-1.05372101633672,1.84973568282236,-0.727631512139843,0.399505046996096,-1.88504176642694,-0.897789483190655,0.779912844151411,0.499340597726362,-0.355623205767443,-0.315561108726033
0.234636423775835,0.811678044565351,1.58262947858152,-1.70073447075979,0.523008389718872,-2.21733671108832,0.258374734642582,0.0351937916811983,0.968893415670538,-0.727515892088132
-0.316580459030492,-0.808871133667604,0.597493586428277,0.92513229608193,0.492128322590841,-0.471133199313464,0.645641074129323,-2.45215976463529,0.441045065760866,-1.37238556006023
0.10319741950335,0.438579235192132,-2.27242406146763,0.434764531910343,0.561831665255812,-1.00754039422834,-0.603933808785096,-0.483621854226931,-2.45616175289051,0.79779349162866
-1.79217066220502,0.893458008280695,-0.102255530113865,0.791873730360354,0.149712510731652,-2.05538949594519,0.329320781025141,0.662508437784976,0.438766991096225,0.536373913528501
-0.630711795026193,0.0599118906708924,-0.712518685313084,0.353161693693511,1.12729071222689,0.470297409322026,0.372900325718475,-1.07021504316803,0.0955043682246663,-0.584879597924245
0.611684507885863,0.214778192895646,-0.676150577246497,1.06077846142317,1.357273858873,-1.00961038705228,-0.71166973026351,-0.189962785409141,0.65433774373771,0.384236437955086
-1.01870661879888,-0.16595697078469,-0.530592914752804,-0.174294986537934,-1.98529309779927,0.423227163242108,0.729590536449631,-0.595940977684295,-1.39153728800687,1.1197960380611
1.36886882814952,-0.394400331394987,-1.29211099636399,0.870050862697037,-1.00690284615015,1.39355699348611,0.802669342506039,-1.08247226536884,1.19374936824917,-0.0231721313417046
0.680715005780283,1.68357703273136,-2.18145861169393,-1.28061885200207,-0.519256892249979,-0.156264234265381,-0.626726916185166,0.435120809913274,-2.2531146915717,-0.553924595637544
1.08574455727847,-0.173453653564425,0.277706852532834,-0.700990081214676,-1.05441790451912,-0.0880541434296987,-1.61332469511923,1.36537562744607,0.34705987404214,-1.19127824775168
-0.0679928926570402,1.66917863348735,-0.122960238702045,2.51772529956148,-1.41558191596288,-0.434754239302802,0.031983097979154,0.115088765879342,-1.30406920439742,-2.45887285384565
1.25818695305948,-0.654620186158565,-2.60239035063829,0.21037829446693,0.782284200621402,-1.34831296144427,0.91499183389857,-0.856239961077777,-0.0517765471749432,-1.15725471440482
0.22672915691735,-0.671419028653262,0.81263576058469,-0.119241175773403,-1.23419325562248,0.0709677599016081,-1.13922888763439,1.06276979323044,-0.815960306365363,-0.155419709326314
1.04445544206375,-0.402239266603137,0.499056608100585,-1.00293983314375,0.456145499323403,1.15532763207953,0.382459570763364,0.553697533861416,-1.90118114756541,-1.00986448909278
-1.44063914690234,2.68735389742483,-2.11831548777129,-1.57056037811172,1.39784814734539,-0.645705327307855,2.13168735076221,0.45651076076369,0.340983346363068,1.07457930490942
0.421470269647872,0.642420045653804,-1.52738939391,0.428780665012757,1.38687575619618,1.39490251713365,-0.449095659245334,-0.485280041364471,-0.322436814514915,0.281229245317349
0.352083357407555,-0.144808364927422,1.42994030751486,-0.00605560369906641,-1.36162312691537,1.47255833608943,-1.33471699306726,-0.405457913159112,-0.54044633952901,-0.948446629812245
-1.15237079303832,1.71089134597017,0.14040607785874,-2.04915137585373,1.66345586472808,-0.691492757941753,0.842440525181988,1.52835704419776,0.371847354704376,1.10763713380675
0.691003202111781,-0.751339618118757,0.500085616877825,0.439959982706352,1.53956113728673,0.00931776554164088,0.863430803536449,-0.517232413087618,-1.55613047343414,0.202644045648056
0.175724481914134,-1.55232359962906,1.34679763678575,0.0193754450148737,-1.0633632163361,1.56844065779914,-0.89222518770049,1.69726790410326,-0.171490268978977,0.375407115825218
0.237055421803582,-0.768534653900153,-0.0448442044080947,-0.0113207269483073,0.288690858684432,-0.827890177476431,-0.304827816020312,-0.575367402119607,0.889687605927841,0.805961067476788
-0.942479708094289,0.286349999650046,0.469397433854188,-1.25529874330607,-1.00373233171269,0.0453014501255328,1.42753290297429,3.01674732314906,0.90761387302243,-0.597458966744884
0.915919940665503,-0.314680619676595,-1.17036367231225,1.89759504320414,0.608744630490695,0.202096015064994,-0.961447021702378,1.50848320385479,0.0858693219908667,-0.144999387813456
0.707032920483906,-0.336776855225689,0.0190841793218139,1.39310982052869,1.49573396900588,0.32370725313479,-0.73442790555655,-0.159546102264824,1.24941245566315,-0.0497880489733548
0.960694022736869,1.59627606856271,-1.06107990970158,0.268224601242294,-1.26714512042336,-0.760566849469232,-0.340335719494719,-0.262763205111059,-1.84933026956005,1.20246889208281
0.167359278923336,0.663840233085256,0.857496960238544,2.01923200193374,-1.60252590792904,-1.17011273884497,0.0991002609413537,-1.02041045783359,0.429489821526561,-0.0164380724411076
0.852496769794484,0.100166742149096,-0.419309837727106,-0.38648797851388,0.139095791591344,0.165904506019668,0.0929373166491377,-0.975793904690577,-1.15940037428781,-0.189960767739449
0.75427683697125,-0.421672438157214,1.35666262089813,-0.135503356989765,-0.31057725702093,1.57977333994332,-0.18554494441711,0.41660601267779,-0.656070712406932,-0.638000842869236
1.8925330111213,0.954775080002171,-1.62661440305829,-0.818496206373121,-0.313979203902547,0.0409732912543934,0.52134273964203,-0.673186328664077,0.141396816482728,-1.51395303726612
-1.23368965185317,0.373744292109943,1.05375240541103,0.155361956138127,0.222713338241771,-0.946541963446978,1.00404661276527,1.44832234438011,1.24687810430028,-0.145917424323413
-0.432544609168682,-0.483933063249324,0.222863580682506,0.781346044758134,0.269203905773292,1.52989841231484,-0.192059285903863,0.459524473166714,1.33794790592019,0.135109996370684
-0.103226039110537,-0.28524290734067,0.349800261323355,-0.619818870573498,0.0942780467280949,-0.660375262097126,0.646618979193466,-0.0100424509263635,0.26394412034133,-0.171030498208225
-0.609401253184921,-0.91693483501046,0.309730098901227,0.439223765900694,-0.97124071349553,-0.367304907414362,0.48981581633824,-0.394634770672094,1.15125184959844,-0.0839242308842926
-0.356721979051909,0.789718089395294,-1.59391242994453,-1.01765383755495,-1.04336431001329,-1.08808785912004,-0.2206943168037,-0.093561813891832,-0.564009053879827,-0.432087048390196
-0.522341107444688,-1.07467816568774,1.21575594438974,-1.29592881269861,0.339067002741587,0.526532171417967,-0.950224528754522,0.583008276136186,0.803918318446253,-1.31850378689086
1.98241035359853,-1.26837446441153,-0.327232036110891,0.418070450097919,0.514666561534131,0.822735888972839,0.769150860868053,0.773462909937094,-1.25948312935051,-0.76243034536156
0.240296856980468,-0.311798055712887,0.449283281647755,-0.138390691606054,1.04689836562946,-1.7428887498675,0.859554321245319,0.936143077468081,1.48173007553749,1.7712349918233
-0.153743032612532,-0.669738421526874,-0.778505227158074,-1.32133583618257,0.229706650901985,-1.54248631407953,-0.842157658877058,1.53447684134619,-1.76392187556596,-0.86428040646374
-0.562629835650063,-0.54978840721274,-0.566306183247632,0.117899752426729,0.288224620475207,0.622944779177254,-1.01938568598416,0.423993492799248,-0.844796607653396,2.56041873789747
1.18353597638586,-0.756870196780603,-0.746298472135807,-0.0019841258629103,-0.909959752198437,0.0418049610006199,-0.0284775697969935,-0.840676002604962,0.756431243604596,-0.582035225417138
1.96331442918671,2.00597344389947,-0.616498802295529,-1.22551917226173,-0.60352199767625,-1.31181773099089,-0.242307971147311,0.788504493291105,-1.71327373574574,-0.64839621902893
0.172659177469532,-0.570877043448036,0.886216738451591,-1.10687740469027,0.333767688128919,0.862973531552164,0.464783767146006,-0.101252032455313,0.543524152761772,2.51951413899838
0.936791091385001,0.297596537163972,-0.202427784299723,-0.649799294458858,-0.366048376605476,-1.29104078896256,0.739378749834022,0.325260920779882,-1.15135441057397,-0.596668084010772
-0.629526491789074,1.75255597135292,0.49096937465582,0.650813832745742,-0.209007104377467,-0.761037243696506,0.0249903133383248,-0.417873542432228,-0.637265263584591,-1.68693275324663
1.38209702085718,-1.47099973027921,1.14955569202634,1.04251355694167,-0.767730896498832,-2.25408928505484,0.509810839333819,0.403436912831007,-0.051372206376007,2.8507342780875
-1.72151088732682,0.342248409899257,1.26390416162233,0.510733163558403,-2.49232434123467,0.534875297363201,0.787179098155909,1.11789767941093,1.18104289453407,0.448945669017463
2.45013007046153,-1.03383838289855,0.269977855950348,-2.12345486156103,0.861110243051028,-0.954695804812254,0.0325429326213475,0.624210175712969,-0.367738000797785,-3.00078162973649
-1.60622801858796,0.916987531913364,1.12270015892044,1.03597715173922,0.435331599174936,1.80030534008744,-0.527431645637013,-0.924794356033124,1.72220769672816,0.82233099247806
0.608002738044674,-0.0329250273518632,-0.105207089874295,-0.242105176838525,1.10167844288724,1.90724971380741,-0.658941057172474,-0.69917451157435,0.125416883990054,-0.7776207866731
2.23369886220453,1.44821100552249,1.4568846872615,-0.088148596234042,-0.539398507457008,-0.62848801714616,0.882247608424705,1.31868950898985,-2.00151245241486,-1.08066543589638
-0.280595385453026,0.833589513489297,-1.6326577045262,0.624659953000519,-1.12084979119775,-1.08909436220118,-0.249042540177867,-0.0232753804078295,0.854250864300547,-1.2525795462242
0.972100437128643,0.48928502242017,1.15141350222197,0.292352238678623,0.775270245939931,-0.268137742585803,0.769999437768843,-1.42161311612585,0.602120383939631,0.930080236727156
-0.470489443356245,-2.18163647917715,1.49965885006482,0.631847268891092,1.74192757365493,0.833884599265452,0.115533841082898,1.85590426628343,1.14122052111291,2.29349992124892
0.321780637319267,-0.519206977554695,-0.741613954156927,-0.868123790469015,1.2317729240316,0.0280535378049133,-0.962493943942503,-1.33534210108378,-0.171172416671326,-0.28242457356818
-1.13653661720389,0.795336948447623,-1.44167294694095,-0.101740861003096,0.2850211172378,-0.884716758943355,1.82785736925307,-1.27722580907835,-0.00396714068995647,0.525199960793076
-0.0387734112454436,0.588466994271931,-0.423781784985834,-0.414788883716016,0.0167405576173709,-0.252808891638959,0.0463517235682284,0.0248399012388822,-0.488962443378322,-0.853767362146937
0.618863630319168,0.547366360938438,0.152637888078313,-0.371283699174778,0.442834753534692,1.4149304267771,0.377341729912941,-1.28094855362836,-0.708933320642827,-0.406489176399602
0.695172855827228,1.25917235068411,-1.25451853280605,-0.767424045974293,0.210614708804763,-1.33416359370705,0.264860900692806,1.5889727998401,-0.571618162642937,-0.88409313960133
0.0616727382840675,-2.07588974536357,0.495093895170728,0.517898338343352,0.414601151069983,1.45053557922847,-0.389006435451978,-0.490371892751551,1.46058004705882,1.74699613749607
0.192725193200987,-1.03309567993812,0.268263307942407,-0.971460084507085,-0.963969609307678,1.33398040394662,0.788976653825043,-0.272261971812012,-1.35421815791583,0.272871770751033
-1.00573626133777,-0.351603854233332,-0.450505805772107,-0.383809032890052,-1.80712865833511,-2.20761191023576,0.150386205744963,1.77539599724411,1.38365930910178,0.950277227495899
1.94316523814966,1.50893577450883,-1.49801899136833,0.0181866127464645,0.523739125759283,-1.12738142025415,0.515717985120921,1.44580924879837,-1.30107175852811,0.543043829933322
1.01958800867811,-0.712888792300772,1.25556809666473,-0.64227585655933,-0.0730825272006285,1.56543402688148,-0.430333611603612,0.738122400703273,-0.450126891392427,-1.02425382050867
3.18538694980586,0.942817648114598,0.743176894191545,-1.13124806940048,0.106446854222041,-1.8155091721323,-0.506017588541734,-1.81294785928197,0.849135936715665,-0.805299017381259
0.396052876553242,-0.110733351435816,-0.270507809565043,-0.666371619481998,-0.0102007274650452,-0.332061788881509,-0.699990327155876,-0.0716052469465338,0.150782507002748,1.8768056313319
1.35758623506628,0.0721638831593007,-1.27215460983418,-0.197090115879697,0.0139323314225153,1.18752195664081,-0.621985547106509,-0.0928929558080227,1.19089017189804,0.152887397146644
-0.613029826019036,-1.008915899799,0.572668339593337,0.556111392724338,0.372715649622877,-0.216573887231181,-2.09885387809264,1.46639676057254,-0.553035373279134,0.459123341700181
-0.540333327888797,-0.556452476797304,-0.0137955444731951,-0.109487247003599,0.666936503542953,0.0140848632162113,-0.0289870591487787,-0.859542967278766,0.893248057824485,-0.392912453816214
1.58366349967373,-0.261499583727708,0.122068092698833,1.09601944797613,0.566409080348348,-0.0133074965980546,0.0106773712740929,-0.47842601592806,0.591945238145362,0.86730916751602
-0.40895587992459,-1.10295202076038,0.0695586694708328,0.841797897618675,1.53276743005884,1.76623773383238,-2.28790830655377,-1.0144288400005,0.955363321605383,-2.26726419857217
0.557765283275233,-1.2523847005269,0.718150699848086,-1.3957389625552,1.30973582006893,-0.982420949169853,-0.357961922059142,-0.0938254986887034,-0.363173224030523,0.307183185827117
1.20584168231272,-0.667660468968242,1.25462698572201,-1.36164594858988,0.5357364850714,0.372411300833292,-1.90950617693832,1.67925278363393,-0.898120190316378,-0.713404691441707
0.426385248084358,-1.26025297596677,0.394228411468513,-0.0527695124695934,0.616125259039489,0.362897766496658,-1.20092231312206,1.64399341578867,1.0548768749226,-1.32881550538913
1.6850281991426,-1.16332808126153,1.06952713618173,0.372632522449642,1.17129601205521,2.19742610530639,-0.878523387893049,0.575133683884356,-0.328290116872513,-0.691352262559188
-0.499475375710912,1.74161446551254,-0.125233253487315,-1.20204830639475,-0.24381751296359,-2.17008330884245,0.607700171495302,-1.72390536554328,-0.422028717002493,2.29238955406927
-0.342707949972555,1.55782965614368,-0.55100607115434,-0.55918331226246,1.23404358674944,-1.4291565377487,1.36184258893592,-0.314129168465916,0.502137019850112,-1.56005050714421
2.97843577650797,-0.796676892305177,-0.571081608283346,-1.39747120823847,0.0167810090133544,0.343345240897429,-1.93421803021892,1.3891990196491,-0.455396454067465,-0.700713274741638
-0.813555233646764,-0.657747754799378,-0.530421049971746,0.713594824498285,-1.79406544076288,-0.0328143573935792,0.874975962318138,-1.4959818940538,-0.747346703134607,-0.798874195047475
-0.705651714175003,-0.157693643085892,-0.94629731358904,0.0260703372988104,-0.367411384119708,-0.195314670073422,1.75063392598024,0.143480313545317,-0.154195129215951,0.549289326983852
-0.228367622683308,0.439998645832466,1.06094068915233,-0.362455498028143,-0.366650759807341,-0.812209308757394,1.17641903644948,-0.721352914491823,-0.567600302538421,-0.0802425073517627
0.964681386088601,-0.571371991959781,0.225618250670242,-0.422058868549356,1.41816275680003,-0.404520584468424,1.03454133298611,-1.2553480497276,-0.873774346701,0.3234348747011
-0.358026108694082,-0.318134509568063,0.265190086644946,-0.18359058596627,-1.16759804185106,-1.37578513293721,-0.277834314001205,-0.556324009269901,0.136251461035003,1.4448676813768
0.373724042011557,-2.06474495212683,-1.41348900748028,-0.912085818678617,-0.574848679486609,-0.500071985488278,-0.381131940350329,0.84214164798903,-2.1762515663685,-0.606964936382654
-0.679328891483759,-0.269203041690362,0.278125512448591,0.652795337184767,0.789793715135151,1.44842775094808,0.964312716797362,0.666692906547633,-0.528451695635784,0.360443576369964
-1.52453090495277,0.976666385646476,0.0767428500855191,1.59797655931295,0.662177315766808,-1.87940117390888,-0.575469513008375,0.349661887882719,1.18237409765352,-0.301863998725273
-0.586334911219576,0.345788549215803,-0.749041116393224,-0.94456944933401,-0.553041580933882,0.501769858079796,0.406096599982724,-1.03074985038157,0.76917633240519,0.587875667929941
1.67367182447208,-0.198488439344774,-1.06961926800464,0.467270674765146,0.135383032072778,1.12371850950474,-0.197830456744369,-0.110049020991285,-0.948931847429801,-0.462541530878072
-0.427018774797778,0.0388515549746932,-0.687486297005507,0.500478799104392,0.694655332198313,1.36903485833116,0.615560745271768,-1.74253566488561,0.288326967857584,-1.00347452804138
0.370422781610117,0.309648893780832,1.28792706947123,1.08805491581825,-0.0863055353042633,2.60011478969093,-1.02154222843513,1.62843016853852,0.816877970517725,1.63273122841574
1.88966162163661,-1.14043867872883,0.47083566482796,-0.687389033296647,-0.266587619466895,0.230225091496788,-1.45805146646802,-0.0968755439223456,-1.99714542641025,-0.398232456672479
-0.911513435417828,-0.727623194605549,-2.42568378724357,-0.368105408616054,-1.13347634562597,-0.274125750494321,-1.21818744340343,-0.965950007116844,-1.31980217399292,0.598448162769088
-0.0714110116562538,-0.11469892433629,-1.14937063655196,-1.94070700597586,-0.644089937992259,0.0258870172523258,0.53319858785555,-0.807408458772584,0.825378762666218,-0.181595811594224
1.53402026475544,0.504409758192706,-0.526486817098474,0.0528610702031807,-0.354063428447801,-0.346547230243669,0.920149018793776,1.08449911337047,1.36337754912919,-0.445160202286686
1.27881263432047,-1.00998966932803,0.729434288020251,-0.205235607944763,1.14321326294163,-1.62506517571328,-0.120601497434731,0.249528749992468,0.194104640057561,0.110514524639197
-0.506916226588558,-0.286879218298331,-0.632290801174637,0.309078449023448,0.676111043359014,-0.531107104723049,-0.0157679533375534,0.22751623928387,-0.458891435498675,1.91615669700226
-2.22090576349021,0.208618704156601,-1.51411491725214,-0.334601763728857,0.577493632395788,-2.13746457012975,1.07264294009091,-1.89254924285295,-1.58907459758619,0.912905489479749
-0.433137159073019,-0.0579739934909293,0.589485832994134,-0.293117246383684,0.0379054852898785,-0.786501362375196,0.134090339566899,-0.153463722284801,0.298015491874207,-0.590594756258339
1.39123545309588,0.65546589330492,1.16518254648938,-0.445635352862633,0.406764790416785,1.25322063827029,-0.895952391555004,0.761937607281362,-0.860999908456399,0.386625447483204
-1.05148707812582,-0.554659520245815,1.95267590126309,0.913960286683544,0.197652067765665,-1.13079404808576,-0.0871395231960414,0.32220226543401,-0.891838290375138,0.365902741961765
-0.0390623287408464,-0.340566333953661,1.6375380682496,-0.194124819689621,0.180411081657732,-0.424261010788836,-0.365879429280918,-0.494235470412586,1.01252947273836,-1.33605298533418
0.58146025077805,-0.163429601354987,-0.248696024756013,-1.5730963017563,-1.07938366798373,-1.17592849695307,0.955759779825228,-0.142578616647845,1.05226831442864,-0.452259803894195
-0.102056358652252,0.33294933873715,0.213967011278295,-0.283895254228724,-0.28052472383534,0.824900606853375,-1.61317228212937,-0.0992617631045144,-1.22306974628315,-0.0925110335986351
0.185019979153951,1.14480531372407,0.398190098551924,-0.182779964443887,-1.14336808693084,-0.595703826284633,-0.135716308594075,0.259316828855087,0.665887431466463,1.0223710478346
1.77096846258994,1.29421463878011,0.777008088353637,-1.21598666865409,0.708523714038068,0.604962383173502,0.0163301235733055,-1.74851212597635,-0.0197702350314491,-0.53781411554489
-0.0809558534623532,-0.364921135612811,-0.664432721425568,0.42297875998886,-0.940970591417192,0.128813587061062,0.538034254476169,0.438750209927807,-0.051776218350664,-0.484797207405426
1.09927764259652,0.0308028221742441,0.519440850571498,0.828327072279286,0.32102726757416,0.491118114497678,-0.553232071632376,0.894223857915633,0.368252139699726,-0.857376532452967
-0.126236721068351,0.391259523394757,1.46035503005104,-0.467309388365656,0.273816491453509,-1.18905302962011,0.268345966680819,-1.52961538334333,-0.0627221167258605,1.34345576660006
0.21448945833651,-1.0227143348893,-0.531527488026621,1.41122917199386,1.24707626597085,0.0407599356661899,0.525081681528849,0.320644940296796,-0.0656533231231618,-0.315623238207118
0.250276971471926,-0.620400541573567,1.2489475581273,-0.879986332165668,0.523462457603641,1.14650624965705,-0.39914982924222,1.33075926224675,-0.647740189029188,-0.519727801942153
0.331158152923358,0.265508509753698,-0.333020631051114,0.698533444364329,-1.89219253202403,1.58997698435278,-1.43128039928282,2.09169019652039,0.336252612586545,-0.409014205313728
1.30390271299242,-1.04875320072363,-0.811614849094605,-0.134628815433251,-0.891492529763792,0.812374997474757,1.39100027023094,1.57900691351647,-0.880990438999514,1.14700989513764
0.0251968958027004,-0.107534612561585,-0.557689503971062,-1.06091086965495,-1.20351079553778,1.03636066724843,-0.493616001049471,-1.02205316615909,-0.431776209715009,-0.294196136719554
-0.323230431781923,0.507619697169203,-0.0633184557871473,1.454249075221,1.01539964251923,0.409994069166364,-0.0540291092963448,-0.957426582501066,0.146208655697524,-0.776489866327916
0.0433571805334208,0.87374844136953,-0.633275298095179,-0.583096388949028,-0.390609757843248,-1.7286495630583,-0.99904548617559,-1.09691203531251,-0.433370006540029,1.56254632455886
-1.48539581721757,0.756065791272142,0.118389055577336,-0.477522973477307,-1.11090890257532,0.257188770243827,0.478722559694777,0.762165982892588,1.14122056009741,-1.11156580863558
1.32534385436104,-1.05721607294652,0.931873551503372,0.41766330806901,-0.304836701889637,-0.607484231577406,-1.51703133266342,1.32199619519452,0.886827154845415,0.316299071185381
-0.162721800191475,-1.05757339663032,1.13790884070964,1.35687874629097,-0.385039513723971,-0.179831801263848,-0.6335540904269,-0.133294029189128,0.278240941004404,-0.557637524861535
-0.802368518051356,0.505901094158038,-1.62668102591025,-1.49705123894113,0.220698401550041,0.650040925570628,-0.375087518174408,-2.21121842236083,1.80371351567377,0.378732226789762
-0.021186259314822,-0.887867262937454,1.99291616379253,0.248260862676269,0.178610133284117,-0.527333807298138,0.00332533002182016,-0.173987603337684,0.49868080113768,-0.27699378059189
-0.0251562202127308,0.616457440650064,-2.04373502095183,-0.647264121213514,-0.939947144846577,-1.58956899232313,-0.294873838589747,-0.607775737427999,0.385970830146843,-1.21239365644299
-0.550244785779239,0.515166303585003,-0.99263805670492,0.0416556408872305,0.53043917410198,1.66724865565069,-0.537335797487996,1.43621196126971,0.0428981889246554,-1.50738086765721
-0.102582540879339,1.19300843727043,0.740090939907357,0.153307680358593,-1.12440616089627,-0.91947562051631,-1.04407209498088,0.656384809605023,0.594929591142167,-0.119211197556845
-0.293894398766055,-0.0463072109182333,0.448167677126132,0.33159610196815,1.38295780228916,0.0709956300463077,1.19779043485219,-0.215912554077961,0.0856722169094957,-1.13786856799078
0.932281528937125,-1.78167721472133,1.201992283614,0.523218520383119,-1.46519178914521,-0.52570263363527,0.13749294058417,0.494195127545861,-1.13686338314478,-2.28809903320403
1.04018892256889,1.0464219595598,-0.459166592255738,-0.941469745317783,-0.142934897059128,-0.490346281140224,0.374933854901507,0.239942899367005,-0.309969962389985,-0.166146269065024
-2.68641315235655,0.300302477019972,-1.9891059730353,0.797161538488206,-0.41786698101142,-0.542761184861292,-0.681379217756099,0.982250385485273,0.107731234031359,0.853507435759714
-0.736003338286434,-0.095152401884185,1.21783945047364,-1.90650990112085,3.57147047946339,-0.579028865790031,-0.822673400367829,1.34655996122394,1.60949717543476,0.475791813707303
-0.491822533766816,-1.64513398943833,0.344865964483136,-0.010783929436204,-0.277346526815768,0.641945967831607,-0.124910684194887,1.2475362314713,1.37386946839566,-0.77039772522981
-0.0211147536198193,-0.575541204323994,0.583767772211152,0.0895976342439371,0.0573162133319627,-0.730686842417862,0.0692349229719199,-0.101499987865374,-0.0236391849963271,-0.063215319918472
-0.785727967385845,-0.561799559042689,0.855275860277198,1.0818641848987,0.852107951667421,0.941111681444288,-0.210544429778593,-0.356211138794168,1.08031399784626,-0.889939526514793
-0.112152853244898,-1.21506252491944,0.178532558335456,0.380623337557827,1.76123412148197,0.233477629330419,0.462657821130462,-0.312689860191564,0.0809049950182669,0.176145643987414
1.3640081841059,-2.0073878155314,0.195583865491331,1.16095459075041,0.222618603366039,-1.03291116932175,0.389571549759836,1.07894890659715,-0.677277058320484,-1.58949889939908
-2.31830277505535,2.58473498853892,-0.646583292445249,0.128936383600497,-0.753714655199991,-0.665505133578717,0.686277793175872,-0.893970539873997,0.286931297897278,0.111542500197705
0.876791689320498,0.301703029542478,0.610875860469974,-0.65317595446078,0.274224827343909,1.29668352621275,-0.488320869740548,0.32857569596727,1.6684326190081,0.0917152624747216
1.01883805289517,-1.71844358890028,2.12020612221981,0.86664381220068,-0.302869910810728,0.434583428770155,-0.993069473213927,0.681033173045543,-0.315779758959289,0.29549368301442
-0.508797387816318,1.44872966172882,0.112490380584461,0.83673239895537,-0.657988883365256,-1.48078424734389,0.327543505948209,0.0573622230661167,-1.01208359643578,1.25212403587057
0.819291719879889,-1.72818400274507,0.915133719862801,-0.660396534019056,0.117763233159855,-1.10449118100302,2.24719255239257,-0.105281442505266,0.0411599059547959,1.01086482556484
1.11568485865988,-0.361151711115572,-0.983605678719694,-0.496741055223588,0.1183912320948,-0.709646681068308,0.188295197999398,-2.14528121433649,0.21859207503533,-0.479808565822022
-0.952472218739117,0.205311477257456,0.49642015649142,-2.20749748371114,-1.62962210256001,0.585607771239001,-0.905040068349868,-1.01115565950474,-1.0064602174736,0.586947686113832
-0.116287815244367,-1.07418591327161,1.1756855840965,2.32935802685943,0.280161476416294,0.651295635485301,0.85900666641,-0.628608716718264,1.07560083511093,-1.02200293227707
0.0845351022069511,0.335435596976726,0.535095969966111,0.915260022196038,-0.0233208517363384,0.0150175616349534,1.03102720826851,-0.777498643812551,-1.17174925697141,0.53745671334955
-0.728102863669288,0.000840830797241328,0.153638146742567,1.51534329494656,1.15643289431094,-1.64572557352061,-0.47414196693137,2.08275546664474,-1.71150927285326,0.926524532746581
0.555162267721151,0.4981136363274,-0.053629731088723,0.510911092361031,-0.829112093725476,-2.12466760883532,2.03515900941094,0.413978543494056,0.817324562828398,0.663758097713086
0.347509727941022,-0.686695415499118,0.47745851878572,-1.1863384853801,-0.00537939176350441,1.26083290590296,0.468761323211893,-1.04965044358966,0.104979827975195,0.508991904935195
1.45180489315335,0.970640472776764,0.14502672822402,0.513215543093964,1.61995958473719,-0.471219957664617,1.64426971091407,0.788194264486548,1.02361380768742,0.150663045116474
1.44798041829697,0.559115492497393,-0.647088385599006,-2.05502586383588,-0.58967003523623,1.5023424316567,0.84604091622082,1.67274052724914,-0.443096448987915,1.05510630489262
0.276665439100318,-0.894507644556385,0.8883739275939,-0.80607439239562,2.00403975389198,2.02540247785836,-0.47623904239944,-0.720423899099721,-0.113330681198262,-0.115914991803511
-0.214427701622204,-1.13063685769765,-0.258490570254818,1.7643539157629,0.228193612923922,0.7452894138708,0.0463744985265622,1.08969852158641,1.10302800535952,0.631269099850904
1.19492663788946,0.427726700015908,0.156779910427384,0.787396012855822,0.569705849267399,-0.270424688542816,-0.157930488267089,0.934933516586408,0.652181614986498,0.67120540320779
-0.194249713646957,0.205776012445726,-1.24196769849353,0.713711000444362,1.07273592211617,-1.45070418796175,0.335165865514713,-0.217875624702542,1.96298891595359,1.1466672457162
0.936071193783148,0.277906224484799,-1.96361802277515,-0.316925826144311,-1.57073450643469,0.0832767400242306,-2.42137248419431,0.932033884750168,-0.460485316189085,-1.43521585010413
0.567820438530702,-0.930631371101326,0.00621414788168173,0.97901457789579,0.560899254969354,-1.25778726630502,-0.411729372961157,-0.776995802906805,-1.12312234476222,0.190597953311759
0.675344391760602,-1.02694704476269,-0.509360302573141,-0.534099782042523,-0.52916973519493,-0.920255979936116,-0.369727407555494,1.16784886980219,-0.202043720124465,0.839633228935958
2.17163993527836,-0.763371465032285,0.406978631352502,0.60005656862082,1.2501396182832,0.074358444038245,-0.686582515200057,0.66608768155343,-0.224796706747348,-1.25421427420537
0.452742626135372,1.16185281956518,-0.518455333290709,1.23214354662372,0.0723519158753449,0.389850681608431,0.361372990613563,0.87860401217071,-0.648369036324548,-0.873434527595303
0.258814336255884,-1.21115446724275,1.45254632035686,0.580307691453829,0.342850902970731,0.770984143764604,0.976870562354121,-0.325258172875208,-1.06245633272086,1.39410313472141
-1.7473505868891,-2.75237220886086,2.54350321627028,0.36364134462689,0.759142831234412,0.582431524289115,-0.750832756024458,-0.436470790340783,-1.5750492457005,1.42145744940594
0.14341612178061,-0.959999055187057,-0.467152138821093,1.29284998588291,0.130383746589816,-0.107869197738459,-1.61594067759038,0.669640029389157,0.264147294241419,-1.29560137857953
1.04404862741264,-0.149271692240553,-0.428140744585061,-0.35693015031354,-1.7213274393938,0.371733714756341,-1.81003587282791,-0.187117966822148,0.554370551483637,-0.483344026191643
0.673723032763604,-1.55777231824591,0.376626209524182,0.0595671882726986,1.28722549330614,0.315131786730845,-0.609190072831015,-0.371513881972342,1.33601377957195,0.935950148471121
-0.483064444020198,-0.534041432291374,-0.725274400690536,-0.234965309326207,-1.03589490838806,0.0203461878469521,-0.795277694736654,1.18399442724265,1.69168373837425,0.643972186116108
-0.884143709896382,1.13655818958644,0.399828043337314,0.762846587154416,-0.628784659482076,0.733953662770209,0.682342053915189,-0.0108401880448576,0.0335952528093225,-0.185173240894604
-0.847417253224385,0.139173634570316,-0.43506851109884,0.159328168457105,-0.954952257604702,1.88283293682513,1.13421194599131,-0.371947270816907,0.117406449792521,-1.0700975935279
0.47175253815274,-0.221742525900733,1.20129569813423,0.19247876047019,-0.679147150520943,-1.7144049393323,0.920219882411204,-1.03024429106951,1.81028766845072,0.248731492333839
-1.13975965599483,1.32544619855458,-0.014218892170251,-0.653585915833516,-0.881879502766331,1.0341040065515,-0.559802274608634,0.821577740742608,-0.210062125568032,1.06770361068238
0.00610105547824222,-0.0445978353615797,0.15569744580196,1.45549639407492,-2.61119356871151,1.31366418447918,-0.425152875332258,0.657481205156211,0.429940831632396,-0.0769371473579952
-0.793060326590187,2.06084655986878,-0.280208930162998,-1.62962518935793,-0.820661007023666,-0.428065152979936,-0.241265712774291,0.701950896301124,1.01018841645531,-0.208112377916158
1.79815216289041,0.502460271798451,2.03653158758208,0.767112072167054,1.16760798405909,-0.00922695491041127,-0.732206283783591,-0.685325432028234,-0.529537509433342,-1.083268973882
0.949905329949081,0.175995003419138,0.0888101180749011,-0.75547290580409,1.51258493884116,-0.805954853013988,0.903167814398434,0.618888521031522,-0.507096461129446,-0.628918165576889
0.722683678285371,-0.810166993432927,1.09103124281585,1.00841074727052,2.49605087523473,-0.297627726505754,-0.580707721336151,-1.14639558346983,-0.437024058409208,-0.665374632654296
0.175137297886806,0.973800147129429,-0.445179273269964,0.434737613415489,-0.227928540613821,-0.475493327019224,1.10858398447341,-0.737547162214475,-2.69319588458799,1.23032760264154
-0.460591320257881,-0.55118815634212,0.0516312531789726,-1.05398063236308,0.212477669727568,-0.542482326083651,-0.540896556051715,-0.364849222777274,1.51411311729136,-0.585497105323144
0.946058780971845,0.673169922481848,0.478693219883848,-0.444864715378224,-0.648220608319495,0.316090343868262,-1.02234906210794,-0.607014706757688,2.00407481671053,-1.00076944679108
0.0938454069670919,0.188400314803508,-0.394031138842704,0.611901313085959,0.948503073430281,-0.0701949479998336,1.5422642337721,-1.00592334474026,-0.690839008343615,-0.169814904873997
-0.943507182832045,-0.382493837611922,-0.436567679223331,-0.029549242499309,-1.72382620552916,-1.3696498428875,1.73391930226701,-0.147718021421904,-0.606159070948674,-0.722556737237871
0.0596812909274711,1.08703227398469,-0.62040406003572,0.506492817193962,-0.453901716467795,-0.0977498224590249,-1.92350856830355,0.243143474333702,-0.62472922691359,0.0112681873594582
-2.82079789800801,-2.72347584690405,1.1181437585945,0.108542349724425,0.521448805466871,0.466890042538201,1.0235550308162,-1.58803664537399,-1.26802684491088,-0.7443901919288
-0.981746955266319,0.510142405193003,-1.19337795745505,-0.551862432993971,0.885895207692272,-0.694500868381648,-0.0788416068151484,-1.33560153864891,-0.478321506060888,-0.563572142481398
-1.0039500377237,-1.53455049477175,1.04037125725065,-1.47745410020039,1.161070380901,0.508646518260597,1.08439840694244,0.00455328965112315,-0.11127207712305,-0.463736281741986
-1.26851774710601,-0.488869815093497,0.423187991231366,-0.310767860581354,0.664616965668212,2.52744894332083,-1.53246787700861,-1.37418997356635,-0.925665838549747,-0.0543043482296903
0.735586052138443,-2.23933569967565,1.09756078899172,0.529534443997575,0.576703394315403,-1.76032867556412,1.30587951271506,-1.07278646159683,-1.44297517760134,-1.64877698654423
-0.236905953616514,0.318020986088749,-0.0918197330387262,-1.69394467868476,-0.0177524423921332,-0.163077283857253,-0.518402298391105,1.39898166013471,1.05649889159398,1.2345204296959
-0.0893077060360214,0.212073606607368,1.0413496880859,0.313361328484154,0.980293186019602,-1.32671926467863,0.0453912999575103,0.134644368797842,-1.34577631849955,0.542856154048162
-2.8182044915769,0.563681787327404,-0.141744611266342,-0.176284428629217,-1.11030273948886,0.233698250791775,0.956843316511104,1.69212543432836,-0.676037362961902,2.13190500809239
0.802082478528404,0.301024144508621,1.72726422956172,1.00498876779062,-1.90795778086305,-0.796334167988305,-0.656412649535313,0.404494555398491,0.765765189117447,-0.582886223179167
0.991675063052674,-0.618775826575041,-1.45358420260174,-1.6397719838766,1.02514906704862,-0.00888356527737737,0.0896236330798347,0.830338713934073,0.803393171461118,-1.01330684156032
-1.18483729583194,-0.218945261521266,1.29594353412266,-1.56021976339597,-0.0615429313339758,-1.77123353340513,0.513924752511811,2.07202272925962,-0.763293883590975,-0.40513259202409
0.932244126296673,0.53054228503525,-1.79753485099241,0.0248733593436667,-1.11091156988032,0.799334350579361,-0.647433994405175,1.31196861796952,-0.035758874014551,-1.79368628016386
0.699029180373453,0.599607708150236,0.263224845112068,-0.573529613002088,-1.2428099042511,-0.693577224997805,-1.23505405199099,-0.46131871088032,-0.55561031777995,0.0877462749242698
0.0896276266436194,-0.207202765544946,-2.28201946196255,-1.32742683919302,0.253714142909264,-0.479681550779328,0.857465101474489,0.291270766456295,-0.894601059604448,-0.778318452483784
-1.02717766054329,-0.440011805154097,0.0502168956429868,-0.0562406877635443,-0.274551433220042,0.334907425203605,-0.00746096121316306,-1.70634829189874,0.449484898092394,1.06038908813969
-1.18338394807371,0.93422299724628,-0.904712459768664,-1.46775020358088,-0.512925670855965,-1.12551007165255,0.351216161400805,-1.06246318637445,-1.22776691953067,0.128650396526231
-0.874633120355229,-0.227886972947763,-0.937520335995045,0.35963651807531,0.474589240844295,-1.48620827354702,1.22476930820334,-0.861433241544597,0.868027585738899,-0.479219910460366
0.130257890486328,1.83767046750397,1.28178245300427,0.263119238104844,1.7089744320109,-0.605733693975263,0.565238247513616,1.4538710907486,-0.363914592369464,0.0956834737450329
0.626193781909875,-0.520718368635452,1.90812937422889,-1.32177413053094,2.05552748164963,-0.0168939457254188,0.83742474456751,1.1135522487125,-0.212480750323191,0.204999314353175
1.11574198605959,-1.40716918539787,-0.80027163717722,0.259859820192422,1.70545387871493,0.123609185099947,-0.297521593284613,0.122143634671054,0.740141249987632,-0.96608104215897
0.507754049441942,-2.08551107787612,0.462917563067236,3.37987819935101,-1.88878067899403,0.484488596731653,0.198092982720492,-0.0671135682983681,0.379795265937173,2.67238268239926
-0.750228608882736,0.00132907984696991,0.411439573233167,0.0789560285929026,1.17580698171106,-0.972080291171592,1.10540022471559,-1.21116357362985,0.348299193257853,-1.98241572391074
1.17603016337911,0.352816831415768,0.199391930654759,-0.324331387554942,-0.750421580508885,-0.428832103439073,-0.496431620486266,-1.06299377706822,0.521724257597514,-0.581356330938994
-1.3851300240535,-0.787181768250592,-0.361677914387463,0.198513936802642,-0.850523546188971,1.14337014430998,-0.064453857967883,-0.392502048341396,0.539346948120501,1.47490837511451
-1.14371170699721,1.41062048687754,0.494521750750264,0.589939594456714,-0.786143665060444,0.0131093549169983,1.44474676929193,-2.30071588292804,0.0813203983660453,1.56649918583498
-1.91721146478903,1.02606571336557,0.762245421040683,-0.560981309162013,0.155361123528781,1.18696884103785,-0.779851374000479,-0.468757549262097,-0.793164442698467,0.89064842197348
0.778767485210044,0.734594874131852,-0.27752896350034,0.471726949185312,-0.0192992668789809,-0.821594912357577,-0.0761531786219223,-0.758091321435016,0.167278051997123,1.17693494276552
-1.5798747906032,2.38891981780622,1.38691091249595,-0.615150666418298,0.861756270989088,-1.431441255481,0.102519008446392,0.505937328275007,-0.648857058250168,0.089270145469988
-0.0565210530579138,-1.16127843705326,-1.45693382531917,0.767680426237538,-0.204773390788745,-3.15596881524253,0.00582015869008004,-0.459405755493607,0.527237921278031,-0.750007183957221
2.3267419637379,0.430579361373876,-1.04890035427737,-0.0776017308064102,-1.85474033319943,-1.29893786981612,-0.479372342241023,2.38290999332622,-1.2721860247255,-1.41407956569892
-0.707133427572245,0.42306531270007,-0.475376797499068,2.08136045707954,-0.63638858981927,-1.29624821041493,0.131945658473607,-0.354776635703555,0.523545705172273,0.266364686021856
-0.0526058467369883,1.45100579964079,0.327660096897114,-1.03229877742637,-1.92098047744799,-0.803255551203898,0.29588770104837,-0.157289467880784,0.631943573290374,-0.624882396854798
0.0413120997049237,-0.54938871713619,0.373537163599067,0.877576217698781,1.12409758117368,-0.857101075900537,0.0248571378073045,0.532570409350555,-1.51444594713328,-0.307434415768817
-0.598847359700652,-1.11090243039057,-0.191152716667071,-0.660350242590058,-0.365663875243628,0.913606855513578,-0.745430165291209,0.692305700752367,1.18229872543093,-0.438569928666506
0.406080571404176,2.36493232461427,0.81908899924858,0.892693306946033,-0.145607981969045,-0.187864891052144,1.27778838928502,-3.9870368081644,-1.24391851391099,0.502869913058299
-1.85753134491887,1.81060902775965,-1.93609299922777,0.261583944834679,0.553905973542884,0.0617282684324677,0.642965936045919,0.25489430151932,2.40582715762891,-0.840532227465314
1.37476728571877,-1.32254383907107,-0.00610846874400321,-0.505302555460873,2.72764148193212,0.566837692253103,-2.14270212875175,0.464463604444902,-0.913686643597596,-0.916740910563939
-0.073061103396136,-0.792118984994614,-0.484357620338637,-0.404620679503747,0.974155778348971,0.419171601929154,1.53613933597373,1.24663731853908,-0.705879754993758,-0.0677756871807132
0.530335327805765,0.628501513097691,-0.918749962591691,-0.2346888163462,0.139602650619682,-0.579705291449028,0.967388235262586,-0.823826939941339,-0.420481681757837,0.173307475649921
0.581604149393265,0.998448768260985,0.37248207913223,-0.185219597820342,-0.290682329154849,-1.18291407710336,0.447499542394336,0.677362253816736,-1.30831067454506,-0.246385140814589
0.0360047378476621,-0.0532989885038106,-0.00838544210766723,-0.751078390142737,1.09365046554641,-0.795716905589159,-1.63948697482446,-0.0925605827704827,0.033371071223162,0.346215614459152
0.190475550985178,0.0165127891985259,-0.664028173212983,0.169839971347086,0.408446384231912,-1.19733754735524,-1.01837982291843,-0.756764102831237,0.622341310265568,-0.14818897000348
-0.230212718269101,0.149733502215892,-1.53732727189333,-0.376705323516213,0.231469763121591,-0.256643101056003,0.710167054413544,0.0751031130379832,0.424412868452974,0.70014906230004
1.25882513442225,0.378713580149656,1.03125525502916,1.80194612810104,-0.296147169358208,1.05780101429987,-0.112239735817619,0.361279337115335,-0.436051088611929,2.27108275027496
0.837471316063261,-0.336244220318598,0.546367716025186,-1.58399351351123,-0.774966067430192,1.79738167184373,-0.987987181018682,0.966699934882905,0.331612466149247,-0.48444233217814
-0.0787123389918502,-1.16421959782883,0.0688164956668757,0.0266829976403682,-2.12786249693087,0.27911479890003,-0.740266243614028,-0.9486667907386,-0.213305101142935,-0.724827432940633
-0.0386759839897267,2.27040561043252,-0.183757189293383,0.792182492423592,-0.699618836692903,-0.930704021796517,1.12645494910163,-0.002161357347091,-0.931239323728308,0.998068755970164
-0.684346865991473,0.0156981324705619,-0.255480096326396,-0.783919478208951,-0.263907028190488,-0.370601135948584,0.864177134371606,0.0324825603456961,-0.808302416785954,-0.232896787739528
-0.123298540060706,-0.909535680309044,-1.13318057713873,0.464941204837238,2.15493822322051,1.11259066847309,-0.295105265193947,-0.701619513914776,-0.537847924064367,1.1940211896109
0.403670591651922,-1.9991986099665,0.458015944532136,0.00894801798976932,0.311658572687393,2.36511897230821,-1.15408899175309,0.732492629474058,1.65673808616797,-0.0613535645880691
1.77973790688373,-0.777666043059402,-1.71816770561954,-0.986321460247069,0.651469176099906,-1.62559310324249,-0.521226080030793,0.114530615296665,-0.548958840823484,0.857402177904105
0.305089022418191,-0.864432132325424,-0.6300040378609,1.48052131885332,-0.0233310760920433,2.45161821471907,-2.1278491028033,1.2812089519595,-0.30887318672709,-0.393578354448185
-0.332036785920319,0.573787763741689,-0.552304902595257,-0.403458989525703,0.479492972817639,-0.497376226901983,0.946433288451951,-1.80299449508551,-0.191246407112576,-0.668217299577112
0.753917501777219,0.427141065419528,1.0584591400622,0.774915032761542,0.124168856096469,-0.0707295249117768,-0.415439032597151,-0.145309928517705,-1.16189520129469,-1.43605198770258
0.268109512092137,0.132604474131499,-1.72911732749181,-0.808702224223635,-0.504607274245931,0.752232694021539,-1.621535542082,-0.674869334447415,0.80103176184697,0.478558605478998
1.43331507519189,0.604278529068841,0.576056571689109,-0.398851140781385,1.19870721839673,-0.676341258669358,-1.2325786564169,0.602419963087802,-0.680372415785707,0.493406360515123
-0.667212690957202,0.156608149353252,0.96737362798038,-0.298872565547715,-0.4706041851886,-0.375410150178081,-0.645380444310697,1.27276140985426,1.58324907130857,-0.011189831390436
-1.66859057736035,0.97298272100222,-0.75070465741886,-0.0798448708662107,-1.69060978954401,-0.769923242686,1.63738165991096,0.675800237783151,0.00283095694916436,-0.956845335949622
-1.41719961822077,-0.0340138928895567,0.961171481432717,-0.911660020655743,-0.00975977912177525,-2.36768232468611,1.4557994465049,1.04498339399425,-1.5552814415155,2.88536216914377
0.993018799347011,1.13549272074356,0.679369195282245,1.69857513283282,0.579197288513967,1.19379060772513,0.322660886402735,0.741136570539535,0.161932865891481,1.67860145441722
0.339977433184729,-0.579067337114353,1.09348089628766,-0.583391741962807,-0.595810581260096,-0.191794208624199,0.33128736314454,-0.885254306812185,-0.158219477000683,-1.52451133882774
-0.610697114829312,0.0936780057179525,-0.80727166575903,0.601854870747657,-0.459674723033677,-0.952874850226755,-0.869208880226482,2.76038545095624,-0.329919107141418,1.91485607694489
-1.9885749967931,1.033818860646,-0.940532364054076,-0.672407596087226,-1.03436443514289,-1.87233747158727,0.0229951052632262,0.731762729380191,-0.860295044369885,0.521815214833491
0.483665808643057,0.418193655519456,-0.450940675934835,0.368391345569461,1.38418274176284,0.771726813726114,-1.19250767237412,1.18983120679315,-0.201734620195062,-0.250669249833914
-0.447057475246206,0.379368787059768,0.614925680542481,-0.648454262624391,1.19754442627776,-0.403380242446615,0.0358398369169618,0.260698066722117,-0.302628621396847,-0.362679784589997
0.533573540133562,0.173051274325933,0.133968577242481,-1.39446734879998,0.545192781577144,1.18855853406969,0.723572829963402,1.70912589072078,0.0579390239935913,-0.150212932065344
-0.433792270668911,-1.65048705726571,-0.489710232076928,-0.670012391800103,1.92287688473896,0.708749555217913,-1.51240663579601,-1.17339182641173,0.519945487204889,0.0748278702844303
-0.257073804690737,1.34322446786899,0.59772055584683,-0.289381570975305,-0.917334787901524,-0.0165661432138017,-0.146641909427883,0.702358074624522,1.0280088833843,1.1962016036654
0.334525498468481,-1.28096172338965,1.72904486845274,0.281529870741026,0.250972574133059,-0.0691726790063494,-0.566589103617531,1.61529472766607,-1.68466198451529,-0.00669546283432653
0.12714180810591,0.443592639593822,1.14984331236961,0.0430913852881452,1.66973574016279,0.859701394306112,1.47619018170695,0.0957485087813675,0.416944736863623,-0.721128001137121
-0.420715791970945,0.757490633608184,-0.818076387051585,0.708619423764862,0.939001595247911,-1.78687165359964,0.3429908856957,0.996476719675393,-0.986987760341152,0.120485908870515
-0.897130661036798,-0.0514722348218424,1.35901973515451,0.238056278975396,1.70739474803754,-0.524208079219412,-0.776449239936139,0.962145531103455,-1.02632980537208,0.087529513982783
0.813689314803974,-0.217345317254909,-0.811957555129799,-0.303598890857972,1.33488223861205,-0.859972851660623,-0.636298014000246,-1.50411153943011,-2.94208481143812,-0.352172065291917
0.0703518550480814,-0.93105453602873,1.84235386365924,-0.00370728956143549,-0.308750383601074,-0.679182816325367,-1.20540864822997,-0.222872347504933,0.443509321880213,-0.40620723419922
0.315807828427995,0.564103971674074,1.57341554727086,0.189141443408855,0.993968719833597,-1.50452007687554,1.39997535823478,-1.3268539480499,-1.08614435978385,-1.61523784813364
0.272150783649893,-0.256284781519227,0.0412904817326597,0.292324088304638,0.22486438912154,0.0846070052643261,-0.14202326996216,-0.219767347488493,0.459097370314544,-1.13958461001467
0.473595041237107,1.60389512760752,0.601815980958239,-0.313751657269132,0.0736413673498178,-0.664358136100911,-0.00433128498913598,1.27680588592487,-1.69816941310299,0.527583815452557
-1.09470340669893,1.61485535134822,0.26274928221681,1.34158440258967,-0.0510241219953746,1.62679451979741,-0.168469031055171,0.743572691862264,1.48929729178801,0.331254877168649
-1.0479307080493,1.20339773449422,0.354793888642748,-0.265231670822653,-0.743146164556642,-1.13766521601796,-0.0879313398047339,-2.36699180457858,0.99766169022653,1.22427516277913
-0.543524555351379,-0.708397649478664,-0.468292651180023,-0.127048584416748,-0.601859667363761,-0.550010066068375,-1.56675655591921,-1.0169752669751,-0.319267430813527,-0.305199193649385
-1.94260559076889,0.719828017980308,0.395367171702152,-0.0557068677360065,-0.41008139677696,0.178372967152689,2.44789064987178,-1.09249799233328,-1.19819422614542,-0.210300034399436
0.825174749500802,-0.337060870284459,-1.58944661724569,0.321075553561674,0.4127981903787,0.343325967134336,-1.35314970217934,0.725452047703454,0.211016711685215,-1.10360485957601
0.0719128141249791,-0.933700868538918,1.03388392108279,-0.00748004672448411,0.403941003258367,-0.55792019866018,-1.38416106145428,0.267502230900931,0.336972833933497,0.307556695158603
0.0755437676806002,1.43253960497707,-0.733826226409136,-0.128730380700067,0.699006089480251,-0.804284687192736,0.612204694374271,-1.29170932549544,-1.22163785797852,0.897559128100158
0.89904094227856,1.58549811538795,-0.409772923529127,0.655782308847486,0.653478982081653,-1.42939327209588,0.981962029300927,0.90633673590608,-0.496922237012203,-0.578626953006405
0.442196841587636,0.766059272244443,-1.10977715853373,0.930703993463427,0.70966009783915,1.35577411547187,-0.82001860458748,0.158021114223034,-0.622909548594108,0.553219464331839
-1.29579919084026,-0.386982874112583,1.37475955154026,1.34329691823885,0.158563917211207,-0.930440628640254,0.517593357236886,0.519146308481988,0.542727730271306,-1.04731431791293
0.0323023508318488,1.07470241807097,-1.38547424968359,0.263078236637885,-0.170890812075867,-0.734621777471954,-0.307089925349995,-1.50070754551044,0.686506126744326,-1.17528171469521
-1.46302975521205,-0.214435102524164,0.293148826492835,-1.51814703149928,-1.88586481523518,0.475068865422344,-0.970084175449409,1.66569933464224,2.07702517743507,0.0830580915341826
0.493361665382052,0.746850540881625,1.42662306529221,0.695979318112278,-1.59606781140555,-0.969912992631386,-1.41923238406132,-0.0948029659067163,-0.201556699534418,-1.11289329444774
0.708861002104353,1.09368060786335,-0.284379112342158,-0.8187537845901,0.231142627924716,-0.858412032520983,1.51294120506504,-0.525600525033065,0.226186218419957,-0.666070692000948
-2.72739870781574,0.560331191591281,0.0434684407367412,-0.0848523359299611,0.275618447499781,-2.01860198491573,-1.69574831540825,0.821259310821464,2.16602671358987,1.01114198853997
-1.54700986488451,1.69793638514288,0.443877633424509,0.0819290063557279,-1.27989377087221,-0.0619943639587663,-0.910318859107111,0.833017418697314,0.548608929029155,-0.909609878449833
-0.859818335772977,0.584491743468412,0.010656732628488,1.47234893949122,-0.828962388682934,0.527249469940639,-1.12629168483911,0.548144650655365,1.05090964128163,-0.631303663026705
1.11980275102967,0.322562807229661,-0.0514412437915826,0.565413583094247,-0.588399228521833,3.0464805841054,0.0280397627539809,0.231731988805685,0.878865037910584,-0.593293121644766
0.555826729088766,0.535622137044885,-0.425269729976973,0.475077843901077,0.268950591562231,-1.75824800693584,0.19938299355122,-1.63596638229189,0.761258255164189,-0.994153806288508
-0.505148699597533,-0.489380595196431,0.636759799340019,0.274744026385441,-2.16624419662288,1.20104067999293,-0.244135145926452,-2.45017680676627,-1.33683826838863,1.0986777564514
0.0409128264525952,0.0216430522315644,0.258633375583872,1.36441349963739,-0.101023330809514,-1.38497510499671,0.958416365529965,0.528342880078177,1.25129142617657,0.722034471454437
-1.01773781241619,0.320861331019545,-0.648913463198771,-0.948488514658304,0.873192198875837,-0.385778860928374,-0.564234602355211,-0.461882126748763,-0.101399285382256,0.584842088816528
0.906138242799481,-0.405945551345131,1.45277968478102,-0.0490432774104045,0.0905611903452513,-0.180244105500546,0.40223839850023,-0.197006737832513,-1.50399095512572,0.725054323002284
-0.18111938466408,1.58826146129663,1.11335371986419,0.977943967571232,2.19222988989965,-0.554046696747022,-1.35274378720654,-0.936045784041243,-0.431575150520422,-0.0474064225656924
-1.21514806652638,0.229871400960526,-0.862341514127407,0.600584469634844,-0.732442378646523,0.457915629350599,0.65984220133843,1.00208771504801,-0.0243112334819922,0.922467039727108
-0.61816811248435,0.631607191842352,0.949353334072552,1.54963532363577,-0.651798753414411,-0.174647941791559,-0.495326789179039,-0.360584319771909,1.19767995714295,1.03289509647697
-0.0795504353012784,-0.888923837251428,-0.183198731490337,0.155887120607037,0.636279399349949,0.146093419091978,0.275968402584766,0.242752911647001,0.75880817944955,0.0328070780981206
-0.475323276015172,-0.431870034992304,-0.242805971105303,0.995932564435448,0.141963085101323,-0.264752929892077,0.427352347168889,0.133941646793838,-0.844500278162657,1.19523575897531
-0.138433146757316,-1.14072123308332,-0.715017811073973,1.1675925282174,-0.902061972571097,0.960798103198654,0.415174965186543,1.14390573372281,-0.34217703798634,-2.33919171701161
-0.158596691427562,1.26090357126233,-0.904757883287073,1.36689365154106,0.588949914048574,0.137730772131785,0.0019352685117004,-0.529541527346787,0.614384220994331,-0.387882830506235
-1.05029786877518,0.0386295091105741,-1.16575511756682,-0.945020319824146,-1.37072175770832,-1.34570945853343,0.338946392759538,0.385130411511008,1.36575894884194,0.340538383950559
0.360609098575675,-0.875095389085041,0.0996036677946921,1.81601589368904,-0.563387285411311,0.050894792345036,0.779458108516656,-0.764878264268595,-0.245751653925788,1.10549234022133
0.916893094905563,-0.253228173452316,0.669228852215239,-0.331320125875876,-0.659321114883895,-0.143338415881227,-0.0891725298169976,0.000507903846526694,0.844286589013736,0.220084697103228
-2.5616498262517,-0.0637054698180811,-1.4365622061077,-1.05814557884919,-2.34422022220566,0.0647630248911466,-1.04421916414227,0.709688837686074,1.45187528221801,-0.30230883913737
1.16955379722205,0.892868444024455,-0.72697336106784,0.524908184116789,-0.844680829380702,-0.949044662982982,0.1882831785506,1.53157717954982,1.08613254411291,0.8465639306056
-0.595627493579712,-0.340108182825725,-1.3109605836083,0.0554174957582362,-0.441016949660141,-0.919435636125161,-2.71423487043583,0.479217176629414,0.668007468180676,-2.72021634811076
-0.0220798885160236,-0.047255590830595,0.00626766247072211,0.37230953635556,-1.58699116787013,0.211899046105278,0.285450009825585,1.57913015679755,-0.987996257425051,-0.199759458296158
1.53895820868623,-0.444280524944776,0.818709377653288,-0.309385273162347,1.10404571906603,-0.485658383893275,0.278825022960309,-1.71813561921366,1.24538014171915,-1.48313117505131
1.51564763597775,0.499455208510142,1.01629373112991,0.983757316450227,-0.325718911703864,-0.841477351763529,-0.562221342572908,-0.482956380713575,0.547625431054779,0.137064700422437
-0.0475218051608668,-1.87093581267006,0.677733946246973,1.03023485207506,2.12509743221106,1.92052250736472,-1.70884627214212,-0.668112013586792,-0.776656708629108,1.55395498854895
