-1.51656510479434,-0.629570443944104,-0.796404934824164,-0.0527498960679715,0.464742273215153,0.346656929481611,0.810555145839516,0.124225464196797,1.84224259442792,-0.0373732411048999
0.178670586073343,0.180156407272563,0.0439470573318143,-0.465718091943213,0.00483577958070108,-1.64101349791491,-1.25457617630489,1.38455400655262,-0.64827243988021,0.820135845425139
-0.459536634583534,-0.618424540910719,-0.348421857407153,0.568161990178051,-0.350111456310302,1.76790726960401,1.62225442508483,1.0050535222968,-0.255883472605709,0.467008026046176
0.848672715852364,-1.77088422751345,-0.236726603627481,0.798534287208739,0.685856337277624,-0.58183359079999,-0.0555383262431051,1.04013301006215,-0.384533647014089,-0.898263922598874
0.900553196741051,-1.29773693796638,-0.725384394109133,0.727467615030597,-1.28733925065358,1.81288391251183,-2.17617409059746,1.66515019932404,-1.18495386901465,-0.264504301918066
0.454605951452878,-0.900651504153448,0.222055474209018,-0.217202689491089,-0.515634412491356,-0.121045939176236,-1.45399388964531,-0.884931434008997,1.56614369850728,1.21227273007793
0.151815857145846,1.06046434281856,-2.35677704376967,0.235682739636268,1.02763060054803,-1.19491649381118,0.620570107153683,0.31162498899158,0.775921347704656,-0.856138989160828
-0.210190576906406,-1.4107548380963,0.745129507072313,1.38636784422159,-0.474627263526962,1.48576128671328,0.168218891748168,-2.0708756642228,0.143429867882389,0.814503989911183
3.15132402109268,-1.2837744773523,-0.449559332637236,-0.905002710737791,-0.16292275965373,-0.426606563602604,0.786354420302147,1.10861518359167,1.46473184541914,0.476788974092014
-0.257221611788971,-0.950616811987893,0.164335664508049,0.535876197252394,1.41916274041012,-0.573777193969977,-0.463898361678976,-0.962264113714205,0.0265648916164428,-1.4481091635789
0.499520199572088,0.528114912612751,-2.17849290266963,0.50147878812515,0.809802967276884,0.119200982414584,1.09847237386177,-0.0231083012729338,-0.127558443197513,-0.381605013650005
-0.0176584787095805,0.820638842489322,-1.69415977649825,-2.44111683645871,1.41730564974043,1.11771267418397,0.792459853554996,-0.00935907347699362,1.29331046227334,2.44098464952044
-1.65922773852722,-0.390510587605405,-1.6946107372464,2.26920970818038,2.46393557729932,-0.897764103352725,-0.107922949433307,1.34358663937991,-0.0515220067424225,0.370928646299136
-0.660949940613588,1.02622141037454,-0.961716392184062,-0.526254744067155,1.00200137833611,-0.342894148749091,0.5183906558215,-0.504696926165338,-0.386648236332162,-0.043996062624994
0.256319876980518,-0.464077204437285,-0.577340805026901,-0.344208516410601,1.20282772740222,-1.39729472089196,0.671709476373746,0.529702398547677,0.308495841768693,-1.01063040075544
-0.402102562784519,-0.895663024581432,0.242513850268953,-0.176877329769136,-1.80434301309661,0.227631731413876,-0.976348817091686,1.41493281608064,1.86830538449964,1.12979962847014
-0.267192396878564,0.824162729954688,-0.283907391777515,-1.0171444137508,0.593165223806966,-0.614118803219964,2.10733640134814,-0.462953531655194,0.0890020900011344,-2.07200241537123
-0.871155284655193,0.121940628280088,-0.549812624974866,-0.139052406608056,-0.556100899496285,-1.44040023619194,0.834949612898704,0.660310465255342,1.2660798831498,0.458263338411207
0.739649997959927,1.6598374501582,-0.14821461081529,-0.138015317936927,-1.57913996831112,-0.0603956351456525,-0.740454483167652,-0.732822272076005,-1.11692595920657,-0.0904653480470264
-0.132699596053743,-0.761066876790901,0.184620743118746,1.84190132696766,-0.381363673569847,0.518012153730901,-0.134815219345279,0.690334111864605,0.894387633578253,0.311399543367814
-0.301640209127685,2.31769504083843,-2.4041081272235,0.222736212750606,-0.660288047217668,-2.13252530871911,1.81543157060286,-2.33453338279869,0.213016537732612,0.940974507065807
-0.999954231804001,-0.465906508398218,-1.07592609970909,-0.37680856066714,0.272057860878746,0.504051949307486,0.440801314229131,-1.05270351380815,2.07347666514993,0.738960387827624
0.163113532123807,1.16372131809657,-0.980678592863308,0.955818116246104,-1.08102899711681,-0.655684961631948,-0.368545222841438,-0.493010390324341,0.947433696882927,-0.143783415168833
0.115386333811288,1.15102660075779,0.022326884618978,-1.66626005823401,0.0995241249751314,0.188686971715617,-1.47898401915804,1.04377559980496,-0.822327861550916,1.50837797995822
1.63159179343031,-0.38948785407211,-0.356031690666218,0.56334672184792,-0.342329182451911,-0.260484894517085,0.857106778830791,-0.00944815222058314,-2.47015385318197,-1.37248014592293
-0.47588065264308,0.573266771432238,-0.255106586768188,-1.26148918216996,-2.5049171887937,1.13425965720394,-0.684380428776462,1.61526114931456,1.21665056669145,0.405594487388225
0.325324723081293,0.752164052949653,0.387587616714745,0.53618925207655,0.297780814220437,-1.21792742943235,-0.90978975141721,-0.386390196581656,0.647397194885636,-1.42892077519949
-0.837585332783475,0.601948197164072,0.484674843911718,1.36334950597226,0.786087401349732,-1.77821574812465,0.214578210826456,-0.332633170678733,0.0297015083411152,-1.67319877148954
1.59271104996651,-0.985884479725542,1.06750416399985,-0.768656637922931,-0.693930880959876,0.0609728198446581,0.0833959147653433,-0.45376639321258,-0.450532449642923,-1.4131985023749
-1.73904852583463,0.512755327046529,0.781087282189831,-1.13667240912046,0.188577216341838,-0.452310201046892,1.23227406538673,-2.51154014930152,-0.430475146406082,1.29266223055355
0.144227113380571,1.24841301880633,-1.25818479883311,1.35440231517659,-0.134833713456088,-0.695586404525596,0.438184910430777,1.11689176629966,-0.795627155148238,-1.99990921729979
0.363677279637433,-1.06863163933473,1.38548103375321,0.451790565364626,0.701366339887801,1.40709979291762,0.512020182737733,-0.928002142825881,-0.489180804244607,-0.792835443203356
0.344261922504171,-0.631448275029394,-0.91909134707703,-0.419817398027568,0.721713615092323,0.704800001909354,-0.188462866591981,-1.03256017757561,-0.0867714158069461,-2.14659967044915
0.234279653791844,0.817006707791572,0.925242538376105,-1.571406526432,-0.150050769246481,0.351687535801767,0.872535954985718,0.493990236328994,-0.948028020933565,-0.865528491720179
-0.224071318812187,0.13998868764611,-0.475050047779654,-0.931092380908284,-0.011176971620726,0.516083841179992,0.896769496183692,-0.0601323434360823,0.369414573450487,-0.324670453862121
0.0786101564138719,-1.53100931449233,-0.658754900061567,-0.818484379240069,-0.947845606021893,0.530210539415293,0.266461000294738,-0.443952089741294,-0.258274371824366,-0.054571718568403
-1.49666962965573,0.988439444031368,-1.28513174329651,0.108039957187763,-0.503811241466399,-0.474612563149675,-0.171671542903781,-2.00065180721411,1.0610360175845,0.304248844048747
0.681927653863841,-0.454637110303995,-2.86485199642513,1.7660819101165,0.104857990117677,-0.276485572065864,0.377905684556055,1.81853986323413,0.103196383084989,-0.29441100949212
1.22423592406948,-0.757709406040764,-0.334385027419525,-1.33838687968208,-0.588760781596596,-0.0135057150428883,-0.667404648579872,1.97601380535953,0.786768281570022,0.125365962634079
2.48474558437191,-1.68951225210894,1.11715269396459,-1.17621437536935,-0.844299391327349,-0.853237085766075,0.161628328451584,0.0623434126019876,-0.543019467910702,-0.082134719226139
-1.59538419059688,1.9211713501668,-0.807838009549264,-1.85179318783618,0.366801331732099,-1.05088997164454,0.990597062446463,0.354287865044216,-0.502582050095057,-0.107972201431181
-0.820425953168548,-0.391015722470931,0.458483196015758,1.7771917417761,0.321386054906939,-1.74130998766122,0.249092369919991,-0.962566187395136,0.262504288407151,-0.205509814661573
-1.82946109127802,1.08546495185074,-0.0122765957592756,0.38565596606315,0.896080998338659,-0.344676385563989,-0.0848878361986694,-1.26111717275481,-0.162157347792347,0.496400473435482
1.37496183823686,-0.651580315738802,0.0437075903791127,0.367298745689576,-0.152123143449593,-0.226416252711471,0.149196767992425,0.43679800865356,0.332285875526401,1.50193825423153
-0.0144846606266529,-0.0936342724113544,0.176471051161653,1.39350191867401,-0.0740542636019753,-1.06452434051815,-0.514586507286399,0.586466044776337,-0.681584443253744,-1.89530753268705
0.83576775024252,1.28532226393815,0.761388928195765,1.05818317083547,-0.120130184259929,-1.44643693743033,1.6051272414662,0.0351986906642316,-0.892589550855658,-0.903828275789099
-0.791916780781221,0.791133533421278,1.03534987963182,-0.415699736590125,1.45577593148627,-1.30645521221119,-1.83456915995692,1.12339455703822,0.524225363509495,1.05761652285316
1.09236742252932,0.12915938193058,0.876555932889489,0.904921331509259,1.08523544516723,-1.49437388596819,-1.04331554578646,0.294667178096883,-0.325972102737915,1.03335103591478
0.216957860057187,-1.68415458448296,0.652850776804643,-1.50636149827071,-1.06806185429912,-1.00123995038471,0.235418659205597,-1.53269985034171,-0.281204990848393,0.349809343952455
-1.56704459290866,0.182721857717304,1.28519248969823,1.49296828280956,-0.971557024891748,0.66535907375865,0.237775368881583,-1.99552336103455,1.5885435896315,-0.38997246699679
2.40268487271028,-1.2631914604179,-0.988543453826453,-0.759995743812427,0.217207813039227,-0.023309422835605,0.182785937417442,0.505099600877236,-0.557034837375676,-0.153207064530505
0.0797195946737606,0.985071971293756,1.77508233131801,-0.00251751058917171,-1.06751915510738,-1.85608973614793,-1.60518351649634,2.52481959951093,-0.218629796143076,-1.05709212226877
-0.870245797204603,-0.463007074516355,1.98445408376347,0.169053370840352,-0.989098606505145,0.809021254030101,0.526212251208617,2.39207433584362,-0.519748727383313,2.56325096503889
0.963301765141162,0.5062431352809,-0.559851935013459,-0.416647004317753,-0.176268912589911,1.27092320190022,-0.537029199842916,-1.20945161613418,-3.22650826045789,-0.420186789285187
0.895551865849278,1.26768328993813,-1.03048393998955,-1.23901277502813,0.00610797204870421,0.39751389652705,-0.726246396963081,1.07442632295593,-1.08473834987962,0.80510716437071
0.107851493507243,-0.8143934953405,1.37434045359902,0.901371529839159,-1.73116460362237,0.558444550947405,-0.739315430936521,-0.330631635845566,-0.451558292701026,-0.405634027840209
-0.658652599689641,0.965625232984901,-0.408854011841599,0.889321551849283,-0.0641703399103561,-1.21369284573271,-0.362250975174869,-0.245526561196474,0.349277538622316,-0.384206399576719
0.702474660577789,0.526706089757819,2.89631367847332,0.615603554860034,-1.27693374991818,-1.9015162569916,-0.438139742351232,-1.34079811067865,-0.757613821448573,-0.368659085417365
0.028494095166995,0.60643120069142,1.39004137660296,0.551531665173635,-0.901242441357534,-1.11325342926261,1.90000399799677,-0.397031052598937,-0.676639528362337,-1.10534033730399
1.2374276346126,-0.902241076394808,0.95251959419405,-0.372845215068479,-1.98772645762729,0.357329351512018,-1.87784083825691,1.18194710357205,-1.71441142996105,-1.15328529120045
-0.699536342240726,0.968790064716217,0.107452619005108,-0.308399385695434,0.767074073436971,-0.3703035384993,-0.936367098889938,0.54895717744957,1.37616774675508,-0.168161827995181
-1.07305321300805,1.22412222254787,-0.210306741191913,0.315136538532594,0.167676812608895,0.207105213662441,1.89405351088281,-0.730355664001256,-0.210005097608076,-0.244811650665884
0.114091584587122,-1.13470586882898,-0.339663673881745,-0.311274247536317,0.809147896498157,-0.307674099455601,0.0779986269435809,0.6008090071633,-0.89609171467513,1.34586379191608
0.279487052421894,0.782909437607793,-0.748170671633572,-0.726240553428153,-1.23945061866325,-0.364629844955466,1.52632005158518,-0.0962152115432523,-0.938926894603332,-0.68075180228048
-0.699431120165282,0.465286125386871,-0.256466193527206,-0.528234892788834,1.83249336649249,1.88827801483182,0.990978716959355,0.525199068603194,0.936450603254383,0.435195353556399
0.846852938979545,-1.405586659931,-0.43110018675084,-0.602453204052999,-0.19808525206981,-0.141106825034968,-0.604030486745406,-1.54826489232842,-0.11769060059662,1.25882577226297
-0.773589420130104,0.428297041013378,1.29589595308431,-1.04109217962726,0.586467767044287,-0.482757789436854,-0.370596802329989,-0.141087694467894,-0.321091976658375,1.52174823761961
-0.0966747629055038,-0.733877768259409,0.387175101374876,-0.309401168178598,-0.873220596934368,-1.20680466136396,-1.30543048155488,1.26280579610493,-0.628453684222842,0.775666575813759
-0.674586275545171,0.0372979934665356,0.607368810122617,2.31097551329226,0.33201552051715,-0.762153442099859,-0.963959315596026,-0.776284747226201,0.505948292509448,0.199867757466132
0.60194602649103,1.06533578427664,0.976608566760207,0.722671552681943,-1.27039485199155,0.561507876392545,-0.146639371573082,0.911427439690235,-1.75756867445785,-0.418754247752503
0.0738995197155914,-1.56217458668936,-1.07714076541773,-0.411334281077888,0.299795107941438,0.636452572230366,1.31779536513944,0.947727044493181,0.92894742710555,-1.46312471213217
-0.882950168172225,0.436778006490738,-1.99651984492975,0.0104097191653843,-0.646757542421218,0.849515785500031,0.224083004520649,1.45025132259399,-1.00661117338772,-0.44417630554716
-0.86280350621241,0.413625688538462,0.77987255741834,0.437693072302833,0.46716776864324,0.380944047033286,-0.0612315731579434,-0.739217501796224,0.659740997622612,-0.805447632620149
-0.701336312255622,-0.501082436375589,0.343328548925439,1.03538941065841,-0.246020421649497,0.460509366930353,0.0349512408046536,0.292617391463077,-0.166466366281056,1.64218812663606
0.428349700772108,-0.208544213231105,0.0460127014503629,-1.13871427195543,1.85097337718161,-1.5516406964707,0.115303332720344,0.689346419843392,-1.69022346690177,-0.614753015517219
0.59978869210728,-1.25352130879665,-0.623976656934741,-1.52204559714186,0.352131185219437,0.63334650751088,-1.93756841127373,0.491237350256797,-1.21864316988858,-0.506368122913485
2.32112257318754,-1.81628052609353,-0.312241216850204,-3.99403615931825,2.47770769872446,-1.16121072414159,-0.254736983704188,0.803794612046264,0.0136501909423406,-0.163943506506792
0.953250536121964,0.469453104962836,0.291672359719198,-0.884846572149495,0.047315824707945,-1.49167329014383,-1.88993324979071,-0.0887995624973113,-1.51611944905825,1.30923599702702
-0.974950804885363,0.0668703220286749,1.29042532508821,1.42006026928765,-0.62394628789652,-0.237282765741657,0.0550885757825736,1.44377915135295,1.57654333427668,-0.78724062876501
0.239804522086888,-1.3880048626372,-0.00903068117301516,2.34120767953707,0.336203965834311,0.16261394846837,-0.0826675920707058,0.462979311830333,-0.412335122145503,-0.256379888841521
-0.789045986700753,0.650740529904578,0.319669789653627,0.655024987682545,-0.468457971856703,-1.12971750405811,0.468251157500646,0.602183038027033,-0.034287059997921,-1.05043947473506
0.590091971538961,-1.06779464778746,-0.52687969239889,0.440649128753246,0.916767374254832,0.411390615740893,-1.24128349883389,0.656894078572349,-1.56364905271767,1.54472488974308
-0.77163515265064,0.308761062015927,0.830996817059691,-0.20665601410999,1.66805573706236,1.38893066122401,0.145224784532504,0.434106492052724,-0.410775098646289,0.176967204962513
0.641271519350391,-0.666444316335337,-0.0514939889617205,0.491604338427789,-0.162351331589577,0.774080868448506,-1.52362326689586,0.93509819661925,0.501508547207808,-0.198799708079317
-0.57467704127558,1.18202190802014,-0.671621202365781,-0.0101336685592091,1.36847135240034,0.0344986026987183,2.03105713288239,-0.373444846796571,0.286288878779498,0.99963058980907
-1.71945467493164,0.974928325974313,-0.104592860944808,-0.577184254289971,-0.169686168842251,0.133971752219725,1.47959582064373,-0.75757709512019,1.33493902038028,-0.591875341102757
-0.352981938031547,0.0522703309385302,-0.986597792942836,1.05438360799483,0.238231529693052,-0.79445622292541,-1.12172987841583,1.23349254888451,-1.09121178631848,1.77964522101418
-0.584811767882611,0.375085493236058,-1.01892347222565,0.259737769741922,-1.20684734004094,1.33062451271148,-0.389161965869069,-0.108462729655883,0.572724951011682,0.919539690189037
1.48423827327414,-0.394862652310329,0.90805805328647,-1.81110628167822,-0.385732339894241,-1.1495570095503,-1.90735514739504,-0.487215593703164,0.200495353854068,0.358674840617742
0.573268330049337,-0.0355660764523643,-0.744285676340067,-0.355764084480425,0.728453449316315,0.393591137764283,1.02654889628268,0.813612605209842,0.691991545346266,-0.1169977401902
-0.812493336515479,1.25947655242302,1.14477655145568,-1.11748536042142,-1.78871898947101,-0.141592077631919,1.33650590702332,-0.33726197737454,-0.661370656706566,1.01783330699519
0.496420313157639,-0.621253713338635,0.475873407058044,1.42920087089681,-0.145271219194972,1.99420500850708,0.86921447704721,-0.279644476371525,1.26042571214205,-1.99497433040038
0.69552839791679,0.118228965256543,-0.32405391800281,1.29428085344233,1.02999919742699,1.13018607676925,0.788200388860394,1.53653981436685,0.578114794523783,1.48366824008146
1.13505437108806,0.507953955797186,1.4790144864252,-1.89592144733544,-1.10484133106049,0.159631897730325,-1.53819635105283,-1.00509561112239,2.51206076247401,-2.15734166302845
1.07342650947854,-0.25336120470351,0.314245084039534,-1.02494767910418,1.22824647714818,0.399812792784878,-0.377886814057219,0.578700714782237,-0.57195672513346,1.52050477721685
-0.278121275282386,-0.421644936438196,-0.75285964351136,-0.687415814376538,0.489567118733119,-0.397037385955015,0.661006540799944,-0.340969777792351,-0.463591425531513,1.42251379737204
0.487629475593362,0.83006375137534,0.310414772217488,-1.36766660204089,-0.319949752645306,-0.712338028237385,-2.10273065561019,-0.21643870954242,-0.358926373016687,0.846627397479911
1.65478322116083,-0.825676767772676,0.114879048028045,0.41564911535825,-0.0750378368739238,0.395983594685779,-0.00533380484555895,-0.48796843734167,-1.41617895019167,-1.64393473962675
-0.861129762917929,-0.830821424796109,0.47325327109936,0.819223028762873,-0.19904003466811,0.588721639626865,-0.442973841991174,-0.0531361356445537,0.636851279032811,0.400988911123123
-1.10289121335833,-1.27860533071242,0.511297381513389,0.49291500146616,0.303396880036698,0.680091099724051,-0.849942703217125,-0.0291807346693785,-0.433411922394053,1.01722480184243
1.00587682740009,0.410797015140685,0.291184989577408,-2.02684191340446,-1.9126154638566,0.373200883519425,2.46832799992883,0.296350034909133,-0.259043819407636,-1.8903235710529
0.789300831611926,0.426276038371048,1.35471559687759,0.0878384593792336,-0.743956744136481,-1.19627936085613,0.291183771007412,-1.57407638658717,-0.160855759041027,-0.591036711680409
-0.4690497612905,-0.730409957748411,1.49538356563362,0.898787619182193,-0.019309563956401,-0.00873276374646001,-0.17296158899693,0.0567692172153036,0.720195765073319,0.205728353818752
-0.753108941251411,-1.74916965723107,-1.50315720560727,-0.82599779805886,1.46426503728248,0.223378731864637,0.111888568460949,-0.328522642967276,0.381801081553387,-1.52557016192704
1.14000417930054,-0.0226458197559664,-0.941956881170184,-0.0506224842237935,-0.37006641789316,-1.02108458396876,-1.00465152796856,-0.545567992607881,-0.166559175697847,-0.933017574802075
-0.687688102011445,0.202648860209997,-0.452482694157473,0.222807611998676,-1.23727888444738,0.692843191019443,-1.18135698365525,-0.542613999860806,-0.000592715588013343,0.707636585449356
-0.0454321849711094,0.530666298266577,1.34280528107664,1.75180057041959,1.01758356469284,-0.304612542814186,-0.572401664899141,0.824213885737685,-0.795108735486908,0.592592865600953
1.60171655239532,-0.134094946307074,1.90922007108756,-0.187508214805799,1.08595360620735,-0.578974152187427,-0.410355569843177,-0.142773103725416,-1.16090576841546,-0.0711084578392184
0.503899333650164,-0.168082433572357,-0.0164571759175209,2.33201222554303,-0.842555057352339,-0.694411509190245,-0.639166984137138,1.58721294625502,0.40502760552695,1.35216206368863
-0.514777225132061,0.0889730408842498,0.463620575572625,-0.304392461389539,-0.826039822460503,0.212351181309808,0.306204628150208,-1.42553098471879,1.25569709695725,0.660390766599392
0.819896965961284,-1.91929032191418,1.53986401739762,-2.91783719387063,-0.604879163174617,-0.570619466787067,0.259731733859581,-0.572082091338719,-0.489477977683385,0.497067782506407
0.678931385803562,-1.04367627095632,1.27690299711173,1.18101550550012,0.476440558239547,1.97647680177961,-0.979902044312121,-0.920000628932803,-0.222600476062932,-0.572142735408171
0.804021860054507,0.0704944248267004,-1.20994228425237,-0.796752687100426,-0.497343560410955,-0.0951621747106727,0.569653780986666,0.100761295784333,-1.02728244502519,-1.25048450360387
0.0215352980712478,-0.151118879432143,0.248344975177771,-2.21903950788729,-0.0301232757196123,-0.479468447751457,-0.909839643702648,0.244613302356608,-0.1973255715278,-0.425929329359813
-0.100567998259447,1.15686082075272,0.149967638180714,-2.09723171230057,-0.578776484393436,-0.739909372827408,0.392490573025773,-1.54352608605091,-0.182771627621325,-0.618146924839565
-1.2313321153638,-0.658250799603801,0.54940199431052,-1.10203387708791,-2.30935377016833,-0.723381351873853,-0.46596763390153,-1.58932262299534,0.493094233341869,1.30437791953137
-0.60638978339709,-0.0958103236245118,-0.588475702142349,-3.10231155188407,-1.39007929595256,-0.656195291894649,-0.603311271603348,0.568231870824063,2.44997125704985,-0.522281684079123
0.531733886535308,1.4163154872096,-0.829617627386152,-0.139416199813445,-0.368166328974827,-1.58996334938631,0.695121143626064,-2.49688436253,2.04750594947674,-1.37376862490686
-1.38161402972254,0.214104190819399,-0.760081029067848,1.51801647234178,-0.0167296850890571,-0.247469595746711,0.2863498718934,-1.30294423140859,0.212421063421748,-2.12369565483093
0.678583352769362,-0.307396826856496,1.32796989911015,0.838299212527309,-0.686055913960017,-1.14463513046233,-0.174407461135504,-1.59010279463063,0.225249395087694,-1.89872018328738
1.54549525977177,-0.393919348064588,-0.884324329341278,-0.160444995313776,-0.784240228220028,2.28239078510151,0.517479705981242,-0.907079231609764,0.0189589274770158,0.636771598271745
-0.965682533113936,-0.0136990495869135,-0.0871286927758226,-1.58884849624228,-0.593155384637898,0.539474467230682,0.270692080968095,-1.83949834478452,1.06094680456406,-1.34163414239482
0.314317968735087,-0.10256743977611,-1.46629418303648,0.480495112970033,-0.179076771651272,0.864216953994589,0.466802736121198,0.595539907702315,-1.34647945737309,1.07463280467592
0.979085815201483,1.63827865268797,1.37603541323351,0.4835104191506,0.14045852105956,-0.514326618702343,-0.928921501301479,0.0071388002620858,-1.95918006853931,0.386415252508962
0.744548409957612,-0.256013459858857,0.157088416698672,-0.732627517072506,-0.865667325165715,0.618391323369,1.04882805252357,-0.0720663116637891,-0.321770403208637,-0.625661650936638
0.627993256708784,0.888015121572532,0.716833905892488,-0.713025303709033,0.104997235439167,-0.183764977121172,-1.18648177625594,-0.564260190622271,1.48964846733584,-1.98523624418514
0.756078241723739,-1.65480458592036,-0.183405527387948,-1.83060319990709,-0.824740097103363,-0.851969850384495,1.19989489681211,-1.43564375422143,-0.14699270956232,-0.740915355180786
0.162738778387501,-1.60116952973847,0.143890633735966,-0.373494157052691,-0.500202741565829,0.537805994905765,-0.602990891532788,-0.0930841699200196,-0.407694204558048,0.0452992704822438
0.439964316785425,0.0229542856151145,0.992622718866859,0.275755809193549,0.659243692952154,0.258666561541231,-1.15726504430993,-3.40021378801017,0.00743104924668816,0.105142799985233
-0.756301482832761,0.0343381993645851,1.39501554382003,-0.835530921914754,-0.492624812956401,-0.783456537075573,1.25842597427065,0.0715440755975774,1.20620688687251,-0.648278067691283
1.58835136868486,-1.20323413385172,0.0951207783730078,1.62590639072979,-0.558511827456212,0.5810988447106,-0.054174123718048,1.85580024768218,-0.665367016281395,-1.34420351678247
1.43635020734313,-0.167050762915574,0.0656478112134089,-1.27203992952139,-0.797008692953768,-1.21299175510666,0.893716803014817,-1.58765149836423,-0.33440462030167,1.03530808788049
-0.98468712131647,0.228458658178847,0.170233005536601,0.112319202250921,-0.148722624948105,-1.05229535352571,0.127847023811316,-1.21282876481322,-0.322581934820616,-0.0401393848036756
0.753979168997199,0.797221385217919,-0.283153506973217,0.597434768115479,-0.909282229620066,-1.03225234318459,-0.30644119238743,-0.820069236652669,0.216414252069859,-0.569781689765157
-0.881047227460903,-0.197817524965633,-0.188590996391795,-1.19338316794901,0.715285398924519,-0.049010410709694,0.0739793652920838,0.965637693746069,-1.02261631699726,-1.0778376251538
0.862248726805998,0.00255009555514233,0.260099492812537,-1.07365409861212,0.77513612879654,-0.577971284202351,0.780552990655738,-1.18675849770479,-0.566310130763208,0.140372787832332
0.638968448685146,0.811246039894153,0.70501933638923,1.36648972211244,0.574567151078304,0.224462192953352,0.843721672932168,0.0551199439912313,0.486530486882185,-0.0832373124354914
-0.783007405524954,1.74858632538062,-1.33766911155849,2.01051292815394,1.77578986272573,0.101861382801535,-0.238225489912063,0.128920300216861,1.50629017563568,0.0363154615628995
-0.881014280979124,1.39027856208486,-0.832379917283524,1.37586256705237,-0.804684327034873,0.420394116655102,0.621514305553194,-2.12255458806361,2.44716227930014,-0.152980823045212
0.445306121766711,-1.12748564483192,-1.68098077953474,1.49776483652351,-0.339246934098197,-0.309206514190019,-1.66885728394751,1.83204349210373,-0.110663857647357,2.33981794869668
-0.788313799920036,1.75620286619423,-0.697599036423562,-0.164557076827016,-0.821777677152535,0.330220095488013,-0.436571353019951,0.141174286422101,-0.705402015167358,0.104315805903432
-0.761460896933424,1.35306270162011,0.0701248407029329,0.49969301819055,-0.258038404752805,-0.637278870370855,1.0437043419256,-0.786974766863101,0.057501077797547,0.599929412408115
0.0687367545281937,1.20937534059798,0.427593254075528,0.330644046856211,-0.0647676271554142,1.1645355807522,-1.20683273835808,-1.90018376728564,1.22691830748244,-0.104420780397922
1.00413918438312,1.20726112366164,-1.06765223772576,0.862812698695324,0.227960973448839,1.17986440712975,1.43191156492373,-0.110419093443824,0.187153705196713,0.449311505177111
0.290737019216445,1.66724446646868,0.474432961103664,0.112528671261436,0.148174658156108,0.184012469070092,-0.677089189726835,0.300221391097951,1.09070775155481,-0.717971518548036
1.35887363325832,-1.76502426119037,1.40469127434216,-0.979610412015398,0.392893155239571,-1.13847096189887,0.399180518151021,0.41695522788053,0.0442750660505578,-1.5741550776671
-1.5452087005798,1.29271745284675,0.244420373256939,0.46995380012538,-2.29972647996271,-0.0379475573913847,1.09479083596361,-1.1982122403896,0.986096479034725,-0.626297125294854
-1.74385001557148,0.167071053683141,-0.762617605714444,1.23552657870473,-0.805508830425805,-0.798610923305194,0.916457695642262,4.12737664785787,0.0822840906741349,0.697592551591352
-0.843896669473194,-0.17318826712922,1.24370057359569,0.0880313315671822,-1.61530922218202,0.863228256475428,0.843606742082282,0.165623950954896,-0.360513016343647,-0.684820630025546
-1.365349726221,-0.0996165181556795,0.154007614730423,-0.654937954197961,2.11151492161205,-0.0173097086835313,1.34394318764723,-0.718989128173566,-1.05332734731809,1.05028322803112
-0.9683172048139,-2.37885829643551,0.603425033217372,1.0585287227711,1.26450230807153,1.08520494355161,1.12632418885585,0.127997902937595,0.220051314416206,-2.19555282564941
-0.0642036753352302,-0.348377547911601,-0.643143722733187,1.56600731753423,0.0363846912709181,0.203043187910499,0.84991025269118,1.06456705708834,0.204536775855249,-1.31594592827859
1.62633052613737,0.822166915812954,-0.0626323873776585,-0.372918357854354,-0.414918774272024,0.135116441980923,-2.21721124238558,-1.0405008196862,-0.514711146164064,-0.193502383188079
0.167204367154619,0.135377601152205,-0.436366645521032,3.0532330327937,1.16221178610453,-1.27189629790807,0.672328148170831,-0.0464731280572928,0.0952501455224564,0.824242095805577
1.27585352640622,-0.340403846745853,-2.44293085614886,-0.707527876187994,-0.432658750273454,0.150554684063919,0.412510199030171,-2.25119812043864,1.50642294217853,-0.784599332682255
0.710926769770545,-0.58469885775567,0.760812715202653,0.324950897323166,-1.205034841416,-0.143766338194914,-0.48200971167085,1.60434974697182,-1.55550904505307,0.787261245552672
0.503504816583685,0.343476633001682,0.258792466015961,-1.92106023718185,-2.02735213445925,0.316017518906624,0.560078856117361,-0.639759734547843,0.381916231920215,-1.57261801295092
-2.20198253771901,-0.0200362347532267,1.06183873143204,-1.49716168502273,-0.766556120819283,-0.830023263662009,0.652147393278719,2.3081507412962,-0.778388857076335,-0.740334376673303
1.70613205941902,-0.363562135031487,2.33148367468214,-1.56964621134843,-0.70898104058459,-0.94942610506348,1.41260729858549,0.121258675647397,0.293715352240134,-0.179892789837446
0.0550705135174556,-0.214502768941965,1.72758286351382,0.571459083720767,-0.419438114023468,-0.147932698072096,-0.427040463092602,0.809102829792149,-0.341531128057627,0.94415768931579
-0.0857995401919441,0.789332766924025,-0.448515708226704,1.95660319967274,0.722060714582125,0.685907470380927,1.03015408714377,-0.664266302222268,0.376652382071429,-0.803236600880905
1.4561481040902,-0.686567811379668,0.164862917825017,-2.15851136621031,0.260046921968007,0.106535485258167,-0.161716531059339,0.692375761880365,-1.13010092907856,0.172549999095331
0.961554798549204,0.268281007044692,-0.953589717853764,-0.0774004887041945,-2.06758227012312,-1.47900432763646,-0.236277297774067,-0.643340849401527,-0.229690458379226,1.47320449380726
0.836589775826236,-1.85452524957548,0.119023261181601,-1.33300988910379,-1.10476483376642,0.712960767875899,0.721249575055854,1.16825904035193,0.546313817760894,-0.336533842944496
-0.876992231778866,0.367276313400661,0.466441081157017,-0.871485137222293,1.16408489709865,0.731297242062376,-1.04575938759357,-0.912683865296676,2.7514065742774,0.914537106497286
0.288015710343991,-0.222928504923373,1.62730280138432,-1.97235910460555,0.30340341187053,0.618809241270517,1.13512770965956,-1.75905424888778,-0.0833055763644806,-0.769062304838692
0.920448941711149,-0.563631609208702,-0.261402359186837,1.26961518536092,1.43617219931326,0.0175458606235584,-1.85562374469808,-0.828176174679543,-1.73451102942902,0.807464520467306
-0.342303735203663,-0.134747023906632,-0.833167640570792,-0.943340182504303,-0.40534830603468,-0.258578393741032,0.294328768924306,-1.32040820768956,1.45499878279215,-0.422886844612567
0.597246017192328,-0.810357479805409,0.421329906798409,1.24378092443419,0.360081869278863,-0.46307696136829,-0.512379010407909,0.585015949498882,2.28779605299469,-0.833632071705795
-0.324884985987593,-0.88590490774124,1.39000798381923,-0.165124585813202,0.669155692670621,-1.85867026952667,0.733249773784064,1.63887961600223,0.69355241798087,-0.338695421932451
0.239991932856619,0.497861739072595,0.543353167452292,-0.366291410975964,0.75565619980857,0.0120494213276959,0.0876371040290988,-0.339106601863556,1.45596706101114,0.152273637803674
-0.133006541091962,0.617754691714983,-0.223300001907469,0.870610414177224,0.248869423432448,-1.1944440321413,-0.145804008691005,-0.0752940699922745,0.644839000234301,1.22952740058157
-0.406662881271851,1.8212987128499,1.06618716234247,2.46441770123576,0.450360134001354,-1.19544921352166,0.352302822040004,-0.324830136308076,-0.545442466129485,0.954175546448634
-0.256544054873057,-1.86901218846431,0.749429126148859,-0.698454692385498,-1.04777112198016,0.161757026051832,-0.417248452827507,1.27490454790181,0.101441329499249,0.90619407877323
0.76145524142868,-1.06700365396274,0.249545289476265,-0.0494186416060908,1.26326201676139,-0.39185762367497,-0.144860795218478,0.237779603278879,0.836450858494699,0.548402114465634
-0.599119641384495,0.288632773025111,0.286688747991736,-1.94006874450005,-0.22438953344271,0.369733528521974,-0.950122118317063,0.536072333248801,-1.41781789853984,2.37225565989397
0.217283304597923,-1.96900667219276,-0.175296517177361,1.498901285224,-1.52133856703929,-1.00467602008211,1.50019518823282,0.838692292661329,0.557636558312876,-0.447803086935216
-0.328972576327742,1.14468299521392,0.265448323958271,0.352044264279773,-0.168810672202193,-0.18514896425931,1.10517922289042,1.78989852879982,0.60202474682586,-0.106683193033071
-0.630440743238615,0.125781967594391,0.347998895627617,1.30113183890025,-0.78091802193948,-1.8058457966952,-0.9058541869384,0.344335722523522,1.85393313323019,1.84028862762613
-1.06229108424417,-1.14802472915096,-0.398745449689677,1.19852945771653,0.618343107755328,-0.0936939309530094,-6.01377538397293e-05,0.91747584856495,0.721533593161228,0.873725118893256
1.23853157410992,0.284083871990846,0.163487853620537,1.16539476105123,1.24811721561658,-0.472283281045972,1.58560908206412,0.358728813910964,-1.34874598665523,0.548265129609375
0.279368790451011,-0.0718590701583043,-0.672171162768894,0.130094768199929,-0.670765617329589,0.223349686974954,0.353387853578715,0.878823099208251,-0.641788348281446,0.919442372618556
0.427307790677964,-0.742368276295375,-1.76465094709973,-0.243722482954439,-0.0548093408290452,2.22480655206156,0.52160330219163,0.204441959340469,-0.0408556939330997,-0.27789646631205
0.729725020098356,-1.38519307818617,0.222519018707275,-0.164197260138506,0.638259662810282,1.111284173653,0.11646770560316,-0.8616129240922,0.532096413050066,0.00788147178822689
-0.635630840543616,-0.178208969571419,-0.105738221659259,1.4323850423699,0.0877191208970971,0.18053051330282,-0.428064088672012,0.462329487642447,0.579066703269878,0.110232906521834
-1.08557664570419,-1.6303068255387,0.108906262339573,0.134766787717944,0.882790207096855,1.30937990349545,1.13411433338952,1.1487385795009,0.176280624242511,0.171377252955269
0.0593068982971072,-1.36434417045167,0.666337758470861,-0.68489438318169,-0.600547653155801,1.14850724526444,0.166397451007866,0.369819816014277,-1.01219345700232,-1.83791837927288
1.05740634366794,-0.70270766082492,0.764701683569851,0.280612554833842,0.0525132172043291,1.28565047432826,-0.269535188551543,-0.177531719807917,0.103095551393916,0.202660932854445
-1.72002159308445,0.863168399282864,-0.412993070986256,2.29083805368785,1.03144772101222,0.178129377136543,0.483395239833549,-0.317666175479079,1.97997732381632,1.04224569498174
0.113857960811678,1.04679637974165,0.0309879772136777,1.57155759858791,0.244151868425722,0.0603825163244841,0.889720622317933,0.82196577184607,0.072910763384963,-0.794285441386186
0.663756620106172,-0.282544874598521,-0.0730449824930165,-0.960865606615319,0.326417498266229,-0.0869884421233737,-1.00980475801456,-1.96451466910465,-0.236836112526679,-0.683660418778313
0.79254161613206,0.40828894490419,2.54600463787039,1.65896440139274,0.0580216185402047,0.673037326507773,0.000772134978442043,-0.791899221738601,-1.10847252581704,-2.36780303436113
0.0601433504508689,-0.538900375836259,-0.306192042156269,0.809535706026553,0.177153477225987,-0.153525238322568,-1.06920425818816,-0.0211867476822368,-1.47789554891654,-1.05335673712686
-0.95402855447774,-0.681209428705143,0.247185676829933,-0.499708922742741,0.784320107850114,1.15490868251182,-1.00091850417264,1.27347978171148,2.14375971298981,0.218702820758817
1.16777679992795,-1.96262061514981,1.26981366301913,-0.688075036162386,-0.723525498478098,-0.894614886502919,-1.51280716454689,1.67647337880651,-0.541588914622568,-0.913589970262405
1.31795979045704,-0.816520573146261,1.08785451963607,-1.6322645982121,-0.313227983206213,0.318256701460563,0.508877557109821,-1.17396633488956,-1.23977183073741,-0.282521583008472
-0.663426336970767,-1.05798653573742,0.128357670793845,0.600885586087435,-1.4359873422454,-0.0566845389691593,1.91625324033833,-0.149335592783083,0.090442639724324,0.757451264132905
-0.893716956865082,-0.834283342759797,-0.179756219951272,1.08897933191548,-0.209446377616,-0.365578475141829,1.36456726506968,0.570538380288359,0.100979187949941,-0.840730900073189
-1.31272961174834,-0.241471838788438,-0.839097032014727,-0.88125392808694,0.643536102913801,0.640857776199769,-0.765124426979722,1.25519791067715,-0.39627959252972,-0.665359656243994
-0.433152287736773,0.973726078957936,0.62525650589907,2.00846303794122,-0.0873247090241621,-1.22870603739355,-0.485187011117831,-0.668030341491539,-0.262487034420404,-0.708529836236121
2.00773961675817,0.379941475485188,-0.110519516836223,0.847001925378746,2.0433654052949,-0.0283399186611702,-0.848942078266472,1.40433722990112,-1.67245926362488,-0.58727570453944
-0.850844414355296,-0.416078740704897,-0.349548260005039,0.890146761798441,1.4663769462239,1.40710693701342,0.517956416264464,0.381275469329061,0.313651420891779,-0.550015646951196
-2.48247307186606,0.153224188751696,0.937812455397666,0.551632064573905,1.0029083437821,-0.487596789617553,-1.55001243952128,0.727577865478499,0.563020137811369,0.042592464859215
-1.73064922293752,0.930547045858136,-0.496993916722329,0.852213303150704,-1.31290116752817,-0.438320855248559,1.48034867207081,0.448444636243932,-3.27713001643609,0.204475234305486
-1.06512316026161,0.806292369575135,-0.0456853795603742,0.693001426450636,-2.33714339758898,0.378792218414563,-0.107119634934121,-0.963884210048052,2.00456690146846,-0.985900375311588
1.17605720356272,1.28980968395284,-1.08103800078776,-0.934524455621542,0.636694491847984,-0.758257318311914,-0.903124503563339,-0.432383294796283,-0.281785379444864,1.42742661568505
-1.39863156678431,-0.404679389513619,-0.486942377961354,1.37450135014203,0.793325862709406,-0.179135563470939,-0.0464065129709643,-1.37283932948105,-0.881402428452429,0.631263337971931
-2.20442759390465,2.07002412139042,0.717298794659583,0.126987425464933,-1.36092713538864,-1.81808782277347,-1.88657719444924,0.395302147955466,1.47447177363426,0.551832389629397
-1.7582124162216,1.0727236160128,0.807251735415194,0.650885709133479,-0.533036523694618,-0.749848514314839,0.547709448402941,-0.474749925940907,0.124161802340699,0.874878114413954
-1.00252949308608,0.93087599450909,-0.561041659711327,-0.34515622396122,-0.868132003919285,0.606938391194295,-2.02136823696794,-2.40676107960282,0.592449104594217,-0.46366678269814
0.00328955757136353,1.98605439858531,-2.00343862401586,-1.37355667523511,1.92161325764346,-0.920275265528754,0.153346223770631,-1.12672758563094,-0.491593535991429,-0.521338507577213
0.181119630200288,-0.0594860183368699,-0.871912762301756,2.07425068714929,0.256099118850877,0.6444826956202,-0.6239972509668,-0.884264327226812,-0.377436987740012,0.25661339375207
-1.64446635687349,0.181841310704701,-0.616284076912371,1.5900277583009,0.196939793250513,1.96270017738224,-0.55339376744606,0.403753206387863,1.38879696751587,0.399714270953563
-0.337442590528262,-2.31238786187008,1.17158702554049,-0.626862828062828,0.72336326083945,1.21403833841119,-0.635227851984671,-0.644070912559794,-1.48635936594455,0.0703059829254872
0.923215852847324,-0.0681854832289395,1.24011840480676,0.69071484537891,-2.15177511937176,-3.01304648278011,-0.563897273562469,-0.690411437181941,-1.35773404600484,-1.77238800338346
-0.59060332498334,1.66340558395727,-0.523536303381276,-1.17590567326135,-0.502860792045571,0.00317400058607972,0.603747004586325,-1.50602798863664,-0.855643189637379,-0.0610905129092165
1.62405230240813,0.247773917418578,1.24527310084941,-1.77881621648753,-0.237378196105003,0.465731923031581,-1.94186202778424,-0.32076233907505,1.42827615092136,-1.5535998822838
-0.941396580405465,-0.499220440665894,1.10052474623644,0.495906287798813,0.438603942893695,-1.19714061202171,0.553658337316763,0.725381684958016,0.00622602287938852,-0.81759588495306
0.573706854204375,-1.5838070197715,-1.16919549828879,-0.0199872411196785,0.0320148176668861,-1.71065896195673,-0.51526523798034,0.839543566003584,-2.22995273342,-1.25584268281282
1.99624031177032,-1.9803871804604,0.986254622671776,-1.33600713929142,1.48015998837041,-0.476629685037108,-1.03002313111148,1.05884822087758,-1.5165998827242,-1.64238877309586
-0.196178723293784,-1.09667606239639,0.945887098381934,1.08708620258339,-1.6315018351555,0.442215114671588,-1.10876166930122,-1.13167305243201,0.873042591225732,-1.3595268211784
0.128483585745249,0.390114909244952,-0.0877542266964431,-0.0270541559509585,-0.218432505933918,0.947970797827749,0.234508250259052,0.119239917152734,0.163999377004467,0.305905441558798
0.459162815303506,1.13018557040761,-0.26894583668902,-0.337815707695076,-0.894552356257281,-0.302380459001803,-0.479023604088867,0.845962226759007,-1.20661772786343,0.494569721130116
-0.0113876525919221,2.18371212941887,-1.64946575287616,0.880471473057423,0.0765955731679598,-0.644733279970685,-1.01324852172178,-1.61596734879645,-1.88717398703621,-0.992927720330856
0.539986778011868,0.346138963277255,1.09300738342236,-0.3748145433341,-1.30211787023305,-1.30145080972878,0.0969009796682876,0.401351508492237,0.239006974976276,-0.345758540916048
-1.1909364247568,-0.305209026684607,-0.00381069519317438,-1.40332947230784,0.544043129343225,-1.21298838626079,0.605960970987224,-0.229069364668705,-0.505483876531639,-2.01160696538474
-0.423101634748651,1.32669590785615,-1.92228188879756,-1.55982080457515,0.174004913768972,-0.723431486852831,-1.70385066603825,-0.811934326186441,1.64923455832248,-0.292068901099682
1.24411617881864,-0.74302800681829,0.835133046740499,-0.528261190270847,0.49104983576468,-0.192630922454368,0.141842525315908,0.0908421964332128,0.113050073050864,-0.332837249898462
0.0470762958027663,0.684990056208963,-0.673271720293614,-0.733851661487881,-1.15828756390398,-0.508071374688353,-1.08986063472434,1.30959820054636,1.31001044988038,-2.61307004626923
0.897407287366826,-0.619956752674661,-0.428660031391172,-1.16054557665597,1.13476258208073,-1.3798783223798,-0.708423385652588,-1.24664980240714,-0.584613930907861,-2.11821035027524
-2.00290066022913,-1.21335150028878,0.760522231920525,-0.80143387717526,-1.01627853405357,2.04439298708924,0.381404269599075,1.10897582263738,-0.160771324063712,1.38737658656149
0.909225811070956,-0.910830879568241,-1.52393163256424,-0.526437275219133,0.00719979965665045,0.939910680667037,-0.207983807160626,-0.82804313153324,0.303405979768434,-1.25089364785112
0.583516881546616,0.0110776634645664,-0.61432686805578,-1.08697178648501,-0.984362108660193,0.31158953857935,1.85888158615093,0.736143451500556,-0.547260048902052,-0.868304404800443
-0.112991165442844,-0.851815455729129,-0.10399544136861,-0.631609664261408,1.03597204556608,-1.46433924759705,0.999527645084644,1.33171022348719,-0.31829775422523,1.47596694104062
0.348167734320339,-0.0329889382726175,-1.18572499109524,-0.86657688979371,0.649033958163357,0.926566135440355,0.274981020941771,2.03808929881751,-0.953774273081383,-1.35500239011737
0.584819286627253,-0.386997081444196,-1.29830648450358,-0.966570204960822,-0.0470628249780151,1.09814596843374,-0.39085240748043,1.2066903547254,-2.5514386830932,-0.115588993934429
-0.088553081401896,0.901315494241327,-0.0497159057477466,2.02830918790295,-0.0121590079428542,-0.514458731169178,0.90312014689177,1.09052495140706,0.799628638026861,-1.42545588591516
-2.18750426620076,-0.702777450033396,1.33695133966138,0.0611337277066883,-1.91101276463212,0.968635158630837,2.6803622202633,1.64161343091714,0.0693931565823626,-0.944154541354347
1.09776545382483,0.856338984373051,0.558002331684604,-0.243574658160504,-2.0904247405745,1.98715431739879,-1.9128215254279,-1.64111737102783,-0.237133130135211,0.457075882546624
-1.87468495183085,0.924584462460598,0.255694069279292,-0.214934745163021,0.165927871621041,-0.308515837544395,2.02784723436126,-1.66357408198979,0.968281782812976,0.604072474833796
0.443935013506248,-0.457506639331245,0.915301924958383,-1.25185290145702,-2.06357350616314,0.0554699645806019,-1.26261505965216,1.93605338113561,-0.99647742450226,0.408922575037
0.56084906837801,0.861416682823948,-0.458614566302352,-0.428474340570682,-1.11033722225078,0.187067396347593,-0.873553994585226,0.293805057252868,-0.381623085042114,1.53819661044037
1.50725964292622,0.156329187872862,-0.14596893946765,0.85190438960161,-0.39797284478899,0.563469240304767,-0.868936546597435,-0.255066105428873,-0.878608866185423,0.849888462413077
-0.380283995680447,0.176168673592778,0.0226020748115421,-0.530468443063101,-1.3160794431897,0.0582077840284965,0.723643961335232,0.252221593911365,0.203763254756696,-1.08890733936233
0.603169277579969,-1.70008344615871,-0.256779587680114,0.878336585969081,-1.68195759023892,2.13460082900282,-0.773819304386489,0.86910595785662,0.947035821140825,0.170887604295099
-1.04945546871882,0.638885477263105,0.0518741765828742,-0.697255965832223,0.287689917490807,0.146845481728761,-0.0534988461112884,-0.860289440439039,-0.645561084981359,-0.203681705862938
0.0235849496127202,-0.997208907306344,0.342152288583312,-1.06217527054726,1.23891892839349,-0.973041370182835,-0.320897586852229,-0.0669538112028355,-0.0144265832035126,-0.72605115983821
-0.355065791132261,0.0287290231648872,-1.90183305663132,1.81373347526778,-0.925207468861436,-0.329885439644429,0.21669290826179,-0.536133373955887,0.0801398017654638,-1.84313702923186
1.24361548556877,0.701456517431209,-0.00564493127185561,-1.67249971536004,-1.55007602992197,-1.84305720451017,-0.816928974961883,1.10859523033234,-0.4914840712443,-0.982398228112191
-0.505425327758999,-0.116172849391644,-0.903458534130272,-0.915926008833689,0.438911555832216,-0.106170276064053,-0.127983897269269,1.50862361757183,0.410063838395924,0.0470117511397974
1.88190982586546,-1.02864401743661,1.01573619092956,-0.72710947007732,-1.63972913636904,2.18178234740442,-0.0490712380067465,0.654492911969179,-0.245853349245173,-1.71328287045554
-0.148455925213753,-0.484325662511584,-0.0458380693783174,0.886605929520421,0.0219248519007371,1.56238624949286,0.574025566176312,-0.86895128556898,0.271248906830231,-0.609486060359842
-0.952870725656528,-0.317993472248001,-1.32280898888143,0.356287184860225,-1.01723199754896,-3.67366848310163,0.179204417807016,0.391438737015212,-0.657141285820996,-1.08710573190839
-0.240157709515341,-1.8881865435258,-1.67732685398301,0.81437045772243,-1.15950243372353,0.407152328589681,-0.206221006332606,0.503753536598198,1.46604654968156,-0.666513798827012
0.159064357484792,-1.61024558568779,1.18014549811471,-0.318485933612789,0.386588891248636,-0.558134837615752,0.385384474583425,-0.834515566953373,0.0388085532234741,1.04239272216514
-0.525155832367731,0.804477395855086,-0.557268816334604,-0.860601508525921,0.860513447759351,0.15803184370301,0.454086973633915,-1.32667383295419,2.56691056444714,-1.72507289267478
-1.69497605467058,1.0706283243339,0.431418171952298,0.0476112451301013,-1.50782621368116,-0.160662772754723,-0.319020419695989,-0.672096482412846,-0.351286712097547,1.39195256741743
-0.556905729946862,0.312916138211175,0.803893955427975,0.554453561919966,0.405486766140353,-1.21631768738872,-0.947475959796233,0.294779360902881,-0.40245519694808,0.666742170762205
-1.0909730533399,0.0126466271909214,0.938540593423712,-0.0856571997199084,0.923155920702709,-1.66213538088632,-0.256698841135498,-1.5475111574975,1.76196141273099,1.53807347213744
-1.11850084879581,-0.07918938762321,0.905241782139836,0.966684762149783,-0.0158986844091613,0.410866629562994,1.15014610081208,0.949873769935967,-1.62728594304402,-0.0778023945892304
1.52232466399,1.43715624418326,-0.614536427922927,0.625171281498224,-0.279940467678803,-1.67744115569087,1.55652189065493,0.375218091449302,-0.69790524002028,-1.67175054893254
1.10274471349229,-0.0491869967451884,0.755748310208574,0.708402776513426,-0.627851771883627,-1.95484185935495,-0.0416282553226746,-0.331748122401,1.08304098923924,0.83758187777926
-0.957419401514124,-1.13832288429514,-1.84557151806552,-0.157814961320194,0.479256439318276,-0.161857881015287,0.132282897365615,0.254032526153583,0.0240170052287817,-1.37142320690277
0.210743263540529,0.839805540389467,-0.148212699543654,0.256730685554763,0.807064396411471,-0.488388868896947,-0.448555094133372,-1.22567562670013,-0.179079315127589,-0.0562979034711694
-0.89806120911448,1.34185968811176,-2.20460951072815,-0.013017523231686,0.936121635991643,-0.423682021013839,-0.699162211947153,-1.66064431718564,-0.189845083213862,0.0137455041820255
0.0777825777563643,0.156554306318229,-1.41818868110755,-0.407404653676148,-0.192269180790066,-0.622841890120007,0.781909377507537,0.754711668852631,1.0527550749495,-0.12547884948214
-0.573548224640884,0.916707683682403,-0.177369773083476,2.2028407362805,-0.0517068381408033,-0.343404450772844,0.564895888697868,0.450315650564054,0.281637955688056,-1.71991095564938
-0.626804725129067,1.43608467441477,0.610941328890263,0.599404520076194,-0.411989523298253,0.042312494846526,0.463711198595565,-0.694397994099304,1.79855097650327,1.75805522937816
-0.154828837378847,1.62923672251554,-1.46816677756429,0.966716306262713,0.517006027650999,0.657425619197911,0.548736830107638,0.645656748279687,-0.243588686419537,0.103002159167753
0.252120356039136,0.270231691167032,0.873744859220781,0.148731543676592,-1.88559900460762,1.25448749780104,-0.623994912804337,0.872136871992087,0.59803652320076,0.289184503294028
-2.2010284697519,-0.940475143680801,-1.45067435332897,-0.26006599570183,0.636573725697055,0.398933193420395,0.510378775946511,-0.269184077869927,0.863109079185094,0.370378573921433
-0.266018412931498,0.27132805758716,1.36556671302889,-0.0947964707219838,-0.904265099030649,0.108963206256047,-1.06354467999184,-0.837107573017677,1.97833420432357,1.35348024907062
-0.404544044165247,0.350473797438891,-0.363985990184738,-0.279629425450476,-1.3557604041968,1.32582842175604,-0.518662572500194,0.363806895120104,-0.00817895754961923,0.324775861786014
1.05815032826594,-0.074368054202675,0.584873941438179,0.449496256289119,-0.764855928984837,-2.07657426718231,0.331196763209511,1.57333963195952,-0.154901448655472,1.07243064881309
-1.90892331458402,0.6309380315804,-1.66443800488627,1.15905264380897,-0.411746386760707,-0.48436386106698,0.905454571793949,-1.9262531226357,0.37890454996901,0.227629588499212
0.899306945900144,0.767843580933008,1.20764587840368,0.870127799617084,0.128510573147885,-0.4203635931269,-0.256417795336356,-0.0538165376001698,-0.73505436246532,1.1740354603159
-0.0811078514184951,0.651456117809961,-1.32500327101571,-0.206886807845864,0.632297739852785,0.381865903744989,1.42890599102253,-0.886002450489826,1.24272990426624,-0.398184335826198
-1.07821281128965,-1.40102873090985,-0.597621679746427,-0.941491415698236,-0.835954157166821,-0.13117425357406,1.06340460748955,-1.31273790256087,-0.208956439903147,0.451776066158723
-1.53283973073499,0.171534024708706,0.784666903601734,0.958632921147514,0.951328067977035,0.682852538877551,-0.239585422968478,-0.888280442065868,-0.688174570387185,-0.466371809054138
-0.886224887299335,-1.80266625598127,0.405409076341959,-2.01474239705534,0.0176030026946004,1.45415299598354,2.24073442231576,0.549720813544258,-0.759336327988454,0.701539801746553
-0.759331584284339,-0.665802966793413,-0.335759303795917,-0.110052438977099,2.4054937983953,1.19818496439148,1.23240138552897,-1.86811819441606,-1.16514248654879,-0.695085969497393
0.5891127996466,1.9120044598411,-0.855416570301436,0.972642026608659,0.353020007861302,0.316498393329557,1.12408924312292,0.023513584279043,-1.20253133405867,-0.844997433053661
-1.82734734418,-2.70668170969628,1.33181900925489,-0.303875747647086,0.996815280925386,-0.483137550628202,-0.807294079154357,0.866909612940792,0.642099679575369,-1.74356288878606
1.6535086293684,-0.0403720637396326,0.495677252344391,-0.582840605026901,0.839741983875886,1.3419468894012,-1.09328916063789,0.252503221066176,-0.660703211059314,-2.65253055837825
-0.162757931557789,0.0360215109830583,-1.75370729135308,-1.53774620825952,-0.735756932826648,0.0132519277360669,0.775135609139882,-0.711786173445087,0.50015614526719,-0.720588847644695
-0.435364621167197,0.709526837386258,-0.429425682786007,-0.365752720909495,-1.08177783314128,-1.43548829553766,1.11894938724497,-0.531923112662835,-1.90614170617372,0.271913248611466
-1.06658938790796,-0.101706669806723,-0.198141667628856,0.2238967812488,1.83601552332231,-1.07170931601497,-0.0610913871666662,0.465723663774377,1.14529059580038,0.733475730538132
1.00853573630993,-0.479960817790025,1.73901552585199,0.410569528999782,0.421553365123523,1.17018590983885,1.13684895436383,1.20675597585135,-1.63496771901903,1.1917755957118
-0.178042470148236,-1.01234575334433,-0.0960735164899398,-0.169164425674826,-0.171775474321934,0.142062298532085,-2.47219255916855,-0.272402016471379,-0.855475731028634,-0.827804183903215
-1.311580006813,0.486587470856504,0.180006911814107,0.239883191437706,0.552363960255013,0.159235275851932,0.87521007587591,0.539716396188133,1.04442067905342,2.08939753949018
0.734656063780267,-1.32491387496735,-1.29206126296707,0.805385548123409,0.0685738933884613,3.05176011913952,-0.746394985945751,-0.840657321455006,-0.772703667276909,-0.856060946189777
-0.200448291587212,0.0844906308626403,-0.568272705323028,-0.783392575245003,0.0481865986905806,-1.26638837067091,-1.51402288037014,1.01581992867418,-0.651594316186205,-0.250499829113572
-1.67927895166855,-0.836874038171291,1.49318708166631,2.12281995666651,-0.69344385196568,-0.104123863386579,-0.360748443818585,-0.0369874038349189,0.408952228796764,-0.0553994049089489
1.47843301248484,-0.912570944513716,-1.65355954647564,-2.60119004460591,-0.108606467792416,-0.494273338783125,-0.173473748714843,-0.336891510188132,-2.06928558244436,0.741754573420627
0.11218401191062,-0.979548052915729,1.60602897160983,0.0727707952921722,-0.784954221169299,-2.8792114299103,0.112753063742979,0.829010537691591,-0.692421414205258,-0.237812668861229
1.07130923486914,-0.354039166866871,-1.40071340722196,-1.31012327212393,0.203775460426955,0.424426721499343,0.268564889990561,0.915443616729264,0.379698198809791,1.60859164120997
-2.37574881509943,0.472498746311534,0.143319112651354,1.30578880366921,-1.28449411753801,0.950324728565217,0.619864756582088,0.66050672389982,0.508446394397122,2.09499109109625
-1.71386091865164,-0.0824733101333615,-1.41293672418376,0.961564991352694,0.494494865217815,-0.90193990324485,1.5436367390939,1.54051722853258,-0.0882487628225733,-0.107508502205678
-0.818513576707557,0.0282107419593863,-0.520523809930221,-1.15832700077664,0.186900717801879,0.842905697890573,-1.32717381118375,-0.84579805347964,0.0519225735571036,-0.22964925311894
1.01762550066249,-0.181445076438277,0.412980413904093,0.200026864700246,0.658726742934894,0.69694640511215,-0.156033407775128,0.00176848610728715,-1.72700049552472,-1.21667197014883
0.444874615241591,-0.161559942825333,0.693161438796983,-1.43572801965524,-1.45090155204441,-0.577540469977001,-0.83058957925507,0.0060607273652635,-2.47172320901812,0.165787497806902
0.289737898599871,1.20300233125348,-0.0562407909135121,0.343878008638814,0.0812691793444516,-0.221472652551526,0.617546114683245,1.08840753969184,0.628421330727235,0.178886876210531
-1.05808509630715,0.652513976649277,-0.315486149888726,0.24381034310449,1.49681940456177,-0.289612195429108,-0.106887151966703,1.01539729492276,0.168296644407755,-0.475670843412709
0.583914968566467,1.48987827959584,0.0457854545036021,1.19896799467157,-0.764464089170478,-0.00623497761831905,0.698491948381014,-0.249732577119534,-0.248643929718311,0.212130287947055
-1.26260875126501,-0.489236644855584,0.12166504067104,1.77540124744222,0.375318601480118,0.073081841217172,1.40566404839212,0.263852854061329,0.602807537137811,0.256363446026087
-0.803159221809982,1.91242182438117,-0.640446886627482,1.29150342601608,-0.410313526137033,-0.169374688449798,1.2513281428594,1.2597827783136,0.24445401575756,-0.818342912713473
-0.822538401727239,0.875848571556284,0.44798254099285,0.307962495263857,-1.19065322574449,-0.790854154731633,1.52262071495682,1.85385329098555,-0.142733552809386,0.0628395260073503
-0.270049179453884,0.0989587881262225,0.366617556617635,-0.146665239725752,0.82538784524315,-0.847323557850063,-0.180450375147575,-0.572290979513365,-1.52892434749093,-1.16436414742197
-1.90493175289683,0.48556154721276,-0.675135987766073,0.348000330340677,1.45100485018801,-0.0415704208452665,-0.273804618711536,-0.316071285251658,0.0807945150100564,0.3033322181822
-1.2164769219125,0.555626539277573,0.0480981135377018,0.198665116184497,0.707528562101952,0.420513312959563,0.322928127083489,-0.636533820717953,0.572007685097013,-1.33313047756596
0.0806187756336415,0.0879296805776503,-1.01897507367732,0.711220362812419,1.28972188434745,0.477830217350096,-0.918768879955798,-1.35844727348983,-0.641946183105707,-0.619554280762473
0.402234279762287,-1.61189157983456,0.340887858805459,0.855974812205327,-1.97833335946118,0.131987717930228,-0.0538742947617254,1.13410380078785,-0.138445057879244,-0.585623402056759
-0.017846132192144,-0.267552691166067,0.611405815255086,-0.600881635302209,2.53782333071846,2.23338269447105,-0.385403169013564,-1.07450749201963,-0.396580440711618,-0.259384404441454
0.0119092447749201,0.238698053213471,1.19789070170079,-0.552450679083746,-0.646014427321531,0.308092872220965,0.251173543994491,0.259066718410749,1.23118032020853,0.316158118406273
0.563074036101729,-0.418070718992486,-0.123055834595847,-1.29420017954264,-0.512706368750304,-0.0103989237017712,-0.804515526784089,1.59414293802124,0.60453674803475,-0.891627694065467
1.63933774145073,1.45368395727457,-0.311420091063933,-1.08096155481246,-1.50924179444634,-0.310727066962927,-1.40503929675529,-2.33568728538189,-0.843122531445132,-0.97881531269931
-0.298960711572006,-0.808638884759051,-0.982239410990828,0.566114484209702,-0.42488837092172,-1.29520713875118,0.542750276014483,0.754508922244899,1.48375233646508,1.23187834376386
-1.71909085799258,0.151342167534777,1.97526354452623,0.312065323530768,0.069147660663739,-0.346528086607568,0.633663196134833,-0.0204552489339932,-0.0158556659098312,-1.27598404521864
-1.45146055606953,0.0316223817635226,-1.16359154254456,1.51580916814889,-0.537616037266489,0.0456950880382929,0.054249185136015,-0.472941755572385,1.78807007829897,0.581229883326984
1.04817236618677,-2.36082573322542,1.74740272642331,0.0685170514454516,-2.44305304106907,0.498862284047912,0.778350086262087,0.514702257118767,0.37230770859443,0.150711390567678
-1.32746291893044,0.835727443327742,-0.386207115145425,0.992678377950039,1.14389313917685,-0.729411688629474,-0.448782591033404,0.512610201184575,-0.945866546810907,1.95868446986317
-1.56618475242319,0.0641608265604385,0.14495102946149,0.85074708937464,-0.529017390731156,-0.915779611685172,1.36817713325875,1.46518995197177,1.03585506902274,1.22698324780583
1.649620102934,0.800508896637418,0.554607464848546,0.636551529937545,0.179698612130611,-1.48934468604123,-1.26069925178279,-0.195932191612444,-0.281996662070684,-2.33988080544258
0.24728807957448,-2.13543923271654,0.321711319375755,-1.16972325955443,-0.138456267003509,-1.5439692672269,-0.336711848971198,2.30560960740566,0.605751017128738,2.08083645574286
-1.06582763145364,-0.0956609847889563,0.751850975157987,0.64264200771938,0.763424259726591,-0.520358329060766,0.858334939639614,-1.49671283532481,1.27626337507917,0.398500567854518
-0.71886734247296,0.845260327182021,0.805720734877383,1.58084589922313,-1.57842510900948,0.782788965631803,0.459466314183033,1.60450485555417,-0.507357852536812,-2.55923981153006
-1.32326489300355,0.254305280463033,-1.49086736430244,0.866591611038487,0.886809558174822,-2.53644517853959,-0.49848540492495,-0.105714069482549,0.676511374462493,-0.51599294248774
-0.85671263909254,-1.75666234922529,-0.615158521114541,-0.228784704656461,0.311690294382078,2.11005318267526,0.100874349872119,0.130842204906449,0.0307562739619032,-0.802085126582876
-0.0858416482820873,0.069060479928642,0.478923289634376,-0.905752158908527,-1.95303604289527,0.312465896326135,-0.73066123200376,-0.256426858409689,1.121055698659,-0.35535178040567
0.363599953306345,0.811083998272128,-0.783937118482606,1.10057289036459,-1.77391727346771,2.19163105893707,-0.541767159176137,0.369722195549526,-1.07417395757329,0.829189208014096
1.10434766740447,0.0132198294028101,-0.458973992592604,-2.09305987149504,0.967008361230892,0.898541470618818,-0.616221033796144,0.215253980089104,0.337201155241641,-0.949888510752071
-0.257358332316873,0.420895392875814,0.9867715765111,0.471189808886163,0.345206559562239,-0.0634019596675175,1.78800021145791,-2.75978614344807,0.937434776255961,0.610782444962978
-0.991669441279592,0.0761795259307131,-0.340018534510992,1.17228184760993,-0.21636337384584,0.120850585613562,0.719086214154828,0.688392138443908,0.779941814477469,1.75070304221553
-1.74803141496577,-0.316264469592519,0.165280679498556,0.739308418810765,0.377700688807605,0.110033598186235,-0.473607760509888,-0.751368052705403,-1.43811953024466,0.123196471162453
-0.485251229573726,-0.148280365328118,-1.9812395680878,0.53059581982181,-0.611637284788939,-2.06154015160049,1.19392792097612,0.0572739948865538,0.0624784075794157,-0.760795695154994
0.929724862606414,0.208261207335481,0.312351156922043,0.0832699229392376,-0.946136571457105,0.571056106580049,-1.2528346834527,-0.416749304588161,0.745417521949609,1.15225600371223
-0.365484582475034,1.28312706006135,-0.139534889058206,1.12086480385831,2.13755351773139,0.981016554934836,0.839614169313569,0.177435032332057,0.489160156292967,1.48867475310253
0.383732561368229,-0.00719356995023807,-0.109898660395185,0.198884196474151,-1.91869900351469,-1.33383913391407,0.369647669782715,0.767188350638719,1.43321403671506,0.863194321296198
-0.792322675077878,0.884690503497421,-0.105751987585662,1.08794297432789,-0.0598412345236178,-0.541083088027227,1.86624045215737,-1.25847778322119,-0.638791224066031,0.129086386385401
0.718170580707935,-0.102982718408282,-0.424256107830414,0.364094848225799,0.819843648823726,1.62779999513848,-0.426934397720942,0.636351578092811,-0.286671768160011,1.6479958364791
-2.09186867223929,-0.0361663345417363,-0.565826784869806,-1.77985148536766,0.109904508546191,0.422477637513555,0.895054498623745,0.210879016101039,0.0683762163196173,1.2476305558865
2.7923954918889,-0.32357984927441,-1.60089363563017,0.0144460997016614,1.32461010862875,-0.796439143078981,0.113281451216124,-0.375292857056108,-0.162929124531798,-0.873516175498105
0.440616670736071,-0.675341461122545,-0.644111849139141,-0.486712807251358,-0.515308899296839,-0.614258665934103,-1.08044748545641,1.38285893533472,-0.187246474454671,-0.199744235132052
0.635348171719521,-2.0123577668106,1.47315716372831,-0.449960834388426,-1.55630240090564,0.818708585944173,-0.331468590827928,-1.13409684642811,-0.656385863616165,-0.162964430787007
0.0164510013643309,-0.298318911415981,0.382033874679951,-2.05260129474976,-1.46113108580284,0.502734209928478,-0.869683516840093,0.00958162623598352,-0.63626544250655,2.05015698037375
0.155664484112691,-0.953654473535132,-1.96640974970103,2.04276877924168,1.76935401455241,0.563508758620955,1.01264292501032,-0.440759809560729,2.23258637035327,1.80293794195428
-0.209635451576634,-0.334656956422379,-0.036604192837861,0.659365712910089,-0.219910877101781,-1.01573326671243,0.690037498791909,0.290879978808908,0.36296467592746,0.926501327426838
-1.30030082514545,0.614815102855604,-0.840383297782722,-0.256471851987153,0.726531294574085,1.27845952115691,0.996614607947057,0.985637977098241,1.79435526233559,-1.39236683615967
0.428237062640058,0.798460748994758,1.57138969859098,0.94641035229677,0.229206854512018,-0.0333894358964741,0.13453112591624,0.731574525068946,-0.426383640947356,-0.320628251757005
0.601946230425591,1.15212453357141,0.112752587721116,0.140422810152812,0.852091634048163,0.254392250170249,-0.0485740681688765,-0.17126512535687,-2.67179034203661,0.652301325821144
-0.340284531142324,-0.89015999490925,1.38694675109028,-0.549303379531527,0.516078590683595,0.18327304961811,-2.05809690801267,-1.03500159563604,0.915301622317691,0.178864476551494
0.531502494630487,-1.00947682373235,-0.813306780583599,-0.476537267062612,1.06013128409106,1.50822813979789,-0.516910067605473,1.51391307524351,-0.336021893540288,2.67323501787712
-1.01310998769252,0.784810790069703,-0.817738396259507,-0.0437455944647773,-1.73563042209222,0.509325780142709,1.13465956284155,0.883934560244139,1.28584969157824,-0.252243550468347
-1.28909909476628,0.914916397485024,-1.89985844519868,-1.27138007840815,0.373444024228555,-0.269047990603651,0.479888295156401,-0.0661632344403532,-0.175164384622138,0.713642803713387
-2.08196519201815,-0.106720352611471,0.0140468627141684,-0.860664538407877,1.36753281555113,0.349418409054564,-0.511434006570235,0.156387453922634,1.98411591747377,1.55058618012517
0.0418167499000068,0.799139527409453,0.807631776633419,-0.473064264502379,-0.4859923881469,1.59055424617185,-0.443732126399443,-0.878954379029411,-1.08238411954161,-0.36121938242691
-1.53639879074658,-0.88357851423406,-1.40376079955084,-0.789392445033984,-0.60874442087524,-0.293589751997621,-0.346167932721963,-0.219700816766063,-0.551214486823697,1.55240200014987
1.36422023009712,0.454527675097966,-1.63059474732055,-0.356849736848325,-2.3803523548494,0.491893259220223,0.801240557688721,0.341423754531756,-0.834595304988489,-1.29289664918285
-0.369152589218354,0.20278422437437,-0.45846955664978,0.132974898711671,-2.40080059917207,-0.82128761098428,1.02796497474525,-0.00287537521044502,2.16570199853005,-0.298950650351296
-2.42333307254927,-0.795650937526337,0.262040014755902,0.448850055242256,1.05254724772048,1.92651892742868,0.038566346608776,-0.437521174803973,-0.831534051531235,1.31723835525513
-0.402470537699032,1.25249335289399,0.923875160909267,-0.257510189581962,1.08473234041284,2.43691140254989,0.536073602617266,0.185307358505865,0.248073288291778,0.456182710497796
0.93358993669528,0.134673374816255,-1.01267840978163,0.239297287924469,0.661583861385539,0.0688301990621168,-0.924165699012472,-0.00620972444272468,0.408650597857732,-0.203573303947705
-0.517308927234809,-0.927421800029089,0.348754446385306,-0.111619657037882,1.02822450156671,0.428498085590381,0.407973746851221,-0.586595835024703,0.274370327140102,-0.743640004473816
1.48255557437451,-1.805519412008,0.412462719113898,-0.986317830265241,-0.414573566649696,-0.349977200576598,1.79266505655107,0.57451138598035,-1.61055189008865,-0.0859836426344299
-0.781708047771716,1.18525508963578,0.125640787819923,-0.479680338333187,0.600402711284774,-1.37370890343669,0.0600432372302073,-1.29643445026368,0.162967452746854,1.05918585559945
0.380602790794776,-0.362242702529105,-1.45334792428238,0.921503424666607,-0.533606596054022,0.229479805688062,-0.999815722952385,2.30611754631256,0.480560888165498,-0.397326526915242
0.485232427679218,-0.912807478684332,-0.373554561170658,0.256618648337632,0.970827553677761,-1.17914867307064,-1.02952777682004,0.197398692617866,-0.711379208071579,0.414196348574172
1.43729428361472,-0.928399305514513,0.371825114668775,1.24237331394764,0.512320080984754,-1.14050289977048,-0.19463887097628,0.215823626564396,-1.3001259088559,-0.996538315334635
0.750041984907385,0.516574402910204,-1.973403272331,-2.40626287607814,-1.28026146811656,-0.351912831295914,-0.629987791999165,0.862259956452155,0.427574754636317,0.0516128866790575
-1.10484910663754,-0.0552708676771848,1.84757578550891,0.413532476377515,-1.22948844888158,1.29917970866316,1.06788852033584,-2.37759467298025,0.470567197027399,-1.30788386010517
-0.118552408870384,-0.0319796382561257,0.422987319776968,-1.83555207317948,-2.28708709487299,-0.384073715236954,-0.70470116000714,-0.846999762830054,-0.828058116029154,-0.378251666275068
-0.788467008444884,-1.61161883788972,-1.71423058590631,-1.00963945250099,0.512938636199886,0.117418448679518,1.54264428347667,-1.43802212828216,-0.574693579993048,0.0590453008644458
1.53171062041248,0.891579968893802,-0.176492473588625,-1.79760672167416,-0.0609792490374903,0.337702308956432,-2.65998918356629,-0.638640259090603,-1.13409514623824,-1.28986821201481
2.51495745815113,-1.71662369956939,0.119659483190371,0.12584105603702,-0.387100412399281,-0.143268820538926,-2.15355609038719,2.39394633785315,-0.372485630732513,-1.18322257515728
0.251001801639878,-0.395767512324106,0.814393915512236,0.232288835398283,0.444457141438846,1.73797100283861,-0.325644445768685,1.32049128081155,0.382796766275459,0.180994644578658
-1.00233359363903,2.05085721460137,-1.15293817179866,0.29584000588278,0.58738828906514,0.467798725582971,-0.284071704811742,-1.08715909993234,-0.907873029197107,-0.568447785159247
0.262430449721078,0.625778581627094,0.0484366144546957,-1.53903457620918,-2.13592638883318,0.00811263456208235,0.503408186373614,-1.6006062717923,-1.25445082492871,-0.549179331484638
0.0642664499162239,-0.0325073543313275,-1.02290358787745,0.15614405166694,1.09010003146178,-1.12563766609926,0.507971085563202,-1.73122997734251,0.612910030201202,-1.96968204995841
-0.203066514645211,-1.08673765220684,0.645936011767359,0.793255077509241,0.340877800833763,1.53872229125399,1.15437197528857,-2.12263085112968,-1.01542036186623,1.06032760663066
0.0865776994815911,1.20644668570482,0.363354434403775,0.313936155522999,0.690902561395127,0.620208843463097,0.34250783960411,-0.861881209228789,-0.394931768526059,-1.4156883031102
0.556040610111167,0.0471921038834535,0.214862189654231,-0.128896790412643,2.98166062644678,0.471550621200621,0.638941892937757,0.979064699700585,-0.090085961751601,0.514111792265221
-0.70617649823469,-0.29093175900056,-1.023917243279,-0.882490257878339,0.457043939520867,-0.334929774317027,-0.0308695908465329,-0.428559078065626,-0.594167315638074,0.393723755138918
2.4949274949393,-1.57385146634974,1.16627402124734,-0.465718213395025,-0.356551828218015,2.35945802051753,-0.0472701918189214,-1.32859352655517,-1.31574914868797,-1.21400043316201
0.899138398223262,0.833124372367127,0.17615237223783,0.974979605370163,-0.872649745364918,0.843621549964654,-1.07487941082757,-0.144105139190602,-0.144528767878333,-0.0361022183759392
1.31318533423683,-1.67772475409042,-1.69345525368728,-1.24316470170748,2.08402739418145,0.1891446465471,-0.281841832741787,0.104792221113336,0.669909129400049,-1.43817107040615
-2.37917119782864,-0.29389015181342,0.740704880220033,2.1344362028882,1.18288970755531,0.97079513796805,0.952388137339493,0.888925545301836,0.473899253947008,1.123333295732
-2.10297902972628,1.5914719044154,-0.768120174174738,0.367241138718422,-0.800864213888353,-1.76895496211084,0.250050149981881,-1.39432029834398,0.566713841832195,-0.822765678604761
0.333593624487294,-1.13170584696309,-0.427403263049265,-1.23485181114906,0.703579623062205,1.43135238391485,-0.0915547666035842,1.42620039261543,-0.950401357170533,-0.79721117506267
1.4933068747881,-0.55565609491372,0.0582063861225616,-1.73374175381399,-0.153826454107768,0.201813154088521,0.534078874823794,-0.5857245855916,0.995281766777004,-0.940391281614048
-0.390482178398541,-1.4874708977444,0.250578257635597,-1.87743471950801,1.20864018061888,-0.956572901362552,-0.365624749262031,2.19582622807151,-0.115638836063332,-0.280637787125649
0.855231289078368,-0.356878162888509,0.0554107739341555,0.0866609853307154,0.390389985927647,1.19810619728277,-0.26344840211876,1.74333196409243,0.520970596445324,0.0120234448147081
-0.473352061410443,0.853444564526563,-0.940585348029157,-0.141257265385524,-0.711441111056818,-0.665127222744272,-1.59820777438935,-1.30216102195948,-0.0270463897888313,0.501789787907895
-0.328843273251477,-0.951927476256324,0.451778248246904,0.629769196025528,0.340378535035819,-1.55878734237848,-0.507095831038334,0.0198065778168568,0.182205744968926,-1.86503501921974
-0.38531361997042,0.494174848001089,0.306178290275792,0.452778804432984,-1.00590998372832,-0.409014213171999,-0.243382066229842,0.116935039210837,0.342181337384479,-0.144165454228296
-1.88364185175321,1.40642290742008,-1.31700158872186,0.651462152509821,1.64800353291036,1.89425130886827,-0.6059922889475,2.4672936313526,0.245391994024168,-0.269978096373974
0.708054563347357,-1.41193387648364,0.835055760122849,-1.46706654520906,-1.02936332904336,1.11128104921712,0.769162181337675,-0.145679137271388,-0.0177852294124273,0.554639270012475
0.653184086234454,0.92955796388703,-0.11231140247988,-0.153144664715931,0.162246285966134,-0.309385679722173,-0.277459959765081,-0.184487015840813,-0.625590685101246,-0.357883811923138
0.387102990071845,0.152873256393465,-0.959086978867669,-0.0616298745120272,0.319240552450485,-0.956905975547441,-1.79233587548514,0.101540348380543,0.374035500931446,0.850202274669233
-0.776426059700437,-0.239852223793154,0.442687495926811,2.61501297515534,-0.913890440386947,-0.83341690068611,-1.17945027176461,0.61630495613899,-0.644734705790309,-1.20274529695349
-0.633344152079048,-0.486139223192973,0.338264852786699,-0.301639487980412,-0.710586161422466,0.23168515298777,-1.41397233818977,-0.392858800138147,-0.222438834966756,-0.289860924612822
1.1988482940732,2.31910670077048,-1.15690127001358,0.617085395502251,0.71655864477832,0.203247795883839,-0.892389554003675,0.228332933317946,-0.292754328238535,0.242307723916417
-1.72050410613585,0.369119074613772,0.5658879347719,-1.25154965108544,-0.962338821724075,0.622212567253944,1.59977888457734,1.28008377867125,0.0368832707864437,1.7394778295516
-0.395122935402815,0.721766642757186,-0.131464460380873,0.619936891309104,-1.34708466590215,-0.733941986583673,0.914283136957486,-0.558214396070632,-0.817076044529495,1.25458430341881
1.50493685493631,-0.775521300256898,1.31869474092669,-0.0197213066979142,-0.288932475292403,-0.114348272664649,-1.68512160232164,-0.0748401589368138,-1.03219112690586,1.89886753010341
0.952375123373788,0.19813000918118,-0.640101648972869,-0.784117709046855,1.10062343016957,0.455618282606985,0.31337898166288,0.653813153288809,-0.342190657384924,-0.49292727260304
0.698294979353266,0.17928548571402,-0.193829335389112,-0.436115856192012,1.27420735212587,-0.686169595202087,-0.536717611306987,-0.75298962446882,0.880566729875932,-0.470645731532278
1.06981545720942,-1.16252498058077,1.26560257670672,0.53862320269367,-0.753844456476965,0.585730698117745,0.451519827050181,-0.520697780150225,-1.93890246946596,0.0344681154264107
-0.951378486519567,-1.41260495566864,-0.449716967991907,0.318798733968181,0.896627929683719,0.00635224605656918,1.76209285042208,1.52975684057128,0.273542438103158,-0.344449211607168
0.521061944955209,0.120201221845188,1.46479031148988,1.01581152123379,2.35935739022348,-0.336186393985539,1.21650483683114,-0.298322129980894,0.726677082436289,0.339565163984302
0.744114099305341,1.57405877528076,-0.325931810842029,0.460794836594784,-1.95025260150872,-1.37810673007466,0.418014704259449,-0.00883413821868271,-0.698657306744426,0.0789150443782514
0.514537544404632,0.0890718289621096,0.622024687067141,0.114501408126611,-1.92244168313742,-1.49754165792509,-0.737640579653521,1.61399462804342,0.291505998584489,-1.10872416682272
1.35280524823701,-1.27367894352792,2.16581132951076,0.0516788890743021,-0.101297473860359,-0.201090192639607,-1.29895398271279,1.55787232487934,-1.53767006163562,0.947527783715686
0.0799053331718624,-0.204027618566509,2.9082442932192,-0.4395065315645,-0.65034257527696,0.482268890874337,-0.44823099213863,-0.807658900395818,0.844698025851301,-0.8532416944343
0.35315751692557,0.558073545483022,-0.0482197383077797,0.183215847851364,-0.520788542669017,1.69566784033175,-0.510885972688241,-1.16040913219519,-0.483175814524585,1.15932924443215
0.899724572789475,-0.326788404387026,0.102289180084555,1.24352937195298,-0.442301422369727,0.402230356972432,0.527071219121194,0.595411553733566,-2.38354318317215,2.11311138997684
0.836980552139536,-1.02179000930551,1.36184900406939,-0.797072263251871,-1.26337968026609,0.656359828839823,0.54433043090331,0.882888069456292,0.218985397955726,0.0155991196045028
0.634042445075123,0.698580487388086,1.07674233442613,0.487409585666884,0.103787653723928,-0.0407666362014231,-1.14674526583893,-0.550793608730594,0.921122917638911,1.9112462539515
0.574348962041616,-0.0347742486670649,1.36080325445643,0.31600193323644,0.245458677637794,0.199929873700794,0.0390899643805499,-1.68146492697649,0.200268629247127,0.42225638522133
-0.542462742148774,-2.00262851860947,0.711642988387615,-1.72791813445593,-0.387829773743366,0.0508506360558558,-0.619285186278403,2.01419615659168,0.0901191279025847,-0.743651217492775
0.612442470198379,-0.196033661040747,-0.865184954900515,-1.9966039952675,0.118509962940491,-2.06268685415164,-0.46589361938576,-1.09390459534673,0.415602778039968,0.358922051079229
0.44182931984405,1.1066364778657,-0.702683229267472,-0.141991585710688,-0.698706673127093,0.131962521805225,0.616870550231594,-2.39862959984601,0.841409895734591,-0.0546982086960388
-1.82515013754749,-0.165862830275789,-0.00810777200116152,1.41858767134266,-0.0805578512212014,1.27870012721288,1.34204193606768,-0.409169835248873,1.14262880882893,-0.0150565111979671
0.160051572416038,0.580991979206918,0.163710808137537,-1.71141675849784,-1.69870136881631,0.0867559151523622,0.757178986269604,1.40526805176876,-0.38628494987235,0.214255208075387
0.833795980497755,-1.09260888129811,-0.145832952721233,-0.113165968864133,0.33428344993721,-0.261136406485639,-0.293962199593862,1.07126462783447,-1.07340420097216,-0.0833555938618981
0.0886850184722189,-1.7867034678886,0.516435238036679,-1.50347699574596,-0.0983838996598884,-0.0122574142899112,-1.24231535116659,0.878890127791631,-1.0443383326584,-1.05156406600977
-0.161158129781114,0.486797436462217,-1.10374357703994,0.0444470524097808,-0.441102513917039,0.598451179538876,-0.701282185320643,1.28631203681527,-1.42657649511395,0.474114587236353
-0.614799216087226,-0.951455842572254,1.21323028320747,0.367553642944244,-0.229657462505168,0.0752760066895522,-0.872627404488192,0.409762385583888,1.62039543082529,0.116076187439629
-0.6995628654684,0.3556972236067,0.666516425771053,-0.120177998789755,-2.13329127165886,0.937587488936875,-1.40716168583032,0.302431597718639,0.835826395791678,-0.389867283338449
0.446987381200376,-0.239507041339512,0.245440889919454,-0.840817320844985,1.00208823781636,1.37752908913644,-0.889690889320156,-0.706875806040486,0.794941689852609,1.42948297131488
-0.29382679244384,-0.655136765354167,1.38366472044984,-0.824556237690693,0.545354153440889,-0.390802967701921,1.39838893531635,1.77474777362568,1.26739088976806,2.61092044397578
-1.36666310147517,0.438296463051391,-0.851931436318318,-0.282902507652322,1.11567004247944,0.15748441465812,-0.0282729597338547,0.220618885569939,1.73045836110331,-0.234153867026572
0.312358087959179,0.398444181781115,0.529653489043303,-0.160586055797066,-2.55204689039992,0.130932565323217,-0.583902780128437,0.380111286850608,0.0328470950863129,0.941560442302004
-1.66276038733354,1.10690942895899,0.917758763797301,0.942398237886491,-0.112862104286395,-0.0958096230527876,-0.897701921607607,0.886168948066482,1.98283022151545,0.304512957638268
0.388616586159868,-0.208496448875283,0.897283742008307,-0.0845599338947833,0.714781270653191,0.575397779666247,0.0954373644379304,0.0843743706494226,0.888696407840286,0.278243474869978
0.0332252990743676,-0.574769945097364,-0.0468189564663825,1.15620547401696,1.15809076937437,-1.47060070771867,0.303339576724521,-0.860339283297182,-0.824254522670179,1.86374322048912
0.0302980018288998,0.904452669274172,1.27887923651058,0.449411055030466,0.0328236374531214,0.47547224238511,0.192347709732335,1.66523519349669,1.54851398505454,-0.750166265274729
0.449641456928805,-0.52847054679773,-0.133045686651159,-0.266082985617591,-1.55222306485677,-1.1855753720706,1.0616542479335,-1.02254170534847,0.905961247472809,1.19726478098415
0.650523977871196,-1.01340148689551,0.192193269823927,-0.423038477082014,-0.017530888019657,-0.31170953476444,-0.27339855574888,0.379622659266637,-1.50804660572288,1.19597031731147
2.34959969677615,-0.224546010434973,1.14522684421891,2.33007489265334,-0.0180110599082542,0.220336313195653,-0.1981858911884,0.477437546917362,-1.82301723449056,1.08108885046555
2.0589197108319,-0.778155778936176,0.74472888874326,2.12467955405433,-1.86074721139286,-2.23475956235404,1.63497066182605,-0.0667966898539292,0.491096364864085,-0.886865733948721
0.117395540686084,1.80109304451085,-0.0207760915852336,0.691626979365753,0.826044537953307,-1.07583849543946,-0.663718578642332,-0.19122802247781,-0.769430981870743,-0.491501749406126
0.973773365211966,0.0921734031737574,-1.44523854765142,1.17516682988215,0.721781658758435,-0.770701320846015,-0.951228375140044,-1.304692877551,-1.28153648231069,0.686962680460555
0.167613177545773,0.271121850019345,-1.3946737934789,1.14995067222196,0.927577522365918,-0.80393722762924,-0.32049609013891,-0.00522492433770891,-0.256255531804041,0.605691508110937
-0.877037091133975,0.349215340289444,-0.195678382468909,0.777652760139897,0.00127826432421697,-0.154936548387053,0.448421402305984,1.4350951813695,1.32338416623775,0.609328555538995
-1.14349962113677,-0.433481567605932,-0.603822109925811,0.469260346334137,-0.15440732700369,0.813073449844532,2.3522118011813,1.16981219644721,1.73994973716527,-1.81239594524486
0.324889062578758,0.326674968093216,-0.366182458487484,0.700636884102489,-0.912475882823217,-0.105546759788299,-0.351518974523296,-1.06283983456804,-0.102807439799506,0.266106650673159
1.36889971008905,1.0709352115656,0.922611399537213,0.883051043531362,0.31276773129508,0.619313838496503,-0.767246001089784,-0.686068788490534,1.4978950669394,2.21876539785524
0.426885307594356,1.52923176519305,0.637555599744377,-0.248502440385488,-0.986216941371936,-0.853809617210737,1.54922550937356,0.915531096971237,-1.05019728430974,0.237134766483835
1.25905445987907,0.0282778066659911,-3.2287390464464,-0.395412094412956,-1.00541522353617,0.344688428087347,-1.07827751289482,0.547182785475093,-1.19094703459998,-1.02958758108761
-1.61310586988179,0.610690956064918,-0.70496600599862,-1.02375111034079,-0.136663707334209,1.62699310266349,-0.577410644155397,-0.426522029001278,-0.760960994614619,0.981744446343867
-0.770827833266135,1.87402061994574,-0.646634548278525,-0.199325061549142,0.0878229095206481,0.971030852745026,0.507292885620813,-0.459928466195262,-0.135558388017196,0.891528153087133
3.13869114701144,-1.10113029077143,0.561216472266343,-1.12066301877737,-0.823460327074025,-1.21360567021679,0.17888031820915,1.13486420709245,-0.401149868751045,-1.1279757747736
-0.12988800586994,-1.58105488825041,0.223089960030824,0.479973461019185,1.01965862340165,0.499734760137697,-0.937027759028296,-0.0205845473744815,-0.847128194977543,0.0123772927851822
1.34151352219309,-0.00332878116123723,-0.771735682808419,-0.637291195771195,-1.97481929113467,1.43662691656547,0.260756357477984,1.16333315679039,-0.732311352472937,0.689387151217823
-0.191503232735536,-0.0363606418416245,0.120726984918151,1.35970823972487,-0.735915200436015,1.97676982121822,1.06257750177768,0.550128162385538,2.91815178325366,-0.122811914067425
1.09697260568163,-2.13741444915733,0.48386017048076,0.385730788983406,1.15869534143949,0.913002853079474,0.384515377299951,1.28195862832524,-0.494523718107127,0.96138087902008
-0.759797789316562,-0.290189929595763,0.831676898505223,-1.50346593238643,-0.296424914561122,-3.15103766618097,-0.184310232562995,-0.535941022976264,1.26398230552132,-0.384975165439387
-0.362890940221153,1.11649287940818,-1.99859516422533,-0.824007245119108,1.59773547837716,1.21764727250088,-0.520936360667952,-0.744973668086209,0.552135322157233,-0.116977393835959
-1.44670507755174,0.0495362807467993,-0.231359749315946,-1.09720139130752,-0.233789135373836,-0.971320576529355,1.09915198702944,-1.08044259765382,1.06416485828992,0.303361823047339
2.3143343122723,-0.101425528156504,0.892770688412012,-0.826229266207652,-0.173078868535845,-1.60810652884866,-2.16404275212992,1.96538448445043,-1.02334222355604,0.0186255609452484
2.36478585340225,-2.30488096582266,0.631066193248593,0.68978597505028,-1.93363662823629,0.427094164173947,-3.18115234055256,-0.153144095238807,-1.1791374398102,-0.730729500067806
0.382306257430447,2.06883396301928,0.566550203227475,-1.10324970054748,-0.888522387428019,1.08317864382132,-1.5901607094098,0.857959573208188,-1.00760638250589,-1.38124699853151
0.778501931478647,-0.256042464040175,-1.35380839414534,-0.382644337737032,-0.625421034445648,-0.844488379185253,0.624042695061526,-0.610443242434681,-0.0667739797813418,0.819746444137689
-0.415498476641364,1.14219757809178,-0.582264612181251,-1.04141478675684,-0.105444475966133,0.95923654095093,1.90356380535174,-0.366859266647412,0.452233979724265,-0.837919394264329
0.139247759818172,0.408228985038378,-0.420716218726852,0.595493904900618,-0.345471373597693,0.367395110455966,1.86252254197557,-0.278472775732937,0.178541484801905,0.803172994636313
1.54782254681028,0.94953537553582,-0.63445668366497,-0.697789013027206,-0.0300420499647657,0.193860614562735,-1.08694089595921,0.454108431760597,-1.54301867905618,1.01227439210813
0.887858921626321,0.25305684202879,1.15050897010858,0.807726684867041,-0.455904299145315,0.456636200317392,-0.311134571109669,0.179401039835734,-0.0491528115827557,0.516338832266951
-0.913689434878386,0.976174449078631,0.286550835187311,0.927966391679842,-2.16443430445919,0.108975486483831,1.35105035911577,0.10275848890381,1.27666408590747,0.846289615066657
0.267488948842438,0.332889924938156,-0.996014059030841,-0.213658084502144,-1.58229633247642,-0.00557928712810828,2.55723084162026,-0.0314308737162599,1.39321841956862,-0.85058018712673
0.319497542875598,-0.572490526044976,-1.73204627137358,-0.905843617941684,-0.00598494430481196,-0.782821916773708,-1.17805464258006,-0.811620579835852,1.73043989486169,-0.412395694199552
0.359243480404501,0.160134215965395,-1.43044159542552,-0.88864381812924,-0.329354748382417,1.33315342255188,1.81614985590547,1.50859961001455,-0.429250303302538,0.938543124585929
1.3345976928648,-0.17754534244837,0.649652796652825,-0.235994958111589,0.615156686827002,0.292536828751334,0.231833252254145,0.641851433578147,0.424634403130886,0.298575529893417
-0.813783520730202,-1.26563408610197,1.98861195776004,-0.235850329152811,1.22929385334653,1.94083276752521,0.725569997095568,1.43019323632165,0.509929810253243,-1.31388345768355
-0.628038116850133,-0.602250185476112,2.54537192179053,2.06395629321992,-1.62924715042744,2.79368237784188,1.5838498445915,1.35557852176628,0.834106064912709,0.483837631231117
0.735054283140188,1.00245727419798,0.450242479722499,-1.3247753156588,-0.676012340122433,0.252220743071472,1.69164731899632,-1.32704319554286,-1.1680983254224,0.0589734085288633
-0.226373424193097,0.234774804390951,-0.0109361865794689,0.134988929990851,0.830719023610447,-0.479863611867516,-1.77193370691473,-0.0367287360442538,0.164447292166202,0.556012315676769
-0.563033294158033,-0.873895449065748,-0.0499037435246284,0.723405240324122,0.316230660955623,0.754562795430863,0.521149787466302,-1.60926923730547,-0.446633949629004,-0.68545069521061
-1.97404671243824,-0.22063882265936,0.281339293711118,0.0664126019608549,-1.43889484400926,0.404447538407847,0.0197241153997812,-1.36869968464578,-0.21335242496672,-0.0768195286743065
2.24821547748498,-1.92430304994696,1.77604436831286,-0.734809649316934,0.46110568763905,0.282193986020725,-0.725298246017635,-0.122619796513784,-2.22516829992979,0.258999924349171
0.178797009467995,-1.10056364516773,0.733569691096782,1.04527646178408,2.59250761770424,1.69075293168731,1.25239223493565,0.0177652591729624,0.30618010970249,-0.0458888684482438
-0.216514241068112,-0.885903921965948,-0.672696308527131,-0.393131206949391,0.0440874003892719,1.09020210902316,0.323699168039013,0.344387347822677,-1.08921436281369,-0.394099956121598
-0.393657449976244,0.338435887933847,0.185384788623626,-0.995404484683125,1.01366557942007,-0.969894188884084,-0.44529904203334,0.102732114193673,1.29326100924679,-0.389375830761787
-0.994813068415419,1.16995169094695,-2.01388956691117,0.494352538850923,0.397766102276569,-0.0935993686801232,0.782147802138147,0.373911733632975,2.24031039152352,-0.144500260615728
-1.90494172023818,-0.889646865389121,2.15808093779774,1.0139248653868,0.681690466260103,0.76455404010894,0.32307823841655,0.535445616875837,0.375515603426514,1.12071428016104
1.53381552437002,-0.169773127179061,-0.69109763715266,-2.16835830185945,1.5681059793921,0.536583194039346,-0.131239811779907,-0.195439052402148,-1.18533369585471,-0.375863601145405
0.336371222683281,0.968600750640253,-0.637199506922383,-0.993582694541866,0.559009740888825,0.14418865089391,1.07625744688131,-0.274099745797189,-1.4129688664536,0.0634586431334836
-0.705428084278489,-1.03695729769897,0.259302808469362,-1.63458771980345,1.16939341859316,-1.13682864140377,0.691836382276251,1.15194639363332,0.118450939750387,-0.95296563559183
0.000137430026239864,-0.514988791772914,-0.202345955527229,-1.35134325346416,-0.849830295457573,1.85936214479482,-1.71466786296895,-0.76352160656915,0.854245635751899,-1.48521310648214
0.0758800207026281,-0.103442114409619,-0.61022773850511,-0.881571767705033,1.19703243257664,0.46025107298501,-0.313824611637758,-0.246765829855408,1.56351643016612,0.216852691025986
-0.347677913225161,1.02543716114241,0.648198353721314,0.231288614579717,-0.0726630784363167,0.351913791104311,2.41202111359754,-0.0937860013075614,1.72775978333005,-0.47274796274008
-1.35250412296056,1.85012705776769,-0.544663063159918,-1.16060943674695,0.17022131102194,-0.716706149231977,1.91433786199838,-1.55143416053919,0.352472876094058,-0.496549741929272
0.204365128010009,0.586508850967763,0.167808129298459,0.669995726758115,1.08442377254435,-1.36368348597912,-0.077386508032101,-0.747005757467106,0.0716240902636739,0.900594701685126
-0.672404772100773,0.0390630749173392,-1.45859260714547,1.57930389233781,0.353945966950736,-0.194529886941736,0.527589618517935,0.442331597619918,2.24937069022937,1.03942441757005
0.621256585407542,-0.219118789206015,0.0696282726125017,-0.486608685960138,0.0647755323931005,0.846678820850356,-0.495959574682969,1.1672973486877,-0.264406110948877,0.431000241599493
-0.319200281765565,0.392826983432113,-2.84171964282058,-0.0741016730002277,0.218069405874661,-1.13879104301745,0.361556934748656,-0.449188971213149,0.878427950083013,-0.828242349120597
0.395933761483563,0.447514182836116,-1.90330080228486,-1.11797067642239,-0.580178560991339,-0.566909905464703,1.93634755854142,-1.10953488072172,0.338232571484416,0.595401713117216
0.377551536303382,0.346648703305617,-0.999802388879305,0.043922469236742,-0.332526350110682,0.449599019891278,-0.444927666042578,0.17935604794249,-1.52477567106442,0.315295536703278
0.530187731675505,-1.22716582356884,-0.0446213657092992,-1.20800673147458,-0.31157930298754,0.492425569049124,-0.479569307123586,2.01248860293451,-1.7862593286697,0.212969767083335
2.07767811960279,-1.14291657498141,-0.588537039233592,-1.496982224461,-0.0615607516033804,-0.0110118056176986,-0.67551352529414,0.340612670238726,-0.289275506041691,-1.20111366235324
0.567255890532676,-0.48428687231512,0.118276570792599,0.824611253113865,1.09225070854439,-1.00616919173063,-0.35509949778821,-1.16705308245228,-2.65140060166957,1.053591459067
-0.611091703994976,1.01888068195101,0.39645036447676,-1.01205388424967,0.831090322435833,2.51793843191881,0.788415578697538,0.632382221012419,0.258900769883627,-1.14183577439836
0.102744911916512,0.576943936255568,0.183555751868515,-0.139681822904049,-0.657343679273847,-0.0715716349526004,0.195165232254366,0.722856370330171,-0.738028653832753,0.872659874861905
1.14611623484937,-0.46300889359151,-0.0687489401491937,1.22894142568952,1.2774867690636,0.620304403586865,-0.0897183141448332,-1.64170326912564,-0.481964765080692,-1.72782701429489
-2.37374298069055,-0.0061723328201151,1.17778395693042,0.935828542872631,-0.373143978375507,-0.200176494490177,0.468422053432492,-0.259123519332093,0.408000305189463,2.58983260539379
-0.802321697467067,-0.347044656535629,1.01791989959084,1.26229255875445,0.967039474039348,0.400285499992751,-0.636549668835484,-1.15063191615402,-1.01918639712631,1.19958377644968
-0.406136762226693,-0.0700971159597638,0.731759571258911,0.0511795329493703,0.187892215762563,0.248897630682388,0.191754344910622,0.444539870917968,0.221045116081151,0.177202321419645
0.662282064346924,-0.373902699200071,-0.625048306972027,-2.29816186971795,0.905562011008897,-0.614176108692503,-0.850893806470931,-0.514040937877162,1.55239910954152,0.900283179032261
-0.303894042961049,-0.451145643193118,0.445575998027341,0.862131570297123,0.622156589018575,-0.393695845922549,0.790285051879638,1.08835985888969,-0.582278239582726,-0.427678224875051
-1.4028886697358,-0.172826291766343,-0.289562375922619,-0.385269870244337,-1.49498261097981,-1.27818403695936,-0.481326852205733,0.600180064373725,0.228508056590177,-1.14927932143369
1.07524232821612,-1.63293132462217,0.340001742046016,0.562975912853441,-0.375587760015973,1.45996138899464,-0.577105040265277,0.792090877436152,-0.0254139775165618,0.282638659847976
0.215371169607538,-0.699697580729712,-0.592332292230589,0.0918055564586254,0.30552087289274,-0.870174272031425,-0.345412069602699,-0.654173332163621,0.719777104490855,-1.30369516031508
1.37390583986106,-1.09642765902226,1.11177598133322,0.352362740102397,0.479502723282482,1.19819358202977,0.48537248626323,-0.224259359756894,0.427033539557118,-1.66679220354483
0.897722988871625,-1.38754996192973,-1.01266765714515,1.02713540989064,0.930663318070714,-1.20115995770648,0.310600825474093,2.37966636165802,0.215076082196321,-0.876337577262498
-1.2329296547032,-0.408942725613802,1.37841998079216,-1.42988009538428,0.867410277751031,0.367633982217669,-0.373110839412358,1.13568333502937,-0.197702991153494,-0.288944395686395
2.21346763414628,-0.223739232364623,-0.776474211103076,0.0354434614685806,0.133258422344499,0.96876810980564,-0.875665364711312,0.382265699850119,2.10070718278822,-0.288471214854944
-0.986940263543944,-0.32466784467643,1.80788089612714,-0.270235522754193,-0.165027329124991,1.50435155661674,1.44228473544386,-2.25509435191035,1.91516378726538,2.9788567870331
-0.691240604719493,0.0529200986861971,-0.653842576562901,0.302561475197018,1.64560071241641,-0.00916018932108105,-0.191410837327308,-1.8454705306327,0.588114509352256,0.662845572218479
-0.014051391879476,-2.15151534179521,1.10800699995234,2.63322434743895,0.77594111374576,-0.509213238049642,-0.671231186623129,0.759254778275747,-0.319166874672622,-0.92894127210571
0.655127429923236,2.21804808800708,-0.716457193519701,-0.310574664611262,0.508230887741636,-0.237724019805461,1.13424592619241,-1.08733901978552,2.59619988770315,-0.862402711193236
-0.484509772653299,-0.351963790466079,-0.275012287350028,-0.0347744029534893,0.817043712236979,-0.910291317702956,-1.5710274351197,0.973175535389442,0.470518056149608,-1.20656063908078
-0.747778772696196,0.39145277815844,-0.0495228919878387,-0.291772924258395,-0.330688882780088,-1.28405809063391,2.61141306549567,-1.07159334390097,0.991999462753843,-1.56486041717013
-2.36554779920337,1.08422913264264,0.472207236393615,2.78425409485022,1.28500149715558,-0.854036058140443,1.26596033859622,0.710713646843457,0.433952074956486,-1.36888521630266
0.368226648436431,-0.129533078451689,0.115308930634177,0.469925782203803,-0.268228658507873,0.485633907011874,2.16607331710094,0.54357506887866,-1.48728257270353,-1.57158805764794
-1.55723074683746,-0.317817724413674,0.423665642621256,0.171400636109786,1.67660279668953,0.952618721492092,-1.16253502461026,0.094131710533718,-0.937115373750515,2.24501622254259
-0.139748709694644,-0.104677436535101,-1.43561782742418,0.461153402219162,-0.275658547709076,0.315032916412337,1.4342286085178,-0.0505005570193843,1.33867353336277,1.25608816388927
0.411057849819384,-1.57901912110055,-0.779313481288411,-1.91361889496782,-0.612761588180525,0.75106374696828,0.767414679379895,1.29193306130803,-0.0237654103788563,-0.948671436263926
-0.39777228090216,0.865102064704295,-0.464302786442467,-0.612360612778584,0.512346870366069,0.993383075272784,-1.60993490283658,1.10747433331346,0.106173726637121,0.0783591630653014
-0.262487560479103,1.7256229584361,0.484460596328916,0.525084857495274,2.03266481409455,0.808124958576749,-0.126288083679639,-2.48287732842404,2.05136922581745,0.720876789564927
-0.599515348425411,0.326831182109601,-2.20984052034046,0.683871775731277,0.737778009953128,0.0572355523373353,-0.0448842611204948,2.80933544270793,0.818286318464622,0.31118297622546
0.109041495783986,-0.792004682359957,-0.401339365389592,-0.498823423595749,-0.0499217642949397,0.0899216700601434,-0.135538824397968,0.823485213470992,-0.469593851831666,-0.92291490875744
0.660972331653624,0.0745176187395666,0.471900188921545,1.07918347126592,1.44581184220078,0.41824954067317,0.0817835232763272,0.35798981109915,-0.754280740038835,-1.13123888733157
0.0346262909649836,2.13886809806092,-0.792959629045499,1.28092151372324,0.926851863230932,0.663123527129304,-0.0950896996815658,-0.839716103525394,-0.484737679064279,-0.309813262114224
-0.847953817363862,-1.19178576152386,-0.411071478271522,1.08452686494428,-0.119707468933079,1.69580244707154,1.05373253819094,0.0250311148812331,-0.675003298181297,-1.38204245547822
1.00191607674462,0.456357356043556,0.328110151321567,1.29198014648407,0.926068240921645,-2.24090832861876,-0.0951766493678969,-0.390257356331201,0.266435472768859,0.377382103612755
0.0619155776754527,0.0646871624856958,-1.13317722545653,0.49082457200061,0.528345958235086,-0.288392170158508,-0.292559116424615,-1.10703174728577,-0.735423204816713,-0.347764631107047
-0.627159049718399,0.685760232213684,0.653795626535987,0.72681454596719,1.58664182231271,1.83878713382945,0.59544348432757,-1.93128776961592,0.950213767020122,-0.265727302515751
-2.42722947433957,-1.62686307592975,1.41630298302886,0.298805364469234,0.525987731999198,-0.0894960302582097,2.52195151338138,1.46131913123604,0.361757879529473,-0.318033729742934
0.617080841020919,-0.989805203822294,0.770617437316155,1.0573103272625,0.218838311573046,-1.09046901724583,-0.142041172978994,-0.392918922476415,-0.0752228022678807,-0.0528995535776254
-0.859701645536032,-2.95761083636549,0.738735285754715,0.0942948591656038,-2.01955021398115,1.6839477267194,-0.498872861434666,1.19059156936315,1.75311232188888,-0.503493755504735
0.567835296343554,0.904939250951759,-0.615965620209189,-0.229089013576234,-0.376971435749418,-0.808097653250681,-0.221540067334643,-2.49845976988451,0.643658822343038,0.749786420356784
-0.255508896686184,0.976124265453648,-1.29668474517745,0.570127571747526,-2.47504823432221,-1.43615043564086,-1.30803697185235,-0.0950270662015337,1.14137154195298,0.173995217106541
-1.78432917343257,-0.455464257491689,-1.39225756434364,-0.49812566932471,2.27309852704488,0.287898818792952,1.24930500251847,1.89442389298289,1.31531520949378,0.41265122000248
-0.451054960478187,0.931660253136385,0.52937305424189,-1.57882421202548,-0.641296902489046,2.18578616351752,-0.287463068596756,-0.732267852841523,-0.240438814433054,1.34978552227697
-0.157432895920543,0.188313732629665,0.690218554091327,0.476063259306651,0.804247450376792,1.17466553404697,1.53102668061495,-0.872109080963409,1.02397188292476,-0.807590088560034
1.00901825885412,-2.31540044791822,-0.385933785371694,-0.724440651868943,-0.234502276318776,0.445566288005469,-0.152288341476471,0.161704428653397,1.45665497662723,-1.26690471582134
-0.232019430483522,0.320618950909037,-1.63213867622616,-0.347829478995467,0.288337440408629,1.23904274055008,-1.76563108828962,-2.62862691715985,0.235299359753397,0.287118775658377
1.28814581135385,1.03208057257026,0.760749674128887,-0.715971904466821,-0.439018057963107,-0.277538712491683,0.46787436105244,-0.94764584334165,2.66877259605127,1.70840518920658
0.878541113662494,1.05831724436119,1.69853300424201,0.256970209852097,1.0378266410156,0.144401926461726,-3.00066402670851,-0.879341266530013,1.01254930291003,0.96233056576505
-1.28983588754487,1.64430894820017,-0.865750394824281,2.64021011126804,0.514501797145521,0.439199581945175,-0.115562366487616,-0.52413209684655,1.02297950188896,-0.135882876741459
-0.0134583161379254,0.390010575522574,-1.1208903871153,1.03595915342106,0.924399822313517,-0.434465452481668,-1.62329443256005,2.00171733867228,-0.523917198062009,-0.108132595555458
-0.74595723511621,-0.136605589005222,-1.68666721814892,-0.100623027718325,0.266516077074818,0.460214267353692,-0.582754417432093,-0.591658884050811,1.06305536479824,-0.432317296214843
-0.244139156197034,0.105121957288062,-0.144067625267739,-0.748915347185589,-0.759921485587254,-0.538958921543161,0.712781815762217,-0.899349413099359,2.17328464338676,-0.421817071832944
0.351837026876882,0.0991586573040566,0.0652578011673731,0.0616493368695371,0.969437809458976,-0.947164899195095,0.34316216787476,-0.40090886880182,-1.25952095413276,-1.10399870469596
0.725756727454365,-0.291025000000062,1.52631520059982,-0.456942400286629,-1.38535889748663,0.526318506517513,-1.6638730807433,1.24891985227439,-0.635682198799341,-1.64511798641017
0.292638976710075,0.59141538601725,0.890035292795567,0.590239489322993,0.708404147822349,2.01918467429897,0.418604966645709,0.998277793527304,0.804646172505743,1.46479572691542
-2.44351362803574,1.26687909636982,-1.01919699246461,-0.778986282294168,-0.394362753583355,0.380943852330407,-0.156124819871263,-0.915580607650156,0.783045984060187,1.26283429594344
0.416602500805492,0.530133444929914,1.97020469491934,-1.30778285738863,-0.27595835610032,0.838413837117194,-0.0380949509685598,1.08088409641189,0.851126046099997,0.525135452952645
1.25511582443859,-0.986324373887877,1.48842769923603,0.519319659851727,-2.56095206905365,0.128401462349938,-1.62382702748147,1.78220731777578,0.434161469705336,0.0513456227997701
-1.91463124592211,0.473743705648339,1.17157397579416,0.39776804557626,-0.136161794690955,0.29450452900296,0.110692123686988,0.477871423142467,1.21741472572302,0.311747450127592
-0.789365133485108,1.24107440091054,-2.91179077945381,0.375895944502084,1.12882888532504,-1.18060667851275,-0.374796245849318,0.298857575015996,0.851057219027299,-0.672181043833352
0.668365137883912,-1.45943112799125,-0.321975697220662,0.0454406785085413,0.244582895975129,-0.966036477117547,-1.78826474724378,1.89630742636907,0.0507649069206143,-0.172364682225455
-0.137213976776641,-2.43301123035812,0.309195892596718,-0.31841556395593,0.743195548233093,-0.406832778371347,0.492891746038815,0.233298981774212,1.45503673046495,1.22126797044492
0.412110599497626,0.949766560901771,1.22075034934952,1.39306291490094,-0.51911636643994,0.557965357785141,-1.78473187353128,-0.303858591507248,-0.967476753241766,-0.489802505927324
-1.03857771967907,2.20836633301128,0.570176687700478,0.0837496613847726,-0.864892699603931,-0.145394308250036,0.605159950395155,-1.09035409849386,-0.0310107239335161,-1.04465520345514
-1.48801864704664,-1.16599556261574,0.0889554396356896,-0.675728099602399,-0.678862029761137,-0.266081025853011,1.4525950723849,-1.03009720899938,-0.17133032947872,-0.10045020924112
-0.336614362000176,-0.833384621933213,-2.48824915776489,1.45398985916517,0.315308477440075,0.339418268111398,-0.214364509689752,0.987728004802416,2.09493210528231,-0.669263520779422
0.59637200207235,-0.896907160663199,0.0677160058671929,0.368980933774167,0.00584211026117764,0.219034751506746,-1.5703706186584,-0.284310128169007,0.802268327985254,2.00644273884451
0.191993415208985,0.642002911651583,-0.869133081040824,-0.625115976624897,-0.900522599581844,1.08968774953858,0.682244754457895,-0.0207071990965505,0.285368271709493,1.61669943697132
-1.91034503168387,0.139328116957642,1.1005356557244,-0.18856914154624,0.511449448759952,-0.823816594208315,-0.674425058617977,0.95569569625024,-0.524920187395611,0.087026779240905
-0.0158465867140409,2.09866422733811,-0.236789085784009,0.284518798299931,-0.863036583815052,-1.02533860637992,0.253191978954411,0.0426323595165957,0.276049657464531,-0.176352815354142
0.963109808376339,0.984236236755509,-0.331731561261918,-0.155565982434436,0.810299555731007,-0.29834348411401,-0.345313449068354,-2.14635689154035,0.873116925243508,-0.530611956212336
0.209225973650612,1.2886375398315,1.8513916250052,-1.66547724989092,-0.918421747173704,-2.26705639052164,-1.52179050109332,0.507727369213199,-0.064354348542612,1.53320649483908
0.606361276417728,-1.50660684996504,0.102333984156077,0.166296829200087,-0.303989195018305,-0.0638303085501504,0.972887493081469,-0.326268302166101,0.318631587364783,0.638253353285206
1.16146611746225,-1.93612457638521,-0.876250746155276,-0.746298837791393,-1.76785237302163,1.73082446977897,1.72224554062773,1.33451234758014,-0.541815735888184,-0.546195415488436
-0.368108221147581,0.450919408271363,-0.250141205525884,-0.541019741271632,1.92698758772073,-1.17887700190262,1.01863249897112,-0.0397198512226479,-0.105261827163427,0.48560108899414
1.85881518609784,0.0912432583539747,-1.07947230185156,-2.99341230874599,0.473574435600097,0.41035908682556,-1.75574520365962,-0.416715302739479,-0.649856651422069,0.767791529052005
-1.16103620633114,0.365766068991611,-1.10500557465536,0.394077749881587,-1.29420279229017,1.22986539049591,0.0044655379379982,1.53978295329748,1.05009112432723,1.21186327423097
0.210568729121731,-0.237846057730868,-1.57513829613162,-2.46157199918757,-0.602217314814311,-1.8564578446381,0.177152334575458,-0.469231258121462,-0.711589091526267,1.98850885025636
1.02651553457403,1.85184074412997,0.488042065112299,1.10359412211069,-0.160791347310191,-2.70862825811829,1.21018697187054,-1.34333265489829,-1.0874412381536,-1.82552473514341
-0.833551197583052,0.350847621255801,-0.0967518488783504,-1.57747777050543,-0.420766215858854,0.353204109985325,1.36519270365566,1.95536684743749,0.923341043030157,1.29164700771356
0.538697793298259,-0.905635374991747,0.568642971844022,-1.4063044890976,1.59060709165492,0.989239076855727,-0.260956548059292,-0.69232495305697,0.0486345341985975,0.113898890284569
1.96561294096154,-0.377652350284575,-0.172534076938488,0.580959316259055,-0.485568661033656,-0.302843233375399,0.651881595416085,-0.376704647031431,0.464672148544974,-1.30610000874174
0.619862944821208,0.166700888475669,0.569231170136813,-0.921205698148142,0.236557431397575,-1.3395764247673,-1.02413982093975,-0.261739438216603,0.372849968240354,-0.677530677307008
-0.496461650914606,-0.504383377993774,0.269280329071378,-0.291969810301446,-0.44860319595577,-0.123322171042962,1.54497713167235,0.78127477074445,-0.290030070011257,-0.0994215192688662
0.953409186092779,-0.106165110949161,-0.219603378593766,0.0637023210123694,-0.325419491859925,-0.420263586478318,1.16120142668106,0.344373726622319,1.49710967339536,0.001303709170427
0.570488111411411,0.414961740301356,-0.772890252250241,-1.04632391967722,-1.31075859535342,-1.73509425099214,-0.789385179294116,0.409508279079981,-2.58918289481446,-1.81081813480775
0.060833291226658,-0.0150623039988981,0.0658665047686974,-1.20907215663591,0.109699385002569,-0.542383065200377,-0.0443534221844217,0.00435299158733199,-1.13075283797644,-0.81028635773994
0.430045322169613,-0.91688546969261,1.46052924614431,-1.68600429766986,-1.88104310685578,-0.0218528989438444,-0.379755932312209,0.638822941648534,0.0970590601862623,0.927159562958992
0.964576790541601,0.614694483223517,-0.710053165840757,-0.481937393467877,-0.320074087758272,-0.223051711584006,-0.786695844404984,-0.114423710038286,0.422626272284746,-0.496601337854401
0.0445373200212351,-0.207979602087229,0.432562645511894,-0.119980601568502,-1.39148869804018,-0.606011038197329,-0.928193334153727,-0.425055603338362,-1.39021660900772,1.53714462893884
-0.415093910647889,0.047173226110854,-0.629979924738343,0.370740488390274,-0.65719725544185,1.35048251147916,0.0632703501474458,-0.325962704176847,0.577831740664409,0.369041074950261
-1.35748343363108,0.735458293788634,-0.86487275225932,-0.291665545037484,0.624043975258943,1.23972130668114,-1.75168773697526,-1.3901108078594,-0.556275611222249,-0.864962610054801
-2.43698426892892,0.936810819382214,0.467633274625227,-0.134964542769633,0.152819128645566,0.943175745857256,-0.241215782039047,0.28422673838814,1.69242856981188,-0.290898684765844
0.0705312024338005,0.383808027816015,1.65919874232762,-1.34754140647623,-0.819035803846467,1.31451083350392,-0.862714844975213,0.587762620632216,1.07277933915498,0.654177802057097
-0.719221350218582,1.02203687787503,-0.0520717020906495,0.621126422826015,-1.56780254819042,-0.633504044661249,1.74411339024972,-1.05588180750221,0.614099864776081,0.993471170322041
0.492125262869945,-2.44667378217902,-1.69304421859064,0.148906778683474,-0.178627243241075,3.06033830247114,0.655661276908173,-0.536155939219233,0.0387430651674337,-0.734333539110047
0.636935683640222,-0.603489807653054,0.983922473237476,0.114985723712373,0.179398472473138,1.14195035786348,-1.21618788938354,0.0198115599187411,-0.249151431378961,-0.839731464653705
-0.208278523337463,-0.196418480735963,-1.39254052630928,0.953695211731611,0.651836700395657,0.39325621527807,-1.84042104627999,-1.37106858980692,-0.193641818364754,-0.449850537497013
-1.87735632567969,1.25730765027729,-0.124332950452687,-1.55629882202189,-0.971545567996703,1.00311396793965,-0.107500232428152,-0.213047254184783,0.484816828469707,-2.33625645971788
-1.20737155247981,0.348604537290073,-1.17383043803815,1.45559848039874,0.258893262229244,0.0123135250552651,0.112886753451624,-0.448623365936693,1.00713293738214,-1.24567653417459
0.379783018735276,2.25576046093526,0.449264570017901,-2.19743094852158,-1.18827607888729,0.66535936195006,1.03574498975301,-1.14126078958051,-0.355062089965782,-1.36929549047658
0.54534147545256,-0.49862729162785,0.284048117976773,0.276567418388913,0.476578272865147,0.473465792313143,-0.0481289763952381,-0.28164265643209,0.623865960582018,-0.453471073570962
-1.66997526510008,0.308705214686909,-1.10550387403426,-0.237548954727139,0.0316965590623355,-0.636748602004286,1.35625046962964,0.41957244022178,0.889218214299298,-0.226924845237095
-1.32421594088551,0.12574723163029,-0.210231554696487,1.33407587348019,0.595443969579139,1.26325905384763,-1.30478342887914,0.0339478978232586,0.731723483311586,1.3916189540898
1.40613444280945,-0.416138557101033,0.782170353032595,-1.2670786492332,-0.624700249845893,-1.56841858503389,0.0169361723262196,1.92526764392256,0.463173831003938,0.185215350722695
-0.0800710173887518,0.0486047005889711,-0.390598601895853,1.53465624631893,-0.827180007631534,-0.650741892350072,-0.959367124609113,0.410685927464049,-0.712997875932109,1.26245843111745
0.156233848892755,-1.63657610157721,0.0783508718698655,-0.949454296973428,-1.28549684589138,2.41095100089273,0.879744579576267,1.42996262172702,-0.921253886652707,0.608430749298358
0.597105929692676,0.526266608520904,-0.0932976845652397,1.23408846540365,-1.02895613615344,-1.91648806794854,1.68850183412649,-1.18229084353648,0.878528275813685,-0.000887351271936613
0.875030164429059,-2.10626395552374,0.31079952600028,-0.59854842322181,1.20406622879066,1.11241263066633,-1.10355823221592,-0.290660012223913,-0.188039136515266,-0.161838857404804
0.393225807372287,-1.58205874943976,1.31144662401063,0.462118816702621,1.42390053324269,0.184212983366733,0.290017075189994,-0.422900349240198,1.02778034080123,0.660038887627487
2.04952855817937,0.787700182997181,-1.29068699961651,-0.662953694725057,0.250627980601665,-0.412787632459149,0.580883782564417,0.780575596906904,-0.0753751684151888,-2.25320894693939
-0.0646606147519585,0.767282620420542,-0.920518334900593,-0.324565086222149,-0.0722588884483954,1.25592944477067,0.458659504833082,-1.40348465551935,1.08086116341922,-0.0626094362093304
0.513633596619693,1.07062319561194,1.71317818191078,0.437058493009985,-1.90209887237197,0.0915420386213513,-0.206034567149409,0.466130280471559,1.13937461317089,-1.82988136673628
-1.21174464955687,1.20635778175035,-1.80054167506234,1.51646762101889,1.44107011683289,-2.43355325909949,0.212118281668607,-0.462235701992168,-0.271003775841183,-1.44681684619101
-0.471194919802463,0.617588919350597,-0.983909379420443,0.877635679763145,0.152402243070085,0.943854606640119,-2.40142763544976,0.287673586445551,0.63789694352157,1.70604598054141
0.987850788483882,1.75696413429643,-2.23333155818241,0.195766114468822,-1.22031962815504,-1.07698422902369,-1.63365305860088,-0.210405939945284,-1.22761385023101,-1.62680549790354
0.721591264662883,-1.30150240812965,0.916899674694914,-1.48896392901284,0.0840031732807318,-0.853906220744157,-0.335043382515385,-0.141271269199296,-0.733702176583527,0.223237322590498
0.437381460437038,-1.24607176998725,0.65824598253445,-0.272867585435265,1.15902260674605,0.868739066609465,-0.22522007010069,0.737733062767302,1.15222687135329,0.318710464907325
-3.32310908050403,0.133686216231266,-2.09682259091094,-0.256300984140225,0.153999109497182,1.89467233276801,1.0896938216359,0.785650341407393,1.83870831668534,0.131719096883043
-0.69612013279876,0.273270164492087,-0.526650959488637,1.03529882496479,0.238723462942746,0.0921091754112894,0.580196652459903,-0.50074937335087,0.148198992943723,-0.810945267310124
0.222166125717845,1.86098211020946,-1.43680368966974,-0.261089871613975,0.879302348266757,-0.417422614157452,-2.48121230965848,0.523698097377785,-0.700996495023314,0.932127359709527
0.539928212054927,0.742383439432981,-0.0149811568517473,0.796139032983392,-0.603446959269383,0.431120044436659,-0.284919603643401,-0.028696403135129,1.44222376050993,-1.09652780542514
-1.07376385066629,0.135847633156246,0.573992855483881,-0.449332205117833,-0.08599855638993,-1.37456961172118,0.886997685448797,1.02359328603841,0.22948251741229,0.605398758435665
-0.0808047771268826,-0.776335323192881,-0.776041008647535,-0.567757403438628,0.266584577325221,-0.121547553096108,0.24955225804025,0.377975926326827,0.385003341047768,-0.644868773764301
-1.0921173710818,-1.70923565029811,-0.595616747293612,0.846032701241171,0.199416751188234,0.0493743215484772,0.0299108715044704,0.629155159761974,1.06834257870972,0.949357800015448
-0.428967305704542,1.3116515879064,-0.632417428469925,0.664910254194559,0.177903978217033,0.384161914292661,-1.89383094462434,0.051012799648897,1.21655540898657,0.746442594299007
0.10434165917037,-0.306331749459878,0.772854275144394,0.701585707125641,-0.510373359242344,-1.16673905975012,1.49588994552596,0.423769666245314,0.0511678435411052,-1.27611000041379
-1.56780139562706,-0.523174131353635,0.340817789638029,-0.586580441193438,1.52434832401298,-1.0335324839091,-0.00307879082566847,0.888056239230737,0.843209203145301,-0.090222629570763
-0.500218534527443,-1.16517325013561,0.83925859820116,-0.890849334124408,0.737254969793629,0.650783861157812,1.32794118428959,0.674131396799096,1.97871576754436,0.441584374027698
-1.06425354684927,0.266264657697117,1.47868007631593,0.110604911719281,0.321772175834497,-0.89755633489678,0.480726405055382,0.0389992654023202,-0.140333868143732,-0.191656172549708
-0.936524736716451,1.02031119526922,-0.332495169001958,1.02347784309349,0.726303528219138,0.0684121477970624,0.519855855536293,-1.13384229450253,1.46832918634911,1.87430068422316
-1.01370134729075,-0.521175771586522,-0.728736600280587,-0.422075332022105,0.540552209524072,2.50849640853805,-1.3383579888633,2.0292278920749,-1.4826619409458,-0.31095270997124
0.213043502642811,0.13116929898249,-0.619557945682532,0.841428351263218,1.70784331547106,0.740551420525926,0.0598026820357861,-0.781801925593303,-2.16035421890026,-0.523807253157599
-0.18242540892274,0.853976714334584,-0.685682574526551,-0.794809619271956,-0.402248106746202,1.25432333746641,-0.0947570549731556,0.536057892245751,-1.41448407670468,-0.0706124915487477
0.0127870254632519,0.193920743842066,-0.591760045315492,-0.478147426164371,-0.886992248974576,0.666163142646119,0.114252847443141,0.866880033960818,0.135036900697561,1.69682150381192
-1.11595201118784,1.22688904173176,-0.0848064489191099,-0.664437392594963,0.313159840920823,0.266639556271025,0.0855353716712858,0.607257548509973,1.68705776634395,1.12412038883045
-0.715425841391012,0.696951150386546,0.619457851995145,0.771823517442578,2.87344016882334,0.345041973180118,-0.203722090711879,-0.917437473599375,-0.185923789523925,0.256258793679292
-1.36015096921623,-0.332317628544617,0.439780029070119,-0.60523266844401,-1.30630586680037,1.18617402795124,0.968629852752481,-0.293458595617426,-0.377542510324885,0.68098103698122
-1.04466815222433,1.41678436280806,-1.0504519835061,-1.24745311859798,0.197968656343556,2.13334045958836,0.379443014239999,0.188369901179361,0.898671527486394,0.363075608536911
-2.76590120190992,1.42417313616142,-1.25148903224107,0.972684345944445,1.38211078243817,0.705676341708877,1.02427578026414,1.00830187408993,1.84201061077771,-1.24631773862524
-0.309940720752051,0.757229778229523,-0.756697973791895,-1.1253121901063,-1.86229206132039,-0.97258086544275,-1.27342618641156,-0.693862383518931,-0.529785791297196,1.39596433366417
-0.999294456800244,-1.86724103313149,2.19838673602505,0.233310890149189,-1.14078567164119,1.15849975091698,1.65865620238461,0.302114234518399,0.499589481010736,-0.606445018480756
-0.527172688696739,1.16789508916416,-0.190002092976702,0.10382565939369,0.190368960726069,-0.175630488935731,-0.112276978795293,0.145592341594412,-0.340862268802589,0.111979524041655
0.19410233434296,0.111051683837838,0.474624081390862,-0.792054698745512,-0.69414831528908,0.933055174975346,1.33680185918224,0.521754296413509,0.515923650842469,-0.460633917359256
-1.42682080441947,0.185673210087576,-0.388268492300633,-0.512012631424254,0.741281799163706,-0.370748944962251,-0.123469923760561,1.44292747693412,-0.223604869463505,0.553052215424041
-1.28105249482856,1.4886015690524,-0.048589148010134,-1.29851821532995,-0.451396963730788,0.342759208558893,1.42912137392527,-0.604136659175816,0.568591406882002,-1.0187265063242
2.29117449691556,-0.215714988771925,-0.109107116439203,0.245251119053026,0.340873494727976,0.70743797810103,0.0788126399855269,-0.294300352120192,-1.76760177152194,-0.384650472425825
0.364700085857875,-0.426605754497051,0.722768465718261,-0.355307812250289,-1.01158835580462,1.49359001389533,-0.671913339684589,-0.519267816358984,0.018393210209041,-0.445090731082362
0.815247092347011,-0.965491986782324,-0.470086126146551,0.365419037225131,-0.481364734989606,0.221668790228735,-0.258758476683805,0.8145640185501,1.10117419884415,1.02901033927829
-0.243689839815036,-0.45357895004478,-0.238617323393077,1.50798904622004,-0.602801344141708,-0.00850866735710289,-1.08180064104175,-0.475629182034338,-0.186225053083988,-2.44345834022394
0.174657726172353,-1.58909945268088,0.953429126074352,-0.733301803544413,-0.99311742148101,1.10434010284121,-0.993497124813889,-0.468518769431749,-0.577637288621848,-0.389722217499203
0.422671291852942,1.44577059221312,-0.0825689606877318,0.661270602343087,-0.158986191366167,-0.214973245154626,-0.250844856174168,0.445874459146628,-1.00190379924654,0.449384278307037
-0.263370135406247,0.117123013528147,0.238491473094785,-1.03136290629805,-0.597583587713199,1.43700268260062,1.20167873535429,-2.27709593756656,0.615655062718034,0.683623483430281
-0.399445803126811,0.803356564378231,-0.861449772847664,-0.472161314985603,0.336300603125668,0.309621664008745,0.651450931427936,1.07193807382475,-0.611035199173319,-1.13966219654734
1.71049061026964,-0.230399668364091,-0.225241375834958,0.0357171592636041,0.76722621448185,0.24488993199915,-1.05373149792536,1.63739709822022,-2.07315183563442,-0.0425478549625689
-0.42542128818106,-0.404499567547295,-0.335648802426415,-0.63052886872383,-1.21905591783716,-0.686765085764755,-0.508455448925198,0.448249965327003,-2.49767891200134,-1.10677609225616
0.882866232249986,0.721112692659155,-1.48374023137593,-0.0104898293969827,0.0899142576924704,0.207435678886546,0.322865046727982,1.65220857325077,1.28153859546858,-1.67529230783212
1.03170268968243,-0.660993953471838,0.666269630432843,-0.28507998358452,0.0176256774494488,0.717869667376233,-1.03713666887073,-0.0147798960357778,0.900776226808708,-1.91626743912607
0.376042287268847,2.04210372104461,-1.47431161989409,-0.39189722042863,-0.180883598861979,0.269509896294327,-0.970595037067817,-0.394159677545955,0.13029793853702,-1.85090301201027
0.771248669473374,-0.40856443165604,-1.96108198939966,-2.09906167020748,0.158054648750012,1.35533680024161,-0.674415142340685,-0.237223932675445,2.27401291261706,1.64213321519681
-0.716439750865582,-0.676810411418764,1.11043413702616,1.15299966224105,-1.10985100160506,-0.707792280843635,-0.233946641556666,1.21271540057807,-0.392067500757243,0.412387964245607
-1.34401998932209,2.18604197031768,-1.11145548166849,1.38018065116258,0.758124422641261,-0.369737629417431,0.687794406086908,-0.29733230254354,1.32923747977074,0.272492826104254
0.760664167549432,-0.792348152079437,-0.168219615404931,-0.856743630047957,0.293928224794374,-0.0488782106565254,-1.24429980390591,0.50794343450277,-0.148364025144272,0.233844564578469
0.113641434278028,1.49849641337103,-1.6114774883566,-0.0916632764907227,2.1996940235862,0.0379045113942651,1.43176066871016,-0.244173243224661,-0.738635550035788,0.24086046368723
-0.22050543657514,-1.04515285781878,0.280830012464021,0.653072878794888,1.07148371755276,-0.535305504334475,0.855031153719426,-1.46180915221209,1.43164288461149,-1.66362458515273
0.773222924036454,-1.05187854992221,-0.714678070301156,1.13463495557408,-0.407805088890003,0.437094970794508,0.350935423248314,0.77452282439855,1.10133325924111,0.508988181553283
-1.03316433615107,0.91239474173137,0.7118123246094,1.33861493615474,0.138954140050444,-1.22860139768981,-1.95162604008821,0.576680561290608,-0.15418077266317,-0.567472031709056
-0.343554427774711,0.510246579094962,1.26698758547838,0.73335869764509,-0.837506630121429,-0.363862948274129,0.309144962998697,0.389349083318807,1.79681287641889,-0.504568194817401
-1.55372387208979,-0.109861678011366,-0.618032813995814,1.61282947381555,0.78421908455557,1.54036735405713,2.07349956995308,1.97894709147305,0.602024006691196,-0.501927295741459
-2.59881068709415,-1.33904947821628,-0.755960075074256,0.185107799000976,0.691479431728649,0.00890710004237292,0.206733138727929,-1.67125603223095,0.888555364061168,1.3007316503666
-0.0351659653877688,-0.794525130515135,-1.66887413429973,-0.0780578087587873,2.74059744535628,-0.379793711049363,0.276557702945189,-0.513804425352252,-1.22722986707833,-0.65117022825858
1.89272171019578,-0.182545881471717,-0.109267285911754,-0.163633938188995,1.17072789900849,-0.886161324412807,0.838340408968543,-0.585561469818864,1.00575687668766,1.24499388665571
-0.699152859120047,-1.93295777169287,-0.327906881837123,-1.48046706379337,-1.68718864871373,1.09320735735436,1.42226141126512,1.06128666246902,1.92381809067469,-0.13899584558406
-0.234716420706206,0.0145307272662283,0.578845233980322,-1.71328655035187,-1.028816635172,1.07710002415141,0.779570763130439,0.81365998389037,0.467498084941398,0.37230590395621
-0.692478960378038,1.54896940441858,1.38352114022187,1.66261886059725,-0.175446301114535,-0.57891983471115,-1.21906991708713,-0.51974944576424,1.16930136718892,-0.221743599572921
-0.791488747425499,1.61774970280087,-0.140301878224806,0.270848603076844,0.912752166788398,-0.523170493682541,1.36895903512917,1.08011070986677,1.39851273751182,0.0702314381325885
-0.0230294478519092,-1.12650614111971,0.0358354148208366,0.429892063012412,-0.141557658930553,0.181252915039538,-0.376946997770762,1.27004730306858,-0.351963159010874,-0.17143972894195
-0.92519855019721,0.872569395310449,-2.07777183478647,-0.104075718747663,1.37936377167976,0.136216523790725,0.272178607775498,1.10349315152291,-0.449698716085966,-0.00120949524345137
2.28496325263056,0.277872360962114,0.536592475501397,0.0331759404880446,0.249183605008799,-0.673263850592075,0.133600617731837,0.139214325680489,0.32976039434262,-0.63893757581279
0.16785788335761,-1.4465855269719,-1.07830827441309,-0.723132737228055,-1.24195968664148,1.22480101250286,-0.246371141229672,0.0817230131818673,1.09290514655295,-0.166514512895412
-2.02752462474835,0.688353612336957,-0.436391769174237,1.67053807783102,0.495571332459037,1.29213784119503,-0.108113445248223,-0.179255778631837,1.6823123322948,1.12799680753352
0.49519966188584,-1.91500560705739,0.517544345800299,-0.391125903634326,0.532388999619574,-1.00756487855118,-0.0903314353677867,-1.30716392857835,-0.950136129291445,1.07512110460012
0.0093124113758613,-0.486640266616512,0.115395094488881,0.806489217956816,0.119767217304556,-1.09008531898959,-0.722275205879285,-0.400518604022207,-0.775686634399703,-0.798374340486175
-0.0852192813323706,0.331579889516467,-0.261937101093178,-1.78152873962561,0.662010438003447,0.155333975759704,0.244911218965235,-1.16169596640614,1.7584409736893,0.195869357771035
-0.677463830150293,1.56886744332931,0.117740322836289,2.27249850161832,-0.897274842432254,-0.227079592572416,2.13375448446207,-1.06992808124869,-0.319429878491409,-0.835184363747334
-0.090238402360934,-1.0462426419319,0.384353160530551,0.729764642003639,-1.87393818566291,0.377150170950098,0.673011990845403,-1.01799680637305,-0.302458588576798,-0.80970543026329
-0.612619567100262,0.239109974282949,1.56025849355804,-0.223435888336837,-2.60210609022786,0.896528450125096,0.638221860445575,-1.00180091240099,-1.31847896285735,1.30243877564631
1.77826339354377,0.235793477614251,-0.969868151762931,1.22641270282461,-1.25715222418719,0.944981613489543,0.423827059556736,0.236599330512655,-3.27678384970171,-0.219288464088523
0.0553107556226212,-0.27313736936516,0.800379458537154,-0.48686804919746,0.371543899554947,-1.21762302275504,0.382424809436402,0.349501133973288,-0.291776806052274,-0.556512533709346
-0.171522038453958,0.893810301634345,-0.508958557567086,-1.21076411789098,0.17063521849496,1.20973441912304,-0.136294308378507,-0.773935198574527,-0.616033247371861,-0.877874751210037
-0.0362214741137566,0.312974469294033,-0.0131700923285434,-0.21089422221908,-0.555817195944164,0.13026994352864,-2.16638795772673,2.11961823347647,0.995236307966732,-0.860605898575631
-0.13313644495316,0.0534738439382828,-0.554942612445386,-0.462450584680032,-0.716252004457243,0.709274730218211,-0.71761733073013,-0.0428583346893537,-1.02283578231851,0.507498619141217
-0.315424791997369,0.144696682650321,0.728824915536351,1.28643132306657,-0.93910524851778,-1.13902980909782,-0.252162033643,0.686849258717171,1.45791865835314,-1.05722727643725
-1.10628737866296,0.284795055419992,0.598414579241792,-1.54949298353577,-1.0426583479118,-1.99187982920743,-0.223416154092377,0.486793210229287,1.26467563311362,-1.08186624487862
0.310444905392097,1.4544944145255,-0.653961139402988,0.0614557962067948,-0.355255645776371,-0.868317428641633,-0.270678880748585,0.190058839675711,0.703399881712578,0.411174452708716
-2.44020867287308,2.44382819016026,-0.734011442642096,0.279182741643821,1.06431429011972,0.0454016550852049,-1.2194932020876,1.56194655879874,-0.99565637397957,0.988322819439188
-2.22737176597657,1.20717430468951,-0.617752704752076,-0.769355170440047,-0.661062906489313,-1.70081732823692,2.42471813560551,-0.319565082772605,-0.1985379535417,1.83520932278867
0.596846646647212,-0.817082041465332,-0.089575611580341,1.07685098824995,0.0634395426623972,-0.484755749928241,1.36812535899738,2.0501400356169,-0.944292437245045,-0.0866747673714791
1.21085317391076,-1.7864598836672,-1.14616840210278,0.570748889581368,2.15107083652938,-0.717492760704935,0.933652490737094,0.321282743534409,-0.53907210256489,-0.607585756903552
0.203741882970834,0.3548382349931,-0.431905762749736,-1.26192501480116,1.53127884814749,0.64370143290387,1.29053360479586,-0.106900796107002,-2.44386496650504,-0.0761482593896877
0.474269543290189,1.05593425506705,0.867449953452913,-1.51615650167395,0.696768862283968,-1.89876391563707,0.301380463839327,0.862622737450886,0.496175528640514,-0.809576851100262
-2.02232517175697,0.0751339747484837,0.082024456911537,-0.116096659484152,-0.376922762071926,-1.03222449340461,0.399947814243379,1.39250453255871,-0.0830466962590415,-1.04687091209444
-0.863796273546374,-1.02803514979498,1.80171819039216,0.208853687009846,0.194583824204736,-0.737565589354189,0.77570361824738,0.270307408268633,0.46543845292266,2.10680400629812
-0.489328136020205,-1.37504854877105,0.316104781326128,-0.480711314801712,0.961891173360674,0.871707746633825,-0.25274113153459,2.90959463923693,0.204603383146675,0.129836294098988
0.238308030064156,0.172466215559444,-0.579838201590025,-1.2023902800941,-0.928455793356034,0.0217574007064077,-0.0964025069790797,-0.769680214803149,-0.404823057693885,0.088042002203019
1.01758584711999,-0.0333408240839777,1.7134943695213,-0.675705763635547,2.6904309662215,-1.11089421229179,0.07775111257268,0.793837306898068,-0.149177819929041,0.15679393795766
0.872152228355166,-1.78244946679905,-0.794460267049049,-0.600296636399063,0.400367948296871,-0.5641017204208,0.851458933620941,2.26497449537847,0.840533961329965,-0.041829889139424
0.334673580333118,-0.14777010080161,-0.30070665828125,-0.320698842123592,-2.14624885405412,0.457451858068601,-0.857901550736701,-0.299882579832907,0.550883194066277,0.0030943981728703
1.33386859823327,1.15214994536422,-0.20861012174293,0.617347275247592,0.585886412578751,-0.750412370834562,-0.872292308065724,-0.207797508884643,0.201198904075389,1.16433222327629
2.14003362597295,-1.05111989208421,0.322816954169577,1.93333560114287,0.0819404387595159,0.31078284165182,0.969212206618734,-0.76282885276166,-1.77763596271232,-0.269570418630668
-0.977909793047364,1.08316463973834,0.37042151485345,-0.844655703471142,-1.17514466000583,-1.27546071822592,1.93154493474808,0.17318456911871,0.695179925486702,0.40826842667879
-2.42613777185779,1.49813734868006,-0.0141063333805224,0.808902711533116,0.584031126291547,0.431654901188465,0.254279110684342,0.274828331651546,1.31256903367533,0.43943341896283
0.331966520838829,0.263659878153277,-1.7438834883708,-0.738748424461887,0.139801208268582,-0.817525733364988,0.00716544017478531,1.00119079579232,1.27797641370045,-0.170144277409935
2.12975656414157,-0.487558980102612,0.342209356600796,-0.833224610844228,-0.581513223687309,0.467409651430624,-1.83933774318948,1.07074262378064,-0.550117460779028,0.756062149514595
-1.39947121417105,-0.561153030347593,0.27991332625822,-1.01706240719397,1.72153037456288,1.08749151474505,0.180172394846539,-0.524940763842214,-0.515236111942034,-1.01135016027667
-1.00265614221626,-0.0660714479499622,0.0471324575439894,0.619561093834468,-0.565420833628988,0.693994828326832,1.81975198061383,-1.23228545498271,1.57275672080869,-1.59495567808901
-0.903503495906281,-1.06123173564304,-1.72884573150491,-0.397886516311159,0.773587766877518,-1.46338627993643,0.282620419123475,1.13410711107177,0.904598098896976,-0.0897353575147792
-1.21286027444073,0.491442395717458,-0.694179599000045,0.863846371318745,-0.938960709345439,-0.999329652686742,-2.05464933688387,-0.803506674847325,0.634640137113611,1.3588761336563
-1.6980405815413,-0.434188275252238,-0.23795768236391,-1.4616445710384,0.409198115024187,-1.55769315501071,0.959880933355586,-0.578503943074377,0.297611316924418,-0.90960451475171
-0.106911884364224,0.315302514946279,-0.725625301070906,0.331579775871571,1.27289894327045,1.58851737569991,-0.269931640419855,0.724328926449367,0.803199879534044,-1.02729114502996
-1.45002236460661,-0.356247017722159,1.45747978793678,-0.564566467368075,0.969660457539501,-1.92575028223915,-0.600735030568179,-0.0885606469941436,0.470714682455614,-1.31771646185886
-0.587676334006657,0.438586201345462,-0.432864775106114,0.646868162447069,-1.05292682203193,-0.151281710173183,0.944154705901577,0.114256931443922,0.198050472044738,-0.320626222350193
-2.70099847481203,1.34466920294651,-0.789640312391016,0.157341267234844,-0.214878374370335,-0.306125070632289,0.141430328936257,-0.984207020505073,0.788664170993033,-0.442682773395115
-0.61711296249831,-0.869040925974237,0.81810812550368,-0.419864155299161,0.245714067084965,-1.36683946090147,0.592755092999356,1.47656182993645,1.43565766942204,0.489888212935274
-0.00879363567017454,0.393014040215841,-0.56393541755271,-0.0123531327692427,0.953490759111099,1.95864535577235,0.161268585961931,-0.597098439408025,-3.13036909998764,1.12637462950221
0.729436130684456,-1.20936705392669,1.33099155733794,-1.01496887832251,-0.517585034537827,1.02883959130552,-1.7234010755857,1.19155864338836,0.0632495300656348,2.1517352947168
-2.31397870138292,-1.0051561251989,0.602821354564228,-0.0694308264962544,-1.42403546929671,-0.218171520818012,0.075103199276654,0.347734092339382,1.74373926661987,0.286117029221879
0.141347125844164,-0.0801915056422596,-1.97036276190062,1.94534372141019,0.161538140145998,0.0612400873084149,1.49044089101105,-0.236519658692979,-0.639358537221465,-0.448165354657049
-0.907258551100002,0.261396776689197,1.23266579792657,-0.853030424814051,-0.555613257309275,-0.884801907111487,0.564088863161892,-0.350620083836555,0.972071244815924,0.230158284844681
-0.637744402498758,-0.127468401532515,1.09192339141704,0.506750562563705,-0.0153555290304573,0.782765092878872,-1.49636482564702,-0.205854463221195,2.17020748955439,0.354115570073048
-0.667092662036698,0.105387723299521,0.824910331993145,-1.83062158860123,0.957607987746689,-1.30053741298025,-0.224176045007269,-0.69541888634008,1.58048923244418,-0.718901799820317
1.71813739124825,0.775271858817851,-2.17965815134122,-1.80085087224923,1.14516333728083,-1.48653847333007,-0.034190738027327,-1.52948079775506,-0.832183914730867,-0.94374390821918
0.147692529592862,0.223014960149141,-1.00894985960576,1.22758107975949,0.857378851757968,0.645695910140509,-1.2003443208571,0.683323511916826,-0.243566118179756,-1.93011629745176
0.151880222609178,-0.685394681264077,0.0408267763809063,-1.14290422062019,0.417954125353584,0.375458705527999,1.18203976905668,-1.46193175977719,-0.53884285206123,0.0617827891678751
0.602941862524429,-0.783109567901903,-0.0882703963810122,0.0840223183695708,1.52122441563465,-1.01634483297695,-0.342780952021052,0.217581906376909,-1.14290374212246,0.0323020217265602
-0.943891190545692,-0.139987526198506,-0.572484094996923,-0.733209223719652,-0.188723036136279,-1.02111019111755,0.740302083870426,0.696507561400318,0.605750480407859,-0.192372010330217
-0.46831751873606,-0.559714591321286,1.16072670389157,0.443426298242173,0.487494721976667,3.16954385623317,-0.840204505501346,0.533575126773347,-0.340571668283277,1.11213032923921
0.473260817753275,0.105559855161758,0.265133544836293,-1.04964900741954,-0.251819250104384,1.25930276798232,-1.37978363651721,1.23808715328803,0.908708163482791,-0.865444647085761
-1.18624804694901,0.291645190589463,0.078019062364956,-0.752698923284335,-0.450086622166455,-1.3664798326781,1.56523646330053,0.730856197166609,0.268244396811989,-0.444503348810149
-0.028266319307766,0.0558065601214853,-0.423997000549753,1.1492592642826,0.562892850198269,0.315068535827357,0.621064107421723,-0.850245636715084,1.31280832485272,0.696733073319035
-1.93102246783829,0.141288099498441,0.697249191976394,1.51933019054478,-1.25905523521458,-0.89993899081412,0.438518705961238,1.81966217986408,0.13018721612524,0.217138728281865
1.30113725474137,-0.458222563482744,-1.30283107914097,0.808232428609295,-0.103146204037195,-0.0269031073183439,0.170890420612921,0.996906665455058,0.71623819781157,-0.808918340294555
0.278086178644409,-0.897014480980859,-0.741176289712084,0.955592252613442,0.891332482106336,-0.439124664778846,0.445508788325145,1.78344695304926,1.0501220396589,-0.609593685356354
-0.938718013545647,0.896404547354271,0.483056189319845,2.38779227763357,0.670687762086039,-0.128690262614008,-2.16714412976052,-1.03591929921571,1.08176936160267,-0.193623978599149
0.619390025064342,-1.15954551608086,-0.709445647158473,0.192026988789486,1.99315453212133,0.048863783279101,1.55823603106547,1.17952144917862,-1.82317748691734,0.808318993144639
0.0475773136464907,-1.54104998852004,1.64730416135303,-1.15906793976399,-0.888549879385528,0.767919013286901,-0.299104403937639,0.47499301147314,-0.410488261838844,-1.5252030398087
0.616453824906324,-0.787698773982803,0.634857660282614,2.18311966279056,1.57000433847423,-0.260953786848799,-0.821996907548985,2.85842462260628,-1.35500516597241,-0.339146767156229
1.55629117593591,-0.930130147111502,-0.425805946937657,-0.451676074849411,-1.95166794444639,-0.92335673288731,0.162433721124738,-0.878849226390227,1.00425008220363,0.747825935960424
-0.28706210552656,0.290371415505195,0.981072941634045,1.46526737583765,-0.598773309688135,-0.732437505799134,0.762038332089862,0.136276227131814,0.0126573824004393,1.606231241863
-0.666868514126199,-1.9092927940487,-1.00327391073535,0.0516325001375488,1.17654072701701,0.875486048466106,0.71691209743827,0.492720155493654,-0.410430958203486,0.69690098696935
1.23794852520349,-2.33193217286642,0.288528669381196,-0.298222186413252,-0.537759055537852,0.165878445387182,0.148259742793491,-0.34346070666792,-2.32684225373623,0.417381089980552
-1.50983086551449,1.09255977305676,1.20668478414225,2.04802782682778,0.970438758550939,1.19102520040759,-0.341256679620646,-1.23132994631794,-0.59558366835961,0.558003550763195
0.626950999696862,-1.50486040689707,-1.80907209636911,0.389377162932356,2.14194034189459,0.338907614429332,-0.0358923715216244,-0.416539120192728,-0.243131180493815,0.231579225192582
1.71025238304472,0.89436722729222,-0.920863364891235,1.69243875730826,0.590350644220808,-0.398471753171705,0.784184690371336,0.265890028612977,-0.48683987271612,-1.92893543406784
-0.982623205356909,0.453544175319378,-0.44852537003796,0.455339937283246,1.31250053732884,-0.170528000370558,0.169543839856314,-0.29207051346581,-0.00726316012749378,1.26719943604123
-0.818685267573521,1.12638509516407,-0.0221530632505112,-0.108407882095997,1.86079913828636,-0.672723698479325,-1.17513592285333,-1.0647371556547,-0.0593119835036102,1.21259585005269
-0.28963005432446,-0.0981564021560272,-1.21052552061645,2.51181480462244,-0.219952637182282,1.5837318059311,1.14063717384861,0.202077264829572,0.550612325497926,2.31100749775821
-1.44822882473589,-0.050525049830454,0.0372649056588734,0.169142996262811,0.289282626596345,-0.64841051148014,1.03794099095222,-0.561905846752823,1.00084095564705,-0.019835417495655
-0.34644028434176,-0.208410114162947,1.37790417946122,-1.3751764393967,0.0528952871639481,0.262124021085147,0.957969477719079,-0.619994205066472,0.768515779709346,-0.353688915901914
-0.761540638059182,-1.47006682360104,-0.6829090762973,1.0762466166449,-0.11162870209064,0.982960106307987,0.0333891327077517,0.550748385163166,0.276807932605479,0.512219243848082
-0.631917231960932,-0.765333507830247,-1.67552214171625,-0.38255309416171,1.02128148268281,0.656582177366185,-0.159164070699598,-0.505334708100346,0.0835676696792348,-0.12257205806982
0.242157040308819,0.880710604543265,-1.11114391528566,0.842612141771768,0.497134992797934,1.13227085263431,0.586223389869126,0.116272210310533,-0.83101604720383,0.643081314173269
0.759042305753887,-0.0207950227294996,-0.606968171297603,-0.563058441913831,0.572511199665241,1.37963731436881,-1.39217723965987,-0.601981306319233,0.843264366320655,0.189107333147931
2.23197665279123,0.0446068049769008,-1.60777504536926,-1.18833394867068,1.11043936022135,0.286332642794983,-0.242095993751065,1.19558200901073,0.417873075518943,0.356754447335127
-1.40618868858517,1.43072567022444,0.205127744544959,0.824895567969787,-0.0957908679759871,-1.22098930111598,1.49659783388427,-0.186791857457037,-1.06953495929591,1.145602266326
-1.08322091349229,-0.250093830118018,0.500475184155803,0.294516827980379,1.82609976436066,1.38197237559625,-0.663337958568298,0.689465320440171,1.81346839647486,1.21189497483786
-1.23057803518614,-0.272991911810495,0.464383462601955,-0.283366666715256,0.124538412755875,0.497179200949703,-0.65405753263912,0.121190424219956,0.119959573145058,-0.30843225677681
0.581960499988785,0.0190499544835869,-1.24078284393516,0.67376579763831,0.479049926516376,0.649457256191615,-0.0619435602446766,-0.532356731327343,0.960418605293189,-1.75463933560034
-0.925566975871771,2.03303554276082,0.179826162911628,-0.503111343736768,-0.343015635503729,0.303343793174689,2.19421404123591,-1.22989043912079,2.4792386747865,-0.460880894779864
-1.15554550384275,1.58558679886789,-0.611428917720389,0.448678500736624,0.988601327566711,0.403489970818557,-0.878958839061506,0.239947988833536,1.52151150746587,0.21166285229297
-1.04504271858511,0.314419808152237,1.51698588488071,-2.49855453920099,-0.447197129499307,1.65838070326596,-0.818305448600778,-1.69864584390255,-0.521795886261352,-0.437531017142999
-0.643477802598191,-0.476604512299505,-1.53303186619071,-0.223474523476677,0.741689442777597,-1.01953351703107,0.418954677412611,-0.271084311888386,-1.49370467057981,-0.432730272780786
0.00250956824952266,-1.41404147159712,-0.232804527080228,0.284283421021138,-0.951960360785901,-0.396738994229494,0.0800527639730928,0.278611764928594,1.5324569809124,0.0286170230300486
1.01580934405447,-2.25316412885199,0.487681737950369,-0.533410498976946,-0.409510807667092,0.749599974202739,-0.995451266102495,1.80319741493742,-1.59610204661938,-0.363083916354483
-0.535434292897413,0.417882439349592,1.08814215404056,0.276585693551634,-0.938411600715888,0.261840001237328,-0.203786005909059,-0.837761910510845,0.544380234467281,0.122755437560813
-0.159497818580631,0.0459795378082372,-0.38021839277834,-1.95612729680357,-1.13087955243509,-2.27128240387271,-0.0338966207782838,1.44115319608706,0.33540396213679,-0.0899364106935096
1.59452072111361,-0.147214945199471,-2.24180620296055,0.264925802376286,0.827564776070799,1.10410838710893,-0.226579621246119,1.06595777792929,0.403936297988447,0.551065559599062
0.814329158031436,-0.921484463422117,-1.10835368828529,0.590040710071026,-0.138724862708707,0.532422564538946,-0.271966553328584,-0.567338966975804,-0.969227148123378,-0.729578857856366
0.453208220320009,-0.25897813258535,-0.485229840987637,-0.173130563742071,-1.36292169954496,1.07884128846295,-0.00801086622688686,1.25954111281669,0.0537143724948499,2.16597128050799
0.269727099725488,0.449453673124371,-0.784342936656228,0.34026659610402,0.221267238162991,-1.52590066813492,-0.216440474513558,-0.738734166308713,-0.59524550896843,0.269633767188298
0.952847253429613,0.194326433691688,-1.65916636541734,0.827110094777472,0.807974076350445,0.694374367320117,-0.668173443771359,0.539639289168191,-0.709924474465232,0.410297008815178
0.813901177323944,-0.663442150390171,0.397082899039959,-1.23748803198645,1.33281250081476,-0.847120796901212,-1.77029501908791,-0.626414182234745,-0.903787534199599,-0.61500682348085
-0.539871371407459,0.319515196503081,-0.454540817863064,0.262924542222476,0.648393504131289,0.323207569251785,-1.68646934395487,2.57911372314218,1.10170395622719,-0.91984129576519
0.279064102009705,0.335836848103264,0.370592581206084,-0.0276942144858351,-1.1611714860523,0.874954542930425,1.28556707558252,-0.418575364709549,1.26227583960113,0.928000839808301
0.108431438554922,1.80502512193346,1.04251780788999,0.908299593654328,-0.257441845326951,1.05641714607423,0.174493705472276,0.320162963016372,-0.539176364505206,1.22923239730958
1.4712585665454,0.794926636845769,-1.66095244456385,1.45600882055851,-0.656316449694904,-0.851265938339855,0.885730021088047,-1.29234007770705,-1.43748646245704,-1.0690873727004
1.17282309446134,-1.16605838874147,-0.533108087179835,0.0348445247345383,-0.418868943374034,1.92669937502269,-0.0622762293278234,-0.0995767205283011,-0.269997543922587,0.348853430633189
0.20617322418539,-1.72338402428849,1.01889369949855,-0.294016542323731,-0.686076530163415,0.870729688971093,-0.0530520492909805,0.395250226866594,0.745497972713376,0.143468638124555
-0.386666602810638,0.57165695630042,0.269843646882762,-1.04219491263264,0.634231531763633,-0.271350547883658,-1.09322234268888,1.31959338342874,1.33529159998743,-0.821959262264464
1.15152955459812,-0.148719996673966,0.431310934913612,-1.22149998353897,-2.53246302326521,0.0937317169317659,0.0242930907587288,-0.224060483894066,0.0232412039255711,0.367929627333458
1.88901650069689,1.16280088556283,-1.28714262867863,0.0747549795236111,0.041105196089203,1.88941745574833,0.844170767104953,-0.407744769800202,1.47909389234408,-2.5599274671472
-0.0639874319726706,-0.309161061659068,0.137923606639005,-1.09688969181224,-0.172203494781617,0.342855072190806,2.05068338292576,-0.247881496616067,0.81640223208722,0.218037672581549
0.0263063057857022,2.17359122327297,-2.17765558530063,-0.979076762575952,-1.19043056384606,-0.164447847028388,0.550623112188636,-0.164915477976486,0.518565133226325,0.349796169337693
-0.0176594837313542,-0.225564402069103,0.673209003360694,1.45561453934348,0.0992842514575379,0.137258049388719,-0.951769230665962,1.2287223219833,-0.297132491414344,0.120479832597317
-0.59389837140792,0.253609652056962,-0.033360289843009,-0.231841636036695,-1.40301744866486,-0.647215061562095,0.0261339908753615,2.60527697371356,-1.3323278879304,0.00202220059863909
-0.136891957638805,0.70702267433734,2.19794421622974,-0.258000894040997,-0.721903615123949,-0.330374354745424,0.579197129218795,-0.0423246516847718,0.509312008333467,0.730882576669804
-0.747151896854169,-0.624276152783801,1.00205909949936,-0.920585495444451,-1.87063529898776,0.689224511676699,-1.77010443398126,-0.897382050646369,-0.258770102055754,-1.77605740821294
-0.675201673437474,-0.132604045468958,-0.203252791509009,-0.266734274196652,1.98110466377508,0.784117915272026,1.28472896986543,1.25228744491416,-0.753071108347472,-0.727553102725704
1.43298161338408,-2.78773821561357,-0.0299232600168961,-1.43997513176474,-1.12585538080551,0.672873026792676,-0.736690148979206,0.363183466579738,-0.00897902612021285,1.51676858061696
-2.55802541702275,1.32471483106352,1.10378848997876,-0.183707028788296,0.537166576758576,-1.02805068816384,0.170793439506613,-0.0847907540894171,0.370390003301303,0.729744331127907
-0.0344786661928275,1.06906773138547,-1.31500243609258,0.576515516369205,-1.25695111644583,0.586058141533265,-0.581837740346852,-0.157230233596796,-2.0505381255656,-1.36995332027266
-0.273179378094193,1.28544441724541,0.352124339646869,1.40883943360153,2.01685285619817,0.834086240330421,-1.43257927523068,-0.403576734359452,-0.941304627065908,-0.303839915417065
-0.0623529125678749,2.10743117485889,0.127628218913465,0.609549975229381,-0.544214323966373,-0.905948709338296,-0.908236367042396,0.332386759240073,1.11491156098706,0.536047533131518
-0.345779580504832,0.888170205367432,-0.845037786805922,-0.103752218612554,0.370681757800011,-0.19801604730551,-0.718639564730388,-1.33813495427846,0.987978085348464,-0.0421585061038902
-0.922557772399793,-0.473643742715745,0.640946748080806,0.631003700372363,-1.57677162964737,2.24217270904682,0.463753006956252,1.28135995259071,-0.461080580393063,0.113290045285405
-1.53013846113748,-1.60959281784946,2.255010809124,-0.389268875614487,-1.6054726744663,1.77656836897311,0.576870887850513,1.15698381435212,-1.10672141678818,0.226807862659054
-1.10116275834681,0.309103726909025,1.3877397352262,0.554702091130325,-0.411512534454783,-0.734392313154814,0.236666287783266,-1.41406074736885,0.914140954388673,-0.206029223001652
-1.92021642678617,0.190561481749491,0.7463514804929,0.393942752414848,-1.0678575621657,-0.336129516870448,0.00566970105305586,1.87249146543597,-0.490013082379,1.86541515736837
-0.314258244085709,1.40753801865939,-0.533694450467241,-2.13134527882723,1.50896295006151,1.79730565207384,-1.5921417719796,-0.317784109611769,-0.863585153125223,-0.508953085604914
1.37483663545712,-0.291957058748388,0.797676309122727,-0.898326178373849,0.22881310378327,-0.260336494317134,0.753090280796739,0.121448965439799,0.473161845979444,-0.460924777332233
-0.752803605152398,1.46729365573321,-0.0144954030059841,-1.36988662793095,1.10134791079787,1.03502653225165,-0.780409986299932,1.195834089202,0.29607206958123,2.27392639188615
0.201072817957369,-2.14035094013919,-0.183707609765372,2.06100942793172,0.566310774094938,1.9900147727943,0.791389802070612,0.634181906788549,0.602221304581934,-0.0279346599306867
-0.509112934451612,1.61673819728095,0.653702427342209,-0.72623595466969,0.866880207805884,-2.51755333006399,1.14823852110244,-0.430655205166101,-0.917528706785045,1.07669326482159
-0.245930939949652,-0.969039147920738,-0.690181037869698,-0.163323605105096,0.550291225006499,0.215837094844174,0.361678979662817,-0.0059529917544109,-0.39301690656336,0.125741675090116
0.821958983435709,0.330054343886523,1.81051078433693,0.266283319877487,-0.193109334518343,-0.481607740712812,-2.59232155948677,0.538063872501349,0.022155566214026,0.161538469369535
-0.567311173529201,1.4757868620656,-0.0560727195924157,-1.01586000374803,0.528210865193601,-0.713338465151858,0.594462166307345,-0.484662318271624,0.426328743062004,-0.22792365626453
0.170760383030102,0.146533841099951,1.12684614374929,-0.642201787684289,-0.373629437658619,-1.44106713811876,-0.294878262477987,-1.36824215653303,-0.416869090638034,0.511739069504639
-0.688524787969199,0.398045171260668,-0.846431845805871,0.417595584994947,0.956610173045715,-1.46491575131531,0.8167273428324,0.0230357433376922,2.75008186772242,0.946318403376271
0.47540742716214,-2.28484255509119,1.23114686197226,-2.30978148304726,0.268997795383747,-0.240243424583012,-0.0970712469150073,-0.57824491985096,0.0939995284611,-1.74349887558164
0.664434705682711,0.4206468510258,0.0176689005916835,1.61829383916367,0.810565608948492,-0.928603313460974,1.89318684309269,-1.39933676594151,-0.276396885949945,0.387422990476416
-0.254808730266286,0.823765747003421,-1.60119816509333,0.454969707832894,0.453547520247305,0.949546937743611,0.686128552342392,-1.19946379483635,-1.10138188492988,-0.152576005307806
0.319713784327191,-0.141278912833486,1.40624723750601,0.902507375654856,1.47440031667863,-1.12726661428307,-0.993132159349627,0.687231088286834,-0.932654950634648,0.750994441060396
0.761597627150528,-1.51043359180735,-0.616609273573934,1.34201595226524,1.73621295665678,0.322020313739037,0.200084908289565,-0.48103772875463,-0.383069206186441,-0.912059851513955
-2.00722873838028,2.60032015350194,-0.523940512680845,1.44479146106163,-0.654644621632836,0.786363559054411,0.219842805632005,-1.46466451126742,2.64830197063974,0.704087491034341
-1.98785916561024,1.32174110270504,0.000678882009837214,-0.440375988618101,-0.745499267542552,-1.17853254348233,-1.40696119975223,1.52348630377025,-2.14239160470594,-0.75822617376115
0.93411404560401,-0.560694621954642,0.0833909801222839,-1.88735503960933,0.210402058996676,1.06698949598684,-1.41436616057765,-0.011841049788088,0.251671889128261,-0.162254088248874
-0.315608789967167,-0.465158003666455,0.126775994434978,0.671496936935754,0.441213748868949,0.767934791504527,0.253838705354069,-1.80228303096386,-1.54502884620794,-1.33192588349701
0.900713907817325,0.503572229272027,-0.21285956458973,-0.214947174761583,0.416176128425403,-0.352536393867383,1.26384462727045,-0.364707574515205,-0.519802544261989,1.3125401507577
0.670607795486851,0.181845748898411,0.559810881261792,1.08320022725034,-1.04028769213408,-0.573502268459254,1.31894501691663,2.39219171026554,0.111880171039318,-0.477907791233424
1.0246367746287,0.356670537332882,-0.04671779440435,0.957219049766657,0.401607773971736,-0.636991263165425,-1.07443690793151,-1.47720893875063,-0.241392930529892,-0.383139460123206
0.327671354579997,-0.703845980804209,-1.14288221827096,-0.491847402108214,0.317146432531494,-0.0715840032973524,0.434568093262442,-0.320166234677132,-0.618185998085419,3.10190812248586
-0.346579309497582,-0.877904516461246,-0.671944108565645,0.494676869346661,2.41123446660816,0.0483992165384333,1.76127612414293,-0.0539982159345601,-1.8239262270185,-0.73163529735182
0.228113414546783,0.399938039802458,0.113198104504585,-0.608795437876157,-0.19885417224476,-0.554715394179528,-0.157709858264304,0.6320328387457,2.04483737043607,0.893675404939413
-1.54904518272155,-1.19981877839607,0.817430936248528,1.81711264813438,0.318847666929447,-2.70799608258968,-0.274222057374289,-0.688840652626564,1.35034780163399,-0.0727638345992271
0.270495143768809,-1.73685205344311,1.00048469791339,2.40774645189092,-1.53617488696331,0.378172783897686,0.868073924368887,-0.522831961241345,0.418196042582853,0.633175163663352
1.51305157633295,-1.08876997492165,-0.652737375936558,-0.972531121440766,0.672550386772117,-1.31320107482044,-0.765612488015744,-0.0822845967633533,1.26398371404113,0.615657764013353
0.101618416434992,1.21874314584396,-1.21147760978517,1.24146984497078,1.00775391470108,0.766694125594319,-0.785013141576367,0.511440385906408,0.84681616063577,-2.04677407690523
0.235104210332932,-0.0129904584740875,1.8506895439384,-1.33135650408265,-0.638411108267678,0.372230758660776,0.466600277856478,-1.36750118025103,0.0131580671551596,-1.19726715924275
-0.10233646773197,-1.45367286947821,-0.830706552643257,-0.0833398184543036,0.199177148392022,0.708735107602743,0.588905293741904,0.413591041455745,-1.2086171355464,-0.133847993930936
0.0933065930210148,0.439526048353706,0.607198594598127,1.17140766008702,0.263518842767462,-0.063879234300213,-0.121806448763594,-0.0130617199694979,-0.326950153622808,-0.59800499345227
0.245197617232193,-0.738917920112761,-0.229408260362529,-0.785133502091805,0.519808894508974,-0.73678253465801,0.472932301399136,-0.41872637285021,0.269580233805423,-0.948833719518988
1.43749882005327,-0.268464068205998,-1.2329554918023,0.103777232545216,0.720163302358208,0.216370185983638,-0.725727524350758,-0.143548192105859,-0.569156640152335,-2.16594632210979
0.462415395131497,-0.126654295537127,-0.0753249283706656,-0.98364028943956,0.376935653334162,-0.746416137309781,-0.879146683652862,2.13885125107885,-0.486686651056722,1.2339446094056
1.15179283443185,1.14065695247043,-0.729491408241273,-0.0541615752732858,-0.238779047555044,-1.28383137645537,-0.169453806927872,0.50614671392878,-0.92500875362823,-1.28024343435924
0.605956336897903,0.474002008323429,-1.71047902406673,-1.89342778741227,-0.796815102553255,2.3455090626991,0.949827364182424,-0.117402855649935,2.05313690535389,-1.95525633419023
-0.879593039203373,-0.120207489835937,0.450078574378486,-0.466995460119417,1.56188427009644,0.13175663986578,-0.462687574245628,-0.12343053238057,0.562585555871011,-0.0660255664460415
-0.576726525974847,-0.95130074600239,-0.538135848302881,0.393625008096041,-1.66601913735126,-1.6904393110504,-0.33796098136413,1.02460823987945,0.923601861513617,0.397844387953226
1.22502221318367,0.857705607692963,-1.12965962250536,-1.2026599928145,1.6678726155354,-0.916697359751489,-0.314542337568891,0.837568221891552,-0.0968566327484483,0.6455878730501
2.45811111845803,-1.04448109509702,2.43275680186099,0.104651603172002,-0.268068443355825,0.546674843644345,-1.13277953638648,0.729115262058738,-0.889582446075988,-0.450984333298301
-0.260701636200184,0.0575166423058496,1.35370658192804,0.167888707108866,1.50792445060038,0.289337254304162,0.347056478247822,-0.288605245170091,-0.208473180866895,1.49234349492429
0.70952222289046,1.86082853592478,0.282243727766497,0.0526374846908866,-1.37391458292746,-0.980832397139631,0.351541461389065,-0.817032820044178,-1.42927754204477,0.528049146987959
-0.510144311441115,0.112280508941236,0.53141758517904,1.41238028986304,1.29521366814283,0.597233574928606,-0.223646810409664,-1.9508858393649,0.225296539230396,0.691825291577327
1.99094014080736,-0.719640281962319,-0.732865631372637,-0.0949858913854874,-0.813587364746403,0.918771553163086,-0.616248431972999,-0.640815079477994,-0.879680881656642,-1.81915224498068
-1.2621214754835,0.132381434297168,-0.530368583958293,0.502403156461895,-0.0902227713607129,-0.15989157323049,0.12004935208467,-0.0290301749607673,0.588506871014493,0.771059678421393
-0.57562164776736,0.198725230651514,-0.235772226823825,0.800581549344388,1.12624730821699,-0.163882228152365,-1.50968622450394,-1.17642221783245,2.32666549860329,0.667390238512461
1.7617067600872,-0.426105607625188,1.18723961600513,-1.03401890523214,-1.15163345410474,0.546242882655616,1.34284354080559,-0.845157089026126,0.240268822671124,-0.101950060558318
0.519675823443927,-0.66522717525142,0.695167253711411,-0.186529477757306,0.713788788900075,0.581155576033004,0.101774790736337,0.357171606065492,-0.501481973189402,-0.431992952646832
-2.07157596658681,0.91846440729786,-1.40493880615359,0.291123280272934,1.45507350267687,-1.2685245917402,-0.109240872940507,-0.0780348869908443,0.748146425793555,-1.32713924284505
0.0529918681796506,-0.775498541823437,-0.179745755328029,-0.184385833457571,0.146016958373436,0.646663983867218,0.00143416389739511,-1.02949642187094,-1.63208900374707,-1.69388710144891
-0.18573541284384,0.390807536007021,0.550307291608892,-0.359565261727667,0.279888441684154,-0.00626640480325903,-0.667561041399706,1.30298074549612,0.847348037959291,-1.81468343651752
-0.0998661132983022,-0.143074347922138,-0.648715360396637,1.29150146383747,0.401094990086021,-0.22269762363929,0.232112502272362,-1.03747603840404,0.613005043348158,-2.42960004573281
0.307774976963132,1.18635618468193,0.700316990617932,-0.839783462170518,0.943817146527044,-0.382314812863769,-1.05658694982665,-1.72927797089368,-2.41511640452623,0.164006495675293
0.728099748800207,-1.23770847119487,0.90451673459421,0.379354253285101,0.266715293260519,-0.578474948647146,0.564909467478053,0.866071819997755,1.11999890418383,-1.15020225884567
-0.076418067604207,2.32220786872246,-0.321924997866759,1.07512549220625,-0.21822747048938,-0.313419675050703,2.51628455004059,0.0697013537941185,0.487386000216054,1.12895745210998
0.590364473034611,-0.279977693498061,0.732759422335018,0.633586015415946,0.19300663474151,0.0552491214943412,0.716388067916532,0.697146862414455,0.604483451516848,0.975604412146919
1.98032918145798,0.145868495153231,-0.063488024010679,-0.630533462470915,0.441903360015188,0.368307923740108,-1.39865984914921,-1.276656678544,0.101334713927516,-0.780063973914407
-0.102047996815513,-0.51754893619382,-0.643846718802771,-0.0110690105349873,0.418501226628563,-0.608163545825523,0.339112880766362,-1.12193505088224,-0.637664502057247,-1.55492283797883
0.024231646541418,0.193544966104528,0.277654540432205,0.650328642290279,-0.0698404193455672,-0.13779274361315,-0.361522611732699,-0.0485230426895796,-1.35382604472829,-0.0839099016643252
0.859627798544863,0.00603218018553252,0.51328080393879,-0.787048745077955,0.970193144737948,-1.14393199673091,0.128739655833539,0.437134351095341,1.84690889595898,-0.248914001830737
1.54359407421532,-0.255414783756601,-1.10017552048991,-0.599419488575324,-0.179696894293238,-0.913773295723354,0.49215167751573,-0.665829577768703,0.158904331586819,-0.0391758193269658
0.146911977328881,0.77566375192951,-0.0928481144931903,-0.824194474479584,0.370661794696811,-0.325736875003192,1.52540674012628,-0.797602722982182,0.170518234471378,0.296416020777917
1.38193247569742,-1.5361090270426,1.59781900460665,-3.2195218750995,-0.284034358572771,1.13622624275068,0.56044631912208,-0.386653011674881,-2.13241212295532,-0.465016996232136
1.41757767039898,-0.921014180789143,-0.354712703766186,-1.5265163573084,-2.44751313093079,1.52334887158226,1.04846668349937,0.0342344892168738,-0.980497304766353,1.3705644073628
0.520876486192801,-1.00436872894279,-0.634245792113734,-0.970095067051411,-0.881493072691795,-1.56592562833819,-0.619706134430461,0.381740399700616,2.22619026074,-0.13671647240889
-0.0455416028389187,-0.967956938918105,-1.26604292724371,0.893012471459366,1.02381410474771,0.852046597567701,0.375774059761391,-0.779690795595987,0.412041872972986,-0.956987526987336
1.81365523802872,-0.647329330734282,-0.974782083192005,0.536027330050385,0.864727630422161,-2.29390052054141,2.36350330954818,1.42265726124314,-2.20023606746845,-0.186224509206215
-1.35473296947241,-1.93721609215105,-1.02689784848026,-0.381379760054327,-0.00901929354314822,-1.36901016979627,-0.290480090415194,-0.647096002050219,1.13903132434386,0.0978844900850342
0.602557319316007,0.292170982090781,-0.436725876541709,-2.55192336720616,-0.47477840248127,-0.50686767654974,-0.738246003475954,1.2762081015144,-0.853453123688108,0.669076254333318
0.055789544073711,1.90454205867986,-1.41608654745161,0.171272958439812,-0.183612506731009,-0.584413513371569,-0.578178729627885,0.553995493634098,0.565769954293884,2.33712988134649
-0.685236784436655,-1.47264745678554,-0.0167780156843388,-0.463450514917901,-0.0865960975349544,-1.74033202424114,1.51816752806658,0.0771394475205699,-1.81964902577864,1.81899114085176
0.641982158071118,-0.494185751072376,0.0218792173642973,-0.735734181797138,-0.849920025548632,-0.689101342629792,0.911049666800082,0.560667481105161,-0.428671332650969,0.628115669261906
0.357683024701072,1.34218730057012,-1.50926063252478,-2.08144059713739,0.916482338096456,-0.758563576986244,0.354588056403168,0.351164827992711,-0.272785792328538,-1.25289779488981
-1.10454932986832,-1.32833603226743,-0.214505967074675,-0.0753150127619502,0.28181918419745,1.00783274405964,-0.374523353810433,0.525932526665529,0.176735134343757,-0.346997292337761
1.3411912852075,-1.34180945303538,0.441559032142746,-0.998922542092622,-1.91067691816157,0.935235025928437,0.264432805109051,-0.206898599450079,0.00841975130437991,0.0855507341339686
-0.75039009232331,-1.69365826132315,-1.29908140365349,-0.559452922989312,-0.662853926225043,1.23350277503709,-0.887965512231378,0.438745771299398,1.03270206931112,0.88980904850456
0.161344251801552,-0.535294794359015,-0.566044835799035,-0.352450401531884,-1.42041948815539,1.60897843177092,-0.62971117396968,0.929632895674556,1.94290798796205,-1.95275338698462
-1.37160460145733,-0.52420390037152,-0.366164016906722,-0.99774483948424,0.282083585117073,0.348061458666582,-0.799570879787609,-0.669974603994557,0.317388092675341,-0.911504350436093
0.119264890899469,-0.608351019582653,-1.56160949949653,0.746668259446815,2.069232242687,0.521828135905693,2.17335764552189,0.416929584138732,0.822325421628973,0.381601581136957
-0.46655244008206,0.409424592971431,1.68340025316167,0.998836339728971,-0.260761677116332,0.360793145007497,0.989986986407468,-0.348586165881322,-2.0648219630097,1.01990349067694
1.2238922290774,0.240373620233831,1.08456337838691,-0.181974095507592,-0.379641086120568,0.190040790337452,-1.44452118080745,1.57210747773008,0.758450912930311,0.374513685821595
0.758000325117857,-1.22081281008064,-0.56913984575699,-0.72472373478002,0.644419745601692,0.391694419416383,-0.108407056927342,0.218336227121826,-1.39679406788647,-0.621418765913691
-0.134081556034872,-0.265645580893598,-1.2417335534623,-1.32378810879545,-0.285416206858032,1.29444359225669,0.610871148765944,-1.2746637089329,1.29426978366745,0.305880014147633
0.201084073078301,1.11462012451215,-1.80063315829854,0.720355516689228,0.323942676387927,1.26809478000557,-1.24689891782264,-0.916365144816327,0.475558426284289,1.53607692455804
0.893818503151348,-0.622888644931406,0.0371230990130348,1.1318580948346,-0.455160675446813,0.429887839449809,-1.76887800620896,1.96918342040699,-0.375113654483747,-0.97383864223131
0.385435505061249,-0.24580210029828,-1.39352843168004,-1.80610435832984,0.264456744436241,-1.23596386035876,0.890150441443099,0.28277871958784,-2.02918888210843,-0.413429552381428
0.25928352591045,-0.0150935566625615,0.948221719942348,0.440274517826663,0.118026393692922,0.304537698966038,2.83288029173139,-0.786577445839788,1.82167062964245,-1.7879951079623
0.533749520522005,-0.386479336016165,-0.95964065941897,-1.33687574647481,-0.0471684413841993,-0.769543140239361,-0.971351289677979,0.932927395108986,-1.79376028717097,-1.06881497936124
0.343451573560112,-0.0368681835764142,-1.35404296361223,0.38651341406059,2.25926205469003,-0.231342637719171,-0.751750004974196,0.656606197871315,1.07593612050168,0.812594463909079
-0.589981269979864,-0.663924305125963,0.172011138865807,0.779691000919089,-1.1119289397298,-1.06115995209822,0.314273269215611,-0.630140655619809,0.487011100445587,0.578257107204714
-1.82609248621429,-0.0915117666640462,0.881393964828853,1.56481134644913,0.362591086981579,1.10365575725385,0.851100892694792,0.742815820193919,0.217427858346457,-0.172356550772274
0.463298949044631,-2.59181879204535,2.08683407971878,0.696913898148503,-0.767743632822275,-0.35456673401614,1.51722423534164,1.01810543895158,-0.147516919473207,0.202286253277076
-0.836415300520718,-1.13538341996412,1.03204738005531,-0.564046309634362,2.23084113148064,0.362726181393857,-0.166936581735748,0.600554491729123,-0.371373843657266,-1.8787904812296
-0.526326737273605,-1.17779917519958,2.16804195345069,-1.5769563483102,-1.91968690568839,0.303326458065616,-0.944435646244784,0.416832143286098,-0.557221089068684,0.668738265193002
-1.46143295349798,0.824040654644626,-2.01589478873549,1.24513986404508,1.65474711251104,0.390871866872512,0.0229949364250638,-1.57158861850171,1.50470954343405,-0.918513326433353
-0.56699581627769,-1.40370288720422,-1.10727183177235,-0.491665955558614,1.30969926980515,0.179707545793532,1.3882402807396,0.62249481131307,0.43987218928748,1.41618085211614
0.221564110040911,0.235404212138262,-0.62759292341781,0.0913396669420801,1.03077892542629,0.586369903136639,-0.817102217459941,0.196970312285165,1.18522855373087,0.488994934340436
-1.45667292925105,-0.930911268343058,1.24150958277687,0.271970169862157,-2.06170590517667,-2.07086548226999,0.552739591718974,1.18629446762355,-0.925725796844758,1.02111914935746
-1.36624085482222,-0.312626030216366,-1.30394134793924,0.5329152840755,-1.0790827887981,1.14702359576025,0.21674645245916,-0.14475056046124,0.62050539119537,0.524962192661
0.309038431309978,-0.856699132932854,-0.463410218693492,1.09651619626843,0.224292204118684,-1.38023346210464,-0.304598411762221,-0.875695334623353,0.85649112342498,-0.0463847970229126
1.00060114762119,0.570318971620506,1.42416659818574,-0.105788807274262,-0.933036967294663,0.450970935027818,1.00239961493075,-1.29428569446301,-0.338756107504687,0.818690603488431
-1.10423615985151,0.246025860535068,0.531162412152967,-1.42803510797078,-0.703701293616726,-1.5845241357633,-0.136056799448337,0.456165769432633,-1.61081366579111,1.75679171157176
1.75934697959906,-1.36688655353396,-0.359792789451349,-1.46160996392941,-0.558616649406679,-2.0139954430642,0.701686333890106,-0.107258342953987,-0.841862372387769,0.447705512111489
0.618865784027175,-1.37482933289762,1.14389647543281,-0.162506846560753,0.114583334903529,0.179174626049121,-0.197508044817657,0.80316446880986,1.03295383852752,0.522740252823928
-0.23272387589398,-0.804911804032213,-1.13669390940651,-1.49097799066631,0.260140585312412,0.289591139782399,-0.811423252521759,-1.28876957005747,1.15906253914714,-0.222277231671785
0.811545059445466,0.468401596272099,-0.417170917522547,-0.452043766530599,1.13267776511325,-0.963316822041696,0.156025938061418,0.397041269098898,0.238473364178105,0.289853682811436
1.39729984179102,-0.0148491619660324,1.09252964391823,-1.84132106704647,-0.482692196466873,0.336553437481101,1.41562761501235,-0.0760331490458615,-0.386791261707934,1.3444518740076
0.582655274224216,0.495630443025135,-0.0934175942900035,-0.796839602942098,1.65670452227597,0.522004942559656,0.663307666891881,0.407563712660444,0.605037948401404,-1.10651299475542
0.274237659543408,0.434400161723578,-0.88054995142344,0.0970677687411308,0.257347728630295,-1.79531333210002,0.970715739299274,0.171005860044616,0.531637292781632,2.12339013895461
-0.394421179010353,-1.20034109548483,1.41167815733002,-0.230635737593305,0.336884562370044,0.170641147572084,-0.343070361871705,0.096568203000604,-0.929847004153874,-0.979666116154166
-0.00242722974893871,-1.02958714150551,0.0213723791308873,-1.14618093246853,0.234960183281796,1.21198503068821,0.824423528789097,-0.0447031367242316,0.308356682476653,-0.375866779600461
-0.366151285431003,0.323084765645655,-0.712358840713928,0.0062462016108403,-0.066288670312598,-0.989274546196634,-0.221282144530607,0.456104676683602,0.192526811354531,0.905413107365035
-0.517576370048373,-0.569092678846739,0.272494357081623,-0.238238654257935,0.693421212412133,-0.661065609180423,0.18013943408652,-1.06037926246395,1.24703241308522,-1.76402105992819
-0.0225588520824372,1.24478233518713,1.9617309385309,0.63636505518299,0.0151951277769137,-0.056456643240318,0.886353385904845,-2.78020243898384,1.45778300281029,-0.797091784576975
0.468725471222518,-1.21558330643607,-0.373304318451864,0.899805873742603,-0.136279558013213,0.14475853125286,0.20471808176938,-0.0314569180735685,-3.45655825267119,0.527287096867438
-1.22125894472359,1.40027736148831,-0.698520849788427,0.0492115115991296,2.484800660613,-0.182944835528545,-0.230511370608279,-0.196437642673692,0.463608439690567,-1.64769458541863
-0.797212014867879,0.274960677464253,-0.436319761750262,0.543882518656431,-1.42982817908665,0.53564638964456,0.28497671526607,-0.477807530222868,1.10595232672448,-0.339740173787117
2.27776316623989,1.50777970300441,1.72622312931174,-0.0292430652386585,-0.366875526065926,-0.0708108290146789,0.736557754210544,-1.73827674230342,-0.428370541023616,-1.57331991293674
0.765994206200892,0.686286179010792,-0.263978266830224,-1.84453602724,2.01984574298258,0.165749720469743,-0.535796712702128,-1.3877909685244,-0.0668195957917367,-0.378693856865583
0.444513105789917,0.790783607160014,-0.46800035125085,-0.770801884322597,-0.753706834376134,-0.0769056828913014,0.61555139507742,-0.485326927673038,0.48017117895562,0.785896397101494
-0.600558363888495,0.706456488453467,0.805490383124692,0.355001879908005,-0.280559712375105,-0.255024162531231,-0.86806481475607,0.29113718046497,0.630435415675891,0.512394254339056
-0.680910717903561,-0.123021154053447,-0.669223714100992,0.143454188350143,0.290666071534617,-0.27594607986648,0.397062259648705,-0.806896784075261,0.8876685708392,0.42078581109015
-0.770788938161487,-0.433564529903927,-0.466816463409555,0.0144155005808709,-0.421681197890419,3.77036101049632,-0.771839186677676,0.0244386842254706,-1.14911487487923,0.892769379991042
-1.73148611103094,-0.792361649440992,-0.503599995897866,-0.703589755849859,0.44158465856491,0.0869407805481249,0.597333114527906,0.30512837604793,0.823386406938499,-0.415572432149149
-0.419146167783708,1.67595390036559,-0.235054876534246,0.778791979063403,-0.453561933715143,-0.178305105638735,-0.952878760099927,-0.985325920702966,-0.856912015631656,0.841720116736815
-1.01391752681055,-0.786976806300961,0.684635632887642,1.29837459191716,-0.922972665356145,0.28451371923925,0.876235066113649,1.53524733158765,0.55209567200584,0.901362238663443
1.01768521320354,-0.339440796299003,-0.122464669405647,-0.424664849014924,0.0848349977683388,-0.306083986890892,-1.33756213377987,0.607083723129162,-0.0345925281845515,-0.746839371693651
0.762832962709796,-2.12734361152574,-0.257475918974011,-1.1472484622047,0.820080918714985,1.00229251447041,0.221117311112202,-0.66203942012251,1.18375287102987,-0.542784205517504
-2.62896299879574,1.95646043516989,1.3497182661401,-1.74373505905764,-0.097352901655239,-1.26427849271945,0.1389983456389,-0.962208199836541,1.42574649798812,0.139668804374876
-0.424324107894734,0.0421480680364031,-0.565932356471347,0.602279556900291,-1.28735241860486,-0.971907449688697,0.329614712082204,-0.577190915489974,0.714984622714185,-0.443861739126265
-0.63144278708104,-0.223660937229256,-0.475657096825457,1.01014837642802,0.0520632804357451,1.48023177265067,1.27188894771625,0.701547022302262,0.928498802420924,0.690132341999992
3.34339891033015,-0.361529126802498,0.0699221451240009,-2.75036677866601,0.578837185085573,-1.20779348782336,0.738041091197356,0.441150756066072,-0.0375575584783188,-0.736211799109862
-0.306863485094599,0.792174918131465,-0.77441518815979,0.580339892781394,-1.18994481002207,0.347358134884978,0.168495984703425,1.4143144944864,-1.34360407531463,0.689295973606189
0.358538900007383,0.117669038450407,-0.545851308524946,1.17642671745848,0.906398402754617,-0.88431284762229,0.947538548478121,-1.23187713633759,0.968134373276656,-1.28637409185994
-0.187770923115628,-0.0266224101986943,1.20692467842558,-1.36154168483668,-0.695300005853056,-1.05535348855041,0.0368545668063928,0.923481704864698,1.85931953648478,-0.356744880751286
-0.0575936973828926,0.964538771007619,0.299543598830988,-0.386807046234041,-0.621213829535245,1.44176627260932,1.79320422991432,-0.722024064972253,-0.0656012577549138,-1.29353991911635
2.13746158604055,-0.435969445090898,-0.27040104469841,-0.827580849979994,-0.204650325037367,2.27196839253611,0.17993571819538,-1.14167736185893,0.756805974010351,-0.924376809527696
1.56631054239956,0.374659540206335,-1.42824969827219,-0.111305064931624,-0.0826691240093251,-0.56765342357329,-0.469140125708427,-0.61450180911262,0.27228553993674,-2.66865195525013
0.885640204167566,0.479138671211335,-1.51410911841433,-1.47075664106376,0.168004534584458,-0.307498707513734,0.355298250486364,-0.690047323280394,0.223917030772539,-0.99990685535238
0.248690761788303,-1.02251480131051,1.394886439512,0.471014858190071,-0.636881618763609,1.0952120220907,1.07231354970318,0.836968822985787,0.191684840875934,-1.27877572953932
-0.890911327444616,-0.344818931898467,-0.873885204727075,0.886401317833501,1.19866773820422,1.3040000426032,0.100095297439511,-0.251847421299759,0.257043636931041,-0.258378997956105
-0.0874786807308849,0.233090510266466,-0.202164896802885,-1.38158292845396,-0.632718932798187,0.490400486665944,0.327760055123316,-2.14939571024219,-1.67400725333548,-1.40651739724996
0.864648444373471,1.20308719121467,-0.68013345279,0.277804006599265,0.362773463332703,-0.621514910077535,0.52233288814369,0.696527675600371,-1.06149616891781,-0.821298895864187
-0.581807563938634,0.3036000349685,0.34792233889097,-0.314623264158044,0.313975423318866,-0.545085190835762,-0.295115673984824,1.39261255421425,-0.911750552958784,-0.374298833771804
-0.671248187256043,-0.588996189565888,0.404847576485602,0.82186135837887,-1.04817723507538,-0.960680725049872,-0.545065882393687,1.60503443470278,0.758180783717401,0.995502504653919
0.287404435823927,0.229832479000133,0.0709939676287454,-0.511588060787855,-0.855386773827337,0.642077087815455,0.107840866472587,-0.338256654603774,-0.401496861928247,0.961347822345241
-0.197919563532654,-0.516407755957614,-1.11850035142161,0.570684252271338,0.227187345128167,-0.26128319377861,-0.635822312580784,0.536879150935781,1.20367838627619,-1.51224988867054
-0.958399146292338,-0.0999079010129673,1.19919578695183,0.723589683902856,-1.6378060958899,-0.898116614772726,0.38295726719776,0.313176381372672,-0.769356390084348,0.549300860662036
-2.00667044658599,0.477054824313968,-1.22798281197946,0.503143044925925,-0.0389959139031093,0.235559712232716,0.198708872357442,0.550550367038138,0.122693641210089,0.696235600703762
0.403590610433911,-0.27987544944775,-0.368135506471025,-0.27236717444422,-1.14196497109842,0.49326512434169,-0.223365412430989,0.927996941106556,-0.410482211301594,0.132937458749617
0.300233531986784,0.790437073684079,0.0447983752779253,-0.162226919961631,-1.50199670402812,-0.253744720113644,-0.634939160131832,0.258856617816206,1.46248421029401,-1.39236436600298
-0.84498102034542,-0.250212823954653,1.16755081801597,-0.82268730087364,-1.27054384158438,0.941837013158947,-0.156699632282837,0.86399180668433,0.0467194050934701,-0.680844815584021
-2.21340863766051,-0.597654118637243,-0.5637295310092,1.73149284316717,1.76036326933702,0.00110270566561609,-0.994432606962527,-0.190482140976971,-0.723819944919792,1.56904408352875
0.615656294605465,-0.544020152281651,-0.305424284804621,1.87118187247099,1.9830907116803,1.11414464980201,-0.549084341691318,0.419070443035302,-1.24813298248594,2.31169402839379
0.143742956024209,-1.05935982569251,0.208240988070504,-0.954931082546654,-0.626861348912294,2.53512691103141,0.221995231505649,0.0408538789141506,-0.270846696969486,-0.245541125181904
-0.911921415518797,1.07819669001139,0.344162283245808,-0.364427899990609,0.340469347640578,0.138425274794483,0.297434585784941,-1.19366910523842,0.402332149576142,0.303210085417264
0.503452166784228,-0.21142841007594,-1.5970408421713,0.523106198613204,-0.408945839199723,-1.28302311234441,-0.90339009767023,1.44776539728647,-0.0411882375834682,0.769049900551768
1.69382725207348,-0.466765798116394,-0.638010946508501,-1.30837039723831,-0.679536462209418,0.77268146049008,0.591688219162939,-0.291357984893756,-0.196347664913333,-1.93714171833476
2.89447115188944,-0.688261606526369,0.0864686041836996,1.38661212557198,-0.145525926507376,-1.42247694490931,0.239545098328286,-1.20183921872495,-1.54920245161955,-1.42016686530637
1.0150184815265,-0.801920574404464,-0.167656687713702,0.197100565507406,0.748117995586651,0.789129321526211,-0.335541420621336,0.79472925297996,-0.948371302361006,-1.66778296985238
-0.390812840621516,-0.454579977404273,0.224682353978858,0.509669069462449,-1.92172760034233,0.00909986905567116,-0.151414483638327,1.47110669879442,0.963680795999165,-1.29456340204418
-1.08402888039694,0.636327251664103,0.35105271530957,-0.968489999908581,1.23894880953357,0.120929537009854,0.448748734238693,-0.609350221034745,-0.173412653232207,1.33518233635058
-0.771864585241547,-1.01212924723794,0.262605913658562,-0.796305621659264,0.00114539095177641,1.50118955764968,0.97533210899598,-0.174356053449837,0.190031132253497,-0.47309339184285
0.837834924459425,0.892743366703972,0.545054589680965,1.04563784996748,-2.71027074592159,0.497956900818071,0.260656699292133,0.140128131209812,-0.827868002817772,0.789137240069454
0.429100730725664,-1.6064104980068,-0.501339616001572,0.579753343384548,1.94844966257678,-0.486067338977361,-0.143817153736669,0.829709243990357,0.236526939497675,-1.80039070080813
1.12638527125625,-0.104539930665746,0.937517586418496,-0.328882504142754,-1.48706057175647,0.285621625390864,0.918648733208459,-0.338423662157831,-0.166093056917079,0.282426196995758
0.146274315036112,-0.241421723472207,-1.15429463960974,0.293289323309483,-0.58629433127029,-0.593993495280526,-0.205568542052826,-0.60634076830184,-1.42656063702879,0.0899080978376046
-0.86155055632792,1.33831973283243,-2.17914762871841,0.496219209255607,-0.920836510481653,-1.15677346897854,0.83593611886595,1.9072639423962,3.40555200849797,1.47114110202409
-1.08570077933857,0.89031212345564,-0.609418998575566,-1.0140423213672,-0.312250686348924,-1.11201357143418,-1.17133538128768,0.607098878315365,-0.361422765635744,0.918512055628348
-0.338717712573588,-1.44674970023239,-1.41283302631432,1.11620238012642,-0.660219458916046,1.14177198043639,-0.156199457139241,0.917046096640955,-0.283153643697463,1.18316361501956
-0.0945607980018463,-0.723121408251875,-1.37124893248782,0.386201662195496,1.70879808356242,0.30942174123801,-1.35819770584982,0.139798130678101,-0.232277383223708,-0.765851378267044
-0.0727716300010721,0.108052373718792,0.614698466313169,1.36632230142971,-1.29133788007824,0.42712796170529,0.139623856541584,-0.181944358683631,-0.506870082328996,-0.633847263638138
-0.893690938403785,-1.68786977904053,0.870309564616906,-0.594081364769668,0.142138977494163,1.07379049422872,0.511414120177738,0.363668933005116,1.90089111092325,1.40234644002966
0.559379835903327,1.82091359459837,-0.904158282673215,-0.233579699334929,1.76899290747782,-2.10646717979631,0.100740420177234,0.135289934231436,0.293280091742533,0.536905050396994
-1.67851225139865,1.11948510351147,2.17497689396568,0.961022211269655,0.433917862817438,-0.305834135501285,1.47454739860518,0.69782515669752,-1.45417862263064,-1.09571401386816
0.0316115662588922,2.18744678445473,-1.10729149887304,-0.423489408875386,0.540263087529064,0.646794301582465,-0.498176251113136,-0.161112961496228,0.301408661039043,-0.150304097831999
-0.361315551480308,0.178095282842979,-0.731599202444016,0.660927452653048,-1.09889546704603,0.229715219964542,1.11883000050789,-0.703643172823874,-1.00937380890969,1.70576454513143
1.22995975600798,1.23702739736569,-0.529453628832341,-0.266701697700689,-0.120546221606807,0.843324262046997,-0.746924552205277,-1.82635255212305,-0.162854353891131,-0.124133865618588
-1.57389688492917,-0.233159233378919,-1.30954831646571,1.44074452341707,1.04681508280306,-0.636960045927823,-0.159394914445047,0.911916952097689,-1.74613388520212,1.06621102483907
-1.01486876588371,0.969070293114716,0.932288822815228,0.841276039518039,-1.26831218806802,-2.00880304667717,1.36454924296339,-1.03041502798706,-0.0885847392536903,0.346530947572631
1.56753551192956,-0.40485819216115,1.1538894106004,-0.927293122947839,0.348437875303682,-0.0536020813552342,-0.434819485699765,-0.079902772858856,-1.49614443937637,0.453639405198253
1.36096422360818,-1.71113454025001,-0.646613878486488,-0.654526494873357,0.958049867826063,1.96136066492006,0.766375946130039,1.3181610497983,-0.173430899953134,-1.38457679129444
1.17260581993007,-0.403957434960464,-0.776275636069985,1.95702949999208,0.917879438497646,0.952000087056032,-0.204355501319117,0.53145546887186,-1.41289511888771,-0.791469761863479
1.14166159426266,-2.3154043471596,0.798036255531452,-0.849851911735977,-2.0244838740427,2.13304673897803,0.745043545362648,0.267506959401617,1.36198148218158,1.12724702894889
-0.418440376686034,2.26728293700296,-2.38275935135566,-2.6497459171317,1.00052068414838,0.909273098883454,0.344229861688152,-0.151183762663708,-0.918521182587308,1.79497026581208
1.0067459781307,-0.327964026413572,-1.02809573814168,1.33751234148045,1.33469056777387,-2.00555547936712,-0.73093562974404,0.984042071029184,1.26784016412847,1.55679533552973
1.37794971317109,2.58449104008844,1.1909884515861,0.67136841232296,1.66695640306366,-0.137373249679938,2.1829301859653,-1.89932462903393,-0.678358007822067,-0.279846036781691
-0.502205740006103,0.888590597090926,0.692657482875964,0.44095193549725,1.24185139795787,0.534553053661402,1.06223089274081,-1.01649913621297,0.256071829448551,0.107076279194266
-0.317144571757574,2.53042700119628,0.47251207893763,-0.645833084804362,-2.72701671677143,-1.68071055255926,-0.169072450776189,0.991991769902613,-0.930734055193965,0.271045529199604
-0.254148461334752,0.534829572203544,-0.345075818307283,-1.93706491617256,1.22434933444115,0.467566354113568,-0.606561115620182,0.388010426216116,-0.676504643761136,-0.138125493125647
0.00316978222207952,0.673987761470623,0.810365869327889,-0.0381879646046521,0.256150996779999,-1.06068464236943,0.826353241756089,0.634429522400547,-0.0959768517676254,-0.0746802069146924
